{"type":"FeatureCollection","features":[{"type":"Feature","id":1,"geometry":{"type":"Polygon","coordinates":[[[-54.96599983520417,-17.615387556900465],[-54.967031399999875,-17.61559239945515],[-54.96759039999995,-17.617232099455045],[-54.9673924999999,-17.618634699454955],[-54.967360699999915,-17.618860299454965],[-54.96645169999987,-17.620804499454945],[-54.966390799999886,-17.620934799454794],[-54.967247199999974,-17.620926399454895],[-54.96754250000004,-17.620923499454925],[-54.967923199999916,-17.620919799454946],[-54.970254799999964,-17.620896899454856],[-54.970348299999955,-17.620745099454894],[-54.97103019999998,-17.619637299454926],[-54.97146859999992,-17.619699899454957],[-54.97311419999994,-17.619935099454967],[-54.97313409999998,-17.61976729945493],[-54.9733394999999,-17.61803589945499],[-54.97340669999994,-17.617964999454976],[-54.97406339999993,-17.61727139945501],[-54.97427549999992,-17.617047399455014],[-54.974481899999944,-17.61731849945497],[-54.97486579999992,-17.61782269945504],[-54.97511159999988,-17.61814549945503],[-54.9754721999999,-17.621521799454946],[-54.97552279999991,-17.621995999454917],[-54.9755282999999,-17.622047199454894],[-54.975630699999954,-17.62210449945492],[-54.9759112999999,-17.62226159945483],[-54.97703009999992,-17.62288799945486],[-54.97718059999994,-17.623088299454814],[-54.977980499999944,-17.62415199945487],[-54.97885679999991,-17.62531749945486],[-54.97889119999991,-17.62536329945481],[-54.979261399999984,-17.62544929945482],[-54.98010829999998,-17.625646299454772],[-54.98013959999997,-17.625435399454815],[-54.98020809999998,-17.624972899454743],[-54.98031829999985,-17.624229899454825],[-54.98039819999997,-17.62369109945488],[-54.980416499999876,-17.623567799454797],[-54.98051339999989,-17.62369209945488],[-54.98182579999997,-17.62537449945483],[-54.98185329999996,-17.625409799454747],[-54.98219179999996,-17.62584369945475],[-54.982197499999984,-17.62690189945477],[-54.9821983999999,-17.627054299454695],[-54.98212019999988,-17.62723689945477],[-54.98147349999988,-17.628747299454645],[-54.98270859999992,-17.629200299454737],[-54.983002099999965,-17.629307999454678],[-54.98295869999992,-17.62902539945465],[-54.9828351999999,-17.62822209945474],[-54.982533299999886,-17.626257599454803],[-54.983588099999956,-17.625302899454763],[-54.984609899999946,-17.624378099454834],[-54.984943099999896,-17.62407649945484],[-54.985167799999886,-17.624486499454765],[-54.98578859999993,-17.625618999454826],[-54.986694999999884,-17.627272699454746],[-54.98684679999991,-17.627549699454725],[-54.986894199999945,-17.627636199454667],[-54.98719959999988,-17.627686399454753],[-54.98722979999991,-17.627691399454747],[-54.98812029999988,-17.62783779945475],[-54.98814879999992,-17.627933099454744],[-54.98818069999998,-17.628039399454707],[-54.98866639999995,-17.62965999945458],[-54.987702099999986,-17.630641499454683],[-54.987824099999955,-17.630838899454677],[-54.988413099999946,-17.63179219945464],[-54.989166199999886,-17.633010999454616],[-54.99021019999992,-17.63324849945463],[-54.99058999999993,-17.633334899454614],[-54.99086439999991,-17.633397299454604],[-54.99231939999993,-17.63307639945464],[-54.99278449999998,-17.63297389945457],[-54.9939743999999,-17.63516229945447],[-54.993557299999964,-17.636430099454376],[-54.99277989999991,-17.636418399454474],[-54.99235479999993,-17.63641189945449],[-54.992256699999984,-17.63641049945452],[-54.990929599999966,-17.63698299945449],[-54.990837099999965,-17.63702289945459],[-54.990891399999896,-17.637097799454423],[-54.9917845999999,-17.63833089945448],[-54.991834099999835,-17.63839919945444],[-54.99439599999988,-17.63816049945449],[-54.99576479999996,-17.638420599454417],[-54.995808999999895,-17.638428999454426],[-54.99592419999993,-17.63845089945447],[-54.99603109999998,-17.63825649945447],[-54.996207700000014,-17.63793519945442],[-54.997518499999956,-17.63555079945456],[-54.99775289999991,-17.63512429945457],[-54.998834399999964,-17.63519119945449],[-54.99953459999995,-17.63523449945451],[-54.99986289999998,-17.636186799454418],[-55.00000379999989,-17.636595399454535],[-55.00077519999996,-17.636344799454527],[-55.00155499999988,-17.636091499454537],[-55.0026433999999,-17.63506509945445],[-55.00311839999995,-17.63488589945446],[-55.0049067,-17.634211199454608],[-55.005971299999885,-17.633809599454583],[-55.006021899999894,-17.63346679945459],[-55.00613959999998,-17.632668399454605],[-55.006199299999935,-17.63226359945461],[-55.007050699999986,-17.63260079945464],[-55.007882600000016,-17.632930299454603],[-55.00800309999988,-17.632977999454642],[-55.00808319999992,-17.63173189945461],[-55.00813679999994,-17.63089809945469],[-55.008142699999894,-17.630806399454645],[-55.00976889999998,-17.630233599454666],[-55.00977729999988,-17.6302306994547],[-55.01071819999993,-17.62937229945458],[-55.0107531999999,-17.629340299454665],[-55.01081699999992,-17.62946329945464],[-55.010869999999954,-17.629565599454676],[-55.01150919999992,-17.630798699454623],[-55.01166869999997,-17.631106399454676],[-55.01119469999992,-17.63246479945465],[-55.01126559999989,-17.63411159945455],[-55.011281299999894,-17.634477199454494],[-55.01306169999992,-17.63454209945454],[-55.013154899999904,-17.6342958994545],[-55.0135370999999,-17.63328499945453],[-55.013795199999954,-17.63260239945461],[-55.01402369999994,-17.63199799945458],[-55.014085099999875,-17.63183569945469],[-55.014634599999965,-17.632307999454646],[-55.01541919999994,-17.632982499454567],[-55.01594339999997,-17.632229899454597],[-55.0161763999999,-17.63189539945465],[-55.01618339999993,-17.631789199454644],[-55.01631379999998,-17.629821299454687],[-55.01631459999993,-17.62981049945459],[-55.01634129999997,-17.629826299454564],[-55.01757669999995,-17.630558699454657],[-55.01761079999989,-17.630578899454655],[-55.01823549999989,-17.632035399454573],[-55.018419499999936,-17.63246429945454],[-55.018422399999906,-17.632470999454622],[-55.01840079999989,-17.632514099454646],[-55.01717369999989,-17.634970899454473],[-55.01895279999991,-17.636318599454547],[-55.020541499999915,-17.63571259945456],[-55.02293979999996,-17.634797599454515],[-55.023033799999894,-17.63476169945456],[-55.023023499999965,-17.634829799454533],[-55.022753099999875,-17.636615199454496],[-55.02277059999989,-17.636690199454478],[-55.02306109999995,-17.63793259945447],[-55.024654599999906,-17.636937699454524],[-55.02469199999996,-17.636914399454465],[-55.02511859999993,-17.63664809945445],[-55.02542129999989,-17.636595899454477],[-55.02700989999988,-17.636321999454513],[-55.030744199999894,-17.638818099454365],[-55.0309137999999,-17.6389314994544],[-55.032056399999995,-17.640502899454347],[-55.03326769999995,-17.63960259945441],[-55.0333991999999,-17.63950479945442],[-55.03346249999993,-17.638253799454485],[-55.033466499999975,-17.6381761994545],[-55.033473800000024,-17.638031899454454],[-55.0336481999999,-17.63811009945441],[-55.03393919999991,-17.638240599454466],[-55.03480779999995,-17.638630199454468],[-55.036561599999914,-17.638811599454435],[-55.03825399999988,-17.638304899454436],[-55.038359199999945,-17.638327199454455],[-55.03985949999992,-17.63864479945439],[-55.04132159999995,-17.638954399454427],[-55.041940599999975,-17.639085499454463],[-55.04299979999991,-17.63930969945444],[-55.04310079999988,-17.63914179945438],[-55.04401569999994,-17.637619699454426],[-55.044754699999885,-17.636390599454472],[-55.04556089999988,-17.637633399454497],[-55.04696169999988,-17.639792599454324],[-55.04731229999993,-17.640332999454458],[-55.04912929999988,-17.639938599454396],[-55.0503316999999,-17.63967749945431],[-55.05114289999989,-17.639501399454392],[-55.05270069999989,-17.638536399454416],[-55.055200399999876,-17.63863959945442],[-55.0552009999999,-17.640060899454387],[-55.055201899999986,-17.642127599454394],[-55.056332099999906,-17.642359799454415],[-55.05647469999997,-17.64238909945435],[-55.05653209999991,-17.64225269945444],[-55.05709269999995,-17.640919799454387],[-55.05722759999992,-17.6405989994544],[-55.057319899999925,-17.6405334994544],[-55.05858839999996,-17.639632299454377],[-55.058871899999986,-17.639590199454354],[-55.05897139999996,-17.6395754994544],[-55.06069649999995,-17.639319399454465],[-55.06250329999989,-17.639051199454364],[-55.06266029999989,-17.640144399454293],[-55.06270179999996,-17.64043319945436],[-55.0636745999999,-17.64220379945435],[-55.06381529999982,-17.642459899454238],[-55.06708639999994,-17.63927119945443],[-55.06699769999989,-17.639087799454465],[-55.06647679999992,-17.638009799454483],[-55.066657899999825,-17.637265199454436],[-55.066780399999914,-17.636761399454507],[-55.06925889999991,-17.6369448994545],[-55.07058769999992,-17.635707799454554],[-55.07067309999996,-17.635628199454395],[-55.07048519999996,-17.634431999454566],[-55.070363699999916,-17.633658699454536],[-55.07264819999994,-17.631632599454576],[-55.07657859999989,-17.630666999454625],[-55.0766324999999,-17.63065379945461],[-55.077194899999824,-17.630515599454633],[-55.07883689999994,-17.631544599454568],[-55.07962979999985,-17.63292859945456],[-55.07995189999986,-17.633490799454535],[-55.08195959999989,-17.632519499454553],[-55.082700099999954,-17.632161199454604],[-55.08506999999992,-17.631014799454654],[-55.08528029999991,-17.630912999454566],[-55.08687249999996,-17.630142699454694],[-55.087086199999874,-17.6300392994547],[-55.087293399999965,-17.629939099454564],[-55.08733719999992,-17.6299178994547],[-55.087380899999914,-17.63002609945463],[-55.08744119999994,-17.630175499454683],[-55.08779509999987,-17.631052399454642],[-55.08794839999996,-17.63143229945472],[-55.08794969999991,-17.632691699454618],[-55.08794999999992,-17.632950899454627],[-55.089733299999864,-17.63437999945453],[-55.090145099999916,-17.634709899454574],[-55.09119689999989,-17.635552799454555],[-55.092704299999916,-17.635889099454392],[-55.0933662999999,-17.636036799454523],[-55.0935993999999,-17.635737199454518],[-55.09432179999994,-17.63480889945449],[-55.09488209999989,-17.634088899454504],[-55.095836799999915,-17.632862099454552],[-55.09750379999991,-17.63177679945458],[-55.097164099999986,-17.630020599454642],[-55.096938199999954,-17.62885229945472],[-55.09670419999992,-17.627641899454698],[-55.09762959999995,-17.62758909945477],[-55.09842229999998,-17.62754379945476],[-55.09848429999988,-17.62764599945477],[-55.099114699999916,-17.62868609945476],[-55.10043329999985,-17.630861299454647],[-55.10058299999997,-17.63110829945464],[-55.1007613999999,-17.630981499454613],[-55.10216319999989,-17.62998489945468],[-55.104308799999956,-17.62845949945473],[-55.10439349999996,-17.628463399454706],[-55.10591549999992,-17.628532099454695],[-55.10777380000002,-17.628615999454748],[-55.1087576999999,-17.628660399454656],[-55.110839099999914,-17.630710699454728],[-55.111364799999876,-17.63122859945463],[-55.111401499999886,-17.63182189945466],[-55.1115635999999,-17.634444499454535],[-55.111978799999974,-17.635211999454505],[-55.112611999999956,-17.63638269945452],[-55.113189899999895,-17.639804399454412],[-55.113474299999886,-17.64148859945438],[-55.11372589999997,-17.64297899945436],[-55.11389209999993,-17.64396309945431],[-55.11464239999992,-17.644906499454276],[-55.11481839999993,-17.64477139945431],[-55.11580739999994,-17.644012299454285],[-55.11608779999989,-17.643797099454353],[-55.11632569999995,-17.644595799454216],[-55.11663429999999,-17.645631599454315],[-55.11673259999992,-17.64596159945421],[-55.11656119999998,-17.647209199454235],[-55.118087499999945,-17.648833899454115],[-55.119230699999946,-17.64876029945417],[-55.12161169999996,-17.648606999454206],[-55.12238479999996,-17.648888899454143],[-55.123444099999965,-17.64927499945409],[-55.123500899999954,-17.649349399454167],[-55.12475529999988,-17.650992999454086],[-55.12483419999995,-17.651047599454085],[-55.127255999999875,-17.652722299454062],[-55.12745849999993,-17.652597899454065],[-55.12964719999991,-17.65125419945414],[-55.13106309999995,-17.651472799454012],[-55.13313329999988,-17.651031199454145],[-55.13356959999992,-17.650938199454103],[-55.136415999999876,-17.650331099454153],[-55.13708750000001,-17.650187799454105],[-55.13738869999992,-17.64981619945413],[-55.138412899999935,-17.648552499454116],[-55.13899639999988,-17.647832499454193],[-55.13968629999994,-17.64698109945417],[-55.14038859999994,-17.646114399454177],[-55.14233319999994,-17.64600159945417],[-55.14295099999998,-17.64596579945425],[-55.143165699999884,-17.645546499454277],[-55.143637999999896,-17.644623899454174],[-55.14286509999988,-17.642100599454345],[-55.142003299999885,-17.639287099454425],[-55.142901299999956,-17.639752599454365],[-55.14570399999991,-17.641205499454387],[-55.14875679999995,-17.642788099454364],[-55.1489552999999,-17.642890999454355],[-55.151559199999895,-17.642960099454374],[-55.15411759999995,-17.643027999454343],[-55.15691789999988,-17.64247689945431],[-55.1602165999999,-17.641827799454347],[-55.16029279999998,-17.641836899454283],[-55.163064799999916,-17.642170499454366],[-55.1629754999999,-17.641505799454375],[-55.162806499999874,-17.640246899454436],[-55.16280859999994,-17.64023969945434],[-55.163419699999906,-17.63812239945445],[-55.16348039999991,-17.63791219945449],[-55.16381849999994,-17.637841999454444],[-55.16499919999984,-17.63759649945451],[-55.166473099999905,-17.637290199454483],[-55.16800929999994,-17.639048999454428],[-55.168200899999874,-17.639268299454454],[-55.170576899999844,-17.64080989945447],[-55.17061399999989,-17.64083399945437],[-55.17067999999995,-17.64066869945438],[-55.170726599999966,-17.64055179945442],[-55.17095949999998,-17.63996819945435],[-55.17172679999988,-17.638044999454433],[-55.17098099999998,-17.637170599454414],[-55.170169599999895,-17.636219499454548],[-55.16681129999995,-17.6342076994545],[-55.16850449999998,-17.63359959945455],[-55.16865269999988,-17.633671399454546],[-55.173306699999955,-17.635928899454477],[-55.174255999999964,-17.635534299454548],[-55.175729499999925,-17.634921699454548],[-55.17644689999997,-17.633804399454604],[-55.17545409999996,-17.632478799454557],[-55.17407049999997,-17.630631499454655],[-55.17781259999999,-17.62774459945477],[-55.17896139999994,-17.627172899454646],[-55.17983389999989,-17.626738799454817],[-55.18108549999989,-17.62518739945483],[-55.18095249999988,-17.62447849945478],[-55.18077069999987,-17.62350999945492],[-55.180712599999936,-17.62320039945489],[-55.18086219999998,-17.623236499454823],[-55.182283199999965,-17.623579099454822],[-55.18299259999992,-17.62375019945487],[-55.184923699999956,-17.62421579945484],[-55.18482469999992,-17.623791099454788],[-55.18437319999987,-17.62185499945488],[-55.18389519999994,-17.619805399454968],[-55.185973099999906,-17.62038699945493],[-55.18600409999987,-17.620395699454953],[-55.18667239999996,-17.620582799454894],[-55.18699059999988,-17.620989799454886],[-55.18867639999991,-17.62314629945484],[-55.18968069999988,-17.625255699454783],[-55.19043379999994,-17.626837699454832],[-55.19089309999993,-17.627802499454763],[-55.19225479999989,-17.62824589945475],[-55.19358749999992,-17.62771389945463],[-55.19364999999988,-17.62745079945471],[-55.1938103999999,-17.62677579945473],[-55.194174299999986,-17.625244099454775],[-55.194226899999826,-17.62291059945489],[-55.194283699999914,-17.620392399454953],[-55.19523769999995,-17.619050799455003],[-55.195477799999935,-17.618712999454935],[-55.19676969999989,-17.618220999454945],[-55.19983799999994,-17.617052299454986],[-55.20349979999991,-17.61794239945501],[-55.20386929999995,-17.616762899455072],[-55.204192999999925,-17.615729599455126],[-55.20481009999992,-17.613759999455073],[-55.2057587999999,-17.614215599455132],[-55.206389699999875,-17.614518599455153],[-55.208950299999906,-17.615748299455074],[-55.210320899999886,-17.615780799455106],[-55.21439919999989,-17.615877499455074],[-55.21894789999994,-17.617069899455014],[-55.22149969999999,-17.617099299455088],[-55.22178699999995,-17.61667389945506],[-55.22243339999995,-17.61571659945499],[-55.223734699999966,-17.613789399455033],[-55.22527989999992,-17.611501199455198],[-55.225409099999865,-17.610780299455183],[-55.22567039999989,-17.609322499455192],[-55.223954999999876,-17.609243699455273],[-55.22144759999992,-17.611731799455207],[-55.22106519999989,-17.611981299455245],[-55.21913889999996,-17.61323839945513],[-55.218054099999904,-17.612569199455198],[-55.217861599999935,-17.61245039945504],[-55.21717139999993,-17.610693099455077],[-55.21789289999999,-17.6083282994553],[-55.21814029999991,-17.607517199455298],[-55.21960619999999,-17.606408399455333],[-55.221141099999954,-17.605247499455306],[-55.222691599999905,-17.60407469945539],[-55.22502940000004,-17.6023063994554],[-55.22636699999998,-17.601007199455484],[-55.22661749999992,-17.600378899455478],[-55.227030399999876,-17.599343199455518],[-55.22722959999993,-17.598843699455433],[-55.227822799999906,-17.600523099455504],[-55.228143099999954,-17.601429799455456],[-55.22951069999994,-17.600400499455507],[-55.229734599999915,-17.599952299455477],[-55.229813799999874,-17.599793699455514],[-55.231919199999936,-17.595578699455643],[-55.232635699999896,-17.595645499455593],[-55.233916799999975,-17.595764899455613],[-55.234532599999966,-17.597648199455588],[-55.236336399999914,-17.596084699455606],[-55.236609999999985,-17.595847499455594],[-55.236662299999985,-17.59599019945555],[-55.2371485999999,-17.597317499455595],[-55.23714809999984,-17.59973759945546],[-55.23822789999992,-17.60086099945547],[-55.240009899999905,-17.59967449945549],[-55.24131139999997,-17.595448499455642],[-55.24333769999993,-17.594306599455674],[-55.24322589999991,-17.59876809945555],[-55.242201699999896,-17.60040239945549],[-55.24253379999993,-17.602123999455433],[-55.24443319999989,-17.600908399455495],[-55.245282299999985,-17.60036499945549],[-55.24681569999996,-17.597272999455534],[-55.24634299999992,-17.5955342994556],[-55.24714799999999,-17.595752099455513],[-55.247870199999966,-17.595947499455622],[-55.24928019999993,-17.59533509945556],[-55.24914239999998,-17.59508439945564],[-55.24858279999995,-17.594065799455663],[-55.24586529999988,-17.59319669945568],[-55.2449203999999,-17.5914139994557],[-55.24661089999995,-17.591566299455664],[-55.248200099999906,-17.591709499455686],[-55.250150799999915,-17.593015199455696],[-55.2521147999999,-17.592398699455682],[-55.25239479999988,-17.592310799455696],[-55.25034579999988,-17.58658199945587],[-55.25030959999992,-17.584876699455886],[-55.250667199999945,-17.583444399455942],[-55.25214869999997,-17.582153099455994],[-55.25340119999993,-17.58189869945604],[-55.254139599999924,-17.58174869945597],[-55.25481100000002,-17.581612299455944],[-55.25506939999991,-17.581118399456034],[-55.25545159999996,-17.580387799456005],[-55.25514789999994,-17.578692299455998],[-55.254090199999894,-17.576946499456124],[-55.25550969999995,-17.57637649945616],[-55.25619809999989,-17.575398299456058],[-55.25808649999988,-17.574383599456215],[-55.25836239999989,-17.57445529945613],[-55.25964269999997,-17.574788299456248],[-55.2621486999999,-17.577663099456085],[-55.26414009999991,-17.57792139945612],[-55.26423039999992,-17.577309099456077],[-55.26433619999989,-17.576592199456112],[-55.264314699999886,-17.576464099456018],[-55.26410899999985,-17.57524199945616],[-55.263500999999906,-17.571628199456217],[-55.26414259999996,-17.57028799945629],[-55.266456399999925,-17.56828579945636],[-55.26654109999998,-17.567983899456355],[-55.26708879999984,-17.566031499456408],[-55.26347649999991,-17.566469199456368],[-55.26336119999996,-17.566017999456335],[-55.26305919999993,-17.564836799456458],[-55.26598249999995,-17.562204199456385],[-55.26739239999989,-17.560934599456534],[-55.268090499999914,-17.559729499456576],[-55.26794859999989,-17.55801319945656],[-55.26920119999983,-17.5567746994566],[-55.269304899999895,-17.556940799456594],[-55.271258799999885,-17.560068799456566],[-55.27215049999995,-17.559783899456587],[-55.27227549999992,-17.55974399945654],[-55.27451359999992,-17.559028999456547],[-55.27514889999998,-17.558825999456555],[-55.27515499999993,-17.559007699456583],[-55.27519759999989,-17.56027109945653],[-55.2741691999999,-17.56272399945649],[-55.27400199999994,-17.564540799456474],[-55.2756748999999,-17.565072099456437],[-55.27644899999991,-17.564553099456347],[-55.278476299999966,-17.563193999456434],[-55.279549199999906,-17.563082499456485],[-55.280562099999884,-17.562977099456436],[-55.28078339999996,-17.56295409945651],[-55.280841499999894,-17.562852899456495],[-55.2811112999999,-17.562382499456465],[-55.28157289999991,-17.561577599456438],[-55.28228159999992,-17.56034189945652],[-55.28219779999995,-17.559005399456588],[-55.28278959999989,-17.557437899456655],[-55.28400229999994,-17.557223199456597],[-55.284453999999926,-17.55738559945673],[-55.285805899999964,-17.55787179945661],[-55.289561799999944,-17.56031269945649],[-55.289119299999925,-17.55859439945661],[-55.289060099999915,-17.55836469945658],[-55.28442299999995,-17.554111999456754],[-55.28383469999994,-17.55215729945681],[-55.28532239999993,-17.55172469945681],[-55.28807309999996,-17.550924799456826],[-55.28982259999992,-17.55041609945683],[-55.29006579999992,-17.550345399456845],[-55.29046099999994,-17.550340999456832],[-55.2911638999999,-17.550333199456833],[-55.29245049999997,-17.550318999456714],[-55.29653469999994,-17.551115199456827],[-55.29617099999996,-17.5500237994568],[-55.295872499999916,-17.549127699456847],[-55.292333299999946,-17.54454909945697],[-55.29266769999998,-17.542549599457008],[-55.294423099999904,-17.541725999457043],[-55.294558499999994,-17.54171229945703],[-55.29967489999996,-17.541192999457092],[-55.30367009999993,-17.54274669945698],[-55.30586549999998,-17.542734999456908],[-55.30722059999988,-17.543563499457065],[-55.30814439999995,-17.544128299456947],[-55.30875479999992,-17.545180299456934],[-55.30997929999989,-17.545453099457035],[-55.310449899999924,-17.545344299456968],[-55.312996399999975,-17.54475549945698],[-55.31356289999991,-17.544624499456976],[-55.31513909999996,-17.545539499456975],[-55.31591989999999,-17.54599279945696],[-55.318212899999935,-17.545572799456963],[-55.31961469999982,-17.545315999456978],[-55.32015269999993,-17.544779099456942],[-55.32022189999998,-17.544709999457037],[-55.32250329999987,-17.542433199456994],[-55.322505199999966,-17.542434799456945],[-55.322510999999906,-17.542439899457015],[-55.322844399999894,-17.542729799456993],[-55.32509189999996,-17.544684199457045],[-55.32555489999998,-17.545990799456916],[-55.325621699999886,-17.546179299456934],[-55.328626699999916,-17.5478647994569],[-55.32866179999991,-17.547884499456785],[-55.32964969999995,-17.5484386994569],[-55.32871739999991,-17.548979399456755],[-55.328310299999885,-17.549215499456746],[-55.32419879999992,-17.550111099456814],[-55.32376159999989,-17.550932599456814],[-55.323473999999926,-17.551472799456736],[-55.32408819999995,-17.55302969945671],[-55.325897399999974,-17.553125999456828],[-55.326332299999876,-17.552937799456693],[-55.327700199999924,-17.55234609945679],[-55.33158099999997,-17.549265799456798],[-55.33196339999989,-17.54914339945679],[-55.3339160999999,-17.548518399456906],[-55.336065799999915,-17.548685499456845],[-55.33614769999997,-17.548289899456805],[-55.336319699999876,-17.547458499456916],[-55.33644969999989,-17.54683009945694],[-55.33663749999988,-17.546619599456854],[-55.33786779999991,-17.545239699456875],[-55.33911699999987,-17.547810899456895],[-55.339455399999906,-17.54850719945678],[-55.340811299999935,-17.548580299456784],[-55.34144659999998,-17.548318399456797],[-55.34217669999998,-17.548017499456844],[-55.34273009999998,-17.547789399456892],[-55.343864099999905,-17.5473219994568],[-55.34413899999993,-17.547267199456876],[-55.34673269999996,-17.546749699457003],[-55.348259999999925,-17.54694889945694],[-55.34831209999999,-17.5470215994569],[-55.34916979999998,-17.54821759945687],[-55.34937449999995,-17.54850309945688],[-55.350672799999984,-17.548558399456745],[-55.35181549999993,-17.5476915994569],[-55.35179699999992,-17.547451399456847],[-55.3515862999999,-17.544722999457],[-55.35192469999993,-17.543229199457002],[-55.35406469999998,-17.540838899457007],[-55.35334209999996,-17.535981099457114],[-55.35417639999997,-17.534694499457185],[-55.35399789999997,-17.533375899457287],[-55.353759899999886,-17.531616899457347],[-55.35398679999992,-17.53137619945735],[-55.357658599999986,-17.52748059945743],[-55.35797729999996,-17.527142399457453],[-55.35861799999992,-17.52646269945744],[-55.359427299999936,-17.526390199457506],[-55.36081179999991,-17.52626609945746],[-55.362230499999896,-17.527069399457467],[-55.36353969999993,-17.52619039945749],[-55.367478099999914,-17.523546399457537],[-55.36853599999995,-17.52333889945756],[-55.36891029999993,-17.523265399457568],[-55.371902599999885,-17.522678399457586],[-55.373310299999964,-17.521509699457575],[-55.37378179999996,-17.51896809945767],[-55.375511799999906,-17.515964299457654],[-55.37573389999995,-17.51583639945771],[-55.37688629999996,-17.51517319945777],[-55.3771132999999,-17.515042599457786],[-55.37714719999997,-17.515127799457733],[-55.379449999999906,-17.520914999457506],[-55.380619099999926,-17.523852799457465],[-55.38217469999995,-17.52532429945752],[-55.382334999999955,-17.52547589945744],[-55.383479499999964,-17.524880799457513],[-55.38361109999994,-17.524545699457498],[-55.38530789999999,-17.52022399945762],[-55.386619799999835,-17.51910459945766],[-55.38694869999995,-17.519281499457644],[-55.39073229999991,-17.52131519945755],[-55.391083599999945,-17.521140899457645],[-55.39189569999991,-17.520737999457616],[-55.391897599999886,-17.52069029945763],[-55.391978399999914,-17.518655899457684],[-55.39203789999988,-17.51715979945767],[-55.39342419999991,-17.516057899457664],[-55.393702599999926,-17.515977499457765],[-55.39525659999998,-17.515528299457795],[-55.39911669999998,-17.515521899457717],[-55.39989209999994,-17.515123899457762],[-55.40073319999988,-17.51469209945766],[-55.40352309999997,-17.51325989945786],[-55.40506669999991,-17.51246749945786],[-55.40520439999989,-17.512396799457882],[-55.40641849999991,-17.512386599457745],[-55.406616899999904,-17.512384999457787],[-55.40744019999988,-17.51287659945787],[-55.40777669999994,-17.513077499457896],[-55.408982099999946,-17.513797299457828],[-55.41053499999998,-17.513552699457808],[-55.41073179999995,-17.51352169945783],[-55.41187159999993,-17.51334219945783],[-55.41343529999989,-17.5137326994578],[-55.41497389999989,-17.51411689945789],[-55.41545239999987,-17.514392799457795],[-55.416137999999876,-17.5147880994577],[-55.416363499999875,-17.514918099457773],[-55.41767079999994,-17.51456649945774],[-55.41839469999991,-17.51320629945787],[-55.419445899999914,-17.51230899945792],[-55.419760599999904,-17.512040299457876],[-55.42078589999994,-17.513097999457795],[-55.42258689999995,-17.51352139945782],[-55.42263249999996,-17.513447799457758],[-55.42328629999998,-17.512392599457794],[-55.423304099999996,-17.51157829945787],[-55.42333399999989,-17.51021069945782],[-55.42334109999991,-17.509882799457927],[-55.4244986999999,-17.50999999945779],[-55.425423899999885,-17.510093699457872],[-55.42677879999991,-17.509644499457956],[-55.42814779999998,-17.509190699457978],[-55.42920349999997,-17.509778599457928],[-55.43068119999998,-17.51060139945788],[-55.432724699999994,-17.51173939945788],[-55.433643599999925,-17.511494799457797],[-55.43476859999993,-17.51119529945788],[-55.43506279999986,-17.51105459945791],[-55.43667309999995,-17.510284399457838],[-55.43751539999994,-17.509881599457948],[-55.43903359999996,-17.50915539945794],[-55.4412026999999,-17.50705299945804],[-55.44391989999997,-17.50567379945804],[-55.44504769999992,-17.505847899457905],[-55.44528890000004,-17.505885199458046],[-55.44512869999994,-17.506217699457938],[-55.44457439999991,-17.50736859945799],[-55.44401799999997,-17.508523699457957],[-55.443392599999925,-17.509821999457902],[-55.44300969999995,-17.51061699945792],[-55.44373739999992,-17.511776099457883],[-55.44491889999989,-17.511300199457867],[-55.44841009999993,-17.509893999457887],[-55.44990629999984,-17.509291299457956],[-55.45386309999993,-17.50769749945793],[-55.45389879999987,-17.50768309945798],[-55.45397109999987,-17.507221799458016],[-55.45406299999996,-17.506634899458003],[-55.45417669999995,-17.50590969945804],[-55.4538164999999,-17.504817799458067],[-55.4537221999999,-17.504531899458023],[-55.4537638999999,-17.501840199458137],[-55.45378459999989,-17.500505999458206],[-55.45378629999988,-17.500396999458133],[-55.453862199999946,-17.500385599458188],[-55.45402899999988,-17.500360699458163],[-55.45850679999984,-17.49969119945822],[-55.45880999999997,-17.49917519945823],[-55.458876699999905,-17.4990617994582],[-55.459835299999895,-17.49743039945824],[-55.45958089999988,-17.496661099458198],[-55.4589542999999,-17.494766099458317],[-55.458899900000006,-17.4946016994583],[-55.4586966999999,-17.493987199458285],[-55.45916309999996,-17.493755199458356],[-55.46267339999997,-17.492008599458423],[-55.46270759999993,-17.491944999458394],[-55.463029399999925,-17.491347499458428],[-55.46443349999993,-17.488740399458464],[-55.46544749999998,-17.4868573994585],[-55.46675939999983,-17.485953499458493],[-55.46870459999991,-17.48534189945856],[-55.47073129999984,-17.484704699458604],[-55.47129059999991,-17.484299699458607],[-55.47197639999991,-17.483802999458643],[-55.472476299999975,-17.481965699458552],[-55.47261679999997,-17.481449599458642],[-55.472642099999916,-17.481356399458665],[-55.47272409999988,-17.481414199458644],[-55.47678219999989,-17.484271399458564],[-55.476866699999896,-17.484182199458633],[-55.47780819999991,-17.483188799458624],[-55.47848509999994,-17.481618499458705],[-55.478585499999895,-17.481385499458675],[-55.4788074999999,-17.48136399945867],[-55.478819599999895,-17.481362799458687],[-55.481313900000025,-17.481121299458675],[-55.48142489999998,-17.48077049945871],[-55.48171139999988,-17.47986539945872],[-55.48218579999992,-17.479445299458693],[-55.482889299999954,-17.478822299458688],[-55.483043499999894,-17.47868569945868],[-55.485055399999915,-17.479282299458703],[-55.486315499999925,-17.47965599945871],[-55.487652199999964,-17.48005229945873],[-55.48846699999996,-17.480922299458726],[-55.48867699999988,-17.481146699458648],[-55.48883299999995,-17.48242889945866],[-55.488912699999965,-17.48308429945867],[-55.48904029999994,-17.484133899458634],[-55.48954699999995,-17.484617199458544],[-55.489548699999894,-17.484618799458616],[-55.490093599999966,-17.48513859945861],[-55.490704999999934,-17.48480269945852],[-55.49130239999988,-17.484474399458563],[-55.49320849999993,-17.48342689945862],[-55.49345679999988,-17.483630499458688],[-55.493921499999885,-17.48401149945862],[-55.49497139999994,-17.48487219945852],[-55.49611429999993,-17.485809099458542],[-55.49620019999992,-17.485879499458512],[-55.497618699999975,-17.486518299458496],[-55.49835789999986,-17.485756499458546],[-55.49875779999991,-17.485344399458494],[-55.49907989999991,-17.484047299458602],[-55.49934209999992,-17.482991499458667],[-55.49947789999988,-17.483103499458664],[-55.499936099999964,-17.483481899458635],[-55.50272549999995,-17.48578509945856],[-55.50295669999996,-17.485889099458635],[-55.50326679999995,-17.486028499458605],[-55.504341599999975,-17.48651179945862],[-55.50567609999997,-17.485969599458585],[-55.5041412999999,-17.482881099458563],[-55.50453239999996,-17.48098129945864],[-55.506336999999974,-17.4807046994587],[-55.506783199999916,-17.48112159945869],[-55.507214599999934,-17.48152479945867],[-55.50887049999995,-17.48307199945863],[-55.50977869999997,-17.48292629945868],[-55.51002509999994,-17.482886699458586],[-55.51170089999994,-17.48261779945867],[-55.51303179999991,-17.48301869945859],[-55.51307499999996,-17.48303169945861],[-55.51503289999994,-17.483621299458598],[-55.515142099999935,-17.48358739945866],[-55.515452799999935,-17.48349079945866],[-55.51795269999997,-17.482713799458594],[-55.51862289999997,-17.481444099458717],[-55.52134419999999,-17.480446799458747],[-55.5240892999999,-17.481176499458638],[-55.524951600000016,-17.478450899458682],[-55.52483529999989,-17.476915299458895],[-55.52375379999995,-17.47538639945878],[-55.5236157999999,-17.475191299458803],[-55.52236509999989,-17.474164999458853],[-55.521180399999935,-17.47319289945892],[-55.52219759999991,-17.472102999458823],[-55.525699299999985,-17.47156399945889],[-55.5271206999999,-17.47210229945895],[-55.529590499999976,-17.47020439945899],[-55.530813799999976,-17.470022499459024],[-55.53109449999988,-17.46857689945893],[-55.533259499999986,-17.466490799459123],[-55.534588499999984,-17.46666929945906],[-55.535077899999976,-17.467032799459098],[-55.53547199999992,-17.467325599459098],[-55.53703179999991,-17.468484099458983],[-55.537201499999924,-17.468309499459018],[-55.537433299999975,-17.46807089945891],[-55.53800349999995,-17.467483899459047],[-55.53789239999997,-17.465576999459046],[-55.53686739999989,-17.464491999459096],[-55.537335399999904,-17.463044899459124],[-55.53876040000001,-17.462319399459155],[-55.53856139999987,-17.461047299459203],[-55.540176499999966,-17.460320299459287],[-55.543566799999894,-17.460682499459207],[-55.54386569999992,-17.459506799459206],[-55.5427380999999,-17.456514799459388],[-55.54895569999991,-17.453433299459476],[-55.550485599999945,-17.45389109945945],[-55.55473209999991,-17.453983599459438],[-55.55736919999998,-17.45189539945938],[-55.557647399999894,-17.45017699945953],[-55.55701089999991,-17.448726799459486],[-55.556798399999934,-17.4485573994596],[-55.556034699999884,-17.447948799459596],[-55.555865999999924,-17.44781439945962],[-55.55543309999991,-17.44791069945956],[-55.55152249999992,-17.44878119945955],[-55.55056749999994,-17.448993799459544],[-55.54961839999993,-17.448081699459582],[-55.550482999999986,-17.446908799459628],[-55.556232099999875,-17.443367399459767],[-55.55653279999996,-17.44218979945968],[-55.559730699999875,-17.439654599459793],[-55.56098199999997,-17.43947229945979],[-55.564013999999986,-17.4404502994598],[-55.56700569999998,-17.43847749945977],[-55.56825729999992,-17.435125499459957],[-55.56967499999997,-17.434582299459876],[-55.57185549999991,-17.434801199459976],[-55.573254099999986,-17.434941599459936],[-55.57342489999991,-17.43491249945994],[-55.57487269999995,-17.434665999459888],[-55.57581259999995,-17.433402999459982],[-55.57550609999998,-17.431579899460058],[-55.57742559999997,-17.42414969946022],[-55.577121599999884,-17.422517199460177],[-55.57553799999994,-17.420163199460333],[-55.57533899999999,-17.418799899460378],[-55.57655879999993,-17.418348499460425],[-55.57910129999988,-17.418660099460332],[-55.5815553999999,-17.418960899460377],[-55.58251269999988,-17.41907819946037],[-55.5839266999999,-17.421614199460265],[-55.5854508999999,-17.42252339946027],[-55.58586479999997,-17.4223136994603],[-55.585988799999946,-17.422250899460284],[-55.587062799999956,-17.421706699460202],[-55.587227099999886,-17.418176299460303],[-55.58675849999992,-17.415900199460413],[-55.58864179999995,-17.413816699460487],[-55.588283499999875,-17.41254499946057],[-55.5856432999999,-17.408827399460648],[-55.58525669999989,-17.40764629946063],[-55.58525439999989,-17.406292299460738],[-55.58659399999988,-17.40338129946083],[-55.58567059999996,-17.402975699460868],[-55.585365799999984,-17.402841799460777],[-55.58097639999995,-17.402231199460843],[-55.580813599999885,-17.402208599460813],[-55.57987109999982,-17.400843099460843],[-55.58176209999988,-17.39966199946093],[-55.58506079999995,-17.399120999460944],[-55.586596499999935,-17.398214499460934],[-55.58364439999991,-17.395401699461104],[-55.58336769999993,-17.393767999461023],[-55.58573219999983,-17.390867799461155],[-55.58592159999995,-17.388600899461224],[-55.58525569999983,-17.385695899461307],[-55.58383799999996,-17.382797699461374],[-55.5841165999999,-17.38116139946139],[-55.583200499999975,-17.38024009946146],[-55.58290719999985,-17.37907089946139],[-55.58395819999993,-17.378170999461485],[-55.58572499999991,-17.378409899461417],[-55.58801029999996,-17.378718799461407],[-55.58813239999989,-17.37868549946148],[-55.58922309999991,-17.37838859946146],[-55.589343399999905,-17.378355899461507],[-55.58929259999991,-17.378245599461433],[-55.5887583999999,-17.37708599946152],[-55.58575449999989,-17.37546349946152],[-55.58556289999996,-17.375359999461494],[-55.58560909999994,-17.373617199461606],[-55.58772859999988,-17.372460399461648],[-55.589069399999914,-17.3725508994616],[-55.59009389999994,-17.372990099461603],[-55.59136249999989,-17.37353399946156],[-55.59270139999995,-17.374107899461602],[-55.59276349999993,-17.374134499461558],[-55.59328749999992,-17.37435909946157],[-55.593320699999936,-17.37431099946161],[-55.59462809999991,-17.37241039946161],[-55.59509319999995,-17.371734299461554],[-55.59660079999992,-17.371731699461588],[-55.597838999999965,-17.371729499461665],[-55.59844279999999,-17.37109789946167],[-55.5997071999999,-17.36977509946167],[-55.60102449999988,-17.368397199461747],[-55.602222799999936,-17.367692999461802],[-55.60278019999993,-17.367365099461743],[-55.60330159999995,-17.367058499461763],[-55.60370479999989,-17.366821299461805],[-55.60390029999991,-17.36670629946176],[-55.6061481999999,-17.365384299461844],[-55.606181499999934,-17.36535499946185],[-55.61201319999998,-17.36021559946191],[-55.61342149999996,-17.35985199946196],[-55.61473079999996,-17.360123199461995],[-55.614850499999875,-17.360632599461926],[-55.615200899999934,-17.362123799461916],[-55.61229149999997,-17.36728869946179],[-55.61378539999998,-17.36810669946169],[-55.61384789999989,-17.36808809946177],[-55.61531429999991,-17.36765179946174],[-55.61787000000004,-17.365933899461833],[-55.62097859999989,-17.36493409946175],[-55.62282089999991,-17.36481159946183],[-55.626339799999926,-17.364029699461813],[-55.629476699999934,-17.361123699461945],[-55.6358947999999,-17.353048599462117],[-55.63797989999989,-17.346808099462358],[-55.63704109999992,-17.34406809946236],[-55.637122499999975,-17.34253369946237],[-55.640030099999876,-17.33971789946256],[-55.64307629999985,-17.33936959946253],[-55.64369519999992,-17.340017999462493],[-55.645231099999876,-17.34162719946248],[-55.64506700000004,-17.343163099462505],[-55.64278529999989,-17.345792299462264],[-55.640504999999905,-17.34751989946232],[-55.63909599999994,-17.34954519946228],[-55.63892559999988,-17.34979009946225],[-55.638947799999926,-17.34994589946227],[-55.63940939999992,-17.3531986994621],[-55.63983169999995,-17.354334199462166],[-55.64084049999997,-17.35615409946205],[-55.64459019999999,-17.359221499462027],[-55.64620079999992,-17.359405199462014],[-55.64640889999998,-17.359314899462],[-55.648730599999965,-17.35830769946203],[-55.64978429999991,-17.35513939946197],[-55.64979089999998,-17.353775399462098],[-55.65462949999988,-17.349208399462267],[-55.65500589999988,-17.348580199462294],[-55.65600579999989,-17.346352699462347],[-55.65487380000002,-17.340356299462492],[-55.65534139999994,-17.33899669946247],[-55.656567299999836,-17.33826209946256],[-55.657866499999955,-17.33896179946253],[-55.65808849999991,-17.33908139946248],[-55.66044939999989,-17.342260299462414],[-55.662423799999885,-17.343979899462372],[-55.664791599999944,-17.347697899462315],[-55.668105099999885,-17.35068709946212],[-55.66952839999993,-17.35064229946223],[-55.67083289999994,-17.350601199462197],[-55.67198049999996,-17.350050499462135],[-55.672810899999945,-17.348965999462234],[-55.6740342999999,-17.34297809946247],[-55.67518369999988,-17.340345499462515],[-55.67781129999997,-17.339086099462506],[-55.68064889999988,-17.338984599462545],[-55.68153779999989,-17.33962009946251],[-55.68217359999994,-17.340074599462543],[-55.68264599999992,-17.34143279946236],[-55.682372599999894,-17.34942059946217],[-55.68461789999993,-17.351316599462226],[-55.68548189999984,-17.35107789946222],[-55.686233199999826,-17.35087029946216],[-55.68814639999993,-17.34782559946232],[-55.68886729999997,-17.345789099462348],[-55.688502899999946,-17.34288459946237],[-55.6892623999999,-17.340439499462445],[-55.690396599999985,-17.339977399462516],[-55.693228599999884,-17.339890199462467],[-55.693817599999875,-17.340743099462436],[-55.69397909999992,-17.340976799462506],[-55.69575929999996,-17.347239199462308],[-55.69965389999993,-17.350133599462165],[-55.700595399999884,-17.35131689946224],[-55.70012129999997,-17.352858299462202],[-55.70129969999988,-17.354080699462124],[-55.70134679999995,-17.35412949946201],[-55.704371799999876,-17.351683099462093],[-55.70503269999995,-17.34786409946227],[-55.7066180999999,-17.345420899462383],[-55.70692459999998,-17.343874599462346],[-55.707677599999904,-17.342783399462405],[-55.70720359999996,-17.338433899462533],[-55.70864209999996,-17.33781239946259],[-55.709097499999984,-17.33761569946247],[-55.712122199999946,-17.339340299462474],[-55.71645649999994,-17.342962199462303],[-55.71645299999984,-17.3445066994624],[-55.71702369999996,-17.34588099946243],[-55.71967269999987,-17.3488596994622],[-55.721560499999896,-17.349495599462262],[-55.72286849999989,-17.34921699946227],[-55.723511999999914,-17.348785399462216],[-55.7254276999999,-17.347500499462335],[-55.726459299999874,-17.34613769946233],[-55.72987239999992,-17.339875099462475],[-55.7342063999999,-17.337517199462507],[-55.73569649999991,-17.337605299462584],[-55.738723899999904,-17.33778429946258],[-55.739042199999965,-17.337652299462576],[-55.740261799999985,-17.33714679946262],[-55.74259249999989,-17.332884099462703],[-55.74400799999995,-17.33134259946266],[-55.74986649999994,-17.331064799462794],[-55.75147869999989,-17.330428399462782],[-55.75517489999993,-17.328427099462818],[-55.75865049999992,-17.324711499462957],[-55.76120659999992,-17.323531999462958],[-55.76715409999992,-17.32470989946294],[-55.76876459999994,-17.325788499462874],[-55.76878579999982,-17.32581349946293],[-55.77092369999997,-17.328333699462743],[-55.77170139999993,-17.331144799462642],[-55.77253979999989,-17.332049599462685],[-55.77353129999989,-17.33166749946277],[-55.773955199999875,-17.331504199462724],[-55.77470219999998,-17.330231299462753],[-55.776782099999934,-17.324244499463017],[-55.78065069999991,-17.321427399463015],[-55.78159879999993,-17.32205579946299],[-55.7833963999999,-17.323247299462952],[-55.78454119999992,-17.324690399462938],[-55.78330949999997,-17.328864199462803],[-55.78442169999988,-17.33004649946282],[-55.78471689999992,-17.329918199462792],[-55.78764449999994,-17.328645799462713],[-55.788923399999874,-17.327717699462834],[-55.78987979999989,-17.32680049946286],[-55.794453699999956,-17.3207803994629],[-55.796707699999956,-17.31642669946311],[-55.798864599999895,-17.313885599463152],[-55.802406599999934,-17.31091929946332],[-55.80501099999992,-17.309439899463257],[-55.805202799999904,-17.308076199463343],[-55.80253549999992,-17.302622299463525],[-55.80253179999988,-17.301280199463516],[-55.804403499999864,-17.299426299463487],[-55.806507999999894,-17.298010099463593],[-55.80790329999991,-17.297885099463624],[-55.8095925,-17.297733699463635],[-55.81784209999995,-17.296994599463684],[-55.81927439999999,-17.297318799463696],[-55.82030549999996,-17.297552099463616],[-55.82095399999997,-17.297698899463597],[-55.82108359999995,-17.29795939946368],[-55.824839699999934,-17.305513199463448],[-55.8261493,-17.306772099463394],[-55.82803939999991,-17.30660399946341],[-55.828166799999956,-17.306508699463357],[-55.82937279999994,-17.305606499463455],[-55.831734799999936,-17.301610899463512],[-55.82934189999986,-17.2955352994637],[-55.826228299999904,-17.291996999463848],[-55.825950699999915,-17.290455099463887],[-55.82632119999994,-17.288826899463846],[-55.82745479999994,-17.288372199463875],[-55.82868019999989,-17.288640999463837],[-55.82891959999989,-17.288742399463892],[-55.83509559999987,-17.291357099463866],[-55.83728949999994,-17.29471489946377],[-55.837679299999934,-17.295984799463696],[-55.83747729999994,-17.297521199463674],[-55.83831689999994,-17.3005129994635],[-55.839931699999966,-17.30124059946353],[-55.84192019999989,-17.301232299463535],[-55.84229739999996,-17.300932999463612],[-55.84523049999996,-17.298606099463658],[-55.846344699999975,-17.297150799463672],[-55.84756319999991,-17.29388809946371],[-55.848981999999985,-17.29279209946372],[-55.85051039999996,-17.290339499463823],[-55.851236499999914,-17.285068199464007],[-55.85106139999988,-17.280632499464087],[-55.851423100000034,-17.279274399464118],[-55.8521338999999,-17.2789361994642],[-55.852448899999956,-17.27878629946415],[-55.85256519999996,-17.27873099946411],[-55.85259859999997,-17.27876499946419],[-55.855588799999964,-17.281809999463977],[-55.85724619999997,-17.282889399463997],[-55.858229199999926,-17.283529599463993],[-55.8592574999999,-17.282895999464003],[-55.860678599999915,-17.28008029946408],[-55.862756899999916,-17.27826639946413],[-55.865667099999825,-17.277355199464193],[-55.869077999999945,-17.27564269946419],[-55.869649799999934,-17.27535559946427],[-55.87004089999988,-17.274755599464264],[-55.871899499999984,-17.271904399464344],[-55.87217919999994,-17.270636399464287],[-55.87350939999988,-17.269271099464397],[-55.87481109999993,-17.268634899464438],[-55.876846999999884,-17.26970559946437],[-55.87842209999991,-17.270533899464432],[-55.8794600999999,-17.27170649946424],[-55.879926299999966,-17.273347699464253],[-55.87898239999993,-17.275614399464253],[-55.875707699999964,-17.27915749946416],[-55.875504999999976,-17.280604399464078],[-55.87928429999994,-17.284045399464055],[-55.886309799999935,-17.284739799464024],[-55.88656219999996,-17.284764699464045],[-55.88899789999994,-17.28241289946401],[-55.88924769999994,-17.28217179946404],[-55.889755899999955,-17.28168109946406],[-55.89164839999995,-17.280858499464138],[-55.892677599999956,-17.27931439946413],[-55.89248219999985,-17.27777179946418],[-55.88956329999991,-17.27460209946426],[-55.8897563999999,-17.27324369946428],[-55.89087479999989,-17.272332799464365],[-55.89230439999989,-17.272495499464217],[-55.892399199999886,-17.27250629946431],[-55.8945695999999,-17.27487109946426],[-55.898543899999936,-17.277308199464205],[-55.899880399999915,-17.27703459946414],[-55.89994059999992,-17.27692759946424],[-55.9019262999999,-17.27340079946431],[-55.89975889999994,-17.270142799464384],[-55.897633699999915,-17.26893529946445],[-55.89627669999993,-17.26816439946445],[-55.894456899999916,-17.267609799464473],[-55.89151289999995,-17.267946499464458],[-55.890429699999906,-17.268070399464406],[-55.88653739999995,-17.266720599464477],[-55.886537899999894,-17.26389909946463],[-55.88948929999992,-17.263188599464627],[-55.8989001999999,-17.26370819946451],[-55.90200829999997,-17.2638797994645],[-55.90938709999995,-17.2631459994646],[-55.91049179999993,-17.26343479946456],[-55.916644499999904,-17.265043099464556],[-55.91778549999992,-17.264864299464495],[-55.920146799999884,-17.264493999464516],[-55.92126499999995,-17.263579299464528],[-55.924761499999875,-17.258857599464708],[-55.92634049999998,-17.257859899464762],[-55.92695029999999,-17.258246699464692],[-55.92834739999996,-17.259132999464725],[-55.92937629999989,-17.260395699464567],[-55.931367399999885,-17.264658399464523],[-55.9307308999999,-17.270372399464385],[-55.930999399999905,-17.27160279946435],[-55.93100759999993,-17.27164009946432],[-55.93148159999993,-17.273812499464324],[-55.93351449999988,-17.27500709946431],[-55.93376239999998,-17.27515279946427],[-55.935343499999874,-17.2760818994642],[-55.93820849999997,-17.278518099464158],[-55.9389354999999,-17.278369599464142],[-55.94119419999993,-17.2779083994642],[-55.941314099999886,-17.277883899464197],[-55.941579899999965,-17.27759139946421],[-55.94620379999998,-17.272504499464258],[-55.946986799999934,-17.271291199464322],[-55.95008319999988,-17.26300469946461],[-55.95384419999988,-17.25944499946472],[-55.955817699999905,-17.2564535994647],[-55.954950199999985,-17.253646099464767],[-55.95263089999992,-17.252129799464928],[-55.95146189999991,-17.251365599464783],[-55.95107069999989,-17.25110979946486],[-55.95129949999989,-17.250865499464897],[-55.95192439999994,-17.250198399464878],[-55.95475769999996,-17.249744599464886],[-55.960154699999926,-17.250190599464943],[-55.96676279999991,-17.2547139994648],[-55.9681761999999,-17.254710199464856],[-55.973927399999866,-17.253605299464855],[-55.974348699999894,-17.25328189946485],[-55.97628829999991,-17.251792999464865],[-55.97826529999998,-17.246706999464998],[-55.978692799999976,-17.246611099464985],[-55.97948580000003,-17.246433099464916],[-55.980813699999885,-17.246699999465072],[-55.98249329999993,-17.249195099464927],[-55.98270469999994,-17.249509099464976],[-55.983222799999915,-17.25081859946493],[-55.98453179999996,-17.254127499464875],[-55.9846763999999,-17.254492899464832],[-55.98469309999996,-17.254642999464807],[-55.984897099999955,-17.256480299464798],[-55.9857338999999,-17.258400199464702],[-55.98695829999997,-17.258480299464747],[-55.98877329999988,-17.257742199464733],[-55.99020989999991,-17.257157999464702],[-55.9905341999999,-17.257026099464728],[-55.99071889999993,-17.256762999464797],[-55.99178469999998,-17.25524479946482],[-55.992256099999906,-17.254573299464724],[-55.992238599999894,-17.254419499464703],[-55.991771399999955,-17.250323699464847],[-55.99175989999998,-17.25022339946498],[-55.991409299999994,-17.249782699464866],[-55.989243399999964,-17.247060299465016],[-55.987411499999894,-17.24380639946516],[-55.987937199999976,-17.24289779946518],[-55.988454499999875,-17.242003599465203],[-55.98873639999994,-17.24151649946511],[-55.989184799999975,-17.241248299465127],[-55.990920899999935,-17.240209799465212],[-55.99205049999995,-17.239883399465224],[-55.99347409999996,-17.239878399465237],[-55.99465239999995,-17.240142999465203],[-55.9965691999999,-17.241053399465187],[-55.99817919999998,-17.243772899465128],[-55.99874629999994,-17.244373699465083],[-56.00051069999989,-17.246243299464947],[-56.00384179999992,-17.244791299465128],[-56.00386339999983,-17.243216999465094],[-56.00256509999997,-17.2388885994652],[-56.00279329999995,-17.23571729946531],[-56.00376009999991,-17.233729899465356],[-56.00565029999991,-17.233747199465434],[-56.00629829999986,-17.234228599465368],[-56.00873299999995,-17.23603749946534],[-56.00909219999994,-17.2381191994653],[-56.009845399999904,-17.238530299465307],[-56.01078539999987,-17.23904329946518],[-56.012037699999894,-17.236681799465185],[-56.012704699999865,-17.222647999465682],[-56.011872099999884,-17.219560399465813],[-56.008506599999976,-17.21709149946588],[-56.008236099999976,-17.215459599465923],[-56.008627599999954,-17.21419039946593],[-56.01050779999997,-17.213295599465983],[-56.01314649999989,-17.213947499465895],[-56.0173759999999,-17.218319599465786],[-56.019152299999966,-17.218077899465786],[-56.020289599999955,-17.217172399465824],[-56.020785599999954,-17.216298599465883],[-56.02095469999989,-17.216000699465816],[-56.02095579999991,-17.21591719946585],[-56.02098459999996,-17.213642399465908],[-56.02018129999993,-17.21186129946599],[-56.01967819999999,-17.21074569946603],[-56.01856979999991,-17.209458099466],[-56.01800819999988,-17.209149999466028],[-56.01777859999993,-17.209024199466004],[-56.01706599999994,-17.208633299466104],[-56.00788039999993,-17.206882799466083],[-56.00765409999997,-17.20683969946606],[-56.00551019999995,-17.204196799466224],[-56.01140179999999,-17.197805499466376],[-56.01312469999988,-17.1944657994664],[-56.01606749999991,-17.19022879946657],[-56.018538699999915,-17.189155599466545],[-56.03015029999994,-17.186708199466615],[-56.03243029999993,-17.18535769946665],[-56.035448699999904,-17.182759699466796],[-56.03786839999992,-17.177428699466937],[-56.04129919999991,-17.17490239946694],[-56.04411929999992,-17.171395099467006],[-56.04573129999994,-17.170954299467052],[-56.04753829999993,-17.17115189946708],[-56.048805899999934,-17.171973699467088],[-56.04951599999998,-17.17243409946698],[-56.04939599999989,-17.174338999467036],[-56.04803839999994,-17.177316799466894],[-56.0471801999999,-17.18057659946678],[-56.0472380999999,-17.184820599466637],[-56.047825399999965,-17.185154199466716],[-56.05098419999996,-17.186948199466684],[-56.053929799999885,-17.1856114994667],[-56.055450599999915,-17.183716699466633],[-56.05639889999998,-17.181908899466737],[-56.05806519999994,-17.175307499466957],[-56.06006409999992,-17.17169369946714],[-56.06168039999988,-17.170710899467068],[-56.06328209999992,-17.17152529946701],[-56.06420349999997,-17.171993699467052],[-56.06618059999994,-17.174819199467],[-56.06692519999989,-17.174782199467028],[-56.06778810000002,-17.174739499466984],[-56.06857079999998,-17.171569799467076],[-56.0695907999999,-17.170313899467114],[-56.07160019999998,-17.170621199467146],[-56.072461099999884,-17.170995499467104],[-56.07588209999989,-17.172482899467095],[-56.076831299999924,-17.17289559946705],[-56.078838799999914,-17.17484569946687],[-56.07965369999994,-17.175637199466955],[-56.08256710000001,-17.177633899466905],[-56.082730399999946,-17.177745799466944],[-56.084461999999974,-17.177663799466924],[-56.09692339999992,-17.17358929946703],[-56.10209149999997,-17.17407829946697],[-56.10370219999993,-17.17353869946702],[-56.10523079999996,-17.172464299467066],[-56.108562699999936,-17.168682799467106],[-56.111202399999904,-17.166795799467085],[-56.112344099999966,-17.166348599467213],[-56.11395469999991,-17.16663059946718],[-56.115925800000014,-17.16825639946719],[-56.11628889999998,-17.168555899467165],[-56.118506599999876,-17.174367399467002],[-56.11920819999994,-17.174753099467026],[-56.12084399999992,-17.175652299467],[-56.12312639999993,-17.174580799467005],[-56.12539739999988,-17.174321199467013],[-56.1269003999999,-17.17497629946702],[-56.12691749999993,-17.17500739946702],[-56.127649199999894,-17.17633929946695],[-56.12781409999991,-17.178513899466886],[-56.12884819999988,-17.17942319946684],[-56.129543499999954,-17.179599599466876],[-56.13326039999998,-17.180542499466778],[-56.13554069999992,-17.180104799466832],[-56.13789519999989,-17.17885089946688],[-56.14014939999987,-17.179503399466853],[-56.1407132999999,-17.18064369946674],[-56.141091599999925,-17.1814087994668],[-56.13776339999998,-17.18465079946671],[-56.136515499999916,-17.18781019946665],[-56.13640709999993,-17.18917949946657],[-56.13782149999991,-17.190455899466528],[-56.13805489999992,-17.190539699466555],[-56.13986999999992,-17.191191799466562],[-56.14270629999993,-17.190124099466452],[-56.143954599999915,-17.18913559946659],[-56.144344499999875,-17.186331999466667],[-56.145287599999904,-17.184886099466645],[-56.148984499999926,-17.18590429946664],[-56.15272949999991,-17.18547509946667],[-56.154538799999955,-17.18585229946672],[-56.15577499999989,-17.186452799466547],[-56.15717839999985,-17.1871343994666],[-56.16095269999994,-17.19149909946647],[-56.16245659999993,-17.193506299466502],[-56.16334759999995,-17.194695499466473],[-56.16465169999992,-17.194620999466444],[-56.16747939999988,-17.192828799466533],[-56.16932349999996,-17.189486699466567],[-56.17081639999992,-17.188675999466493],[-56.17122089999998,-17.189302499466596],[-56.17493329999985,-17.19505319946646],[-56.17577969999991,-17.19541179946636],[-56.17646669999988,-17.195702899466383],[-56.17709689999998,-17.195969899466448],[-56.17746809999994,-17.195854599466443],[-56.178512299999966,-17.195530199466322],[-56.18003809999988,-17.194085999466495],[-56.18317549999994,-17.189211799466555],[-56.18543199999988,-17.189232599466635],[-56.18553389999988,-17.18939409946656],[-56.18617819999997,-17.190415599466572],[-56.184461499999884,-17.194570899466495],[-56.18809259999995,-17.202117999466235],[-56.18859349999997,-17.208739799466002],[-56.189149499999985,-17.210368299466055],[-56.19031039999992,-17.211181199466004],[-56.190458799999874,-17.211285099465943],[-56.19190269999996,-17.211025599465977],[-56.1934811999999,-17.210221899466056],[-56.19690279999997,-17.206889499466115],[-56.19815419999992,-17.206171499466123],[-56.20040149999989,-17.206273399466127],[-56.20057249999991,-17.206480199466064],[-56.20274029999996,-17.20910139946607],[-56.203850099999954,-17.213099599465867],[-56.20545939999988,-17.214101499465958],[-56.20566209999993,-17.214005599465935],[-56.20809599999996,-17.212854499465838],[-56.20895849999994,-17.21177129946594],[-56.2121848999999,-17.20952179946605],[-56.21274779999993,-17.210262699465964],[-56.21301499999993,-17.210614299465995],[-56.213843199999985,-17.21298109946599],[-56.213265099999944,-17.217411299465873],[-56.20887059999995,-17.2227339994657],[-56.20821179999996,-17.224186099465655],[-56.208091199999956,-17.225903099465636],[-56.20876559999988,-17.227269199465475],[-56.20989929999996,-17.226913799465553],[-56.213010199999985,-17.225938599465564],[-56.220011399999976,-17.220093099465743],[-56.22295239999994,-17.219292199465766],[-56.22310839999989,-17.219835499465763],[-56.223316299999965,-17.220559599465695],[-56.220653899999945,-17.22507789946566],[-56.22026089999992,-17.226889999465556],[-56.220930499999895,-17.228790699465463],[-56.22191319999996,-17.228576199465497],[-56.22856739999986,-17.227123399465494],[-56.233730299999934,-17.22733709946556],[-56.235068299999966,-17.2267081994656],[-56.23545769999993,-17.223903699465655],[-56.237929799999904,-17.222195799465652],[-56.23837329999992,-17.22210189946563],[-56.24185249999987,-17.22136539946575],[-56.24331039999999,-17.22105679946572],[-56.2477578999999,-17.21927079946579],[-56.25012109999994,-17.218828199465758],[-56.25134479999991,-17.219023099465808],[-56.25155979999989,-17.219227699465755],[-56.25475329999995,-17.222268099465715],[-56.25497759999996,-17.22248159946568],[-56.25493869999991,-17.22259979946571],[-56.251731899999974,-17.23234699946544],[-56.25229089999988,-17.234163899465376],[-56.25434239999998,-17.234730199465307],[-56.25435979999992,-17.234734999465367],[-56.254620299999885,-17.23480689946533],[-56.25468429999995,-17.234770199465316],[-56.25587259999992,-17.234088599465267],[-56.25701509999988,-17.231375799465425],[-56.25909629999995,-17.229310799465516],[-56.26002779999993,-17.229514999465497],[-56.26165129999987,-17.22987089946554],[-56.26240139999994,-17.231233199465425],[-56.261816799999956,-17.233036699465313],[-56.2580994999999,-17.237819099465195],[-56.256548099999975,-17.243791799465114],[-56.25787369999995,-17.244533599465115],[-56.25826559999996,-17.24434619946505],[-56.266677899999934,-17.24032339946512],[-56.26904109999998,-17.239791999465194],[-56.26970079999995,-17.240132999465292],[-56.272239799999966,-17.241445399465217],[-56.27268289999995,-17.243074799465123],[-56.271816599999916,-17.244520299465137],[-56.268431599999985,-17.246861999465054],[-56.26812639999997,-17.248127799465028],[-56.268729299999904,-17.24816139946496],[-56.27010119999994,-17.24823799946501],[-56.27333219999991,-17.248418299464966],[-56.27351019999992,-17.24842819946503],[-56.28342869999989,-17.24667249946492],[-56.283667299999934,-17.24676269946507],[-56.28540229999993,-17.247418499465056],[-56.28717999999993,-17.24896949946491],[-56.28651329999991,-17.250502199464957],[-56.281096999999875,-17.2558198994648],[-56.28012059999992,-17.259162999464763],[-56.281706099999894,-17.26343419946459],[-56.28356849999989,-17.264985999464447],[-56.2852610999999,-17.265724399464425],[-56.286013699999906,-17.267268899464515],[-56.28657009999995,-17.270440199464392],[-56.288403899999885,-17.271347099464332],[-56.28843339999991,-17.271361699464435],[-56.29292429999998,-17.270993899464273],[-56.29362169999996,-17.270936799464454],[-56.29496099999989,-17.271312499464337],[-56.29721069999989,-17.2745013994643],[-56.29762679999994,-17.27585979946423],[-56.29784979999994,-17.276588099464256],[-56.298894199999886,-17.276593099464133],[-56.299626599999954,-17.27659659946423],[-56.30328439999988,-17.27440179946431],[-56.30350939999994,-17.27426679946426],[-56.306635799999974,-17.27299189946435],[-56.307159399999875,-17.272778299464356],[-56.30768299999994,-17.272564699464265],[-56.30929409999993,-17.26976499946442],[-56.31262489999994,-17.269501499464358],[-56.31354099999999,-17.269429099464443],[-56.31956919999993,-17.272545199464304],[-56.320452099999905,-17.273422099464312],[-56.32323689999992,-17.27618779946425],[-56.32359809999997,-17.277919099464217],[-56.323263299999894,-17.285715499463958],[-56.323636199999896,-17.285739699463946],[-56.326181499999905,-17.28590469946398],[-56.33045699999991,-17.2825783994641],[-56.33223279999993,-17.281683699464118],[-56.33498679999991,-17.282425499464058],[-56.335091699999964,-17.28308109946406],[-56.33550949999989,-17.285689899464014],[-56.33504169999992,-17.288945999463852],[-56.3358735999999,-17.289948499463897],[-56.338112599999874,-17.288603899463904],[-56.3387115999999,-17.2882440994639],[-56.33884779999988,-17.288217399463868],[-56.340513999999985,-17.28788989946396],[-56.34401769999988,-17.285284699463972],[-56.344402499999944,-17.284608199464042],[-56.34668509999989,-17.280594399464043],[-56.347367699999886,-17.280109499464167],[-56.34821389999991,-17.279508399464035],[-56.35029429999997,-17.278979299464048],[-56.351707499999975,-17.277536999464203],[-56.35198319999995,-17.27635819946424],[-56.350322599999856,-17.27453829946424],[-56.347757,-17.274701899464308],[-56.34481949999997,-17.275955199464185],[-56.34440869999992,-17.275951499464263],[-56.343513899999955,-17.275943299464185],[-56.34256899999991,-17.274853699464213],[-56.342959899999926,-17.27304229946431],[-56.348931999999884,-17.268640299464458],[-56.35440779999993,-17.266578099464496],[-56.35573529999988,-17.26685379946447],[-56.356679499999935,-17.267049899464443],[-56.35711609999993,-17.267273699464514],[-56.36043019999993,-17.268972499464393],[-56.361933999999906,-17.270437399464335],[-56.36248529999989,-17.27170319946429],[-56.362401999999925,-17.273880199464248],[-56.36056949999994,-17.277766299464183],[-56.36029639999998,-17.279215099464093],[-56.360654899999986,-17.28084429946413],[-56.362214300000005,-17.28174669946408],[-56.363981199999955,-17.282769199464084],[-56.365260999999975,-17.28350979946397],[-56.36594279999997,-17.28361439946401],[-56.36922309999989,-17.284117699464048],[-56.372599899999955,-17.284271099463975],[-56.37310539999993,-17.284449199463946],[-56.38306629999989,-17.287958399463957],[-56.38465319999989,-17.289861899463823],[-56.38467709999992,-17.289957799463902],[-56.38541199999997,-17.292900199463805],[-56.38687489999996,-17.298757199463637],[-56.3889299999999,-17.30194629946354],[-56.39258689999997,-17.30380999946355],[-56.3941190999999,-17.30459089946346],[-56.39540609999989,-17.305246899463434],[-56.397987199999875,-17.305307699463402],[-56.400515699999914,-17.305367299463455],[-56.40282269999983,-17.30627619946332],[-56.402851199999986,-17.306287399463457],[-56.40291159999998,-17.306365299463508],[-56.40390459999992,-17.30764629946331],[-56.40474109999991,-17.309831299463315],[-56.40517939999995,-17.31264309946325],[-56.40809559999992,-17.31610229946311],[-56.40905799999991,-17.31646739946311],[-56.410981299999946,-17.317196899463124],[-56.41148969999989,-17.317389699463106],[-56.41188179999995,-17.31724469946313],[-56.412705899999935,-17.316939899463105],[-56.41726489999991,-17.311622899463252],[-56.418682499999875,-17.311904699463287],[-56.418849099999875,-17.31204579946334],[-56.423736799999915,-17.316185699463166],[-56.42752359999997,-17.3167150994631],[-56.4297931999999,-17.31703249946306],[-56.43176909999988,-17.318127499463106],[-56.43259929999994,-17.318587499463067],[-56.43496209999995,-17.321051699462974],[-56.43841399999991,-17.32681529946288],[-56.4404214999999,-17.330167299462804],[-56.440571499999976,-17.33041779946279],[-56.44140409999994,-17.33082679946283],[-56.44209499999994,-17.331166199462732],[-56.44233099999991,-17.3312820994627],[-56.442668099999935,-17.33134419946268],[-56.44299819999998,-17.331404999462762],[-56.44412389999991,-17.33161239946266],[-56.444495599999925,-17.331488899462748],[-56.44762819999988,-17.330448199462744],[-56.44909299999995,-17.329242899462802],[-56.44926989999994,-17.329097299462752],[-56.449378399999944,-17.32891469946274],[-56.45064089999994,-17.326789899462863],[-56.45087759999989,-17.32639159946284],[-56.451096099999916,-17.325082799462873],[-56.45126979999992,-17.32404199946296],[-56.45128769999991,-17.320500699462954],[-56.45062979999989,-17.317781099463044],[-56.45065149999994,-17.31738939946309],[-56.450956299999916,-17.31190119946318],[-56.45237369999995,-17.31017559946335],[-56.45398249999994,-17.309550999463283],[-56.455958199999884,-17.310195899463256],[-56.460930899999944,-17.315569399463183],[-56.46196509999998,-17.315602899463112],[-56.46387079999989,-17.31566459946317],[-56.46396239999984,-17.315667599463154],[-56.464169599999934,-17.31547039946315],[-56.46556859999987,-17.31413909946319],[-56.46446099999997,-17.308610899463325],[-56.464482899999894,-17.30679399946343],[-56.4650395999999,-17.304802699463394],[-56.46646939999987,-17.30334669946347],[-56.46666369999997,-17.30314889946344],[-56.46751759999984,-17.30227939946356],[-56.46819469999992,-17.302188199463405],[-56.46885279999993,-17.302099599463556],[-56.47118219999999,-17.303381899463535],[-56.471655599999906,-17.305649499463453],[-56.47154029999996,-17.307559199463405],[-56.471502999999984,-17.308177499463373],[-56.471431399999915,-17.30936209946321],[-56.47219789999991,-17.30965589946327],[-56.472461799999905,-17.309756999463264],[-56.473124999999975,-17.31001119946335],[-56.47316649999988,-17.309966499463357],[-56.47739909999996,-17.30540799946344],[-56.48448569999994,-17.301125399463494],[-56.4847064999999,-17.30099199946358],[-56.49009819999998,-17.29831599946358],[-56.49659839999993,-17.29916519946356],[-56.49821019999995,-17.298710799463556],[-56.49907269999983,-17.29772679946368],[-56.499105499999985,-17.297566099463634],[-56.499460899999974,-17.295824199463627],[-56.499206099999924,-17.28956339946395],[-56.500519299999894,-17.286440299464005],[-56.50176879999998,-17.286325399463973],[-56.50260199999991,-17.28742549946392],[-56.50440539999988,-17.292792199463857],[-56.50684899999993,-17.294721799463733],[-56.508071899999955,-17.29528439946374],[-56.51118569999994,-17.294054599463795],[-56.51301689999991,-17.292442699463784],[-56.514432499999884,-17.292090899463812],[-56.51545839999989,-17.29282469946377],[-56.51396099999988,-17.29816119946357],[-56.51273749999996,-17.299504599463642],[-56.51118689999993,-17.30238789946351],[-56.50976919999988,-17.30328139946351],[-56.50792529999989,-17.30364539946349],[-56.506737899999905,-17.30387989946352],[-56.50529269999993,-17.304763799463455],[-56.50604479999993,-17.306044599463437],[-56.507105899999885,-17.30600599946346],[-56.50982359999995,-17.30590709946345],[-56.511313499999915,-17.306358499463357],[-56.51168359999991,-17.306470599463427],[-56.51387339999991,-17.312822699463275],[-56.51510139999982,-17.31261619946323],[-56.515294399999895,-17.312583699463143],[-56.52031909999988,-17.309839199463333],[-56.5221269999999,-17.310583899463293],[-56.522413699999895,-17.3108665994633],[-56.52370899999988,-17.312143999463256],[-56.52595689999998,-17.320503999463067],[-56.52718039999996,-17.321157599463017],[-56.528165999999885,-17.320990399463057],[-56.52868129999996,-17.320902999463016],[-56.529851399999984,-17.319100599463034],[-56.53104559999991,-17.313495199463205],[-56.53237419999988,-17.31296379946322],[-56.53315309999988,-17.31344799946323],[-56.53743249999991,-17.316107699463185],[-56.541653299999886,-17.31724509946317],[-56.54809709999989,-17.32211799946298],[-56.55101559999998,-17.32287629946299],[-56.55225119999989,-17.322462499463015],[-56.5541518,-17.321826099462953],[-56.555514799999905,-17.320652199462966],[-56.56118339999989,-17.318097199463118],[-56.565655799999945,-17.31552109946318],[-56.56763699999988,-17.314910799463135],[-56.57116279999991,-17.31530169946315],[-56.57343249999997,-17.316069399463167],[-56.57696219999991,-17.317263299463047],[-56.57704399999984,-17.31729089946311],[-56.57706810000002,-17.31732239946314],[-56.57935329999992,-17.32030279946308],[-56.5794259999999,-17.322207699463025],[-56.578266699999915,-17.32455089946295],[-56.574937299999874,-17.328132699462802],[-56.57510049999996,-17.329583299462815],[-56.576569899999924,-17.331054899462668],[-56.57776869999992,-17.330911999462764],[-56.58073839999997,-17.330557999462762],[-56.58490779999988,-17.329247599462825],[-56.58651839999993,-17.329445299462822],[-56.58839549999987,-17.3303650994627],[-56.588993899999934,-17.3306582994628],[-56.590287799999935,-17.330935699462753],[-56.593536799999924,-17.331632399462727],[-56.59372259999992,-17.331704299462746],[-56.59589229999989,-17.332544399462783],[-56.5974447999999,-17.332151199462665],[-56.60034829999995,-17.331415899462765],[-56.603292099999926,-17.32927419946273],[-56.60568299999994,-17.32875559946284],[-56.60700139999989,-17.329741199462788],[-56.60912519999993,-17.331328899462765],[-56.6097969999999,-17.332332199462712],[-56.61068529999994,-17.33214899946275],[-56.61185239999997,-17.33190819946272],[-56.614571399999875,-17.326591499462886],[-56.61677209999988,-17.32380739946296],[-56.62001809999998,-17.322032599462997],[-56.621992099999886,-17.321781999462992],[-56.625018299999965,-17.32208549946301],[-56.62770119999993,-17.32335279946297],[-56.62856829999998,-17.32376239946297],[-56.62829859999988,-17.331186799462756],[-56.629102799999885,-17.33355139946266],[-56.6304386999999,-17.33420099946267],[-56.63140329999988,-17.333528399462722],[-56.640796799999976,-17.32697809946289],[-56.64490909999994,-17.322310699462996],[-56.64523849999995,-17.318505699463035],[-56.64609489999999,-17.31714929946311],[-56.64743789999994,-17.316987099463137],[-56.64776559999996,-17.317232899463093],[-56.648549699999876,-17.317821099463004],[-56.6493830999999,-17.319453099462983],[-56.649882700000035,-17.32417609946292],[-56.649011199999904,-17.32579539946284],[-56.64426630000003,-17.32800749946285],[-56.64234439999984,-17.33052449946273],[-56.64387409999995,-17.33688689946251],[-56.644627899999875,-17.338338599462485],[-56.64546279999991,-17.339347699462547],[-56.64771129999991,-17.33946239946253],[-56.64774819999991,-17.33922739946256],[-56.64843639999993,-17.334847799462686],[-56.651459599999896,-17.326547599462902],[-56.65368499999988,-17.3230343994629],[-56.656711299999934,-17.321441499462946],[-56.65812719999992,-17.321178999462997],[-56.659826099999975,-17.321562699463026],[-56.660306899999966,-17.321960399462967],[-56.66093349999994,-17.322478799462978],[-56.66268679999996,-17.326759899462886],[-56.66135489999988,-17.32828699946275],[-56.65518619999995,-17.331843499462725],[-56.65563279999992,-17.333390299462764],[-56.6566552999999,-17.33448719946261],[-56.659380799999894,-17.335517199462544],[-56.66031809999993,-17.33670539946257],[-56.66065899999995,-17.33816339946254],[-56.66207159999988,-17.338902899462532],[-56.663180299999965,-17.3388488994625],[-56.66357499999992,-17.338829699462504],[-56.66462839999997,-17.338018499462603],[-56.67252049999996,-17.334574999462692],[-56.673847199999955,-17.33341089946268],[-56.67432719999988,-17.332058499462743],[-56.67393599999991,-17.325247899462934],[-56.67870709999989,-17.320136999462978],[-56.68318139999991,-17.316566399463134],[-56.68423489999992,-17.317196499463094],[-56.684879199999955,-17.31758179946309],[-56.68551669999993,-17.319306499463103],[-56.6909308999999,-17.324527599462936],[-56.69440189999989,-17.3267432994629],[-56.69591009999988,-17.3269387994628],[-56.69600989999997,-17.326563999462895],[-56.69629359999988,-17.325498299462772],[-56.69537889999999,-17.32413029946298],[-56.69340819999991,-17.32247679946299],[-56.692490799999916,-17.32091829946305],[-56.69193239999992,-17.31811019946302],[-56.69298919999989,-17.317482999463103],[-56.69440929999996,-17.316867199463125],[-56.6960198999999,-17.31706319946308],[-56.696618599999965,-17.317298399463095],[-56.697439199999906,-17.317620899463122],[-56.69996059999988,-17.31955499946305],[-56.700990299999944,-17.319788499463012],[-56.70110839999995,-17.319815299463013],[-56.7016511999999,-17.31993839946306],[-56.70179329999991,-17.319900099462924],[-56.704574899999955,-17.31914979946301],[-56.70677399999994,-17.316998699463078],[-56.708297399999935,-17.31701509946312],[-56.70877549999989,-17.317235999463158],[-56.71091159999998,-17.318222899463127],[-56.71354389999988,-17.318794799463063],[-56.71414719999996,-17.318529999463106],[-56.71516099999991,-17.318084999463043],[-56.71614139999998,-17.316614799463057],[-56.71709969999995,-17.31038829946326],[-56.718019599999934,-17.308332099463286],[-56.71927479999988,-17.307955299463373],[-56.719878399999914,-17.307774199463307],[-56.7206589999999,-17.307539899463382],[-56.72106609999992,-17.307686299463334],[-56.723271899999986,-17.3084795994633],[-56.72507559999997,-17.309128299463342],[-56.73062359999989,-17.309335899463345],[-56.731853699999874,-17.309381899463343],[-56.7319566999999,-17.309406499463254],[-56.73385419999994,-17.309860199463277],[-56.73599479999996,-17.312683599463206],[-56.736509099999985,-17.320732399463026],[-56.73684769999983,-17.321738799462942],[-56.73876639999986,-17.324499299462943],[-56.743461999999965,-17.32734269946283],[-56.74571589999994,-17.32801409946285],[-56.74708549999991,-17.3280284994628],[-56.748039999999946,-17.328038599462847],[-56.74873649999995,-17.32804589946284],[-56.74900499999995,-17.32792649946283],[-56.754707899999914,-17.325391199462807],[-56.756885599999976,-17.32568629946288],[-56.75716569999998,-17.325996499462974],[-56.757794399999966,-17.326692899462827],[-56.75832079999998,-17.329873999462695],[-56.7571592999999,-17.3339340994627],[-56.757211199999915,-17.336840099462613],[-56.75935519999996,-17.339211699462506],[-56.76329809999987,-17.340439199462484],[-56.76345819999989,-17.34043389946244],[-56.76754599999998,-17.3402983994625],[-56.76887449999993,-17.3408586994625],[-56.769272999999885,-17.34166069946238],[-56.76960019999996,-17.342319199462413],[-56.7694924999999,-17.343855199462354],[-56.768633199999954,-17.344843799462414],[-56.767125299999975,-17.345369299462376],[-56.76246709999993,-17.349034399462198],[-56.76090659999989,-17.35164849946215],[-56.76134629999996,-17.356001499461957],[-56.76287619999988,-17.360639199461936],[-56.76484809999994,-17.362923799461925],[-56.767460799999924,-17.364584699461872],[-56.77147669999989,-17.365868599461756],[-56.773134299999974,-17.36639819946179],[-56.777237399999926,-17.36715059946178],[-56.78245659999994,-17.36810759946178],[-56.784312199999874,-17.3686530994617],[-56.78507579999991,-17.3692333994617],[-56.786749299999826,-17.370504899461636],[-56.788992899999926,-17.374053699461466],[-56.7894025999999,-17.376873299461515],[-56.7887136999999,-17.379851799461413],[-56.786129399999886,-17.384447299461286],[-56.78598779999999,-17.387526499461256],[-56.787862099999984,-17.389544899461256],[-56.791029599999945,-17.391065899461008],[-56.79429279999994,-17.390684099461122],[-56.795968199999834,-17.39048799946115],[-56.796320799999876,-17.390446799461156],[-56.796591599999886,-17.390301699461045],[-56.8027985999999,-17.386976399461226],[-56.80441119999995,-17.386627999461275],[-56.80923209999986,-17.388006499461166],[-56.81524309999992,-17.389725299461066],[-56.82134829999996,-17.390697099461153],[-56.822438099999886,-17.390588099461088],[-56.82871189999992,-17.38996029946114],[-56.82929969999998,-17.390738899461052],[-56.82974279999996,-17.39132579946112],[-56.830296499999974,-17.39305289946106],[-56.829190799999935,-17.400650799460863],[-56.83024689999985,-17.407380399460656],[-56.831354399999896,-17.409736899460615],[-56.840049199999896,-17.414993999460517],[-56.842022799999945,-17.416735099460478],[-56.84201799999988,-17.41818929946039],[-56.83934909999988,-17.420788999460335],[-56.83616979999988,-17.42246459946029],[-56.834295799999836,-17.42345229946026],[-56.832996099999946,-17.423351599460194],[-56.83027029999994,-17.421785399460333],[-56.82780889999992,-17.421977399460303],[-56.826704899999974,-17.422334799460266],[-56.824406999999894,-17.423078899460265],[-56.821243899999956,-17.426129499460185],[-56.81960159999994,-17.430196599460054],[-56.81970089999999,-17.431691799459983],[-56.82049309999991,-17.43472529945991],[-56.821002799999974,-17.435736199459924],[-56.822719799999845,-17.43756329945989],[-56.82546289999988,-17.43859139945985],[-56.82818349999991,-17.438523899459852],[-56.82988889999991,-17.437349599459825],[-56.833241599999894,-17.435040999459883],[-56.83488899999998,-17.43569149945988],[-56.83703689999999,-17.436539599459902],[-56.83868439999986,-17.437634499459875],[-56.84090989999998,-17.442008599459697],[-56.83983749999999,-17.443824699459647],[-56.83708699999994,-17.446489299459508],[-56.83707159999989,-17.44650429945959],[-56.83377739999992,-17.44745239945957],[-56.83187899999996,-17.447998899459606],[-56.82882919999997,-17.44986189945957],[-56.82548959999997,-17.453086599459397],[-56.82480249999987,-17.45426079945935],[-56.82459839999996,-17.45579729945935],[-56.82541249999997,-17.458891699459326],[-56.827107099999914,-17.460896799459174],[-56.82936229999985,-17.462558199459178],[-56.832165499999974,-17.463669199459073],[-56.842100899999934,-17.463017699459208],[-56.844262999999955,-17.462642699459085],[-56.84540809999992,-17.46244419945919],[-56.8456559999999,-17.462604599459215],[-56.84782299999989,-17.464006399459166],[-56.84873499999992,-17.465921399459116],[-56.849941699999874,-17.470736799458976],[-56.84604509999997,-17.480578899458663],[-56.847522099999935,-17.483943499458636],[-56.85023879999994,-17.4867812994585],[-56.85146689999994,-17.486973999458563],[-56.85313649999989,-17.48592899945845],[-56.85374139999993,-17.48555049945857],[-56.85582879999998,-17.483487799458665],[-56.85793679999995,-17.482782399458667],[-56.86093749999998,-17.483262799458604],[-56.861964599999965,-17.48390689945853],[-56.86521389999996,-17.490015999458365],[-56.86665539999996,-17.495465999458325],[-56.8661565999999,-17.49962519945828],[-56.86527149999995,-17.500838499458144],[-56.862025099999926,-17.503403599458156],[-56.86147039999992,-17.505209599458052],[-56.86660479999995,-17.515460599457633],[-56.8670140999999,-17.515200699457807],[-56.867740599999934,-17.514739299457812],[-56.86924099999993,-17.514926099457742],[-56.869782599999894,-17.51545489945777],[-56.870543699999985,-17.516197999457773],[-56.869606899999894,-17.518911299457695],[-56.86965079999982,-17.519279899457615],[-56.869790099999875,-17.520449599457642],[-56.86980119999993,-17.52054219945766],[-56.86988969999993,-17.520610099457507],[-56.87222569999988,-17.522401099457607],[-56.872411399999976,-17.522543499457562],[-56.87468319999982,-17.5251777994575],[-56.87438559999999,-17.5281660994575],[-56.874849899999845,-17.530794099457445],[-56.875967499999945,-17.53297219945719],[-56.87718769999992,-17.533243299457332],[-56.87726319999996,-17.533172599457227],[-56.87824589999992,-17.532251399457262],[-56.87965839999998,-17.532350899457295],[-56.879694299999926,-17.53239159945729],[-56.880397399999936,-17.533189999457274],[-56.883074399999884,-17.536229399457227],[-56.88349679999988,-17.536708899457196],[-56.88679739999992,-17.53681619945716],[-56.88982879999992,-17.536914699457142],[-56.89274639999991,-17.53812649945719],[-56.895771999999965,-17.539383299457068],[-56.89658969999988,-17.539348699457122],[-56.89728509999992,-17.539319399457085],[-56.897829699999875,-17.53929639945714],[-56.898158199999955,-17.53917829945713],[-56.901327899999956,-17.538038499457183],[-56.90568229999992,-17.534074699457165],[-56.90817599999992,-17.532627399457375],[-56.90957629999997,-17.532546399457306],[-56.91143349999987,-17.534360399457277],[-56.91198109999988,-17.535132699457197],[-56.91491129999986,-17.539265499457066],[-56.91754449999996,-17.541355099457103],[-56.91884129999994,-17.541751899456955],[-56.9193196999999,-17.54189829945706],[-56.919626999999934,-17.54199229945694],[-56.923420799999974,-17.54192979945699],[-56.923770499999925,-17.54192409945707],[-56.92407739999993,-17.542106099456998],[-56.92546329999993,-17.542928099456894],[-56.92999719999988,-17.54710229945692],[-56.93366059999988,-17.548920099456897],[-56.93444209999989,-17.54894219945686],[-56.93529039999993,-17.548966099456894],[-56.93754339999998,-17.54902959945673],[-56.93963199999996,-17.549631399456853],[-56.9416781999999,-17.550221099456756],[-56.94460529999997,-17.552653999456673],[-56.9449608999999,-17.552949499456766],[-56.9461902999999,-17.55476079945664],[-56.94693289999998,-17.559839299456527],[-56.946357499999976,-17.563109699456408],[-56.94732979999998,-17.565324599456368],[-56.94896289999991,-17.5670973994564],[-56.94997209999991,-17.568192899456214],[-56.95037929999996,-17.568634899456335],[-56.95129419999989,-17.569045099456357],[-56.9519944999999,-17.569358999456277],[-56.960023299999875,-17.569838499456242],[-56.966799899999955,-17.57140419945627],[-56.96860529999992,-17.57303779945622],[-56.96863859999996,-17.573133699456243],[-56.97046369999999,-17.57838009945602],[-56.97119639999993,-17.578864899455983],[-56.97349249999991,-17.580384299456],[-56.978020499999964,-17.580668199455943],[-56.97963659999988,-17.579765799455995],[-56.98113029999985,-17.57950229945604],[-56.981610799999885,-17.579788799456047],[-56.98235569999997,-17.580232999455976],[-56.98074439999988,-17.58348919945597],[-56.98038529999991,-17.58492359945592],[-56.97988489999983,-17.58692279945581],[-56.97988349999997,-17.586924999455842],[-56.97829319999994,-17.589627699455654],[-56.97815519999988,-17.58986219945579],[-56.97685159999992,-17.5920776994557],[-56.97654699999999,-17.59340849945562],[-56.97616079999989,-17.595095499455624],[-56.975962699999904,-17.595961099455554],[-56.976372899999944,-17.596711699455593],[-56.97730319999994,-17.5984138994555],[-56.98132489999995,-17.602042899455448],[-56.98238659999999,-17.603860899455356],[-56.982828999999974,-17.60549769945522],[-56.98253159999996,-17.607678199455293],[-56.982454799999914,-17.60824079945529],[-56.98227399999996,-17.609566599455224],[-56.98141109999989,-17.611015499455196],[-56.98127939999995,-17.611135399455264],[-56.97894139999994,-17.613262999455085],[-56.976768499999814,-17.614072899455106],[-56.97280399999988,-17.613609099455147],[-56.971489299999924,-17.6127894994551],[-56.96829829999996,-17.6089735994552],[-56.96630229999988,-17.60734379945532],[-56.9623519999999,-17.60542639945528],[-56.96054679999992,-17.605155599455333],[-56.95884899999999,-17.60568649945521],[-56.9583070999999,-17.60717799945522],[-56.95826219999992,-17.607301299455198],[-56.957994999999926,-17.60803679945519],[-56.95910789999988,-17.61283889945513],[-56.9647470999999,-17.62173739945493],[-56.964773199999975,-17.621763699454878],[-56.96663469999988,-17.623639599454787],[-56.970027499999844,-17.625767099454823],[-56.97349959999997,-17.62794439945467],[-56.97360649999996,-17.628011399454728],[-56.973613799999896,-17.628056999454742],[-56.97407869999995,-17.631000699454617],[-56.97574579999991,-17.635073199454563],[-56.97648199999992,-17.63594909945458],[-56.976967599999966,-17.63652679945446],[-56.98062449999992,-17.63861009945438],[-56.98113459999985,-17.638900699454467],[-56.983850099999984,-17.641893099454247],[-56.9851829999999,-17.6446641994543],[-56.985249599999975,-17.6448024994543],[-56.98570319999993,-17.646438699454276],[-56.987131599999884,-17.6515907994541],[-56.98682719999993,-17.65593659945401],[-56.988219099999924,-17.65928999945389],[-56.99066379999994,-17.661834199453754],[-56.9953003999999,-17.66519519945376],[-56.99665309999989,-17.66665109945366],[-57.00004539999992,-17.670302399453618],[-57.000434999999925,-17.670721799453553],[-57.00123709999991,-17.670830499453604],[-57.004687399999966,-17.671297799453498],[-57.00960439999989,-17.67046469945362],[-57.011974099999975,-17.67173319945356],[-57.01327479999992,-17.672429399453492],[-57.01406929999996,-17.67610009945342],[-57.01407529999989,-17.676127399453307],[-57.01407569999992,-17.676129399453476],[-57.014077099999895,-17.676135699453475],[-57.014079799999934,-17.676148399453428],[-57.0140975999999,-17.67623059945332],[-57.01482719999996,-17.679601299453235],[-57.01658109999994,-17.682345199453255],[-57.01882799999993,-17.683835099453137],[-57.019577099999935,-17.685114199453132],[-57.018797599999914,-17.69098339945304],[-57.01926989999993,-17.69216649945299],[-57.02066119999996,-17.693003499452956],[-57.02199089999982,-17.69302819945288],[-57.02471499999996,-17.694241699452977],[-57.02660409999993,-17.694456399452974],[-57.029003599999896,-17.694144699452938],[-57.03038669999995,-17.693964999452902],[-57.032348699999886,-17.694088199452963],[-57.032646899999975,-17.69427749945283],[-57.0333768999999,-17.694741199452892],[-57.037296699999956,-17.703577499452642],[-57.037747499999966,-17.7062156994526],[-57.03660379999991,-17.711089699452437],[-57.03989869999993,-17.717891399452302],[-57.04248819999998,-17.72176629945217],[-57.04399249999984,-17.72876349945204],[-57.04491459999991,-17.730321299451997],[-57.047799699999985,-17.73253189945195],[-57.04821549999991,-17.732554099451946],[-57.05015829999991,-17.732657799451893],[-57.051969399999905,-17.732140499451834],[-57.05671659999996,-17.729496499451983],[-57.0587339999999,-17.730254399452075],[-57.05974299999996,-17.730633399451964],[-57.06218609999996,-17.733055599451852],[-57.06318759999988,-17.734048499451916],[-57.06419529999994,-17.735047499451873],[-57.0665520999999,-17.735623599451788],[-57.06670509999998,-17.73560249945182],[-57.07127469999995,-17.734973099451743],[-57.07391209999986,-17.73546349945188],[-57.07532269999996,-17.736839299451802],[-57.075504899999935,-17.73750179945181],[-57.07688319999993,-17.74251299945169],[-57.078888299999896,-17.747026599451562],[-57.079653599999915,-17.7487493994515],[-57.07982459999994,-17.74913429945157],[-57.07998769999995,-17.74922019945145],[-57.08123969999997,-17.749880099451445],[-57.089161299999944,-17.750811499451434],[-57.09216859999997,-17.752399399451335],[-57.092402399999976,-17.752717999451395],[-57.09310339999996,-17.753673399451376],[-57.09646929999991,-17.760795699451187],[-57.097303099999976,-17.768136499450943],[-57.09858079999992,-17.77041759945088],[-57.10149549999994,-17.772186299450798],[-57.10227729999997,-17.7723268994508],[-57.10366389999996,-17.772576199450803],[-57.105267399999946,-17.772253899450806],[-57.108657699999874,-17.77283009945087],[-57.11199809999994,-17.771343199450868],[-57.113609099999906,-17.771723699450817],[-57.113782199999946,-17.772091099450822],[-57.11477429999997,-17.77419679945083],[-57.114944599999944,-17.7769988994507],[-57.11435339999997,-17.77826269945073],[-57.1144129999999,-17.780066599450585],[-57.11560779999991,-17.781086299450646],[-57.117951199999936,-17.78105579945062],[-57.11902329999998,-17.781041899450614],[-57.12094259999998,-17.780163999450657],[-57.12435759999994,-17.778132399450655],[-57.126887799999906,-17.77491649945075],[-57.128003099999944,-17.774127099450745],[-57.13152549999995,-17.773622399450847],[-57.134712499999864,-17.77421219945077],[-57.140938699999886,-17.7705038994509],[-57.14399179999998,-17.768190799450977],[-57.14674409999998,-17.767505099450926],[-57.148138899999935,-17.768522299450993],[-57.14829649999991,-17.768759399450975],[-57.15396979999991,-17.7772974994507],[-57.15593999999993,-17.778411799450705],[-57.15692749999994,-17.778512599450693],[-57.16007859999991,-17.778834299450708],[-57.17163089999997,-17.776472999450647],[-57.174851499999875,-17.77623859945069],[-57.178070399999974,-17.77758519945069],[-57.1784442999999,-17.77774159945067],[-57.18105229999992,-17.78013669945055],[-57.184208199999944,-17.781892899450607],[-57.19124449999993,-17.78580849945052],[-57.19458579999998,-17.787045399450363],[-57.199615199999926,-17.78852349945042],[-57.20063649999997,-17.78882369945044],[-57.204248299999904,-17.78925189945042],[-57.20673949999991,-17.789121999450423],[-57.21105239999998,-17.788896999450376],[-57.21587279999994,-17.78797149945047],[-57.218076299999886,-17.7871845994504],[-57.225243499999976,-17.78284289945056],[-57.22713739999989,-17.782784699450616],[-57.22760759999983,-17.783222399450626],[-57.2283278999999,-17.783892999450472],[-57.228607899999986,-17.785250999450533],[-57.22760999999991,-17.78913129945041],[-57.22807809999995,-17.790301999450318],[-57.2301579999999,-17.7900899994504],[-57.232454099999984,-17.78927019945043],[-57.235084099999824,-17.788331299450466],[-57.236103199999945,-17.789341299450275],[-57.236748099999936,-17.791380199450344],[-57.23699439999996,-17.792159099450206],[-57.238461499999914,-17.794627099450217],[-57.23997159999993,-17.796189399450224],[-57.24296819999994,-17.797584399450137],[-57.2444716999999,-17.797785099450124],[-57.244921899999945,-17.797367499450132],[-57.24888859999999,-17.79368749945033],[-57.25049739999997,-17.792983199450337],[-57.25202369999994,-17.793455999450284],[-57.25215419999989,-17.793931799450274],[-57.25272269999988,-17.796005199450246],[-57.25174729999992,-17.797980399450203],[-57.24546659999993,-17.806314699449974],[-57.24396829999995,-17.806925999449852],[-57.23564149999993,-17.807622299449907],[-57.23411319999997,-17.808143899449853],[-57.23249329999992,-17.809389699449856],[-57.231611599999894,-17.811191799449833],[-57.23263309999999,-17.81238409944976],[-57.23415579999994,-17.81243929944978],[-57.23670179999982,-17.812531599449777],[-57.24627739999993,-17.811028599449806],[-57.252612099999965,-17.810761999449788],[-57.254392399999915,-17.81159859944978],[-57.254763599999876,-17.81206309944978],[-57.25541659999994,-17.812880099449853],[-57.2566915999999,-17.816071999449697],[-57.25851979999993,-17.817505199449684],[-57.26033799999988,-17.818930399449606],[-57.2612418999999,-17.819301499449598],[-57.263072699999945,-17.820053299449572],[-57.26483569999988,-17.820349599449553],[-57.26920069999994,-17.81950799944958],[-57.26931809999997,-17.81945839944957],[-57.274802999999906,-17.817142299449657],[-57.27588049999997,-17.815705899449714],[-57.27749149999988,-17.814550099449743],[-57.28377289999992,-17.81291279944976],[-57.28457209999988,-17.81364539944974],[-57.2850777999999,-17.814108999449765],[-57.28494129999996,-17.815464699449766],[-57.2828813999999,-17.821410299449568],[-57.283330399999905,-17.822693999449523],[-57.28510929999993,-17.82260509944954],[-57.286754799999926,-17.82252279944945],[-57.290111999999965,-17.822083799449494],[-57.29233489999996,-17.821368799449612],[-57.293496299999845,-17.819932699449563],[-57.292915599999965,-17.81895809944959],[-57.29202729999997,-17.817466999449618],[-57.290327699999864,-17.8163586994497],[-57.28997099999992,-17.81599049944962],[-57.288193799999874,-17.814155899449737],[-57.290022399999835,-17.811553699449806],[-57.29144589999993,-17.81139349944982],[-57.29388809999995,-17.81250829944971],[-57.2941186999999,-17.81275239944974],[-57.29658109999991,-17.815359299449714],[-57.297997899999984,-17.816373999449617],[-57.298249199999994,-17.816441399449715],[-57.299768999999976,-17.816848599449624],[-57.30130169999995,-17.815962799449714],[-57.30649369999992,-17.81050929944987],[-57.308084099999974,-17.810807299449788],[-57.30831219999993,-17.81102949944978],[-57.30930319999987,-17.811994799449778],[-57.31138449999986,-17.817824499449607],[-57.31268969999985,-17.81856209944963],[-57.31383579999982,-17.818417599449663],[-57.31525169999992,-17.818239099449542],[-57.31666279999996,-17.81853099944963],[-57.3175541999999,-17.819094199449484],[-57.31769189999994,-17.81918119944955],[-57.319466299999924,-17.821820999449535],[-57.32085759999995,-17.82302539944951],[-57.322191499999924,-17.823219299449555],[-57.322524699999924,-17.823386499449516],[-57.324478299999946,-17.82436699944935],[-57.32479989999991,-17.82452839944948],[-57.32522629999994,-17.82915079944926],[-57.32670749999989,-17.82933139944928],[-57.330888499999894,-17.829841399449343],[-57.33352899999989,-17.83016349944933],[-57.335111599999884,-17.831092899449214],[-57.33681619999998,-17.831456099449248],[-57.337385999999974,-17.831577399449234],[-57.34135839999993,-17.830634399449306],[-57.34257819999988,-17.831282199449316],[-57.342577799999965,-17.831294099449266],[-57.34241149999986,-17.835994799449136],[-57.34380459999995,-17.836180799449163],[-57.34391539999996,-17.836195599449137],[-57.34668979999998,-17.83414599944923],[-57.347887099999916,-17.835192099449092],[-57.35005849999993,-17.83708929944907],[-57.35301059999995,-17.83775749944911],[-57.35345639999997,-17.837858399449004],[-57.35615949999987,-17.83719669944906],[-57.35860699999989,-17.836090099449184],[-57.363153499999896,-17.833560499449135],[-57.36496449999993,-17.83167349944929],[-57.368080699999844,-17.826199199449437],[-57.369614799999916,-17.825493399449403],[-57.376497799999925,-17.825763599449377],[-57.37744819999988,-17.826183899449344],[-57.378139699999906,-17.826489699449425],[-57.38007129999993,-17.827343999449365],[-57.380721399999906,-17.828544499449368],[-57.381519599999876,-17.831994299449285],[-57.38207949999992,-17.838605199449045],[-57.384662899999974,-17.84344249944893],[-57.38568639999993,-17.844272899448953],[-57.389079899999956,-17.84603659944882],[-57.38993939999983,-17.84584169944889],[-57.39136299999996,-17.84551879944881],[-57.39508159999997,-17.842585199449008],[-57.39710739999998,-17.839898399449083],[-57.39810549999993,-17.839523099449003],[-57.39852109999998,-17.839366799449063],[-57.39916029999989,-17.84022139944906],[-57.39927529999994,-17.840374999448976],[-57.39985559999997,-17.845542799448932],[-57.400578399999915,-17.847822699448894],[-57.40243829999997,-17.8502002994487],[-57.402724399999954,-17.85056599944878],[-57.40586029999997,-17.852474499448686],[-57.406821899999954,-17.853059699448714],[-57.409752099999935,-17.85391529944865],[-57.41066699999993,-17.855378899448578],[-57.41008369999992,-17.85690479944859],[-57.41074999999989,-17.858093099448574],[-57.41263189999989,-17.857666899448535],[-57.413387399999976,-17.857495799448614],[-57.41722079999988,-17.854650999448584],[-57.419109399999904,-17.854128899448646],[-57.42173689999999,-17.85419839944864],[-57.42627629999998,-17.856395999448623],[-57.42766349999989,-17.8580054994485],[-57.431907999999915,-17.86293019944843],[-57.43638309999988,-17.86966119944819],[-57.43863429999994,-17.871498099448203],[-57.43905419999993,-17.871692399448293],[-57.44286399999993,-17.87345439944816],[-57.44541709999998,-17.87376129944815],[-57.446725299999855,-17.874504099448146],[-57.44703329999993,-17.875164399448117],[-57.44727659999989,-17.875686199448108],[-57.44755329999999,-17.881753899447908],[-57.44591969999988,-17.891968299447683],[-57.44708049999992,-17.89533189944754],[-57.45246889999998,-17.902643499447386],[-57.453029599999915,-17.902686599447296],[-57.453887799999904,-17.902752699447316],[-57.45635909999999,-17.901790499447404],[-57.460249999999974,-17.899854999447452],[-57.46193559999989,-17.898535799447412],[-57.464389799999935,-17.895288699447605],[-57.46714089999989,-17.888623299447758],[-57.47179599999999,-17.885144799447875],[-57.47766899999988,-17.87888209944795],[-57.47890689999991,-17.875429199448085],[-57.47908259999997,-17.874566299448034],[-57.47933389999997,-17.870122799448165],[-57.47941529999997,-17.868682799448266],[-57.47864019999997,-17.86377169944832],[-57.47735599999992,-17.860771499448486],[-57.477389299999906,-17.860522099448467],[-57.47758579999992,-17.859053299448565],[-57.48474599999997,-17.862009899448548],[-57.48527439999998,-17.86222809944843],[-57.48591819999996,-17.862237199448487],[-57.48670319999996,-17.862248299448417],[-57.48747279999997,-17.862259199448438],[-57.49281949999989,-17.861475999448505],[-57.494276099999865,-17.861262599448516],[-57.49483779999997,-17.861310899448515],[-57.49672439999995,-17.861473199448557],[-57.49706519999989,-17.861424099448495],[-57.49844639999993,-17.861224999448357],[-57.50358069999993,-17.86169409944842],[-57.503868599999976,-17.861803399448384],[-57.50936039999988,-17.863888099448346],[-57.5112122999999,-17.863897999448355],[-57.51133199999992,-17.86389869944846],[-57.51635869999989,-17.862825899448342],[-57.518591899999926,-17.861877999448453],[-57.51911099999989,-17.861657699448553],[-57.519638999999984,-17.86127049944847],[-57.52244029999997,-17.85921609944856],[-57.52850939999984,-17.85691819944854],[-57.530974199999946,-17.855984899448636],[-57.53198649999996,-17.855358999448544],[-57.534776899999876,-17.853633799448573],[-57.53524939999994,-17.852189999448616],[-57.53102289999998,-17.844644399448853],[-57.53055389999991,-17.84292079944897],[-57.530469299999936,-17.840925999449055],[-57.53102789999996,-17.839113499449063],[-57.53234899999984,-17.838397999448965],[-57.53652479999994,-17.836136399449135],[-57.53919769999993,-17.833696599449215],[-57.54115349999995,-17.832702099449186],[-57.54327799999993,-17.83162189944929],[-57.547006599999975,-17.830564799449228],[-57.547892799999936,-17.830313599449312],[-57.54991039999999,-17.82974169944926],[-57.55200379999991,-17.8282052994494],[-57.5545851999999,-17.82140979944951],[-57.557631199999946,-17.81615929944972],[-57.558664999999955,-17.81543689944965],[-57.559393499999935,-17.815372399449647],[-57.56161459999993,-17.815175799449737],[-57.567749599999956,-17.816823199449658],[-57.569679199999825,-17.816646399449702],[-57.56987719999995,-17.81650629944963],[-57.57144869999996,-17.815394499449727],[-57.57354929999991,-17.8127743994498],[-57.57453409999988,-17.804061299449945],[-57.576331499999924,-17.80052839945012],[-57.57794699999994,-17.80017319945013],[-57.57891199999989,-17.800259599450115],[-57.58741639999988,-17.801020399450117],[-57.59172799999993,-17.802644499449922],[-57.59886699999999,-17.804498999450015],[-57.600735099999895,-17.804696199449953],[-57.60079439999993,-17.804702399449926],[-57.60236109999988,-17.804867799449944],[-57.60258019999997,-17.804788199449945],[-57.603587999999945,-17.804422099449955],[-57.60588379999984,-17.80233939944999],[-57.609308799999894,-17.797541499450148],[-57.61216529999991,-17.788124699450464],[-57.61258319999985,-17.77941119945058],[-57.61155979999989,-17.778178899450698],[-57.61152959999998,-17.778142499450706],[-57.60742349999998,-17.779548899450674],[-57.60733269999991,-17.779579999450675],[-57.60728589999996,-17.779581299450676],[-57.60580749999991,-17.77962329945069],[-57.604533799999956,-17.779659399450676],[-57.60272889999993,-17.7790258994507],[-57.600833499999965,-17.7767495994507],[-57.60095049999996,-17.775290699450803],[-57.60227889999999,-17.772582599450928],[-57.603419999999915,-17.771678599450908],[-57.60994409999989,-17.77106249945093],[-57.612811599999986,-17.769617899450886],[-57.61488589999993,-17.766812199451014],[-57.61821909999998,-17.75856829945127],[-57.61966639999997,-17.756394699451224],[-57.62002879999994,-17.754763499451297],[-57.619477199999956,-17.753131899451343],[-57.61844399999989,-17.752403999451356],[-57.61729019999991,-17.752159499451405],[-57.616247599999895,-17.751938399451316],[-57.61365359999997,-17.75242199945142],[-57.61286499999988,-17.75256899945133],[-57.61152989999982,-17.751834899451357],[-57.61199879999999,-17.750293699451436],[-57.612864499999944,-17.749304399451496],[-57.61415509999994,-17.749184199451484],[-57.61752189999999,-17.748870399451484],[-57.61758059999988,-17.748864999451396],[-57.61864339999988,-17.74778189945152],[-57.62311089999998,-17.736358999451813],[-57.628168799999855,-17.731845699451956],[-57.63072019999993,-17.72794599945207],[-57.63452859999989,-17.724239499452096],[-57.63822169999986,-17.719265099452315],[-57.640303899999935,-17.717359299452326],[-57.643530799999944,-17.717461099452304],[-57.6436389999999,-17.71758299945226],[-57.6447445999999,-17.71882859945229],[-57.64530979999994,-17.723364399452212],[-57.64597119999997,-17.724361499452137],[-57.651382299999966,-17.725510999452094],[-57.65203229999991,-17.725648999452144],[-57.653062799999994,-17.726073999452137],[-57.66044719999991,-17.729118799451996],[-57.660538299999985,-17.729140299452],[-57.663554199999965,-17.729853799451938],[-57.667054499999956,-17.7261443994521],[-57.668503999999984,-17.725964899451995],[-57.66862769999989,-17.726068999452085],[-57.66980589999986,-17.72706009945209],[-57.67047089999988,-17.728597299452023],[-57.6711173999999,-17.728455599452044],[-57.6716894999999,-17.728330099452023],[-57.672391899999866,-17.719720799452276],[-57.67383319999993,-17.719563499452203],[-57.67647699999992,-17.719274699452313],[-57.676700199999914,-17.7192108994523],[-57.683085199999944,-17.717383199452364],[-57.684613099999915,-17.716481499452282],[-57.68527739999985,-17.7153045994523],[-57.685474299999896,-17.713406699452445],[-57.684528399999984,-17.710215999452465],[-57.680470199999895,-17.70522809945266],[-57.6801150999999,-17.70404499945259],[-57.68314389999989,-17.696256399452817],[-57.68072519999987,-17.68491019945314],[-57.67979859999986,-17.683482499453266],[-57.6776147999999,-17.68263199945328],[-57.67203179999989,-17.682076699453322],[-57.67199779999993,-17.682043599453266],[-57.67124989999997,-17.6813160994533],[-57.671003699999915,-17.68107659945329],[-57.67277439999998,-17.678725499453364],[-57.67281089999988,-17.6772733994534],[-57.67185529999995,-17.67436779945352],[-57.67059389999997,-17.673387999453386],[-57.67033329999999,-17.67318559945353],[-57.66891909999992,-17.673266999453414],[-57.668867999999975,-17.672413399453582],[-57.668837699999926,-17.671906499453595],[-57.67249799999985,-17.670737899453474],[-57.671389399999946,-17.668557599453628],[-57.67102839999996,-17.666561899453722],[-57.671779899999926,-17.66411239945384],[-57.674442399999975,-17.661583199453773],[-57.677191099999845,-17.65996069945387],[-57.67938759999993,-17.657700899453943],[-57.679113799999925,-17.65624289945385],[-57.67839429999993,-17.65544099945393],[-57.677229099999984,-17.65414269945406],[-57.67675089999994,-17.65360979945412],[-57.67694849999992,-17.65215479945409],[-57.68158219999998,-17.651083399454116],[-57.6827277999999,-17.65035939945409],[-57.68288019999983,-17.649067699454097],[-57.682910199999924,-17.64881269945418],[-57.68212829999987,-17.64833269945427],[-57.68158539999991,-17.6479993994542],[-57.682721599999915,-17.642737599454367],[-57.683365699999854,-17.642490399454275],[-57.68394519999992,-17.642267999454347],[-57.6841346999999,-17.642195299454375],[-57.68527229999995,-17.643023699454343],[-57.68661539999987,-17.642745199454367],[-57.689909899999975,-17.640311399454433],[-57.690504199999964,-17.638857099454384],[-57.689162999999894,-17.638763999454426],[-57.68909049999996,-17.6387218994544],[-57.688201699999865,-17.638205599454395],[-57.687750399999906,-17.637943399454393],[-57.686917599999845,-17.636760199454525],[-57.68646649999983,-17.632379499454625],[-57.686756799999955,-17.62932079945466],[-57.68769789999993,-17.628237999454736],[-57.68793429999994,-17.62823839945465],[-57.68897589999988,-17.628240099454697],[-57.689025899999926,-17.62824019945472],[-57.689603199999915,-17.628589099454718],[-57.68965129999999,-17.628618199454717],[-57.69024349999996,-17.628976099454576],[-57.69139889999991,-17.628507999454786],[-57.691998799999965,-17.627826399454683],[-57.692701599999964,-17.627028099454662],[-57.69271799999991,-17.62700949945463],[-57.692917999999906,-17.626782299454767],[-57.69386169999989,-17.625710699454753],[-57.6944155999999,-17.625081799454904],[-57.69689039999997,-17.620642799454806],[-57.6972740999999,-17.615476199455003],[-57.699361799999906,-17.612486799455088],[-57.69983429999991,-17.61111769945521],[-57.70034169999997,-17.605685499455326],[-57.70205469999996,-17.601243599455433],[-57.70120139999989,-17.600067099455476],[-57.69933679999996,-17.60088289945545],[-57.69874409999994,-17.601142199455488],[-57.698235699999884,-17.60117309945544],[-57.697220399999935,-17.601234699455475],[-57.69780339999994,-17.599787899455468],[-57.701779299999885,-17.59462629945565],[-57.702443099999925,-17.593168899455694],[-57.702080899999885,-17.591995899455675],[-57.70224619999981,-17.591089099455644],[-57.702315099999915,-17.590711299455744],[-57.70236139999991,-17.590457299455768],[-57.70268319999992,-17.590304399455732],[-57.70269789999998,-17.590297299455777],[-57.70388259999993,-17.589734299455742],[-57.70350519999988,-17.588280099455826],[-57.7016655999999,-17.585036099455923],[-57.70139909999989,-17.58456619945577],[-57.700670799999955,-17.583281899455848],[-57.70137719999997,-17.579254399456072],[-57.70149639999994,-17.578574899456097],[-57.701640799999886,-17.57775169945611],[-57.70618629999996,-17.575409999456127],[-57.70733059999986,-17.574416299456175],[-57.709422399999944,-17.571147999456205],[-57.71074749999996,-17.56779399945634],[-57.71094799999992,-17.566077399456386],[-57.710833199999854,-17.565730999456438],[-57.70993549999992,-17.563021799456486],[-57.70980349999991,-17.562623399456495],[-57.71219599999989,-17.558909399456596],[-57.71183409999998,-17.555019599456738],[-57.71250009999994,-17.55211079945676],[-57.71174949999988,-17.544403899457002],[-57.71180599999996,-17.54421949945693],[-57.71193189999992,-17.543808999457013],[-57.71213899999998,-17.543133799457035],[-57.71408889999992,-17.542434399456916],[-57.71677579999994,-17.54097249945703],[-57.71886109999992,-17.536523599457205],[-57.72435639999992,-17.5325493994573],[-57.72503149999994,-17.531012399457353],[-57.72805759999994,-17.529747899457398],[-57.73097029999997,-17.529848299457345],[-57.732628099999886,-17.530717299457283],[-57.74005149999993,-17.536305199457157],[-57.74244509999994,-17.540413299456986],[-57.742499399999986,-17.540506399457115],[-57.74359509999988,-17.542851499456955],[-57.746052799999916,-17.551417099456838],[-57.747803699999906,-17.55751909945655],[-57.75027389999991,-17.562090399456505],[-57.75229469999988,-17.564463099456457],[-57.753564501449546,-17.567141541920105],[-57.75282472099997,-17.56781138845628],[-57.7542767189999,-17.56840303945636],[-57.754868048999924,-17.56864399045632],[-57.7576201629999,-17.569765404456238],[-57.764487948999886,-17.57256384645625],[-57.768057140999986,-17.57713241245611],[-57.77119802899989,-17.58255758345599],[-57.77262570699997,-17.589553198455793],[-57.77280188399987,-17.591244504455688],[-57.77333954399995,-17.596406046455602],[-57.774751296999966,-17.60028121445548],[-57.77490988099987,-17.600439798455493],[-57.77534390071213,-17.600873818167734],[-57.775730099999976,-17.601658299455433],[-57.778254499999946,-17.604533299455376],[-57.78376680781582,-17.60744209427119],[-57.78402444699993,-17.60769973345528],[-57.78437234576114,-17.60839553183518],[-57.784471106813726,-17.60904362263537],[-57.78448810299994,-17.609264577455203],[-57.78446202953336,-17.60983819224447],[-57.78364904799117,-17.612599231914995],[-57.78350283099997,-17.612857923455163],[-57.783155087999944,-17.61366932345511],[-57.78240164599999,-17.615060296455095],[-57.78170615799996,-17.615813739455028],[-57.7810686289999,-17.616161482455038],[-57.780373142999906,-17.616219439454948],[-57.7796196999999,-17.615987610455036],[-57.7791560419999,-17.615523953455035],[-57.77880096299992,-17.6150110604551],[-57.77863442899991,-17.61477051045511],[-57.77805485699992,-17.614017066455133],[-57.777243454999955,-17.61337953745514],[-57.776084311999966,-17.612684051455165],[-57.7751569969999,-17.61245222245509],[-57.7744035529999,-17.61245222245509],[-57.773534194999904,-17.612568137455185],[-57.7728966659999,-17.61297383745515],[-57.772375052999905,-17.613321580455164],[-57.772085266999916,-17.613959109455106],[-57.77185343699995,-17.614886424455094],[-57.77196935199993,-17.615523953455035],[-57.772231038999905,-17.616099666455067],[-57.77248083360582,-17.616649213683502],[-57.77246949999995,-17.617102299455023],[-57.773398599999894,-17.620818699454954],[-57.77376493304599,-17.623833753840042],[-57.773766024999986,-17.62386978845494],[-57.77377692962244,-17.623932490034317],[-57.77408229999997,-17.626445799454718],[-57.774899234729666,-17.62735756080451],[-57.77544678199997,-17.628100662454727],[-57.776027786382436,-17.628617110363066],[-57.77997239999996,-17.633019599454613],[-57.78247439388935,-17.636157920012227],[-57.78263347399997,-17.63679424045446],[-57.78263347399997,-17.637143332454468],[-57.78263347399997,-17.637483179262745],[-57.781059299999924,-17.640277099454455],[-57.78140989999997,-17.644010999454288],[-57.78064497269458,-17.646963627580007],[-57.77990948599989,-17.6477481474542],[-57.778913469999914,-17.64844102745421],[-57.778576469999905,-17.648675462454204],[-57.77718549899993,-17.649892563454113],[-57.77660592599995,-17.65093579345408],[-57.776374097999955,-17.652036979454017],[-57.776374097999955,-17.65360182345406],[-57.77643834168987,-17.654308503066492],[-57.776012163723635,-17.657180183329203],[-57.775968397999975,-17.657253126453934],[-57.77521495499997,-17.65829635545386],[-57.77495476174051,-17.658437293235473],[-57.77283586085492,-17.659390529700527],[-57.772143222999944,-17.659629370453818],[-57.77069429299996,-17.660093028453815],[-57.76941923599998,-17.6604987284539],[-57.7679123499999,-17.660672600453783],[-57.766637289999885,-17.660788514453895],[-57.76513040499992,-17.660730557453867],[-57.76505327999997,-17.66072091645379],[-57.764203089999846,-17.660614642453893],[-57.76321781799993,-17.660556685453862],[-57.76258028899997,-17.660730557453867],[-57.762232544999954,-17.66119421445386],[-57.762058672999956,-17.661773786453832],[-57.76130522999989,-17.66310680145369],[-57.760949282999945,-17.66397689645371],[-57.76078361599992,-17.664381859453748],[-57.76014608599991,-17.665598960453668],[-57.75993928599985,-17.665917114453617],[-57.7593926419999,-17.666758104453613],[-57.7585232849999,-17.668091119453642],[-57.75782779899993,-17.669887792453594],[-57.757306183999965,-17.671394679453442],[-57.75720474799988,-17.67220617345348],[-57.75713163390424,-17.672791085658186],[-57.75645958577463,-17.675911351496715],[-57.755915210999895,-17.67730631145339],[-57.755682127999876,-17.677743342453372],[-57.75498789699997,-17.679045027453377],[-57.75423445399998,-17.68060987145325],[-57.753917833999886,-17.68163888545326],[-57.75353896799999,-17.68287020145326],[-57.75313946699998,-17.683846758453175],[-57.753017352999905,-17.684145259453203],[-57.75220595299993,-17.68675333245317],[-57.75197412299991,-17.687854519453154],[-57.752147994999916,-17.6889557054531],[-57.752147994999916,-17.68913172852466],[-57.752145599999885,-17.68914319945308],[-57.751830099999886,-17.694191899452868],[-57.751549756942616,-17.6944925451324],[-57.750235407999924,-17.69509916745294],[-57.749308092999975,-17.69509916745294],[-57.74890964999987,-17.69503691045292],[-57.74745346199989,-17.694809381452952],[-57.74617840499991,-17.694577552452884],[-57.74530904799991,-17.694345724452955],[-57.74510262299998,-17.69425971445294],[-57.74461355999995,-17.69405593845297],[-57.74385212099991,-17.693859446452983],[-57.743222872999986,-17.693805075452843],[-57.74235323099998,-17.69388206645296],[-57.74177365799989,-17.69405593845297],[-57.74096225799996,-17.694519595452974],[-57.740324728999894,-17.695446910452837],[-57.739571284999904,-17.6967219684529],[-57.738701927999905,-17.698402726452873],[-57.73835418599992,-17.69990961345283],[-57.7381168299999,-17.70114386345278],[-57.73806439999993,-17.701416500452684],[-57.73777461299994,-17.70240177245275],[-57.73770595499985,-17.702580282452754],[-57.737484826999946,-17.703155216452622],[-57.737137084999866,-17.70443027445267],[-57.73690525499995,-17.7053575894526],[-57.73678143099983,-17.70622435545265],[-57.73673138299995,-17.70657468945265],[-57.73632568299996,-17.70831340545257],[-57.73586202599995,-17.709994163452496],[-57.73534041199997,-17.71138513645253],[-57.73452900999991,-17.713239766452386],[-57.7332077200839,-17.716377832734036],[-57.730798296369414,-17.719384829301895],[-57.73064587899995,-17.719499142452342],[-57.729370821999964,-17.720368499452253],[-57.727516190999886,-17.721006028452262],[-57.72600930399989,-17.721295814452247],[-57.724792203999925,-17.721295814452247],[-57.72420226299988,-17.721185200452254],[-57.72386488899986,-17.721121943452232],[-57.722879615999936,-17.721006028452262],[-57.7217204729999,-17.72089011445227],[-57.7208511149999,-17.721006028452262],[-57.720213585999886,-17.721295814452247],[-57.71928627199991,-17.72193334345213],[-57.71841691299994,-17.722744744452193],[-57.71731572799996,-17.723787973452165],[-57.71638841199996,-17.72471528845209],[-57.7151328307251,-17.725861688214206],[-57.71349839999994,-17.727175799452066],[-57.71129949999988,-17.72866149945202],[-57.71930779999991,-17.773083399450854],[-57.68643100170715,-17.806586175842376],[-57.6840169429999,-17.809045832449854],[-57.68401694248939,-17.80904619903101],[-57.684013899999904,-17.8090492994499],[-57.684000628384744,-17.820760384089542],[-57.683989165999954,-17.828990555449234],[-57.683991301523065,-17.828990555433432],[-57.683991299999946,-17.828991899449345],[-57.69620150200665,-17.82899046448191],[-57.72030232799995,-17.828990285449304],[-57.72142952911765,-17.82899027748014],[-57.71818558261821,-17.834727042881976],[-57.66696375699997,-17.925188829446732],[-57.64317011699984,-17.96721027744568],[-57.62631872600673,-17.99697116527373],[-57.62159409999998,-18.00526439944462],[-57.60038269999996,-18.042673599443578],[-57.59737766001848,-18.052850429464772],[-57.58513907999991,-18.093554262442208],[-57.577438286999836,-18.119166038441595],[-57.57420861099997,-18.129907499441313],[-57.5375958049999,-18.166730399440286],[-57.52723233026865,-18.177153342459608],[-57.50513449999988,-18.198616699439498],[-57.5045998999999,-18.19859039943944],[-57.50395999999989,-18.19844139943953],[-57.50361819999995,-18.198099599439427],[-57.50345159999984,-18.197713899439513],[-57.50324129999984,-18.19650429943956],[-57.50290819999998,-18.1959520994395],[-57.502443699999894,-18.19559279943955],[-57.50208658273192,-18.195644871083957],[-57.501966522999965,-18.19554582243949],[-57.50154235099996,-18.1954183214396],[-57.501146096999946,-18.1954183214396],[-57.50069700899991,-18.195523989439543],[-57.500115835999964,-18.19568249043958],[-57.499693165999986,-18.19597307743957],[-57.499349744999904,-18.196210829439536],[-57.49903274299999,-18.196422165439486],[-57.49839873599989,-18.196659917439447],[-57.498048801999914,-18.19687376543955],[-57.4979232309999,-18.196950503439506],[-57.497474143999966,-18.197188256439524],[-57.49689297099991,-18.197452425439447],[-57.49633821499987,-18.197663761439507],[-57.49608510399998,-18.197769224439455],[-57.495704207999886,-18.19792793043955],[-57.495149451999914,-18.198060015439513],[-57.4944890289999,-18.19840343543954],[-57.49390785599996,-18.198958191439395],[-57.49361726999996,-18.199407279439466],[-57.493511601999955,-18.199935617439323],[-57.493508454999926,-18.19995135143948],[-57.493379517999934,-18.20059604143942],[-57.49319459999998,-18.201071546439394],[-57.49308893199998,-18.201467800439396],[-57.49287759699996,-18.202022555439424],[-57.4925870099999,-18.202498060439417],[-57.49200583699996,-18.202815063439374],[-57.49108767725131,-18.202815063439374],[-57.49045309999992,-18.20228489943939],[-57.4892741999999,-18.20072909943942],[-57.48816099999988,-18.20037409943942],[-57.487837537473865,-18.20038165310693],[-57.487514957999906,-18.20025262143944],[-57.48717153799993,-18.200199787439413],[-57.48686155099995,-18.200199787439413],[-57.48643186299989,-18.20019978743942],[-57.4861952078162,-18.200189498049816],[-57.486175799999955,-18.200185599439386],[-57.48536059999992,-18.199291599439515],[-57.4846768999999,-18.198432599439425],[-57.483835499999934,-18.19720549943952],[-57.483155785632114,-18.197126448904957],[-57.48275990999991,-18.196950503439506],[-57.482469322999975,-18.196950503439506],[-57.48220515399993,-18.196950503439506],[-57.481491895999916,-18.197109005439533],[-57.48120130999997,-18.197241090439547],[-57.48093714099992,-18.197452425439447],[-57.480752222999904,-18.197743012439496],[-57.48064655499997,-18.198007181439422],[-57.480567303999976,-18.198429852439492],[-57.480567303999976,-18.19882610643949],[-57.480567303999976,-18.19922236043949],[-57.480567303999976,-18.199645031439445],[-57.480426708999964,-18.20001569143947],[-57.48027671799991,-18.200411122439487],[-57.47990688099986,-18.200833793439436],[-57.47964270999995,-18.201124379439438],[-57.479292810999944,-18.20129368643945],[-57.47882378599996,-18.201520634439426],[-57.47818977999998,-18.201758386439277],[-57.47760860699986,-18.201916888439424],[-57.47723876999998,-18.202207474439362],[-57.47705384999989,-18.202603728439307],[-57.47708026699985,-18.20307923343929],[-57.477318020999974,-18.203449070439387],[-57.47771427499999,-18.20376607343934],[-57.478031276999836,-18.20405666043938],[-57.47857579299995,-18.204644737439345],[-57.47869169999996,-18.204769917439343],[-57.478863971999886,-18.205036938439296],[-57.47922003999997,-18.205588842439294],[-57.48006538199991,-18.206487018439233],[-57.480425240999914,-18.20706279243924],[-57.48046163599991,-18.207121024439203],[-57.480752222999904,-18.20767578043923],[-57.480752222999904,-18.208072034439166],[-57.48062013699991,-18.208389037439176],[-57.48055635243923,-18.208505976538216],[-57.48032069999982,-18.208643899439195],[-57.47772629999992,-18.208976999439226],[-57.477431463822825,-18.209109562841352],[-57.477000234999885,-18.20917911543924],[-57.47665759699987,-18.209234379439213],[-57.47597075699997,-18.209419298439137],[-57.475574502999955,-18.209683467439238],[-57.47531033299993,-18.210026887439206],[-57.475098997999964,-18.210317474439194],[-57.47462659399997,-18.211044248439162],[-57.47441215699995,-18.211374151439163],[-57.47391937899988,-18.212022543439172],[-57.47391023499984,-18.21203457543909],[-57.473196978999965,-18.21287991743911],[-57.47290639199992,-18.213434672439092],[-57.47266863899995,-18.21377809243906],[-57.47258938799996,-18.2140686794391],[-57.47258938799996,-18.21441209943903],[-57.47261580599985,-18.214623434439087],[-57.47280072399997,-18.21491402143908],[-57.47306489299995,-18.21512535643903],[-57.47330264599992,-18.215257441439046],[-57.47358301199995,-18.21534505643908],[-57.47362781699991,-18.21535905843909],[-57.4737253159999,-18.215389526439058],[-57.47417440499993,-18.21544235943903],[-57.4746763259999,-18.215600861439007],[-57.4749933299999,-18.215706529439068],[-57.47520466599991,-18.215891447439073],[-57.475336748999894,-18.216076366439],[-57.475336748999894,-18.216314118439026],[-57.47517824799996,-18.216551871438988],[-57.475156643999924,-18.216584279439022],[-57.4750725799999,-18.216710372439028],[-57.47480841099992,-18.21700095943901],[-57.47443857499985,-18.21737079643893],[-57.47388381899998,-18.218004802438916],[-57.4731705609999,-18.218533141438915],[-57.47214030099986,-18.218850144438928],[-57.47150984499989,-18.218850144438928],[-57.47118929099986,-18.218850144438928],[-57.469894859999954,-18.218982229438957],[-57.46918160399991,-18.219325649438925],[-57.468943850999956,-18.219748320438867],[-57.468943850999956,-18.220355910438876],[-57.46899668499998,-18.221042750438926],[-57.468995227999926,-18.22107917643893],[-57.46897026799991,-18.221703174438847],[-57.46889101799997,-18.222152261438875],[-57.468785349999905,-18.222574932438828],[-57.46852118099998,-18.222865519438876],[-57.46804567599997,-18.223076854438773],[-57.467358834999914,-18.22323535643875],[-57.46656632599997,-18.22328819043884],[-57.46618546499991,-18.22330590543878],[-57.46543039799997,-18.223341024438863],[-57.46429447099997,-18.223473108438775],[-57.46344912899991,-18.223790112438778],[-57.46273586999996,-18.22410711543873],[-57.46220753299991,-18.22447695243877],[-57.46188239399992,-18.224812580438837],[-57.46138860699995,-18.225322294438797],[-57.46051684899993,-18.225903467438727],[-57.46002299872611,-18.225998438064476],[-57.45959579999993,-18.2259591994388],[-57.45928899999996,-18.2258539994388],[-57.458210899999926,-18.225538499438805],[-57.45795168434171,-18.225479968409548],[-57.457346815999934,-18.225295877438732],[-57.45713640289466,-18.225295877438732],[-57.45712409999999,-18.225293099438773],[-57.45712053492638,-18.225295877438732],[-57.456844893999964,-18.225295877438732],[-57.4565543079999,-18.225295877438732],[-57.456158052999974,-18.22553362943875],[-57.45602596799989,-18.22579779943878],[-57.45599955199993,-18.22608838543872],[-57.45605238499991,-18.226537473438754],[-57.45629013899997,-18.227118646438676],[-57.456712808999946,-18.22767340143865],[-57.456915682999856,-18.22804533743867],[-57.45702981299991,-18.228254574438704],[-57.45708264599989,-18.228650828438703],[-57.45702981299991,-18.22899424843867],[-57.4570033949999,-18.22907349943871],[-57.45687131099994,-18.229258418438654],[-57.45676564399998,-18.22946975343865],[-57.45639186999995,-18.229586557438612],[-57.45636086742752,-18.229596245980243],[-57.45635269999991,-18.229596699438673],[-57.455537599999964,-18.22949149943867],[-57.454878124919276,-18.229575421438586],[-57.454282450999926,-18.229575421438586],[-57.45385977999996,-18.229733922438644],[-57.4535691929999,-18.22991884143868],[-57.453410692999846,-18.23015659343858],[-57.4533050249999,-18.230500014438658],[-57.45333144199987,-18.230949102438636],[-57.453410692999846,-18.231239688438574],[-57.453648443999896,-18.231662359438648],[-57.45385977999996,-18.232032196438574],[-57.454150365999965,-18.232507701438553],[-57.45443682299992,-18.233302964438522],[-57.45477914051906,-18.233328400707723],[-57.45479259999997,-18.233365699438497],[-57.45823849999988,-18.2336237994386],[-57.46710954904643,-18.23424462489565],[-57.55039929399994,-18.240433558438315],[-57.5582952769999,-18.241020277438377],[-57.55856999999991,-18.24187999943833],[-57.558839999999975,-18.242749999438328],[-57.55910999999992,-18.243609999438227],[-57.55937999999997,-18.244479999438287],[-57.55965999899997,-18.245339999438254],[-57.559929998999905,-18.246209999438257],[-57.56019999899996,-18.24706999943816],[-57.5604699989999,-18.24792999943818],[-57.560749999999985,-18.248799999438177],[-57.56101999999994,-18.24965999943809],[-57.56128999999998,-18.25052999943809],[-57.56155999999993,-18.251389999438103],[-57.561839999999904,-18.25225999943811],[-57.56210999999997,-18.253119999438017],[-57.56237999999985,-18.253979999437934],[-57.5626499999999,-18.254849999438036],[-57.5629299989999,-18.255709999438],[-57.56319999899983,-18.25657999943794],[-57.56346999899989,-18.25743999943786],[-57.56373999899996,-18.25830999943785],[-57.56401999999991,-18.259169999437873],[-57.56428999999997,-18.260029999437833],[-57.56455999999992,-18.260899999437783],[-57.56482999999997,-18.26175999943786],[-57.56510999899995,-18.262629999437802],[-57.5653799989999,-18.263489999437766],[-57.565649998999966,-18.264359999437712],[-57.565919998999895,-18.265219999437623],[-57.56619999999998,-18.266079999437686],[-57.56646999999993,-18.26694999943769],[-57.566739999999974,-18.267809999437603],[-57.567009999999925,-18.268679999437655],[-57.56728999899991,-18.269539999437622],[-57.56755999899997,-18.270409999437625],[-57.567829998999855,-18.271269999437532],[-57.56809999899992,-18.27212999943754],[-57.568379998999895,-18.272999999437545],[-57.568649998999945,-18.27385999943746],[-57.56891999899989,-18.274729999437454],[-57.56918999899994,-18.275589999437475],[-57.56946999999991,-18.276449999437453],[-57.56973999999997,-18.277319999437378],[-57.570009999999904,-18.27817999943729],[-57.57027999999997,-18.27904999943729],[-57.570559998999954,-18.279909999437375],[-57.5708299989999,-18.280779999437314],[-57.57109999899996,-18.281639999437225],[-57.57137999999986,-18.282499999437295],[-57.57164999999991,-18.283369999437234],[-57.571919999999864,-18.284229999437205],[-57.57218999999993,-18.28509999943715],[-57.57246999899991,-18.285959999437054],[-57.57273999899997,-18.286829999437167],[-57.57300999899991,-18.28768999943713],[-57.573279998999965,-18.288549999437038],[-57.57355999999994,-18.289419999436973],[-57.57382999999999,-18.29027999943706],[-57.57409999999993,-18.291149999437053],[-57.57436999899989,-18.292009999436974],[-57.574649999999956,-18.292879999437023],[-57.574919999999906,-18.293739999436983],[-57.57518999999997,-18.2945999994369],[-57.5754599999999,-18.295469999436893],[-57.5757399989999,-18.29632999943691],[-57.57600999899995,-18.29719999943691],[-57.57627999899983,-18.298059999436816],[-57.576549998999894,-18.298929999436826],[-57.57682999999998,-18.299789999436854],[-57.57709999999991,-18.300649999436807],[-57.57736999999997,-18.301519999436753],[-57.577639999999924,-18.30237999943666],[-57.5779199989999,-18.303249999436666],[-57.57818999899995,-18.304109999436736],[-57.578459998999904,-18.304969999436643],[-57.57873999999998,-18.305839999436586],[-57.57900999999992,-18.306699999436667],[-57.57927999999998,-18.3075699994366],[-57.579549999999934,-18.308429999436573],[-57.57982999899991,-18.30929999943651],[-57.58009999899996,-18.31015999943642],[-57.58036999999984,-18.311019999436507],[-57.5806399999999,-18.3118899994365],[-57.58091999899988,-18.312749999436402],[-57.581189998999946,-18.313619999436348],[-57.5814599989999,-18.314479999436426],[-57.58172999899995,-18.315349999436428],[-57.58200999999991,-18.316209999436325],[-57.582279999999976,-18.31706999943636],[-57.58254999999991,-18.31793999943636],[-57.58282999899989,-18.31879999943626],[-57.583099998999955,-18.319669999436258],[-57.583369998999906,-18.320529999436282],[-57.583639998999956,-18.321399999436284],[-57.58391999999992,-18.322259999436184],[-57.584189999999985,-18.323119999436155],[-57.584459999999915,-18.323989999436208],[-57.58472999999998,-18.324849999436175],[-57.585009998999965,-18.325719999436117],[-57.585279998999845,-18.326579999436028],[-57.58554999899991,-18.327449999436023],[-57.58581999899986,-18.32830999943605],[-57.58609999899995,-18.32916999943601],[-57.586369998999885,-18.330039999435947],[-57.58663999899994,-18.330899999435918],[-57.586919999999914,-18.331769999435974],[-57.587189999999964,-18.332629999435934],[-57.58745999999991,-18.333489999435848],[-57.58772999999996,-18.334359999435783],[-57.58800999899996,-18.33521999943587],[-57.588279998999894,-18.336089999435863],[-57.58854999899995,-18.33694999943577],[-57.5888199989999,-18.337819999435716],[-57.58909999999992,-18.338679999435797],[-57.58936999999985,-18.33953999943577],[-57.58963999999992,-18.340409999435703],[-57.5899199989999,-18.341269999435728],[-57.59018999899996,-18.342139999435716],[-57.59045999899991,-18.342999999435634],[-57.59072999899996,-18.343869999435622],[-57.591009999999926,-18.344729999435646],[-57.59127999999999,-18.345589999435617],[-57.59154999999993,-18.346459999435552],[-57.591829998999906,-18.34731999943552],[-57.59209999999996,-18.348189999435466],[-57.592369999999896,-18.349049999435547],[-57.59263999999996,-18.349909999435457],[-57.592919998999946,-18.350779999435385],[-57.59318999899989,-18.351639999435474],[-57.59345999899994,-18.352509999435412],[-57.59372999899984,-18.353369999435387],[-57.594009999999905,-18.35423999943532],[-57.59427999999997,-18.355099999435282],[-57.594549999999906,-18.355959999435367],[-57.5948299989999,-18.356829999435305],[-57.59509999899995,-18.35768999943522],[-57.5953699989999,-18.35855999943515],[-57.59563999899996,-18.359419999435232],[-57.59591999999993,-18.360289999435228],[-57.59618999999998,-18.361149999435142],[-57.59645999999992,-18.362009999435173],[-57.59673999899991,-18.36287999943516],[-57.59700999899998,-18.363739999435126],[-57.59727999899991,-18.364609999435068],[-57.597549998999966,-18.365469999435096],[-57.59782999899988,-18.366329999435063],[-57.59809999899983,-18.367199999434998],[-57.59836999899989,-18.36805999943497],[-57.59864999999996,-18.368929999435014],[-57.59891999999991,-18.369789999434982],[-57.59918999999997,-18.370659999434935],[-57.5994599999999,-18.371519999434895],[-57.5997399989999,-18.372379999434916],[-57.60000999899995,-18.37324999943485],[-57.600279998999895,-18.37410999943482],[-57.60055999999998,-18.374979999434775],[-57.60082999999992,-18.375839999434845],[-57.601099999999974,-18.376709999434787],[-57.60136999999991,-18.37756999943474],[-57.60164999899991,-18.378429999434765],[-57.60191999899996,-18.37929999943466],[-57.602189998999904,-18.380159999434678],[-57.602469999999926,-18.381029999434674],[-57.60273999999998,-18.381889999434588],[-57.60300999999992,-18.38274999943449],[-57.603279999999984,-18.383619999434604],[-57.60355999899997,-18.38447999943458],[-57.60382999999991,-18.38534999943451],[-57.60409999999995,-18.386209999434538],[-57.60437999899995,-18.38707999943453],[-57.60464999899989,-18.3879399994345],[-57.60491999899995,-18.388799999434404],[-57.60518999899988,-18.389669999434467],[-57.60546999999997,-18.39052999943443],[-57.60573999999991,-18.391399999434373],[-57.60600999999996,-18.39225999943433],[-57.60628999899996,-18.393129999434272],[-57.60655999899984,-18.393989999434353],[-57.60682999899989,-18.394849999434264],[-57.60709999899984,-18.395719999434256],[-57.60737999999992,-18.396579999434284],[-57.60764999999997,-18.397449999434222],[-57.60791999999992,-18.39830999943419],[-57.60819999899991,-18.3991699994341],[-57.608469998999965,-18.4000399994341],[-57.608739998999916,-18.40089999943418],[-57.609009998999966,-18.401769999434123],[-57.60928999999993,-18.40262999943403],[-57.609559998999885,-18.403499999434022],[-57.609829998999935,-18.404359999434053],[-57.61010999999985,-18.405219999434014],[-57.6103799999999,-18.406089999433956],[-57.61064999999985,-18.406949999433863],[-57.610929998999836,-18.407819999433972],[-57.61119999899989,-18.408679999433936],[-57.611469998999944,-18.40953999943385],[-57.611739998999894,-18.410409999433902],[-57.61201999999997,-18.411269999433873],[-57.61228999999991,-18.412139999433872],[-57.612559999999974,-18.41299999943377],[-57.61283999899996,-18.413869999433835],[-57.6131099989999,-18.414729999433796],[-57.61337999899995,-18.415589999433703],[-57.61365999999992,-18.41645999943371],[-57.61392999999998,-18.417319999433726],[-57.61419999999993,-18.41818999943372],[-57.61446999999998,-18.41904999943364],[-57.61474999899996,-18.419909999433546],[-57.61501999899991,-18.42077999943366],[-57.61528999899998,-18.421639999433616],[-57.61556999899989,-18.422509999433558],[-57.615839998999945,-18.42336999943347],[-57.61610999899988,-18.424239999433464],[-57.61638999999997,-18.42509999943349],[-57.61665999999991,-18.425959999433456],[-57.61692999999996,-18.426829999433398],[-57.61719999999991,-18.427689999433305],[-57.61747999899989,-18.42855999943341],[-57.617749998999955,-18.429419999433378],[-57.618019998999905,-18.430289999433324],[-57.61829999999997,-18.431149999433234],[-57.61856999999992,-18.43200999943331],[-57.618839999999985,-18.43287999943331],[-57.61911999899996,-18.433739999433215],[-57.61938999899985,-18.43460999943327],[-57.619659998999914,-18.43546999943324],[-57.61992999899985,-18.436329999433152],[-57.62020999999993,-18.43719999943314],[-57.62047999999999,-18.438059999433165],[-57.62074999999993,-18.438929999433164],[-57.621029999999905,-18.43978999943308],[-57.62129999999996,-18.440659999433077],[-57.6215699999999,-18.441519999433098],[-57.6218499989999,-18.44237999943307],[-57.62211999899995,-18.443249999433],[-57.62238999899989,-18.444109999432914],[-57.62266999999998,-18.44497999943291],[-57.62293999999984,-18.445839999432984],[-57.62320999999991,-18.446699999432905],[-57.623422399999974,-18.44738439843284],[-57.62347999999986,-18.44756999943284],[-57.62352096899997,-18.447695834432846],[-57.62375999899984,-18.448429999432914],[-57.6240299989999,-18.449299999432867],[-57.624191781999976,-18.44981530943282],[-57.624299998999966,-18.45015999943282],[-57.624352903999984,-18.45032438343284],[-57.624579999999916,-18.451029999432773],[-57.62484999999998,-18.451889999432677],[-57.625044761999895,-18.452510351432718],[-57.62511999999993,-18.45274999943276],[-57.62515677999994,-18.452864280432784],[-57.62539999899991,-18.45361999943276],[-57.62566999899996,-18.454479999432664],[-57.62576304599992,-18.454779816432705],[-57.62593999899991,-18.455349999432602],[-57.62606578399994,-18.455736337432647],[-57.626219998999886,-18.456209999432684],[-57.62648999899995,-18.45706999943265],[-57.62659650899997,-18.457413198432626],[-57.62675999899988,-18.457939999432597],[-57.627029998999944,-18.458799999432607],[-57.62730999999985,-18.45966999943261],[-57.62757999999991,-18.46052999943252],[-57.62784999999996,-18.461399999432516],[-57.62812999899996,-18.46225999943254],[-57.62839999899989,-18.463119999432507],[-57.62866999899995,-18.46398999943245],[-57.62894999999992,-18.464849999432413],[-57.62921999999997,-18.46571999943247],[-57.62948999999992,-18.466579999432433],[-57.6297699889999,-18.467440002432415],[-57.63003999899996,-18.46830999943228],[-57.6303099989999,-18.469169999432363],[-57.630589999999984,-18.470039999432295],[-57.63085999999993,-18.470899999432266],[-57.63112999999998,-18.471759999432287],[-57.6314099999999,-18.472629999432296],[-57.63167999999997,-18.473489999432257],[-57.631949999999904,-18.474359999432195],[-57.63221999999996,-18.47521999943222],[-57.63249999899995,-18.476089999432048],[-57.6327699989999,-18.476949999432126],[-57.63303999899994,-18.477809999432086],[-57.63331999999991,-18.478679999432032],[-57.63358999999998,-18.47953999943206],[-57.633859999999906,-18.480409999432055],[-57.634139998999906,-18.481269999432026],[-57.63440999899996,-18.482129999431926],[-57.6346799989999,-18.482999999431982],[-57.634959999999985,-18.48385999943195],[-57.63522999999992,-18.484729999431888],[-57.63549999999998,-18.48558999943186],[-57.635779998999965,-18.486459999431915],[-57.63604999899985,-18.48731999943187],[-57.63631999899991,-18.488179999431786],[-57.636599999999994,-18.489049999431774],[-57.636869998999934,-18.489909999431802],[-57.637139998999885,-18.4907799994318],[-57.63741999999996,-18.491639999431715],[-57.637689999999914,-18.492499999431626],[-57.637959999999964,-18.49336999943173],[-57.63823999899994,-18.494229999431703],[-57.63850999899989,-18.495099999431638],[-57.63877999899996,-18.495959999431665],[-57.639049998999894,-18.496829999431554],[-57.63932999999997,-18.49768999943163],[-57.63959999999986,-18.498549999431535],[-57.63986999999992,-18.499419999431478],[-57.6401499989999,-18.50027999943156],[-57.64041999899985,-18.50114999943149],[-57.6406899989999,-18.50200999943147],[-57.64096999999998,-18.502869999431486],[-57.64123999999993,-18.50373999943143],[-57.64150999999998,-18.504599999431395],[-57.64178999899996,-18.505469999431387],[-57.64205999899991,-18.506329999431298],[-57.642329998999976,-18.507189999431368],[-57.64260999899995,-18.50805999943132],[-57.64287999899988,-18.50891999943123],[-57.643149998999945,-18.509789999431227],[-57.643429999999846,-18.51064999943125],[-57.64369999999991,-18.51151999943124],[-57.64396999999986,-18.512379999431165],[-57.64424999899984,-18.513239999431057],[-57.64451999899989,-18.514109999431184],[-57.644789998999954,-18.51496999943115],[-57.64506999999992,-18.515839999431083],[-57.64533999999997,-18.516699999430994],[-57.64560999999992,-18.517559999431075],[-57.645889998999905,-18.518429999431067],[-57.64615999899996,-18.519289999430978],[-57.6464299989999,-18.52015999943104],[-57.646709999999985,-18.521019999431],[-57.64697999999993,-18.521889999430947],[-57.64724999999998,-18.52274999943091],[-57.647529999999904,-18.523609999430928],[-57.647799999999854,-18.524479999430923],[-57.6480699999999,-18.525339999430845],[-57.6483499989999,-18.526209999430833],[-57.64861999899995,-18.527069999430857],[-57.64888999899989,-18.52792999943083],[-57.64916999999998,-18.528799999430753],[-57.64943999999991,-18.52965999943067],[-57.64970999999997,-18.530529999430666],[-57.649989998999956,-18.531389999430694],[-57.65025999899991,-18.532249999430665],[-57.65052999899996,-18.533119999430593],[-57.65080999999992,-18.53397999943056],[-57.651079999999986,-18.53484999943062],[-57.651349999999915,-18.535709999430594],[-57.651629998999915,-18.536579999430526],[-57.651899998999966,-18.53743999943043],[-57.65216999899991,-18.538299999430514],[-57.65244999999993,-18.53916999943052],[-57.652719998999885,-18.54002999943042],[-57.652989998999935,-18.540899999430362],[-57.6532699999999,-18.541759999430443],[-57.653539999999964,-18.542619999430407],[-57.653809999999915,-18.543489999430342],[-57.65408999899989,-18.54434999943038],[-57.654359998999944,-18.545219999430373],[-57.654629998999894,-18.54607999943028],[-57.65490999999997,-18.546939999430244],[-57.65517999999991,-18.547809999430307],[-57.65544999999997,-18.548669999430263],[-57.65572999899996,-18.549539999430205],[-57.6559999989999,-18.55039999943017],[-57.65626999899995,-18.551269999430122],[-57.65654999999998,-18.552129999430196],[-57.65681999999992,-18.552989999430103],[-57.65708999999998,-18.55385999943004],[-57.65736999899997,-18.554719999430123],[-57.65763999899991,-18.555589999430072],[-57.65791999899989,-18.55644999943003],[-57.65818999899995,-18.557309999430053],[-57.65845999899989,-18.558179999429942],[-57.658739999999966,-18.55903999943002],[-57.65900999999992,-18.559909999429962],[-57.65927999999997,-18.560769999429862],[-57.659559998999946,-18.561629999429943],[-57.659829998999896,-18.562499999429885],[-57.66009999899996,-18.563359999429856],[-57.660379999999975,-18.56422999942979],[-57.660649999999926,-18.565089999429816],[-57.660919999999976,-18.565959999429815],[-57.661199998999955,-18.56681999942979],[-57.661469998999905,-18.567679999429682],[-57.66173999899997,-18.56854999942974],[-57.66201999999992,-18.56940999942972],[-57.662289999999985,-18.57027999942965],[-57.662559999999935,-18.57113999942962],[-57.6628399999999,-18.571999999429647],[-57.66310999999995,-18.572869999429642],[-57.663379999999904,-18.573729999429553],[-57.66365999899989,-18.574599999429548],[-57.66392999899995,-18.57545999942956],[-57.66419999899985,-18.576319999429533],[-57.66447999999991,-18.577189999429468],[-57.66474999999996,-18.578049999429386],[-57.66502999899996,-18.578919999429495],[-57.6652999989999,-18.579779999429462],[-57.665569998999956,-18.580639999429376],[-57.66584999999993,-18.581509999429432],[-57.66611999999998,-18.582369999429396],[-57.66638999999992,-18.583239999429335],[-57.66666999899991,-18.584099999429302],[-57.66693999899997,-18.584969999429244],[-57.6672099989999,-18.58582999942914],[-57.66748999999999,-18.586689999429233],[-57.66775999999993,-18.58755999942922],[-57.66802999999998,-18.58841999942913],[-57.668309999999906,-18.589289999429184],[-57.668579999999956,-18.59014999942915],[-57.66884999999991,-18.59100999942907],[-57.669129998999885,-18.591879999429064],[-57.66939999899995,-18.59273999942908],[-57.669679999999914,-18.593609999429084],[-57.669949999999965,-18.594469999428995],[-57.670219999999915,-18.595329999428966],[-57.6704999989999,-18.59619999942902],[-57.67076999899996,-18.59705999942898],[-57.671039998999895,-18.597929999428928],[-57.67131999999998,-18.59878999942883],[-57.671589999999924,-18.599649999428905],[-57.671859999999974,-18.600519999428904],[-57.672139998999974,-18.601379999428815],[-57.67240999899985,-18.60224999942875],[-57.672679998999904,-18.603109999428842],[-57.67295999899988,-18.60397999942883],[-57.67322999899994,-18.604839999428748],[-57.67350999999991,-18.605699999428765],[-57.67377999999997,-18.60656999942878],[-57.67404999999991,-18.607429999428668],[-57.67432999899989,-18.608299999428674],[-57.67459999899995,-18.609159999428687],[-57.6748699989999,-18.610019999428662],[-57.67514999999997,-18.610889999428597],[-57.67541999999992,-18.61174999942857],[-57.67568999999998,-18.612619999428503],[-57.67596999899996,-18.613479999428588],[-57.67623999899985,-18.6143399994285],[-57.67650999899991,-18.615209999428437],[-57.676789999999976,-18.616069999428518],[-57.677059999999926,-18.61693999942846],[-57.67733999899991,-18.617799999428428],[-57.67760999899997,-18.618659999428456],[-57.677879999999895,-18.61952999942834],[-57.678159998999895,-18.620389999428358],[-57.678429998999945,-18.621259999428357],[-57.67869999899989,-18.622119999428268],[-57.678979999999974,-18.622989999428206],[-57.67924999999991,-18.62384999942829],[-57.67951999999997,-18.624709999428248],[-57.679799998999954,-18.62557999942819],[-57.68006999899984,-18.626439999428207],[-57.68034999999992,-18.627309999428206],[-57.68061999999998,-18.628169999428177],[-57.68088999999992,-18.629029999428088],[-57.6811699989999,-18.62989999942814],[-57.68143999899996,-18.630759999428108],[-57.681709998999914,-18.631629999428043],[-57.68198999999998,-18.632489999428007],[-57.68225999999993,-18.63334999942804],[-57.682539999999904,-18.63421999942803],[-57.68280999999997,-18.63507999942794],[-57.6830799999999,-18.63594999942794],[-57.6833599989999,-18.63680999942796],[-57.68362999899995,-18.637669999427935],[-57.68389999899983,-18.638539999427877],[-57.68417999999991,-18.639399999427777],[-57.68444999999998,-18.640269999427783],[-57.684719999999906,-18.64112999942786],[-57.684999998999906,-18.641989999427775],[-57.685269998999956,-18.64285999942771],[-57.68554999999992,-18.64371999942779],[-57.685819999999985,-18.644589999427723],[-57.68608999999992,-18.6454499994277],[-57.6863699989999,-18.64630999942772],[-57.686639998999965,-18.64717999942754],[-57.686909998999916,-18.648039999427617],[-57.68718999999998,-18.64890999942761],[-57.68745999999993,-18.649769999427534],[-57.68773999999997,-18.65063999942758],[-57.688009999999906,-18.65149999942755],[-57.68827999999996,-18.65235999942746],[-57.68855999899995,-18.653229999427456],[-57.6888299989999,-18.654089999427487],[-57.68909999899994,-18.654959999427483],[-57.689379999999915,-18.65581999942739],[-57.68964999999998,-18.656679999427357],[-57.68992999899996,-18.657549999427413],[-57.69019999899991,-18.65840999942738],[-57.69046999899996,-18.65927999942732],[-57.69074999999992,-18.66013999942723],[-57.69101999999999,-18.660999999427304],[-57.691289999999924,-18.6618699994273],[-57.6915699989999,-18.662729999427217],[-57.69183999899997,-18.663599999427152],[-57.69211999899989,-18.664459999427237],[-57.69238999899994,-18.6653199994272],[-57.692659998999886,-18.666189999427143],[-57.69293999999997,-18.66704999942716],[-57.69320999999991,-18.667919999427163],[-57.693479999999965,-18.668779999427077],[-57.69375999899995,-18.669639999427037],[-57.694029998999895,-18.67050999942709],[-57.69430999999998,-18.671369999427064],[-57.69457999999992,-18.672239999426996],[-57.694849999999974,-18.673099999426963],[-57.69512999899996,-18.67395999942699],[-57.69539999899991,-18.674829999426926],[-57.695679999999925,-18.675689999426897],[-57.69594999999999,-18.67655999942684],[-57.696219999999926,-18.6774199994268],[-57.696499998999904,-18.678279999426877],[-57.69676999899997,-18.67914999942683],[-57.69703999899992,-18.680009999426844],[-57.697319998999895,-18.680879999426725],[-57.697589998999945,-18.68173999942675],[-57.69786999999991,-18.68260999942675],[-57.698139999999974,-18.683469999426666],[-57.6984099999999,-18.68432999942657],[-57.6986899989999,-18.685199999426672],[-57.69895999899995,-18.686059999426643],[-57.69914615399989,-18.686638407426656],[-57.699239999999854,-18.686929999426592],[-57.69943205199996,-18.687541720426562],[-57.69950999999992,-18.68778999942661],[-57.69977999999998,-18.688649999426573],[-57.69995010799988,-18.689178551426497],[-57.70005999899996,-18.68951999942657],[-57.70028480399998,-18.690236044426495],[-57.70032999899991,-18.690379999426483],[-57.70059999899996,-18.691249999426542],[-57.70080506999995,-18.691879858426475],[-57.70087999999993,-18.6921099994265],[-57.70113778599995,-18.692931095426466],[-57.70114999999999,-18.69296999942641],[-57.70115599099995,-18.692988615426447],[-57.70142999999997,-18.693839999426412],[-57.7016999999999,-18.694699999426433],[-57.701818818999975,-18.6950828614264],[-57.70196999999996,-18.695569999426425],[-57.702077491999894,-18.695900154426393],[-57.702249998999946,-18.696429999426343],[-57.7025199989999,-18.69728999942625],[-57.70279999999991,-18.698159999426363],[-57.70306999999986,-18.699019999426323],[-57.7033260849999,-18.699845163426296],[-57.70333999999991,-18.69988999942627],[-57.70334989499992,-18.699920391426307],[-57.70361999899989,-18.70074999942618],[-57.703889998999955,-18.701609999426257],[-57.7041591869999,-18.70247739342625],[-57.70416000499989,-18.702479997426163],[-57.70443999999997,-18.70333999942616],[-57.70470999999992,-18.704209999426112],[-57.7049899989999,-18.705069999426197],[-57.70525999899996,-18.705929999426097],[-57.70547436599991,-18.70662073742613],[-57.705529998999914,-18.706799999426092],[-57.70558059699994,-18.7069554074261],[-57.70580999999998,-18.70765999942612],[-57.70606224399989,-18.70847278642601],[-57.70607999999993,-18.708529999425945],[-57.706096145999936,-18.70857959042604],[-57.706359999999854,-18.709389999426026],[-57.706629999999905,-18.71024999942599],[-57.706789328999946,-18.71076339242604],[-57.70689999999985,-18.711119999425925],[-57.70700069299995,-18.711429273425942],[-57.707179998999834,-18.711979999426013],[-57.70737710799989,-18.712615128425988],[-57.7074499989999,-18.712849999425956],[-57.707516279999936,-18.713053575425942],[-57.70772999999996,-18.71370999942586],[-57.70799999999991,-18.714569999425944],[-57.708104220999935,-18.714905820425894],[-57.70826999999998,-18.715439999425886],[-57.70842079599992,-18.7159031594259],[-57.708549998999956,-18.716299999425853],[-57.70869201299996,-18.71675760142588],[-57.70881999899989,-18.717169999425792],[-57.708936388999916,-18.717527481425865],[-57.70909999999998,-18.718029999425752],[-57.70936999999992,-18.718889999425777],[-57.70941912399991,-18.719048288425785],[-57.70963999999997,-18.719759999425776],[-57.709840925999906,-18.720377131425767],[-57.70991999899997,-18.720619999425686],[-57.710006939999964,-18.72090014142569],[-57.7101899989999,-18.721489999425632],[-57.71035646099995,-18.72200127242569],[-57.71046999999999,-18.722349999425706],[-57.710727795999894,-18.723171126425672],[-57.710739999999866,-18.72320999942567],[-57.71100999999993,-18.72407999942561],[-57.71126093799989,-18.724850736425516],[-57.711289999999906,-18.724939999425636],[-57.711321941999984,-18.725042924425598],[-57.711559999999956,-18.72580999942563],[-57.71177656999993,-18.726475182425588],[-57.711839998999956,-18.726669999425592],[-57.71198395699986,-18.727128532425557],[-57.712109998999885,-18.7275299994255],[-57.71237999899995,-18.728399999425555],[-57.712659999999914,-18.72925999942553],[-57.712929999999965,-18.730129999425476],[-57.713196694999915,-18.73094913842543],[-57.713209998999965,-18.73098999942544],[-57.713240182999975,-18.73108614142551],[-57.7134799989999,-18.73184999942546],[-57.71374999899996,-18.732719999425463],[-57.71402999999993,-18.733579999425366],[-57.71429999999998,-18.734449999425355],[-57.71457999899996,-18.735309999425393],[-57.71484999899986,-18.736179999425325],[-57.71511999899991,-18.7370399994253],[-57.715399998999885,-18.7378999994252],[-57.71566999899994,-18.738769999425198],[-57.715949999999914,-18.739629999425286],[-57.71621999999996,-18.740499999425218],[-57.71648999999991,-18.741359999425143],[-57.716769998999894,-18.74221999942521],[-57.71703999899995,-18.743089999425155],[-57.71731999999992,-18.74394999942512],[-57.71758999999997,-18.744819999425054],[-57.71785999999992,-18.745679999424972],[-57.7181399989999,-18.74653999942505],[-57.71840999899997,-18.747409999425045],[-57.71868999999998,-18.748269999424956],[-57.71895999999993,-18.749139999425008],[-57.71922999999998,-18.74999999942498],[-57.71950999899996,-18.75085999942488],[-57.71977999899991,-18.751729999424878],[-57.720059998999886,-18.75258999942491],[-57.72032999899995,-18.75345999942491],[-57.72059999899988,-18.754319999424823],[-57.720879999999966,-18.755179999424772],[-57.72114999999991,-18.756049999424835],[-57.721429998999895,-18.7569099994248],[-57.72169999899996,-18.75777999942474],[-57.721969998999896,-18.75863999942465],[-57.72224999999991,-18.759499999424733],[-57.722519999999975,-18.760369999424725],[-57.72279999899995,-18.76122999942464],[-57.723069998999904,-18.762099999424578],[-57.72333999899997,-18.762959999424655],[-57.72361999999992,-18.763819999424623],[-57.72388999999998,-18.76468999942456],[-57.72416999899997,-18.76554999942459],[-57.72443999899991,-18.76641999942459],[-57.72471999899989,-18.767279999424492],[-57.72498999899994,-18.768139999424463],[-57.72525999899989,-18.76900999942452],[-57.7255399999999,-18.769869999424486],[-57.72580999999985,-18.770739999424432],[-57.72608999899984,-18.77159999942438],[-57.7263599989999,-18.77245999942442],[-57.72662999899995,-18.77332999942435],[-57.72690999999991,-18.774189999424326],[-57.727179999999976,-18.775059999424258],[-57.72745999899996,-18.775919999424225],[-57.727729998999905,-18.776779999424306],[-57.727999998999955,-18.777649999424252],[-57.72827999999993,-18.778509999424266],[-57.728549999999984,-18.77937999942415],[-57.72882999999996,-18.780239999424175],[-57.729099999999846,-18.781099999424146],[-57.72937999899983,-18.781969999424085],[-57.72964999899989,-18.78282999942399],[-57.729919998999826,-18.7836999994241],[-57.73019999999991,-18.784559999424065],[-57.73046999999997,-18.785419999423983],[-57.730749998999954,-18.78628999942403],[-57.731019998999905,-18.787149999424003],[-57.731289998999955,-18.788019999423994],[-57.73156999999992,-18.788879999423912],[-57.731839999999984,-18.789739999423933],[-57.73211999899996,-18.79060999942392],[-57.73238999899991,-18.79146999942385],[-57.73266999999998,-18.792339999423834],[-57.73293999999993,-18.793199999423862],[-57.73320999999999,-18.794059999423826],[-57.733489999999904,-18.794929999423772],[-57.73375999999997,-18.795789999423672],[-57.73403999899995,-18.796659999423795],[-57.7343099989999,-18.79751999942375],[-57.73458999999996,-18.79837999942367],[-57.73485999999991,-18.79924999942361],[-57.73512999999998,-18.800109999423686],[-57.735409998999955,-18.80097999942368],[-57.73567999899989,-18.801839999423596],[-57.73595999999998,-18.802699999423616],[-57.73622999999992,-18.803569999423612],[-57.73649999999997,-18.804429999423533],[-57.73677999899997,-18.805289999423493],[-57.7370499989999,-18.806159999423535],[-57.737329999999936,-18.80701999942351],[-57.737599999999986,-18.80788999942345],[-57.73787999999996,-18.808749999423423],[-57.738149999999905,-18.809609999423426],[-57.738419999999955,-18.810479999423375],[-57.738699998999955,-18.81133999942334],[-57.738969998999885,-18.81220999942328],[-57.73924999999997,-18.813069999423373],[-57.739519999999914,-18.813929999423337],[-57.7397999989999,-18.814799999423276],[-57.740069998999964,-18.815659999423296],[-57.7403399989999,-18.816529999423178],[-57.74061999999993,-18.817389999423206],[-57.740889999999865,-18.818249999423163],[-57.741169998999844,-18.819119999423116],[-57.74143999899991,-18.81997999942302],[-57.74171999999999,-18.820849999423135],[-57.74198999999992,-18.821709999423103],[-57.74225999999999,-18.822569999423013],[-57.74253999999996,-18.823439999423066],[-57.74280999999991,-18.824299999423033],[-57.74308999899989,-18.82516999942302],[-57.74335999899994,-18.82602999942294],[-57.74363999999991,-18.826889999422963],[-57.74390999999997,-18.827759999422952],[-57.74417999999987,-18.82861999942286],[-57.74445999899984,-18.829489999422858],[-57.7447299989999,-18.830349999422886],[-57.745009999999986,-18.83120999942285],[-57.745279999999916,-18.832079999422792],[-57.745559998999916,-18.832939999422706],[-57.745829998999966,-18.833809999422815],[-57.74609999899991,-18.834669999422783],[-57.746379998999885,-18.835529999422693],[-57.746649998999935,-18.836399999422635],[-57.74692999999991,-18.837259999422706],[-57.747199999999964,-18.838129999422705],[-57.74747999899995,-18.83898999942262],[-57.7477499989999,-18.839849999422633],[-57.74801999899995,-18.840719999422635],[-57.74829999999998,-18.841579999422546],[-57.748569999999916,-18.842449999422552],[-57.748849998999894,-18.843309999422573],[-57.74911999899996,-18.844169999422537],[-57.74939999999992,-18.845039999422486],[-57.74966999999997,-18.845899999422453],[-57.74994999899997,-18.846769999422392],[-57.7502199989999,-18.847629999422463],[-57.75048999899997,-18.84848999942238],[-57.75076999899994,-18.84935999942231],[-57.75103999899989,-18.850219999422396],[-57.75131999999991,-18.85108999942234],[-57.75158999999986,-18.851949999422303],[-57.75186999899984,-18.852809999422327],[-57.75213999899989,-18.85367999942221],[-57.75240999899995,-18.854539999422233],[-57.752689999999916,-18.855399999422197],[-57.752959999999966,-18.856269999422135],[-57.753239998999966,-18.857129999422053],[-57.7535099989999,-18.85799999942216],[-57.75378999999998,-18.858859999422126],[-57.75405999999993,-18.859719999422147],[-57.75433999899991,-18.860589999422096],[-57.75460999899996,-18.861449999422057],[-57.75487999899991,-18.86231999942206],[-57.75515999899984,-18.86317999942197],[-57.75542999899989,-18.864039999421994],[-57.755709999999965,-18.86490999942199],[-57.755979999999916,-18.865769999421897],[-57.756259998999894,-18.866639999421896],[-57.75652999899996,-18.86749999942192],[-57.75680999999991,-18.86835999942188],[-57.75707999999997,-18.86922999942183],[-57.757349999999924,-18.870089999421726],[-57.7576299989999,-18.870959999421856],[-57.75789999899995,-18.871819999421813],[-57.758179999999925,-18.872679999421717],[-57.75844999999998,-18.873549999421666],[-57.75872999899997,-18.874409999421747],[-57.75899999899992,-18.875279999421736],[-57.75927999899994,-18.876139999421646],[-57.75954999899989,-18.876999999421674],[-57.75981999899994,-18.87786999942168],[-57.76009999999991,-18.878729999421573],[-57.760369999999966,-18.879599999421572],[-57.76064999899995,-18.880459999421593],[-57.7609199989999,-18.881319999421567],[-57.76119999999997,-18.88218999942151],[-57.76146999999992,-18.88304999942147],[-57.761749998999896,-18.883919999421416],[-57.76201999899996,-18.8847799994215],[-57.76228999899991,-18.885639999421407],[-57.762569999999926,-18.886509999421346],[-57.762839999999876,-18.887369999421423],[-57.763119998999855,-18.88822999942139],[-57.763389998999905,-18.88909999942133],[-57.763669105999895,-18.889957256421255],[-57.76366999899988,-18.889959999421354],[-57.76367097299987,-18.88996313842124],[-57.763939998999945,-18.89082999942124],[-57.76418465799992,-18.891581449421164],[-57.76421999999991,-18.89168999942132],[-57.76430018599991,-18.891945408421236],[-57.76448999999996,-18.89254999942123],[-57.76464268499989,-18.893024414421145],[-57.76476999899996,-18.89341999942117],[-57.7649282509999,-18.893924061421213],[-57.765039998999896,-18.894279999421247],[-57.76525796499994,-18.894982334421087],[-57.76530999899995,-18.895149999421193],[-57.765589999999925,-18.896009999421157],[-57.765859999999975,-18.896869999421185],[-57.766139998999954,-18.897739999421116],[-57.766409998999855,-18.898599999421087],[-57.76668749899988,-18.89946638842107],[-57.75080601327028,-18.8994664822541],[-57.719711299999915,-18.899464099421067],[-57.71924389999999,-18.976257499419113],[-57.71924886500284,-18.97670566850878],[-57.71924805599998,-18.976839721418976],[-57.71924964730124,-18.976925480145162],[-57.71924131210204,-18.97807839779953],[-57.718118046999955,-18.977773149419008],[-57.71711153399991,-18.97751616741907],[-57.7165966861043,-18.977403729544374],[-57.715902699999894,-18.977211699419],[-57.715279553309415,-18.97719049348563],[-57.714896149999966,-18.977155126419067],[-57.71473591464501,-18.977171993242454],[-57.7146067999999,-18.977167599419094],[-57.71453036542653,-18.97719362993064],[-57.71399195599992,-18.977250304418988],[-57.713087759999894,-18.977535840419073],[-57.71218356499992,-18.977916554418965],[-57.71135646199997,-18.97848469741895],[-57.71060931099998,-18.97932702641902],[-57.71010962399993,-18.980250257418998],[-57.70961374799993,-18.981152620418925],[-57.70946685499997,-18.98150936041894],[-57.70928062299993,-18.981961637418962],[-57.7085667849999,-18.983198957418903],[-57.707281875999904,-18.984579044418837],[-57.70647285899986,-18.985292883418825],[-57.70566384199998,-18.985721186418804],[-57.705078750999974,-18.985916216418843],[-57.704807235999965,-18.986006721418793],[-57.7040933969999,-18.986339845418843],[-57.70328437999991,-18.986768148418804],[-57.70276089999992,-18.987386808418734],[-57.70242777399983,-18.98805305741876],[-57.70242777399983,-18.988909663418763],[-57.70247260699989,-18.989582143418673],[-57.70247536399995,-18.98962350241875],[-57.702463155999915,-18.989800524418637],[-57.70238018599998,-18.991003589418693],[-57.70228500699983,-18.99190778441858],[-57.70212172099991,-18.992327661418596],[-57.70195188199989,-18.992764390418625],[-57.70119045499996,-18.993668585418643],[-57.70038981763582,-18.994380263491003],[-57.699089399999934,-18.99511059941862],[-57.69811325878698,-18.995774627724725],[-57.69781162099997,-18.99595286841858],[-57.69728813899991,-18.996285992418525],[-57.69700260399992,-18.996714295418435],[-57.69681224699997,-18.9972853664185],[-57.69662188999995,-18.998141972418548],[-57.69652671199998,-18.998903400418495],[-57.69662188999995,-18.999426881418437],[-57.69682916299996,-18.999789610418507],[-57.69700260399992,-19.000093130418488],[-57.6975736739999,-19.000997325418382],[-57.69800190599984,-19.001615883418406],[-57.69843027999991,-19.002234645418444],[-57.69900134999983,-19.003138840418337],[-57.69928688699992,-19.00375750041837],[-57.699524831999895,-19.00466169541837],[-57.699524831999895,-19.005232766418327],[-57.69949645999992,-19.005374631418253],[-57.699382063999906,-19.00594660441833],[-57.69919170699996,-19.006422496418267],[-57.69881099499997,-19.006993567418164],[-57.69819233499994,-19.007659816418254],[-57.69785704299994,-19.0079177324182],[-57.69769213899997,-19.00804458141823],[-57.69759099343264,-19.00812238576644],[-57.69751156840362,-19.00814458069952],[-57.6969849572659,-19.00821981131377],[-57.696313446171985,-19.008230887418268],[-57.696241175999894,-19.008230887418268],[-57.69547974799997,-19.008230887418257],[-57.694242428999985,-19.00818329841825],[-57.69329064399994,-19.00842124441827],[-57.69248162699994,-19.008849547418176],[-57.69181537799989,-19.009515796418224],[-57.69114912999993,-19.01046758041819],[-57.691294361999944,-19.01060717341816],[-57.69133984899998,-19.01065089341822],[-57.691549240999905,-19.010727036418217],[-57.69173007999995,-19.01079366141822],[-57.692103994999975,-19.010868444418207],[-57.69289034717906,-19.010868444418207],[-57.69344719999992,-19.011070599418222],[-57.695137799999884,-19.010803199418127],[-57.6966782101872,-19.01089705078713],[-57.696781335999894,-19.010922832418178],[-57.69716204999997,-19.011140382418112],[-57.69736047799996,-19.011371881418107],[-57.697488375999974,-19.011521096418186],[-57.69762775199996,-19.0117799394181],[-57.69769008399987,-19.01189569741809],[-57.69786908999992,-19.012228136418106],[-57.698181899999895,-19.013077192418034],[-57.698249802999904,-19.013261502418136],[-57.69868490399995,-19.01402292941811],[-57.69888606799997,-19.014511468418103],[-57.699065617999906,-19.014947520418094],[-57.699568588999966,-19.015334420418096],[-57.69977265899996,-19.015491397418064],[-57.70013646899998,-19.015778097418053],[-57.700417925999886,-19.015848461417995],[-57.70053621799992,-19.015878034418066],[-57.700836029999955,-19.01603507841806],[-57.701064457999905,-19.016149293417936],[-57.70127860999997,-19.016249230418],[-57.70149276199993,-19.016363444418065],[-57.70173546599995,-19.01647765841807],[-57.70194961699997,-19.016620426417997],[-57.70207810799985,-19.016748917418052],[-57.702178046999954,-19.016848854418065],[-57.70219232299996,-19.016977345418052],[-57.70210666199989,-19.017205773418013],[-57.70204955599996,-19.017377094418034],[-57.70190782299989,-19.01758378841802],[-57.70177816899991,-19.017772866418024],[-57.701706911999956,-19.01787678141791],[-57.70163552899993,-19.018033826418016],[-57.70164980599993,-19.01821942441791],[-57.701835402999855,-19.018490682417966],[-57.70204955599996,-19.01856206641794],[-57.702363642999956,-19.018847601417917],[-57.70253663799997,-19.01896596541786],[-57.70263490199983,-19.01903319941799],[-57.702834776999914,-19.01916169041799],[-57.702963267999905,-19.019318735417965],[-57.70309175899995,-19.01951860941799],[-57.70315505999997,-19.019618081417985],[-57.703191696999966,-19.019675654417906],[-57.703305910999916,-19.019818421417916],[-57.7034337949999,-19.01986104941798],[-57.703481962999945,-19.019877105417965],[-57.703562892999976,-19.019904082417977],[-57.70374068344455,-19.020016024447237],[-57.703915999999886,-19.02016879941796],[-57.703980899537434,-19.0201775136281],[-57.70420534699991,-19.020389492417916],[-57.70443520199991,-19.02063219741792],[-57.7045208639999,-19.02080351841795],[-57.70450658699997,-19.02103194741795],[-57.70440664899996,-19.021231821417853],[-57.70427815799991,-19.02138886641789],[-57.70427309199994,-19.021393426417937],[-57.70413539099991,-19.02151735741794],[-57.704049729999895,-19.02163157141789],[-57.70399262299997,-19.02176006241777],[-57.70399224583837,-19.021762136839847],[-57.70393659999996,-19.02181459941793],[-57.70396406999992,-19.021921729773872],[-57.70396406999992,-19.02211698141789],[-57.704064005999946,-19.022345409417785],[-57.704192496999895,-19.022516730417824],[-57.70450658699997,-19.0226880514178],[-57.70490633599991,-19.022902203417743],[-57.70501656199996,-19.022966502417887],[-57.70524897899992,-19.023102078417814],[-57.70551024399998,-19.02328767641784],[-57.70571011699992,-19.02344472041784],[-57.70582433199991,-19.02357321141783],[-57.70585288499989,-19.023687425417833],[-57.705838607999965,-19.0238587464178],[-57.705812785999974,-19.024026600417834],[-57.705810055999905,-19.024044344417778],[-57.705810055999905,-19.02420138941781],[-57.705810055999905,-19.0243441564178],[-57.705810055999905,-19.024444094417802],[-57.70585288499989,-19.024572585417868],[-57.70602420699993,-19.02468679941781],[-57.706152697999926,-19.02475818241778],[-57.70636684899989,-19.024872397417834],[-57.706466785999964,-19.0249295044178],[-57.706603088999884,-19.02501128541775],[-57.706609553999904,-19.025015164417827],[-57.70673804499995,-19.025057995417807],[-57.706866534999904,-19.025100825417788],[-57.7069950259999,-19.0252007624178],[-57.70712351699996,-19.025343530417786],[-57.70733766899991,-19.025472021417837],[-57.70749471299995,-19.025629065417768],[-57.70755182099987,-19.02580038641775],[-57.70755182099987,-19.02600026141777],[-57.707480435999905,-19.026271520417794],[-57.70744585599989,-19.02634068141774],[-57.70744168399989,-19.02634902441773],[-57.707394775999944,-19.026442841417772],[-57.70738335399989,-19.026614162417808],[-57.707397631999974,-19.026728376417758],[-57.70741190899992,-19.026856867417806],[-57.707483291999885,-19.02701391241767],[-57.7076974439999,-19.027370831417784],[-57.70785967699994,-19.027460960417784],[-57.70794877099985,-19.02751045741768],[-57.70795442499996,-19.02751359841778],[-57.70809719299996,-19.027627812417734],[-57.70818285399986,-19.027727750417732],[-57.70821140699991,-19.027870517417725],[-57.70819265299997,-19.028039305417675],[-57.70818285399986,-19.028127499417774],[-57.70817108799986,-19.028304001417712],[-57.70816857799992,-19.028341651417726],[-57.708140022999935,-19.028541525417648],[-57.70818285399986,-19.028798507417736],[-57.70817155099991,-19.02903496641768],[-57.708128721999906,-19.029306225417724],[-57.70821438099989,-19.02939188541763],[-57.70835714999998,-19.02939188541763],[-57.70848564099992,-19.029377609417697],[-57.70859912299994,-19.029306682417662],[-57.70859985399989,-19.029306225417713],[-57.708712700333756,-19.029295966529396],[-57.708715199999915,-19.029299299417694],[-57.7090164999999,-19.02970449941773],[-57.70903167163737,-19.029721569792002],[-57.70901388099997,-19.029763081417684],[-57.70889966699992,-19.029877295417624],[-57.70888520699998,-19.029913444417605],[-57.70887111299988,-19.029948679417593],[-57.70885683699993,-19.03007717041765],[-57.70897104999988,-19.030319875417636],[-57.7091712099999,-19.030520035417602],[-57.70919947799996,-19.030548303417714],[-57.70929941599996,-19.030691071417685],[-57.709427906999906,-19.03086239241767],[-57.709485012999956,-19.031019437417594],[-57.70951356799992,-19.031176481417695],[-57.709527844999855,-19.031319249417624],[-57.709554135999895,-19.031555875417666],[-57.709556397999904,-19.03157623141766],[-57.709570673999906,-19.031704721417622],[-57.70967052299994,-19.031917732417636],[-57.70978482599997,-19.03216157841756],[-57.709856208999945,-19.03234717641765],[-57.70986550299989,-19.032449404417637],[-57.70987048599994,-19.032504220417568],[-57.70987048599994,-19.032689818417534],[-57.709899040999915,-19.032903970417607],[-57.709899040999915,-19.03296107741764],[-57.70992759399996,-19.033046737417607],[-57.710041807999914,-19.03310384541762],[-57.71012746899999,-19.03318950541759],[-57.71015602199998,-19.03330371941754],[-57.710084637999906,-19.033489317417615],[-57.710041807999914,-19.033560701417585],[-57.70991331699987,-19.033617808417493],[-57.70978482599997,-19.03380340641758],[-57.70975627299992,-19.033989004417556],[-57.70978482599997,-19.034088941417572],[-57.70984193299989,-19.0342459864176],[-57.70997042299996,-19.034431584417565],[-57.71007036099996,-19.034517244417533],[-57.71014174599992,-19.034560075417573],[-57.71025595999999,-19.034617182417485],[-57.71044581754307,-19.034661339766995],[-57.710446799999936,-19.034663599417502],[-57.713472999999965,-19.03468429941761],[-57.71519611863209,-19.034689797085697],[-57.722187515409416,-19.034731211476732],[-57.72350799999999,-19.034746599417506],[-57.72363721308625,-19.034739798937586],[-57.774283841999925,-19.035039810417544],[-57.78330379411086,-19.03509324136005],[-57.78626728167138,-19.04125985633383],[-57.78645999999993,-19.041669999417394],[-57.7867556162974,-19.042276014342306],[-57.787008476039034,-19.04280218110932],[-57.78724999999992,-19.04330999941724],[-57.78763999899997,-19.044129999417315],[-57.788029998999896,-19.044949999417277],[-57.788429998999966,-19.045769999417224],[-57.78881999999998,-19.046589999417293],[-57.78920999999991,-19.047419999417222],[-57.789609999999975,-19.04823999941718],[-57.7899999999999,-19.049059999417135],[-57.79038999899995,-19.0498799994172],[-57.790779999999984,-19.05069999941715],[-57.791179998999944,-19.051519999417053],[-57.79156999999998,-19.052349999417036],[-57.791959999999904,-19.053169999417104],[-57.792359999999974,-19.053989999417063],[-57.79274999899991,-19.054809999416957],[-57.79313999899995,-19.055629999417025],[-57.793539998999904,-19.056449999416987],[-57.79392999899994,-19.057269999416935],[-57.79431999999998,-19.058099999416932],[-57.794709998999906,-19.05891999941694],[-57.795109999999966,-19.05973999941689],[-57.7954999989999,-19.060559999416853],[-57.79588999999992,-19.06137999941681],[-57.796289998999896,-19.062199999416872],[-57.79667999999993,-19.063029999416855],[-57.79706999999984,-19.06384999941675],[-57.797469999999926,-19.064669999416832],[-57.79785999899991,-19.065489999416773],[-57.79824999899995,-19.06630999941673],[-57.798639999999985,-19.06712999941674],[-57.799039998999945,-19.067949999416694],[-57.79942999999998,-19.068779999416687],[-57.79981999899991,-19.06959999941664],[-57.80021999999997,-19.070419999416654],[-57.8006099989999,-19.071239999416612],[-57.80099999899995,-19.072059999416563],[-57.8013999989999,-19.07287999941651],[-57.80178999999993,-19.073709999416444],[-57.80217999999996,-19.074529999416566],[-57.80257999999993,-19.075349999416478],[-57.80296999999995,-19.07616999941642],[-57.80335999899989,-19.07698999941649],[-57.80374999999992,-19.077809999416438],[-57.8041499989999,-19.078629999416457],[-57.80453999999992,-19.079459999416336],[-57.80492999899997,-19.080279999416398],[-57.80532999999991,-19.081099999416352],[-57.805719998999955,-19.081919999416257],[-57.80610999899989,-19.082739999416322],[-57.80650999899995,-19.083559999416273],[-57.806899999999985,-19.08437999941622],[-57.80728999999991,-19.085209999416154],[-57.80768999999998,-19.086029999416233],[-57.808079999999904,-19.08684999941618],[-57.80846999899995,-19.08766999941613],[-57.80886999899991,-19.0884899994162],[-57.80925999899995,-19.089309999416162],[-57.80964999999998,-19.090139999416092],[-57.81004999899994,-19.09095999941605],[-57.81043999999997,-19.09177999941611],[-57.810829998999964,-19.092599999416073],[-57.81121999899984,-19.093419999415957],[-57.81161999899995,-19.09423999941603],[-57.81200999999999,-19.09505999941599],[-57.81239999999985,-19.095889999415974],[-57.81279999999998,-19.09670999941593],[-57.81318999999984,-19.097529999415944],[-57.813579998999955,-19.098349999415888],[-57.81397999899991,-19.099169999415853],[-57.81436999899995,-19.099989999415808],[-57.814759999999985,-19.10080999941587],[-57.815159998999945,-19.101639999415855],[-57.81554999999998,-19.102459999415757],[-57.81593999899991,-19.103279999415708],[-57.81633999999997,-19.104099999415787],[-57.816729998999904,-19.10491999941574],[-57.81711999899995,-19.10573999941575],[-57.8175199989999,-19.106569999415743],[-57.817909999999934,-19.107389999415698],[-57.81829999999996,-19.108209999415646],[-57.81869999999993,-19.10902999941566],[-57.81908999999995,-19.10984999941561],[-57.8194799989999,-19.110669999415574],[-57.819879998999966,-19.111489999415515],[-57.8202699989999,-19.11231999941546],[-57.82065999999992,-19.113139999415512],[-57.82105999899989,-19.11395999941548],[-57.821449999999906,-19.11477999941544],[-57.821839998999955,-19.115599999415505],[-57.82222999899989,-19.116419999415456],[-57.82262999899995,-19.117239999415464],[-57.823019999999985,-19.11806999941533],[-57.82340999999991,-19.118889999415405],[-57.82380999999998,-19.11970999941536],[-57.824199999999905,-19.120529999415268],[-57.82458999899984,-19.12134999941532],[-57.82498999899991,-19.12216999941528],[-57.825379998999836,-19.122989999415235],[-57.825769999999864,-19.12381999941516],[-57.82616999899983,-19.124639999415226],[-57.82655999999986,-19.125459999415188],[-57.82694999899996,-19.126279999415146],[-57.82734999999985,-19.127099999415048],[-57.82773999899995,-19.12791999941517],[-57.82812999999999,-19.12873999941507],[-57.82852999899995,-19.129569999415054],[-57.82891999999998,-19.130389999415115],[-57.82930999999991,-19.131209999415063],[-57.82970999999998,-19.132029999414975],[-57.83009999899991,-19.132849999415036],[-57.83048999899995,-19.133669999414987],[-57.8308899989999,-19.134499999414974],[-57.831279998999946,-19.135319999414925],[-57.831669999999974,-19.136139999414947],[-57.83206999999993,-19.136959999414902],[-57.83245999999997,-19.137779999414857],[-57.832849998999905,-19.138599999414808],[-57.833249999999964,-19.13941999941488],[-57.8336399989999,-19.140249999414866],[-57.83403999899997,-19.14106999941477],[-57.834429998999894,-19.141889999414722],[-57.83481999999993,-19.14270999941479],[-57.83521999899989,-19.143529999414742],[-57.83560999999992,-19.144349999414757],[-57.83599999899997,-19.14516999941471],[-57.83639999999991,-19.145999999414705],[-57.83678999899996,-19.146819999414646],[-57.837179998999886,-19.14763999941466],[-57.837579998999956,-19.148459999414623],[-57.83796999999999,-19.14927999941457],[-57.8383599999999,-19.150099999414525],[-57.838759999999986,-19.150919999414544],[-57.83914999999991,-19.151749999414534],[-57.83953999899996,-19.15256999941448],[-57.83993999899991,-19.153389999414433],[-57.840329998999955,-19.154209999414512],[-57.840719999999976,-19.15502999941446],[-57.84111999899995,-19.155849999414357],[-57.841509999999964,-19.156669999414422],[-57.841841218999896,-19.157374902414386],[-57.84189999899996,-19.15749999941441],[-57.84196583099993,-19.157634954414377],[-57.84229999999996,-19.158319999414363],[-57.84268999899996,-19.159139999414258],[-57.84307999999999,-19.159959999414326],[-57.84347999899995,-19.16077999941429],[-57.84386999999999,-19.161599999414246],[-57.84425999999985,-19.16241999941414],[-57.84465999999998,-19.163249999414244],[-57.84504999899991,-19.164069999414192],[-57.84544999999997,-19.16488999941415],[-57.84583999899991,-19.16570999941405],[-57.84622999899995,-19.166529999414163],[-57.8466299989999,-19.167349999414075],[-57.84701999999994,-19.168169999414133],[-57.84732101499997,-19.16881062141411],[-57.84740999999996,-19.168999999414126],[-57.84750964199997,-19.16920426441405],[-57.84780999999993,-19.169819999414077],[-57.848199999999956,-19.170639999413975],[-57.84851670099989,-19.171305884414064],[-57.848589998999906,-19.171459999414047],[-57.848621170999934,-19.171523902414066],[-57.848989998999976,-19.172279999414],[-57.8493799989999,-19.173099999413957],[-57.84976999999992,-19.173919999413854],[-57.850169998999895,-19.174749999413955],[-57.85055999299993,-19.175570003413924],[-57.85094999899996,-19.17638999941387],[-57.85111521099993,-19.176728683413888],[-57.851349999999904,-19.17720999941381],[-57.85173999899995,-19.178029999413884],[-57.8521399999999,-19.178849999413785],[-57.85252999899995,-19.179669999413743],[-57.85291999999998,-19.180489999413812],[-57.85331999899996,-19.181319999413798],[-57.85370999999998,-19.182139999413753],[-57.85394712699996,-19.182638573413627],[-57.8540999999999,-19.182959999413757],[-57.85416495199997,-19.183093150413757],[-57.85449999999997,-19.183779999413712],[-57.8548899989999,-19.184599999413678],[-57.85527999899995,-19.18541999941363],[-57.855679998999896,-19.186239999413644],[-57.85604024199995,-19.187006670413634],[-57.85606999899994,-19.187069999413623],[-57.85610333499995,-19.187138338413558],[-57.85646999899989,-19.18788999941358],[-57.85685999999993,-19.188709999413536],[-57.857249999999965,-19.189529999413548],[-57.85764999999992,-19.190349999413566],[-57.85803999999996,-19.191169999413454],[-57.858429998999895,-19.19198999941352],[-57.858829998999845,-19.192819999413345],[-57.85921999899989,-19.193639999413463],[-57.85937737299991,-19.193970887413418],[-57.85960999999992,-19.194459999413368],[-57.85970883499983,-19.194662611413428],[-57.860009998999885,-19.19527999941344],[-57.86039999999991,-19.196099999413395],[-57.86079999999987,-19.196919999413346],[-57.86118999999991,-19.197739999413354],[-57.86151999999993,-19.198442309413345],[-57.86157999899989,-19.198569999413337],[-57.86164723899998,-19.198707842413334],[-57.8619799999999,-19.199389999413302],[-57.8623699989999,-19.20020999941325],[-57.86275999999992,-19.201029999413155],[-57.8631599989999,-19.201849999413273],[-57.86354999999992,-19.202669999413157],[-57.86393999899997,-19.20348999941313],[-57.864339999999906,-19.20431999941306],[-57.864729998999955,-19.205139999413188],[-57.8651299999999,-19.205959999413075],[-57.86551999899995,-19.20677999941315],[-57.865909999999985,-19.2075999994131],[-57.866309998999945,-19.208419999413064],[-57.86669999999998,-19.209239999412954],[-57.867089999999905,-19.21005999941302],[-57.867489999999975,-19.210889999413013],[-57.86787999899991,-19.211709999412964],[-57.86827999999997,-19.21252999941286],[-57.8686699989999,-19.21334999941294],[-57.869059998999944,-19.214169999412892],[-57.86945999899989,-19.214989999412847],[-57.86984999999993,-19.2158099994129],[-57.870239221999896,-19.21663834341284],[-57.87024000699995,-19.21663999641282],[-57.87024045899989,-19.216640932412812],[-57.870240912999854,-19.21664187041289],[-57.87063999999992,-19.2174599994128],[-57.871029999999976,-19.218279999412758],[-57.87142999999992,-19.21909999941282],[-57.87181999899997,-19.21991999941277],[-57.87220999899989,-19.22073999941267],[-57.87260999899996,-19.22155999941274],[-57.87299999899989,-19.222389999412727],[-57.873021190999964,-19.222434556412697],[-57.873389999999915,-19.223209999412674],[-57.87359997499987,-19.22364044841269],[-57.873789999999985,-19.224029999412636],[-57.87412371999994,-19.224731666412605],[-57.87417999999991,-19.224849999412655],[-57.87421203199989,-19.22491566441255],[-57.87457999999998,-19.22566999941261],[-57.874969999999905,-19.226489999412557],[-57.87522612399988,-19.22702851741253],[-57.87535999899984,-19.227309999412505],[-57.87543628199995,-19.227466380412576],[-57.87575999899991,-19.228129999412573],[-57.87600246799996,-19.228646023412548],[-57.876149998999836,-19.22895999941257],[-57.87634693599989,-19.229363719412564],[-57.876549998999906,-19.229779999412465],[-57.87690658499991,-19.230529744412518],[-57.87693999899983,-19.23059999941253],[-57.87732999999986,-19.231419999412488],[-57.87757105799988,-19.23191416841234],[-57.87772999999993,-19.232239999412453],[-57.8780091619999,-19.23282695441245],[-57.87811999999985,-19.233059999412458],[-57.87850999899995,-19.233879999412412],[-57.87890999999985,-19.234709999412395],[-57.87929999899995,-19.23552999941235],[-57.87969999899992,-19.236349999412358],[-57.88008999899994,-19.23716999941232],[-57.88047999999998,-19.237989999412278],[-57.88087999899995,-19.23880999941223],[-57.88126999999996,-19.239629999412298],[-57.88154211299985,-19.240187830412268],[-57.88166999999992,-19.240449999412245],[-57.88176582699999,-19.240653937412276],[-57.88205999999997,-19.24127999941219],[-57.882449998999896,-19.242099999412144],[-57.882849999999955,-19.24291999941221],[-57.88323999899989,-19.243739999412153],[-57.883629999999926,-19.24455999941216],[-57.884029998999885,-19.24537999941213],[-57.88441999999992,-19.24619999941208],[-57.884819998999895,-19.24702999941206],[-57.885209999999915,-19.247849999411976],[-57.885599998999965,-19.24866999941203],[-57.88599999999991,-19.24948999941199],[-57.88638999899996,-19.25030999941194],[-57.8867899999999,-19.25112999941184],[-57.88717999899995,-19.25194999941197],[-57.88756999999998,-19.252769999411868],[-57.88796999899994,-19.253599999411843],[-57.88835999999998,-19.254419999411926],[-57.88875999899994,-19.255239999411874],[-57.88914999999997,-19.256059999411775],[-57.889539998999915,-19.256879999411844],[-57.88993999999997,-19.2576999994118],[-57.8903299989999,-19.25851999941175],[-57.89072999999996,-19.259349999411693],[-57.89111999899989,-19.260169999411747],[-57.891509999999926,-19.26098999941171],[-57.891909998999886,-19.26180999941166],[-57.89229999999992,-19.262629999411555],[-57.89269999899988,-19.26344999941168],[-57.893089999999916,-19.264269999411578],[-57.89347999899985,-19.265089999411536],[-57.89387999999991,-19.26591999941152],[-57.894269998999846,-19.266739999411584],[-57.894669999999905,-19.267559999411496],[-57.895059998999834,-19.26837999941156],[-57.89544999999987,-19.269199999411512],[-57.89584999899983,-19.270019999411467],[-57.896239999999864,-19.270839999411365],[-57.896639998999824,-19.27165999941144],[-57.89702999999986,-19.27248999941142],[-57.89741999899997,-19.27330999941138],[-57.897819999999854,-19.274129999411326],[-57.89820999899997,-19.27494999941134],[-57.89860999999984,-19.275769999411295],[-57.898999998999955,-19.27658999941125],[-57.899389999999975,-19.277409999411322],[-57.89978999899995,-19.278239999411312],[-57.90017999999997,-19.27905999941126],[-57.900579998999945,-19.279879999411165],[-57.90096999999998,-19.280699999411237],[-57.901359998999915,-19.281519999411188],[-57.901759999999975,-19.28233999941114],[-57.90214999899991,-19.28315999941115],[-57.90254999999997,-19.28397999941111],[-57.9029399989999,-19.28480999941109],[-57.90332999999992,-19.285629999411043],[-57.90372999899989,-19.286449999411058],[-57.904119999999914,-19.28726999941107],[-57.90451999899989,-19.28808999941097],[-57.90490999999992,-19.288909999410922],[-57.90529999899997,-19.289729999410994],[-57.90569999999992,-19.29054999941095],[-57.90608999899997,-19.29137999941087],[-57.90648999999991,-19.292199999410947],[-57.90687999899996,-19.293019999410905],[-57.90727999899991,-19.29383999941085],[-57.90766999899995,-19.294659999410865],[-57.90805999999997,-19.295479999410812],[-57.908459998999945,-19.296299999410774],[-57.908849999999966,-19.29711999941073],[-57.90924999999993,-19.297949999410655],[-57.909639999999975,-19.29876999941073],[-57.91002999899991,-19.29958999941069],[-57.91042999999997,-19.300409999410633],[-57.910819998999905,-19.3012299994107],[-57.91121999899997,-19.302049999410663],[-57.91160999899989,-19.302869999410557],[-57.91200999899996,-19.303699999410547],[-57.91239999899989,-19.30451999941061],[-57.91278999999991,-19.305339999410577],[-57.91318999999999,-19.306159999410472],[-57.91357999999992,-19.306979999410533],[-57.91397999999998,-19.30779999941049],[-57.91436999999991,-19.30861999941045],[-57.91475999899985,-19.309439999410344],[-57.91515999899991,-19.310269999410444],[-57.915549998999836,-19.31108999941041],[-57.915949998999906,-19.31190999941036],[-57.91633999899983,-19.312729999410244],[-57.9167399989999,-19.31354999941038],[-57.917129999999936,-19.31436999941028],[-57.91751999999986,-19.31518999941035],[-57.917919999999924,-19.3160099994103],[-57.918309999999856,-19.31683999941029],[-57.91870999999992,-19.317659999410182],[-57.919099998999904,-19.318479999410247],[-57.919499999999914,-19.3192999994102],[-57.9198899989999,-19.32011999941016],[-57.920279998999945,-19.32093999941006],[-57.92067999899991,-19.321759999410133],[-57.92106999999993,-19.322579999410085],[-57.9214699989999,-19.32340999941007],[-57.921859999999924,-19.324229999410022],[-57.92224999999996,-19.32504999941009],[-57.92264999999991,-19.325869999409996],[-57.92303999899996,-19.326689999409947],[-57.92343999999991,-19.32750999941001],[-57.923829998999956,-19.32832999940997],[-57.9242299999999,-19.32914999940987],[-57.92461999899995,-19.32997999940997],[-57.925009999999986,-19.330799999409926],[-57.92540999899996,-19.331619999409874],[-57.92579999999998,-19.332439999409836],[-57.926199998999955,-19.333259999409847],[-57.926589999999976,-19.334079999409806],[-57.92698999899995,-19.334899999409753],[-57.927379999999964,-19.335719999409825],[-57.927779999999935,-19.336549999409755],[-57.92816999999996,-19.337369999409766],[-57.928559998999894,-19.33818999940967],[-57.928959999999954,-19.339009999409722],[-57.9293499989999,-19.339829999409687],[-57.92974999899997,-19.340649999409642],[-57.9301399989999,-19.341469999409647],[-57.93053999899996,-19.342289999409616],[-57.93092999899989,-19.343109999409563],[-57.93131999999991,-19.343939999409546],[-57.93171999999999,-19.34475999940956],[-57.9321099999999,-19.345579999409512],[-57.932509999999986,-19.346399999409478],[-57.9328999999999,-19.347219999409432],[-57.93329999999998,-19.348039999409494],[-57.93368999899991,-19.348859999409456],[-57.93408999999997,-19.349679999409464],[-57.934479998999905,-19.350509999409333],[-57.93486999899995,-19.351329999409405],[-57.9352699989999,-19.352149999409367],[-57.935659999999935,-19.352969999409364],[-57.936059998999895,-19.353789999409322],[-57.93644999999993,-19.354609999409284],[-57.93684999899989,-19.35542999940924],[-57.937239999999925,-19.356249999409243],[-57.93762999899985,-19.35707999940924],[-57.93802999999991,-19.357899999409184],[-57.93841999899985,-19.35871999940915],[-57.93881999999991,-19.359539999409208],[-57.93920999899984,-19.360359999409162],[-57.9396099999999,-19.36117999940906],[-57.93999999899984,-19.36199999940914],[-57.94039999899997,-19.36281999940909],[-57.94078999899983,-19.363649999409073],[-57.94117999999987,-19.364469999408975],[-57.94157999899983,-19.365289999409033],[-57.941969999999856,-19.36610999940899],[-57.942369999999976,-19.366929999408953],[-57.94275999999985,-19.36774999940885],[-57.94315999999997,-19.368569999408976],[-57.943549999999846,-19.369389999408877],[-57.94382529699987,-19.369954357408936],[-57.94394999999998,-19.370209999408836],[-57.9440434029999,-19.37040878040893],[-57.944339998999915,-19.371039999408765],[-57.94473596799991,-19.37185173440876],[-57.944739999999975,-19.371859999408883],[-57.94474704199996,-19.37187480640879],[-57.94512999899991,-19.372679999408785],[-57.94551999899995,-19.37349999940885],[-57.9459199989999,-19.37431999940881],[-57.94630999999992,-19.375139999408756],[-57.946572239999966,-19.375677591408753],[-57.94670999899989,-19.37595999940866],[-57.946951935999955,-19.376468686408735],[-57.947099999999914,-19.376779999408722],[-57.9474325349999,-19.37747001040867],[-57.94749999899989,-19.37760999940872],[-57.94752999499991,-19.37767306840867],[-57.94788999999992,-19.378429999408663],[-57.94809492999992,-19.3788501054087],[-57.948289999999986,-19.379249999408565],[-57.94863260299991,-19.379970343408548],[-57.94867999999992,-19.38006999940864],[-57.94870701999986,-19.380125391408672],[-57.94907999999998,-19.38088999940859],[-57.94946999999991,-19.381709999408542],[-57.94973487699991,-19.38226692240862],[-57.949859998999955,-19.382529999408614],[-57.949931262999876,-19.382676090408538],[-57.95025999899991,-19.383349999408573],[-57.95064999899995,-19.384169999408464],[-57.951049998999906,-19.384999999408457],[-57.951415351999856,-19.385768178408416],[-57.951439998999945,-19.385819999408525],[-57.95145402499987,-19.385848752408503],[-57.9518399989999,-19.38663999940848],[-57.95222999999993,-19.387459999408378],[-57.952629998999896,-19.38827999940844],[-57.953019999999924,-19.38909999940839],[-57.953419998999884,-19.389919999408352],[-57.95380999999992,-19.39073999940826],[-57.954199132999975,-19.391568155408358],[-57.95419999899997,-19.391569999408343],[-57.95420158899993,-19.391573259408332],[-57.954599999999914,-19.392389999408305],[-57.95498999899996,-19.393209999408263],[-57.95538999999991,-19.394029999408218],[-57.95577999899996,-19.39484999940828],[-57.956179999999904,-19.395669999408188],[-57.95656999899995,-19.396489999408256],[-57.9569699989999,-19.39730999940821],[-57.95735999899995,-19.39812999940815],[-57.9577599989999,-19.398959999408156],[-57.95801657399988,-19.399499465408105],[-57.958149998999936,-19.399779999408164],[-57.95827021799994,-19.400026448408024],[-57.95854999899991,-19.400599999408126],[-57.95886059399992,-19.401253043408044],[-57.95893999999993,-19.40141999940808],[-57.959329999999966,-19.40223999940802],[-57.95972999999992,-19.403059999408097],[-57.96011999999996,-19.403879999407998],[-57.96049430599993,-19.404647326408043],[-57.96051999999991,-19.404699999407953],[-57.96053406999993,-19.404729942408014],[-57.960909998999846,-19.40552999940794],[-57.961309999999905,-19.406349999408008],[-57.96169999899984,-19.40716999940796],[-57.9620999999999,-19.407989999407853],[-57.96248999899985,-19.408809999407932],[-57.96288999899991,-19.409629999407894],[-57.963279998999845,-19.410449999407838],[-57.96367999899991,-19.411269999407846],[-57.96406999899984,-19.412089999407804],[-57.9644699989999,-19.412919999407784],[-57.96485999999994,-19.413739999407746],[-57.96524999999985,-19.41455999940776],[-57.96564999999993,-19.415379999407772],[-57.96603999999984,-19.41619999940767],[-57.96643999999993,-19.41701999940773],[-57.96682999899991,-19.417839999407686],[-57.967229999999915,-19.418659999407648],[-57.9676199989999,-19.419479999407667],[-57.96801999999991,-19.420309999407642],[-57.968409998999896,-19.421129999407604],[-57.968809999999905,-19.42194999940755],[-57.96919999899989,-19.422769999407574],[-57.969599998999975,-19.42358999940753],[-57.9699899989999,-19.424409999407477],[-57.97038999899996,-19.42522999940743],[-57.970779998999895,-19.426049999407503],[-57.97117999899996,-19.42686999940745],[-57.97156999999998,-19.42769999940739],[-57.97196999899995,-19.42851999940734],[-57.97235999999999,-19.42933999940741],[-57.97275999899995,-19.430159999407365],[-57.97314999999998,-19.430979999407374],[-57.97353999899992,-19.43179999940734],[-57.97393999999998,-19.43261999940729],[-57.974329998999906,-19.433439999407245],[-57.974729999999965,-19.43426999940717],[-57.9751199989999,-19.435089999407236],[-57.97551999999996,-19.435909999407187],[-57.975909998999896,-19.436729999407145],[-57.976309998999966,-19.43754999940704],[-57.97669999899989,-19.438369999407172],[-57.97709999899996,-19.43918999940707],[-57.977489998999886,-19.440009999407135],[-57.977889998999956,-19.440829999407093],[-57.978279999999984,-19.44165999940709],[-57.978679998999944,-19.442479999406974],[-57.97906999999998,-19.443299999407046],[-57.97946999899994,-19.444119999407],[-57.979859999999974,-19.444939999406962],[-57.98025999999993,-19.445759999406846],[-57.98064999999997,-19.44657999940693],[-57.98104999999992,-19.447399999406887],[-57.981439999999964,-19.44821999940683],[-57.98183999999991,-19.449049999406764],[-57.98222999899996,-19.44986999940689],[-57.98262999999991,-19.450689999406787],[-57.98301999899996,-19.451509999406756],[-57.98341999999992,-19.452329999406814],[-57.983809998999966,-19.453149999406776],[-57.98420999999991,-19.45396999940666],[-57.98459999899996,-19.454789999406746],[-57.98499999899991,-19.455609999406693],[-57.98538999899994,-19.456439999406676],[-57.985789998999905,-19.457259999406574],[-57.986179998999944,-19.458079999406642],[-57.9865799989999,-19.458899999406587],[-57.986969999999936,-19.459719999406552],[-57.987359999999974,-19.460539999406613],[-57.98775999999992,-19.46135999940658],[-57.98814999999997,-19.462179999406473],[-57.98854999999992,-19.46299999940654],[-57.988939998999854,-19.463819999406496],[-57.98933999999991,-19.464649999406486],[-57.98972999899985,-19.465469999406384],[-57.99012999999991,-19.466289999406456],[-57.990519998999844,-19.4671099994064],[-57.9909199999999,-19.467929999406355],[-57.99130999899984,-19.46874999940626],[-57.9917099989999,-19.469569999406396],[-57.992099998999834,-19.470389999406283],[-57.9924999989999,-19.471209999406238],[-57.99288999899982,-19.472039999406228],[-57.99328999899989,-19.472859999406293],[-57.99367999999993,-19.473679999406198],[-57.9940799989999,-19.474499999406262],[-57.99446999999992,-19.475319999406217],[-57.994869998999896,-19.47613999940617],[-57.99525999999992,-19.476959999406066],[-57.99565999999988,-19.47777999940613],[-57.996049999999904,-19.478599999406093],[-57.996449999999875,-19.479429999406072],[-57.9968399999999,-19.48024999940603],[-57.99723999999987,-19.48106999940605],[-57.99762999899997,-19.481889999406004],[-57.99802999999986,-19.48270999940595],[-57.998419998999964,-19.483529999406024],[-57.99881999999985,-19.484349999405982],[-57.99920999899995,-19.48516999940588],[-57.99960999999985,-19.485989999405934],[-57.99999999899995,-19.48681999940593],[-58.00039999899992,-19.48763999940589],[-58.00079999999998,-19.488459999405848],[-58.00118999899991,-19.489279999405863],[-58.00158999999997,-19.490099999405817],[-58.0019799989999,-19.49091999940576],[-58.00237999999996,-19.491739999405723],[-58.002769998999895,-19.49255999940579],[-58.003169998999965,-19.49337999940569],[-58.00355999899989,-19.494199999405744],[-58.00395999899996,-19.495029999405627],[-58.004349998999885,-19.495849999405703],[-58.004749998999955,-19.496669999405654],[-58.00513999999998,-19.497489999405666],[-58.00553999899994,-19.49830999940562],[-58.00592999999998,-19.499129999405575],[-58.00632999899994,-19.499949999405533],[-58.00671999999997,-19.500769999405545],[-58.00711999999993,-19.501589999405496],[-58.00750999999997,-19.50241999940548],[-58.00790999999992,-19.50323999940544],[-58.00829999999996,-19.50405999940551],[-58.00869999999991,-19.504879999405468],[-58.00908999899996,-19.505699999405362],[-58.00948999999991,-19.506519999405427],[-58.009879998999956,-19.50733999940538],[-58.010279999999916,-19.508159999405336],[-58.010669998999965,-19.508979999405355],[-58.01106999999991,-19.509799999405303],[-58.01145999899996,-19.510629999405293],[-58.01185999899991,-19.511449999405247],[-58.012249998999955,-19.51226999940526],[-58.012649998999905,-19.51308999940527],[-58.01303999899994,-19.51390999940517],[-58.0134399989999,-19.51472999940513],[-58.013829999999935,-19.51554999940519],[-58.014229998999895,-19.516369999405143],[-58.01461999999992,-19.517189999405165],[-58.01501999899989,-19.518009999405113],[-58.01541999899995,-19.518839999405095],[-58.015809998999885,-19.519659999405054],[-58.01620999899995,-19.52047999940507],[-58.01659999999998,-19.521299999405016],[-58.01699999899996,-19.522119999404985],[-58.017389999999985,-19.52293999940494],[-58.01778999899995,-19.523759999405005],[-58.01817999999997,-19.52457999940496],[-58.018579999999936,-19.525399999404854],[-58.01896999999996,-19.526229999404848],[-58.01936999999993,-19.527049999404912],[-58.019759999999955,-19.527869999404864],[-58.020159999999926,-19.528689999404765],[-58.020549998999975,-19.529509999404837],[-58.020949999999914,-19.53032999940478],[-58.02133999899996,-19.531149999404747],[-58.02173999999991,-19.53196999940475],[-58.02212999899996,-19.532789999404766],[-58.022529999999904,-19.53360999940467],[-58.022929999999974,-19.534439999404658],[-58.02331999899991,-19.535259999404552],[-58.02371999999997,-19.536079999404695],[-58.024109998999904,-19.536899999404582],[-58.024509999999964,-19.537719999404647],[-58.02489999899989,-19.538539999404602],[-58.02529999899986,-19.539359999404557],[-58.02568999899989,-19.540179999404565],[-58.02608999899986,-19.54099999940453],[-58.02647999899988,-19.54181999940449],[-58.02687999899985,-19.542649999404457],[-58.02726999999987,-19.543469999404362],[-58.02766999899984,-19.544289999404434],[-58.02805999999986,-19.54510999940438],[-58.028459998999836,-19.545929999404336],[-58.028859998999906,-19.546749999404412],[-58.02924999899983,-19.54756999940436],[-58.0296499989999,-19.548389999404268],[-58.03003999999993,-19.54920999940433],[-58.030439998999896,-19.550029999404295],[-58.03082999999992,-19.550859999404278],[-58.03122999899988,-19.551679999404175],[-58.03161999999992,-19.552499999404244],[-58.03201999899988,-19.553319999404195],[-58.03240999999991,-19.55413999940415],[-58.03280999999987,-19.554959999404048],[-58.03319999999991,-19.55577999940417],[-58.03359999999986,-19.556599999404067],[-58.03399999899983,-19.557419999404143],[-58.03438999999985,-19.558239999404094],[-58.03478999999999,-19.559069999404084],[-58.03517999999985,-19.559889999403985],[-58.03557999999998,-19.560709999404047],[-58.03596999999986,-19.561529999404005],[-58.03636999999998,-19.56234999940396],[-58.03675999899991,-19.563169999403858],[-58.037159999999965,-19.56398999940393],[-58.0375499989999,-19.564809999403877],[-58.03794999999996,-19.565629999403832],[-58.038339998999895,-19.566449999403904],[-58.038739999999954,-19.567279999403894],[-58.039139999999925,-19.568099999403792],[-58.039529998999974,-19.568919999403743],[-58.03992999999991,-19.569739999403815],[-58.04031999899996,-19.570559999403763],[-58.04071999999991,-19.571379999403668],[-58.04110999899996,-19.572199999403743],[-58.0415099999999,-19.57301999940369],[-58.04189999899995,-19.573839999403642],[-58.04229999899991,-19.574659999403547],[-58.04268999899995,-19.575479999403672],[-58.0430899989999,-19.576309999403602],[-58.04348999999996,-19.577129999403557],[-58.04387999899989,-19.577949999403458],[-58.044279998999976,-19.57876999940359],[-58.044669998999886,-19.57958999940348],[-58.04506999899997,-19.58040999940354],[-58.04545999899988,-19.581229999403504],[-58.045859998999966,-19.582049999403466],[-58.04624999999998,-19.58286999940336],[-58.04664999899995,-19.58368999940343],[-58.04704999899991,-19.58451999940341],[-58.04743999899995,-19.585339999403363],[-58.047839998999905,-19.586159999403268],[-58.04822999899994,-19.58697999940339],[-58.0486299989999,-19.587799999403288],[-58.04901999999993,-19.588619999403253],[-58.049419998999895,-19.589439999403314],[-58.04980999999992,-19.590259999403273],[-58.05020999899988,-19.591079999403163],[-58.05060999899997,-19.591899999403232],[-58.05099999899988,-19.59271999940319],[-58.05139999899996,-19.59354999940318],[-58.05178999999998,-19.594369999403067],[-58.05218999899996,-19.595189999403146],[-58.05257999999997,-19.5960099994031],[-58.052979998999945,-19.596829999403052],[-58.053369999999966,-19.597649999402947],[-58.053769999999936,-19.598469999403086],[-58.054169998999896,-19.599289999402966],[-58.05455999999993,-19.600109999403042],[-58.05495999899989,-19.600929999402997],[-58.05534999999992,-19.601759999402983],[-58.055749998999886,-19.60257999940288],[-58.056139999999914,-19.603399999402956],[-58.056539999999984,-19.604219999402908],[-58.056939998999944,-19.605039999402866],[-58.05732999999998,-19.605859999402764],[-58.05772999899995,-19.60667999940289],[-58.058119999999974,-19.607499999402783],[-58.05851999999992,-19.60831999940274],[-58.05890999999997,-19.609139999402824],[-58.05930999999993,-19.60995999940277],[-58.05969999999996,-19.610789999402694],[-58.06009999999993,-19.61160999940265],[-58.06049999899989,-19.61242999940271],[-58.06088999999992,-19.613249999402672],[-58.061289999999985,-19.614069999402567],[-58.06167999999991,-19.614889999402642],[-58.06207999999998,-19.615709999402597],[-58.062469999999905,-19.61652999940255],[-58.062869999999975,-19.617349999402443],[-58.06293239699988,-19.61747791240253],[-58.063269998999935,-19.618169999402575],[-58.063644762999964,-19.618957961402558],[-58.06365999999997,-19.618989999402473],[-58.06380331499992,-19.61928737840255],[-58.06405999999992,-19.61981999940246],[-58.06408730899989,-19.61987741840248],[-58.064449999999965,-19.62063999940253],[-58.064776767999895,-19.6213098734025],[-58.064849999999915,-19.62145999940249],[-58.06493127499987,-19.621630885402393],[-58.06523999999996,-19.622279999402384],[-58.06551813399995,-19.622850173402437],[-58.065639999999924,-19.623099999402434],[-58.066039999999994,-19.623919999402393],[-58.06642999999992,-19.62473999940236],[-58.06682999999998,-19.625559999402256],[-58.067219999999914,-19.626379999402328],[-58.06761999999998,-19.627199999402286],[-58.06800999899991,-19.628019999402238],[-58.06840999999997,-19.628849999402224],[-58.06880999999993,-19.629669999402296],[-58.06919999999997,-19.630489999402197],[-58.06959999999992,-19.631309999402145],[-58.06998999999996,-19.632129999402213],[-58.07038999999991,-19.632949999402175],[-58.070789998999885,-19.633769999402055],[-58.071179999999906,-19.634589999402134],[-58.07157999999999,-19.6354099994021],[-58.0719699999999,-19.63622999940205],[-58.072369999999985,-19.637049999401953],[-58.07275999999991,-19.637879999402045],[-58.07315999999997,-19.638699999402007],[-58.07355999999993,-19.639519999401962],[-58.07394999999997,-19.640339999402023],[-58.074349999999924,-19.641159999401985],[-58.07473999999996,-19.641979999401876],[-58.07513999999992,-19.64279999940194],[-58.075529998999855,-19.643619999401906],[-58.075929999999914,-19.644439999401865],[-58.07632999999998,-19.645259999401752],[-58.0767199999999,-19.646079999401824],[-58.07711999999999,-19.646909999401807],[-58.0775099999999,-19.647729999401758],[-58.07790999999998,-19.648549999401723],[-58.07830999899994,-19.649369999401795],[-58.07869999999998,-19.650189999401693],[-58.079099999999926,-19.651009999401648],[-58.079489999999964,-19.651829999401706],[-58.07988999999992,-19.652649999401675],[-58.08028999899988,-19.653469999401565],[-58.080679999999916,-19.654289999401634],[-58.081079999999865,-19.655109999401592],[-58.08146999999991,-19.65592999940155],[-58.08186999999986,-19.65675999940153],[-58.082259999999906,-19.65757999940154],[-58.082659999999855,-19.658399999401507],[-58.08305999899983,-19.659219999401444],[-58.083449999999864,-19.66003999940153],[-58.08384999999993,-19.66085999940147],[-58.08423999999986,-19.661679999401386],[-58.08463999999992,-19.66249999940145],[-58.08503999899988,-19.663319999401395],[-58.08542999999992,-19.66413999940136],[-58.08582999999987,-19.66495999940125],[-58.08621999999991,-19.665789999401355],[-58.08661999999987,-19.666609999401317],[-58.08701999899984,-19.667429999401257],[-58.087409999999856,-19.668249999401226],[-58.08780999899983,-19.669069999401298],[-58.08819999999985,-19.669889999401192],[-58.088599999999985,-19.670709999401147],[-58.08899999899996,-19.671529999401216],[-58.08938999999998,-19.67234999940117],[-58.089789998999954,-19.673169999401065],[-58.090179999999975,-19.673989999401144],[-58.09057999899995,-19.674809999401088],[-58.0909799989999,-19.67563999940108],[-58.091369999999934,-19.676459999401025],[-58.091769998999894,-19.677279999401044],[-58.09215999999993,-19.67809999940099],[-58.09255999899989,-19.678919999400954],[-58.09295999899996,-19.679739999401015],[-58.09334999999999,-19.680559999400973],[-58.09374999899995,-19.68137999940088],[-58.09413999999998,-19.68219999940094],[-58.09453999899994,-19.683019999400898],[-58.09493999899991,-19.683839999400853],[-58.09532999899994,-19.684669999400853],[-58.0957299989999,-19.685489999400858],[-58.09611999999992,-19.68630999940081],[-58.096519998999895,-19.68712999940076],[-58.096919998999965,-19.687949999400725],[-58.09730999899989,-19.68876999940079],[-58.09770999899996,-19.689589999400685],[-58.098099998999885,-19.690409999400632],[-58.098499998999955,-19.69122999940071],[-58.098899998999904,-19.692049999400666],[-58.09928999899995,-19.692869999400564],[-58.099689998999914,-19.693689999400632],[-58.10007999899994,-19.694519999400622],[-58.10047999899991,-19.695339999400574],[-58.10087999999997,-19.69615999940053],[-58.1012699989999,-19.696979999400543],[-58.10166999899997,-19.697799999400495],[-58.10205999899989,-19.698619999400464],[-58.10245999899996,-19.69943999940053],[-58.10285999999991,-19.700259999400476],[-58.10324999899996,-19.70107999940037],[-58.10364999899991,-19.701899999400453],[-58.10404999999997,-19.702719999400397],[-58.1044399989999,-19.703539999400355],[-58.10483999999996,-19.70436999940034],[-58.105229998999896,-19.705189999400353],[-58.105629999999955,-19.70600999940031],[-58.106029999999926,-19.70682999940026],[-58.106419998999975,-19.707649999400214],[-58.106819999999914,-19.708469999400283],[-58.10720999899996,-19.70928999940019],[-58.10760999999991,-19.71010999940015],[-58.10800999999998,-19.71092999940021],[-58.108399999999904,-19.71174999940016],[-58.108799999999974,-19.71256999940007],[-58.10918999899991,-19.713389999400135],[-58.10958999999997,-19.714209999400094],[-58.10998999999992,-19.715039999400076],[-58.110379999999964,-19.715859999400035],[-58.11077999999991,-19.716679999400043],[-58.11117999899989,-19.717499999399994],[-58.11156999999992,-19.71831999939995],[-58.11196999999998,-19.719139999400024],[-58.11235999999992,-19.719959999399975],[-58.11275999999998,-19.72077999939987],[-58.11315999899994,-19.72159999939995],[-58.113549999999975,-19.7224199993999],[-58.113949998999935,-19.723239999399862],[-58.114349998999906,-19.72405999939976],[-58.11473999999993,-19.724889999399863],[-58.1151399989999,-19.72570999939981],[-58.115529999999914,-19.726529999399766],[-58.11592999899989,-19.72734999939973],[-58.11632999899996,-19.728169999399793],[-58.116719999999994,-19.72898999939968],[-58.117119998999954,-19.72980999939964],[-58.1175199989999,-19.73062999939971],[-58.11790999899995,-19.73144999939966],[-58.1183099989999,-19.732269999399556],[-58.11869999899994,-19.733089999399635],[-58.11909999899989,-19.733909999399586],[-58.11949999999995,-19.73472999939955],[-58.1198899989999,-19.73555999939953],[-58.120289998999965,-19.73637999939955],[-58.12068999999991,-19.737199999399497],[-58.12107999899996,-19.73801999939946],[-58.12147999999992,-19.738839999399527],[-58.121869998999955,-19.73965999939948],[-58.12226999899991,-19.74047999939937],[-58.12266999999997,-19.741299999399445],[-58.12305999899991,-19.74211999939939],[-58.123459999999966,-19.74293999939936],[-58.123859999999915,-19.743759999399245],[-58.124249999999954,-19.74457999939932],[-58.124649999999924,-19.745399999399286],[-58.12504999999999,-19.74622999939926],[-58.12543999999992,-19.747049999399223],[-58.12583999999998,-19.747869999399285],[-58.126229999999914,-19.748689999399176],[-58.12662999999998,-19.749509999399145],[-58.12702999899994,-19.75032999939921],[-58.12741999999997,-19.75114999939916],[-58.12781999999993,-19.751969999399055],[-58.1282199989999,-19.752789999399123],[-58.12860999999992,-19.753609999399085],[-58.12897181242528,-19.754351716725388],[-58.130338390458974,-19.757190975566765],[-58.13058999999999,-19.75771999939895],[-58.13081685848283,-19.758185060451467],[-58.13138299999997,-19.759361299398986],[-58.1313131549017,-19.75941919012322],[-58.13064999899996,-19.75992999939889],[-58.13015290817646,-19.76032494881349],[-58.129483234368195,-19.76084642698008],[-58.12917999999985,-19.761079999398792],[-58.12911784599993,-19.761129382398877],[-58.129018309707476,-19.76120846601569],[-58.064682199999886,-19.81130729939765],[-57.99796819999989,-19.86324999939626],[-57.93119069999989,-19.915137899395],[-57.87615759999994,-19.958408199393862],[-57.86567419999994,-19.9666225993937],[-57.86071317684605,-19.970489713755295],[-57.86056999899995,-19.9705999993936],[-57.860399790645424,-19.97073315573198],[-57.860012199999964,-19.971032899393613],[-57.85909909999992,-19.971746899393597],[-57.859101081828214,-19.971749991529045],[-57.85985115699997,-19.973583507393474],[-57.86063637899992,-19.97501118339353],[-57.86177858899992,-19.977055138393467],[-57.86199267199987,-19.977438234393457],[-57.86288496999999,-19.979472673393403],[-57.86402711099998,-19.982435102393303],[-57.86432026299991,-19.983591424393207],[-57.864669565999925,-19.98496922839326],[-57.865062176999906,-19.9866467473931],[-57.86584739899997,-19.988395651393166],[-57.86716799899989,-19.99053716639312],[-57.86866705899985,-19.992464530392997],[-57.86907337299988,-19.992943077393033],[-57.87027319599998,-19.994356201392954],[-57.871446841835336,-19.995685183090533],[-57.8747941478569,-20.00046848388923],[-57.87587682599997,-20.002601034392733],[-57.8764620469999,-20.00389196139278],[-57.87709035199992,-20.00527792739273],[-57.87941032699996,-20.008847119392634],[-57.88138950099994,-20.010925252392582],[-57.88155184099991,-20.01109570939254],[-57.88468978099996,-20.014537321392456],[-57.884871188999966,-20.014736285392495],[-57.884942860999956,-20.014811007392474],[-57.88822622999994,-20.018234092392397],[-57.89076035599998,-20.020946678392303],[-57.89254494999995,-20.02323096139223],[-57.89454369799995,-20.02662169239223],[-57.89565503199997,-20.02875887439207],[-57.895935681999894,-20.029298586392038],[-57.896773847999896,-20.030742094392085],[-57.89747981098407,-20.031957919712625],[-57.89781419699989,-20.03262223039205],[-57.89895454199996,-20.034887707391974],[-57.8996939619999,-20.036356682391954],[-57.90090284199994,-20.038798885391827],[-57.90207809999993,-20.04125219939181],[-57.90251189999992,-20.042396099391816],[-57.903616299999904,-20.043263799391806],[-57.905170859396954,-20.043023784833565],[-57.90590341999996,-20.04312951539175],[-57.907035650999944,-20.042809289391823],[-57.90708125299989,-20.042796391391807],[-57.907139204999915,-20.04276112439181],[-57.90822791299991,-20.042098579391826],[-57.90903461599999,-20.041112610391792],[-57.909557463999874,-20.040407901391866],[-57.909658352916495,-20.040271920604614],[-57.912603616999945,-20.037549799391886],[-57.91265715699996,-20.03750031539196],[-57.91781569999989,-20.03273259939196],[-57.92049123577629,-20.029863194185282],[-57.92076003010817,-20.02962740976473],[-57.921888382253826,-20.02868307610683],[-57.92466767499991,-20.026514617392152],[-57.927304827999876,-20.024701574392182],[-57.92866516899989,-20.023766339392278],[-57.92923082599998,-20.0232884573923],[-57.92998420799989,-20.022651979392336],[-57.93127960199996,-20.021659161392254],[-57.93189644799992,-20.021411025392343],[-57.93531650598704,-20.019965741232983],[-57.939252799999906,-20.018888299392398],[-57.943571104999876,-20.018888299392398],[-57.94370979999991,-20.018888299392398],[-57.94647079999992,-20.0190657993924],[-57.95035589999986,-20.019854599392392],[-57.95811619999989,-20.023049499392243],[-57.96130119999998,-20.025228699392194],[-57.961848744292006,-20.025681114934894],[-57.96380100468554,-20.027468395186308],[-57.96540177826972,-20.029489055806497],[-57.96596322099999,-20.030476419392105],[-57.96632104918797,-20.031203619624844],[-57.96742469999992,-20.03378769939202],[-57.96813905799996,-20.036060682391966],[-57.96903484566775,-20.0389301090268],[-57.96912547199997,-20.03946631539188],[-57.969246875999886,-20.040184620391887],[-57.96978225599997,-20.042254751391763],[-57.970567477999914,-20.04439626639171],[-57.97115093699995,-20.045919743391707],[-57.971209931999965,-20.046073786391723],[-57.97124433799996,-20.046175441391693],[-57.97199515299992,-20.04839376139152],[-57.97335144699998,-20.0506423513916],[-57.97510035099998,-20.052998018391502],[-57.97599264899991,-20.053961699391454],[-57.97834831399996,-20.055246608391403],[-57.97885149399991,-20.055526152391487],[-57.980520309999974,-20.056453272391423],[-57.980918131999935,-20.05667428539147],[-57.98320241599993,-20.057887810391403],[-57.98527254699991,-20.058708724391366],[-57.986914374999856,-20.058922876391307],[-57.98827066799999,-20.058780108391385],[-57.98895333655553,-20.058628404326956],[-57.98909839999981,-20.05863659939132],[-57.992431299999964,-20.057867499391396],[-57.993766628603225,-20.057415063864696],[-57.994231215999946,-20.057281048391406],[-57.99465351299989,-20.057169498391424],[-57.99612288799989,-20.05678136139147],[-57.99692965199994,-20.056668789391388],[-57.99765763999994,-20.056567209391414],[-57.999406543999896,-20.056531517391317],[-58.001333906999946,-20.05660290139144],[-58.003475421999845,-20.05688843639143],[-58.0047246399999,-20.057173972391393],[-58.005917982999954,-20.05764194939142],[-58.009722228999976,-20.06127279639134],[-58.00979232599992,-20.061339698391286],[-58.01031682099995,-20.061771636391306],[-58.012219375999905,-20.0633384463913],[-58.013011463999995,-20.064130534391182],[-58.01521749799996,-20.066336566391133],[-58.016419503999884,-20.067095728391077],[-58.017930081999964,-20.06804977839119],[-58.01978144999993,-20.07013256639107],[-58.0202143649999,-20.070619596391044],[-58.023926323999895,-20.074046020390966],[-58.028066585999966,-20.07647307039089],[-58.03109973599993,-20.077632804390916],[-58.032920685999954,-20.078329050390927],[-58.03798950499999,-20.080909095390734],[-58.03859626699989,-20.08165862539084],[-58.03895318599995,-20.08265799939082],[-58.039702715999965,-20.085549044390657],[-58.04023039599992,-20.08762678139058],[-58.04027378799998,-20.08779763539066],[-58.040916241999916,-20.08983207439054],[-58.041523003999934,-20.091580978390507],[-58.04157120199994,-20.09169413939057],[-58.042343918999904,-20.09350834139052],[-58.04242657114816,-20.093724947104686],[-58.04295739999998,-20.09563379939048],[-58.04317958499996,-20.096425095390458],[-58.04408149999989,-20.09963719939032],[-58.04567889999998,-20.102832099390273],[-58.048065199999876,-20.105415599390167],[-58.048334470474344,-20.105549313461125],[-58.04976783599989,-20.106607274390168],[-58.05162381599991,-20.107749416390135],[-58.052944417999925,-20.10842756239016],[-58.054229326999916,-20.10874878939011],[-58.05530008299996,-20.108820173390146],[-58.056299456999966,-20.108820173390146],[-58.05722744699995,-20.108784481390096],[-58.05844097299996,-20.10860602139002],[-58.05875710299983,-20.10854637439013],[-58.060332643999914,-20.108249102390076],[-58.06120553365088,-20.108047666548387],[-58.06155459999991,-20.107999099390177],[-58.06262711174185,-20.1077196104429],[-58.06265261799991,-20.107713724390095],[-58.0641873699999,-20.107356804390154],[-58.06472453197961,-20.107173038574828],[-58.06696360899991,-20.10658955239011],[-58.070862999999974,-20.105573399390167],[-58.075221499999884,-20.105376099390206],[-58.081819609999975,-20.10609648239019],[-58.08220728546422,-20.106138808861214],[-58.08246109799983,-20.106196121390163],[-58.08317546899997,-20.10635743139017],[-58.08374283199993,-20.10641346739021],[-58.083888394999974,-20.106427844390172],[-58.08606651499991,-20.106642966390087],[-58.08807445999986,-20.107028051390145],[-58.088672023999834,-20.10714265339019],[-58.08934255168999,-20.107313333172087],[-58.09222119999992,-20.10831459939017],[-58.09362709586258,-20.10921712917642],[-58.09438272999989,-20.109783855390074],[-58.096007419875264,-20.11150411363046],[-58.10059921255708,-20.120345049942035],[-58.10062881599998,-20.12042004538976],[-58.10066307261627,-20.12046800469101],[-58.100701399999934,-20.120541799389734],[-58.10084073495295,-20.120716732161377],[-58.1016995729999,-20.1219191063898],[-58.10287740599994,-20.123346782389753],[-58.10328317231108,-20.123783172615923],[-58.10613330434069,-20.127361467111985],[-58.106410904999905,-20.12787965538959],[-58.10682842599993,-20.128875280389536],[-58.10687490099996,-20.12898610538963],[-58.107119020999896,-20.12946592638962],[-58.107909965999966,-20.131020544389514],[-58.10828017799997,-20.132001605389558],[-58.10862380499998,-20.13291221538949],[-58.10976594699998,-20.135910336389436],[-58.11097947099983,-20.13887276538938],[-58.11244283999986,-20.141549659389316],[-58.11358498099991,-20.143477022389206],[-58.11490558099995,-20.1449046993892],[-58.11592185785656,-20.145740304467076],[-58.11675459999992,-20.14665289938911],[-58.11824296095403,-20.147307797831385],[-58.11975968299987,-20.148295431389077],[-58.12129443499992,-20.14886650238914],[-58.122900569999956,-20.149223421389085],[-58.12411409599991,-20.14950895638907],[-58.12477290398823,-20.14968570978475],[-58.12775909999987,-20.150636599389],[-58.1326499999999,-20.15217489938906],[-58.13300340731888,-20.152187080521273],[-58.133358301999984,-20.15229292638905],[-58.13478597799997,-20.152507077389018],[-58.136285039999905,-20.152614153388893],[-58.13760563899995,-20.152578461389023],[-58.13885485599992,-20.152435693389045],[-58.139865181128016,-20.152332599389045],[-58.14140619999989,-20.152332599389045],[-58.14150904899998,-20.15231582038897],[-58.14391685059309,-20.151923013029997],[-58.14428002799991,-20.15190031438908],[-58.14684984499991,-20.151828931389044],[-58.1491341279999,-20.15200739038897],[-58.14948018836639,-20.152062760171685],[-58.15286429999991,-20.15302289938895],[-58.1577808001486,-20.156092564110683],[-58.15786511699997,-20.156173973388835],[-58.15918639899997,-20.157449693388937],[-58.160442754999906,-20.158249192388897],[-58.163616283999936,-20.16006247238888],[-58.16407563577985,-20.160324935291623],[-58.164740815999885,-20.160798649388827],[-58.1664917999999,-20.162646899388744],[-58.16797089999989,-20.164618999388743],[-58.168641399999956,-20.165782599388688],[-58.1687202999999,-20.167301099388688],[-58.16823219999992,-20.169184499388624],[-58.168005999999885,-20.16917679938861],[-58.16800939999996,-20.169196799388562],[-58.168251699999935,-20.170207699388513],[-58.1683693999999,-20.17080059938851],[-58.16843119999998,-20.17118339938858],[-58.168492603019956,-20.171992012326484],[-58.168126447999896,-20.172900182388545],[-58.167234329999985,-20.17457019338848],[-58.166515927999974,-20.17591501538836],[-58.16651658299992,-20.175980821388364],[-58.16651822299996,-20.176145544388433],[-58.16557972061571,-20.17739590312786],[-58.159334599999966,-20.181416499388302],[-58.15814409999996,-20.181539099388306],[-58.15472809026239,-20.181891061646965],[-58.15442711218776,-20.18189415889394],[-58.146449399999824,-20.18056639938836],[-58.14455876054399,-20.18059562241412],[-58.144102878999895,-20.180538176388232],[-58.14191103687023,-20.180636547455336],[-58.139960299999984,-20.18066669938828],[-58.132596999999855,-20.18193599938829],[-58.127283899999895,-20.185274099388163],[-58.12656369044482,-20.186164062948865],[-58.12442361399985,-20.188288015388068],[-58.12280504199987,-20.190307803388066],[-58.121925565999845,-20.192319012388058],[-58.12195807512409,-20.19410705104259],[-58.121846199999936,-20.19439259938799],[-58.12211599999989,-20.19848349938789],[-58.124306999999995,-20.20212419938768],[-58.124614498133155,-20.202329242072643],[-58.126591600999916,-20.204295949387742],[-58.1294832139999,-20.20611362538761],[-58.132948837999955,-20.208002566387627],[-58.137308423999976,-20.209189256387546],[-58.13914098399989,-20.209644624387554],[-58.13937611565689,-20.209703051725473],[-58.140459399999884,-20.210062399387557],[-58.143088434999925,-20.210777868387588],[-58.14504295725595,-20.21130977525324],[-58.1471566869999,-20.212048056387488],[-58.147273870999925,-20.2120889863875],[-58.14743770399996,-20.212087271387546],[-58.15014973149732,-20.213409046514005],[-58.15138835862217,-20.214115295085293],[-58.151481770999915,-20.214200976387502],[-58.15173575130319,-20.21431337373198],[-58.1542219999999,-20.215730999387397],[-58.15900609887632,-20.2213813441078],[-58.15901824299988,-20.22140290738731],[-58.16029358499998,-20.223667429387227],[-58.160575325999964,-20.223977686387233],[-58.16128054799992,-20.224754278387238],[-58.16195611399996,-20.225498213387226],[-58.163868506999904,-20.22794338038706],[-58.16402247054583,-20.228188127748535],[-58.16522906511455,-20.23047422305497],[-58.16555368499991,-20.23208315838693],[-58.16582625799998,-20.234081445386927],[-58.165828420999894,-20.234235382386977],[-58.16561707599993,-20.235835880386897],[-58.16553312099989,-20.23647166338694],[-58.165296854999895,-20.239737561386853],[-58.165243459999836,-20.240475637386844],[-58.16521834199988,-20.240694189386762],[-58.164792140999964,-20.244402483386764],[-58.1646317183878,-20.245812064216544],[-58.16382449999991,-20.24928399938658],[-58.163090695999976,-20.252655020386523],[-58.16208109999992,-20.257292999386344],[-58.159451248005496,-20.263715909026107],[-58.15920239829899,-20.264015722905327],[-58.15513159999984,-20.26751589938612],[-58.15002469999996,-20.270432299386048],[-58.14455029999988,-20.271777399385943],[-58.14016659999993,-20.27079489938594],[-58.13721179999988,-20.268634499386142],[-58.13685564299988,-20.267452497386156],[-58.13637379999989,-20.265853370386125],[-58.13551213599993,-20.262779014386304],[-58.13519239999993,-20.261626899386304],[-58.132904599999904,-20.258719799386355],[-58.13084189999996,-20.256231399386426],[-58.12720159999992,-20.253137599386456],[-58.12336229999989,-20.251306299386503],[-58.11952349999996,-20.249581599386588],[-58.11899680392788,-20.24948894709746],[-58.117710035999835,-20.249069003386637],[-58.11746301399989,-20.248994526386586],[-58.11516205099997,-20.24863313938665],[-58.114249851783704,-20.248732644079386],[-58.10764879999993,-20.24913449938663],[-58.105308855101214,-20.249775328241856],[-58.103771449999954,-20.250055842386566],[-58.102482193608864,-20.25054945128423],[-58.10196679999991,-20.250690599386544],[-58.101717621752925,-20.250842177753118],[-58.10080187799991,-20.25119278238652],[-58.099651136384466,-20.252099247663228],[-58.098881823999925,-20.25256723038652],[-58.09664979999991,-20.253924999386413],[-58.09433361799995,-20.2567123493864],[-58.094252271985916,-20.256810351679782],[-58.093406707999975,-20.25749950238642],[-58.09303364899995,-20.258251609386328],[-58.09300050675881,-20.258318426347277],[-58.09262892599992,-20.25876609138633],[-58.09258979999999,-20.258813199386317],[-58.08989099999996,-20.264527999386196],[-58.08981462199995,-20.266385912386195],[-58.089707999999916,-20.26897949938605],[-58.08973659999999,-20.276852799385825],[-58.09045525699992,-20.28252294838577],[-58.090773199999944,-20.28503149938571],[-58.09283889999989,-20.294560299385477],[-58.0938578500269,-20.298123058740284],[-58.09392544499991,-20.29842909638536],[-58.094010135999895,-20.29865917938537],[-58.09401580294723,-20.29867534121701],[-58.094753499999975,-20.301254699385314],[-58.095482950759276,-20.30285593963392],[-58.09630100599992,-20.30518096338518],[-58.09739266999991,-20.307325681385144],[-58.097940815999884,-20.308207556385124],[-58.0998173559999,-20.311226598384955],[-58.10149765499983,-20.314597043385],[-58.10218733399995,-20.31743958238485],[-58.102885289999904,-20.3209759643848],[-58.102773300568636,-20.32210679706463],[-58.100925899999886,-20.328358099384623],[-58.097475399999894,-20.335969799384422],[-58.096927334478046,-20.33811224573537],[-58.09686426399997,-20.33820846638439],[-58.09622816399992,-20.33917890638437],[-58.09614157799996,-20.34002177838436],[-58.09604124999992,-20.34099844638425],[-58.096006441999975,-20.341337289384306],[-58.09550833899988,-20.343694117384217],[-58.09530512999993,-20.344655624384238],[-58.09528891699995,-20.34482216838414],[-58.09527905853389,-20.34492343590919],[-58.09404824332023,-20.35081983972653],[-58.09390144599996,-20.351213984384067],[-58.092946553609465,-20.353575068432004],[-58.09226120120894,-20.355146412996675],[-58.091294552999834,-20.356948224383906],[-58.090574509999946,-20.358290369383887],[-58.089467197999916,-20.36114800138373],[-58.08932259431958,-20.3615211784726],[-58.08702169999999,-20.36627279938361],[-58.08678561053359,-20.366735979566684],[-58.08501361799989,-20.369596641383556],[-58.084637578999896,-20.370203709383517],[-58.08286596299995,-20.373532057383457],[-58.08208846499992,-20.37499292538346],[-58.08109523499997,-20.37685914138335],[-58.08047359399996,-20.377893361383276],[-58.07900027699991,-20.38034450738333],[-58.078631155999915,-20.381032429383307],[-58.0778689784379,-20.382452881509177],[-58.07755507713017,-20.38292265129986],[-58.07552388799996,-20.385227744383208],[-58.07364197397544,-20.387520144779504],[-58.07332832045006,-20.387845103973795],[-58.072107624421555,-20.388554307913118],[-58.07096831469516,-20.389150134491466],[-58.06938447399994,-20.38943565038302],[-58.06883718299998,-20.389534309383023],[-58.06519845199989,-20.39112443738307],[-58.06472800899996,-20.39133002138303],[-58.064659033999924,-20.39135544938304],[-58.06177311299991,-20.392419373383014],[-58.06128718899992,-20.392598508383056],[-58.058769384999955,-20.393413844382987],[-58.057844567999894,-20.393713326382994],[-58.05704454199997,-20.39390891838294],[-58.0550081159999,-20.394406788382984],[-58.05358782999996,-20.39475402238293],[-58.05248487899991,-20.395183348382986],[-58.050849715894906,-20.39581983877585],[-58.047555699999926,-20.396780899382925],[-58.04576605650494,-20.397412928164034],[-58.0440117959999,-20.397849866382884],[-58.03933809399989,-20.398238209382807],[-58.038759363999986,-20.398286296382896],[-58.03614380799991,-20.398664186382874],[-58.035315483999966,-20.39878386038284],[-58.034399540999914,-20.398856312382872],[-58.03203193499997,-20.399043593382824],[-58.030838874999915,-20.399324089382837],[-58.02982571596772,-20.39956228890838],[-58.0278639999999,-20.399627299382797],[-58.0246188999999,-20.40009629938286],[-58.02184279999989,-20.401924699382782],[-58.02094618516986,-20.40380770642083],[-58.02067348199995,-20.40431183338266],[-58.020588970248916,-20.404557903928016],[-58.01967659999997,-20.406473999382552],[-58.01574869999995,-20.412624999382512],[-58.0112568034379,-20.41833026562589],[-58.01077804499994,-20.41883751438237],[-58.00860756499992,-20.42113715738227],[-58.00584958727837,-20.424751616759565],[-58.00434869999998,-20.426591599382164],[-58.00138589999989,-20.43073569938208],[-58.00081484794686,-20.431832544135645],[-58.00072551799997,-20.431956485381914],[-58.00054799105896,-20.43234510787832],[-57.998138199999914,-20.43697369938186],[-57.99645269999991,-20.443406699381768],[-57.996698936795944,-20.44738902682502],[-57.99669790499996,-20.44739745138168],[-57.996700334794866,-20.447411636320282],[-57.99690709999994,-20.450755599381605],[-57.997730461298886,-20.453150614884883],[-57.99800871599996,-20.45462387438145],[-57.999435276999975,-20.457226459381427],[-58.00080852299987,-20.45933503638131],[-58.001285871999926,-20.46006799138129],[-58.00173168799989,-20.46086102538135],[-58.00287914699999,-20.46290216538125],[-58.004525524109916,-20.46526468850942],[-58.00471389999989,-20.465580899381216],[-58.00678339999991,-20.468489799381103],[-58.009791599999915,-20.474014999381],[-58.013596399999976,-20.480264199380798],[-58.015258670665624,-20.48522306846492],[-58.01597741899996,-20.48860318938062],[-58.01658865999991,-20.491907322380566],[-58.01663400499996,-20.493176194380442],[-58.01670693899996,-20.495217049380415],[-58.01723862799997,-20.497630596380308],[-58.017485019999924,-20.498749064380355],[-58.017688938999925,-20.50066680938026],[-58.01779731999982,-20.501686074380203],[-58.01794295699989,-20.503055651380162],[-58.01874571099995,-20.50547199838016],[-58.01896296399991,-20.506125945380187],[-58.01958106899997,-20.510047123380076],[-58.019393193999974,-20.515438131379945],[-58.01921669571544,-20.517051157099296],[-58.01769999999993,-20.522830999379774],[-58.01565599999993,-20.528540399379587],[-58.01339572299997,-20.533377317379475],[-58.01262136099995,-20.53494396337945],[-58.01034949999991,-20.539539299379367],[-58.006673699999965,-20.547682199379096],[-58.00616066996498,-20.54987907305201],[-58.005167127999925,-20.55158044137905],[-58.00310527299997,-20.55294618937898],[-58.002438581999904,-20.553401606378973],[-58.00139175299989,-20.554116694379015],[-57.999114428999974,-20.55637004437893],[-57.99765650399997,-20.55838470737879],[-57.9962829719999,-20.560630550378814],[-57.995244821999904,-20.563489562378777],[-57.9952688269999,-20.56572131637865],[-57.99529140299984,-20.567798147378664],[-57.99583045699995,-20.569614913378558],[-57.99597438799992,-20.570100001378545],[-57.99613400699992,-20.57110769137858],[-57.996327505999936,-20.57232926737858],[-57.9970281924591,-20.575245515618345],[-57.9970130999999,-20.575525899378476],[-57.998239616881904,-20.577812392464576],[-57.998531296999936,-20.578391334378342],[-57.999789225999905,-20.580688812378337],[-58.001478443999986,-20.582560789378242],[-58.00178798499991,-20.58290382237821],[-58.00241799099991,-20.58376933437821],[-58.003625571999926,-20.585428330378225],[-58.00367029999989,-20.58542787537826],[-58.00370777899997,-20.58542749337821],[-58.00528604589561,-20.58717433084353],[-58.006418379944485,-20.588670539824037],[-58.006754935265405,-20.589212718956098],[-58.00899241007216,-20.593951937247642],[-58.00915232199998,-20.594386293378005],[-58.010921831999894,-20.598751005377874],[-58.011341012999885,-20.601022022377826],[-58.01153110299999,-20.602051883377804],[-58.01178139699987,-20.602662065377732],[-58.01277863357729,-20.60509318959812],[-58.01303114278943,-20.607406365600237],[-58.013008805999846,-20.608849718377684],[-58.01297275697681,-20.609665044767553],[-58.01263789999995,-20.612611499377564],[-58.01078589999986,-20.616211299377497],[-58.00681379999992,-20.62005069937741],[-58.004209833331565,-20.62313237764677],[-58.00297380799997,-20.62449913937726],[-58.00272115963542,-20.624847479691113],[-58.00240158399998,-20.62520367037719],[-58.0007541999999,-20.627039799377112],[-57.99910129999996,-20.628743299377142],[-57.99557429999999,-20.631726399377058],[-57.990334399999945,-20.634116299377038],[-57.98760533793456,-20.635392122800557],[-57.98606239799989,-20.635803611376996],[-57.98598575899984,-20.635824050376897],[-57.98597333599998,-20.635835909377004],[-57.98574165399997,-20.63605705337691],[-57.98533201999993,-20.636214800376898],[-57.98510578699995,-20.636344681376976],[-57.98492329499992,-20.63644945137692],[-57.98388720299994,-20.636817109376985],[-57.982506785545525,-20.637306952174583],[-57.978709299999885,-20.638291699376936],[-57.977015509342664,-20.639005977666574],[-57.97681423699993,-20.63905964937693],[-57.976551421782965,-20.639201685245332],[-57.97458839999991,-20.64002949937684],[-57.97125269999993,-20.64218219937685],[-57.970385999999905,-20.644191799376703],[-57.97040392548286,-20.644283750519143],[-57.97013290099994,-20.644660722376774],[-57.9703960079999,-20.646197202376708],[-57.9714950679999,-20.649034236376668],[-57.971701039999914,-20.64956758237665],[-57.97292153399991,-20.652727949376494],[-57.973366151999926,-20.654498215376552],[-57.973534866999955,-20.655169963376537],[-57.974280990123134,-20.657346059144075],[-57.9745635999999,-20.658410499376426],[-57.977747799999925,-20.667610699376084],[-57.98071839999995,-20.673596099375914],[-57.98118719999991,-20.674744799375993],[-57.984636246999905,-20.680344447375898],[-57.985345675999895,-20.68160344537584],[-57.98811494304192,-20.686526853814343],[-57.988238254778366,-20.68683376775831],[-57.98890869999991,-20.69417819937549],[-57.987887999999934,-20.6995515993754],[-57.985331007103305,-20.703214570964757],[-57.98474498281405,-20.70370027712608],[-57.981797152019574,-20.70532245366118],[-57.98033699344586,-20.705863825145975],[-57.97789272446557,-20.70628067393289],[-57.97770330599997,-20.706286186375216],[-57.97576330226985,-20.70634264454758],[-57.97539231481096,-20.706315012140006],[-57.97200857599995,-20.70552614137525],[-57.97141190399997,-20.70538703537518],[-57.97083641938258,-20.705317414500957],[-57.966622799999925,-20.704272599375308],[-57.959174886485194,-20.70482887433551],[-57.95743898571931,-20.704453147588925],[-57.95360369999992,-20.702339899375303],[-57.95318292399992,-20.701842644375294],[-57.95317663199984,-20.701847489375318],[-57.95022111766513,-20.69834267317369],[-57.950003686438606,-20.697927050391307],[-57.94900969545966,-20.69586382766286],[-57.94845041399993,-20.694427040375565],[-57.9479681240058,-20.693188041660935],[-57.94698769999996,-20.690038199375522],[-57.94513919999997,-20.68617829937572],[-57.941194156999984,-20.67893573937589],[-57.93679459999993,-20.67001269937616],[-57.93488542168234,-20.66795394542946],[-57.934727910999975,-20.667677003376173],[-57.93439547999992,-20.66737193437613],[-57.93411328112979,-20.667121311099095],[-57.933138999999976,-20.666070699376263],[-57.932640658390646,-20.665813462004017],[-57.93181997099999,-20.665084602376215],[-57.931655349999964,-20.66508610237627],[-57.931324513999925,-20.66493505937626],[-57.93077419888947,-20.664850020202888],[-57.92917589999996,-20.66402499937631],[-57.92622078519833,-20.664273234874276],[-57.92497709399993,-20.66414966437625],[-57.921690149999904,-20.664644190376297],[-57.919480396999965,-20.665817994376233],[-57.91689015099997,-20.667399830376212],[-57.91678321799992,-20.667465133376187],[-57.91655882599991,-20.667747722376124],[-57.91537884395672,-20.669233731234396],[-57.91367489999994,-20.670764099376026],[-57.9112730999999,-20.67499689937589],[-57.908436199999926,-20.680082799375914],[-57.907393511999885,-20.68212751237584],[-57.90328819999997,-20.689820599375654],[-57.89796299999995,-20.69366809937556],[-57.894085199999836,-20.696978199375454],[-57.88635999999997,-20.705499199375225],[-57.882262799999985,-20.70912689937517],[-57.87807019999991,-20.71370319937499],[-57.87452440299989,-20.718819739374823],[-57.87017299999991,-20.725470599374642],[-57.87006636203113,-20.725887337083766],[-57.87000378199996,-20.725961941374766],[-57.869951693999894,-20.72625589737477],[-57.86990585162159,-20.726514606536863],[-57.86879739999989,-20.730846399374585],[-57.868197499999894,-20.735475499374523],[-57.865875549227326,-20.74018679190187],[-57.865794748999974,-20.740294352374416],[-57.86496121199991,-20.74140394837433],[-57.86440205499991,-20.742950058374337],[-57.86442787399994,-20.745337553374274],[-57.86443037299994,-20.745568555374284],[-57.864693209823194,-20.746189442312055],[-57.86468539999993,-20.74640419937421],[-57.864845543188665,-20.74654929218272],[-57.865274703999894,-20.74756307837424],[-57.867105629999976,-20.749240655374102],[-57.867435409999985,-20.74931474737418],[-57.8676006739999,-20.749390266374192],[-57.870406084999956,-20.7502125063741],[-57.87048836399999,-20.75021179337414],[-57.87141294953414,-20.750268715939104],[-57.873516099999954,-20.750798299374072],[-57.878911399999886,-20.750516799374157],[-57.882566368055905,-20.749567430713746],[-57.8826611109999,-20.749566596374052],[-57.88459681499989,-20.749284332374152],[-57.886029944999905,-20.74907535437418],[-57.88644064399989,-20.748994797374188],[-57.88648744299991,-20.74896503737411],[-57.88656337599991,-20.7489167513742],[-57.886576836284526,-20.748908191713856],[-57.88955629999993,-20.748587199374217],[-57.889622075908626,-20.748579102914885],[-57.89055204299989,-20.748496863374196],[-57.89104670799997,-20.74849248037422],[-57.89120265899998,-20.74849109937416],[-57.89129405999989,-20.748490289374196],[-57.89233384799996,-20.748363775374212],[-57.89607349799996,-20.74790876037422],[-57.8962233129999,-20.747907419374187],[-57.8964036399999,-20.747905805374156],[-57.89689890499995,-20.74790137237415],[-57.899122854999916,-20.747727540374168],[-57.899205157999965,-20.74772681337418],[-57.90317692899998,-20.746927661374244],[-57.90753060999987,-20.745965192374214],[-57.908086787546445,-20.745790855886057],[-57.90871349999986,-20.74568609937426],[-57.91453769999992,-20.744659499374237],[-57.92027534604528,-20.74395569956355],[-57.920711869279955,-20.743960309258654],[-57.925539399999934,-20.74418719937425],[-57.93005253079343,-20.74480829550937],[-57.93296791499994,-20.745736389374247],[-57.93321650799999,-20.74588810337427],[-57.93395361199987,-20.74625827737421],[-57.93515880224419,-20.746863511521003],[-57.93677889999987,-20.74832959937423],[-57.94107081004171,-20.75193165944507],[-57.94128288399992,-20.752126019374092],[-57.941450500999956,-20.75235551937407],[-57.94429361861837,-20.756014721641026],[-57.94471047403591,-20.75656679685245],[-57.944876768999904,-20.75686904737392],[-57.946232918437545,-20.75863201115881],[-57.9491705841017,-20.764560452826547],[-57.94959534225757,-20.76554832174163],[-57.95132969999997,-20.77228869937359],[-57.951519261495434,-20.772986983100342],[-57.9516725919999,-20.77486347137354],[-57.95244022499992,-20.777628211373496],[-57.952440898999896,-20.777705167373487],[-57.95353440599995,-20.779928269373382],[-57.95361843999989,-20.7800815533734],[-57.95377252253513,-20.78026742909929],[-57.95394109999995,-20.78076229937338],[-57.95622828699999,-20.783624881373296],[-57.95692949999994,-20.78450249937334],[-57.95875589999998,-20.786996299373182],[-57.95921286078892,-20.78773418619787],[-57.959220329999944,-20.787759184373137],[-57.9593039209999,-20.788038950373245],[-57.96055721499988,-20.790481148373118],[-57.96063672399998,-20.790636081373147],[-57.96080271399996,-20.790788299373116],[-57.96128520499992,-20.791928574373095],[-57.961338996999984,-20.792055702373073],[-57.96164595199991,-20.7927811323731],[-57.96172629061976,-20.792854767818792],[-57.96135539999995,-20.795045999373052],[-57.95964656140466,-20.797670735844875],[-57.959222398759955,-20.797981528282897],[-57.9558019999999,-20.79890779937295],[-57.952019351242825,-20.800190947777494],[-57.95119616964819,-20.800367198824475],[-57.94704079999991,-20.80052409937292],[-57.942522097951546,-20.800750905011054],[-57.93922658099995,-20.800307484372873],[-57.93598776181727,-20.79951442669731],[-57.93515263399996,-20.799277009372908],[-57.93004089999988,-20.797823799372978],[-57.92223979999994,-20.794781199372924],[-57.91759219999989,-20.792536699373077],[-57.91372919999991,-20.790178299373192],[-57.91101309999988,-20.788955799373188],[-57.90594349999992,-20.788079999373192],[-57.89887369999992,-20.788700999373145],[-57.89755450468124,-20.78919278257245],[-57.89742514499994,-20.78920712337315],[-57.89709863099995,-20.78928808537313],[-57.896106152694024,-20.789732714123026],[-57.89329039999989,-20.790782399373153],[-57.88985269999994,-20.793768599373102],[-57.88453439999989,-20.79877929937287],[-57.87683469999991,-20.804429399372758],[-57.87384209999993,-20.807206399372607],[-57.87309818978508,-20.80844051631872],[-57.871875888999966,-20.809604361372703],[-57.871178346999905,-20.810690372372658],[-57.871062458999965,-20.810870799372687],[-57.87033349799997,-20.812005728372654],[-57.86847548699989,-20.81367068937263],[-57.86755578099991,-20.81449483637249],[-57.86502817599996,-20.817211917372433],[-57.86290953099996,-20.81953972337242],[-57.86054926999998,-20.822407809372326],[-57.85987556196716,-20.82421376666456],[-57.85939689999992,-20.82485569937231],[-57.857336199999956,-20.829712999372227],[-57.856737920665466,-20.83109764644472],[-57.856280082999895,-20.832066863372148],[-57.856174350999936,-20.832264017371998],[-57.85466255699993,-20.835083001372084],[-57.85403033699993,-20.838049838371937],[-57.85422600541722,-20.83960779555259],[-57.854029599999926,-20.84110699937194],[-57.85500019999994,-20.845504799371813],[-57.856440401587285,-20.848201609415383],[-57.85686253899996,-20.84942414037164],[-57.857950321999915,-20.85110876337167],[-57.86002670699992,-20.8527845373716],[-57.86242569399992,-20.853764594371572],[-57.86506443099984,-20.8540491203716],[-57.867531362999955,-20.853871722371597],[-57.86803819499994,-20.85378508237159],[-57.86942375999991,-20.853548226371636],[-57.87061257714572,-20.853635231299958],[-57.871436106860976,-20.853740657257443],[-57.873890047999915,-20.854897324371596],[-57.875975495999974,-20.85634460437149],[-57.87663306499991,-20.856800950371547],[-57.87665353299991,-20.85680075837153],[-57.87671537299992,-20.856800176371497],[-57.878629591999925,-20.858013858371542],[-57.87898484178311,-20.858239099433668],[-57.88405639999996,-20.862505199371316],[-57.88983909999996,-20.868128399371237],[-57.89194009999988,-20.870119599371094],[-57.894790899999975,-20.872272699371074],[-57.89669859999998,-20.873526199371124],[-57.89842769999996,-20.874658899370967],[-57.901604299999974,-20.876813299371058],[-57.901674411240265,-20.876868956380008],[-57.90223762999988,-20.87747128137096],[-57.90231999599995,-20.877470519370995],[-57.90292176399993,-20.877894526370973],[-57.90331816079111,-20.878173828225766],[-57.90433419999988,-20.87898039937091],[-57.908077299999896,-20.881237799370933],[-57.91101469999985,-20.882037199370924],[-57.91452753278139,-20.88341352036146],[-57.91457765899992,-20.883444099370834],[-57.91460502571817,-20.88344388194191],[-57.91464309999992,-20.883458799370906],[-57.91829019999989,-20.885931599370807],[-57.92197359999995,-20.88871219937067],[-57.92369215944836,-20.88992410607338],[-57.92436858699995,-20.890589125370646],[-57.92441626399988,-20.89061083837067],[-57.924533722999904,-20.890664331370665],[-57.92703208699988,-20.89302956437064],[-57.92711753099991,-20.893183760370615],[-57.928563895999964,-20.89580196837054],[-57.92871063889879,-20.896622684935753],[-57.9281307169423,-20.90007967849773],[-57.92801382496412,-20.90031908273522],[-57.92623639999994,-20.902733399370373],[-57.921992626450674,-20.904431689613094],[-57.920692176499195,-20.90449033500802],[-57.91805562616656,-20.904527662197566],[-57.91514375157261,-20.904295691902938],[-57.911304499999915,-20.903572099370386],[-57.908440516912435,-20.903220808223505],[-57.9083907559999,-20.903211038370372],[-57.90731657497656,-20.90306419212776],[-57.90216679999997,-20.901810699370362],[-57.89768069999997,-20.902501899370407],[-57.89242589999992,-20.904466299370377],[-57.889216674825555,-20.906742068365705],[-57.88823650399996,-20.90731232737015],[-57.88791886684515,-20.907662387446905],[-57.88653109999991,-20.90864649937028],[-57.88395349448189,-20.91176171754643],[-57.88219634399997,-20.913296107370137],[-57.881607006271054,-20.914597614146423],[-57.881525599999925,-20.914695999370096],[-57.87978679999993,-20.918609999370002],[-57.87907958071366,-20.922117141335413],[-57.87875861199995,-20.92325789236991],[-57.87868590023186,-20.92406942595998],[-57.87768854126694,-20.929015387627622],[-57.87758242399997,-20.929350836369757],[-57.877401812999956,-20.930180931369645],[-57.87737271699985,-20.93031465736971],[-57.87732757778924,-20.930522120107643],[-57.876115899999945,-20.93526289936954],[-57.87474935280931,-20.93938706684793],[-57.87462961699998,-20.93963785736952],[-57.874630688086775,-20.93974519073356],[-57.8746114999999,-20.939803099369495],[-57.87156402809478,-20.943466681605475],[-57.87137267444035,-20.94363055743623],[-57.867181399999936,-20.94673569936935],[-57.867095084014466,-20.946786678617737],[-57.864820729999906,-20.947960391369318],[-57.8616150819999,-20.94891197636923],[-57.86096318545691,-20.949087956611255],[-57.85675359999982,-20.949468299369226],[-57.850910160999945,-20.948830899369277],[-57.85077559999991,-20.948816299369287],[-57.847510599999964,-20.94761843536927],[-57.84443319999997,-20.94648939936922],[-57.84168249999993,-20.942846399369415],[-57.84045629294991,-20.941906329755728],[-57.83964034499996,-20.941016378369476],[-57.837905432683954,-20.939937102744732],[-57.83553329999989,-20.93788289936957],[-57.83370609999997,-20.93628099936958],[-57.832110499999935,-20.934882299369633],[-57.82999865717732,-20.93425756895653],[-57.8295940139999,-20.93401644036967],[-57.829511568999926,-20.934017218369632],[-57.8289991652851,-20.93396189686572],[-57.828718599999945,-20.93387889936966],[-57.82828686812621,-20.933884993929805],[-57.82687023299996,-20.93373204736966],[-57.824726798999976,-20.933750857369628],[-57.82365605599994,-20.934135959369627],[-57.822754596999864,-20.934460177369598],[-57.82254119699997,-20.934617376369555],[-57.82188560999998,-20.935100307369616],[-57.82127879899997,-20.935547308369546],[-57.820966029999916,-20.936019886369564],[-57.8203041789999,-20.937019911369596],[-57.82030405499995,-20.937020098369487],[-57.81997552798105,-20.937742594185742],[-57.81978129999987,-20.937995599369554],[-57.819742775320954,-20.938254463266365],[-57.819495776999865,-20.938797661369467],[-57.81886517899994,-20.941807270369452],[-57.81896928499992,-20.94297401236943],[-57.81900648218675,-20.943390887516696],[-57.81876909999988,-20.945259599369276],[-57.81876993418035,-20.945313600136412],[-57.8185803319999,-20.946278035369346],[-57.818769808999946,-20.948741052369215],[-57.81877058099991,-20.94881805936927],[-57.81943848399994,-20.949917738369127],[-57.81960818799985,-20.950197150369235],[-57.81987388699997,-20.950877374369163],[-57.82053765399991,-20.952576708369143],[-57.82162477499997,-20.954107741369157],[-57.82278504599998,-20.955585518369045],[-57.8231268419999,-20.956020846369082],[-57.823669742702,-20.956902534175164],[-57.82425509999984,-20.958004499369046],[-57.82476169999985,-20.961570099368913],[-57.82503020283115,-20.96351264379784],[-57.82501849899996,-20.964093334368922],[-57.82497240999993,-20.96517719836885],[-57.824963288999975,-20.96539170436886],[-57.824922719356266,-20.966345753021265],[-57.82431249999997,-20.96829199936875],[-57.82223349999998,-20.972102299368725],[-57.81903339999991,-20.976143399368492],[-57.81727059999997,-20.978481999368462],[-57.8173431760144,-20.979071032885653],[-57.817327022999905,-20.9790997993685],[-57.817506340999955,-20.980875799368512],[-57.818579259999986,-20.98207295436848],[-57.82031153681567,-20.983198818173957],[-57.82049589999992,-20.983372199368432],[-57.82330663621917,-20.98555600721376],[-57.824048569726074,-20.98621364262709],[-57.825787768434225,-20.987954152710653],[-57.827318577999904,-20.99008697136828],[-57.82731862899993,-20.990092587368295],[-57.827319279999976,-20.99016396436828],[-57.827748747999976,-20.99065204836819],[-57.82940489699997,-20.992534239368183],[-57.831045067375676,-20.99444757917015],[-57.83331969999994,-20.997278999368074],[-57.83721439999988,-21.001639399367903],[-57.83992797353136,-21.004860482636833],[-57.84105682599994,-21.00716849436781],[-57.84254405199988,-21.01076995736766],[-57.84308711699998,-21.01208504336772],[-57.84485809799986,-21.015997972367646],[-57.84632724599993,-21.017654858367585],[-57.84702697899991,-21.018444007367577],[-57.84706532199988,-21.01854818936755],[-57.847111759999905,-21.018674367367502],[-57.84781100099991,-21.019501392367516],[-57.84851181099992,-21.020330275367442],[-57.84911427799994,-21.021042844367514],[-57.84912422599996,-21.021051952367532],[-57.849197496999984,-21.02111903236749],[-57.85111957899994,-21.023641893367458],[-57.85112025899991,-21.02371092236738],[-57.85112033799993,-21.023718919367344],[-57.853711129999965,-21.027008668367287],[-57.85523246499992,-21.028694084367288],[-57.85523939599994,-21.028701763367316],[-57.856618123999965,-21.03022913436723],[-57.85729928199993,-21.030983729367197],[-57.85763215599996,-21.03128897036722],[-57.86088247299995,-21.034419591367115],[-57.86129895999994,-21.034801197367123],[-57.861493454999966,-21.034949652367164],[-57.8617979789999,-21.035182091367105],[-57.86228210999991,-21.03568284136716],[-57.86325041299995,-21.036684383367128],[-57.86438334999998,-21.03785617936709],[-57.86463326299997,-21.038085141367084],[-57.86485789999988,-21.038291042367092],[-57.8669621119999,-21.040219756367016],[-57.86714706883208,-21.040388851105575],[-57.86758881656504,-21.041015195823846],[-57.86773713199989,-21.04169541436692],[-57.86806898999993,-21.043217403366967],[-57.868249978999984,-21.044399864366806],[-57.86838844099997,-21.04530447536686],[-57.8683896839999,-21.04531260036688],[-57.86850280199991,-21.046051628366914],[-57.868581879423736,-21.046568260081294],[-57.868149299999914,-21.05206479936677],[-57.86771099999998,-21.06026579936656],[-57.86617016000491,-21.06544557775974],[-57.865643065999905,-21.06636759536641],[-57.86402977312809,-21.068701675061927],[-57.86325259999996,-21.069578999366286],[-57.861370699999846,-21.07160109936622],[-57.859277499999905,-21.074572899366206],[-57.85878677965741,-21.075260336811162],[-57.85814813699983,-21.076057382366074],[-57.85805271011582,-21.076288675859765],[-57.8568522999999,-21.077970299366115],[-57.85455609999991,-21.08220349936588],[-57.85106239999993,-21.08918749936581],[-57.84662372724614,-21.09583130371355],[-57.84627523699999,-21.096319770365564],[-57.84627556988454,-21.096352425571723],[-57.84589089999998,-21.096928199365617],[-57.84629316633852,-21.09807786512953],[-57.84629646699994,-21.098401494365625],[-57.846867174999836,-21.100400777365554],[-57.84715274999991,-21.101401191365504],[-57.84833008499998,-21.10369949236545],[-57.84841482699989,-21.103929609365498],[-57.85042066199992,-21.106529328365422],[-57.850454975999924,-21.106560756365422],[-57.85050393199998,-21.106605594365433],[-57.850665350801705,-21.106829640509723],[-57.85343727310459,-21.112012469296687],[-57.854109759999915,-21.114280661365232],[-57.85413140999992,-21.114353684365188],[-57.85532366399992,-21.118040714365083],[-57.856649476999905,-21.120385258365065],[-57.85703613799984,-21.121069022365024],[-57.85904727299998,-21.124133790364947],[-57.85921384899991,-21.12428645736489],[-57.8596397479999,-21.124790606364925],[-57.86066249951091,-21.126001267372196],[-57.86173335228466,-21.127706002586994],[-57.86231220599984,-21.128881357364815],[-57.862397603999966,-21.129188688364852],[-57.862802435999974,-21.13127409336475],[-57.862919881999915,-21.13187909136481],[-57.863004136999905,-21.13203235136479],[-57.863275306999924,-21.13289574236477],[-57.86394494999985,-21.13502784536473],[-57.86422224999996,-21.137799023364646],[-57.86367779299996,-21.141116679364604],[-57.8633481267318,-21.14338386998522],[-57.86240899999996,-21.147417299364438],[-57.86182766611625,-21.150151998711944],[-57.86178706899989,-21.150301511364336],[-57.860985290999906,-21.152119504364325],[-57.86086586399989,-21.152390300364253],[-57.86025212199993,-21.15378193236426],[-57.859927587999884,-21.154867279364243],[-57.859798370999954,-21.15529942536422],[-57.85921268899988,-21.157258138364135],[-57.859180537999976,-21.157384409364187],[-57.858012010999914,-21.161973721364078],[-57.85799268199992,-21.162049633364077],[-57.85783669799992,-21.162631001363994],[-57.857448571999946,-21.164077585364026],[-57.85695665399993,-21.165911017363992],[-57.85560076299992,-21.16861319036386],[-57.855092695999986,-21.169625723363765],[-57.85404932899996,-21.172716026363766],[-57.854050844999904,-21.17287009536378],[-57.8539604639999,-21.173154729363805],[-57.85284892599986,-21.176655274363732],[-57.852416594999966,-21.177667111363675],[-57.85139527999985,-21.18005742036358],[-57.85009925999992,-21.183149022363537],[-57.8491416729999,-21.186465755363425],[-57.848346790999926,-21.189550309363405],[-57.84832952199992,-21.190032873363254],[-57.84821732899991,-21.193167957363297],[-57.84825971699985,-21.197476885363198],[-57.84849557599989,-21.19937813036309],[-57.848707887999964,-21.20108956936307],[-57.8489227409999,-21.20346787136307],[-57.84894755199992,-21.203742515363068],[-57.84898571499997,-21.20416495636302],[-57.84933671099998,-21.206161391362944],[-57.849555288999916,-21.20740464536293],[-57.84964450599995,-21.207811104362957],[-57.85024741599988,-21.210557871362912],[-57.85055906199995,-21.21345834636283],[-57.85057198599992,-21.213578633362737],[-57.85058434599989,-21.21369367236281],[-57.850702266999974,-21.214791151362746],[-57.85148764099995,-21.21902170236268],[-57.851574063999976,-21.21940616336269],[-57.8519016177666,-21.220787070822567],[-57.853021399999925,-21.227131599362476],[-57.85431129537647,-21.229006475459453],[-57.85469423799998,-21.230045148362375],[-57.85482294899992,-21.23039425736232],[-57.85521627799988,-21.230976071362413],[-57.8557242849999,-21.231727513362358],[-57.856582261999954,-21.232996628362276],[-57.85943860299995,-21.234335110362252],[-57.85948795899993,-21.23435823836231],[-57.86272685299998,-21.236024645362285],[-57.86287253399991,-21.236157848362186],[-57.86297775099985,-21.236254053362284],[-57.86383889999997,-21.23680253436221],[-57.865723707999855,-21.238003002362223],[-57.86589037899996,-21.238155529362228],[-57.86849452899998,-21.23988665536217],[-57.868639752999975,-21.23998319436214],[-57.86878352699989,-21.2401801743622],[-57.868807433999905,-21.240212928362144],[-57.86901714499993,-21.240384199362026],[-57.86931604999989,-21.24062831636216],[-57.869482629999816,-21.240764362362125],[-57.871141945999966,-21.242119526362107],[-57.87304222899991,-21.24396988236204],[-57.873731056999986,-21.244640611361998],[-57.87418654599992,-21.245044628362038],[-57.87621905199995,-21.24684745536195],[-57.87636706099721,-21.24697873933302],[-57.87701038135958,-21.24759694510714],[-57.87726810499998,-21.247848888361922],[-57.877948218999954,-21.248513750361862],[-57.87872288299991,-21.249271040361865],[-57.88114139299989,-21.251012939361907],[-57.88146952499988,-21.25124927236181],[-57.88261399499998,-21.25197872836183],[-57.884215759999904,-21.25299965536183],[-57.88787299999989,-21.25520148336178],[-57.891110392999906,-21.256789373361684],[-57.892297391999875,-21.257315165361746],[-57.894416505611055,-21.25825384457898],[-57.894648341706954,-21.258387939587536],[-57.89674197699993,-21.259807056361606],[-57.897429910999904,-21.26027335436165],[-57.897903207999896,-21.260532607361668],[-57.89992155899984,-21.261638180361658],[-57.90017070199991,-21.261790038361518],[-57.90258698999992,-21.26346340836153],[-57.90546817399991,-21.265568984361558],[-57.90592040399997,-21.265899474361444],[-57.90599115499993,-21.26599631436152],[-57.90608820299997,-21.266129147361536],[-57.90714687799994,-21.266829337361546],[-57.90846294699991,-21.267699764361407],[-57.908502067999954,-21.267725640361515],[-57.90928760468898,-21.268312257829336],[-57.912079699999936,-21.271042799361442],[-57.913123995762874,-21.271818377001154],[-57.914721907999876,-21.273176397361333],[-57.91539601299997,-21.27374930036129],[-57.91586821199997,-21.274222398361264],[-57.91715013299989,-21.275506760361264],[-57.918713281999885,-21.27645780536127],[-57.919396734999964,-21.276873629361283],[-57.92086975399991,-21.278237041361173],[-57.92125088316522,-21.27858980473062],[-57.921343259796345,-21.27890021188054],[-57.921418240999905,-21.279428179361116],[-57.92156796761605,-21.28048245431926],[-57.920775136272475,-21.283374520502065],[-57.919907349821244,-21.285320641162496],[-57.91615384330613,-21.290226905892307],[-57.915572239999904,-21.290877990360926],[-57.91434394599997,-21.292252998360915],[-57.911721775999986,-21.294897204360698],[-57.91170489999991,-21.294913541360785],[-57.91138001699995,-21.295228061360802],[-57.91106826499993,-21.29552987136078],[-57.90977561499715,-21.29678128887137],[-57.906698467818494,-21.299661371746392],[-57.90513528039116,-21.30094992540449],[-57.89756582577302,-21.305580120137503],[-57.894114699999875,-21.306561617360533],[-57.89282972999996,-21.30692706136053],[-57.89249149399995,-21.307088377360476],[-57.8921711719999,-21.307241150360497],[-57.89190106399997,-21.307305743360548],[-57.886939418896986,-21.308492262235447],[-57.88517559999991,-21.30878239936048],[-57.88394047637149,-21.309091455098528],[-57.87963255299997,-21.30989136836043],[-57.874924784999905,-21.311400265360458],[-57.86783318999994,-21.31370452336038],[-57.86746384199995,-21.313824535360332],[-57.8642503239999,-21.314704077360272],[-57.863838648999945,-21.31470979136039],[-57.861035810999915,-21.315198773360343],[-57.860531812999966,-21.315224791360258],[-57.85821880599991,-21.31534419436036],[-57.857560688999904,-21.315378167360322],[-57.855338632999974,-21.316245426360318],[-57.85519395499989,-21.3163816303602],[-57.85509174099991,-21.316477859360326],[-57.85482528632247,-21.316854733857447],[-57.85473579999984,-21.31687179936025],[-57.85442294348439,-21.317423809079855],[-57.85394362399995,-21.318101760360307],[-57.85361613799996,-21.318336165360137],[-57.85288844799992,-21.31973019836016],[-57.85281118899985,-21.31996311736025],[-57.852327526999886,-21.32152784536016],[-57.85226121099998,-21.321742392360147],[-57.85218091399991,-21.3220508023602],[-57.85219697999992,-21.32435897436006],[-57.852226449999876,-21.324466861360012],[-57.85228084799986,-21.324666002360107],[-57.852285593999966,-21.32473878536011],[-57.852369598999985,-21.326027069360087],[-57.85246653499985,-21.327513659360058],[-57.852504163999924,-21.32761511836001],[-57.85255197799989,-21.327744043360017],[-57.85291607699993,-21.329244276359923],[-57.853503377999914,-21.331664185359895],[-57.85350472399994,-21.331802808359825],[-57.85350487399995,-21.33181822635987],[-57.8537448269999,-21.33284640635988],[-57.854221956999886,-21.334890876359825],[-57.854276721999945,-21.335125538359843],[-57.85427748899992,-21.335202575359823],[-57.85459324399995,-21.336147769359854],[-57.855225294999904,-21.338039715359756],[-57.85530754499991,-21.33803923435972],[-57.85548313399994,-21.338364416359806],[-57.85616209499989,-21.339621815359724],[-57.85675631395305,-21.34072227429949],[-57.85693241003185,-21.34121775929554],[-57.857478192999906,-21.34317279435965],[-57.857863100999964,-21.344551561359626],[-57.85816532999991,-21.345220075359585],[-57.858245885999914,-21.34539826135961],[-57.85938632399995,-21.347920838359528],[-57.8613112779999,-21.350991850359474],[-57.861854421999965,-21.35171701935948],[-57.86348862299992,-21.35389889535938],[-57.8654882589999,-21.3558158113593],[-57.867847372999954,-21.358160899359316],[-57.870774121999936,-21.360198062359242],[-57.87097342235045,-21.360336785371867],[-57.872102673780326,-21.361239310139023],[-57.87493358999989,-21.363645981359145],[-57.8785240279999,-21.366852490359125],[-57.88111602599986,-21.369606574358993],[-57.88232253999996,-21.371703106358943],[-57.882966833999944,-21.37282268235892],[-57.883134449999886,-21.373052140358894],[-57.883464252999886,-21.373878423358853],[-57.88423654099995,-21.375813301358857],[-57.88432149199996,-21.376043431358887],[-57.88591597699992,-21.37818697235883],[-57.886051033999884,-21.3783104143588],[-57.8861670039999,-21.378416410358795],[-57.887847166999904,-21.38071523435878],[-57.88787620599998,-21.380794113358714],[-57.887931825999885,-21.38094519535877],[-57.889612921999905,-21.38362600435867],[-57.889780849999845,-21.383855813358686],[-57.890944742999984,-21.385448535358588],[-57.891628410999935,-21.38638409635863],[-57.89179546899993,-21.386536741358636],[-57.89204840999998,-21.38699686435861],[-57.89241643199994,-21.387711086358525],[-57.893310249999836,-21.389445724358566],[-57.89360135499993,-21.389668306358494],[-57.89381374399994,-21.389830700358512],[-57.89457646999989,-21.391037775358452],[-57.89541044799989,-21.39235761335846],[-57.8954944599999,-21.392434573358454],[-57.89779229299996,-21.39434293835837],[-57.90112953299996,-21.397088889358308],[-57.90129575999993,-21.397164535358336],[-57.90233135799992,-21.39787661135829],[-57.90362514299994,-21.39876621735831],[-57.90696186499998,-21.40127759435821],[-57.90836437874236,-21.403460316381384],[-57.90937459999993,-21.406667399358057],[-57.90964589999994,-21.407528499358005],[-57.909643190847824,-21.41247284446153],[-57.90960624699995,-21.412739252357955],[-57.909414692999974,-21.41412058035791],[-57.90941981099996,-21.414582792357947],[-57.90937255799985,-21.418281789357877],[-57.90937329999991,-21.418358830357764],[-57.90989866799987,-21.421204800357707],[-57.9099001529999,-21.421358865357767],[-57.91191016399995,-21.424190463357693],[-57.91215583899993,-21.424571951357695],[-57.91326912099993,-21.42615027835767],[-57.91445662295893,-21.427833827920605],[-57.91467090733266,-21.428197195295116],[-57.914704436999955,-21.428267548357592],[-57.91495310099993,-21.428789303357554],[-57.91530299464977,-21.42952346510204],[-57.915891999999985,-21.431183599357478],[-57.9167156903199,-21.432642041611754],[-57.917279394999916,-21.434149640357493],[-57.9177426089999,-21.435388487357372],[-57.9178397199999,-21.435486501357424],[-57.918786967999885,-21.43644255335734],[-57.91896175114244,-21.436618961007092],[-57.9197135999999,-21.437950199357353],[-57.922138617962965,-21.44140092028369],[-57.92217262099995,-21.441470837357272],[-57.92308938499997,-21.443355884357196],[-57.92325731799991,-21.44358554435719],[-57.92386281799991,-21.444516964357145],[-57.92475903899992,-21.44589558935714],[-57.92492600799988,-21.446048054357114],[-57.92619316899992,-21.44865415635714],[-57.92695470399997,-21.450340898357034],[-57.927268682999916,-21.452256828356987],[-57.92682051832458,-21.454222918551338],[-57.92557099999988,-21.457002099356917],[-57.92535628703637,-21.45922785056954],[-57.92520250299992,-21.460436009356847],[-57.92520408099989,-21.46058995835677],[-57.9251978373303,-21.46087036725606],[-57.92509389999992,-21.461947799356814],[-57.925166710344975,-21.462268308594926],[-57.92514750699991,-21.463130748356782],[-57.92514909199998,-21.46328468535676],[-57.92527289699989,-21.4637748853567],[-57.92592494999992,-21.46635665735657],[-57.92598114899989,-21.466458817356653],[-57.92600922099996,-21.466509847356615],[-57.92606964599992,-21.4668534923567],[-57.926256178999886,-21.467914339356632],[-57.92652710699992,-21.46945515235662],[-57.92653619499999,-21.46950683435662],[-57.92659515499997,-21.46959841935656],[-57.92766953099993,-21.471267280356564],[-57.92796478699995,-21.471725911356504],[-57.928589198340994,-21.472790791420714],[-57.929579399999966,-21.47481239935644],[-57.93016937734518,-21.47598682914654],[-57.93075099799989,-21.477318500356436],[-57.931083466115524,-21.477806446613894],[-57.93231309999993,-21.480254199356274],[-57.93304775729849,-21.481603921826387],[-57.93328187099997,-21.48222006035626],[-57.934338504643215,-21.483975300560143],[-57.934417699999976,-21.48412079935628],[-57.934465596124994,-21.484186420166058],[-57.93521653299991,-21.485433848356166],[-57.93715031299996,-21.488570410356164],[-57.93724047899997,-21.48869366035616],[-57.9373180269999,-21.48879966635605],[-57.94016627999992,-21.492160491356053],[-57.940517081999985,-21.492480566356022],[-57.94066753099991,-21.492617837356047],[-57.94334809599991,-21.4956731423559],[-57.943446477999885,-21.4958516903559],[-57.94351696399997,-21.4959796103559],[-57.94375627899996,-21.496196227356005],[-57.943965822999985,-21.49638589635594],[-57.94587903299998,-21.49833336235594],[-57.94613855399996,-21.498597530355937],[-57.94883064799995,-21.501093140355856],[-57.952087961999894,-21.50398895335574],[-57.953957586999884,-21.505410731355767],[-57.95508973299986,-21.50627168535566],[-57.95528004899995,-21.506445434355655],[-57.95542376499998,-21.506576639355654],[-57.957536481999966,-21.507969631355706],[-57.9585223119999,-21.50861962435566],[-57.95885552199997,-21.50884781135565],[-57.96063935499444,-21.510118180559978],[-57.96458430632368,-21.5152492093399],[-57.96491269599994,-21.515949495355503],[-57.96682154499996,-21.520020085355377],[-57.96709093499992,-21.52129501335533],[-57.96752263899987,-21.523338126355295],[-57.9678771059999,-21.525015702355276],[-57.96796622299996,-21.525477148355307],[-57.96803463599996,-21.526090192355205],[-57.968060714999986,-21.526323879355182],[-57.96842157060944,-21.528985361661753],[-57.9685205308341,-21.534975859484653],[-57.96850922449369,-21.53544075589845],[-57.967021776024524,-21.5443571384728],[-57.96588658499997,-21.54873876235466],[-57.96403394699997,-21.553606155354576],[-57.963698837999864,-21.554254702354584],[-57.961675680999974,-21.55817018035451],[-57.96163359999998,-21.558333808354494],[-57.96159632599989,-21.558478745354456],[-57.95956589699995,-21.561960811354375],[-57.956127543999905,-21.565379374354265],[-57.951058657999916,-21.568220228354242],[-57.946276900999976,-21.56987828635407],[-57.94531340099991,-21.570143588354178],[-57.94049610899992,-21.571470039354107],[-57.937198929999965,-21.573040846354075],[-57.9366204719999,-21.57338438735408],[-57.936540298999944,-21.57343200135411],[-57.93643769938934,-21.573481415696232],[-57.93622859999988,-21.57355009935413],[-57.93507369845572,-21.574138350048933],[-57.93392312799983,-21.574692491354007],[-57.93313814699991,-21.575070556354007],[-57.93086334199989,-21.576166155354038],[-57.93013858899997,-21.576515213354067],[-57.929367467999846,-21.576886602353955],[-57.929119675999914,-21.576965890353947],[-57.92901961999991,-21.577001271354032],[-57.928884302999904,-21.577049120353973],[-57.928346659999924,-21.57723923535399],[-57.92407798099998,-21.57874867935396],[-57.92375417899991,-21.578863178353973],[-57.92332703899989,-21.5791267713539],[-57.9204596159999,-21.580896288353888],[-57.9193289550808,-21.581964617234895],[-57.91896399999996,-21.582201199353822],[-57.91855959682982,-21.582691561649046],[-57.917956969999864,-21.583260966353812],[-57.91734749487262,-21.584161305562233],[-57.9155366999999,-21.586356999353757],[-57.91402599999986,-21.590476699353644],[-57.91455949999993,-21.595614199353506],[-57.91497780448924,-21.595959750689847],[-57.9162108459999,-21.597912338353463],[-57.916229174999906,-21.597920695353537],[-57.91654260599989,-21.59806359535354],[-57.92003284099991,-21.59980660635347],[-57.92005486999989,-21.599816602353496],[-57.92019935499997,-21.599882166353503],[-57.921240595999954,-21.60048462735335],[-57.92177400199995,-21.600793255353487],[-57.92295131699991,-21.6014744483534],[-57.92309536199991,-21.601605786353357],[-57.9231186259999,-21.601626997353392],[-57.92383672499988,-21.60215015335344],[-57.925146508725724,-21.603104369920953],[-57.928128078774364,-21.605605217237944],[-57.928536957953156,-21.605956757904924],[-57.93207849999988,-21.609973699353173],[-57.934246661000145,-21.611943042176346],[-57.93424750499992,-21.612005919353123],[-57.93534783899991,-21.613009361353175],[-57.93734372899996,-21.61482949835311],[-57.93739972599997,-21.614931123353063],[-57.93742813299991,-21.61498267635299],[-57.937861315999896,-21.615363440353043],[-57.93876808400131,-21.61616048022206],[-57.94182556857794,-21.620363199835616],[-57.942484694999905,-21.622948205352856],[-57.94249774473968,-21.623004246829026],[-57.943242799999894,-21.628565899352736],[-57.93922089999996,-21.638179799352425],[-57.93705409427765,-21.643778726697835],[-57.93698001799998,-21.643802447352446],[-57.93665416649253,-21.64477977461832],[-57.9334485999999,-21.651609199352226],[-57.930037699999964,-21.65733159935206],[-57.92566959999993,-21.66208429935193],[-57.9204976154719,-21.66611239708488],[-57.91924997294154,-21.6667151720614],[-57.91820924250345,-21.667162244837744],[-57.91764659399985,-21.66736396635182],[-57.916125671999964,-21.66790924935181],[-57.91362694999997,-21.668805093351757],[-57.913545696999904,-21.668959801351825],[-57.91325886999987,-21.669154156351837],[-57.91296959799996,-21.669350167351794],[-57.91257466433017,-21.66958272416239],[-57.91141799999992,-21.67007959935174],[-57.90615067144632,-21.673189142855055],[-57.90518341299992,-21.673722261351717],[-57.90373934499997,-21.674518179351637],[-57.90362532199992,-21.674604656351654],[-57.90332783899993,-21.674830272351674],[-57.90213840099995,-21.675333904351604],[-57.89899482699997,-21.676664956351644],[-57.89761406699995,-21.67720770035159],[-57.8976136679999,-21.677207857351537],[-57.89754807499992,-21.677233640351606],[-57.896186786999984,-21.67776871735164],[-57.89527666099992,-21.67819002635151],[-57.8932958659999,-21.679106961351504],[-57.89273889799989,-21.679325883351602],[-57.891066461999905,-21.6799832503515],[-57.890488510999944,-21.68021041935159],[-57.88799339399991,-21.681505484351458],[-57.88658263999991,-21.682245635351496],[-57.88545686799994,-21.683066583351376],[-57.88475257799991,-21.683733503351487],[-57.88405523399996,-21.68477865135142],[-57.88379610011112,-21.6857964593459],[-57.88352739999988,-21.686227299351327],[-57.88342069999993,-21.68725919935134],[-57.88323349999991,-21.68906739935133],[-57.883823583849846,-21.69023886871576],[-57.8838988679999,-21.690601467351303],[-57.8846588479999,-21.69184399535125],[-57.88571706399995,-21.693118683351248],[-57.8868909969999,-21.69415049935125],[-57.887005522999914,-21.694288573351187],[-57.88710733599999,-21.694371895351157],[-57.88847466199996,-21.695490885351195],[-57.88896160596215,-21.69589435684523],[-57.890709799999975,-21.697549699351033],[-57.89117759999988,-21.69799259935108],[-57.892687499999916,-21.700492299351065],[-57.8933071829947,-21.701061936090888],[-57.89343175299995,-21.701334068350967],[-57.89373677699995,-21.701754788351035],[-57.894603046999976,-21.70294963435104],[-57.89468252699987,-21.70305926035096],[-57.8951017789999,-21.703425275350952],[-57.89645462699997,-21.704606330350934],[-57.89656743399997,-21.704674779350913],[-57.89699407499989,-21.705019148350956],[-57.89792052299992,-21.7057669353509],[-57.89818625199995,-21.705981419350923],[-57.898337850999894,-21.706153240350897],[-57.89852625299994,-21.706290262350947],[-57.898834584999975,-21.70648255335078],[-57.899379389999915,-21.70682232035092],[-57.89954475699982,-21.706925451350926],[-57.901159965999966,-21.707932775350827],[-57.90139309799991,-21.708066327350796],[-57.90190646891876,-21.708360415189215],[-57.903536999999915,-21.709564999350835],[-57.904272599999956,-21.71010849935075],[-57.907967999999975,-21.712673599350783],[-57.911735294495486,-21.714884543128086],[-57.914396972999896,-21.71664339935068],[-57.914471939999885,-21.71667736535067],[-57.91455485699993,-21.716752875350597],[-57.914622591999944,-21.71681456135064],[-57.916064483999946,-21.717611361350652],[-57.917327411999906,-21.718309264350648],[-57.91751570099996,-21.718446377350524],[-57.91806072599991,-21.718822955350557],[-57.91954876299985,-21.71985109635054],[-57.91966199999991,-21.719954214350622],[-57.920013555999965,-21.72011359435057],[-57.920037520999976,-21.72012445835051],[-57.92304349699998,-21.721660017350587],[-57.92307915799984,-21.72172471135052],[-57.92311967899992,-21.721798221350568],[-57.92345747999996,-21.72193408235055],[-57.92372053599996,-21.72207061035053],[-57.9250668609999,-21.7227693423505],[-57.925283149874815,-21.72288159469368],[-57.928030626192715,-21.72451734837094],[-57.928659086999915,-21.72494414635043],[-57.9289895039999,-21.72516853735046],[-57.92906109299998,-21.725217154350403],[-57.92910889899992,-21.725231480350494],[-57.92912651599988,-21.725236759350494],[-57.92917358899996,-21.72525086635035],[-57.930248471999896,-21.725849003350447],[-57.930537052245086,-21.72600958894309],[-57.93109845602401,-21.726343829602392],[-57.9321570699999,-21.72721243235039],[-57.93301451099997,-21.72791597135035],[-57.93450691199991,-21.729044553350356],[-57.93523661899996,-21.729596371350357],[-57.93536766099998,-21.729715660350355],[-57.935387518999846,-21.72973373735035],[-57.935881844999976,-21.730102763350388],[-57.936474371999964,-21.73054509835038],[-57.93727083199997,-21.731139663350284],[-57.9374214469999,-21.731242324350248],[-57.93750013699992,-21.731313882350303],[-57.937534699999965,-21.73134531335033],[-57.93789952599997,-21.73159431735032],[-57.93863373399994,-21.732095434350214],[-57.93949244899994,-21.732681531350195],[-57.939581723999886,-21.732762860350256],[-57.939605663999885,-21.73278466935029],[-57.93971888199991,-21.73288780735027],[-57.94062226499988,-21.733590553350254],[-57.94152782599996,-21.73429499435023],[-57.94158918899995,-21.734387927350188],[-57.94164177699997,-21.734467569350244],[-57.94180312599991,-21.734593528350242],[-57.941905575999954,-21.734673507350195],[-57.942056028999964,-21.734776317350185],[-57.9421816002021,-21.734893760964912],[-57.9457579999999,-21.740408299350108],[-57.94729367241217,-21.745519282528605],[-57.947330565548725,-21.746273848189134],[-57.94562229999997,-21.752077799349816],[-57.94117369999997,-21.757296299349708],[-57.94027479999994,-21.758350699349556],[-57.93276999999989,-21.763009299349584],[-57.93048290346212,-21.764432769842855],[-57.93038952799992,-21.764477769349458],[-57.92840867799998,-21.765432381349473],[-57.92820110599995,-21.765570435349524],[-57.92803701599997,-21.765679569349473],[-57.92598835960888,-21.76695292022258],[-57.91764396424679,-21.76899076283183],[-57.916886998999985,-21.769008641349444],[-57.91549637499991,-21.769041486349405],[-57.91478730399996,-21.769152426349414],[-57.91339885099985,-21.769261374349394],[-57.91329251099984,-21.769269719349374],[-57.9131433039999,-21.769340164349423],[-57.912648149246714,-21.769489535823464],[-57.911018199999944,-21.769624699349407],[-57.91001519999991,-21.770374099349414],[-57.90991139316469,-21.770451667244817],[-57.90960678199997,-21.77058903134942],[-57.90952360072236,-21.770741438564215],[-57.90901229999998,-21.771123499349294],[-57.90849309999993,-21.773968599349296],[-57.90921942110924,-21.775414981414833],[-57.90924438499991,-21.775557021349144],[-57.909283945999896,-21.775730330349234],[-57.90932350599997,-21.775903628349287],[-57.90934767799985,-21.776029414349285],[-57.90936347599989,-21.776111634349252],[-57.909724737999966,-21.77688470834918],[-57.910171154999944,-21.777840007349155],[-57.91020985299997,-21.777943749349223],[-57.9102868299999,-21.7781165273492],[-57.91040248999992,-21.778393009349134],[-57.911251116999956,-21.78050026234912],[-57.91125231899996,-21.78060367334905],[-57.911253130999846,-21.780673566349144],[-57.911292179999975,-21.78081182734912],[-57.91133162399996,-21.780984737349108],[-57.91144673599996,-21.78122618434912],[-57.91156263699998,-21.78153689934905],[-57.911818447999906,-21.782239364349056],[-57.912330647999916,-21.783645883349088],[-57.91237058099994,-21.78392320934908],[-57.912409210999954,-21.78406172434908],[-57.91244947799999,-21.78437378834896],[-57.912488111999885,-21.784512316349055],[-57.91249031299997,-21.78472034034901],[-57.91284255999988,-21.786172484348967],[-57.91284338999998,-21.786241685348937],[-57.91284438499997,-21.786324557348934],[-57.91284671199998,-21.78651846934898],[-57.91306366499999,-21.787308581348967],[-57.913426901999856,-21.788631437348993],[-57.913428118999946,-21.78877052834893],[-57.91342933699997,-21.78890963034898],[-57.91346824399989,-21.789083131348963],[-57.913479723999956,-21.789175652348966],[-57.913588954999845,-21.79005596334895],[-57.913909847999946,-21.790871719348832],[-57.91484483299985,-21.79324858634878],[-57.91614515699996,-21.794826841348772],[-57.91666124999994,-21.79545324434883],[-57.91772898699991,-21.79721561134875],[-57.91887823899998,-21.79917201834867],[-57.91974545899996,-21.800885232348634],[-57.92051702999993,-21.80240948734859],[-57.9209050899999,-21.80304357434861],[-57.922039137999946,-21.804896603348528],[-57.92301843099995,-21.806921478348496],[-57.92310953799995,-21.80710986034852],[-57.92311419399987,-21.807116211348553],[-57.92318543199992,-21.8072133753485],[-57.923623833999955,-21.808105965348528],[-57.925325372999964,-21.81157018734842],[-57.926975080999966,-21.81548047734823],[-57.92701743099991,-21.81563151534831],[-57.92712341599997,-21.81600949634828],[-57.92744139999991,-21.817143544348276],[-57.92835820999988,-21.818733759348223],[-57.928741593999916,-21.81939874134825],[-57.92965692599989,-21.821025276348063],[-57.92970803609552,-21.82111609929303],[-57.93110929999988,-21.824588999348045],[-57.9332518127781,-21.82694699512788],[-57.93334921599995,-21.82710263834807],[-57.935295921605025,-21.829196689989242],[-57.9354605128816,-21.82937783501646],[-57.9354707849999,-21.829390294347977],[-57.93554436799997,-21.82947954434801],[-57.93559155799994,-21.829526011347955],[-57.93562564287788,-21.82955957294511],[-57.93578839999997,-21.82973869934786],[-57.93591207228218,-21.829841605002535],[-57.93739715199996,-21.831303885347936],[-57.93747235399996,-21.831337947347873],[-57.93935942599995,-21.832849440347854],[-57.93947241999996,-21.83291790234785],[-57.94094157654608,-21.834026572072027],[-57.94265549999989,-21.835452699347794],[-57.949250342431526,-21.838564177159068],[-57.94985027299992,-21.838959415347727],[-57.95000062999986,-21.839027477347738],[-57.95018758699996,-21.839025484347683],[-57.95046159853706,-21.839050891335578],[-57.95551909999995,-21.84084729934772],[-57.955606707471986,-21.840871375351053],[-57.95563335599996,-21.840887517347685],[-57.95578339099995,-21.840920884347703],[-57.9559600259999,-21.840976734347674],[-57.95816472999991,-21.84167383234771],[-57.95920020499994,-21.842001236347713],[-57.961529057999826,-21.84281114734761],[-57.96250204399996,-21.843149525347634],[-57.96274583699988,-21.843164784347653],[-57.964450222999915,-21.84327146434753],[-57.96485250899991,-21.844304414347523],[-57.96498484799985,-21.84562008334761],[-57.96502015699991,-21.84597111834753],[-57.96505834699991,-21.846040475347568],[-57.965212590999954,-21.84669767534759],[-57.96548953299987,-21.847877658347485],[-57.9655287779999,-21.848050859347545],[-57.96556690799997,-21.848119934347533],[-57.96565447499984,-21.849926217347498],[-57.96566276599999,-21.850097215347436],[-57.96570091999996,-21.850166328347477],[-57.96573982399997,-21.85030489734747],[-57.965679828999896,-21.851694718347467],[-57.96560573799996,-21.85176486434734],[-57.96549972795026,-21.851865227999735],[-57.96530839999997,-21.85189879934741],[-57.95983799999988,-21.853169499347445],[-57.957500453168684,-21.85429550091868],[-57.95587553899992,-21.85484572934734],[-57.95557325699997,-21.8549480873474],[-57.95334348899996,-21.856287623347338],[-57.95326967299991,-21.85635761734735],[-57.95265125499997,-21.856742031347267],[-57.951821400757744,-21.85725787419562],[-57.94755059999982,-21.859617599347295],[-57.94070399999998,-21.86303009934718],[-57.9328556999999,-21.866700199347118],[-57.92976617289099,-21.8686545846632],[-57.928544356999964,-21.869285930347008],[-57.92642280999991,-21.870382191347034],[-57.92582950599996,-21.870676792346973],[-57.9240029849999,-21.87158373834693],[-57.92387630699989,-21.871650337346914],[-57.92158350799997,-21.87285573834688],[-57.92072248964747,-21.873430574770516],[-57.92004479999986,-21.873749099346927],[-57.91617299999995,-21.876291899346825],[-57.913802399999845,-21.879762199346786],[-57.91390257673635,-21.881369128284334],[-57.913788118999896,-21.882370750346656],[-57.913752878999894,-21.882509592346615],[-57.913578130999944,-21.884005929346568],[-57.91418178099996,-21.885586470346663],[-57.914798541999915,-21.886904605346523],[-57.915665440999994,-21.888175047346518],[-57.915703948999976,-21.888278901346617],[-57.91683806099991,-21.889311207346548],[-57.9168761989999,-21.88938031734656],[-57.918006852999895,-21.89016873934651],[-57.918195343999976,-21.890305913346484],[-57.91988459699991,-21.890777091346468],[-57.919997596999956,-21.890845547346533],[-57.9203344409999,-21.890842539346455],[-57.921395769760174,-21.890877767805918],[-57.92151159999998,-21.89091779934646],[-57.92586309999996,-21.890974999346476],[-57.92993409999991,-21.889970799346553],[-57.93071138721922,-21.889568405021528],[-57.93095434199994,-21.889496253346497],[-57.931140827999904,-21.889425085346566],[-57.932297191999965,-21.888997737346568],[-57.93240915399997,-21.888961983346555],[-57.932708695999956,-21.888959282346583],[-57.93398103799991,-21.888878311346538],[-57.93428058299992,-21.888875607346606],[-57.93539352396988,-21.88909269989379],[-57.935925699999984,-21.88929569934649],[-57.939044099999876,-21.892571299346464],[-57.9414795880673,-21.89539190794432],[-57.94153206099992,-21.895462080346416],[-57.941569936613526,-21.895496543187498],[-57.94268859999988,-21.89679209934629],[-57.94414875029889,-21.897784077445742],[-57.945046358999946,-21.898522203346303],[-57.94519549799992,-21.898623846346347],[-57.94519739999999,-21.898625142346283],[-57.94708418199997,-21.89999775034631],[-57.94723505299993,-21.90010061034633],[-57.94742319799997,-21.900203036346333],[-57.948523304772905,-21.90131196755547],[-57.94975293943117,-21.9034173086752],[-57.94976564082862,-21.90345338645247],[-57.949730059293245,-21.90535994275585],[-57.9495857519999,-21.906368006346124],[-57.94957570499997,-21.906418343346186],[-57.94927609267853,-21.907919209157438],[-57.94795675405368,-21.9100957487289],[-57.94679822599994,-21.911005266345985],[-57.94520912199987,-21.91166599534604],[-57.944748819999916,-21.911857383346046],[-57.942402638999965,-21.91295545234593],[-57.94020431799992,-21.914017631345942],[-57.93936272944392,-21.914670562143097],[-57.93819749999989,-21.915217599345883],[-57.937982252936415,-21.91588822741383],[-57.93694304499997,-21.917278150345886],[-57.93698267699995,-21.91748624834581],[-57.93698413799996,-21.91762520734583],[-57.93696827999997,-21.91779874234581],[-57.93681203399996,-21.91950846034575],[-57.93680874727829,-21.919544425178167],[-57.93674359999989,-21.91974739934578],[-57.93675534488056,-21.920128779000134],[-57.93675154999988,-21.920170304345763],[-57.936748986999866,-21.920198349345775],[-57.9367137249999,-21.92040712934582],[-57.93659040699998,-21.92294354334578],[-57.93659154499989,-21.92304811334579],[-57.93657236399992,-21.92478584334563],[-57.936972282749146,-21.92717318339922],[-57.93699529999993,-21.92792059934558],[-57.9371828881466,-21.92834396142207],[-57.93781126299991,-21.93051097634562],[-57.93893755599993,-21.93295747734551],[-57.939037750999894,-21.933175118345446],[-57.93911374799995,-21.933278659345497],[-57.9391849189999,-21.93336491934554],[-57.93922756399997,-21.933416605345545],[-57.93990568642056,-21.9344889633941],[-57.94044139999993,-21.935697999345344],[-57.94150635876065,-21.93760177137518],[-57.94198668199988,-21.938610040345324],[-57.94224712199997,-21.93915674134533],[-57.94232349699996,-21.939295029345406],[-57.94234321899989,-21.93938204834533],[-57.94236278799991,-21.93946839434537],[-57.942401710999945,-21.939607020345388],[-57.942504834999966,-21.939731995345394],[-57.94251554199997,-21.939744970345327],[-57.943633751999926,-21.941699760345305],[-57.94415674199996,-21.942614022345325],[-57.944170368999835,-21.942630534345263],[-57.94427060099998,-21.942751983345275],[-57.944299299999955,-21.942854167345278],[-57.94430953799997,-21.942890621345278],[-57.944337289999964,-21.942920062345312],[-57.94453687799995,-21.943131801345274],[-57.945506138230265,-21.944860227304464],[-57.94610587856772,-21.94626695316149],[-57.94631545399995,-21.94689236934519],[-57.94660934099995,-21.947769389345186],[-57.94729973183768,-21.949067205469845],[-57.949031299999945,-21.953128699345072],[-57.95197229999991,-21.959840899344837],[-57.95249551957453,-21.960920338368936],[-57.952520379999896,-21.96098721034489],[-57.95256667888202,-21.961067145058134],[-57.95488489999996,-21.965849799344678],[-57.95539956541478,-21.966676572901303],[-57.95604830699995,-21.96795117734459],[-57.95610228099997,-21.96805722134466],[-57.95613331799996,-21.968118200344723],[-57.95617183499996,-21.968221796344686],[-57.956473547999956,-21.968716769344685],[-57.95740310399992,-21.970241744344577],[-57.958001348999964,-21.97122319034459],[-57.95804196699987,-21.97131461234462],[-57.95807814099993,-21.97139603034459],[-57.95816841299995,-21.971526957344512],[-57.95826843099997,-21.971672020344613],[-57.95836858899998,-21.9718736723446],[-57.95890841599999,-21.97296054034458],[-57.95998677399996,-21.9751316753445],[-57.96136003299995,-21.977055951344358],[-57.96200526999997,-21.97796008934447],[-57.962118636999946,-21.978097777344452],[-57.962194874999845,-21.978235924344418],[-57.962195396999896,-21.978285330344434],[-57.962195607999895,-21.97830536734439],[-57.962741396999945,-21.979048129344452],[-57.96345648886477,-21.980021295586177],[-57.96501959999989,-21.983613299344263],[-57.96486419999991,-21.989661399344058],[-57.96475844013025,-21.9917849838229],[-57.96469534099999,-21.992435025344058],[-57.96463623699998,-21.99304390734403],[-57.96454035799986,-21.994781450343986],[-57.96454109599989,-21.994850889344058],[-57.9645399069999,-21.995021749344083],[-57.96453580499992,-21.99561109934405],[-57.96453142999991,-21.996239755343982],[-57.96452635099985,-21.996969259344013],[-57.964527834999956,-21.997108142343986],[-57.96455635099994,-21.999781606343873],[-57.96455746199984,-21.99988576634396],[-57.96471728111697,-22.00063684979824],[-57.96473679999991,-22.001087199343935],[-57.96487540224934,-22.001379953429804],[-57.96522903199991,-22.003041866343885],[-57.966065590999904,-22.00512826934381],[-57.96789418299988,-22.008030557343712],[-57.968008014999896,-22.00816845534375],[-57.96830223303186,-22.00861806621155],[-57.96897519999988,-22.010039499343698],[-57.96991556719643,-22.010885151031385],[-57.97059360999993,-22.01168727734366],[-57.97256073999989,-22.013371314343637],[-57.97271216899992,-22.013508886343608],[-57.972863592999886,-22.013646458343633],[-57.97463864580397,-22.01513251249811],[-57.97482380592219,-22.015299022949755],[-57.974906971999864,-22.01539966534352],[-57.975096701999924,-22.01560641434359],[-57.97668172399989,-22.016564854343542],[-57.979093513999885,-22.017758717343547],[-57.97925099110387,-22.017827393049906],[-57.98359559999988,-22.02026809934346],[-57.98990769999989,-22.02302559934336],[-57.99454639999993,-22.025094099343328],[-57.999445899999955,-22.02739569934328],[-58.00196774758103,-22.028683524050926],[-58.00257500699996,-22.02908246434318],[-58.00369738899991,-22.030101971343225],[-58.00514925799996,-22.031420766343054],[-58.00522535599992,-22.031524276343195],[-58.006485342999845,-22.033631724343156],[-58.006523201999926,-22.033666110343127],[-58.006550767999904,-22.033764075343086],[-58.00656220399997,-22.033804716343134],[-58.0066106719999,-22.033848737343142],[-58.006675779999966,-22.033907871343057],[-58.007746147999974,-22.035843430342954],[-58.007860869999945,-22.036016009343097],[-58.00887170099992,-22.037649804342987],[-58.008929406999975,-22.03774307334296],[-58.00896764799995,-22.037812199342998],[-58.00924442699994,-22.038984401343047],[-58.00936893115459,-22.039511694719852],[-58.00951688043841,-22.043325694766974],[-58.00950102099995,-22.043386473342835],[-58.00915260599999,-22.0447217153429],[-58.0079968359999,-22.048348992342714],[-58.00642578065209,-22.050496184811845],[-58.00223493225247,-22.053198199051398],[-58.00029459199993,-22.053786434342552],[-58.00003364599991,-22.053865543342674],[-57.99836315499987,-22.05454455034263],[-57.9981281185448,-22.05464008590016],[-57.99415169999986,-22.05568569934264],[-57.98768489999993,-22.05913769934254],[-57.98650815210391,-22.06072337662823],[-57.985841443999895,-22.06147115934236],[-57.985443363304455,-22.06215818812776],[-57.98430799999994,-22.063688099342396],[-57.984112306728946,-22.065010651523046],[-57.98397624499995,-22.06534677434241],[-57.9839407519999,-22.065520763342303],[-57.98350077699996,-22.068823600342323],[-57.98350187799986,-22.068962339342228],[-57.98351382138844,-22.069055389944573],[-57.9832707999999,-22.070697799342252],[-57.98415783014821,-22.073659475881563],[-57.984216580999934,-22.07399977034217],[-57.98441875699996,-22.075170806342157],[-57.984457264999946,-22.075274709342114],[-57.98479833060708,-22.075798022340376],[-57.98555339999996,-22.078319099342064],[-57.98700909999997,-22.080508799341985],[-57.99043809999989,-22.083527499341947],[-57.99104869999996,-22.084128599341927],[-57.99207368851149,-22.08529538196431],[-57.99232812599996,-22.085716135341873],[-57.99248657799995,-22.085978161341792],[-57.99249753699996,-22.08604293534191],[-57.992852555999946,-22.08737718034189],[-57.99347008169201,-22.089697977111925],[-57.99329999999993,-22.08980299934171],[-57.992030099999916,-22.090463599341806],[-57.99078559999998,-22.090882999341794],[-57.99047629999996,-22.090940299341714],[-57.98999909999992,-22.090932099341746],[-57.98863239999997,-22.090639499341794],[-57.98803319999996,-22.09051179934178],[-57.986613841593,-22.090414814363815],[-57.986610999999975,-22.090411999341796],[-57.985822999999975,-22.090050999341695],[-57.98520099999991,-22.089901999341787],[-57.98444899999999,-22.089906999341782],[-57.98366499999992,-22.089910999341832],[-57.98307699999999,-22.090066999341783],[-57.98298043212203,-22.09016654293639],[-57.98205779999989,-22.09010349934179],[-57.979251188393675,-22.090278731968205],[-57.97921999899996,-22.090272999341767],[-57.97791906199996,-22.09005291134178],[-57.97696199899991,-22.08989099934176],[-57.976033841999936,-22.089853637341818],[-57.9736579989999,-22.089757999341824],[-57.970911998999895,-22.089712999341828],[-57.96900699999992,-22.088657999341848],[-57.967886999999905,-22.087354999341812],[-57.966939999999965,-22.086558999341854],[-57.966825999999976,-22.08632699934193],[-57.96630299999993,-22.085260999341873],[-57.96610199999992,-22.084469999341827],[-57.966076826999874,-22.08379913934194],[-57.96606199999991,-22.083403999341936],[-57.965858459999936,-22.082826625341955],[-57.96576199999993,-22.082552999341996],[-57.96572101199991,-22.082377358341994],[-57.96549199999998,-22.081395999341925],[-57.96499699999998,-22.080667999342026],[-57.96456499899995,-22.07966499934207],[-57.96416599999998,-22.07875299934207],[-57.96380199999992,-22.078053999341975],[-57.96259099999992,-22.077786999342088],[-57.961510999999916,-22.077701999342075],[-57.960304998999895,-22.07816599934208],[-57.9594269989999,-22.078932999342015],[-57.95871499999988,-22.07994299934199],[-57.95806699999992,-22.08086099934199],[-57.95758899999999,-22.0827229993419],[-57.95750045699993,-22.0832631103419],[-57.95736899999997,-22.084064999341884],[-57.95733771144512,-22.084326408062857],[-57.95692639999993,-22.085465299341916],[-57.95569094461263,-22.086593144091022],[-57.95457399999998,-22.08654899934182],[-57.95244699899996,-22.086225999341842],[-57.95152799899995,-22.08577499934186],[-57.95106499999992,-22.084954999341956],[-57.95076748499997,-22.084391098341943],[-57.95056799999991,-22.084012999341972],[-57.95007199999992,-22.083192999341964],[-57.94905299899988,-22.082314999341918],[-57.94744799899996,-22.081806999341907],[-57.946139998999904,-22.08181399934194],[-57.944114998999964,-22.0820999993419],[-57.942743998999966,-22.082503999342002],[-57.94221432083942,-22.082898052275127],[-57.94199889999992,-22.082915699341967],[-57.9415519046172,-22.083350412744128],[-57.940593999999976,-22.083734999341935],[-57.93971799999998,-22.08474599934192],[-57.93825699999996,-22.08618699934182],[-57.93764199999987,-22.087225999341797],[-57.93749986594901,-22.087812730033463],[-57.93661479999997,-22.08929009934184],[-57.9365269999999,-22.091504199341742],[-57.937814999999894,-22.09620629934166],[-57.93752119999982,-22.098737199341553],[-57.935624992616,-22.10182120653013],[-57.93521277299988,-22.101873293341555],[-57.934763999999866,-22.10192999934149],[-57.9344069999999,-22.10235899934148],[-57.934262461999936,-22.102536549341526],[-57.93408299999998,-22.102756999341427],[-57.933203998999936,-22.103309999341455],[-57.93281299899991,-22.103616999341458],[-57.932096998999896,-22.10407799934148],[-57.93167399999999,-22.104384999341388],[-57.93085899899995,-22.104816999341473],[-57.93046899999995,-22.10509299934139],[-57.930077999999924,-22.10543099934139],[-57.929588999999964,-22.105646999341413],[-57.92909999899991,-22.105770999341427],[-57.92844599899997,-22.10577499934142],[-57.9274319989999,-22.105780999341466],[-57.9273458109999,-22.1057814933414],[-57.92690899999991,-22.105783999341444],[-57.926090999999985,-22.105787999341445],[-57.92560099999985,-22.105729999341424],[-57.92497899899991,-22.105702999341432],[-57.92448899899994,-22.10570599934131],[-57.92370399999994,-22.10574099934146],[-57.9231809989999,-22.105804999341395],[-57.92282299899995,-22.106111999341426],[-57.92240099999992,-22.106540999341345],[-57.92217499999998,-22.106967999341332],[-57.92214599899989,-22.1076089993414],[-57.92215643291672,-22.10765564462978],[-57.92168179999993,-22.10843369934134],[-57.921659799999986,-22.109754399341316],[-57.925636199999936,-22.113633199341276],[-57.928498199999915,-22.11620989934119],[-57.93006879999996,-22.119171199341146],[-57.93006809752569,-22.119173414217684],[-57.92964499899988,-22.119175999341092],[-57.929056998999904,-22.119178999341084],[-57.92856599899994,-22.119181999341066],[-57.92755199899989,-22.119095999341067],[-57.92706099999986,-22.119098999341116],[-57.92640799999993,-22.119285999341045],[-57.926394481999985,-22.11928605434114],[-57.92591799999996,-22.119287999341147],[-57.92555273499995,-22.119604562341095],[-57.925527999999936,-22.11962599934114],[-57.92516999999998,-22.1199329993411],[-57.92464799899989,-22.12008799934104],[-57.92415799999993,-22.120211999341002],[-57.923666999999966,-22.120214999341062],[-57.92317699899984,-22.12021799934105],[-57.922620998999946,-22.12022099934104],[-57.92212999999998,-22.120223999341093],[-57.92144299899991,-22.12019699934111],[-57.92088699899988,-22.120199999341104],[-57.9203639989999,-22.12020299934098],[-57.919873998999954,-22.12020599934103],[-57.91905599899991,-22.120210999341012],[-57.918565998999895,-22.12021399934105],[-57.917976998999904,-22.120185999341075],[-57.91778174599994,-22.12015100434111],[-57.9174859989999,-22.12009799934107],[-57.91656999999992,-22.120041999341055],[-57.91607899999991,-22.12004499934104],[-57.91552299899991,-22.120047999341026],[-57.91503299899995,-22.120080999341116],[-57.91437999899995,-22.120358999341093],[-57.91392399899996,-22.120543999341024],[-57.9134019999999,-22.12076099934103],[-57.91294599999991,-22.121006999341034],[-57.91252199999985,-22.121282999341076],[-57.9120339989999,-22.121620999341005],[-57.911675998999954,-22.121958999340993],[-57.911496202999906,-22.122184976341053],[-57.91138399899996,-22.122325999340962],[-57.91096199999992,-22.122693999341053],[-57.910570998999894,-22.122969999341027],[-57.910146998999885,-22.12321699934098],[-57.909495998999944,-22.123615999341034],[-57.9091049989999,-22.12392299934099],[-57.90838799899984,-22.124231999340992],[-57.907897998999886,-22.124295999340955],[-57.907211998999976,-22.12442099934097],[-57.90668899999997,-22.124515999341018],[-57.90587099899994,-22.124519999340997],[-57.905347998999844,-22.124522999340996],[-57.90472599999998,-22.124404999341014],[-57.904233999999974,-22.124254999340945],[-57.90344799999992,-22.124015999340983],[-57.902923999999935,-22.123896999340992],[-57.902338864999926,-22.123698649341],[-57.90203899899995,-22.12359699934103],[-57.901546998999954,-22.12344699934102],[-57.900728998999845,-22.12323799934103],[-57.9002369989999,-22.123149999341038],[-57.899581998999906,-22.12300099934095],[-57.89937937399992,-22.123002161341052],[-57.899058999999966,-22.123003999341],[-57.89830941399993,-22.12279594734105],[-57.89830599899983,-22.12279499934097],[-57.898281512999915,-22.122790570341017],[-57.89781399999998,-22.122705999340972],[-57.89719199999996,-22.122586999340978],[-57.8967009989999,-22.122467999341],[-57.89601199999993,-22.122075999340975],[-57.89587310699989,-22.12199387134107],[-57.89555199899996,-22.121803999341047],[-57.89479799999992,-22.121563999341088],[-57.89430699999997,-22.121475999341097],[-57.89358799999991,-22.12147999934107],[-57.893096998999965,-22.121481999341068],[-57.89221399999991,-22.12148699934106],[-57.891723998999964,-22.12148999934094],[-57.89087499899994,-22.12164699934105],[-57.8904179989999,-22.121892999341046],[-57.88973199999998,-22.12198799934092],[-57.88924299999991,-22.122173999341022],[-57.888851999999986,-22.12248099934102],[-57.88852699899991,-22.122847999340994],[-57.888304574962426,-22.123269227164375],[-57.88810479999989,-22.123347999341025],[-57.88766459999989,-22.12533769934096],[-57.887820099999885,-22.128562299340878],[-57.88772233248198,-22.128660872851853],[-57.88732299999999,-22.12894899934091],[-57.88650699899995,-22.129196999340916],[-57.886015999999934,-22.12919999934091],[-57.88529499999993,-22.12898999934082],[-57.884803999999924,-22.12887099934083],[-57.88425970499991,-22.1286577053409],[-57.884114998999905,-22.128600999340883],[-57.883623998999894,-22.128541999340815],[-57.88313399999992,-22.128544999340864],[-57.88264299999998,-22.12845599934081],[-57.882118998999886,-22.128367999340913],[-57.88143199999996,-22.128370999340845],[-57.88094199899982,-22.128525999340912],[-57.88061166299997,-22.12866074234085],[-57.88048599999996,-22.128711999340844],[-57.87973499999998,-22.128928999340854],[-57.8792779989999,-22.12911399934089],[-57.87868999899995,-22.129208999340815],[-57.8781989989999,-22.12921199934081],[-57.87757799999998,-22.129214999340867],[-57.877086999999904,-22.129217999340852],[-57.87630199899996,-22.129190999340864],[-57.87581199899995,-22.129193999340735],[-57.875320999999985,-22.129135999340885],[-57.87492699899991,-22.1288639993409],[-57.87481852899999,-22.128802524340852],[-57.874499998999916,-22.128621999340844],[-57.873843999999906,-22.128320999340918],[-57.873352998999955,-22.12829299934082],[-57.87279699899988,-22.128295999340878],[-57.87230699999992,-22.128358999340882],[-57.87155499899996,-22.12845499934081],[-57.87116499999985,-22.128730999340906],[-57.87080699899997,-22.129067999340894],[-57.87074942099992,-22.12911067834089],[-57.870350999999914,-22.12940599934089],[-57.869926999999905,-22.129651999340883],[-57.86974348299992,-22.12971424234088],[-57.86946999999993,-22.12980699934089],[-57.869013998999954,-22.13002299934086],[-57.868557998999954,-22.13026899934085],[-57.86806999899983,-22.130788999340773],[-57.86804452999985,-22.13097714234071],[-57.868007999999925,-22.131246999340746],[-57.86801099999991,-22.131855999340836],[-57.86803115649668,-22.131998263310685],[-57.86750379999996,-22.133197999340723],[-57.8677024999999,-22.134190799340704],[-57.867529103431814,-22.134394570825993],[-57.86727499899996,-22.1345419993407],[-57.866917998999895,-22.134878999340703],[-57.866494999999986,-22.13527699934075],[-57.86597199899996,-22.135401999340612],[-57.86554599899989,-22.135159999340658],[-57.86511599899984,-22.134461999340733],[-57.8650469989999,-22.133821999340668],[-57.86501099999993,-22.133364999340802],[-57.86500699899988,-22.132663999340714],[-57.86484099899992,-22.13217799934081],[-57.86450899899991,-22.131447999340857],[-57.86432984099997,-22.131210328340828],[-57.864211998999906,-22.13105399934084],[-57.86375299999987,-22.13081199934083],[-57.86329399899989,-22.130661999340756],[-57.86286799899989,-22.1304209993408],[-57.8623419989999,-22.130087999340798],[-57.8619159989999,-22.129846999340845],[-57.86145599999998,-22.129635999340863],[-57.86083399899991,-22.129547999340865],[-57.860342998999904,-22.129458999340816],[-57.86020525299994,-22.129446994340892],[-57.859688998999964,-22.129401999340896],[-57.85919699899995,-22.12928199934081],[-57.85857499999997,-22.12916399934082],[-57.858148999999905,-22.128891999340894],[-57.85778699999998,-22.128588999340867],[-57.85748406299996,-22.128310330340916],[-57.85742499999987,-22.128255999340865],[-57.856997999999976,-22.127983999340927],[-57.85657199999997,-22.12774199934081],[-57.85601299999991,-22.127348999340903],[-57.85552099899997,-22.127107999340954],[-57.854865998999976,-22.126927999340904],[-57.8543749989999,-22.126838999340897],[-57.8538839989999,-22.12684199934089],[-57.85336099899997,-22.126813999340946],[-57.85286999899983,-22.126785999340964],[-57.85214999899995,-22.126728999340944],[-57.85165999999999,-22.12673199934094],[-57.85116899999997,-22.12676499934091],[-57.850711999999994,-22.12691899934085],[-57.850708646999976,-22.126919843340918],[-57.850091999999904,-22.127074999340863],[-57.84956899999991,-22.127077999340965],[-57.84907799999997,-22.127079999340957],[-57.848488999999915,-22.127082999340892],[-57.84776999999991,-22.12708699934089],[-57.84727899899996,-22.12708999934088],[-57.84682099999993,-22.126939999340923],[-57.84636199899995,-22.126789999340847],[-57.84590299999991,-22.126578999340868],[-57.84544299899994,-22.126367999340836],[-57.84491899899991,-22.12615699934099],[-57.84458999999998,-22.125823999340977],[-57.84438238399992,-22.12561322834091],[-57.844260999999904,-22.12548999934098],[-57.84380099999998,-22.125095999340957],[-57.84371376099995,-22.12503577334094],[-57.84340699899997,-22.12482399934092],[-57.84317143599992,-22.124548201341014],[-57.84304399999996,-22.12439899934103],[-57.8427827129999,-22.124198723340996],[-57.84264999899994,-22.124096999341],[-57.84228799899995,-22.123793999340975],[-57.841958999999974,-22.123429999341],[-57.84159699999988,-22.122974999341018],[-57.8415189239999,-22.122849309341007],[-57.84133299999997,-22.122549999341025],[-57.84106799899996,-22.12212399934097],[-57.840575998999945,-22.121730999341064],[-57.84011599999992,-22.121458999341016],[-57.83969104099999,-22.121274145341022],[-57.839492998999965,-22.121187999341085],[-57.83937710399988,-22.12108106834102],[-57.839130998999906,-22.12085399934108],[-57.83867199999998,-22.120673999341026],[-57.83845923799993,-22.120635433341025],[-57.838180999999906,-22.12058499934102],[-57.83775499899986,-22.120342999341077],[-57.8372629989999,-22.120132999341042],[-57.83699983199989,-22.119829857341102],[-57.83686799999992,-22.119677999341068],[-57.83653899999995,-22.119343999341066],[-57.836014999999854,-22.11925499934106],[-57.83539299899991,-22.119166999341058],[-57.83490199899995,-22.119138999341075],[-57.8341829989999,-22.119142999341122],[-57.83382360599989,-22.11921194434113],[-57.833692999999926,-22.119236999341112],[-57.83350257299992,-22.119237969341082],[-57.833103998999896,-22.119239999340987],[-57.83261399999992,-22.119241999341035],[-57.83189499999991,-22.119367999341115],[-57.83140399999991,-22.119369999341004],[-57.83065199999994,-22.119404999341135],[-57.830161999999916,-22.119406999341134],[-57.82944199999992,-22.11941099934111],[-57.82895199899996,-22.119473999341075],[-57.82839699899989,-22.119628999341078],[-57.8279399989999,-22.11981499934111],[-57.827566026999875,-22.120016747341108],[-57.82748399999991,-22.12006099934111],[-57.82709299899989,-22.120336999341042],[-57.826602999999864,-22.120399999341096],[-57.826350754999964,-22.120401468341033],[-57.82591599899995,-22.12040399934109],[-57.82536099999993,-22.120497999341023],[-57.824838998999816,-22.120743999340963],[-57.824414998999934,-22.12102099934106],[-57.82408999899996,-22.12135799934105],[-57.82376499999998,-22.121724999341076],[-57.82350599899997,-22.12212199934098],[-57.82339670400865,-22.122565156375877],[-57.82298839999993,-22.122864199341006],[-57.822917999999966,-22.123861399340903],[-57.82320909999998,-22.12501859934095],[-57.82378179999995,-22.126835199340935],[-57.8233933414636,-22.128992694404282],[-57.823284998999945,-22.129162999340824],[-57.82305899899989,-22.129589999340816],[-57.82286499999992,-22.130017999340858],[-57.82282017020327,-22.130162512784647],[-57.821822399999924,-22.132096699340842],[-57.82091389999988,-22.136095699340718],[-57.82028074554791,-22.136801119437592],[-57.81989699999985,-22.137071999340623],[-57.81944099999987,-22.137469999340684],[-57.81904999899996,-22.1377469993406],[-57.81869199899989,-22.138052999340676],[-57.81817099899995,-22.138329999340602],[-57.817713999999974,-22.138514999340643],[-57.8169949999999,-22.13873199934066],[-57.81650499899996,-22.138734999340528],[-57.81608828599991,-22.13873673534064],[-57.81578499899996,-22.13873799934058],[-57.815294998999946,-22.13874099934069],[-57.81464099899989,-22.13883499934062],[-57.814020999999975,-22.13905199934063],[-57.81389705299989,-22.139091026340644],[-57.813334998999956,-22.139267999340653],[-57.813099053999956,-22.13929687234056],[-57.81281199899991,-22.139331999340612],[-57.81186499899991,-22.139518999340638],[-57.81144099899989,-22.13976499934063],[-57.810918998999966,-22.140102999340627],[-57.81052899999992,-22.140409999340527],[-57.810235999999854,-22.140776999340613],[-57.80991099899995,-22.14114399934059],[-57.809651999999865,-22.14154199934055],[-57.809465018999894,-22.141983426340534],[-57.80945799899995,-22.141999999340573],[-57.8092319989999,-22.14242699934056],[-57.80897199999998,-22.142824999340515],[-57.80871053499994,-22.14312025334054],[-57.808646998999905,-22.14319199934043],[-57.80828999899995,-22.143680999340543],[-57.807997998999944,-22.14404899934052],[-57.80793499999998,-22.14450599934049],[-57.80770899899995,-22.144933999340534],[-57.807547998999944,-22.14536099934052],[-57.80722399999997,-22.145971999340507],[-57.80699699999991,-22.146399999340495],[-57.80680399899995,-22.146827999340424],[-57.806770026644756,-22.146948351667056],[-57.806353299999955,-22.147790499340307],[-57.80574006525409,-22.149025824602074],[-57.80541199899995,-22.149363999340338],[-57.80505299999994,-22.149669999340404],[-57.804596998999955,-22.149854999340274],[-57.8040729999999,-22.149857999340327],[-57.80358299899996,-22.149951999340367],[-57.80309299899994,-22.15007599934033],[-57.80256999899989,-22.15019999934031],[-57.80207999899994,-22.150202999340355],[-57.80139299999996,-22.15020599934035],[-57.800901998999905,-22.15020899934034],[-57.800410998999894,-22.150058999340384],[-57.7999839989999,-22.14981699934032],[-57.79955699899984,-22.149574999340363],[-57.799227999999964,-22.14918099934039],[-57.79896399899996,-22.14878599934039],[-57.7986999989999,-22.148360999340326],[-57.798402998999904,-22.147965999340432],[-57.798204998999886,-22.147539999340434],[-57.79823499999997,-22.147082999340405],[-57.798231999999985,-22.146625999340436],[-57.79826107699989,-22.146183057340497],[-57.798261999999966,-22.146168999340453],[-57.798258999999916,-22.145619999340436],[-57.798190999999974,-22.145162999340467],[-57.798155998999896,-22.14470599934049],[-57.79808799899996,-22.144249999340524],[-57.797823998999895,-22.143854999340565],[-57.797526998999906,-22.143307999340532],[-57.797229998999846,-22.142851999340564],[-57.79686699999991,-22.142335999340563],[-57.796407999999985,-22.14209399934056],[-57.79612762599994,-22.141965113340525],[-57.79594899899991,-22.141882999340588],[-57.79566068199995,-22.141569195340566],[-57.795586998999966,-22.141488999340613],[-57.795257998999936,-22.141124999340576],[-57.79479799899996,-22.140913999340558],[-57.794753736999944,-22.140892543340534],[-57.79417499899994,-22.14061199934064],[-57.79378099999985,-22.140339999340593],[-57.79341999999991,-22.140036999340563],[-57.79312299999992,-22.13967299934064],[-57.79282699899988,-22.139307999340655],[-57.79249799999991,-22.13897499934068],[-57.792200999999864,-22.138579999340593],[-57.79190499999998,-22.138184999340684],[-57.791801999999905,-22.137454999340612],[-57.79163699999992,-22.13702899934061],[-57.791372999999915,-22.136633999340713],[-57.79110899899991,-22.136238999340648],[-57.791105998999974,-22.13578199934067],[-57.791103999999955,-22.13532499934064],[-57.79110099999997,-22.13486799934078],[-57.791095999999925,-22.13401499934079],[-57.79109594999982,-22.134003486340738],[-57.79109399999993,-22.13355699934077],[-57.79108899899995,-22.13270399934073],[-57.791085998999904,-22.132216999340763],[-57.791050999999925,-22.131698999340845],[-57.79072199999996,-22.131364999340835],[-57.79058799899991,-22.13090899934087],[-57.790454998999905,-22.13045199934078],[-57.790093998999964,-22.130148999340868],[-57.789535998999895,-22.129816999340868],[-57.78907699999991,-22.129605999340885],[-57.78835499999996,-22.129243999340908],[-57.78789599899982,-22.129001999340833],[-57.787196623999876,-22.128788449340774],[-57.78710999999999,-22.128761999340874],[-57.78661899999985,-22.128672999340875],[-57.78602799999999,-22.128340999340875],[-57.78553699999986,-22.12825199934086],[-57.78494699899988,-22.128040999340843],[-57.784455999999864,-22.12789099934094],[-57.78383299899991,-22.12768099934091],[-57.7834059989999,-22.12743899934095],[-57.78304499899992,-22.12713599934093],[-57.78268299999996,-22.12677199934095],[-57.782321999999965,-22.12643899934094],[-57.78199299899989,-22.126104999340953],[-57.781955055999966,-22.126039708340944],[-57.78172799999993,-22.12564899934097],[-57.781398999999965,-22.125284999340984],[-57.7812009989999,-22.12485999934099],[-57.78060999999996,-22.124557999340965],[-57.78011899899991,-22.124407999341],[-57.779529999999966,-22.124379999340956],[-57.779072999999975,-22.124533999341025],[-57.778648999999966,-22.12477999934086],[-57.77806299999998,-22.125178999340967],[-57.77767683999991,-22.125386866340936],[-57.77760599899995,-22.125424999340918],[-57.77685599899996,-22.12579399934089],[-57.77639999999997,-22.12603999934089],[-57.775681999999904,-22.12631799934097],[-57.775224999999914,-22.126593999340944],[-57.7745399989999,-22.126962999340922],[-57.77408399999991,-22.127178999340927],[-57.77343099999991,-22.127364999340806],[-57.77294099899995,-22.12751899934092],[-57.772253999999926,-22.127522999340904],[-57.77220663199996,-22.12752319234093],[-57.77176299999989,-22.127524999340903],[-57.77107699899988,-22.12758899934086],[-57.77058699999986,-22.12774399934086],[-57.77003199899996,-22.127898999340914],[-57.76960799899995,-22.128144999340915],[-57.76918399899996,-22.128389999340918],[-57.76887312199988,-22.128770705340894],[-57.768858999999956,-22.128787999340815],[-57.76882657299996,-22.128803359340825],[-57.76840299999998,-22.12900399934083],[-57.76804499999986,-22.12930999934091],[-57.7676869999999,-22.129737999340882],[-57.76752599999997,-22.130165999340836],[-57.767364999999984,-22.13059299934082],[-57.7671709999999,-22.131020999340866],[-57.766943999999974,-22.131447999340857],[-57.76682145899997,-22.131886462340702],[-57.76681599899996,-22.13190599934083],[-57.7668174019338,-22.132226569721702],[-57.76658613813714,-22.132841014239602],[-57.7662999989999,-22.133218999340777],[-57.7660069989999,-22.13358599934075],[-57.76568199999992,-22.13392199934075],[-57.765323999999964,-22.13422899934076],[-57.76496599899992,-22.134565999340765],[-57.76460799899996,-22.13487199934071],[-57.76385799999992,-22.135301999340754],[-57.763333999999986,-22.135304999340743],[-57.762809998999955,-22.135184999340762],[-57.762318998999945,-22.135004999340723],[-57.7617959029999,-22.134754296340763],[-57.76149899899991,-22.134611999340642],[-57.7610079989999,-22.134553999340728],[-57.76048399999996,-22.13446499934073],[-57.75999299899996,-22.134375999340723],[-57.759174999999914,-22.13425799934075],[-57.75865099999993,-22.134198999340782],[-57.75799699899988,-22.134201999340714],[-57.7574739989999,-22.134204999340714],[-57.756917999999985,-22.134206999340705],[-57.75642699999991,-22.1342089993407],[-57.75554399999998,-22.13427399934077],[-57.755053999999916,-22.134398999340775],[-57.754434998999955,-22.13473699934077],[-57.75394499999993,-22.134951999340675],[-57.7533909999999,-22.135228999340764],[-57.752966998999916,-22.13547499934071],[-57.752575999999976,-22.135750999340694],[-57.75211999899984,-22.136087999340678],[-57.75179399999996,-22.136424999340683],[-57.75171804599995,-22.136520461340673],[-57.75150199999995,-22.136791999340662],[-57.75132875048752,-22.136933007857877],[-57.751180399999896,-22.13700139934066],[-57.75028877657786,-22.13790673729415],[-57.74977599899996,-22.138201999340584],[-57.74931899899997,-22.13838599934069],[-57.74863199999999,-22.138358999340703],[-57.748302999999915,-22.137994999340602],[-57.74797399899989,-22.137660999340596],[-57.74764499999992,-22.137235999340717],[-57.747282999999925,-22.13693299934069],[-57.746986998999944,-22.136568999340707],[-57.74684592199998,-22.13642134034072],[-57.74649399999992,-22.136052999340723],[-57.746164999999955,-22.135718999340714],[-57.745770998999944,-22.135446999340672],[-57.745245998999955,-22.13508399934069],[-57.7447539989999,-22.134963999340705],[-57.74423099899992,-22.134874999340706],[-57.74377199999991,-22.134693999340772],[-57.74328099999992,-22.134634999340747],[-57.742943707999984,-22.134637060340665],[-57.74278999899997,-22.134637999340736],[-57.74229899899989,-22.134639999340735],[-57.74174299999993,-22.13458199934071],[-57.741251999999974,-22.134461999340733],[-57.74062899899986,-22.134250999340704],[-57.7401379989999,-22.134131999340724],[-57.739482998999904,-22.133951999340667],[-57.7390569989999,-22.133709999340727],[-57.73879299999998,-22.133314999340822],[-57.73842999899989,-22.13279899934076],[-57.738296998999886,-22.1323419993408],[-57.738391999999855,-22.131701999340713],[-57.738552999999975,-22.131213999340833],[-57.73864799899991,-22.130572999340867],[-57.73871099999996,-22.130115999340788],[-57.73876699199997,-22.129820166340853],[-57.738837999999994,-22.129444999340897],[-57.738933999999915,-22.128986999340754],[-57.73909399999996,-22.12831599934088],[-57.739058998999894,-22.12782899934081],[-57.738923998999894,-22.127158999340818],[-57.738627998999846,-22.126794999340888],[-57.73831303999998,-22.126475253340892],[-57.738298999999984,-22.126460999340892],[-57.738002998999896,-22.126035999340893],[-57.737956477999894,-22.125723352340977],[-57.73793499899989,-22.125578999340863],[-57.73780099899988,-22.12493999934101],[-57.73750399899984,-22.124574999340915],[-57.73720799899997,-22.124210999340946],[-57.73668199999987,-22.12366499934096],[-57.736464830999914,-22.123482722341],[-57.73632099999991,-22.12336199934089],[-57.73595899999998,-22.123058999341037],[-57.73563099899985,-22.122724999341035],[-57.73536699899995,-22.12232999934108],[-57.7352009999999,-22.121903999341075],[-57.73487199899996,-22.121447999340923],[-57.73470599999997,-22.121021999341103],[-57.73470199999991,-22.120321999340952],[-57.73469999999992,-22.119864999341097],[-57.734737086406646,-22.119738306647342],[-57.734867299999905,-22.119563099340976],[-57.736741999999936,-22.11920099934114],[-57.73888379999989,-22.118751699341082],[-57.740181421865195,-22.117817088660633],[-57.74028199999993,-22.117797999341082],[-57.74077199899995,-22.117673999341125],[-57.741096999999854,-22.11730599934114],[-57.74132299999991,-22.11687899934109],[-57.74158299899984,-22.116480999341196],[-57.74187499899983,-22.116083999341114],[-57.74203699999992,-22.11565699934119],[-57.74226299999997,-22.115167999341246],[-57.74229299999997,-22.11467999934119],[-57.74235599999992,-22.11413199934115],[-57.74235299999992,-22.113673999341195],[-57.74234999899988,-22.11309499934124],[-57.74234799899988,-22.112637999341214],[-57.7423129999999,-22.112150999341317],[-57.742210720999886,-22.111936302341274],[-57.74208099999998,-22.11166399934131],[-57.74207899899994,-22.11120699934133],[-57.74207712899994,-22.11086546734129],[-57.74207599899996,-22.1106589993413],[-57.74207299899996,-22.110170999341364],[-57.742070998999964,-22.109713999341267],[-57.74193799899991,-22.109226999341317],[-57.74170599999996,-22.10880199934133],[-57.74147227899987,-22.10843472434136],[-57.74137699899984,-22.1082849993414],[-57.741210999999964,-22.107828999341415],[-57.741102554999934,-22.107409785341396],[-57.74107699999997,-22.107310999341387],[-57.74097699999987,-22.106823999341415],[-57.74071099999998,-22.10612499934144],[-57.74051299999985,-22.10569899934144],[-57.74037812399995,-22.105401539341447],[-57.740181998999894,-22.104968999341377],[-57.74015384799998,-22.104779808341437],[-57.74011399899996,-22.104511999341398],[-57.73994799999992,-22.10399499934146],[-57.739716999999985,-22.10356899934147],[-57.73933845399983,-22.10342055034142],[-57.7392579989999,-22.103388999341423],[-57.73890479399984,-22.102944077341387],[-57.738895998999915,-22.102932999341448],[-57.738631998999885,-22.102537999341536],[-57.738270998999894,-22.10220499934153],[-57.737843998999885,-22.101809999341512],[-57.7374819989999,-22.101476999341518],[-57.73705599899989,-22.101234999341564],[-57.73702120799993,-22.10121523534156],[-57.73662999899988,-22.10099299934155],[-57.73626799899989,-22.100689999341533],[-57.73618909299996,-22.100595264341585],[-57.73593899999992,-22.100294999341575],[-57.7351849989999,-22.099780999341576],[-57.73469299899995,-22.099630999341496],[-57.7341029989999,-22.099388999341556],[-57.73361199899995,-22.09923899934159],[-57.73292299999998,-22.09881599934159],[-57.73243199999984,-22.098726999341576],[-57.731582998999954,-22.098821999341574],[-57.731092999999994,-22.098945999341606],[-57.73037599999998,-22.09943699934155],[-57.73031299999991,-22.099893999341514],[-57.73027200972069,-22.100050274781125],[-57.729935799999915,-22.100136799341588],[-57.72890449999994,-22.102477499341525],[-57.72671582779219,-22.106042880568577],[-57.72662822699987,-22.106081396341448],[-57.726453998999936,-22.106157999341413],[-57.72599699899997,-22.106403999341403],[-57.725605999999914,-22.1067409993414],[-57.72531399999991,-22.107107999341377],[-57.72493551799989,-22.107616896341273],[-57.72463199999999,-22.108024999341378],[-57.724458753999954,-22.108188083341375],[-57.72427399999986,-22.108361999341373],[-57.724105882999886,-22.108679407341302],[-57.7240149989999,-22.10885099934131],[-57.72375499999998,-22.109277999341366],[-57.72349599899996,-22.10967599934131],[-57.72310599999986,-22.110164999341265],[-57.72278099899996,-22.110562999341326],[-57.722422998999825,-22.110898999341323],[-57.721836998999954,-22.111388999341266],[-57.721510999999964,-22.111756999341242],[-57.721185998999886,-22.112092999341233],[-57.72066499899995,-22.112460999341213],[-57.72020799899996,-22.112645999341257],[-57.71975099999992,-22.11286099934126],[-57.71939299999996,-22.11316799934129],[-57.71905912458453,-22.11336092218057],[-57.71802350222424,-22.11356998914892],[-57.71802099999986,-22.113569999341284],[-57.71753099899991,-22.113571999341268],[-57.71700699999997,-22.113360999341243],[-57.71664499999997,-22.113057999341216],[-57.716381998999964,-22.112662999341147],[-57.7161159989999,-22.111871999341183],[-57.715949999999914,-22.111445999341303],[-57.71558799999997,-22.110837999341246],[-57.71558499999992,-22.110380999341277],[-57.71567999999996,-22.109740999341323],[-57.71584099899997,-22.109282999341357],[-57.71600299899995,-22.108824999341373],[-57.71632799999992,-22.108457999341287],[-57.71658699899996,-22.108060999341344],[-57.71661799999993,-22.107572999341386],[-57.716675215999885,-22.10742089834143],[-57.71677899999992,-22.1071449993414],[-57.7168739999999,-22.106474999341394],[-57.71680599999996,-22.105986999341454],[-57.71653999899996,-22.105256999341375],[-57.71640699899991,-22.104800999341403],[-57.71611099899991,-22.10437499934135],[-57.71581499999985,-22.104010999341423],[-57.71555099899996,-22.103585999341373],[-57.71522199999998,-22.103251999341428],[-57.714892999999954,-22.102887999341448],[-57.714401998999904,-22.102767999341463],[-57.71391099899995,-22.10264799934149],[-57.713420999999926,-22.102649999341484],[-57.712602998999905,-22.102653999341527],[-57.712280172999954,-22.10265531734146],[-57.712112998999885,-22.102655999341522],[-57.71139299999999,-22.10265899934152],[-57.71090299999987,-22.102660999341516],[-57.709986998999916,-22.10263499934147],[-57.709527999999864,-22.102483999341516],[-57.7090369999999,-22.102242999341488],[-57.708774835999975,-22.102049434341538],[-57.708543999999904,-22.101878999341466],[-57.70837507499993,-22.101827393341466],[-57.70805299899997,-22.101728999341496],[-57.70726699899985,-22.101427999341468],[-57.706937999999965,-22.10109399934147],[-57.70660999899991,-22.100759999341463],[-57.70627999899989,-22.100303999341495],[-57.705951999999904,-22.09997099934148],[-57.70552499999996,-22.09969799934157],[-57.705228999999974,-22.099333999341457],[-57.705030999999906,-22.09890799934158],[-57.70479999999992,-22.09848199934159],[-57.704763998999965,-22.097872999341604],[-57.70476199999996,-22.097415999341628],[-57.7048569989999,-22.096927999341577],[-57.7049483289332,-22.09649227945148],[-57.7058358999999,-22.095135399341633],[-57.705962638188396,-22.094977972333233],[-57.705991999999924,-22.09497299934161],[-57.70648099899989,-22.09472699934166],[-57.70677399899989,-22.094298999341724],[-57.70713199899995,-22.093992999341715],[-57.70742399899996,-22.093625999341747],[-57.70774899999993,-22.09328899934175],[-57.707975999999974,-22.0927699993417],[-57.7082349989999,-22.09234199934177],[-57.70836199999991,-22.09164099934168],[-57.70822899999997,-22.09118399934171],[-57.70790099899989,-22.090850999341708],[-57.70747399899989,-22.090577999341782],[-57.7069499989999,-22.090427999341824],[-57.70626399999997,-22.09049199934183],[-57.70577399999997,-22.09064699934177],[-57.7052849989999,-22.090952999341788],[-57.704861998999895,-22.091228999341713],[-57.70437199999992,-22.091352999341744],[-57.70388099999991,-22.09135599934173],[-57.703390998999964,-22.091357999341717],[-57.7028999989999,-22.09135999934177],[-57.702442999999846,-22.091513999341725],[-57.70169549499991,-22.091604577341688],[-57.701658998999896,-22.09160899934177],[-57.70116899899995,-22.091610999341757],[-57.70025299999992,-22.09161499934175],[-57.69939342299995,-22.091318905341794],[-57.6992049989999,-22.091253999341653],[-57.69903686199985,-22.09124885834173],[-57.69832199999985,-22.09122699934171],[-57.697830998999905,-22.09107699934176],[-57.697339998999944,-22.09095699934178],[-57.6970046799999,-22.090744311341755],[-57.696814998999855,-22.090623999341776],[-57.69635599999998,-22.09047399934176],[-57.69609677399996,-22.090421186341683],[-57.69576699899983,-22.090353999341776],[-57.695276999999976,-22.09032599934179],[-57.694849999999974,-22.090083999341793],[-57.694521998999846,-22.08971999934175],[-57.69431116099998,-22.089573910341755],[-57.69412799999992,-22.089446999341813],[-57.693950611999924,-22.08937092434184],[-57.69363599999991,-22.089235999341785],[-57.69335089899994,-22.089047795341752],[-57.693176998999945,-22.08893299934177],[-57.69284799999998,-22.088568999341838],[-57.69248699999997,-22.088265999341758],[-57.69183199999991,-22.0880239993418],[-57.69134099999991,-22.087782999341847],[-57.69075199999992,-22.08772399934177],[-57.69026099999991,-22.087786999341844],[-57.68973999999997,-22.088093999341748],[-57.68944699999997,-22.088460999341837],[-57.68936075300701,-22.088578555174667],[-57.689231699999816,-22.088591999341723],[-57.688541199999975,-22.090013999341743],[-57.68745397963101,-22.09150637237219],[-57.68733699899991,-22.09160899934177],[-57.68720498160837,-22.09178848874053],[-57.68629108617056,-22.09255957895094],[-57.68590399899989,-22.09274199934173],[-57.685512998999975,-22.0930179993417],[-57.68482799999998,-22.093416999341596],[-57.68440399999997,-22.0936629993417],[-57.68423044899998,-22.093769206341754],[-57.68375199999991,-22.09406199934165],[-57.68336099899989,-22.09436799934173],[-57.68296999899997,-22.094643999341645],[-57.68241599899989,-22.09504199934172],[-57.682057999999934,-22.09537899934171],[-57.68169999999998,-22.095684999341614],[-57.68130899899995,-22.095991999341678],[-57.68095099899989,-22.096327999341682],[-57.68072399899996,-22.09675599934166],[-57.68046499999992,-22.097274999341597],[-57.68031477699992,-22.097606417341563],[-57.68027099899996,-22.09770299934165],[-57.68001099999993,-22.0980999993416],[-57.679750998999914,-22.098496999341606],[-57.67963798899991,-22.098614182341592],[-57.679425999999914,-22.098833999341593],[-57.679165998999906,-22.099230999341557],[-57.67916547599997,-22.099231739341523],[-57.678841999999925,-22.099688999341573],[-57.67861499999998,-22.100116999341566],[-57.67836840279029,-22.100472969531356],[-57.67797860824664,-22.1009000886515],[-57.677670999999926,-22.10106499934154],[-57.676788999999985,-22.101342999341473],[-57.676364999999976,-22.101588999341455],[-57.67564699999998,-22.10174399934152],[-57.67512299999999,-22.101715999341476],[-57.67440399999998,-22.101657999341512],[-57.67394499899996,-22.10150699934145],[-57.6734209999999,-22.101387999341462],[-57.67296299999987,-22.101175999341482],[-57.6728678959999,-22.101127867341532],[-57.67230699899994,-22.100843999341475],[-57.671814999999924,-22.100632999341506],[-57.67109599999992,-22.10063499934151],[-57.67057299899988,-22.100637999341497],[-57.66968999899995,-22.100640999341486],[-57.669198998999896,-22.100642999341535],[-57.668741998999856,-22.100796999341494],[-57.6682529989999,-22.100951999341543],[-57.667828999999976,-22.101227999341518],[-57.66737399899989,-22.10180899934147],[-57.66714699899995,-22.102235999341517],[-57.66710530809297,-22.102707383167534],[-57.66647859999989,-22.103307899341434],[-57.665883399999935,-22.105060199341466],[-57.66538445477562,-22.1054852500271],[-57.664905999999974,-22.105505999341368],[-57.66441499999996,-22.10547799934144],[-57.66385899899996,-22.10538799934138],[-57.66336799899989,-22.10529899934139],[-57.66264699899994,-22.105118999341443],[-57.66218899899996,-22.10487699934138],[-57.66172999999992,-22.104634999341428],[-57.661463699999906,-22.104402494341397],[-57.661138998999945,-22.10411899934149],[-57.660646999999926,-22.10396899934141],[-57.66008999999986,-22.10366699934151],[-57.65963099899989,-22.103515999341443],[-57.65887899899992,-22.103549999341404],[-57.658421999999966,-22.10370399934147],[-57.6579319999999,-22.103766999341413],[-57.65744299899995,-22.104042999341406],[-57.65708499899989,-22.1043799993414],[-57.65675899999991,-22.10471599934139],[-57.65656496899993,-22.104898648341397],[-57.65643455515249,-22.105021412447766],[-57.65638579999995,-22.105042399341396],[-57.65632635836237,-22.105105687556172],[-57.656009999999874,-22.105328999341467],[-57.65565199999992,-22.105664999341357],[-57.65529399999997,-22.106001999341355],[-57.654902998999944,-22.10627799934144],[-57.654412999999984,-22.106401999341415],[-57.65388899899989,-22.106403999341403],[-57.653398999999915,-22.106466999341368],[-57.652908999999966,-22.106590999341332],[-57.652385999999865,-22.106592999341377],[-57.65189499999991,-22.106502999341444],[-57.65140399899996,-22.106321999341457],[-57.65094499999992,-22.1061409993414],[-57.65025699899991,-22.10580899934139],[-57.64976499899989,-22.105566999341434],[-57.64969310399989,-22.105521791341427],[-57.64904299899985,-22.105112999341458],[-57.64861699899996,-22.10483999934136],[-57.64779799999997,-22.104477999341437],[-57.64730699899991,-22.104448999341443],[-57.64668599899994,-22.10435999934145],[-57.64619499999992,-22.104361999341496],[-57.6455079989999,-22.10439499934147],[-57.64501799899989,-22.104396999341464],[-57.64416799999998,-22.104400999341458],[-57.643676999999975,-22.10440299934145],[-57.642695998999955,-22.10443699934142],[-57.6422389999999,-22.10462199934145],[-57.64171973099992,-22.10498187934147],[-57.64161999899994,-22.10505099934139],[-57.64116299899997,-22.10529599934139],[-57.640477999999916,-22.10557299934142],[-57.63995499999992,-22.10557499934142],[-57.63936599899994,-22.10554699934137],[-57.63887499999998,-22.10545799934132],[-57.638121998999964,-22.10527799934144],[-57.637597999999855,-22.105187999341435],[-57.6368119999999,-22.104947999341483],[-57.63638599899992,-22.10470499934148],[-57.63579599999997,-22.10428099934148],[-57.63540199899996,-22.103977999341446],[-57.63507299999992,-22.103643999341454],[-57.634827172999906,-22.103351679341433],[-57.634612998999955,-22.10309699934142],[-57.63425199899995,-22.102762999341483],[-57.63389099899991,-22.102429999341478],[-57.63320099999992,-22.10185299934153],[-57.63274199899996,-22.101641999341503],[-57.63218599899989,-22.101521999341518],[-57.63166199899995,-22.101401999341537],[-57.63097751799989,-22.101258025341515],[-57.6308109989999,-22.10122299934148],[-57.63077751699996,-22.101210656341447],[-57.630319999999934,-22.101041999341547],[-57.62963299899997,-22.100952999341548],[-57.6291419989999,-22.10095499934154],[-57.6291333129999,-22.10095502734153],[-57.628226999999974,-22.100957999341414],[-57.627146999999866,-22.100718999341506],[-57.626687998999905,-22.100567999341568],[-57.626196998999944,-22.10044799934158],[-57.625868999999916,-22.10011399934158],[-57.625650340999925,-22.099844369341593],[-57.62557299999992,-22.099748999341593],[-57.62517899899991,-22.09947699934155],[-57.62475299899995,-22.099234999341597],[-57.624571104999966,-22.099139098341595],[-57.624293999999956,-22.098992999341593],[-57.62386799899991,-22.098749999341468],[-57.62344099899992,-22.09838599934155],[-57.62304699999993,-22.098052999341554],[-57.622937139999976,-22.09794113034164],[-57.62271899999997,-22.097718999341538],[-57.62247031099998,-22.097565570341633],[-57.62212899999997,-22.09735499934162],[-57.6217349989999,-22.097051999341588],[-57.62137399899996,-22.096748999341504],[-57.621011998999855,-22.09629299934165],[-57.62087408399997,-22.09603866234165],[-57.62078099999991,-22.09586699934166],[-57.620484999999924,-22.09547199934164],[-57.620024998999895,-22.094955999341707],[-57.619566999999904,-22.09474399934168],[-57.61891199999991,-22.0946249993417],[-57.618619514999985,-22.09457476334171],[-57.618387999999975,-22.094534999341693],[-57.61750399899995,-22.0941729993416],[-57.617497601999965,-22.094169365341713],[-57.617077998999946,-22.09393099934165],[-57.61655399899996,-22.093780999341742],[-57.61606399899989,-22.093781999341743],[-57.61557299999993,-22.09378399934174],[-57.61508299999991,-22.093785999341733],[-57.61413399999998,-22.093789999341723],[-57.61364399999996,-22.09379099934172],[-57.61295699899995,-22.093793999341717],[-57.612466999999924,-22.093795999341594],[-57.61148599899991,-22.093859999341717],[-57.61102899999986,-22.094014999341656],[-57.610409998999906,-22.09447399934163],[-57.61018199899997,-22.094900999341668],[-57.61015695583649,-22.09541022730432],[-57.61010189999996,-22.095429399341675],[-57.6099463999999,-22.096759799341612],[-57.61068799999999,-22.098159499341556],[-57.61152949999995,-22.1001385993416],[-57.612669299999936,-22.10377319934151],[-57.613207199999984,-22.10657859934144],[-57.61355799999995,-22.10840769934125],[-57.613163574095886,-22.10974185362895],[-57.613058999999964,-22.109913999341213],[-57.61263499899996,-22.110158999341333],[-57.61237499999993,-22.11055699934129],[-57.611917998999964,-22.110710999341347],[-57.61152699999986,-22.111016999341302],[-57.611135998999835,-22.11129299934123],[-57.61092986099993,-22.111375995341287],[-57.61067899899996,-22.111476999341274],[-57.610221999999965,-22.111783999341288],[-57.60986399899992,-22.112089999341244],[-57.60960399899988,-22.112486999341254],[-57.60957611499998,-22.113109752341266],[-57.609573998999906,-22.113156999341246],[-57.609551299999914,-22.1132070783412],[-57.60937999999993,-22.11358499934119],[-57.609185999999966,-22.114255999341182],[-57.60918784383517,-22.114677315684254],[-57.608683099999894,-22.11645109934112],[-57.60996209999997,-22.11784269934113],[-57.611341099999834,-22.11981389934109],[-57.61190549999998,-22.120902799341035],[-57.61282629999989,-22.12229969934102],[-57.61284720143993,-22.123476599706066],[-57.61272599899985,-22.123627999340947],[-57.61236799899989,-22.123934999341014],[-57.61181200000001,-22.123996999341035],[-57.611320999999855,-22.12378599934095],[-57.611089998999944,-22.123359999341005],[-57.61089199999998,-22.122933999341004],[-57.610627999999906,-22.12247799934104],[-57.610429998999955,-22.122021999341065],[-57.61026399999998,-22.121564999341086],[-57.610000998999965,-22.121169999341014],[-57.60957499899991,-22.12092799934106],[-57.60908399899995,-22.12086899934109],[-57.60877985499991,-22.120813250341083],[-57.60859299999992,-22.120778999341102],[-57.60810299999997,-22.12081199934108],[-57.60764599899989,-22.120995999341],[-57.6071889989999,-22.121271999341094],[-57.60673299999996,-22.12163999934107],[-57.60630799899997,-22.121884999341002],[-57.60598299999999,-22.122220999341007],[-57.60562499999992,-22.122587999340986],[-57.60559399899996,-22.12304599934095],[-57.60562899999991,-22.12353299934102],[-57.60579599351491,-22.1238922884185],[-57.60560179999987,-22.12415309934094],[-57.606092475194664,-22.124775007846967],[-57.60612499999991,-22.124962999340948],[-57.60645399999993,-22.125296999340954],[-57.60660393701227,-22.125423262452507],[-57.606701799999946,-22.125547299340894],[-57.60720473414119,-22.12639336865008],[-57.60721099899996,-22.126421999340934],[-57.60731099999998,-22.126969999340897],[-57.607378999999916,-22.127457999340848],[-57.6073797158117,-22.127621562320726],[-57.60726272299297,-22.128137485164366],[-57.60715399999999,-22.128341999340865],[-57.6069589999999,-22.12876899934092],[-57.606600998999966,-22.12913699934089],[-57.606176998999956,-22.12941199934081],[-57.6057859999999,-22.129687999340845],[-57.60536199899992,-22.129963999340838],[-57.60500299899996,-22.130269999340843],[-57.60461199999997,-22.13054599934083],[-57.60395799999991,-22.130699999340784],[-57.603434998999894,-22.130701999340758],[-57.60287899999991,-22.130582999340778],[-57.60241999899995,-22.130370999340766],[-57.60202599999996,-22.13009799934088],[-57.60200947599993,-22.130084438340774],[-57.60143499999998,-22.129612999340875],[-57.60097699899984,-22.12943199934088],[-57.600125998999935,-22.12928199934081],[-57.59963499999992,-22.129283999340803],[-57.59911199899989,-22.12928599934091],[-57.59862099999992,-22.12928799934079],[-57.59793499899996,-22.12941199934081],[-57.59747799999997,-22.129596999340848],[-57.59708599899994,-22.129871999340775],[-57.5968269999999,-22.13048299934087],[-57.59676399899996,-22.130939999340836],[-57.59676599899996,-22.13148899934075],[-57.59676799899996,-22.131945999340843],[-57.59686899999991,-22.13255499934082],[-57.59688871317752,-22.132591511732876],[-57.596624199999944,-22.1332534993408],[-57.59744949999992,-22.13431989934079],[-57.59944369999989,-22.135617599340602],[-57.60126319999989,-22.13716689934059],[-57.601547974405264,-22.138603794587063],[-57.60140899899989,-22.13881599934066],[-57.601181998999955,-22.139242999340603],[-57.600561999999975,-22.13951999934064],[-57.60007099899991,-22.139521999340626],[-57.59951499899995,-22.1394929993406],[-57.59905599999996,-22.139281999340668],[-57.59875999999991,-22.138916999340637],[-57.59865999899989,-22.13842999934068],[-57.5986579989999,-22.137941999340683],[-57.59865499899991,-22.137423999340694],[-57.59845699899989,-22.136997999340643],[-57.59819399999998,-22.136602999340745],[-57.59786499899992,-22.136207999340677],[-57.59750399899991,-22.135873999340657],[-57.59710999999999,-22.135600999340728],[-57.59645499899989,-22.135268999340727],[-57.595963999999924,-22.13526999934073],[-57.5957895599999,-22.135250320340667],[-57.595440998999884,-22.135210999340696],[-57.59494999999998,-22.13518299934071],[-57.594098999999964,-22.135185999340763],[-57.59364199899995,-22.13533999934072],[-57.593086999999905,-22.13561599934076],[-57.592695998999886,-22.13589199934074],[-57.592566999999974,-22.13637999934067],[-57.59256899999997,-22.136897999340725],[-57.592570999999964,-22.137354999340705],[-57.59280199899996,-22.13778099934058],[-57.59286379958081,-22.1378176218273],[-57.59350199999988,-22.139110799340617],[-57.594057099999986,-22.14009839934062],[-57.59470319999997,-22.141167599340548],[-57.59446229999992,-22.142748299340496],[-57.594237302528256,-22.1431549595183],[-57.59400299999993,-22.143474999340565],[-57.593644999999974,-22.14378099934046],[-57.593220999999915,-22.144025999340457],[-57.59263199999993,-22.14408899934053],[-57.59214099999997,-22.144029999340457],[-57.591584998999906,-22.143970999340546],[-57.591092998999954,-22.143759999340524],[-57.590796998999906,-22.143394999340543],[-57.590724601999845,-22.14328560334051],[-57.59043499899997,-22.142847999340564],[-57.5903679989999,-22.142360999340493],[-57.59026799999992,-22.141842999340568],[-57.59019999999998,-22.141355999340618],[-57.59019799999999,-22.140745999340584],[-57.59012999899994,-22.140288999340545],[-57.58989899899984,-22.139710999340608],[-57.58970099899989,-22.139284999340557],[-57.58943699999998,-22.138858999340673],[-57.589010999999914,-22.138616999340606],[-57.58851999999995,-22.13855799934064],[-57.5880289989999,-22.138437999340667],[-57.587210999999904,-22.13837999934065],[-57.58672099899996,-22.13847299934069],[-57.585936998999955,-22.138658999340613],[-57.585479999999954,-22.13887399934064],[-57.58502299999998,-22.13914999934067],[-57.584795999999926,-22.13957699934055],[-57.584731999999974,-22.140033999340577],[-57.58473399999997,-22.140521999340642],[-57.58475703361785,-22.14056447710561],[-57.584480099999844,-22.140741599340615],[-57.58522879999999,-22.142556399340442],[-57.58642709999998,-22.144447299340534],[-57.58639183953272,-22.145567723682838],[-57.58635799999997,-22.145635999340502],[-57.58619599999997,-22.1460629993405],[-57.58608450799989,-22.14620264934049],[-57.58590299999997,-22.146429999340484],[-57.585675999999914,-22.146856999340468],[-57.585546999999906,-22.147314999340388],[-57.585548998999904,-22.14777199934047],[-57.58545299999998,-22.148228999340436],[-57.585323998999904,-22.148716999340454],[-57.5853269989999,-22.14941799934037],[-57.585360999999985,-22.149874999340398],[-57.585381002999945,-22.150171053340376],[-57.585395998999964,-22.15039299934039],[-57.585397998999944,-22.15088099934039],[-57.58546599899995,-22.151367999340287],[-57.585532998999895,-22.151854999340348],[-57.58566611701075,-22.15215529821888],[-57.58567379999994,-22.152593899340317],[-57.58621659999989,-22.153921699340305],[-57.58769279999989,-22.156306599340233],[-57.58800839999992,-22.158958099340182],[-57.588025546857864,-22.159192863201845],[-57.58801149699991,-22.159246352340126],[-57.587734316999956,-22.159800075340165],[-57.58735812099991,-22.160300550340185],[-57.586894339999894,-22.16073257034012],[-57.586357063999976,-22.16108300934015],[-57.58576261899997,-22.161341217340134],[-57.58512906699997,-22.161499348340055],[-57.58431152799983,-22.161549262340095],[-57.5831887029999,-22.16134121734014],[-57.582594257999915,-22.16108300934015],[-57.58205697999989,-22.16073257034012],[-57.581316889999925,-22.15994644834012],[-57.58124617799996,-22.15982648934015],[-57.58073377399984,-22.158957209340095],[-57.58063156999999,-22.158681309340196],[-57.580285062999906,-22.157745927340198],[-57.57997407299995,-22.156906420340192],[-57.57991814399992,-22.15663916534021],[-57.57987510499993,-22.156433509340236],[-57.57942514499992,-22.1542834563403],[-57.57902339999999,-22.15311737434028],[-57.5786610419999,-22.15243293034035],[-57.57826176999992,-22.151948232340324],[-57.57764582699997,-22.151445058340258],[-57.57716816299996,-22.15118413534034],[-57.57687653899989,-22.151066622340377],[-57.57603242299996,-22.150748159340342],[-57.57592528099997,-22.1506833043404],[-57.57537324499992,-22.150349148340396],[-57.57515488599989,-22.150216973340367],[-57.57497324399998,-22.150021882340397],[-57.574639690999895,-22.149663634340417],[-57.574459788999945,-22.149470413340346],[-57.57420402899993,-22.149036106340372],[-57.574138829999875,-22.148834537340434],[-57.57401085699985,-22.148438901340374],[-57.573912815999904,-22.14813579634044],[-57.57387428799989,-22.147404854340376],[-57.57399067999995,-22.146674412340435],[-57.57566406299991,-22.141853155340595],[-57.57568348999997,-22.141797184340614],[-57.57667653199996,-22.137867321340703],[-57.57672276099999,-22.137684377340573],[-57.57763080199992,-22.135268537340668],[-57.577750678999905,-22.134407682340704],[-57.57775054399991,-22.134332087340763],[-57.576579461999934,-22.12417509234102],[-57.57659020499983,-22.124037917340996],[-57.576702214999955,-22.12260778534103],[-57.57721221099995,-22.11609620234118],[-57.57718999499991,-22.115383525341226],[-57.5770175689999,-22.114717806341197],[-57.575398599999914,-22.110563313341306],[-57.575153303999976,-22.110204545341357],[-57.5748560649999,-22.109805164341342],[-57.5747674719999,-22.109686126341366],[-57.57430197399986,-22.109286487341354],[-57.573775282999975,-22.10896815734139],[-57.57318887499997,-22.108734808341357],[-57.572453880999895,-22.10858297634132],[-57.571639502999915,-22.108567083341367],[-57.57043035899988,-22.108724529341305],[-57.5695844519999,-22.109013855341278],[-57.56907199899996,-22.109307187341287],[-57.56856340599995,-22.10972969834135],[-57.566455542999904,-22.11230383334126],[-57.566102284999886,-22.11307457334126],[-57.565921406999955,-22.1139619563412],[-57.565553043999834,-22.119090389341107],[-57.565438381999854,-22.126795104340907],[-57.56534959099997,-22.127505042340903],[-57.56493478599992,-22.12849892834088],[-57.56239863699989,-22.13229214934076],[-57.561980094999974,-22.13280546134075],[-57.56136425199992,-22.13330865434072],[-57.560348256999866,-22.13377719534075],[-57.55609483199993,-22.13503739634076],[-57.55540150899992,-22.13515566134066],[-57.5507465629999,-22.13492962034071],[-57.5505492289999,-22.134920037340706],[-57.55044747399995,-22.134915096340773],[-57.549788817999975,-22.134926924340746],[-57.54405064599991,-22.135029967340767],[-57.54401958699992,-22.13503315234074],[-57.54325227099985,-22.135111823340765],[-57.54205592699998,-22.135379141340756],[-57.540209181999955,-22.135791789340708],[-57.53951387899996,-22.13602869734068],[-57.539060029999916,-22.136274219340727],[-57.538844741999924,-22.13639068534067],[-57.53714367599997,-22.13759643034069],[-57.53602724299997,-22.138366725340614],[-57.535819802999875,-22.138509850340636],[-57.53501987399994,-22.138806705340677],[-57.53415504999999,-22.138941989340683],[-57.53182191299993,-22.13878878934063],[-57.53080673799997,-22.13848866734069],[-57.53026605499998,-22.138190464340692],[-57.52979660199986,-22.1378234653406],[-57.529398980999986,-22.1373916303407],[-57.529059147999924,-22.136868529340592],[-57.52742396499992,-22.13322257534082],[-57.525696746999934,-22.12710032234084],[-57.52569065499995,-22.12703044734084],[-57.52511207199995,-22.1203925173411],[-57.52510096299983,-22.120265069341045],[-57.52494758699993,-22.115601092341155],[-57.524821154999934,-22.11480119534124],[-57.52459688199996,-22.114227084341266],[-57.524269029999914,-22.1136979813412],[-57.52232593399997,-22.111572638341265],[-57.52190620399989,-22.110853282341292],[-57.52167338499993,-22.110111677341333],[-57.520245253999974,-22.10326506834145],[-57.51763160399997,-22.097961684341634],[-57.5173679849999,-22.097050497341566],[-57.51734088299992,-22.09643300634168],[-57.51741800499991,-22.09587705334169],[-57.51748930899992,-22.095674146341672],[-57.5183100939999,-22.093338447341665],[-57.51848599299989,-22.092837894341734],[-57.52035190299989,-22.087075805341893],[-57.52044646999991,-22.086591748341913],[-57.52151372099985,-22.080909416341992],[-57.5215249819999,-22.079832062342067],[-57.52143546499997,-22.07925812034201],[-57.52102388999992,-22.0779459863421],[-57.52041553499993,-22.076030496342103],[-57.520031604999986,-22.07526913434202],[-57.514215708999984,-22.06836216234233],[-57.51237502999998,-22.065992696342267],[-57.512067298999916,-22.065596562342357],[-57.51201360799985,-22.0655274463424],[-57.51181513299986,-22.06517621734242],[-57.51163050999991,-22.0648495023424],[-57.511603414999904,-22.064801554342424],[-57.51140523099996,-22.064117306342297],[-57.51140317099999,-22.064058574342408],[-57.51137523899996,-22.06326267134238],[-57.51152131799989,-22.062525841342456],[-57.51152642799997,-22.062500071342484],[-57.51152722799993,-22.062498156342393],[-57.51168827099992,-22.062112408342465],[-57.51285421699993,-22.059319606342548],[-57.51649084899992,-22.049041981342768],[-57.51664790499996,-22.04840149834281],[-57.51667647699992,-22.047791112342757],[-57.516594890999905,-22.04720228334285],[-57.514421919999904,-22.039325957342893],[-57.514046874999956,-22.038485071343036],[-57.51366441699991,-22.03792658834303],[-57.5095895529999,-22.03329982134314],[-57.5075714699999,-22.031307551343172],[-57.50679029099995,-22.030779484343125],[-57.50176892499997,-22.028378133343175],[-57.50111319499996,-22.02797524234323],[-57.49754061899995,-22.02480840034337],[-57.49716171999995,-22.024360161343335],[-57.49685952699991,-22.023856366343306],[-57.4965907649999,-22.023048191343364],[-57.496342256999924,-22.020270184343463],[-57.495160728999956,-22.01655649334347],[-57.495144243999896,-22.016403951343545],[-57.49455626399993,-22.010963165343625],[-57.494550741999944,-22.010912076343672],[-57.49322478099992,-22.00530353734382],[-57.4930272279999,-22.004718655343844],[-57.492546514999844,-22.003938346343862],[-57.487865562999964,-21.998198088343987],[-57.48777527699997,-21.99801605834393],[-57.4871799579999,-21.99681580834395],[-57.48533791499989,-21.99310197834405],[-57.48496202399997,-21.99260137834405],[-57.482132927999935,-21.989457653344157],[-57.48182561099998,-21.988948452344225],[-57.48159396499983,-21.988328678344207],[-57.48155727199991,-21.987937081344253],[-57.48152727999991,-21.987616998344233],[-57.48149204999993,-21.987241021344207],[-57.48161279299995,-21.986202222344268],[-57.481686175999926,-21.98557088834424],[-57.4818440539999,-21.98497570734431],[-57.48185561499997,-21.98493212734426],[-57.482030729999906,-21.984555409344278],[-57.48203762199995,-21.984540582344305],[-57.482096911999975,-21.98441303634432],[-57.48242865499998,-21.983933187344352],[-57.482839439999964,-21.98351048934428],[-57.48339154899998,-21.98310203934433],[-57.48586009999986,-21.981677215344348],[-57.48678418599991,-21.98138086834433],[-57.48734740799989,-21.981316054344415],[-57.487433594999914,-21.98130613634436],[-57.487445937999894,-21.98130471534432],[-57.49193608699988,-21.981171540344405],[-57.49687027099993,-21.98080873434443],[-57.49783680899998,-21.980897261344303],[-57.503142618999846,-21.982024590344373],[-57.51045820999992,-21.982164163344386],[-57.51239205399997,-21.982201058344327],[-57.51728007199995,-21.983188959344325],[-57.51739618899995,-21.98322253234433],[-57.5220942539999,-21.985529692344144],[-57.52287260499991,-21.986086700344284],[-57.52346986499998,-21.986812610344135],[-57.52544299699996,-21.990299266344056],[-57.525985283999894,-21.990951218344154],[-57.52968405999996,-21.993855730344066],[-57.533194641999906,-21.99586461634396],[-57.533983607999915,-21.996542418343996],[-57.53413838299991,-21.996717725343988],[-57.5354684749999,-21.99860072534397],[-57.536716628999905,-22.000376537343875],[-57.53675154399997,-22.0004262113439],[-57.538507952999964,-22.003943732343807],[-57.53907194899983,-22.004695447343824],[-57.53955498999983,-22.00510822134373],[-57.54006155999991,-22.00541379134382],[-57.54293438499992,-22.006853264343782],[-57.543942321999914,-22.00716065734379],[-57.54461581899989,-22.007213854343735],[-57.54925539699997,-22.007139925343687],[-57.5557004659999,-22.00536546734373],[-57.55662593299991,-22.004794472343814],[-57.56258190799986,-21.999441688343975],[-57.56332580499991,-21.998997081343965],[-57.56416865899996,-21.998713428343976],[-57.56849473499988,-21.99808027134402],[-57.56943059499985,-21.998062415343956],[-57.57011547699995,-21.998166946343986],[-57.57554858799989,-21.9994997943439],[-57.57608846699997,-21.999632237343953],[-57.57684417499996,-21.999999091343934],[-57.5771877229999,-22.00025335334392],[-57.5775077049999,-22.00051503434395],[-57.57790545299986,-22.000978541343834],[-57.57967365599996,-22.00309296734378],[-57.58003503499992,-22.003619554343786],[-57.5803226829999,-22.00430012534386],[-57.58153257099991,-22.008810739343662],[-57.58197293199988,-22.009705188343688],[-57.58260818199994,-22.01041509234369],[-57.58500242499996,-22.012456666343613],[-57.58558286799997,-22.012855720343612],[-57.5864623839999,-22.01322556934365],[-57.591735305999975,-22.014530059343617],[-57.61001266899996,-22.016412916343512],[-57.61079681399991,-22.016625843343512],[-57.61500019699997,-22.01826452434345],[-57.61545377299996,-22.018502613343443],[-57.615739177999956,-22.018691095343485],[-57.6161209519999,-22.018999851343516],[-57.61624373899991,-22.019136288343425],[-57.61663105099991,-22.019601640343467],[-57.61754706999995,-22.02152850934341],[-57.61806509099989,-22.022722839343363],[-57.61851212799997,-22.023376455343257],[-57.61860685099999,-22.02346466534337],[-57.61914871699998,-22.023969271343347],[-57.624347191999846,-22.027849669343233],[-57.62436321899992,-22.027868697343283],[-57.62977904499997,-22.034299337343043],[-57.62990135499996,-22.034394491343104],[-57.640668175999956,-22.04277082734293],[-57.6412450599999,-22.043109998342874],[-57.64180808299996,-22.043330781342842],[-57.64239871899998,-22.04346234434292],[-57.643029100999904,-22.043502473342937],[-57.643696569999975,-22.043437489342868],[-57.644503140999916,-22.043225640342786],[-57.64530042099989,-22.04283543034293],[-57.64574269399998,-22.042546713342947],[-57.64575135399997,-22.042539150342947],[-57.64637804899996,-22.041842840342884],[-57.64679281399992,-22.041013562342947],[-57.64695522299986,-22.04023442834298],[-57.64721081599993,-22.03659117234309],[-57.64658413599989,-22.03357212634309],[-57.6459727099999,-22.03062656034316],[-57.64595692199993,-22.030550498343157],[-57.64566122999997,-22.028254246343206],[-57.64509177499986,-22.02383204634335],[-57.64508461999998,-22.02365035034333],[-57.645062502999906,-22.02308870734326],[-57.645357024999946,-22.018127404343474],[-57.64558356099997,-22.014311373343574],[-57.64559759499997,-22.01407496234359],[-57.64744695899992,-22.00807101434361],[-57.64750645899989,-22.00783064334371],[-57.6484449429999,-22.003969560343798],[-57.64850452999996,-22.002972380343753],[-57.648296524999985,-22.002097523343846],[-57.64824447299992,-22.001983091343874],[-57.648025187999906,-22.001541519343885],[-57.64341346999999,-21.994000273344092],[-57.64269772699992,-21.99316861734405],[-57.64203778899986,-21.99271735834414],[-57.641334387999905,-21.992423714344085],[-57.63589000999991,-21.99124321034407],[-57.634927680999965,-21.990897206344137],[-57.634318002999976,-21.990532775344164],[-57.63257241599996,-21.989159578344175],[-57.63184231599996,-21.988335592344136],[-57.631403381999974,-21.987328834344197],[-57.63131339999989,-21.986773435344265],[-57.63131661799997,-21.98622583534428],[-57.6314990059999,-21.9854218863443],[-57.63240655199991,-21.98366751134421],[-57.63265155199986,-21.98298139834437],[-57.633350947999986,-21.97888678634445],[-57.63338240999991,-21.97803752134447],[-57.632104296999955,-21.97210245334451],[-57.62909532699996,-21.96413027634481],[-57.62832681499999,-21.962618359344834],[-57.62556365199987,-21.957197549344926],[-57.621870689999916,-21.952535051345016],[-57.62078800199998,-21.95164931834503],[-57.61553046299997,-21.948833333345164],[-57.61205769599996,-21.946714845345156],[-57.61149201199999,-21.946163548345204],[-57.61106764199996,-21.945511094345253],[-57.61031926799984,-21.943111532345256],[-57.61029435999989,-21.942045378345284],[-57.61043611999992,-21.941448889345313],[-57.610686748999974,-21.940884427345328],[-57.61103470799998,-21.940373918345312],[-57.612139554999885,-21.939140501345353],[-57.6128908679999,-21.93855235634538],[-57.61725711999992,-21.936512491345457],[-57.62256438199995,-21.9354701033454],[-57.62347647599984,-21.935166049345494],[-57.627221906999914,-21.93281000234545],[-57.6278333599999,-21.932220067345533],[-57.628268629999916,-21.931526156345566],[-57.62853344499991,-21.930757485345577],[-57.629114468999944,-21.927906372345568],[-57.62914463699997,-21.92695790634564],[-57.62912347899999,-21.92681540734565],[-57.628417595999906,-21.922061203345777],[-57.62836543999998,-21.92172003534579],[-57.6276630129999,-21.916202279345903],[-57.62729859899998,-21.91542299734593],[-57.625789286999975,-21.913290555345927],[-57.62511084299995,-21.91236083134594],[-57.624874800999976,-21.91187818134592],[-57.62471488899991,-21.911338925345966],[-57.624636557999914,-21.910711653346063],[-57.62439476099997,-21.903725122346167],[-57.624268711999946,-21.902930994346203],[-57.62128680799993,-21.89610150934627],[-57.6212725659999,-21.896057149346323],[-57.62125612199998,-21.896020787346323],[-57.61945362899997,-21.890510011346517],[-57.61598171699983,-21.884553838346697],[-57.61550882699998,-21.88363173534661],[-57.612802269999925,-21.878433139346836],[-57.61266932099995,-21.87817778034685],[-57.60974090099995,-21.87487464034691],[-57.60613509399985,-21.86938127134702],[-57.605552544999966,-21.868720562347058],[-57.600082260999905,-21.86491572134712],[-57.59395530299991,-21.860262529347246],[-57.59341246699995,-21.859919070347235],[-57.59250921899991,-21.859549306347212],[-57.586431304999905,-21.85788291834732],[-57.58121192899994,-21.855828937347347],[-57.58024584999999,-21.85566310534736],[-57.57695214499995,-21.855650287347302],[-57.575952361999896,-21.85591266934726],[-57.575103690999924,-21.856399621347364],[-57.5744302139999,-21.857053350347265],[-57.572813158999956,-21.859217283347284],[-57.56977973999989,-21.864495494347175],[-57.56831495299991,-21.86703938034701],[-57.56767977299995,-21.867901974347053],[-57.56525689799992,-21.8711580543469],[-57.5646465399999,-21.871794847347005],[-57.56372412299992,-21.87236363134687],[-57.56109212399996,-21.873146553346956],[-57.56106330299997,-21.87315133534691],[-57.56003798499995,-21.873196249346922],[-57.55900398899985,-21.872957137346944],[-57.558138456999984,-21.872512531346924],[-57.55517529599996,-21.870431444347012],[-57.55501805299991,-21.870273008346967],[-57.55486814399995,-21.870121961347003],[-57.554376188999925,-21.86939895834705],[-57.55422577999991,-21.86904647734701],[-57.5540250489999,-21.868197853347077],[-57.55366260499994,-21.86421144834719],[-57.55366345199991,-21.8640931573471],[-57.5536645119999,-21.863945269347145],[-57.55370030499994,-21.858949108347307],[-57.55394335699999,-21.85803067234728],[-57.555913299999936,-21.854085496347363],[-57.556142513999866,-21.853351752347436],[-57.55619496599996,-21.85279191834744],[-57.55619460799994,-21.85269049634745],[-57.55614248299997,-21.852134440347356],[-57.55550364599986,-21.84972468834752],[-57.55511042199992,-21.84905559434749],[-57.55444823599993,-21.848380982347553],[-57.551858891999935,-21.846891487347555],[-57.55124390099991,-21.846682522347596],[-57.55060306999991,-21.846576731347533],[-57.54917839899991,-21.84657458934756],[-57.54787224699993,-21.8465965543476],[-57.547399691999885,-21.84665866234748],[-57.54711755799992,-21.846695744347596],[-57.54638333399993,-21.8469380143476],[-57.54378528299998,-21.848307340347535],[-57.54065961199989,-21.849123643347546],[-57.53993583099998,-21.84941404834747],[-57.53927317199998,-21.849844694347507],[-57.53862513299999,-21.850497668347415],[-57.53702367999988,-21.85267849734741],[-57.53465405399993,-21.856532976347296],[-57.53418701699997,-21.857131658347264],[-57.52702572499993,-21.86307019934722],[-57.526345937999906,-21.863494208347117],[-57.5254248139999,-21.86380716934719],[-57.52461208999989,-21.863890256347197],[-57.52293426899996,-21.863808117347165],[-57.522316442999916,-21.86385382134711],[-57.522212294999925,-21.863878172347096],[-57.52219410099991,-21.863882426347175],[-57.52167394099996,-21.864004046347194],[-57.5216239909999,-21.864025018347146],[-57.52107451999989,-21.864255724347053],[-57.52105352299998,-21.86426454034716],[-57.52105194299991,-21.864265551347156],[-57.518068645999904,-21.866175292347123],[-57.516040877999906,-21.867473356347016],[-57.509748800999944,-21.872200992347004],[-57.508683979999944,-21.87258751034691],[-57.501426524999886,-21.873755251346953],[-57.4951748289999,-21.87640815234686],[-57.49455528699997,-21.876590048346866],[-57.493921379999904,-21.87666794434686],[-57.493826190999926,-21.876663336346876],[-57.49321754799996,-21.87663387534688],[-57.493096953999896,-21.876604513346763],[-57.48987495299996,-21.875820012346885],[-57.48975145199996,-21.87578994234686],[-57.48428757699986,-21.873732636346855],[-57.48339999999995,-21.873199727346908],[-57.482883233999935,-21.87268751834685],[-57.48245798299991,-21.872056871346988],[-57.481271781999915,-21.86879452034697],[-57.480949271999975,-21.868171645347065],[-57.480941887999954,-21.868157385347],[-57.478503123999985,-21.865044385347097],[-57.47840132399988,-21.864914442347164],[-57.47502450699995,-21.859306744347233],[-57.47226467899992,-21.85592891634733],[-57.47141752899989,-21.855294232347234],[-57.47124396699984,-21.855213762347358],[-57.470510346999895,-21.854944300347356],[-57.47044010399986,-21.854925291347392],[-57.4689369059999,-21.854669278347323],[-57.46493341799987,-21.854517421347396],[-57.46489147199998,-21.854506584347344],[-57.464193209999905,-21.854326191347354],[-57.46344752799995,-21.853978181347394],[-57.46153146399996,-21.852730518347453],[-57.460938599999906,-21.852139658347422],[-57.46044169499992,-21.851277458347415],[-57.460214630999985,-21.850287910347493],[-57.4602729039999,-21.84920574034749],[-57.46050881199988,-21.848295593347515],[-57.4608376999999,-21.847677564347563],[-57.46135104999996,-21.847082925347493],[-57.46194509999998,-21.846621552347592],[-57.465490415999966,-21.84435806234759],[-57.46639954899995,-21.84377762934755],[-57.46646711099993,-21.84374519034761],[-57.47132759699991,-21.841411484347674],[-57.47162460099991,-21.841268881347705],[-57.47452772399993,-21.840519761347643],[-57.4785184609999,-21.83948999434775],[-57.47868234099997,-21.839447706347773],[-57.47946155899996,-21.839314889347715],[-57.485765581999935,-21.838903755347737],[-57.497810776999934,-21.83883948934774],[-57.49825796199991,-21.838798665347753],[-57.498410726999914,-21.838760386347793],[-57.49912659499989,-21.8385596273477],[-57.4992168039999,-21.83851342134777],[-57.49979291399989,-21.838208711347818],[-57.50037612299991,-21.837731181347806],[-57.50085946499997,-21.83711570834778],[-57.50318595799996,-21.83172857134796],[-57.50472749899989,-21.826581667348005],[-57.504851430999906,-21.825944744348078],[-57.50481139599997,-21.82504526034804],[-57.50365581699993,-21.818770955348274],[-57.50290828099991,-21.81320586734838],[-57.502874685999984,-21.8125221853484],[-57.502947805999895,-21.81191782434841],[-57.50456278799994,-21.805858958348463],[-57.50477587299997,-21.805289969348543],[-57.50528153199997,-21.804472195348584],[-57.5081747989999,-21.801015068348615],[-57.50861962699998,-21.800061207348673],[-57.50874749399998,-21.799154007348598],[-57.50829098199995,-21.79404496234885],[-57.508176868999904,-21.79343793234885],[-57.504232368999965,-21.784099945349034],[-57.503965201999954,-21.783240673349045],[-57.503896106999946,-21.78289363434909],[-57.50372380199997,-21.782028208349086],[-57.50221749499996,-21.774462585349212],[-57.50057984299991,-21.763808128349584],[-57.500550345999955,-21.762929547349543],[-57.50068820399997,-21.762187500349555],[-57.50084724899989,-21.76185950634953],[-57.50113583799998,-21.76126436234961],[-57.50534620099989,-21.75547421434974],[-57.50536719999997,-21.75544533634977],[-57.509075846999956,-21.75136676034971],[-57.509144507999956,-21.751303616349805],[-57.50921976199987,-21.751234409349788],[-57.50956105699987,-21.75092053934984],[-57.521529087999966,-21.74386518135006],[-57.52206658999995,-21.74362004935003],[-57.52822043099991,-21.74081354535012],[-57.529011075999954,-21.740632796350088],[-57.52901657399997,-21.74063153935008],[-57.529866694999896,-21.74061420935008],[-57.53410545599996,-21.741319044350092],[-57.5348843299999,-21.741534602350065],[-57.537107851999956,-21.74255674835006],[-57.53891810799991,-21.743328417350064],[-57.539405496999905,-21.74361071835003],[-57.540239963999916,-21.744246752349984],[-57.542570659999974,-21.746693531349955],[-57.54294869299998,-21.747010156349866],[-57.54369779999997,-21.747440080349968],[-57.54445189899991,-21.74768137634987],[-57.54786312799997,-21.74816989534995],[-57.5489370169999,-21.748138924349952],[-57.54984545599996,-21.74787484134981],[-57.553753654999916,-21.74608816234998],[-57.55434017599998,-21.745935999349996],[-57.55500582599995,-21.745874750350016],[-57.5556815139999,-21.745918371349983],[-57.5585377939999,-21.74640068434998],[-57.55920866499992,-21.746632676349996],[-57.559825518999965,-21.746975945349977],[-57.560447611999905,-21.747519315349955],[-57.5624808199999,-21.750085674349787],[-57.56408509299995,-21.751604548349754],[-57.56601519099997,-21.753431905349746],[-57.57169554299992,-21.761581046349587],[-57.57471846099986,-21.76421928134949],[-57.57749874299986,-21.765944100349436],[-57.578458036999905,-21.76630283134943],[-57.579359525999905,-21.766406634349497],[-57.5837577819999,-21.766241402349525],[-57.5845602359999,-21.766291818349437],[-57.586570449999954,-21.76671961234944],[-57.58720472599993,-21.766933437349508],[-57.58790322299989,-21.76732935134945],[-57.58859590999992,-21.767976362349394],[-57.58895905799988,-21.768512808349453],[-57.59119247599994,-21.772587356349355],[-57.591431143999955,-21.77313072334926],[-57.59158961699984,-21.773869287349324],[-57.591888096999924,-21.777873466349163],[-57.593580893999835,-21.783647208349112],[-57.59424439599985,-21.787021390348933],[-57.59461392599996,-21.788020873349016],[-57.59489864999989,-21.788456433348966],[-57.59513266099998,-21.78868248534893],[-57.59558065099992,-21.78911523934894],[-57.59563678399996,-21.78916946334888],[-57.59568320899996,-21.78919561434893],[-57.59652563999992,-21.789670145348925],[-57.60049350499998,-21.791369946348915],[-57.600871316999985,-21.79148680034891],[-57.601189102999975,-21.791585089348896],[-57.602049321999914,-21.79169815734892],[-57.6097609599999,-21.79191244134878],[-57.61435905599995,-21.793050015348786],[-57.618413908999905,-21.794174825348833],[-57.618757187999904,-21.794314336348766],[-57.6237768769999,-21.797167543348685],[-57.624351338999936,-21.79742308234875],[-57.62451531999989,-21.797462940348677],[-57.626771187999964,-21.798011260348673],[-57.631604560999904,-21.799086137348656],[-57.63219835799993,-21.79915493534868],[-57.632851973999834,-21.7991282833487],[-57.639545271999964,-21.79763183434874],[-57.640576369999906,-21.797205881348756],[-57.641434886999896,-21.79650272534868],[-57.64462850399996,-21.792761243348817],[-57.644737610999925,-21.792671766348867],[-57.64850935499994,-21.789578616348894],[-57.64862153499996,-21.789486618348942],[-57.6493442119999,-21.78902971834887],[-57.65513451099992,-21.786119736349054],[-57.655670377999904,-21.785769282348998],[-57.65623543099996,-21.78521797334908],[-57.65671506999996,-21.784448291349086],[-57.65963493499993,-21.777907127349184],[-57.66101437799994,-21.769560579349427],[-57.66103134499991,-21.768950131349403],[-57.66031697499991,-21.758071047349606],[-57.66083941599993,-21.75286186934975],[-57.66061668299989,-21.75181593334981],[-57.66016439099996,-21.751004301349866],[-57.659370871999954,-21.750231016349893],[-57.655483465999914,-21.747702513349957],[-57.65475512299997,-21.747367548349928],[-57.65396865699989,-21.7471870243499],[-57.63044344399992,-21.74699141234982],[-57.62935744099997,-21.746842911349994],[-57.62848834399989,-21.746489034349928],[-57.62768329699992,-21.74589034834995],[-57.62497514499995,-21.743115694350063],[-57.624647956999866,-21.742618068349998],[-57.62439907499999,-21.742029625350092],[-57.62434987899996,-21.741712505350073],[-57.624333955999994,-21.7416098663501],[-57.62424908099991,-21.741062756350043],[-57.6242574879999,-21.740957392350108],[-57.62428840999996,-21.74056988235013],[-57.62453859699997,-21.737434563350124],[-57.624592406999966,-21.737198126350126],[-57.62531677699997,-21.73401534335021],[-57.62579965199995,-21.731893650350308],[-57.62585853999992,-21.731728832350353],[-57.625964229999965,-21.731433021350302],[-57.62608148899989,-21.73110482535024],[-57.62646470699992,-21.73047280435037],[-57.62943585299996,-21.727354607350346],[-57.629859574999955,-21.7267021363504],[-57.630122111999924,-21.725979439350386],[-57.63020645399996,-21.725393646350444],[-57.630565597999926,-21.717931427350624],[-57.62871828699992,-21.709934238350836],[-57.6274879849999,-21.707335411350915],[-57.62642887199997,-21.70511533735093],[-57.62405461199989,-21.699823397350993],[-57.62377083999996,-21.698804705351126],[-57.62374685599991,-21.698161795351133],[-57.62412772199997,-21.690835046351186],[-57.62426432999991,-21.69023446035123],[-57.625700954999964,-21.685879000351402],[-57.625827697999966,-21.685472838351366],[-57.62611849099994,-21.683602479351446],[-57.62629522799989,-21.68241708635146],[-57.62630316599996,-21.681825624351493],[-57.625853412999966,-21.676975912351594],[-57.62555807899991,-21.676189077351633],[-57.623165541999875,-21.672029051351707],[-57.622592936999915,-21.671269401351758],[-57.61950101999998,-21.66730738235184],[-57.61910114299991,-21.666664907351905],[-57.61881574999996,-21.6658269263519],[-57.61848469199999,-21.663263298351946],[-57.61833576499992,-21.6621529723519],[-57.61793029499996,-21.661178368352026],[-57.61618652899989,-21.65906302435202],[-57.6154985569999,-21.658300239352087],[-57.6152180169999,-21.65805993635209],[-57.614520047999974,-21.65766401835214],[-57.60966772699992,-21.656291778352134],[-57.6094001529999,-21.656244924352073],[-57.60907482599998,-21.656209845352087],[-57.6053745769999,-21.65588059935211],[-57.6051794619999,-21.655863238352108],[-57.60430266299995,-21.655996828352073],[-57.598818879999904,-21.657572246352103],[-57.59806651499991,-21.65794325835212],[-57.59531675899996,-21.65979567335203],[-57.59464044099992,-21.660100579351973],[-57.5940091029999,-21.660258720352008],[-57.58830333699989,-21.66039037135196],[-57.58792531399996,-21.66035396135196],[-57.58144835499991,-21.659730124352052],[-57.58070326599989,-21.65983125935207],[-57.57518084699984,-21.66120773135198],[-57.5743807689999,-21.661235494351967],[-57.57158624599998,-21.661006752352055],[-57.5705884759999,-21.660720466351986],[-57.569710916999945,-21.660185988352037],[-57.569108516999954,-21.659558105352055],[-57.56900214399991,-21.659389819352043],[-57.56883595799997,-21.65912690635208],[-57.56754628199991,-21.65708657735206],[-57.56716209299992,-21.656621810352146],[-57.56331372199992,-21.653630060352135],[-57.56270140199996,-21.653248606352214],[-57.555808938999974,-21.65061099835218],[-57.550105834999904,-21.649510208352254],[-57.54983501199995,-21.64945824635221],[-57.5498322229999,-21.64945739735232],[-57.544649110999956,-21.64787940035227],[-57.54452229299995,-21.647840790352337],[-57.54372952299991,-21.647481812352343],[-57.54043951499983,-21.64550559535239],[-57.54018940199989,-21.64535987635242],[-57.539798004999966,-21.6451988733524],[-57.53930727799986,-21.64503754035241],[-57.538485986999945,-21.644930059352372],[-57.53483325499996,-21.645239204352375],[-57.53430843399996,-21.645283622352398],[-57.53416910199996,-21.645306283352394],[-57.53403507899998,-21.64532808035227],[-57.533601289999986,-21.645398631352403],[-57.52820479999996,-21.64696135835227],[-57.52719035399996,-21.647480709352354],[-57.52227362899993,-21.651589764352206],[-57.52174985899995,-21.65211640335224],[-57.51718265799997,-21.659161987352043],[-57.51715589499997,-21.65920278735207],[-57.51588709499998,-21.660770741351957],[-57.51424598199997,-21.662798790351967],[-57.514002494999836,-21.663161816351955],[-57.5136557529999,-21.663903866351866],[-57.51180362699989,-21.670225795351737],[-57.5099586849999,-21.674598154351695],[-57.5095509219999,-21.675215385351663],[-57.50606818799997,-21.679436993351523],[-57.50555505699998,-21.680058987351526],[-57.50541521399993,-21.68022849935154],[-57.50147486599997,-21.686252944351438],[-57.5010811229999,-21.68705269635139],[-57.501023397999916,-21.687338855351367],[-57.500915703999965,-21.687872709351375],[-57.50089136599991,-21.68799335235138],[-57.50089083799997,-21.688045698351278],[-57.500867435999965,-21.690359691351308],[-57.50083583499992,-21.693484672351214],[-57.500842731999974,-21.693552757351185],[-57.50095954499989,-21.694705671351137],[-57.50163240199993,-21.701346608351013],[-57.50163386199988,-21.70172950835099],[-57.501028998999914,-21.7067565513509],[-57.50064940299996,-21.70974778735085],[-57.50064841999989,-21.709752415350795],[-57.499376819999846,-21.713549690350764],[-57.49843451699985,-21.716239655350705],[-57.49828439799995,-21.716540494350667],[-57.49463799899996,-21.72234134635053],[-57.49157422999997,-21.7284568623504],[-57.49155384099992,-21.72851649635038],[-57.48950254799997,-21.734515928350238],[-57.48820414799991,-21.738313364350162],[-57.48280300099993,-21.74744956034988],[-57.482238095999946,-21.7480008713499],[-57.48179037799992,-21.748275490349876],[-57.47570369199992,-21.7506346763498],[-57.47460095999997,-21.750745044349895],[-57.46636717599995,-21.7502481203499],[-57.466179410999935,-21.750236788349856],[-57.4640771459999,-21.749872029349877],[-57.45948281799991,-21.749074877349827],[-57.45861631999998,-21.74892453334992],[-57.4527706629999,-21.746908566349887],[-57.451824726999966,-21.746418057349977],[-57.44953761299985,-21.744716034350017],[-57.4487354339999,-21.74391547635005],[-57.44841411099997,-21.743385528350046],[-57.44819981599988,-21.74283072535002],[-57.44808850699985,-21.74225014235004],[-57.44808307399996,-21.741627845349985],[-57.448501656999845,-21.739843617350132],[-57.45062094899992,-21.733465758350217],[-57.45067792699996,-21.732857092350233],[-57.45065449699995,-21.729687249350224],[-57.45043256399998,-21.728656853350333],[-57.44828368599991,-21.724287491350513],[-57.445185206999895,-21.720796270350558],[-57.4447273209999,-21.720144437350616],[-57.4429000859999,-21.715540563350675],[-57.442538835999926,-21.714856083350732],[-57.442004502999964,-21.714239484350614],[-57.43809306199989,-21.710867730350763],[-57.438056193999955,-21.710824128350808],[-57.43799866599988,-21.710756093350792],[-57.43465300499991,-21.706799417350908],[-57.43456796799989,-21.70664977635084],[-57.434233030999906,-21.70606037435086],[-57.43411167399989,-21.705846820350942],[-57.43407718199989,-21.70568583835094],[-57.43393581499993,-21.70502603935084],[-57.433909161999914,-21.704901649350962],[-57.433944072999964,-21.704198819350957],[-57.43412119599998,-21.703522444350913],[-57.43635156399995,-21.69900158335112],[-57.43654929999996,-21.698688532351092],[-57.43658497999991,-21.698632046351037],[-57.43670450499991,-21.698442815351118],[-57.440584721999976,-21.693253160351258],[-57.4412814989999,-21.69263101235122],[-57.45075858099988,-21.68609892235138],[-57.46481089699995,-21.670604892351683],[-57.465270370999974,-21.66962875735168],[-57.46538386099991,-21.669027041351804],[-57.46538656899998,-21.668446690351754],[-57.46510360199994,-21.66524285935188],[-57.464445426999994,-21.661525666351974],[-57.464313391999895,-21.66115547635201],[-57.464067497999906,-21.660564426351957],[-57.463795798999975,-21.66018372835201],[-57.46338489399989,-21.659705149352025],[-57.46306484499991,-21.659460234352025],[-57.46243564699989,-21.659067240351938],[-57.46223492499996,-21.65897932335203],[-57.45681497599998,-21.657313448352106],[-57.44774804499991,-21.656964696352027],[-57.436711579999894,-21.654476330352175],[-57.43573368899991,-21.65451624335219],[-57.43144975099983,-21.65533266435203],[-57.430273038999985,-21.655287681352142],[-57.42961045199996,-21.655101625352177],[-57.42899754899997,-21.654811250352164],[-57.426554059999944,-21.65290189735223],[-57.42570637899997,-21.65244438535223],[-57.418413634999915,-21.650596187352267],[-57.41769401799996,-21.650493120352262],[-57.41523153099997,-21.6505115623522],[-57.412969569999866,-21.650528503352284],[-57.41283557999998,-21.650541986352252],[-57.412718193999915,-21.650553798352213],[-57.41223384399989,-21.65060253735219],[-57.41145016999991,-21.650814265352185],[-57.4071971869999,-21.652467630352195],[-57.406528054999974,-21.65278963435218],[-57.40636000199993,-21.652906345352143],[-57.4060205909999,-21.653142060352177],[-57.406006861999906,-21.65315159535217],[-57.40599817599992,-21.653159757352153],[-57.402007972999904,-21.656909192352032],[-57.401957628999924,-21.656942203352116],[-57.40184302199992,-21.657050708352116],[-57.40125404499997,-21.657429569352125],[-57.40061628499996,-21.657689968352077],[-57.3998419109999,-21.657846318352007],[-57.39909556499998,-21.65785202635206],[-57.39835806599991,-21.657716840352055],[-57.39764070799993,-21.657436917352072],[-57.39711888799986,-21.657114800352076],[-57.39664611399991,-21.656696298352028],[-57.396258265999954,-21.65620741135208],[-57.395957915999986,-21.65564576435217],[-57.39579642899985,-21.655157667352103],[-57.39570647999988,-21.65458381735215],[-57.39569409599983,-21.652981185352232],[-57.395774198999966,-21.65236022635219],[-57.39596192599987,-21.651770173352208],[-57.39626273799991,-21.651209850352224],[-57.39987128499997,-21.64666982335231],[-57.40071486199991,-21.645341193352348],[-57.402874851999975,-21.641882734352475],[-57.40502085799989,-21.636230101352602],[-57.40516890799994,-21.635515317352557],[-57.40515108199992,-21.634752296352676],[-57.40495704299992,-21.634010972352637],[-57.404631126999966,-21.63337906235266],[-57.40314747899993,-21.631250809352764],[-57.40241685299997,-21.630555509352646],[-57.402400996999916,-21.630546007352745],[-57.40179785299984,-21.630203814352754],[-57.40149841399995,-21.630088741352736],[-57.4011192179999,-21.62996839235277],[-57.400740777999935,-21.629891458352766],[-57.398051106999894,-21.629607127352788],[-57.396985387999905,-21.629494468352714],[-57.396275357999976,-21.62934698535279],[-57.395587034999956,-21.62906588635279],[-57.39544367099989,-21.629007339352754],[-57.393942189999905,-21.62808219135276],[-57.39336871399991,-21.627552889352813],[-57.39294474999998,-21.62695252935285],[-57.39266126599989,-21.6262817293528],[-57.392527134999966,-21.625546946352895],[-57.39254298699996,-21.624943751352898],[-57.392676256999884,-21.624343080352826],[-57.39300595799989,-21.62359833835279],[-57.393350208999955,-21.623082289352922],[-57.393858836999925,-21.622551952352957],[-57.39611942399995,-21.620691775352977],[-57.39669561499983,-21.620338130353016],[-57.397207394999896,-21.620127570352935],[-57.397516357999955,-21.620061040352972],[-57.39780265399992,-21.619999391352998],[-57.39802384599995,-21.61995176135296],[-57.3982087209999,-21.619949404352933],[-57.39843629399997,-21.619946502352978],[-57.399064299999964,-21.619984990352958],[-57.402630883999905,-21.620814427352983],[-57.40453512799991,-21.621261935352898],[-57.40455727099998,-21.621262423352853],[-57.4089706009999,-21.621359775352975],[-57.415523786999984,-21.62037977335294],[-57.41736696099991,-21.61998435835299],[-57.42006430599997,-21.619398872352978],[-57.42065661299995,-21.619207570352952],[-57.42090950299991,-21.619112045352946],[-57.42102124999991,-21.619050570353018],[-57.42148396199991,-21.61877492335305],[-57.4219657089999,-21.618362130353],[-57.422448318999955,-21.61774664235308],[-57.4248190479999,-21.613513015353107],[-57.425117922999966,-21.612796174353143],[-57.425242060999835,-21.6120418493532],[-57.425171036999984,-21.611193261353215],[-57.424934364999956,-21.610404839353215],[-57.42368210899992,-21.60623320035333],[-57.423632167999926,-21.60554900035321],[-57.42363132599997,-21.6055374723533],[-57.423633389999964,-21.605522810353353],[-57.423710146999895,-21.60497769235337],[-57.423734200999945,-21.604806861353392],[-57.423773167999975,-21.604711889353336],[-57.42393777599983,-21.60431068335335],[-57.42407627899991,-21.603973107353298],[-57.426141806999844,-21.60067178835344],[-57.42677510199985,-21.599659594353465],[-57.42683443099997,-21.59956477135338],[-57.427255255999974,-21.599123360353435],[-57.4278899069999,-21.598661769353537],[-57.432168752999985,-21.596262604353438],[-57.43757855799988,-21.593449515353644],[-57.43775574999995,-21.59331690835358],[-57.44022236799992,-21.591093263353667],[-57.440815650999916,-21.590558420353663],[-57.441481863999975,-21.590076600353672],[-57.4423292429999,-21.589710651353723],[-57.44328089699996,-21.589553820353704],[-57.4450256209999,-21.589568719353707],[-57.44866945599995,-21.589604617353725],[-57.4497413389999,-21.589851941353647],[-57.45058865599992,-21.590309455353704],[-57.451367023999865,-21.59106630035357],[-57.45343345999987,-21.593975435353602],[-57.455529709999944,-21.598389564353496],[-57.45557004099999,-21.598533407353475],[-57.45573985099992,-21.599249656353514],[-57.45574721999992,-21.599597604353406],[-57.45573779399991,-21.600002026353483],[-57.455612892999916,-21.60061176935346],[-57.45449120399991,-21.603766788353393],[-57.45434561599995,-21.604336005353407],[-57.45409048199998,-21.60968385635318],[-57.454032599999884,-21.60999236935321],[-57.453319547999975,-21.613579340353063],[-57.453261961999885,-21.613759364353157],[-57.453046439999945,-21.614332453353132],[-57.452945012999976,-21.61452651335309],[-57.45125223599996,-21.617547592352977],[-57.450992787999894,-21.618393103352926],[-57.450882430999904,-21.6217270493529],[-57.45089698099997,-21.621903306352905],[-57.45122360099998,-21.625859964352806],[-57.45138964199998,-21.626525390352864],[-57.451416237999915,-21.62663197635282],[-57.45161493399996,-21.627060557352742],[-57.45188339699995,-21.62747679435282],[-57.45254863099985,-21.62815141135281],[-57.45308460999996,-21.628508512352767],[-57.456704265999974,-21.630499497352623],[-57.457293484999916,-21.63102694335265],[-57.45842485399992,-21.632310061352626],[-57.45931081699997,-21.63331485735261],[-57.45931090799991,-21.633314960352603],[-57.459311416999924,-21.633315249352677],[-57.460299257999964,-21.63387592335265],[-57.4603297889999,-21.633893252352593],[-57.460538834999966,-21.633951962352665],[-57.461144539999914,-21.634122071352678],[-57.46287526599991,-21.63416806735265],[-57.46343326699992,-21.634177728352583],[-57.464226156999985,-21.633996321352683],[-57.46481841999997,-21.63373809735264],[-57.465571113999886,-21.633203041352605],[-57.4687068579999,-21.630157701352772],[-57.46908166499992,-21.629657195352674],[-57.46938281599995,-21.62913014335276],[-57.4713937749999,-21.62369428135293],[-57.471447605999906,-21.623588103352926],[-57.471467893999886,-21.62353192235288],[-57.474264359999886,-21.618021577353005],[-57.47429024399992,-21.61798124435305],[-57.474407452999856,-21.617798594353054],[-57.474697274999926,-21.617346963353093],[-57.47530347999992,-21.616742628353002],[-57.479000865999865,-21.614030295353082],[-57.479873135999924,-21.613622067353063],[-57.47994945899989,-21.613607466353088],[-57.48033929099996,-21.613532888353138],[-57.48082976499984,-21.61343905735319],[-57.480910889999905,-21.613438643353067],[-57.48101728199999,-21.613438100353132],[-57.48157481399995,-21.613483711353155],[-57.48212240799996,-21.61358465235317],[-57.48264281499991,-21.613773889353087],[-57.48311089999992,-21.61398825835306],[-57.4835764319999,-21.614322281353054],[-57.48400824099991,-21.614755262353118],[-57.48414127899991,-21.61491738035311],[-57.48447578599997,-21.615455914353078],[-57.48453797499997,-21.615556035353073],[-57.4858362299999,-21.618460021353044],[-57.486169224999905,-21.61894327035305],[-57.486610664999944,-21.61939375335299],[-57.48741227099993,-21.61991861135298],[-57.48833184299991,-21.620231581353003],[-57.489306711999916,-21.62031133535297],[-57.49027043499991,-21.620152434352946],[-57.490874123999845,-21.61991861135298],[-57.49142521799996,-21.619590315353015],[-57.4929624919999,-21.61828520935304],[-57.49690101899989,-21.61435671735306],[-57.49705311699994,-21.61416973835316],[-57.500840791999906,-21.608478594353215],[-57.50144948399992,-21.607811359353303],[-57.501941118999916,-21.60745659535325],[-57.5025757059999,-21.607133238353246],[-57.50623441899995,-21.605645500353365],[-57.50711592599998,-21.605447242353293],[-57.50787151599996,-21.605427194353343],[-57.512119832999936,-21.60570405735335],[-57.513104350999924,-21.60587155935335],[-57.51348446499986,-21.60604337935335],[-57.513931296999885,-21.606245357353345],[-57.514287087999946,-21.606457316353296],[-57.51593800599994,-21.60789591535318],[-57.51598873899997,-21.60792614035328],[-57.516763267999984,-21.60838757835328],[-57.521091186999975,-21.609544030353177],[-57.52175092599993,-21.60965424735321],[-57.52256687799996,-21.60963759735318],[-57.5233596349999,-21.609456191353274],[-57.528161378999926,-21.607549863353295],[-57.52914667199991,-21.60730272235332],[-57.53469559299993,-21.607189601353298],[-57.53586086999997,-21.607371859353176],[-57.536700606999894,-21.607748632353246],[-57.54044038799998,-21.610498664353234],[-57.546230844999904,-21.613857911353147],[-57.546886880999914,-21.614511905353137],[-57.549545617999904,-21.61822740035304],[-57.54956596799991,-21.618249254352996],[-57.54969643199996,-21.618389367353036],[-57.55006521499991,-21.618695135352958],[-57.55090819199996,-21.619155990352965],[-57.551878749999965,-21.619401782352945],[-57.5598819239999,-21.619528008353015],[-57.56603010699996,-21.619988154352978],[-57.56617791499991,-21.619995954352966],[-57.5662323059999,-21.62000001835296],[-57.57429936299991,-21.620428671352986],[-57.5746408139999,-21.620446814352963],[-57.584737013999934,-21.621746655352915],[-57.592667261999914,-21.62096436435298],[-57.60040911699991,-21.620823254352914],[-57.607719563999915,-21.61927218835296],[-57.60821966799995,-21.61912021735304],[-57.608541803999856,-21.61899668035301],[-57.60901287299993,-21.61874732035301],[-57.60931384799988,-21.61854095735305],[-57.609577017999975,-21.618310931352955],[-57.609925698999966,-21.617942184352923],[-57.610209765999905,-21.61752018535309],[-57.61272810399993,-21.613610135353063],[-57.61324049899997,-21.612980639353147],[-57.61372655199995,-21.612553518353124],[-57.61871273399992,-21.60884417735328],[-57.61965871999996,-21.60847512435319],[-57.62356864299988,-21.607770890353315],[-57.62432600099987,-21.60773140535325],[-57.62774596999986,-21.607887974353318],[-57.62848912699996,-21.60783578335326],[-57.62956901499991,-21.607492976353228],[-57.630370552999864,-21.606968116353247],[-57.630836580999976,-21.606487281353292],[-57.63481926699989,-21.60145219135344],[-57.636024730999964,-21.598683949353507],[-57.63697680099989,-21.596316012353586],[-57.63698271699991,-21.596295362353576],[-57.63701392999991,-21.596041564353516],[-57.63705074399996,-21.595647937353586],[-57.63690122599985,-21.59466784735357],[-57.63533591699991,-21.59038132235368],[-57.63478759099984,-21.58964497235367],[-57.63332975499991,-21.58842163435378],[-57.632892424999966,-21.587951493353795],[-57.632539445999896,-21.58740406635379],[-57.632492991999975,-21.58728956835371],[-57.63229214399996,-21.586794532353725],[-57.632223525999954,-21.586472221353784],[-57.63216509299991,-21.586197748353747],[-57.6317127669999,-21.58205619235392],[-57.63171227099985,-21.58203101135386],[-57.631708821999844,-21.581856332353926],[-57.63161714699999,-21.577212640354027],[-57.63139721399988,-21.576213639353966],[-57.631121132999965,-21.575659888354],[-57.62477743199992,-21.565455059354218],[-57.62452929299991,-21.56479624435434],[-57.62330268099993,-21.55997127035436],[-57.6232081199999,-21.559599309354454],[-57.62317632099997,-21.55947422335432],[-57.62279218799989,-21.554223766354504],[-57.622679648999906,-21.552685526354534],[-57.622663878999894,-21.55246998335463],[-57.62272409099995,-21.549778518354703],[-57.62283416099991,-21.549033538354625],[-57.62309134199995,-21.548349413354675],[-57.623516545999955,-21.547711266354675],[-57.62407433599992,-21.54716617335477],[-57.62651577099995,-21.545275837354733],[-57.62693556299997,-21.544807775354766],[-57.62702921099998,-21.544656019354722],[-57.62728306899993,-21.54421639035477],[-57.627483232999964,-21.543622414354846],[-57.62790033899995,-21.54124081235476],[-57.62811940399997,-21.53986263435487],[-57.628127983999946,-21.53918430535491],[-57.6280675349999,-21.538847175354928],[-57.62801476099997,-21.538567190354968],[-57.62700929199991,-21.536002094354952],[-57.626624479999975,-21.535349926354996],[-57.6261536049999,-21.534834980355047],[-57.62277200099999,-21.531848390355087],[-57.62190450099995,-21.53142587335515],[-57.61911172099991,-21.530635837355145],[-57.614565832999915,-21.529992492355156],[-57.61361772499999,-21.529723387355197],[-57.61309735099991,-21.529464836355192],[-57.612617294999886,-21.529120170355096],[-57.612202269999955,-21.528705547355184],[-57.61184178499997,-21.528198926355195],[-57.61098247799992,-21.52646265935523],[-57.61079641699996,-21.525610634355267],[-57.61075758199996,-21.520945829355387],[-57.61076807399985,-21.520733391355332],[-57.61078616299995,-21.520367167355328],[-57.61115787499994,-21.512841632355556],[-57.61076165999993,-21.509302670355652],[-57.61050346699989,-21.50847783535561],[-57.610381208999904,-21.5082401423557],[-57.610209684999916,-21.50793474535567],[-57.610019913999956,-21.50766508035572],[-57.608148184999884,-21.50526945335572],[-57.603701483999934,-21.501633848355805],[-57.59979078099991,-21.499226716355828],[-57.598717130999894,-21.498565858355906],[-57.59452581199997,-21.49628583535594],[-57.59364059899997,-21.49597765535594],[-57.59267461699989,-21.495871158355833],[-57.58545244699991,-21.495886752355897],[-57.58452763099996,-21.496016047355912],[-57.5800354679999,-21.497328810355867],[-57.579278936999906,-21.497732460355866],[-57.57653699599996,-21.499730754355795],[-57.57607008999998,-21.4999781303559],[-57.57595638599997,-21.50002561635576],[-57.57540505999992,-21.500255869355797],[-57.57437177799994,-21.500389435355903],[-57.57021094599992,-21.500138318355837],[-57.569738414999904,-21.50006720535591],[-57.569354371999964,-21.499942392355894],[-57.568916895999905,-21.499800213355776],[-57.56891449399996,-21.499799433355886],[-57.56890832299991,-21.49979558135581],[-57.56802688599998,-21.499245435355792],[-57.565914020999976,-21.497533444355916],[-57.56215087099997,-21.49448427335595],[-57.561995913999965,-21.494378926356024],[-57.56031404099997,-21.493591771356026],[-57.55859332799997,-21.49279844635603],[-57.55775591599996,-21.492594928355988],[-57.55694105699997,-21.492578288356047],[-57.556938262999886,-21.492578717356004],[-57.55615269599991,-21.492699358356017],[-57.555652104999986,-21.492881543355992],[-57.555427616999964,-21.49302085235606],[-57.55523788999989,-21.49313859035603],[-57.55303907399997,-21.494503099356027],[-57.55238848199997,-21.495073722355958],[-57.55197206099995,-21.495641273356014],[-57.55118613699994,-21.49736984335593],[-57.550852869999915,-21.49791279935586],[-57.55031516899999,-21.498486623355912],[-57.54965749899992,-21.498937927355936],[-57.5468747469999,-21.5000198203559],[-57.54629218999991,-21.50018826035588],[-57.5453695299999,-21.50026978435586],[-57.54398293599991,-21.500111326355825],[-57.543681320999895,-21.500062219355826],[-57.54353849199993,-21.500038965355916],[-57.542771051999914,-21.49975060435591],[-57.54210197599996,-21.49932225635585],[-57.54154782899997,-21.498768536355893],[-57.541428174999915,-21.49857936735594],[-57.54136448599996,-21.498478679355852],[-57.541134885999895,-21.49811569435594],[-57.54102007899991,-21.497787428355892],[-57.54097494999991,-21.49765839635588],[-57.54085323699997,-21.49731038835594],[-57.54050357399989,-21.495119769356027],[-57.54052920699996,-21.494399269356034],[-57.54095765399992,-21.492066825355938],[-57.540957637999895,-21.49145581635611],[-57.54084425599991,-21.490854094356063],[-57.539710713999916,-21.48838427035613],[-57.53946803399993,-21.48805990835611],[-57.53887595099997,-21.487390200356156],[-57.53816991999998,-21.486633137356133],[-57.53783985499995,-21.48638439435621],[-57.53745625799991,-21.486121348356185],[-57.536709858999984,-21.485813974356084],[-57.5342347479999,-21.485412084356234],[-57.533341433999965,-21.485409132356246],[-57.52685864299997,-21.48538770735625],[-57.526619902999926,-21.485421511356225],[-57.52655096399991,-21.48543127235624],[-57.52607434299989,-21.485498759356197],[-57.5253765939999,-21.485728777356226],[-57.523811234999975,-21.486527042356155],[-57.522204335999966,-21.487346490356224],[-57.52206742699991,-21.487416307356213],[-57.519682503999945,-21.48920160935614],[-57.51898578299995,-21.4900494193561],[-57.51874166599999,-21.490557320356142],[-57.51863689499993,-21.4909154103561],[-57.51861035999997,-21.491006104356025],[-57.51858983699986,-21.491076248355967],[-57.51856488899995,-21.49126985335608],[-57.5185217209999,-21.491604869356078],[-57.51851558599993,-21.49282242835599],[-57.51862908199991,-21.493744804355973],[-57.51878619299993,-21.49423510135597],[-57.51939775799991,-21.49556205635602],[-57.519410787999846,-21.49559033135598],[-57.51941905399992,-21.495603842356005],[-57.51981529199992,-21.496251538355978],[-57.51989329099991,-21.496379036355844],[-57.5199750619999,-21.49645547235593],[-57.52047233099984,-21.49692029635592],[-57.520720935999975,-21.497152679355874],[-57.525475763999914,-21.500003466355874],[-57.527817632999984,-21.50198293635575],[-57.5281084099999,-21.502230674355726],[-57.531128294999924,-21.50565533935577],[-57.53149176199997,-21.50622355835576],[-57.53170649199995,-21.506748718355688],[-57.532490780999915,-21.510926382355574],[-57.5325066169999,-21.511013261355558],[-57.5325063489999,-21.511090804355586],[-57.53247504899997,-21.51202425635559],[-57.53149234299991,-21.51611776435547],[-57.53144339799997,-21.516354137355478],[-57.5314204949999,-21.516464743355492],[-57.530081701999904,-21.52293026035532],[-57.529630202999954,-21.523880575355307],[-57.52900160499991,-21.52458155835529],[-57.52525196199996,-21.526916844355124],[-57.52433297599998,-21.527229818355178],[-57.52319563099991,-21.52729956935524],[-57.517264229999974,-21.526180396355187],[-57.516225232999886,-21.52592002035518],[-57.50859887099995,-21.524008830355296],[-57.50850674699995,-21.523972957355245],[-57.5051536659999,-21.522667271355242],[-57.50075408499993,-21.52095407935539],[-57.49996515799996,-21.52073823935539],[-57.499054386999894,-21.520701032355394],[-57.49878500699998,-21.52073613935537],[-57.49818818699998,-21.52084721835533],[-57.497584902999904,-21.521081034355326],[-57.49594750499995,-21.521984101355322],[-57.494888050999975,-21.52221655735536],[-57.49420729999986,-21.52221726635531],[-57.492518088999994,-21.522017781355256],[-57.49154379699991,-21.521744309355373],[-57.49094886499989,-21.521426935355315],[-57.490408531999954,-21.52100660335529],[-57.48931116699993,-21.519845854355363],[-57.488869370999964,-21.51919300035537],[-57.48877543099991,-21.518938254355433],[-57.4880247499999,-21.516902573355438],[-57.48668901499996,-21.513280362355587],[-57.486671900999966,-21.51320884035554],[-57.48581150399992,-21.509613363355662],[-57.4858079949999,-21.50960600335567],[-57.485719726999946,-21.509420878355648],[-57.48545993199997,-21.50890460335566],[-57.48504347399995,-21.508373117355674],[-57.48501516099993,-21.508337393355642],[-57.484964589999834,-21.508294267355648],[-57.48443021199994,-21.507855736355687],[-57.48421634799991,-21.50773314935566],[-57.48378513799992,-21.507504011355707],[-57.477029273999904,-21.504916455355747],[-57.476416600999926,-21.504615802355744],[-57.471262477999964,-21.501014539355758],[-57.47078842699988,-21.500568462355897],[-57.47039888899992,-21.50005082435589],[-57.470070809999925,-21.499343739355915],[-57.46991637499996,-21.49854590235595],[-57.46991683899989,-21.498450494355843],[-57.46993213699995,-21.495311970356028],[-57.46997107699997,-21.487323459356155],[-57.470002637999976,-21.487141927356152],[-57.4701537499999,-21.486272750356203],[-57.47100631799998,-21.481368907356355],[-57.47386069099991,-21.475101336356484],[-57.47418344999989,-21.474600910356468],[-57.47458405099991,-21.474157272356447],[-57.47869588299994,-21.470774582356622],[-57.47944359899998,-21.47039306235654],[-57.479890455999914,-21.470254886356603],[-57.48055646499995,-21.47017385735655],[-57.480756030999935,-21.470149577356615],[-57.48088556399995,-21.470133818356604],[-57.49252866899997,-21.4700101763566],[-57.501195581999866,-21.46833408535661],[-57.5017221039999,-21.46814869335661],[-57.50194457799995,-21.46805450235666],[-57.50246095999995,-21.467723659356643],[-57.50274658899985,-21.467520597356554],[-57.50572104499991,-21.46446309635669],[-57.50600734799992,-21.464091230356726],[-57.50637301399997,-21.46330886135677],[-57.50651545299985,-21.46262536335673],[-57.506795535999906,-21.45722395335687],[-57.506693172999974,-21.45619146135692],[-57.50611478399992,-21.454032125356996],[-57.504545471999904,-21.448382546357053],[-57.50453575999989,-21.44836069035713],[-57.50082767299988,-21.44206554635724],[-57.50081854999991,-21.44205553435727],[-57.49679937699983,-21.437838860357306],[-57.49628949699991,-21.437396397357347],[-57.4957011159999,-21.43704986035738],[-57.490054732999916,-21.434373974357488],[-57.48916482599997,-21.43372806435744],[-57.48901954999996,-21.43353473435745],[-57.488663022999965,-21.433060277357505],[-57.48852023399996,-21.432870254357443],[-57.48685580299991,-21.42912898435761],[-57.48675946199984,-21.42897154435754],[-57.48494590999996,-21.426560816357643],[-57.484716379999895,-21.426267000357576],[-57.48453211599991,-21.426102740357678],[-57.484282841999914,-21.425880530357688],[-57.48370045899986,-21.425524724357622],[-57.483056178999846,-21.42527485235758],[-57.482351894999915,-21.4251335903577],[-57.48151291999989,-21.425107113357633],[-57.480716109999946,-21.425238664357675],[-57.47666619199987,-21.426667315357655],[-57.4760795169999,-21.426943253357553],[-57.47531317099993,-21.427485840357583],[-57.46622737499991,-21.435674044357306],[-57.46170663699997,-21.439163423357357],[-57.46115221199983,-21.439461907357334],[-57.46047812399991,-21.43968563835727],[-57.45645860999997,-21.440488890357273],[-57.45564515099988,-21.440538808357335],[-57.45499810799993,-21.440459053357344],[-57.454375686999924,-21.44027531435732],[-57.4540168069999,-21.440100402357288],[-57.45373053599992,-21.439946411357194],[-57.45357437599989,-21.43986241035735],[-57.45346805799988,-21.439761186357313],[-57.45072396899996,-21.437148564357415],[-57.45055849199991,-21.436991014357318],[-57.446997943999925,-21.43384897635748],[-57.442888120999896,-21.43022253135757],[-57.442782697999974,-21.430129507357492],[-57.436803481999966,-21.425074573357687],[-57.43601108099994,-21.424551183357693],[-57.43523542399999,-21.42426315635763],[-57.42348820299992,-21.422117523357738],[-57.41368897799999,-21.42204320135769],[-57.41273110599991,-21.422151576357773],[-57.41268957699998,-21.42216022935778],[-57.40471704799995,-21.423821338357676],[-57.39762921299991,-21.42529811835754],[-57.39698118399991,-21.425512474357667],[-57.396808696999926,-21.425569529357688],[-57.39678504799985,-21.425577352357664],[-57.39095174599993,-21.428189642357598],[-57.39078627099991,-21.428279753357604],[-57.39074448999991,-21.428302505357617],[-57.38677400899984,-21.43046465335742],[-57.38629217899995,-21.430786068357566],[-57.38590255199994,-21.431131615357433],[-57.38534564099995,-21.43188220035751],[-57.38313422199996,-21.437077463357358],[-57.38293271199989,-21.438080797357237],[-57.3833324059999,-21.443800243357213],[-57.383453420999906,-21.444249431357207],[-57.38443656099997,-21.4478986593571],[-57.384921903999896,-21.44894837035714],[-57.38509056699991,-21.449139207357117],[-57.385504387999966,-21.449607436357027],[-57.38587457699992,-21.44989786135708],[-57.38846778299984,-21.45153829535706],[-57.38870347699998,-21.451611273357056],[-57.389353668999945,-21.451812592357033],[-57.38955693199989,-21.451875528356986],[-57.389666646999906,-21.451884432357005],[-57.38989256899987,-21.451902767356998],[-57.39025863799998,-21.451932476357054],[-57.41298929099997,-21.452012080356983],[-57.42331004899996,-21.453085435357032],[-57.423935338999904,-21.453202291357005],[-57.42513359599991,-21.453571656356935],[-57.4308128859999,-21.45532712335684],[-57.43791973499992,-21.458132573356806],[-57.43845440599995,-21.458483027356856],[-57.438915949999966,-21.458915070356884],[-57.4422315939999,-21.462912282356744],[-57.44251576699997,-21.463428681356675],[-57.44270148699991,-21.46396806335676],[-57.444151973999915,-21.4709992713566],[-57.444923374999966,-21.480628512356333],[-57.444919489999904,-21.481194452356323],[-57.44480614499997,-21.481796180356305],[-57.44460721299993,-21.48232049635629],[-57.441450290999846,-21.488525283356086],[-57.441388529999976,-21.4886466723561],[-57.44134727499994,-21.488727755356145],[-57.4393385809999,-21.494748477355966],[-57.438971117999984,-21.495849890355938],[-57.43894893899994,-21.495916363356006],[-57.43708384499997,-21.505329918355756],[-57.43671860999996,-21.51163008735559],[-57.43681880599996,-21.51253731635558],[-57.43706116399994,-21.51319368135545],[-57.43740619099998,-21.513760030355495],[-57.439908970999966,-21.516483396355426],[-57.44053502999998,-21.51692900235549],[-57.44739440399996,-21.520874376355355],[-57.454271383999924,-21.526568921355203],[-57.454754047999984,-21.52709446335523],[-57.45508056699999,-21.52762360335512],[-57.457724644999935,-21.535244255354968],[-57.45776782899993,-21.536153041355025],[-57.45738673899995,-21.54030326635491],[-57.45729273999991,-21.541326955354844],[-57.45728610999987,-21.541399175354904],[-57.45732566199996,-21.541737136354854],[-57.45735622999991,-21.541998321354786],[-57.45736599199989,-21.542081735354863],[-57.457607443999905,-21.542798239354816],[-57.458007477999956,-21.543444570354772],[-57.45859617499992,-21.54403223535483],[-57.45872252099997,-21.544105418354814],[-57.45873250799991,-21.544114824354814],[-57.463115675999916,-21.546654951354782],[-57.46372713699998,-21.54712571735476],[-57.46393637999989,-21.54733933835474],[-57.464246119999935,-21.547741971354704],[-57.46440394799993,-21.547973730354727],[-57.46477039599989,-21.54898358335467],[-57.4648273339999,-21.549592261354647],[-57.464808571999924,-21.552915351354613],[-57.46468097399987,-21.553803924354593],[-57.46442264499991,-21.554446286354523],[-57.46155485699983,-21.55979723035438],[-57.45868643499989,-21.56277184335429],[-57.45867677999991,-21.562781725354327],[-57.4578706189999,-21.563367365354367],[-57.45719759499991,-21.563652206354295],[-57.45044658899991,-21.565777408354304],[-57.44393583699998,-21.56669711935428],[-57.44289812199992,-21.566568848354237],[-57.43873614899991,-21.56519250435433],[-57.43866253899996,-21.565185072354257],[-57.43862607699992,-21.565172705354296],[-57.437511672999904,-21.565045879354322],[-57.436897887999855,-21.565102426354244],[-57.4328599939999,-21.565821621354157],[-57.43218423999991,-21.566059024354242],[-57.431464819999924,-21.566469890354202],[-57.4234266379999,-21.57244047035406],[-57.42271268699989,-21.573149886354052],[-57.42221090899994,-21.57404068635413],[-57.42043006799986,-21.57861247835399],[-57.418825510999966,-21.58317080335383],[-57.41879193399995,-21.58323405235382],[-57.41842775199989,-21.583854952353867],[-57.41822906099992,-21.584076431353857],[-57.41799588599997,-21.58433212135387],[-57.414047877999906,-21.587337725353695],[-57.410836687999954,-21.590840881353696],[-57.41024219499997,-21.591324828353645],[-57.409374348999904,-21.591747358353672],[-57.40499356099991,-21.59320204735365],[-57.40484766299994,-21.59324853135359],[-57.404501529999884,-21.593326385353624],[-57.40355218499997,-21.59343882335354],[-57.403523517999986,-21.593439994353552],[-57.40267769999998,-21.593317590353642],[-57.40257686399992,-21.59330299735359],[-57.4025660889999,-21.593299427353653],[-57.400722387999856,-21.592688433353548],[-57.398839761999966,-21.592064540353615],[-57.39809245099991,-21.591649062353646],[-57.39799100199997,-21.59155690135365],[-57.39793874799983,-21.591509432353554],[-57.39748673599992,-21.591098802353706],[-57.39735290899995,-21.590911476353657],[-57.397288362999916,-21.590821125353724],[-57.397097181999925,-21.59055351735373],[-57.3968169719999,-21.58995699335373],[-57.395066352999955,-21.583808042353887],[-57.393911017999976,-21.580655559353957],[-57.39379449399997,-21.580117855353894],[-57.393763579999984,-21.579522088353933],[-57.393937932999904,-21.57755409435404],[-57.39412688099991,-21.57542138535406],[-57.3941501089999,-21.575159188354093],[-57.394226123999935,-21.57496971335403],[-57.39437458599997,-21.574599658354074],[-57.394544941999875,-21.57417503135412],[-57.39690900199998,-21.57083948235415],[-57.397130799999964,-21.570270881354116],[-57.39784992199993,-21.567776598354197],[-57.39794543799985,-21.567424889354175],[-57.39804918099992,-21.56687709135423],[-57.39798102799995,-21.565840622354212],[-57.39765445899991,-21.564631141354255],[-57.39759878099994,-21.564442667354236],[-57.397489518999976,-21.564072799354346],[-57.39694049899991,-21.563232166354368],[-57.39654275599998,-21.56284351835437],[-57.3956728299999,-21.562305015354415],[-57.39201735199998,-21.561178834354422],[-57.390962824999974,-21.561083093354426],[-57.390188632999916,-21.561179233354412],[-57.38102223299989,-21.563128984354343],[-57.38080325599992,-21.563224870354283],[-57.37980056599991,-21.563663929354295],[-57.37374031099995,-21.56631759735423],[-57.37328615499997,-21.566569005354165],[-57.37320889299997,-21.566611775354215],[-57.37312079499992,-21.566660544354253],[-57.37268722699997,-21.567007658354218],[-57.372547934999886,-21.567119175354268],[-57.372490299999924,-21.567165318354277],[-57.36707004199996,-21.57258753135407],[-57.366866063999964,-21.57271733635415],[-57.366089205999906,-21.57312719735412],[-57.3658090959999,-21.57323926535408],[-57.365486023999885,-21.573341385354087],[-57.364970946999904,-21.573437221354098],[-57.36477682199995,-21.57346669235405],[-57.36474348499985,-21.573471753354124],[-57.36414335499984,-21.573468691354048],[-57.36352204599996,-21.57336784935406],[-57.36289967199996,-21.573159547354155],[-57.362355482999995,-21.572871185354106],[-57.36186695299995,-21.57249823935414],[-57.36145586599997,-21.572057342354174],[-57.361112958999904,-21.571528743354193],[-57.36088657899995,-21.57098855635407],[-57.360745857999916,-21.570345097354142],[-57.3607510239999,-21.569585939354216],[-57.360793497999964,-21.56940973535421],[-57.36093153499991,-21.56883710135419],[-57.361169583999974,-21.567849585354203],[-57.36423090799997,-21.561608296354354],[-57.3652239669999,-21.557633592354474],[-57.36495082399995,-21.55521978435456],[-57.364810328999965,-21.55439443435457],[-57.364741878999894,-21.5533733013546],[-57.36473094599995,-21.5532766843546],[-57.364694668999896,-21.55295610135455],[-57.36458729599996,-21.552550437354626],[-57.364405302999835,-21.55212641035464],[-57.364007992999916,-21.551517665354574],[-57.36354751099992,-21.551042382354687],[-57.36299714199992,-21.550651757354615],[-57.3623193969999,-21.55033477935468],[-57.36155577199998,-21.550151228354597],[-57.36070043299998,-21.55012943435469],[-57.35737792699995,-21.550780010354686],[-57.356616645999964,-21.551014903354645],[-57.35328189599989,-21.552868119354624],[-57.349456903999965,-21.555772710354557],[-57.349447348999895,-21.55577917235454],[-57.34683724899992,-21.557539037354452],[-57.346082395999936,-21.557890505354507],[-57.34519979099991,-21.558081976354504],[-57.34349230899994,-21.55814943635442],[-57.34272409199996,-21.55807497635447],[-57.338810379999984,-21.55694885035452],[-57.338135859999845,-21.556663525354534],[-57.33747792999992,-21.55621222435449],[-57.336940015999915,-21.555638404354553],[-57.33661237799993,-21.55510708535457],[-57.33550256299991,-21.55279657135458],[-57.33513550199984,-21.55232558335462],[-57.33472068999998,-21.551939647354647],[-57.334216204999905,-21.551601462354565],[-57.333642453999865,-21.55133495135462],[-57.332587163999854,-21.55099436735461],[-57.331822722999895,-21.550876306354663],[-57.329267019999925,-21.551041455354536],[-57.328363446999965,-21.55124971935462],[-57.3254055199999,-21.55277476235454],[-57.321119321999895,-21.554556031354554],[-57.32069984699996,-21.55480811835453],[-57.31901114099992,-21.555806352354562],[-57.318409161999966,-21.556054145354473],[-57.31832883199996,-21.556081963354455],[-57.31807174599993,-21.556170988354538],[-57.317343892999936,-21.556270094354463],[-57.31659410199996,-21.55622988035455],[-57.31586815599985,-21.556049893354476],[-57.31514010999991,-21.555711704354547],[-57.31439831199993,-21.55511995635448],[-57.314073653999976,-21.554728571354435],[-57.313624173999976,-21.553860287354524],[-57.3134447199999,-21.552876816354615],[-57.31346672899991,-21.55237551035465],[-57.31370976999989,-21.550976736354578],[-57.31401208399984,-21.550206292354638],[-57.31435624699998,-21.54967032635462],[-57.316625791999904,-21.54686108535478],[-57.31766473199991,-21.544679721354804],[-57.317671761999975,-21.54466921335475],[-57.31767952799998,-21.544657604354796],[-57.318104304999956,-21.54402259135485],[-57.31821486399996,-21.543922363354785],[-57.31846521199998,-21.543695407354832],[-57.31884806299985,-21.543348328354856],[-57.31907612799989,-21.543236703354815],[-57.319398224999986,-21.54307905535485],[-57.31980188199997,-21.542881487354876],[-57.3203968179999,-21.542730721354832],[-57.32208088099997,-21.542488279354842],[-57.32219949899996,-21.542479821354874],[-57.32259265899989,-21.542451786354853],[-57.325057647999984,-21.54227601635487],[-57.32613837399998,-21.541981600354838],[-57.326458497999916,-21.541790792354885],[-57.326942070999955,-21.541490944354827],[-57.32714508099997,-21.541292533354852],[-57.32755053799991,-21.5408556563549],[-57.327878460999905,-21.540357223354782],[-57.328610127999916,-21.53883805535497],[-57.329696036999906,-21.53598845135497],[-57.33012292199999,-21.53526047835501],[-57.33060144099994,-21.534722559355064],[-57.33398653199999,-21.531710119355125],[-57.33445698799994,-21.531202583355142],[-57.33615288199991,-21.528830011355186],[-57.33751191199991,-21.525732316355196],[-57.33792663799994,-21.525053430355264],[-57.3384350199999,-21.52449649635531],[-57.341220521999894,-21.522083981355305],[-57.34166537399995,-21.521789132355373],[-57.34351061999984,-21.520862565355376],[-57.344130349999894,-21.520729402355332],[-57.34422563699996,-21.52070892835534],[-57.34446493799992,-21.52065750935536],[-57.34469563099992,-21.52065103235535],[-57.34482340199992,-21.520635292355376],[-57.34547576499989,-21.520661943355346],[-57.34677743799995,-21.52089434535541],[-57.347710053999954,-21.52084908835539],[-57.3485094429999,-21.52063768435531],[-57.34925244299984,-21.520258719355397],[-57.349823034999986,-21.519795605355398],[-57.35028893299989,-21.51922097835536],[-57.350618490999985,-21.51856894135542],[-57.35081675599997,-21.51779237735541],[-57.3508206809999,-21.517031425355366],[-57.35062908299988,-21.51625245035549],[-57.35044961799997,-21.515887146355492],[-57.34828112699994,-21.512404579355533],[-57.348269024999915,-21.512385142355534],[-57.34825931899991,-21.512369555355587],[-57.34668141499992,-21.508274521355695],[-57.344510482999965,-21.50501557035575],[-57.34387323599992,-21.504078243355803],[-57.34047194299996,-21.500223920355797],[-57.3382493009999,-21.49872083835583],[-57.33688886399988,-21.497813966355938],[-57.3365875629999,-21.497649596355952],[-57.33636032199984,-21.49753515635588],[-57.336250449999916,-21.497502736355877],[-57.33534187299994,-21.497268692355952],[-57.33477005799988,-21.497257015355814],[-57.334193741999904,-21.49727199235597],[-57.33407527199996,-21.497275071355972],[-57.33215992699984,-21.497630788355888],[-57.33210883199996,-21.497649248355934],[-57.331954276999966,-21.497705086355925],[-57.33163328799998,-21.49782105435584],[-57.331561042999965,-21.49786730035591],[-57.33070349599996,-21.498416242355866],[-57.330322181999925,-21.49880780735594],[-57.32985714399991,-21.499493544355893],[-57.32711720699996,-21.504765671355777],[-57.32707733399997,-21.50481014335573],[-57.32703597699998,-21.504890188355795],[-57.32642938299988,-21.50554373235576],[-57.32567775999997,-21.50603202335577],[-57.32461782499985,-21.50637590035567],[-57.323547610999924,-21.506415852355687],[-57.32248569399991,-21.50616115835566],[-57.321547015999954,-21.50563052835577],[-57.320963841999905,-21.505063152355795],[-57.31967988099984,-21.503226337355724],[-57.319439196999895,-21.50267928635579],[-57.31836322199995,-21.499368840355867],[-57.3176744189999,-21.497947891355935],[-57.316197494999926,-21.494909764355988],[-57.31246664099996,-21.489492756356007],[-57.3111390709999,-21.486002028356168],[-57.311110855999964,-21.48537020735622],[-57.311098896999965,-21.485102403356205],[-57.311089867999904,-21.48490024435624],[-57.311165353999904,-21.484505912356266],[-57.31145767299994,-21.48375426335624],[-57.311573519999975,-21.483587612356203],[-57.31165974599997,-21.483463574356247],[-57.311913089999905,-21.483099130356297],[-57.31207545399992,-21.48293936635626],[-57.31218175299984,-21.482834769356305],[-57.31296684399996,-21.48206225335633],[-57.31354717799991,-21.481638561356316],[-57.31417435799994,-21.48132775735634],[-57.31607589099996,-21.48065287935637],[-57.316453302999946,-21.480508709356382],[-57.31722248099998,-21.480048037356365],[-57.320298325999936,-21.47693200035644],[-57.32211597699995,-21.47466165935652],[-57.3227142259999,-21.474189196356413],[-57.32410849099989,-21.473413209356448],[-57.32483268799996,-21.472705079356494],[-57.324959747999976,-21.47252388835653],[-57.325353297999925,-21.471785470356522],[-57.32537675099991,-21.471733871356466],[-57.325738152999925,-21.470209393356583],[-57.325989969999966,-21.467293579356593],[-57.32621430399996,-21.46647198535666],[-57.326633708999886,-21.46573372935671],[-57.32792109299994,-21.464248796356717],[-57.32850417299988,-21.46383470235677],[-57.3291784889999,-21.46352128835677],[-57.33026183499994,-21.46321900135672],[-57.33104153299996,-21.463143769356634],[-57.33192063499996,-21.463235145356744],[-57.333353862999964,-21.46365947535672],[-57.334043131999984,-21.463962479356756],[-57.33514986299996,-21.46467971135674],[-57.3358961479999,-21.46498710135661],[-57.336695818999885,-21.465136000356726],[-57.33734855799998,-21.465136000356726],[-57.33845520699998,-21.46488251135674],[-57.33930178399993,-21.46442497035675],[-57.339993002999954,-21.46377791435678],[-57.340481755999974,-21.462985438356778],[-57.340678020999974,-21.462402704356705],[-57.34076676299993,-21.461644021356822],[-57.34070528099989,-21.459441777356837],[-57.340437852999976,-21.45830348635689],[-57.338718806999964,-21.45412508835697],[-57.338673129999904,-21.454026206356946],[-57.33708688099983,-21.450604765357085],[-57.33678272999999,-21.449990528357006],[-57.33472649499992,-21.445854970357143],[-57.334689315999974,-21.445762863357196],[-57.3346747249999,-21.445733399357117],[-57.333618710999936,-21.443133941357225],[-57.3318236899999,-21.44064126335727],[-57.33125692699991,-21.440086249357293],[-57.330502492999926,-21.439636279357277],[-57.33033663299988,-21.439562319357318],[-57.32999676199984,-21.439448016357357],[-57.32833509999995,-21.439080864357344],[-57.32820701099992,-21.4390525623573],[-57.32743077599997,-21.43898621635731],[-57.32224462199997,-21.438987725357272],[-57.32154792899997,-21.439084478357376],[-57.320886920999946,-21.439289981357327],[-57.31800069699988,-21.440636760357258],[-57.31736578799996,-21.441038456357283],[-57.31668405299996,-21.44168844735732],[-57.31339101499997,-21.44581577835711],[-57.30851979199996,-21.450827519357073],[-57.30805512899992,-21.45141515435699],[-57.30772929699993,-21.452020973357016],[-57.305813556999965,-21.456926384356944],[-57.30262151799991,-21.46420352635673],[-57.302548857999966,-21.46432999435669],[-57.30026050799996,-21.467498242356662],[-57.2995780259999,-21.468083651356665],[-57.29952680899993,-21.468122779356623],[-57.29867266399992,-21.468538996356514],[-57.29788503699996,-21.46871940635666],[-57.297850647999894,-21.468721178356567],[-57.29707200999985,-21.468761299356668],[-57.2963704749999,-21.46869119235656],[-57.29571259699998,-21.468509871356655],[-57.294732998999955,-21.467966975356596],[-57.29243674399993,-21.465755350356627],[-57.291999799999935,-21.465078921356742],[-57.29172920999992,-21.464267082356713],[-57.291306660999965,-21.460805162356795],[-57.29116337299991,-21.45680221535688],[-57.29115944799991,-21.456768209356927],[-57.29092862099993,-21.45591418135689],[-57.29090001599996,-21.45581880735694],[-57.29082607599997,-21.45568846235689],[-57.29030629799997,-21.454886635356985],[-57.28944977599997,-21.454183474357013],[-57.28840703599991,-21.453753966357006],[-57.287840427999924,-21.453660440356998],[-57.28707806299991,-21.45365830335691],[-57.28685654999998,-21.453657682356944],[-57.28563448899996,-21.453849067356995],[-57.285539507999886,-21.453863942356968],[-57.28540433899991,-21.453885111357003],[-57.28448035099985,-21.454280536356958],[-57.28379576299994,-21.45480413835699],[-57.282477663999884,-21.456349991356884],[-57.282148372999984,-21.456876341356907],[-57.28208027299996,-21.457044315356853],[-57.28194514399996,-21.457377630356884],[-57.2819221339999,-21.457434388356795],[-57.28191080299996,-21.457487915356886],[-57.28178490999994,-21.458082592356845],[-57.2815386499999,-21.460922105356815],[-57.281482156999914,-21.46120792635684],[-57.281468067999924,-21.461279210356835],[-57.28088072599991,-21.46281447835674],[-57.28016431299995,-21.464570342356662],[-57.27983286699998,-21.46518237935669],[-57.27943551299995,-21.465667133356696],[-57.27895426999993,-21.466079932356692],[-57.278259249999905,-21.466474992356645],[-57.274891397999966,-21.46764067835665],[-57.274260892999905,-21.467798823356645],[-57.26957652599992,-21.46797992735663],[-57.26871505599997,-21.46801323335655],[-57.26856501099991,-21.46801903435664],[-57.2639653459999,-21.468786388356627],[-57.263268644999975,-21.468970099356653],[-57.26223946199991,-21.469508093356534],[-57.260305283999855,-21.47100882635651],[-57.256964516999915,-21.473600936356526],[-57.25663243499997,-21.473858599356532],[-57.255746494999876,-21.474301077356426],[-57.255355112999894,-21.474407857356496],[-57.25495479299991,-21.474496071356516],[-57.25221888199985,-21.47477495335648],[-57.25029438599995,-21.474953839356427],[-57.250166489999856,-21.474965727356498],[-57.24744088899985,-21.47489508235645],[-57.24594461199996,-21.47458389235647],[-57.24510297199993,-21.474194099356474],[-57.24434297899995,-21.473563331356527],[-57.24379258399995,-21.472764274356503],[-57.24350353099993,-21.471899676356553],[-57.24344320299991,-21.47108810135659],[-57.243545309999945,-21.47034664235661],[-57.2437341129999,-21.469792422356598],[-57.244591224999965,-21.468050689356623],[-57.24472393199994,-21.467877931356615],[-57.244843336999956,-21.46772249035667],[-57.245163878999904,-21.467305212356685],[-57.2479781159999,-21.464838310356715],[-57.25027371199991,-21.461535897356768],[-57.25048763999996,-21.460993628356842],[-57.251217774999986,-21.458231930356884],[-57.25123395599996,-21.45811646435681],[-57.251592462999895,-21.455027348356996],[-57.251759002999904,-21.454338031356983],[-57.252094826999894,-21.453646585356918],[-57.253371870999956,-21.45202589335705],[-57.253692255999916,-21.451504706357003],[-57.25477368399993,-21.448223522357146],[-57.2548706859999,-21.447263573357116],[-57.25464842099996,-21.446217597357194],[-57.25351851399989,-21.44383859635724],[-57.25346797599991,-21.443737966357165],[-57.253364414999965,-21.443583738357255],[-57.25233672999991,-21.442053259357294],[-57.25207585499993,-21.441339296357302],[-57.2519918299999,-21.44075399835727],[-57.25200631599995,-21.440202039357285],[-57.2521134829999,-21.43965911535731],[-57.2523089309999,-21.439143305357284],[-57.25260475699997,-21.438638492357335],[-57.25298128599997,-21.438189321357328],[-57.253430934999926,-21.437803574357392],[-57.25394599199985,-21.437488924357414],[-57.25505044999994,-21.437125695357274],[-57.25563758899983,-21.437070040357305],[-57.25695363199992,-21.437122621357382],[-57.257759326999974,-21.437006514357293],[-57.25777741999997,-21.436999027357384],[-57.259654772999966,-21.436222135357436],[-57.26044259599985,-21.435746608357345],[-57.2609672939999,-21.43524203535735],[-57.2627124359999,-21.433046884357495],[-57.263843163999915,-21.430803676357574],[-57.26399308799989,-21.43038589735755],[-57.26406200199989,-21.429765346357563],[-57.26395529399997,-21.428512391357504],[-57.263768870999904,-21.427822495357645],[-57.26348995899991,-21.427264885357612],[-57.2634307699999,-21.427161377357557],[-57.26304388899995,-21.426700189357607],[-57.26130634299989,-21.42464230835773],[-57.25707744799996,-21.421362249357784],[-57.256447737999906,-21.420742917357693],[-57.25601328399989,-21.420068648357773],[-57.25510872299992,-21.418159502357867],[-57.25492120599989,-21.41761498335787],[-57.25481661699985,-21.416630602357863],[-57.25511990399997,-21.414211882357947],[-57.25532926999989,-21.413614604357974],[-57.25781809199992,-21.40808422635804],[-57.26031763599991,-21.40469149735814],[-57.263314075999915,-21.401941272358208],[-57.265846249999925,-21.400409502358265],[-57.26612648599984,-21.4002399803583],[-57.26614676499992,-21.400227714358248],[-57.26954748599991,-21.39894545435831],[-57.27098733599996,-21.398233210358203],[-57.27172223899993,-21.3978650533583],[-57.272505310999975,-21.39727645635838],[-57.27259233899997,-21.397211041358386],[-57.27338305799992,-21.39615333135836],[-57.27408371899992,-21.39548288435843],[-57.274098828999904,-21.395468425358384],[-57.274230539999905,-21.395403499358274],[-57.275011908999886,-21.395018331358354],[-57.275182695999895,-21.39493414335833],[-57.27593872299991,-21.394773120358423],[-57.27672743299991,-21.3947610343584],[-57.277652271999955,-21.394919569358365],[-57.27838448299997,-21.395187406358442],[-57.279055764999896,-21.39559517235839],[-57.27950654299997,-21.395988075358304],[-57.28276808499993,-21.39937562835826],[-57.28319291199989,-21.400067534358232],[-57.28425298399986,-21.402570721358227],[-57.28475804199991,-21.403303083358164],[-57.285329842999886,-21.40381864335809],[-57.28760335599998,-21.405343827358113],[-57.28814681399991,-21.40561061235817],[-57.28821314199996,-21.405640324358117],[-57.288432934999946,-21.40573878035811],[-57.28901871599993,-21.405859971358176],[-57.289343946999914,-21.405862307358024],[-57.290922826999974,-21.405873645358177],[-57.29101726199992,-21.40585805135812],[-57.29150713999991,-21.405751083358055],[-57.291702889999954,-21.405684362358127],[-57.29204796699992,-21.405551536358164],[-57.29230530599989,-21.405412398358088],[-57.29257527699991,-21.405257088358127],[-57.29297015799984,-21.404947388358195],[-57.29303723199996,-21.404892995358065],[-57.296012370999904,-21.401601869358217],[-57.29665260499996,-21.40063272735828],[-57.2988610619999,-21.397289720358337],[-57.29897950499991,-21.397110431358378],[-57.301230722999954,-21.394960545358387],[-57.30168346999994,-21.394325940358392],[-57.30197882099992,-21.39361460235844],[-57.302100512999964,-21.392902833358438],[-57.302141663999926,-21.390663745358538],[-57.301968410999955,-21.389609684358458],[-57.30175446199997,-21.38912596035848],[-57.30171623999996,-21.389041127358578],[-57.300783993999914,-21.387525262358505],[-57.3000675319999,-21.386585117358635],[-57.29936957299997,-21.385669247358575],[-57.29933804299991,-21.3856278723586],[-57.29928576999998,-21.385533346358617],[-57.29912246099996,-21.385238032358586],[-57.299036050999916,-21.38508177335866],[-57.298802799999976,-21.38430909635869],[-57.29877137799985,-21.383439757358634],[-57.29909671399997,-21.3819931163587],[-57.29931617999989,-21.38137415035872],[-57.299639552999906,-21.38079180135878],[-57.30111225099989,-21.378722070358826],[-57.30231611799996,-21.375867132358852],[-57.30315546799995,-21.37066801535896],[-57.30466944499989,-21.36448742635911],[-57.304758075999935,-21.363874237359152],[-57.30474646199997,-21.363218005359172],[-57.304670542999986,-21.35980533935929],[-57.303465408999834,-21.355344319359386],[-57.30345456099992,-21.35524703035934],[-57.30342538499991,-21.354985399359286],[-57.30302099799991,-21.35135911735946],[-57.30278389899996,-21.350543499359496],[-57.302643764999964,-21.350295152359475],[-57.30094448999991,-21.347540489359577],[-57.300491712999985,-21.347079739359586],[-57.29672427199995,-21.34387462735968],[-57.296596865999966,-21.343724932359688],[-57.296468451999836,-21.343574053359525],[-57.295968202999916,-21.342986288359675],[-57.29576237799995,-21.342587048359704],[-57.29553780699991,-21.341829353359717],[-57.29549961599997,-21.340974826359737],[-57.29575283999992,-21.338782278359748],[-57.29596489099998,-21.33812723735981],[-57.29762775199992,-21.334474151359796],[-57.298135313999985,-21.331064273359924],[-57.297861187999956,-21.3257738113601],[-57.29839887599996,-21.320900877360177],[-57.297922111999924,-21.317873038360286],[-57.29788488599997,-21.31777720736026],[-57.2976083399999,-21.317151622360306],[-57.29739774799999,-21.316809848360286],[-57.2972746769999,-21.316673459360246],[-57.29658595999995,-21.315999338360285],[-57.29475729299992,-21.314978751360343],[-57.29464483599992,-21.31492585736039],[-57.29170878599991,-21.313574999360387],[-57.29146162799998,-21.313428631360388],[-57.29135914299985,-21.313367939360415],[-57.29115477799991,-21.31324691436042],[-57.290805290999856,-21.312932442360353],[-57.29061480999991,-21.312761043360403],[-57.29049690799991,-21.312654954360422],[-57.290013342999885,-21.311930707360457],[-57.28903991199991,-21.309560885360458],[-57.2888479529999,-21.30870533836046],[-57.28885103199991,-21.307895289360555],[-57.289376953999984,-21.30438254336055],[-57.28932951499996,-21.303525354360655],[-57.28730488499997,-21.296570946360745],[-57.28685306899995,-21.295617323360837],[-57.28632799499997,-21.295007831360774],[-57.28416589799991,-21.2931246663609],[-57.28369977299991,-21.292795809360847],[-57.28312998599995,-21.292517835360886],[-57.282158865999975,-21.292253060360824],[-57.276231436999986,-21.290648252360967],[-57.27614759899995,-21.29061409736087],[-57.27356359699996,-21.289561364360953],[-57.27180013299989,-21.28884292136093],[-57.2716981829999,-21.28879860736101],[-57.2716686199999,-21.288786519360947],[-57.26561661799991,-21.286159125361078],[-57.262375773999906,-21.284900199361104],[-57.26068939499993,-21.28425140636109],[-57.25683817799995,-21.28328665536114],[-57.25405781199993,-21.282722145361152],[-57.25347814099996,-21.28249367736117],[-57.252915200999894,-21.282153478361128],[-57.252667199999905,-21.28190559536114],[-57.25233836599989,-21.28157691636103],[-57.25213947099985,-21.281378115361083],[-57.25184633099991,-21.280899202361105],[-57.2516238259999,-21.280349620361214],[-57.251298529999985,-21.278457087361268],[-57.25128405199996,-21.27830491836117],[-57.25127651199995,-21.278259529361247],[-57.25072405099996,-21.272816112361404],[-57.25047375499997,-21.272009904361383],[-57.25007090599985,-21.271333743361343],[-57.24984673199987,-21.2710799013614],[-57.24617951999994,-21.267017445361454],[-57.246159077999835,-21.266997968361437],[-57.24527033599992,-21.266311619361527],[-57.24169087499996,-21.26355589936156],[-57.23689897099996,-21.260768052361644],[-57.23620536099998,-21.260258229361636],[-57.2356122889999,-21.25956579236172],[-57.235242790999905,-21.258788709361674],[-57.235094477999894,-21.258036190361697],[-57.2351088019999,-21.25733373536176],[-57.23527303299989,-21.256648222361708],[-57.23561416799998,-21.255937327361732],[-57.237252422999916,-21.25359830936186],[-57.23810827899985,-21.252727775361883],[-57.24432891299995,-21.24802920936199],[-57.24472850799987,-21.247720651361966],[-57.24879137799985,-21.243255736362045],[-57.249190539999915,-21.242465221362114],[-57.25058623499996,-21.238179689362184],[-57.25076238999987,-21.2378284173622],[-57.25261489999991,-21.234134275362326],[-57.252652473999945,-21.234059346362333],[-57.25540087299987,-21.229392731362427],[-57.25559201299995,-21.229016745362436],[-57.25876529899989,-21.222732996362623],[-57.25893394899998,-21.222142784362617],[-57.25899072899989,-21.22153408136262],[-57.25874271299989,-21.216033780362768],[-57.258045813999956,-21.212309129362712],[-57.25717614999997,-21.20896302536285],[-57.2556223279999,-21.2058011273629],[-57.25555370899992,-21.205673388362964],[-57.254942989999904,-21.204936008363006],[-57.2522537079999,-21.202666230363082],[-57.25208076399998,-21.202548646363088],[-57.25188265599991,-21.20244135536308],[-57.24981238099996,-21.2015139423631],[-57.24767356599989,-21.200586033363088],[-57.2470509239999,-21.20042900936305],[-57.24338378099998,-21.199843497363144],[-57.24305226899992,-21.19979154736309],[-57.24252518599991,-21.199775700363094],[-57.242144751999945,-21.19976426236316],[-57.24063131599996,-21.200007733363137],[-57.23847287399991,-21.200354967363072],[-57.238153187999906,-21.20045016136304],[-57.23763055899991,-21.200605786363152],[-57.23760602099992,-21.200618583363095],[-57.2368820449999,-21.200996120363],[-57.23362802099996,-21.20324292836305],[-57.23347512099992,-21.20334850236307],[-57.22972478599996,-21.206570289362922],[-57.22736204399996,-21.209130660362877],[-57.227060707999954,-21.209536546362873],[-57.22693961199997,-21.209699659362848],[-57.22557525499997,-21.211899701362864],[-57.22430641799996,-21.213945717362723],[-57.22416389199992,-21.214138826362795],[-57.22406680699987,-21.214270366362808],[-57.223460840999905,-21.214819332362747],[-57.22275997799994,-21.21521303036272],[-57.2220930819999,-21.21542912136275],[-57.22095462799996,-21.21553767036269],[-57.21854803599996,-21.21540753336276],[-57.217742333999986,-21.21526353236274],[-57.21706875999997,-21.2150119423628],[-57.21648688799986,-21.21466850536273],[-57.214792652999904,-21.21338608136281],[-57.214736788999915,-21.213353974362825],[-57.21410865999991,-21.213094815362833],[-57.21400136999989,-21.213055059362745],[-57.213239112999986,-21.21291288736282],[-57.21272221299995,-21.21291514236285],[-57.20876007299995,-21.212932429362848],[-57.20805165999991,-21.213065362362805],[-57.206153091999965,-21.213615704362798],[-57.20548426399995,-21.213975507362765],[-57.20492944899996,-21.21442674236271],[-57.20447916899992,-21.214970803362778],[-57.20414638799991,-21.215590696362792],[-57.20397715499996,-21.216113778362736],[-57.2037197599999,-21.217532130362624],[-57.203696703999924,-21.21770642536265],[-57.20361068799991,-21.2183566503627],[-57.20303130599996,-21.222736369362593],[-57.20265112199985,-21.224223443362508],[-57.20231718699995,-21.225501571362432],[-57.20225254999991,-21.225672132362433],[-57.20183983699997,-21.226415528362377],[-57.20130312599997,-21.226989370362414],[-57.19990635799985,-21.227912973362447],[-57.19885513199989,-21.228296275362418],[-57.197465897999905,-21.228474229362405],[-57.1965845119999,-21.228585785362373],[-57.19263424999996,-21.228701614362475],[-57.19216537899991,-21.228762502362358],[-57.19197226699993,-21.228787579362386],[-57.19186318299996,-21.228801744362315],[-57.18810008199989,-21.229742648362414],[-57.182400160999926,-21.2308625193624],[-57.18177932299989,-21.231082701362418],[-57.181219385999896,-21.231393478362392],[-57.180641156999855,-21.231859371362393],[-57.17802276499992,-21.234541288362223],[-57.177441714999986,-21.235051091362223],[-57.17428810399991,-21.23781801536221],[-57.174241113999926,-21.237859243362152],[-57.17160469599991,-21.240934700362153],[-57.17154823799996,-21.2410400883621],[-57.17117548099992,-21.241735912362024],[-57.17107964999991,-21.24191480036207],[-57.17104467999996,-21.242057867362067],[-57.17060475699998,-21.243857715362097],[-57.17014872299989,-21.245723466361966],[-57.16995859999997,-21.246281873361983],[-57.168271035999965,-21.248956414361952],[-57.16826682099998,-21.248961804361958],[-57.16815462199991,-21.24910527036184],[-57.16754315599997,-21.249639248361856],[-57.1668649959999,-21.250017959361955],[-57.166116840999905,-21.250253916361917],[-57.16528122899996,-21.25034187336193],[-57.16417187899992,-21.250177953361938],[-57.16362713499996,-21.249968047361893],[-57.163132898999834,-21.24968515336194],[-57.1625905649999,-21.249246751361923],[-57.16183669999999,-21.24843479936189],[-57.16101958299993,-21.247554721361997],[-57.16068107999991,-21.247190135361965],[-57.16029462899991,-21.24657477636203],[-57.15905753299995,-21.243857039362027],[-57.15882758099997,-21.243004883362097],[-57.15882211299993,-21.242890530362036],[-57.15865915899997,-21.23948294936219],[-57.15865468799996,-21.23938946036215],[-57.15876374099992,-21.235079185362235],[-57.15868456699991,-21.234393620362283],[-57.1586586169999,-21.234280074362314],[-57.15716792999996,-21.230332048362417],[-57.157143658999985,-21.23028218536229],[-57.15558426399991,-21.227793512362393],[-57.155086780999966,-21.227276059362413],[-57.15440415399996,-21.22680677736251],[-57.153551044999915,-21.226477627362424],[-57.151647557999986,-21.226095302362523],[-57.14930257599992,-21.22566364136253],[-57.14867598199993,-21.22541613036249],[-57.14618396599991,-21.224143847362576],[-57.14528899199991,-21.223884125362574],[-57.144217597999905,-21.223853295362453],[-57.13841559499991,-21.224677850362436],[-57.134178440999904,-21.2250384943625],[-57.13323265199989,-21.224996080362555],[-57.13263441099997,-21.22485881836248],[-57.131955009999956,-21.22457851436256],[-57.12919618999996,-21.22302951736261],[-57.127063035999925,-21.2216687583625],[-57.12649533299998,-21.221310694362614],[-57.126450312999964,-21.221282299362592],[-57.125511660999905,-21.220925490362564],[-57.12464640499991,-21.220806811362603],[-57.12082990199997,-21.22072609836262],[-57.1151052169999,-21.220858424362522],[-57.112127355999974,-21.220491520362625],[-57.110861330999846,-21.220335533362586],[-57.10974460199992,-21.220040596362622],[-57.10709475599987,-21.2189704593626],[-57.10649664199991,-21.218554506362644],[-57.10599280399998,-21.21804641136273],[-57.105917216999956,-21.217928746362674],[-57.10315804299984,-21.21363349936281],[-57.10310628899998,-21.21355293136283],[-57.1029057369999,-21.21319116136274],[-57.10038976899995,-21.20865266436286],[-57.100183062999974,-21.208279791362916],[-57.09981904499989,-21.207390531362986],[-57.09783281199992,-21.20014929736311],[-57.09723644899998,-21.197975133363112],[-57.09714462999995,-21.197092744363218],[-57.09768297999989,-21.18774507136336],[-57.097910724999906,-21.187012325363447],[-57.09830216899997,-21.186343178363416],[-57.10014345899998,-21.184499040363537],[-57.10111561599995,-21.183945777363537],[-57.105942840999944,-21.182363001363427],[-57.108458120999956,-21.181684788363548],[-57.11276111299992,-21.180526619363576],[-57.11291804499995,-21.180484380363477],[-57.115376694999895,-21.17991121936357],[-57.11910026099997,-21.17903513136366],[-57.125961877999885,-21.176499833363664],[-57.12684455599998,-21.17594264236359],[-57.12868013499991,-21.174262975363707],[-57.12893810399993,-21.17400670236369],[-57.12925062699992,-21.1736096403637],[-57.12943420899995,-21.173321509363777],[-57.129642358999945,-21.17285013836378],[-57.12978075899992,-21.17235755836378],[-57.129849545999946,-21.17176829336382],[-57.129827453999894,-21.17131163636386],[-57.129654236999954,-21.170494928363876],[-57.129121260999966,-21.169583739363773],[-57.12830770599999,-21.1688457003639],[-57.12818335799983,-21.168775395363784],[-57.11735822099997,-21.163814816363953],[-57.11463490199998,-21.162566865364063],[-57.114439533999985,-21.162477338364006],[-57.11404491399992,-21.16215805536406],[-57.113729630999956,-21.161902962363932],[-57.11357993099989,-21.161781841364103],[-57.113238784999915,-21.161337815364092],[-57.113165986999945,-21.16118185736404],[-57.11302820499998,-21.160886673364068],[-57.11282217999991,-21.16044529036412],[-57.11279676599992,-21.160290160364013],[-57.11278123799991,-21.160195373363997],[-57.11269216699998,-21.15965166136404],[-57.112700375999964,-21.1592088863641],[-57.112793987999964,-21.15829602436418],[-57.112931664999905,-21.156953450364174],[-57.112974261999966,-21.15653807336416],[-57.11370121699991,-21.152941016364274],[-57.113747012999966,-21.152781695364318],[-57.113808369999965,-21.152568240364335],[-57.11385291599993,-21.152413273364317],[-57.11398850599994,-21.1521332343643],[-57.11460113699991,-21.150867949364294],[-57.11468079899993,-21.15070342336436],[-57.11480478199991,-21.150573081364332],[-57.1150086049999,-21.150358806364384],[-57.115291218999914,-21.150061701364308],[-57.115661355999976,-21.149793764364315],[-57.11647966799984,-21.149403724364323],[-57.11670826099993,-21.14935987636436],[-57.11695508599991,-21.149312531364323],[-57.117543548999954,-21.149199655364324],[-57.11781215999997,-21.149217817364384],[-57.11801535599989,-21.149231556364374],[-57.1195956329999,-21.149390099364364],[-57.120376730999965,-21.14960367236436],[-57.1211176139999,-21.1500028133643],[-57.12222039299991,-21.150846459364303],[-57.126087667999975,-21.1538830233643],[-57.12843097899997,-21.156572385364186],[-57.12902913199992,-21.157264979364154],[-57.12902959299993,-21.157265513364198],[-57.13071084899997,-21.159723474364124],[-57.1308270369999,-21.159893338364064],[-57.131069338999964,-21.160157088364105],[-57.131193245999896,-21.160245665364137],[-57.131574567999905,-21.16051825636414],[-57.13194018299998,-21.160779619364114],[-57.13261118199989,-21.161077285364094],[-57.132990064999895,-21.16115293736407],[-57.13329453299996,-21.161213730364107],[-57.13377313299992,-21.1612728353641],[-57.13458505299997,-21.161222916363997],[-57.135515443999964,-21.160947735364054],[-57.13621104699996,-21.160551777363988],[-57.13713726599991,-21.159756223364088],[-57.13751043899998,-21.159295588364074],[-57.137811202999906,-21.158753591364174],[-57.13865186699991,-21.15599124136424],[-57.13905909299996,-21.155123412364233],[-57.139325274999976,-21.154764744364204],[-57.14128510899986,-21.15280471136426],[-57.14191809199991,-21.15241956736432],[-57.142627669999904,-21.15215021336431],[-57.14304204399991,-21.152088406364253],[-57.14324734699994,-21.152057783364324],[-57.14351361999985,-21.15201806636421],[-57.143977959999916,-21.152031138364332],[-57.14437705199999,-21.152117488364333],[-57.14653031899997,-21.15258337936424],[-57.1523017529999,-21.154779958364237],[-57.15421194899989,-21.155129974364243],[-57.15499843199995,-21.15516420336413],[-57.155724630999885,-21.155063150364214],[-57.15640420799991,-21.15483504636423],[-57.15658081699996,-21.154734914364244],[-57.16050133699997,-21.15251211336423],[-57.16053330999995,-21.152497288364227],[-57.16060620499985,-21.152455715364248],[-57.162933632999966,-21.151351807364332],[-57.16320060799984,-21.151260566364318],[-57.163273519999905,-21.151235648364313],[-57.163569191999954,-21.151134599364298],[-57.16426734799989,-21.15101912036426],[-57.16495627499989,-21.15102616936435],[-57.16563199399991,-21.15115225636435],[-57.166290421999975,-21.15140023736427],[-57.16679196399997,-21.151692802364316],[-57.16729197899997,-21.152103073364326],[-57.17003285899989,-21.15499295136416],[-57.170393781999906,-21.155456633364224],[-57.170777175999945,-21.156180910364178],[-57.17183887799996,-21.159086238364164],[-57.17202871199993,-21.16004487536414],[-57.17191657899997,-21.161749388364083],[-57.17181375499991,-21.163312402363992],[-57.171673934999895,-21.16383958536389],[-57.17167142799997,-21.163848922363947],[-57.17148146499994,-21.16425692436401],[-57.171390316999975,-21.164440288364023],[-57.17125517199997,-21.16461308636401],[-57.170791686999905,-21.16518069236389],[-57.166936970999984,-21.168808785363883],[-57.16648220499991,-21.169236814363916],[-57.16589067399991,-21.169964639363734],[-57.16563117499994,-21.170454814363886],[-57.165444705999896,-21.171042868363855],[-57.16536993799991,-21.171652359363815],[-57.165405918999966,-21.17224125136374],[-57.16553976999995,-21.17279335636378],[-57.16577159199994,-21.173326539363728],[-57.16607298699989,-21.17378957636375],[-57.166472701999965,-21.174226623363733],[-57.16693904799991,-21.174593665363712],[-57.16746291699991,-21.174884553363647],[-57.16803030299997,-21.17509151136362],[-57.168636104999905,-21.175210995363706],[-57.16974030499995,-21.17518550236376],[-57.17475022899987,-21.17399972436364],[-57.17502311899989,-21.1739338533637],[-57.175038005999966,-21.173931611363756],[-57.17760630599991,-21.17354482336375],[-57.180196928999976,-21.17315467436382],[-57.18618349299993,-21.173099240363776],[-57.1875300019999,-21.17308210936378],[-57.19349933999996,-21.17213476636375],[-57.19412858499999,-21.171976616363803],[-57.194858385999964,-21.17163903536375],[-57.19560573799998,-21.171050813363788],[-57.1984599939999,-21.167801088363934],[-57.20140298399997,-21.16420051736397],[-57.20197412599998,-21.163661695363928],[-57.20274164399996,-21.16318235736406],[-57.20634723399997,-21.16158130636407],[-57.20738530899997,-21.16127262636409],[-57.20886322099995,-21.161208231364117],[-57.209627679999926,-21.16129468936405],[-57.21038516199991,-21.16153372136401],[-57.21108774199996,-21.161928726364096],[-57.21165916399991,-21.162433487364023],[-57.21215748599991,-21.16311189236392],[-57.212522914999965,-21.163835690363932],[-57.21367720799998,-21.16699903136391],[-57.21426703699996,-21.16791081136391],[-57.214846810999965,-21.168431423363902],[-57.21487144499986,-21.16844807736388],[-57.215176906999886,-21.168654586363886],[-57.21544351999996,-21.168773704363925],[-57.215674344999854,-21.168876831363917],[-57.21578412599996,-21.168925879363794],[-57.21592042999998,-21.168960773363917],[-57.2170972909999,-21.169262047363887],[-57.217969270999845,-21.169465839363856],[-57.218820654999945,-21.16947919936389],[-57.22569682499983,-21.168845954363825],[-57.22920178699991,-21.16811098136388],[-57.23522598999995,-21.16549705336392],[-57.23589733999995,-21.165075554363973],[-57.23643324799997,-21.16455651936396],[-57.23807102899997,-21.16216447736408],[-57.23832029699997,-21.161599952364075],[-57.2384612699999,-21.161003400364038],[-57.238436083999886,-21.154734739364226],[-57.238431120999905,-21.15444560136419],[-57.23831233899994,-21.153736776364273],[-57.23801743499996,-21.153025432364316],[-57.23743483599998,-21.15225244036432],[-57.23496244699999,-21.14976949636438],[-57.23431711399996,-21.14928158736426],[-57.23331482699991,-21.148861897364384],[-57.230192012999964,-21.14827037536437],[-57.22957772999996,-21.148082300364273],[-57.22871674899994,-21.147630531364406],[-57.22824545699996,-21.147232617364345],[-57.22768615399991,-21.146496872364423],[-57.226617926999836,-21.14443162936447],[-57.22628046999989,-21.143938640364535],[-57.223456599999906,-21.141190252364556],[-57.222930687999906,-21.140501911364563],[-57.22132615599986,-21.137100569364684],[-57.22111696099995,-21.1361268353647],[-57.22114859399983,-21.135447444364715],[-57.221305038999894,-21.13481801936473],[-57.22158250299992,-21.134226438364703],[-57.22201096199996,-21.133638826364777],[-57.22295332199992,-21.132809236364714],[-57.223538873999985,-21.13240217736473],[-57.22887929299998,-21.129840142364813],[-57.232953145999886,-21.12651042636489],[-57.23332667299991,-21.126009889364973],[-57.23360188699991,-21.125456098364904],[-57.235223090999966,-21.120969012365098],[-57.23601617099985,-21.115913186365177],[-57.23604524099994,-21.11572298536522],[-57.236327666999955,-21.111977959365266],[-57.23634714499997,-21.109392212365318],[-57.23636961299997,-21.10640978336534],[-57.23637125199991,-21.106192091365376],[-57.23650704199997,-21.102859627365532],[-57.23628529399991,-21.10181361036553],[-57.23508346899997,-21.099367740365626],[-57.23315388299988,-21.09614825036559],[-57.23311838899997,-21.095980963365708],[-57.232953128999895,-21.095202096365647],[-57.23296518899992,-21.09461004336574],[-57.23308649899991,-21.094007999365747],[-57.23336279199987,-21.093260809365734],[-57.23374164899997,-21.092612767365793],[-57.23419242499995,-21.0921058193658],[-57.23474149099991,-21.091685296365743],[-57.235805316999965,-21.09121668236581],[-57.236187560999895,-21.091139764365817],[-57.23846612499989,-21.09100410536581],[-57.24017468799991,-21.09090238336579],[-57.24163209699998,-21.09062843136581],[-57.243473132999895,-21.090275634365813],[-57.243814648999944,-21.09015983636569],[-57.24424973999993,-21.089998243365834],[-57.24492594599997,-21.0895741973658],[-57.24550338899985,-21.089004291365857],[-57.247082107999915,-21.086908374365844],[-57.25076424699996,-21.083625923365954],[-57.25321085999997,-21.079778114366068],[-57.25597508799996,-21.07543078836611],[-57.259293322999895,-21.071294155366225],[-57.26270157699997,-21.06785489136625],[-57.26408140599983,-21.0666022923664],[-57.26749262699991,-21.06351087436648],[-57.26753497899995,-21.06347249236646],[-57.2727485229999,-21.06019900236652],[-57.27996101899993,-21.055028990366687],[-57.280539443999885,-21.054684862366646],[-57.28127263199991,-21.054406359366705],[-57.28212726899994,-21.054257197366645],[-57.28431859699998,-21.05414604836668],[-57.286872201999934,-21.054016523366712],[-57.29080694599992,-21.05381694436663],[-57.29178280699989,-21.053902349366677],[-57.292410221999944,-21.054081877366727],[-57.29539420699996,-21.05522309336659],[-57.296228141999904,-21.055643026366678],[-57.29686642599989,-21.056165966366603],[-57.298294567999896,-21.0579019893666],[-57.298780709999896,-21.05846635536657],[-57.298924777999964,-21.058633604366534],[-57.29931960199991,-21.058952194366586],[-57.30057785599985,-21.059666038366586],[-57.30065769099997,-21.059711331366508],[-57.30065954199995,-21.05971238236658],[-57.30109829699989,-21.0598712553665],[-57.30115430999984,-21.05988100736642],[-57.30195226799998,-21.060019940366548],[-57.30294737099996,-21.05995871736656],[-57.30341140299998,-21.059824580366538],[-57.30380935299996,-21.05968861636656],[-57.30412322599989,-21.059524892366564],[-57.30615558299986,-21.058165602366557],[-57.30918116099991,-21.05657843236654],[-57.30967980399993,-21.05618565636665],[-57.31012109799997,-21.055686525366642],[-57.312730182999935,-21.051846860366744],[-57.31286593699997,-21.05160709836672],[-57.31421053399993,-21.04855247836685],[-57.314758155999925,-21.047276143366872],[-57.316898461999926,-21.04470373236693],[-57.31728795099991,-21.04409128636695],[-57.317581051999916,-21.043218529366886],[-57.31793605399997,-21.040388184367004],[-57.31806663999992,-21.039831215367077],[-57.31813349699997,-21.03966854436697],[-57.31889735199991,-21.037810021367072],[-57.31935244399994,-21.03709177736709],[-57.31985526899996,-21.036579435367063],[-57.32027742999997,-21.0362921473671],[-57.32041899899997,-21.036195806367136],[-57.32044757999996,-21.036183904367096],[-57.32234550099986,-21.035393553367143],[-57.32284689299996,-21.035184758367155],[-57.32551878199996,-21.033963598367123],[-57.325728730999906,-21.03386752936719],[-57.32833528099986,-21.03246373436724],[-57.32910763599988,-21.031907140367206],[-57.3296164749999,-21.031311880367273],[-57.32997601999989,-21.030627329367217],[-57.33016011799992,-21.029944043367273],[-57.33016330199984,-21.02990300436727],[-57.330337646999965,-21.026857884367384],[-57.330075504999975,-21.025852152367392],[-57.32948271299995,-21.024863099367398],[-57.32908906299998,-21.024217800367378],[-57.32883997199996,-21.02334879236746],[-57.32881028399998,-21.022634614367405],[-57.329014430999905,-21.020530788367413],[-57.32900896299998,-21.01998538036749],[-57.32800538099991,-21.01598490236762],[-57.327938588999984,-21.015718651367546],[-57.3278968479999,-21.015552268367642],[-57.32756157399995,-21.012886016367723],[-57.327645533999885,-21.012036085367736],[-57.32796564899991,-21.011163862367717],[-57.32935252699991,-21.00861679836783],[-57.329677965999906,-21.0082417453677],[-57.33015839399996,-21.00768807536784],[-57.33108453499994,-21.006620742367833],[-57.33465268699996,-21.00304130736797],[-57.33507020999997,-21.002497285367877],[-57.3382214039999,-20.996987817368062],[-57.33879495999992,-20.995011682368045],[-57.33889611899996,-20.994340051368077],[-57.33884294399991,-20.99357842636815],[-57.33861549499994,-20.992845663368197],[-57.33812825599994,-20.992053163368173],[-57.33756622399989,-20.991501820368153],[-57.336595320999955,-20.9909485453682],[-57.33353658299989,-20.989989502368196],[-57.332838298999945,-20.989681519368297],[-57.33219686299998,-20.989231320368305],[-57.33170434099998,-20.98869420236826],[-57.33128625299986,-20.987939908368336],[-57.331059883999956,-20.987146430368306],[-57.33101438199992,-20.986607055368367],[-57.3310711389999,-20.983554263368376],[-57.3316505489999,-20.98105971936844],[-57.333343394999986,-20.97793028236858],[-57.33450894599997,-20.97451409836861],[-57.33461033099991,-20.973894982368684],[-57.33489325399995,-20.96969227736877],[-57.335071280999955,-20.968861612368773],[-57.335140650999904,-20.968702249368754],[-57.335158232999966,-20.9686202323688],[-57.33922163799998,-20.95910066236903],[-57.33938600899989,-20.958462087369064],[-57.33942894399991,-20.957699002369],[-57.33882182699994,-20.953542864369126],[-57.33852817099989,-20.952730296369136],[-57.3366026679999,-20.94959000136928],[-57.33657464699991,-20.949536649369215],[-57.33654767999996,-20.949493718369226],[-57.334374290999904,-20.945347130369356],[-57.33414763299999,-20.944915569369332],[-57.330296192999924,-20.94000001136947],[-57.326936658999955,-20.934766799369637],[-57.32686577799995,-20.934545088369603],[-57.32529346299998,-20.92962696636966],[-57.32490599799995,-20.928414995369774],[-57.324215119999906,-20.926580889369777],[-57.32341243399992,-20.92444995836982],[-57.32328850199992,-20.923662241369858],[-57.32334614499996,-20.922899936369856],[-57.3233465209999,-20.922894946369887],[-57.323559931999974,-20.922207079369944],[-57.3236060669999,-20.92212545036992],[-57.32374005399986,-20.921888389369858],[-57.32391860599989,-20.92157247736992],[-57.32402185199993,-20.9214520873699],[-57.32408986499997,-20.921372779369957],[-57.32435626399996,-20.921062142369976],[-57.32552734399997,-20.92004748836998],[-57.326348995999915,-20.91960660737002],[-57.33095430199984,-20.91804609337],[-57.334591016999916,-20.915816315370037],[-57.33569763999998,-20.915495563370055],[-57.3401889729999,-20.91537856437006],[-57.34418225399992,-20.914758833370044],[-57.34734146999989,-20.913605115370117],[-57.35030244599994,-20.912465193370153],[-57.35083186999998,-20.912168185370195],[-57.352006403999894,-20.911325521370223],[-57.35259633499993,-20.91079542837022],[-57.35311960099989,-20.91002361537015],[-57.3534353479999,-20.909012687370197],[-57.353475588999856,-20.908077080370266],[-57.35347347699996,-20.90800497337026],[-57.353421643999916,-20.90744842437021],[-57.35340667999992,-20.907386604370277],[-57.35325202899992,-20.906844314370236],[-57.35297719199992,-20.906290520370266],[-57.352339118999964,-20.905522765370257],[-57.35054333099998,-20.904063836370394],[-57.350486976999946,-20.904034133370335],[-57.34752682199996,-20.90249583037036],[-57.34470241499997,-20.90145893237039],[-57.34437980999991,-20.90138856537047],[-57.34108759499992,-20.900992645370454],[-57.34013411399991,-20.900758822370385],[-57.33969047399995,-20.900558855370484],[-57.33892302199996,-20.90001641037043],[-57.336980274999966,-20.897879172370498],[-57.33610969199998,-20.897226463370508],[-57.33284966499997,-20.89569920437059],[-57.331914667999975,-20.895504417370557],[-57.3315553889999,-20.895515233370528],[-57.33101839699998,-20.89553140037055],[-57.33098594499995,-20.8955385973706],[-57.32971790299997,-20.895819828370513],[-57.3286107859999,-20.896065369370582],[-57.32801754499985,-20.896265739370545],[-57.32513988299996,-20.897869792370447],[-57.324645844999964,-20.898209378370538],[-57.3241803179999,-20.898644444370493],[-57.32245832099994,-20.900726463370397],[-57.31959406599992,-20.903748293370395],[-57.31915103899996,-20.904094905370375],[-57.31679133199993,-20.905580748370348],[-57.3161307929999,-20.906151737370255],[-57.3157613709999,-20.906607438370276],[-57.313591413999916,-20.909859715370196],[-57.313289932999965,-20.910218802370224],[-57.31316460199997,-20.9103396963702],[-57.31277115699993,-20.910678468370147],[-57.31222269499994,-20.911006792370202],[-57.31150800999995,-20.911272510370186],[-57.302846554999974,-20.913337869370103],[-57.30219471499992,-20.913585073370147],[-57.301640336999924,-20.91390701437013],[-57.300892106999925,-20.91461042737011],[-57.298403184999934,-20.918189454369973],[-57.29791812399998,-20.918750653370004],[-57.29526685499996,-20.920788308369882],[-57.29475784599987,-20.921088550369966],[-57.294156999999984,-20.92132239436994],[-57.29303506999997,-20.921484643369975],[-57.292069418999915,-20.921365193369905],[-57.29116957999997,-20.921014984369883],[-57.290284313999905,-20.92034740136985],[-57.28965368899998,-20.919460596369944],[-57.28858420399985,-20.916662139370022],[-57.288189019999834,-20.915962972370107],[-57.2881553229999,-20.91590335537007],[-57.28776642599996,-20.915370122370085],[-57.28485276099991,-20.911490352370155],[-57.284532484999886,-20.911118284370176],[-57.283786413999906,-20.910530065370253],[-57.282837134999966,-20.91013759637017],[-57.282713378999915,-20.91009487937018],[-57.28226306699998,-20.910020272370147],[-57.28170028799996,-20.909994424370254],[-57.28139756299992,-20.909980520370237],[-57.277681023999946,-20.910761984370218],[-57.27663707299996,-20.911231335370204],[-57.27582586099999,-20.911937921370157],[-57.27281870999997,-20.91585434737],[-57.2726958749999,-20.916073996370027],[-57.269023503999904,-20.92264077536995],[-57.268940549999975,-20.922789110369834],[-57.26777693199989,-20.926889807369747],[-57.2677383159999,-20.9275197423698],[-57.2678976969999,-20.932571777369624],[-57.26788614099996,-20.932725202369625],[-57.26782347099993,-20.933193027369597],[-57.267646566999936,-20.9338770883696],[-57.26715034699993,-20.935734649369614],[-57.26674468199991,-20.936622896369517],[-57.266480918999946,-20.936976799369575],[-57.26622699399991,-20.937275088369567],[-57.265858607999974,-20.937578606369527],[-57.265641623999954,-20.9377384783695],[-57.26483405399995,-20.938133431369497],[-57.264384083999914,-20.938246703369455],[-57.26404349199998,-20.93830492536946],[-57.26372030299991,-20.9383601723695],[-57.26313283399986,-20.938343611369554],[-57.26294105699998,-20.938294147369476],[-57.26218894199991,-20.93810015736951],[-57.26199301599996,-20.938049623369505],[-57.261745198999904,-20.937898958369463],[-57.261062441999975,-20.937483862369493],[-57.25945024099991,-20.935796609369486],[-57.2593869019999,-20.935745126369543],[-57.258973616999974,-20.93540920136949],[-57.25878083699985,-20.935284855369606],[-57.25789950599995,-20.93487654736958],[-57.25782086699991,-20.934850605369547],[-57.256860273999905,-20.934699001369616],[-57.256795697999905,-20.934694280369516],[-57.2555760599999,-20.934605121369614],[-57.25441855899993,-20.934725013369647],[-57.250144268999975,-20.93605226536957],[-57.249812033999945,-20.936183160369545],[-57.24974731599991,-20.936208658369562],[-57.24950383299989,-20.936304586369566],[-57.249228509999966,-20.936442560369596],[-57.24635503499996,-20.937738061369476],[-57.246298383999886,-20.937763602369543],[-57.24515047299997,-20.93786047136949],[-57.2432152529999,-20.937688681369465],[-57.242677632999914,-20.937574155369578],[-57.24256644499985,-20.93753796236955],[-57.24200223599996,-20.93735430836955],[-57.24019849999996,-20.93676717736948],[-57.23955350899996,-20.936339431369525],[-57.239463239999964,-20.936279566369553],[-57.23901359299998,-20.935857122369594],[-57.23766578599992,-20.933845615369563],[-57.236265635999985,-20.930288817369725],[-57.235803321999924,-20.929620219369735],[-57.235217253999906,-20.929093390369786],[-57.2338852659999,-20.92834697936978],[-57.23334734999992,-20.928143344369804],[-57.23220554099993,-20.92798252136981],[-57.23106885699997,-20.928157347369787],[-57.23054920099986,-20.928359573369722],[-57.229614186999925,-20.928993716369785],[-57.2291479409999,-20.92950075536972],[-57.222778697999956,-20.937768923369546],[-57.219627189999976,-20.94273015236943],[-57.2175440019999,-20.94705347036925],[-57.217364998999926,-20.947741548369233],[-57.21671998599993,-20.952269352369207],[-57.215996058999906,-20.954126360369145],[-57.21545643499997,-20.95551059536899],[-57.21537936599998,-20.955708291369092],[-57.215204692999976,-20.956529170368952],[-57.21519527699991,-20.95669311936902],[-57.21489050899993,-20.962000277368887],[-57.21475445299996,-20.96436950636884],[-57.214853130999934,-20.96510780236889],[-57.21565037399989,-20.968151750368783],[-57.21560789899996,-20.96906599436876],[-57.215242926999956,-20.97007593236878],[-57.21157591699995,-20.97479991036856],[-57.21094059899997,-20.975319047368526],[-57.20900867899991,-20.97648724136861],[-57.208421953999846,-20.977041034368586],[-57.2079879979999,-20.977667819368467],[-57.20434349199991,-20.984193841368427],[-57.203999310999905,-20.984699509368316],[-57.19969292299994,-20.989492208368194],[-57.199210561999905,-20.990027187368195],[-57.19632219299996,-20.99269713436809],[-57.19348087099996,-20.99532359336808],[-57.19343271199989,-20.99536811036813],[-57.18999338099996,-20.999904174367995],[-57.189541762999916,-21.000828563367897],[-57.18940380799996,-21.00154044036789],[-57.18942006599996,-21.00236915936795],[-57.189523465999905,-21.00302510136786],[-57.18975870999992,-21.004517419367904],[-57.18979972799991,-21.00477762936787],[-57.18988892099992,-21.004994197367907],[-57.19000100299996,-21.005266344367875],[-57.19012987499997,-21.0055792613679],[-57.1902589689999,-21.005748065367836],[-57.19071884199997,-21.006349401367867],[-57.191970537999964,-21.00798613736785],[-57.192186291999974,-21.008154004367796],[-57.19464859599992,-21.010069803367717],[-57.19621188099995,-21.011286121367736],[-57.19778914299991,-21.012842225367727],[-57.19940511899995,-21.01444495136762],[-57.199671499999965,-21.01476920436752],[-57.199874052999924,-21.015027843367676],[-57.201977985999925,-21.018332098367523],[-57.20231134299996,-21.01919201236744],[-57.20239630999998,-21.020103637367548],[-57.202273282999954,-21.02085584936747],[-57.201942612999915,-21.021854342367444],[-57.201793746999954,-21.022291369367462],[-57.20150352499991,-21.022814853367443],[-57.20100185399991,-21.02340339436744],[-57.19888062999991,-21.025109431367415],[-57.19834752699985,-21.025459917367357],[-57.19096820699997,-21.028330906367255],[-57.18696043799992,-21.030503964367295],[-57.1862507209999,-21.03101634536726],[-57.18565519099985,-21.031669058367257],[-57.182314044999885,-21.036516637367026],[-57.178868069999965,-21.04023685036707],[-57.17884361799997,-21.040271492367],[-57.17882606399996,-21.04029039936697],[-57.17678525399993,-21.043180123366906],[-57.17673293399997,-21.04325420636697],[-57.17346636099996,-21.047668793366846],[-57.1734335719999,-21.04771310736688],[-57.173416399999894,-21.04774986536678],[-57.1732436869999,-21.048119587366745],[-57.17300452799992,-21.048631554366803],[-57.17184506799993,-21.053286273366734],[-57.17181277999992,-21.053985108366685],[-57.17216507899991,-21.05871392736661],[-57.17213588699991,-21.05928601736658],[-57.172133052999925,-21.05930473736654],[-57.17199457199996,-21.059891149366546],[-57.17190247999997,-21.06009985936658],[-57.171643212999925,-21.06060709036655],[-57.17145870099995,-21.060880274366454],[-57.170430348999844,-21.062084980366496],[-57.16893273799991,-21.063814211366406],[-57.1684075199999,-21.06475710436644],[-57.16627634999998,-21.06858306736634],[-57.1661640669999,-21.068784640366317],[-57.1659492849999,-21.069609681366273],[-57.16509431599985,-21.077914312366108],[-57.164984390999905,-21.07848434036608],[-57.16468077699983,-21.07921163136603],[-57.1621126899999,-21.083784419365987],[-57.16095435499989,-21.08606344536593],[-57.160894146999965,-21.08623678136592],[-57.16076732199997,-21.086601904365914],[-57.16062384999998,-21.08701495236588],[-57.160565326999915,-21.0875885043658],[-57.16060218999996,-21.088139561365903],[-57.16062979599986,-21.088254951365858],[-57.16063498099993,-21.088276621365875],[-57.160729955999955,-21.088673597365865],[-57.16078513199989,-21.08880258136587],[-57.16084770699996,-21.08894885836586],[-57.16095281199994,-21.089194562365872],[-57.161021921999975,-21.089299504365815],[-57.16121819299997,-21.089597543365777],[-57.16132246599989,-21.089755884365744],[-57.16137472099984,-21.089807348365824],[-57.162260685999975,-21.090679906365775],[-57.16244599299995,-21.090862410365787],[-57.16369698699999,-21.09177178636579],[-57.164000288999944,-21.092069118365792],[-57.164017576999925,-21.092088452365786],[-57.1644264119999,-21.09264930836571],[-57.16467820199989,-21.093182355365737],[-57.164692534999915,-21.09321930836569],[-57.16482535299997,-21.093753826365667],[-57.16486106199983,-21.093971529365746],[-57.164876948999904,-21.094426644365644],[-57.164858264999964,-21.09469426136567],[-57.16476986999993,-21.095187232365674],[-57.164695464999966,-21.09544784636557],[-57.16463142099991,-21.095607807365617],[-57.16434922499991,-21.096157444365623],[-57.162395035999964,-21.09908107636553],[-57.1620046839999,-21.099457229365566],[-57.1576013589999,-21.103686856365492],[-57.15720222099992,-21.103991505365475],[-57.1516338799999,-21.1081539333654],[-57.15092244199991,-21.108480793365363],[-57.14852569699996,-21.109222813365353],[-57.14758798399998,-21.10929922836527],[-57.14457596799991,-21.10906817736526],[-57.143919850999964,-21.108896635365355],[-57.143352057999884,-21.10864337036538],[-57.14162630699991,-21.107545492365414],[-57.14121772199996,-21.10719058636539],[-57.14102487399998,-21.10702307436537],[-57.1408518639999,-21.106799098365403],[-57.14066022599991,-21.106551005365432],[-57.14059497699992,-21.106466533365353],[-57.14028218699991,-21.105832010365443],[-57.1397526799999,-21.1039802683655],[-57.13965985699991,-21.103156738365477],[-57.140693127999896,-21.087760356365905],[-57.14070340199993,-21.087703857365803],[-57.140793910999896,-21.087206055365776],[-57.141990503999864,-21.080624824366012],[-57.141594841999904,-21.07517403836616],[-57.1414606379999,-21.073325196366188],[-57.14145806199997,-21.073289694366192],[-57.141584842999976,-21.07036000236626],[-57.141652035999925,-21.06875588236632],[-57.14168826399998,-21.065042561366393],[-57.141693897999914,-21.06498496236645],[-57.14170896999991,-21.064830865366392],[-57.14214356499991,-21.060387447366555],[-57.14200128799996,-21.059630134366515],[-57.14197425599991,-21.059486248366532],[-57.140994029999945,-21.0571430753666],[-57.14090494399994,-21.056518594366626],[-57.14085800499993,-21.056189553366597],[-57.14097859999999,-21.051620139366754],[-57.14101381199998,-21.05138214736677],[-57.14103046899993,-21.051269566366773],[-57.14164883599995,-21.04709007936683],[-57.141825619999906,-21.046470769366856],[-57.14211601699992,-21.04586912936692],[-57.14667954199996,-21.038750358367064],[-57.14705502599986,-21.03816463236707],[-57.147363291999966,-21.037683757367105],[-57.14940802799993,-21.035339966367115],[-57.152775488999964,-21.03217052936725],[-57.15335623099986,-21.031733566367244],[-57.15575727599992,-21.030298422367306],[-57.15629169399989,-21.02988235936727],[-57.15688502999989,-21.02915634536733],[-57.15721344999998,-21.028454664367278],[-57.15883270899991,-21.02360922536739],[-57.1592284919999,-21.022037557367437],[-57.160180664999984,-21.018256449367584],[-57.16022704299991,-21.018072277367605],[-57.16165824199994,-21.01304362336761],[-57.1617187889999,-21.01280544836762],[-57.16279835399996,-21.0085101123678],[-57.16304415099996,-21.000650589368018],[-57.16539700899994,-20.991832426368223],[-57.16564611999996,-20.99048406136826],[-57.16715910799991,-20.98226667936845],[-57.16772449999997,-20.976146711368596],[-57.16844048899998,-20.972432385368663],[-57.16848829499992,-20.97158207636859],[-57.167911268999944,-20.96769597236873],[-57.16670477699994,-20.96371825736888],[-57.16463197899998,-20.959909805368973],[-57.163983043999906,-20.958865007368995],[-57.16391597799998,-20.958775041369034],[-57.16389293599992,-20.95874849836905],[-57.1631210619999,-20.957946308369003],[-57.16095162599993,-20.956362357369116],[-57.160296913999844,-20.955889698369102],[-57.15669162499996,-20.95376188736911],[-57.15593818199988,-20.95341305136912],[-57.15538465299983,-20.95326763336909],[-57.15434692599996,-20.953246268369192],[-57.151180514999965,-20.95379710436917],[-57.150302299999964,-20.95418102836917],[-57.14906779799986,-20.95510594836908],[-57.14851240899993,-20.955412880369078],[-57.147930084999985,-20.955620467369112],[-57.14729384499998,-20.95573596536907],[-57.14662586099997,-20.95574452236905],[-57.1459425459999,-20.95563494736906],[-57.14529727299998,-20.95541057436908],[-57.14466313399993,-20.955053530369035],[-57.14401155099995,-20.954463667369083],[-57.14312415199987,-20.953169496369128],[-57.14287958899996,-20.952594870369204],[-57.141781563999984,-20.949086826369285],[-57.140920493999886,-20.946881234369286],[-57.1404344959999,-20.946091200369338],[-57.13793048499992,-20.94358202936935],[-57.13716134499998,-20.94302841836938],[-57.13610322999989,-20.942641873369364],[-57.13332520699993,-20.94219470936945],[-57.132411833999925,-20.941900821369476],[-57.13167978899992,-20.941458647369487],[-57.131078982999945,-20.94086051136949],[-57.130804540999975,-20.94040824836944],[-57.1306631299999,-20.940175212369443],[-57.13042110199996,-20.939460828369416],[-57.13034686799995,-20.938752589369546],[-57.13040919599996,-20.938231190369528],[-57.130441660999914,-20.93795961336949],[-57.13082261699998,-20.93703969736952],[-57.131146280999936,-20.93658997136954],[-57.13187048499998,-20.935935323369595],[-57.13226951499996,-20.935698482369595],[-57.13543334399993,-20.93430705636963],[-57.13586339799997,-20.934038487369627],[-57.13603190199996,-20.93392763636959],[-57.13655728099991,-20.933420137369623],[-57.13825545499992,-20.931013992369728],[-57.140955874999975,-20.92575188936985],[-57.14096639999997,-20.925723717369863],[-57.14138308599997,-20.923515681369906],[-57.14142647699993,-20.922808354369934],[-57.1413126519999,-20.92208896636984],[-57.14068303699986,-20.92032094736994],[-57.14056674699992,-20.919815049369873],[-57.14052965699994,-20.91920696637002],[-57.14060552899991,-20.918587423370017],[-57.140790620999894,-20.91799022536999],[-57.14155334299994,-20.916344862370064],[-57.14350655699997,-20.91315066137016],[-57.14417627499989,-20.911053854370113],[-57.14429733099996,-20.91016802537023],[-57.14420587799992,-20.909396683370172],[-57.14343860599996,-20.906778237370307],[-57.14158750399992,-20.901810249370406],[-57.14109238099997,-20.898052991370484],[-57.14109294099996,-20.897592821370562],[-57.1411055559999,-20.89748179337051],[-57.141182251999965,-20.896806777370532],[-57.141299353999955,-20.89637275437051],[-57.14133374399995,-20.896245293370537],[-57.14186494799986,-20.895290319370606],[-57.14268475299991,-20.894530367370603],[-57.14319667099983,-20.894240248370615],[-57.144299426999964,-20.893912345370648],[-57.14540601299984,-20.893911308370644],[-57.14639746199998,-20.894190561370564],[-57.14922328399996,-20.895793105370547],[-57.14966266899995,-20.89616531937058],[-57.15000612499995,-20.896571969370566],[-57.15013163999987,-20.896796604370564],[-57.15088230099996,-20.898140075370513],[-57.151675231999945,-20.89960356537041],[-57.15308949999991,-20.901554110370363],[-57.15346219999992,-20.902399564370402],[-57.15358927699999,-20.903287018370264],[-57.15359713199991,-20.904586168370265],[-57.15362798599989,-20.909688629370226],[-57.15362888699996,-20.90983754737021],[-57.15370121899997,-20.910193588370163],[-57.15377555799989,-20.91055951437007],[-57.153892044999964,-20.91082790637014],[-57.154046507999965,-20.91118380137011],[-57.15405291099995,-20.911192850370135],[-57.15483708599998,-20.91230100737014],[-57.154882130999916,-20.91236466237017],[-57.15489251499997,-20.91237508537016],[-57.155373514999894,-20.91285791737014],[-57.15540390399991,-20.912888421370063],[-57.15545261999995,-20.912920288370152],[-57.15606081799991,-20.91331813037017],[-57.15610358499998,-20.913346105370085],[-57.15626303299996,-20.913406733370106],[-57.15682023599993,-20.91361860137005],[-57.15783214899983,-20.91376494837017],[-57.15879774999996,-20.91364549837006],[-57.161613571999965,-20.912663010370167],[-57.16242730199997,-20.91221714637014],[-57.16444015899997,-20.910428321370237],[-57.1661059939999,-20.908503160370262],[-57.16711026999985,-20.90732268637032],[-57.16980942599997,-20.905100523370372],[-57.171403792999904,-20.90313891637037],[-57.17195443599991,-20.90270715437043],[-57.17265108699991,-20.902337567370413],[-57.17358570699997,-20.901971961370354],[-57.173656211999855,-20.901954789370397],[-57.173669780999894,-20.9019514843704],[-57.17417602299997,-20.901828183370373],[-57.17481142599996,-20.90177430737044],[-57.17543719899993,-20.9018209083704],[-57.17604570999992,-20.9019657933704],[-57.17662896699989,-20.902208734370337],[-57.17714598299994,-20.902527629370418],[-57.177923628999906,-20.90316481437035],[-57.178403264999986,-20.903665236370347],[-57.1787502869999,-20.90417808137034],[-57.178885721999904,-20.904463308370293],[-57.18087566199989,-20.908654182370203],[-57.181139561999885,-20.90923009737026],[-57.18249231699992,-20.913583227370058],[-57.18297654999992,-20.91815548437001],[-57.18296862499989,-20.922497933369833],[-57.18296854299996,-20.922543083369824],[-57.18278673099991,-20.927665498369784],[-57.18278380499993,-20.92774793936969],[-57.1828166009999,-20.928042926369802],[-57.182933129999874,-20.929091026369775],[-57.182955780999976,-20.929294758369657],[-57.18304068799989,-20.92950759736973],[-57.183168259999945,-20.929827380369723],[-57.18329058799998,-20.93013401836976],[-57.183401013999855,-20.93027083236973],[-57.18365115499995,-20.9305807443697],[-57.18406588099998,-20.931094566369648],[-57.184586070999956,-20.931403119369655],[-57.184783207999885,-20.93152005136968],[-57.18562013999996,-20.931845755369718],[-57.18642310399997,-20.931961867369704],[-57.187393447999966,-20.931882107369706],[-57.18816274899996,-20.931636758369642],[-57.18898424699995,-20.93114505736972],[-57.18944357799995,-20.930713600369742],[-57.19088780699991,-20.929050435369764],[-57.19244713599995,-20.926324794369847],[-57.19268089399992,-20.925801849369797],[-57.1927213859999,-20.925693967369856],[-57.192768501999986,-20.925489683369854],[-57.19285744399997,-20.92506924936988],[-57.19391747199995,-20.91688450037002],[-57.1939290759999,-20.91650533136993],[-57.19354539099999,-20.91059308237018],[-57.19354539099999,-20.89737736937055],[-57.193548627999974,-20.897301569370505],[-57.19354868299996,-20.89706539337052],[-57.19388831999993,-20.888693058370677],[-57.19388353399996,-20.888570379370666],[-57.193880694999905,-20.88849758037077],[-57.19375710999998,-20.887887734370754],[-57.19355367999992,-20.887375584370677],[-57.19188279499997,-20.88481899537088],[-57.191231128999966,-20.884112669370896],[-57.19046146699998,-20.883620043370804],[-57.18937279099987,-20.88328343237085],[-57.18584204599995,-20.88301117137089],[-57.185064994999955,-20.88307506037088],[-57.180212784999924,-20.883975710370873],[-57.17951526399998,-20.88399001437085],[-57.17928165899991,-20.883972615370848],[-57.179073262999964,-20.883957093370903],[-57.17889294599991,-20.883908199370868],[-57.178642290999846,-20.883840232370808],[-57.17828594899993,-20.88374360837082],[-57.17787323199991,-20.883558857370822],[-57.17626499299996,-20.88265940837087],[-57.175594322999984,-20.882207709370885],[-57.17348227999992,-20.880320828370866],[-57.173318618999986,-20.88009270137091],[-57.17317546299995,-20.87989315637093],[-57.1729603359999,-20.87959328837098],[-57.17268153099997,-20.878879387371008],[-57.172662524999964,-20.878761169370993],[-57.172661056999914,-20.878752034370862],[-57.17255986099991,-20.87812260537103],[-57.17257889999991,-20.877945821370957],[-57.17281238699985,-20.87577782737103],[-57.172867261999954,-20.875268297371107],[-57.1730618499999,-20.872384286371027],[-57.17253574299997,-20.86738611037129],[-57.17253389899998,-20.867049308371314],[-57.172532597999975,-20.866811721371306],[-57.17253208799991,-20.866718801371267],[-57.17257930899989,-20.86643137537127],[-57.17314193699991,-20.86300673237134],[-57.17316755599984,-20.862850789371418],[-57.173398944999974,-20.862284873371397],[-57.17450441499995,-20.860177987371475],[-57.17519605799998,-20.858742017371462],[-57.17549627799997,-20.857805407371433],[-57.17559811299993,-20.857204987371492],[-57.17568165999995,-20.85513110137154],[-57.17545313999995,-20.853017687371633],[-57.17540942299996,-20.85266085537151],[-57.175181309999914,-20.85188436837159],[-57.17516986299995,-20.851851962371647],[-57.1746014819999,-20.850971532371673],[-57.1744651649999,-20.85083321937169],[-57.17412510799994,-20.850513572371632],[-57.17362610199996,-20.85018513437163],[-57.17355518799991,-20.85014761337172],[-57.173041527999885,-20.849875832371698],[-57.172486989999925,-20.849725438371692],[-57.17187372899991,-20.84965593437162],[-57.17126640099991,-20.849679300371726],[-57.170381799999916,-20.84989353637165],[-57.1678797209999,-20.851085355371666],[-57.16481438899996,-20.851776168371593],[-57.16418772799989,-20.852078673371555],[-57.16273428999989,-20.853049783371617],[-57.16167680999997,-20.853436348371606],[-57.161446868999974,-20.853464805371644],[-57.16070485199993,-20.853502669371622],[-57.16044710499983,-20.853492091371606],[-57.15995197399991,-20.853390074371596],[-57.157782470999905,-20.85288970237152],[-57.15655093299995,-20.852759417371576],[-57.15576451499999,-20.852775179371662],[-57.154998235999926,-20.852928691371652],[-57.15427037199993,-20.85324133337163],[-57.15154601699993,-20.854985803371537],[-57.15143550899984,-20.85510523937156],[-57.150078462999886,-20.856571942371538],[-57.148751327999896,-20.858006317371533],[-57.14680905799992,-20.859781709371394],[-57.14663018199997,-20.859945216371408],[-57.14591588999991,-20.860343188371374],[-57.145036784999945,-20.8605946413714],[-57.14254753999995,-20.860873434371456],[-57.14193749599991,-20.860885448371445],[-57.14027673599992,-20.860680668371398],[-57.13950892099995,-20.860459583371334],[-57.13881520599995,-20.860099526371368],[-57.13820447899997,-20.859596077371503],[-57.13772415799991,-20.858980311371447],[-57.13737808699989,-20.85824642037148],[-57.13722037699989,-20.857399275371474],[-57.13730231299991,-20.85650537637155],[-57.137553197999985,-20.855773239371562],[-57.13947626699991,-20.851722201371665],[-57.13964449999992,-20.851131965371692],[-57.13969667599997,-20.85043668837167],[-57.13969851599995,-20.850398174371687],[-57.13935949299997,-20.845640176371756],[-57.13927435199992,-20.84511335637175],[-57.138593078999975,-20.84296264937186],[-57.138071021999906,-20.841333993371872],[-57.137694860999886,-20.84041021737186],[-57.13665688599997,-20.83787550237202],[-57.1366461969999,-20.837834897372026],[-57.135976634999906,-20.835291336371938],[-57.13587791599991,-20.834916314372],[-57.13580900799991,-20.834175670372105],[-57.135913288999916,-20.83091223137217],[-57.13600338699991,-20.830319816372214],[-57.13619552299991,-20.829729495372224],[-57.137870533999944,-20.826191555372244],[-57.138719330999834,-20.824275184372357],[-57.13937722599991,-20.822615419372394],[-57.13967124899989,-20.82209485537241],[-57.140038354999895,-20.821639947372308],[-57.14050256699994,-20.821228938372442],[-57.140999053999906,-20.82091704537238],[-57.14158057699996,-20.820671116372317],[-57.14215817899998,-20.820528778372445],[-57.14279324399984,-20.820474898372456],[-57.14339371899996,-20.820518091372342],[-57.14441772699996,-20.820813726372386],[-57.14520033199989,-20.821288133372384],[-57.14581041999992,-20.821898881372352],[-57.14608036099987,-20.822416247372338],[-57.146233884999965,-20.8227104903723],[-57.14673819399991,-20.823807899372355],[-57.14693827399998,-20.824060509372373],[-57.14699129599989,-20.824127453372213],[-57.147845160999964,-20.82520549837229],[-57.14841284799985,-20.825770127372277],[-57.14907618399991,-20.82622220737227],[-57.15123841399998,-20.827367164372244],[-57.152287126999965,-20.827839808372243],[-57.15389690899991,-20.828571175372243],[-57.15494996099994,-20.829272719372213],[-57.15584674899998,-20.829870159372053],[-57.156616774999975,-20.830222960372176],[-57.156643905999935,-20.830235391372142],[-57.156662941999905,-20.83023875837218],[-57.157759410999915,-20.8304326933722],[-57.15779125799992,-20.8304326933722],[-57.15893775899991,-20.83028816937208],[-57.15939812399989,-20.830113024372057],[-57.159578299999964,-20.830042859372114],[-57.16012302799993,-20.829718552372213],[-57.16014089899988,-20.82970623237216],[-57.160586638999916,-20.82932011437223],[-57.16070430399998,-20.82918827537222],[-57.16102139299994,-20.828793100372238],[-57.16133829499994,-20.82819304737223],[-57.16155067799991,-20.82746373037221],[-57.161586499999885,-20.82668584737227],[-57.16126075799991,-20.82509693637232],[-57.16126075999984,-20.825021428372246],[-57.161218542999904,-20.824807796372262],[-57.16122053899989,-20.82418903437234],[-57.1614269929999,-20.823324738372335],[-57.162299799999914,-20.821521287372374],[-57.16254406599995,-20.82121393737243],[-57.162640701999976,-20.82112560537241],[-57.16477001399994,-20.819179251372468],[-57.16612449099989,-20.81794115537244],[-57.16778557199996,-20.81573359337246],[-57.168232467999985,-20.814794120372476],[-57.16848728499991,-20.8135394163726],[-57.168444809999976,-20.812625157372562],[-57.16825699099996,-20.811985452372653],[-57.167234851999915,-20.809588729372656],[-57.1672332519999,-20.809586307372644],[-57.16305963399998,-20.804398342372753],[-57.16278954399985,-20.804064807372725],[-57.16219578999994,-20.803532828372834],[-57.16083456399991,-20.802649182372893],[-57.16027418099992,-20.802114765372796],[-57.159905106999936,-20.801589166372853],[-57.15963066899997,-20.80097560837281],[-57.15950055499985,-20.800437566372818],[-57.159493977999944,-20.80033458637292],[-57.159488622999845,-20.80025071937281],[-57.15946384999984,-20.79986276037286],[-57.159468580999885,-20.79981883437286],[-57.15946382699991,-20.799716380372924],[-57.15954866099992,-20.79911055137288],[-57.15974408199992,-20.79852777937293],[-57.16004414899999,-20.797985769372932],[-57.16043974499985,-20.79750099137302],[-57.16152713999992,-20.79665476337298],[-57.16218427599995,-20.795952407372972],[-57.162618969999926,-20.79511483137308],[-57.162739742999975,-20.794681504373024],[-57.16279819299996,-20.79378473437312],[-57.16268689799989,-20.793150913373047],[-57.16246555199996,-20.792564178373112],[-57.16155417699998,-20.791083797373133],[-57.161544234999845,-20.791064416373167],[-57.16151587299998,-20.791018470373178],[-57.16042344199992,-20.788879461373156],[-57.15950226399991,-20.787083646373215],[-57.15911776499996,-20.78649537237328],[-57.1585564959999,-20.785944016373286],[-57.15634000199992,-20.78423911637328],[-57.15548204299989,-20.78375647237337],[-57.15532081699996,-20.783694334373326],[-57.15451411499993,-20.78350869837336],[-57.154122285999904,-20.783460668373294],[-57.153988150999915,-20.78344422637334],[-57.15271972199997,-20.78346115237334],[-57.151475836999964,-20.783477751373287],[-57.15123934099995,-20.78348090737327],[-57.151058708999926,-20.783513370373296],[-57.14708271499984,-20.78422793437324],[-57.14687413799999,-20.78426542037324],[-57.14608027099996,-20.78450085937334],[-57.14323880299992,-20.78566654937331],[-57.14204005399995,-20.786115190373284],[-57.14112499099991,-20.786333193373203],[-57.14083887199996,-20.7863661343733],[-57.140506855999945,-20.78639860737321],[-57.13945287899986,-20.786369034373266],[-57.13624699999991,-20.786268924373157],[-57.13566472499997,-20.786122197373253],[-57.13071419199997,-20.78435527137322],[-57.124782818999904,-20.783809189373255],[-57.12401808599998,-20.783807953373316],[-57.115050285999985,-20.78449631337333],[-57.114759453999966,-20.784549072373242],[-57.114314645999855,-20.784629763373292],[-57.11402973199989,-20.7846814483733],[-57.11191212299991,-20.7854044923732],[-57.11127803299996,-20.785721162373225],[-57.1100193179999,-20.78658350037324],[-57.110002679999916,-20.786594022373208],[-57.109366429999966,-20.786883560373262],[-57.10931663199994,-20.786904167373276],[-57.10903664399996,-20.787020027373263],[-57.10822496399993,-20.787154672373212],[-57.10741232499992,-20.787110986373253],[-57.106435450999925,-20.78682956737316],[-57.10578577399992,-20.786470149373272],[-57.10518236499991,-20.78594044637324],[-57.10474636099997,-20.78534155137326],[-57.10440728299989,-20.78454431937331],[-57.103786584999966,-20.782088376373405],[-57.10373740299991,-20.781504569373414],[-57.103792411999905,-20.77900026437348],[-57.103859471999954,-20.778703879373477],[-57.103967310999906,-20.778227272373478],[-57.10411667699992,-20.777567127373402],[-57.10415020299997,-20.77750052837348],[-57.10452259799996,-20.776760786373497],[-57.1045436199999,-20.776719024373527],[-57.104614506999894,-20.77664290237353],[-57.10518924999985,-20.776025714373464],[-57.105242752999914,-20.775968259373524],[-57.105347473999984,-20.775895218373513],[-57.105665888999965,-20.775673127373505],[-57.10658647499991,-20.775273918373557],[-57.10698179399992,-20.775186652373524],[-57.10878317899994,-20.77507306237351],[-57.109062029999905,-20.775055479373414],[-57.109155732999966,-20.775060506373567],[-57.11192103899987,-20.77520886937357],[-57.11623501199995,-20.775440319373555],[-57.11734726699996,-20.77523223937357],[-57.118103401999974,-20.7748420873735],[-57.118495211999964,-20.77457162037356],[-57.119598672999985,-20.77351192337356],[-57.11979472999997,-20.773313188373596],[-57.119876251999926,-20.773204318373573],[-57.12032179999994,-20.772513732373586],[-57.1204166359999,-20.772331605373623],[-57.1205885789999,-20.771803652373627],[-57.12066123799997,-20.770980289373654],[-57.12050619599996,-20.76838969637367],[-57.12051782099991,-20.768288441373734],[-57.120579456999955,-20.76775152537363],[-57.120629412999904,-20.767316342373732],[-57.1208341919999,-20.76676388437367],[-57.12113984099995,-20.766243280373768],[-57.121510920999924,-20.76580353937375],[-57.12198058299998,-20.76540537137375],[-57.12252774399997,-20.76507949237381],[-57.12301601099995,-20.764881894373826],[-57.1240377929999,-20.764696180373818],[-57.125186706999955,-20.764813373373812],[-57.125758341999976,-20.76500574237374],[-57.126291237999965,-20.765284279373773],[-57.12721277599991,-20.765958372373742],[-57.1277335609999,-20.766222558373787],[-57.12795179699992,-20.766315563373716],[-57.12807518999994,-20.766368149373697],[-57.12858209399997,-20.766479217373785],[-57.12877931799994,-20.76652243137368],[-57.13012522099991,-20.766613789373693],[-57.13230563399992,-20.76654903537376],[-57.13285724499991,-20.766481679373772],[-57.13299230599989,-20.766458766373773],[-57.13387745799997,-20.766155746373734],[-57.134674471999915,-20.765630835373667],[-57.13520953799997,-20.765056962373787],[-57.135598945999845,-20.764389327373742],[-57.13560115499985,-20.764383202373768],[-57.13580940199996,-20.76365214837376],[-57.13586737099985,-20.762825820373816],[-57.13586934299991,-20.76274071037378],[-57.135518376999926,-20.761318671373836],[-57.13533170299985,-20.760562307373927],[-57.13359509399993,-20.755008217374016],[-57.133496468999965,-20.75469279537406],[-57.133481031999914,-20.75358684837405],[-57.133762204999925,-20.7526931823741],[-57.13402705599998,-20.752227120374123],[-57.13476884399989,-20.751430957374076],[-57.13575777699993,-20.750868672374086],[-57.13681625599992,-20.750627722374176],[-57.13775665999992,-20.750642532374147],[-57.14048980399997,-20.750962175374106],[-57.14115680099997,-20.7510993793741],[-57.14252095999995,-20.751495587374023],[-57.14416529399995,-20.751973168374104],[-57.14448516199997,-20.7521215413741],[-57.144855566999865,-20.752315163374135],[-57.145377305999936,-20.752715677374088],[-57.14567157899995,-20.75306055137404],[-57.14600066699984,-20.753461797373998],[-57.14626122199991,-20.754052174374078],[-57.14637092699991,-20.75431751137399],[-57.14645052099985,-20.75475321137406],[-57.146684995999976,-20.75825657737388],[-57.14702121099998,-20.760689768373904],[-57.147202801999924,-20.761349366373903],[-57.147436376999956,-20.761845017373787],[-57.14775230099991,-20.76230315437383],[-57.1493808649999,-20.76392287737377],[-57.1498969889999,-20.764235883373814],[-57.14991174999989,-20.764244835373788],[-57.15004172199997,-20.764323656373712],[-57.15036737399992,-20.764444670373774],[-57.15054547499989,-20.764510854373825],[-57.150742510999976,-20.764584074373754],[-57.1549068139999,-20.76535126937371],[-57.15500436499997,-20.765372123373673],[-57.15889352399989,-20.76622754037373],[-57.15899063499995,-20.766260424373684],[-57.16003617399991,-20.76677928637371],[-57.160639130999925,-20.767345178373624],[-57.16083482699992,-20.767585039373753],[-57.160935086999984,-20.767725331373708],[-57.1610460899999,-20.767925877373685],[-57.16131814399995,-20.768549687373703],[-57.16138306399989,-20.768742980373695],[-57.16157749999991,-20.76980804937365],[-57.16162225799991,-20.77006368837369],[-57.16164401799983,-20.770187972373673],[-57.161765211999914,-20.773983348373548],[-57.161858675999895,-20.774473649373505],[-57.16191109199991,-20.77474861237353],[-57.16197945799996,-20.774891519373526],[-57.16216759399998,-20.775284781373557],[-57.1624103279999,-20.77570091837349],[-57.16282795799992,-20.776169022373427],[-57.16332567399997,-20.776561811373398],[-57.16388835599991,-20.77686734837342],[-57.16465687099998,-20.777112700373504],[-57.165463634999924,-20.777195798373498],[-57.166110895999964,-20.777142540373465],[-57.16673848999989,-20.77698438237344],[-57.16732734699997,-20.776726131373405],[-57.16853952499998,-20.775919408373554],[-57.169179357999894,-20.775318579373497],[-57.17272566499997,-20.77075527037363],[-57.17321298699994,-20.76981792637368],[-57.173380215999934,-20.768949922373668],[-57.1734465749999,-20.764214120373815],[-57.1732079709999,-20.75953729937395],[-57.17326228999997,-20.75896390937385],[-57.17327733999998,-20.758805055373966],[-57.173284112999966,-20.758733546373957],[-57.174871733999964,-20.754120196374014],[-57.17517159799991,-20.75038345837412],[-57.17532621099991,-20.749731541374114],[-57.17533614499996,-20.74968965537409],[-57.175388684999916,-20.749468130374172],[-57.175744610999914,-20.748783809374153],[-57.17733122199991,-20.746814681374264],[-57.177870662999965,-20.746364767374168],[-57.178520959999844,-20.74600937437417],[-57.17923377899996,-20.745783804374224],[-57.17994490399997,-20.745699448374282],[-57.180171805999926,-20.74571519237417],[-57.18045767999996,-20.745735028374202],[-57.180794851999956,-20.74577678337419],[-57.18115955099994,-20.745872727374252],[-57.18148798699991,-20.74597759937421],[-57.18203314099992,-20.74623572037425],[-57.18283385299992,-20.746790629374196],[-57.18317162499988,-20.747040912374207],[-57.18327069799989,-20.747093372374206],[-57.1835024099999,-20.747216066374236],[-57.18370131499984,-20.74732138837425],[-57.18426694899989,-20.747515051374254],[-57.184367512999984,-20.747532530374208],[-57.18464907999993,-20.747581471374247],[-57.18488864299991,-20.747623111374143],[-57.18507667899997,-20.747625523374154],[-57.185414278999986,-20.74762985437417],[-57.18568296199993,-20.747607741374225],[-57.18602185099991,-20.747558675374254],[-57.186296031999916,-20.747489566374217],[-57.18660643599987,-20.747393987374217],[-57.18712454899992,-20.74715363737421],[-57.18726350799989,-20.74708513537423],[-57.188040954999906,-20.746443766374206],[-57.188328106999954,-20.74606133937429],[-57.188585774999915,-20.745680863374258],[-57.1890589809999,-20.74452180837421],[-57.1891156179999,-20.744377755374295],[-57.18999592999989,-20.741256358374404],[-57.190329150999965,-20.74064201337438],[-57.19075118799998,-20.740118751374343],[-57.191310829999914,-20.7396574863744],[-57.191502567999976,-20.739553056374433],[-57.19379539299996,-20.738304264374452],[-57.19379803599992,-20.73830248837447],[-57.19526969799989,-20.73731347837449],[-57.19733675099996,-20.73591432837447],[-57.1977506689999,-20.735555887374463],[-57.199497901999905,-20.733587420374537],[-57.19954422799992,-20.73355510037454],[-57.19965231599997,-20.73342499637456],[-57.20014990399995,-20.73303221937455],[-57.200861242999906,-20.73266509637457],[-57.201480723999914,-20.732481350374574],[-57.2021247109999,-20.73240159237461],[-57.2029343239999,-20.73245151237459],[-57.20356173699997,-20.732609663374586],[-57.20455571499997,-20.733122657374583],[-57.20567590499991,-20.734143851374473],[-57.20626029799996,-20.73452214737453],[-57.20691291499986,-20.734790299374517],[-57.20757287099992,-20.734931497374433],[-57.20828457399995,-20.734955244374557],[-57.2089830729999,-20.73485226837445],[-57.20965293499989,-20.734624845374572],[-57.210213267999904,-20.734312783374527],[-57.21083368399991,-20.73378377137453],[-57.21135026999991,-20.733097691374564],[-57.21151558999992,-20.732771152374568],[-57.21161859899991,-20.73248045237457],[-57.21197945899985,-20.73027048737456],[-57.212242653999965,-20.72949992137466],[-57.21264952299987,-20.728826347374667],[-57.21415509499991,-20.72704947937466],[-57.215141575999894,-20.725258670374764],[-57.215321746999905,-20.72471077637476],[-57.21538689899995,-20.72424510637478],[-57.215306459999965,-20.72305021737478],[-57.21523980899997,-20.72234759437486],[-57.215249980999836,-20.722211273374842],[-57.215286842999944,-20.72171731937478],[-57.21531389399996,-20.721354835374793],[-57.2153838719999,-20.72112430237481],[-57.21546194899998,-20.720867093374896],[-57.2169418659999,-20.717668519374968],[-57.21695155099991,-20.717647589374963],[-57.21697195999991,-20.717618721374954],[-57.21796787799991,-20.715970728374973],[-57.21834040899989,-20.715470180374936],[-57.2189264409999,-20.714942368374988],[-57.21961999899992,-20.71454640437494],[-57.22023029999997,-20.71433741237505],[-57.22103211099994,-20.71422130237501],[-57.22168095899991,-20.71424795537504],[-57.22231503199999,-20.714380211374955],[-57.22359307799991,-20.71497340637491],[-57.22444141899996,-20.715254023375],[-57.22530743899994,-20.71533539437502],[-57.22616985899998,-20.71522518337503],[-57.22695445599999,-20.71494273137501],[-57.22734137299983,-20.714724529374916],[-57.22799403199992,-20.71419006737503],[-57.228500002999965,-20.713523798375086],[-57.22885635499995,-20.712684308375074],[-57.230165592999924,-20.707955511375204],[-57.23047499899991,-20.706815679375254],[-57.23201156699997,-20.69996225137537],[-57.23211869399995,-20.698544547375334],[-57.232394436999925,-20.694748844375514],[-57.23196647799989,-20.690085894375557],[-57.232025003999915,-20.68915630037568],[-57.2322073809999,-20.688501591375697],[-57.2337647189999,-20.684664651375744],[-57.23425303399989,-20.682218505375847],[-57.23430961199995,-20.681609763375764],[-57.2341826619999,-20.680702448375833],[-57.2337261909999,-20.67972621737581],[-57.23229199199989,-20.67813375337591],[-57.232269758999905,-20.67810191437594],[-57.23115248399994,-20.67650188737593],[-57.23036057099989,-20.675367805376002],[-57.22833196799991,-20.672963871376016],[-57.22826887499991,-20.67291459737603],[-57.22773789099995,-20.672513537376094],[-57.227702037999904,-20.672495265376067],[-57.2268841479999,-20.672136335376063],[-57.226809949999904,-20.67211473637605],[-57.223969413999896,-20.671674183376133],[-57.22325246699989,-20.671483831376065],[-57.22136063199997,-20.67053898737608],[-57.220803178999915,-20.670190101376125],[-57.22018591799991,-20.669621685376164],[-57.220114825999985,-20.669519141376103],[-57.220046768999964,-20.669420977376145],[-57.219727154999994,-20.668959960376135],[-57.219684880999864,-20.668859670376165],[-57.21965968899991,-20.66879990937612],[-57.219457966999926,-20.668321349376154],[-57.21914363999991,-20.667142648376167],[-57.2188071729999,-20.665933437376243],[-57.21863819099997,-20.665558348376212],[-57.21852165399997,-20.66536684737621],[-57.218263276999835,-20.66498515137625],[-57.21770245799997,-20.664433786376282],[-57.21527791299991,-20.662600813376294],[-57.21168755699995,-20.65934128037642],[-57.210752591999956,-20.65890260437645],[-57.21003677799996,-20.65869923537642],[-57.20756132999998,-20.657995941376445],[-57.20676127699994,-20.657881194376447],[-57.2060141419999,-20.657911897376376],[-57.2045582639999,-20.658232987376312],[-57.203833973999906,-20.658522555376454],[-57.20316065499992,-20.658961689376362],[-57.20224404699991,-20.65983684837636],[-57.20185047499996,-20.66036894237641],[-57.20159174499985,-20.660899864376386],[-57.20150857699991,-20.661221971376374],[-57.20141939899997,-20.661567356376356],[-57.20065164299996,-20.664540860376185],[-57.20063673299989,-20.664784828376185],[-57.20055787399991,-20.666075188376254],[-57.20049345999985,-20.66712918037621],[-57.200602848999836,-20.667774737376167],[-57.20081741999991,-20.66835919837618],[-57.20091056299998,-20.66849372437619],[-57.201034192999884,-20.66867228337613],[-57.20143625599996,-20.66925297837611],[-57.202045298999906,-20.669761236376075],[-57.203459085999896,-20.67055817137609],[-57.20412213099996,-20.671175499375998],[-57.205356436999864,-20.673024997376015],[-57.20557851999997,-20.67359920837606],[-57.205691283999954,-20.67420098937605],[-57.20569023299993,-20.674823320375914],[-57.204885593999904,-20.682854551375843],[-57.2047087019999,-20.683394857375784],[-57.20406653799989,-20.684732304375782],[-57.203586940999905,-20.68534786137576],[-57.20310820099991,-20.68576069837575],[-57.2025605529999,-20.68608903037571],[-57.20196063699989,-20.686322880375688],[-57.201326681999944,-20.686455142375713],[-57.20067795299991,-20.686481797375713],[-57.19972025199991,-20.686322880375688],[-57.198916340999915,-20.686047278375714],[-57.197601042999956,-20.685596358375722],[-57.19747000599989,-20.68555143537565],[-57.19659268199996,-20.68546217337564],[-57.19586582399995,-20.68553610737569],[-57.19298181299996,-20.686216956375723],[-57.19296617299989,-20.686219411375745],[-57.190144473999965,-20.686652705375614],[-57.18899216199992,-20.686654973375745],[-57.18716791699996,-20.68619467737572],[-57.187151763999964,-20.686190601375735],[-57.186350460999904,-20.68577640237577],[-57.18634109599992,-20.68576779737577],[-57.185646515999906,-20.685129603375753],[-57.18559564099991,-20.685082858375793],[-57.185588400999904,-20.685072471375758],[-57.1853006259999,-20.684659656375768],[-57.18528659999998,-20.68463953537578],[-57.185255093999956,-20.684578187375713],[-57.1846660299999,-20.683524177375823],[-57.18425216599985,-20.68302513137576],[-57.18371500799998,-20.682581830375764],[-57.183003904999964,-20.682214704375856],[-57.1803216749999,-20.681563640375867],[-57.17562625199997,-20.681334594375794],[-57.17493279899997,-20.6811539923758],[-57.17431850599996,-20.680874755375893],[-57.17383775499997,-20.680550543375894],[-57.17364226999996,-20.680366569375867],[-57.17340508399997,-20.680143350375847],[-57.17306801199993,-20.67970320137588],[-57.17278982399995,-20.679179516375925],[-57.17253359899996,-20.67812134337596],[-57.17253451299996,-20.677238500375925],[-57.172622599999954,-20.676684970375888],[-57.1727668939999,-20.67627311737584],[-57.173263676999966,-20.674855172375977],[-57.17366793899993,-20.674209099376014],[-57.17432154799991,-20.67357004737598],[-57.17745988599989,-20.671401397376094],[-57.177593476999846,-20.671285128376],[-57.17946504899998,-20.66962180737607],[-57.17983755299997,-20.669138284376125],[-57.181441375999896,-20.66628578737626],[-57.181690336999964,-20.665550801376224],[-57.18309824599993,-20.658935215376378],[-57.183189060999894,-20.65770295737644],[-57.18341291699994,-20.654553862376453],[-57.183356320999955,-20.653945120376466],[-57.18311620399993,-20.652952139376584],[-57.179615741999896,-20.643936320376785],[-57.179559027999915,-20.64379024537681],[-57.1767377779999,-20.637389340376956],[-57.17535732199991,-20.63135788237705],[-57.1741109219999,-20.628091412377163],[-57.17362598299991,-20.627248437377222],[-57.173058978999904,-20.626660691377175],[-57.17227691399995,-20.62616948037724],[-57.17145672199996,-20.625892702377264],[-57.170095459999914,-20.62570335737724],[-57.1692052059999,-20.62578155237719],[-57.16841987799995,-20.626019096377256],[-57.162639697999964,-20.6291260403771],[-57.16157758599991,-20.629463653377137],[-57.16093094999991,-20.62951691337709],[-57.160284313999966,-20.629463653377137],[-57.15738032699994,-20.628867819377135],[-57.156710108999896,-20.62876544937711],[-57.15443985899997,-20.628399092377087],[-57.15439843499996,-20.628392407377184],[-57.15397055499989,-20.628238283377122],[-57.153607465999876,-20.62810749737714],[-57.15360137699997,-20.6281037123772],[-57.15293491999989,-20.627689410377172],[-57.1523744399999,-20.627144193377227],[-57.151949911999964,-20.62649357437714],[-57.15169454299996,-20.625803887377174],[-57.15159672599992,-20.62503997637727],[-57.1516736659999,-20.624278872377246],[-57.15219623699989,-20.622461371377277],[-57.15221390599993,-20.621698259377347],[-57.15210118199991,-20.62109647437729],[-57.15147342299997,-20.61974867637734],[-57.15092410899991,-20.618784152377426],[-57.15047622099996,-20.618300458377362],[-57.15033160399997,-20.61816430937742],[-57.149675971999905,-20.617738372377428],[-57.14949546999998,-20.617640260377392],[-57.14862490099989,-20.617354861377336],[-57.14809301699995,-20.617288937377378],[-57.14717238799989,-20.617358635377435],[-57.1470696959999,-20.617366410377475],[-57.146743025999974,-20.6174575493773],[-57.1465725409999,-20.61750511337741],[-57.14655804399996,-20.61750915837738],[-57.14266550099995,-20.61914226337739],[-57.14066612299996,-20.61998109737741],[-57.14055400599995,-20.620028135377403],[-57.13658485699989,-20.62210268637732],[-57.136238066999965,-20.622241353377294],[-57.13498110199998,-20.62246717337731],[-57.132121261999934,-20.622442822377277],[-57.13187067799993,-20.622415700377335],[-57.131211433999916,-20.62231392937727],[-57.13105586799992,-20.622289913377326],[-57.13073234199999,-20.6221608183773],[-57.1305208909999,-20.622076444377313],[-57.13044166599991,-20.622044831377288],[-57.130149336999985,-20.621864174377308],[-57.129880137999976,-20.621697811377352],[-57.129421785999966,-20.62128919837732],[-57.128952286999954,-20.620686346377298],[-57.12863885899992,-20.620145053377293],[-57.127515939999846,-20.618205766377372],[-57.12726268499995,-20.617630982377456],[-57.12712830299995,-20.617113895377475],[-57.127112122999904,-20.61607407937744],[-57.127424099999985,-20.615071501377468],[-57.12803995499996,-20.61419669437749],[-57.12887398499993,-20.61355137137749],[-57.129099900999904,-20.61346532637756],[-57.12942751399993,-20.61334054937757],[-57.12996864299993,-20.613134450377547],[-57.130171795999956,-20.613102684377484],[-57.13459184799991,-20.612411541377522],[-57.134597441999915,-20.612410345377544],[-57.14202505199995,-20.610821973377572],[-57.14277333299998,-20.610580715377612],[-57.143350973999986,-20.610264852377597],[-57.14953579999997,-20.606142542377683],[-57.1534125579999,-20.603909704377806],[-57.15416863899992,-20.60356797937781],[-57.15881176099998,-20.602004278377784],[-57.158909199999925,-20.601959737377822],[-57.15963127099991,-20.60160711137778],[-57.161805964999985,-20.600240063377854],[-57.163194028999904,-20.599361788377873],[-57.16381796499985,-20.598765023377883],[-57.16423848799991,-20.598112465377937],[-57.16451382999998,-20.597323880377964],[-57.16543550199992,-20.59301423337799],[-57.16549204699999,-20.592405485378006],[-57.1654354719999,-20.591796739378026],[-57.165267834999895,-20.59120736137811],[-57.164257800999906,-20.58868034837815],[-57.1622708349999,-20.585971279378175],[-57.16209566099991,-20.585649062378163],[-57.16200484399992,-20.585482015378243],[-57.16186764599996,-20.58522965137812],[-57.16166254299992,-20.58447623437826],[-57.1616469999999,-20.583661260378253],[-57.16185455699991,-20.58278968237828],[-57.16234311699992,-20.581534766378304],[-57.16262873499994,-20.58102491637831],[-57.16323012199996,-20.580318143378285],[-57.165769152999985,-20.578131088378406],[-57.166308230999896,-20.57745547837846],[-57.16656537299997,-20.576936140378407],[-57.16659943199994,-20.576841960378452],[-57.16675037899989,-20.57631139737842],[-57.16677505999991,-20.575245068378422],[-57.16654738699992,-20.57441667937845],[-57.16605859699996,-20.57351624837842],[-57.16571792399992,-20.573082870378517],[-57.16034828799991,-20.566340611378738],[-57.160140740999964,-20.565988004378607],[-57.15931030899993,-20.564577151378767],[-57.159029618999966,-20.563935950378777],[-57.15892121499997,-20.563475376378797],[-57.15888907699997,-20.563338829378683],[-57.15888518799983,-20.56325488737874],[-57.1588669169999,-20.56286056337874],[-57.15886067599985,-20.56272585237869],[-57.15891909599998,-20.56229900637883],[-57.15893551799991,-20.562179020378824],[-57.15918655999992,-20.561456756378846],[-57.15957180099998,-20.56082436937887],[-57.1625507249999,-20.55752711137892],[-57.16415624899997,-20.55575001737898],[-57.17161088899991,-20.549856641379126],[-57.173286488999906,-20.548329060379153],[-57.173767873999964,-20.54776209137907],[-57.174119997999924,-20.547111995379183],[-57.17428965099987,-20.54656922037915],[-57.17436098499991,-20.546011833379158],[-57.17433171099998,-20.545417755379216],[-57.17419727799995,-20.54483918237925],[-57.17361182399992,-20.543471239379226],[-57.17021296799999,-20.53782541637942],[-57.16998428499989,-20.537277438379398],[-57.169863173999886,-20.53674916137947],[-57.169839829999944,-20.53601579437947],[-57.16998262699991,-20.535247694379482],[-57.17105615499992,-20.53240807837942],[-57.17151138699995,-20.531616242379528],[-57.17385019699992,-20.528991562379606],[-57.17470702199995,-20.52837432737961],[-57.175296497999966,-20.528117230379664],[-57.17867968999991,-20.526983419379683],[-57.182778705999965,-20.525770005379663],[-57.18352262899999,-20.525434827379662],[-57.18705768599989,-20.52382533637975],[-57.18757996199986,-20.52352270337978],[-57.188058195999986,-20.523109859379797],[-57.188453061999894,-20.5226250513798],[-57.18881140499997,-20.521940461379838],[-57.1896822519999,-20.518574957379872],[-57.18967977999995,-20.517938484379894],[-57.1893847639999,-20.515731809379986],[-57.18937136499994,-20.515202888379932],[-57.19007833899997,-20.51067105438006],[-57.19195629199994,-20.504718382380183],[-57.19212827999996,-20.503517726380288],[-57.19200090099997,-20.501316811380278],[-57.19186026299997,-20.499023830380352],[-57.19146297999998,-20.496467170380438],[-57.190990614999976,-20.49344966738049],[-57.19087678699997,-20.493060726380413],[-57.18909940099991,-20.487419829380624],[-57.18877513799998,-20.486890625380653],[-57.18842264199993,-20.486484683380628],[-57.18169836299996,-20.479828227380874],[-57.18083898599997,-20.479230553380827],[-57.179461524999965,-20.478592034380902],[-57.17730825999996,-20.477598958380884],[-57.17724716999999,-20.477576041380846],[-57.171816612999976,-20.47553889538094],[-57.171075157999894,-20.47539851638087],[-57.16501178199997,-20.474838576380982],[-57.16418159199992,-20.474950267380898],[-57.1634051719999,-20.47521656738092],[-57.158869865999975,-20.477686081380888],[-57.1582732249999,-20.47808588938081],[-57.155465256999946,-20.480647550380827],[-57.15117075499995,-20.484565350380684],[-57.15109452499996,-20.484634893380736],[-57.146575785999914,-20.4899865243806],[-57.14617116799991,-20.490858534380603],[-57.14486404499996,-20.495598033380457],[-57.14482789799996,-20.495916901380482],[-57.14478887999985,-20.496261118380442],[-57.14366063899985,-20.506214100380195],[-57.143661099999974,-20.50625887438014],[-57.14367721399998,-20.507825763380165],[-57.14371707099991,-20.511701507380046],[-57.14480354899991,-20.51571401037996],[-57.14513375599995,-20.51647148637987],[-57.14559156999991,-20.51710588037994],[-57.15079163999986,-20.52302214037979],[-57.151267006999944,-20.523801893379787],[-57.15153835399991,-20.52486280437961],[-57.15183304199996,-20.530523144379544],[-57.15180562899991,-20.53115130337956],[-57.15085585599991,-20.534975598379432],[-57.14738462199995,-20.544198086379225],[-57.14716307999993,-20.544645624379214],[-57.145484476999854,-20.547106707379122],[-57.14452870999992,-20.548490874379116],[-57.14326030799992,-20.550074359379092],[-57.14090890299992,-20.552998512379066],[-57.14008676099991,-20.553777332378985],[-57.13519603699991,-20.558317292378913],[-57.134658114999986,-20.55893656737885],[-57.13131575299991,-20.56439111837874],[-57.13128995999983,-20.564453091378752],[-57.12924911099998,-20.569356842378543],[-57.129234095999884,-20.569392918378618],[-57.12919602099992,-20.569561152378558],[-57.12908862699993,-20.570035660378633],[-57.1290689409999,-20.57064625037862],[-57.12939850999993,-20.57260965537847],[-57.12973641499992,-20.574622721378457],[-57.129784817999905,-20.574753529378437],[-57.130631716999915,-20.57704222137842],[-57.13145469299997,-20.57926626537831],[-57.13152242899997,-20.57939545137835],[-57.131720811999976,-20.57977380937837],[-57.13354911599998,-20.58326076037824],[-57.13383277699989,-20.58430843237825],[-57.13380076099992,-20.585726937378205],[-57.13380012899995,-20.585732365378213],[-57.13357387399998,-20.58646339737824],[-57.13327424399995,-20.587005431378202],[-57.13282804999989,-20.587528966378134],[-57.13254517099995,-20.58777592237815],[-57.13221205499991,-20.58806673537813],[-57.13167305499991,-20.588348808378175],[-57.131087881999974,-20.588547673378123],[-57.13026275699992,-20.58866192637817],[-57.12948928099996,-20.58860564937813],[-57.1286833019999,-20.58837882137819],[-57.12616684499994,-20.587331378378156],[-57.12265365699989,-20.586460401378147],[-57.122227598999984,-20.586355555378084],[-57.117415646999916,-20.585585924378204],[-57.116717457999975,-20.585311776378244],[-57.113850835999926,-20.583807539378274],[-57.11372404399992,-20.58372852637821],[-57.113692633999904,-20.583712066378286],[-57.11128357599989,-20.582233851378287],[-57.110934451999924,-20.58206537837834],[-57.10802340099997,-20.581158121378316],[-57.107501188999834,-20.58100917037834],[-57.10554989099995,-20.58077928637833],[-57.1054324239999,-20.580765447378365],[-57.1040058719999,-20.580767356378235],[-57.103087466999966,-20.58063667137837],[-57.102212041999906,-20.58028991337834],[-57.10182125699998,-20.58004255737831],[-57.10116708499993,-20.57943402537836],[-57.10065893999991,-20.578623086378443],[-57.10039984399998,-20.577718603378397],[-57.10040357399993,-20.576791383378435],[-57.10066564299996,-20.575901954378402],[-57.10095954699983,-20.57538686637844],[-57.1010186499999,-20.575283285378468],[-57.10182581899983,-20.574197917378477],[-57.10241026299997,-20.573412039378514],[-57.10248552999997,-20.573310830378485],[-57.1062021699999,-20.569461736378603],[-57.10623963899991,-20.569422702378546],[-57.10837494099991,-20.566775306378684],[-57.110829075999845,-20.56372145337878],[-57.111257406999925,-20.56288415237881],[-57.1119064649999,-20.560712341378828],[-57.112012732999915,-20.560223787378764],[-57.11204101799996,-20.5596132933789],[-57.11187226899983,-20.558712041378854],[-57.11138475299998,-20.557773562378873],[-57.10873927999995,-20.554709454379008],[-57.10815386399992,-20.554181632378913],[-57.10766720699997,-20.553883656378982],[-57.10424558399995,-20.552232444378998],[-57.10268266099985,-20.551314685379026],[-57.102441337999956,-20.551207183379088],[-57.10188535299995,-20.551042072379037],[-57.10154124999991,-20.550965117379043],[-57.101334035999905,-20.550918776379074],[-57.10038009199991,-20.55094234337904],[-57.09934425199992,-20.551245245379075],[-57.098943470999984,-20.55149765737908],[-57.098802091999914,-20.551586697379054],[-57.09846765599997,-20.551797324379056],[-57.096236139999974,-20.554315855379006],[-57.09326439199987,-20.5581485963788],[-57.092708648999974,-20.558615890378874],[-57.09002265099997,-20.560367697378837],[-57.08942746199983,-20.56088194237886],[-57.088861372999986,-20.561627406378758],[-57.08802069899996,-20.56316912537877],[-57.08645068699991,-20.565951281378666],[-57.085411741999906,-20.56772997737853],[-57.08503958899997,-20.568230546378636],[-57.08458079299992,-20.568662648378677],[-57.083866886999886,-20.56909098937858],[-57.08340304399991,-20.569254049378543],[-57.08294890999997,-20.569380421378618],[-57.082399057999964,-20.56945901437862],[-57.08014440699991,-20.56953093237863],[-57.07795512499991,-20.56960076637856],[-57.0777624229999,-20.569606913378635],[-57.07675809799997,-20.569812389378647],[-57.07407189699995,-20.57084981437855],[-57.073525633999964,-20.57112704337861],[-57.07285129999991,-20.571642441378497],[-57.07233551499996,-20.57225104037857],[-57.07207568399997,-20.57271488537858],[-57.071852244999945,-20.573349920378504],[-57.07102222799995,-20.5772227383784],[-57.07097945199996,-20.577742483378408],[-57.07096057399997,-20.57797185537844],[-57.07094962199989,-20.57810490837828],[-57.071166019999914,-20.585189714378178],[-57.07137007399996,-20.5862333643782],[-57.07138449299998,-20.58630710437815],[-57.07144248099996,-20.586603684378193],[-57.072998442999854,-20.590712581378124],[-57.07314289699997,-20.591106890378065],[-57.07314992299995,-20.591145064378118],[-57.073252820999926,-20.592037601378063],[-57.073253352999984,-20.592219697378006],[-57.073101665999964,-20.593029852378052],[-57.07309584399991,-20.593056374378037],[-57.07285642799991,-20.59356875637803],[-57.072761053999905,-20.593763956378034],[-57.07218036799992,-20.594476572378017],[-57.07213500499989,-20.59451141337795],[-57.0715798629999,-20.594930962378008],[-57.071168081999936,-20.59512218037801],[-57.070800118999955,-20.59528375037799],[-57.0703143639999,-20.595400979378002],[-57.06995958199985,-20.595459886377977],[-57.06941819499991,-20.595483536377984],[-57.06922651999986,-20.59547170637798],[-57.06864152099996,-20.595390545378006],[-57.068273114999954,-20.595339433377973],[-57.067615656999976,-20.59516068137801],[-57.06695858399996,-20.59486030237802],[-57.0650264439999,-20.593669917377895],[-57.062383896999904,-20.592041851378028],[-57.059050923999905,-20.589988416378077],[-57.05852467499989,-20.589735368378157],[-57.057931013999905,-20.589559112378126],[-57.056976155999855,-20.589416514378165],[-57.052628392999914,-20.58876722437817],[-57.051978110999926,-20.588786058378112],[-57.04732294899998,-20.589354974378118],[-57.04667648199995,-20.589301714378163],[-57.04388496599989,-20.588820372378112],[-57.04295945299998,-20.588865372378113],[-57.03782656099992,-20.59028444837807],[-57.034144779999906,-20.591112465378107],[-57.03331086599986,-20.591522119378048],[-57.030256175999966,-20.593526953378056],[-57.02778574599996,-20.596230868377962],[-57.0272859829999,-20.59699041837795],[-57.02612973699996,-20.600464212377858],[-57.02603827299992,-20.60100603737788],[-57.025961086999935,-20.602612776377725],[-57.02575803399992,-20.60343590637778],[-57.02543981599991,-20.604043512377785],[-57.02538243699996,-20.604141428377797],[-57.02500442299992,-20.604605294377627],[-57.02450323599994,-20.60501914837767],[-57.02429649899989,-20.605162089377746],[-57.02383288599999,-20.605414119377773],[-57.02322302199997,-20.605623122377715],[-57.02258387899985,-20.605729236377723],[-57.02148195299998,-20.60566123237775],[-57.02144476399991,-20.605656746377736],[-57.021274798999904,-20.60563624137773],[-57.02093942699986,-20.605499055377656],[-57.01927178499989,-20.604816898377702],[-57.0161084479999,-20.60348000237779],[-57.01536731199997,-20.603333267377756],[-57.014615969999966,-20.603331338377743],[-57.01301756799995,-20.603626452377778],[-57.01226197799997,-20.603941783377795],[-57.011565049999945,-20.60443000737776],[-57.00868421399996,-20.60704028337768],[-57.00807394599991,-20.607424224377667],[-57.00800558099997,-20.607466140377646],[-57.00741055099985,-20.607698207377656],[-57.006761635999965,-20.607819741377675],[-57.00576366599989,-20.607821458377646],[-57.00555199999991,-20.60777660837766],[-57.0044099249999,-20.607534617377556],[-57.00289431399983,-20.60736329637769],[-57.002881884999965,-20.60735953637771],[-57.00268919599989,-20.60730124237768],[-57.002138261999896,-20.60713456837767],[-57.00209885599992,-20.607112558377708],[-57.0020954339999,-20.607110647377635],[-57.001417094999915,-20.606731768377657],[-57.001058341999965,-20.60643715937763],[-57.00093704499989,-20.606294160377693],[-57.00067897599996,-20.60598991637759],[-57.00051877199991,-20.60580104937769],[-57.0004531809999,-20.605671730377743],[-57.00026519799991,-20.60530110137773],[-57.0001634749999,-20.60510054637775],[-57.0001463189999,-20.60501325537769],[-56.999804803999886,-20.60327560737777],[-56.99979045099997,-20.603202574377793],[-56.99929535999996,-20.59770368137795],[-56.998425932999965,-20.594066130378042],[-56.99801294499997,-20.59303162937802],[-56.99764383499991,-20.59240876737804],[-56.997226688999945,-20.59194066537803],[-56.99672956299992,-20.591547882378052],[-56.99571368799997,-20.591076156378108],[-56.99494063599997,-20.590929120378025],[-56.99183505399998,-20.590734283377984],[-56.99094651099989,-20.590486722378134],[-56.99028459899995,-20.590144177378114],[-56.98689623499996,-20.587936718378128],[-56.98667286499989,-20.587748164378155],[-56.985497365999954,-20.58675587837814],[-56.98543818899992,-20.586705923378194],[-56.98490778999985,-20.585919492378157],[-56.984864746999904,-20.585785867378235],[-56.9846603179999,-20.58515120837811],[-56.98461174899995,-20.58500042437827],[-56.98460863099995,-20.58487513737827],[-56.98458986999992,-20.584121208378196],[-56.98458866199991,-20.58407268737825],[-56.9846776029999,-20.583604040378216],[-56.98477636099989,-20.583314164378212],[-56.98505602999995,-20.58249327037828],[-56.98507627499992,-20.582433848378336],[-56.9852066709999,-20.58220562437827],[-56.98541226599991,-20.581845789378242],[-56.98543910199993,-20.581798820378204],[-56.9859736539999,-20.581205528378316],[-56.986661117999965,-20.580711582378324],[-56.99030603199992,-20.579200892378324],[-56.99224287899994,-20.578390719378305],[-56.99577604999991,-20.57629008637846],[-56.996357555999964,-20.57601240037847],[-56.99708738199996,-20.575795074378437],[-57.00097966199996,-20.575088657378444],[-57.001795594999976,-20.575029870378394],[-57.002552125999955,-20.5751085443785],[-57.002836163999916,-20.575198058378422],[-57.00604377499991,-20.57620893237848],[-57.00621449999983,-20.57626417237842],[-57.00777512199988,-20.57693515037842],[-57.01034909799989,-20.57804532637839],[-57.01443067199989,-20.580487024378318],[-57.015377135999984,-20.580832884378346],[-57.01614845399985,-20.580924485378354],[-57.016901918999906,-20.58087409037828],[-57.01987667299994,-20.58015356737836],[-57.02000549399986,-20.580106123378343],[-57.02035326999994,-20.579978038378385],[-57.02106787399992,-20.57960883437835],[-57.02121314899994,-20.579522721378407],[-57.02197723699993,-20.578769463378325],[-57.02399219299991,-20.575843534378443],[-57.02405083699988,-20.57573878537839],[-57.025597906999906,-20.572162002378576],[-57.025763071999904,-20.571780142378525],[-57.02577149899997,-20.57176066237859],[-57.02580353999997,-20.571703863378588],[-57.0261065599999,-20.571166706378616],[-57.02615174199991,-20.5710866133786],[-57.02779709099991,-20.568753752378647],[-57.02858040399997,-20.567643130378624],[-57.02861917499997,-20.567588158378694],[-57.03207568199998,-20.56378024537878],[-57.03378768799996,-20.56027119037887],[-57.034031720999906,-20.559565955378897],[-57.034516378999854,-20.557386579378935],[-57.03493284999996,-20.55539492837884],[-57.03494181399998,-20.550398813379097],[-57.034932106999975,-20.550328664379087],[-57.03481978699989,-20.549646195379133],[-57.03460907199997,-20.549102809379146],[-57.03440726699989,-20.54866692137913],[-57.0316359969999,-20.544725626379158],[-57.02822067699987,-20.54099842437931],[-57.02729987999999,-20.540182801379302],[-57.02582136799993,-20.53889538237939],[-57.02501728899995,-20.53841286637944],[-57.02496695999986,-20.53839217837943],[-57.024347151999905,-20.538188654379283],[-57.022812506999855,-20.537844503379418],[-57.01984687199996,-20.53717944737939],[-57.018842745999905,-20.537201224379412],[-57.01262863299985,-20.538345741379384],[-57.00975477999993,-20.53849030137934],[-57.00647131199992,-20.53865170437939],[-57.001142147999985,-20.538718558379404],[-56.99935794099997,-20.53897630337939],[-56.9949687369999,-20.53960676537933],[-56.99286333499987,-20.53965174837933],[-56.988587191999905,-20.539743112379348],[-56.988478397999984,-20.53974543637927],[-56.983866942999896,-20.540435854379336],[-56.98329707699998,-20.54052117337922],[-56.98313988899986,-20.54054470737937],[-56.982315821999975,-20.54075182437935],[-56.9817225899999,-20.541020153379357],[-56.97841445499995,-20.543389511379306],[-56.977705580999896,-20.544065183379168],[-56.97767399199994,-20.544118280379198],[-56.9769371459999,-20.545356813379165],[-56.97661820699989,-20.545714848379188],[-56.97638205699991,-20.5459799483791],[-56.975464495999915,-20.546599514379103],[-56.97444451299993,-20.54692564937918],[-56.97365448799991,-20.546976294379146],[-56.97189972999996,-20.546834335379145],[-56.9673223069999,-20.5456430963792],[-56.96655891899991,-20.545585421379148],[-56.96573446899998,-20.5456840213792],[-56.960012186999904,-20.5469840893792],[-56.95448505499985,-20.547564455379145],[-56.95388693399991,-20.547757737379133],[-56.952041728999916,-20.548575584379115],[-56.951229557999966,-20.549116461379096],[-56.950939117999894,-20.54942771137907],[-56.94926147099994,-20.551225568379007],[-56.94760412299991,-20.55300167437905],[-56.94488440099997,-20.55665624037892],[-56.94403300799996,-20.557359499378876],[-56.94079815299989,-20.558770901378825],[-56.93608846899997,-20.560441822378877],[-56.93239273399996,-20.56216196837868],[-56.92854116999996,-20.56430752737877],[-56.92749272599991,-20.564890968378712],[-56.923236107999976,-20.56664881237871],[-56.92255129299997,-20.566859024378605],[-56.9219603009999,-20.56693230237861],[-56.921837902999926,-20.56693590437866],[-56.92140192599999,-20.566948736378645],[-56.9187194299999,-20.566470090378676],[-56.917849007999905,-20.56617725237863],[-56.9171264499999,-20.565746315378654],[-56.9166226939999,-20.565282102378735],[-56.91615316599996,-20.56463878637872],[-56.91413236999989,-20.560950206378795],[-56.913831933999916,-20.560034918378776],[-56.91378682699991,-20.559234996378844],[-56.9142582899999,-20.554028654378964],[-56.91441007099996,-20.553327452378976],[-56.9146512289999,-20.552757247379063],[-56.91475520899991,-20.552603883378985],[-56.918227174999856,-20.547482921379135],[-56.918253927999956,-20.547432573379204],[-56.92151893099998,-20.54128819737933],[-56.921649153999915,-20.541136397379315],[-56.92540540899995,-20.536757754379316],[-56.92633013799991,-20.535679805379484],[-56.930729581999906,-20.52984211037953],[-56.93146152599991,-20.529241520379585],[-56.94093974499999,-20.52329580937975],[-56.941760227999914,-20.522957269379727],[-56.94590605499985,-20.52198049737974],[-56.94662871199995,-20.52171219037975],[-56.94720419299989,-20.52136310337975],[-56.95156403199991,-20.51814770737991],[-56.954800708999926,-20.516297347379968],[-56.95817599799989,-20.514876594379935],[-56.95859002599986,-20.51465304437991],[-56.95871293599998,-20.514568136380007],[-56.95914408599987,-20.514234771379996],[-56.95959471099985,-20.51373986637998],[-56.9596877539999,-20.513576725379995],[-56.96006157199991,-20.51286253037995],[-56.96012347199991,-20.512679300380018],[-56.960162191999984,-20.51251473637999],[-56.96025982599991,-20.511624180380057],[-56.96005254199997,-20.510584123380074],[-56.95946991699992,-20.50916719038014],[-56.959389109999904,-20.508181311380174],[-56.959543688999986,-20.50739164638018],[-56.960330669999905,-20.505576525380228],[-56.96079830699995,-20.504914738380187],[-56.962719939999886,-20.502895138380307],[-56.96322546299996,-20.50251922638027],[-56.966126086999964,-20.5007791703803],[-56.96677051799992,-20.500252839380313],[-56.96892946099996,-20.497319474380397],[-56.96934636699996,-20.496550858380342],[-56.96955189199991,-20.49570415338046],[-56.96992471699997,-20.49110604238045],[-56.9700410289999,-20.486128574380693],[-56.970078090999955,-20.485907163380652],[-56.970276009999964,-20.48472479338071],[-56.9702975379999,-20.484596187380735],[-56.970303208999894,-20.48457677338073],[-56.970369577999975,-20.484349583380762],[-56.970479267999906,-20.4839740933807],[-56.9707334439999,-20.4834530843807],[-56.971072878999905,-20.482980014380722],[-56.9714860439999,-20.48256885938073],[-56.971993960999896,-20.482207793380812],[-56.97254291399998,-20.481938517380726],[-56.97428741099998,-20.48152758438084],[-56.97497618199993,-20.481510401380767],[-56.97862453299991,-20.481790657380763],[-56.97960398699996,-20.48199585038069],[-56.98024896699991,-20.482277240380803],[-56.98248849199996,-20.483546169380773],[-56.98333119799997,-20.484166633380756],[-56.98399096099991,-20.48501318238069],[-56.984216147999916,-20.48550913038066],[-56.9846402259999,-20.4868825803807],[-56.985125816999926,-20.487675145380607],[-56.98559933299987,-20.488155862380673],[-56.987618319999854,-20.489852986380548],[-56.98832671599985,-20.49039048738059],[-56.98873950599989,-20.49070369638059],[-56.989259248999986,-20.49100094338057],[-56.98986758999997,-20.491239429380563],[-56.99204473999998,-20.491878958380507],[-56.99245106399996,-20.49199831438053],[-56.992822894999904,-20.4921075383805],[-56.993518649999885,-20.492164972380547],[-56.99372212099996,-20.492181769380544],[-56.99387242499996,-20.492174718380465],[-56.994705218999854,-20.492053562380548],[-56.99988218899989,-20.490695284380593],[-57.001587818999894,-20.489947557380635],[-57.005343877999906,-20.48733046838069],[-57.00548786599984,-20.487254562380617],[-57.005502468999964,-20.487246864380687],[-57.011375383999905,-20.484150840380764],[-57.01196051699998,-20.483622997380742],[-57.015612267999984,-20.479470042380846],[-57.01912855799987,-20.477039996380928],[-57.021852632999924,-20.4748651693809],[-57.022262637999916,-20.474405323380957],[-57.0245598809999,-20.471273818381096],[-57.02481517599989,-20.470687599381094],[-57.02599453799996,-20.466989056381145],[-57.026051035999956,-20.466380298381157],[-57.02599450899999,-20.465771543381088],[-57.025293516999966,-20.462264244381313],[-57.02507466399999,-20.46157174838133],[-57.024775254999895,-20.461029718381265],[-57.02441341399998,-20.46057919238121],[-57.02292780099999,-20.459109121381385],[-57.02223871299998,-20.45862632838139],[-57.021497396999905,-20.458318916381366],[-57.020876290999986,-20.45819828638134],[-57.01925995399989,-20.458139920381324],[-57.016119530999966,-20.45802652038135],[-57.015417150999895,-20.458123724381387],[-57.01530731599996,-20.458151712381387],[-57.01526043799993,-20.45816365838142],[-57.01079914099989,-20.45930048938139],[-57.010715937999976,-20.45931878638139],[-57.007452587999865,-20.46003642338135],[-57.006514323999966,-20.460135754381284],[-57.001768430999846,-20.459780331381385],[-56.99803664399997,-20.458692781381387],[-56.99733867499998,-20.4584090203814],[-56.99652711799997,-20.457850497381354],[-56.99298073299991,-20.454292171381493],[-56.99234897599996,-20.453812611381522],[-56.985202975999925,-20.449901632381565],[-56.985143957999924,-20.44986251138163],[-56.98017746599999,-20.4465703733817],[-56.980164734999896,-20.446563992381545],[-56.97466462999989,-20.44380688938176],[-56.96873669999997,-20.441013834381852],[-56.96802295999999,-20.440577220381833],[-56.967468083999904,-20.440057181381817],[-56.965423716999965,-20.437419779381823],[-56.96366638799992,-20.43580370738197],[-56.96349018399991,-20.435604401381912],[-56.96326049599992,-20.435344597381928],[-56.9628567979999,-20.434650826381837],[-56.962639865999904,-20.43392953038186],[-56.9625935279999,-20.43315124738195],[-56.96274946399984,-20.431894552382044],[-56.962911583999926,-20.431284143382076],[-56.96316400899985,-20.430739376382014],[-56.96350743099992,-20.430246223382106],[-56.9639568419999,-20.429791445382065],[-56.96425144899996,-20.42960154038205],[-56.96584209699995,-20.428576201381997],[-56.9665469439999,-20.428294152382094],[-56.969611037999925,-20.42747522938212],[-56.97057775899998,-20.427341595382167],[-56.97126746699996,-20.42739133638211],[-56.97185521199998,-20.42753332938216],[-56.975503341999854,-20.429173986382054],[-56.976458063999985,-20.429417522382018],[-56.977589284999965,-20.42939425438214],[-56.981250889999956,-20.428645199382117],[-56.984556469999916,-20.427059985382176],[-56.984648276999955,-20.426996787382166],[-56.98773378099992,-20.42485599038223],[-56.987854847999984,-20.4247894443822],[-56.988825374999976,-20.424255980382217],[-56.99245694099989,-20.42225983438231],[-56.9930258459999,-20.42179600538231],[-56.99469027699996,-20.419972267382366],[-56.99507971799994,-20.419303045382332],[-56.99591653899989,-20.417007196382446],[-56.996032052999965,-20.416280090382404],[-56.99597907999993,-20.415518416382362],[-56.99573504299997,-20.414746559382483],[-56.994376820999946,-20.412153248382566],[-56.99392122899991,-20.41113975338258],[-56.99251502299989,-20.40801155338263],[-56.99242111799987,-20.407802652382664],[-56.99188323899995,-20.40590208738269],[-56.99182873799999,-20.40570950738272],[-56.99177647299991,-20.405524837382657],[-56.99174502899996,-20.4049211243827],[-56.99182242899997,-20.40430181338273],[-56.992182724999964,-20.403357773382716],[-56.99340660299998,-20.401216105382677],[-56.99392762499991,-20.40055377838276],[-56.99466475699995,-20.39997798338286],[-56.995630641999924,-20.399527841382845],[-56.99814275499989,-20.398261627382816],[-56.998165150999974,-20.398248944382907],[-56.9984155919999,-20.39805661438291],[-56.99880399299997,-20.39773190338278],[-56.99925981499984,-20.397168621382825],[-56.99965374699992,-20.39631982238287],[-56.99979490199996,-20.39535933438291],[-56.99965195899995,-20.394403927383003],[-56.99893249099995,-20.392944366382984],[-56.99869279399991,-20.392086846382938],[-56.99869281499991,-20.39117167038299],[-56.99874342799984,-20.391007951383052],[-56.99874666799991,-20.390980073382966],[-56.99899648699989,-20.390186075383095],[-56.99899850599991,-20.39018286738309],[-56.999122839999984,-20.38998521338311],[-56.99948148399989,-20.389415075383013],[-56.999591804999966,-20.389313653383127],[-56.999857074999966,-20.38906977838306],[-57.0013409749999,-20.387705567383087],[-57.002450099999926,-20.386318138383196],[-57.0033920539999,-20.38511615038324],[-57.005612594999945,-20.38321177738328],[-57.006199386999924,-20.382299914383253],[-57.00634319999989,-20.38183462638321],[-57.006427643999984,-20.38152925338328],[-57.00646438299998,-20.38073540138334],[-57.006466116999945,-20.3806417443833],[-57.00598945999997,-20.37812228638337],[-57.0051774829999,-20.375728972383474],[-57.00508321799993,-20.375452326383343],[-57.00508263999996,-20.375449420383426],[-57.00494325099999,-20.374747230383477],[-57.0049411099999,-20.374736447383427],[-57.00494952599996,-20.3744762803834],[-57.004965581999954,-20.373979942383478],[-57.00496804499989,-20.373903797383498],[-57.00519312999995,-20.373138120383512],[-57.00620553799996,-20.37138800638349],[-57.006727011999935,-20.370791275383596],[-57.0072071379999,-20.370414821383555],[-57.00954909899997,-20.368910463383564],[-57.012127337999914,-20.36763737538359],[-57.01265814599998,-20.367286864383633],[-57.01320458499998,-20.36674937938358],[-57.01321634699997,-20.36673704138356],[-57.01477901599998,-20.364597054383648],[-57.015010063999966,-20.36407098738377],[-57.015028729999926,-20.3640242143837],[-57.015154142999904,-20.363432777383693],[-57.01518471499997,-20.363230802383764],[-57.01521073699996,-20.360263260383825],[-57.01521057499996,-20.3602135463837],[-57.01474454799995,-20.356538323383898],[-57.01475120599997,-20.35572947938397],[-57.015024205999914,-20.354752423383992],[-57.01561390899985,-20.35385669838399],[-57.01635397599989,-20.353232330384017],[-57.0172676279999,-20.35280813438393],[-57.01810055699997,-20.35264837638405],[-57.02021879799992,-20.35270370438396],[-57.02086427399996,-20.352650443384018],[-57.02376859099991,-20.351832211384007],[-57.02405727099989,-20.35172031338407],[-57.024141989999976,-20.351684110384035],[-57.02521123999992,-20.350879039384054],[-57.02558802399989,-20.350390445383958],[-57.02617156499997,-20.349120514384072],[-57.02631508999991,-20.34842445438405],[-57.02627047699997,-20.3476724043841],[-57.02601131199993,-20.346808474384154],[-57.025659213999916,-20.346135104384214],[-57.02563874099991,-20.346107466384137],[-57.02502961799997,-20.34542282338422],[-57.02440872999995,-20.344993454384216],[-57.02295455299998,-20.344265825384248],[-57.02102337599997,-20.34330776938421],[-57.02089981199987,-20.34323769238418],[-57.02079879799993,-20.34318040438425],[-57.01790554799993,-20.341539556384326],[-57.01730313999991,-20.34130457038426],[-57.01234269999992,-20.340058079384274],[-57.01215207499996,-20.340003872384326],[-57.011070462999896,-20.339696299384354],[-57.00729285899996,-20.338622081384333],[-56.99981237599991,-20.334549364384447],[-56.995518831999846,-20.332928135384524],[-56.99467281099993,-20.332810557384512],[-56.994376674999955,-20.332810557384512],[-56.9940851639999,-20.332827826384406],[-56.9914241219999,-20.33321916338446],[-56.98702567099992,-20.333030719384514],[-56.98636596199998,-20.33294243238447],[-56.98564656599996,-20.33272982238448],[-56.98217966899988,-20.33127872138453],[-56.98167629199992,-20.330981449384513],[-56.97945136699991,-20.329364303384622],[-56.97867841599992,-20.328993648384582],[-56.978596859999925,-20.32896791338464],[-56.976144673999904,-20.328411403384564],[-56.97590869599992,-20.328381455384605],[-56.975682014999904,-20.328352688384605],[-56.973070261999965,-20.328308688384602],[-56.97233930099998,-20.32837849538453],[-56.97171575199991,-20.32853609238459],[-56.968262262999986,-20.32980843038459],[-56.96794839499995,-20.33002958838457],[-56.967126818999986,-20.330608490384588],[-56.96393917699993,-20.332962298384537],[-56.96301717399996,-20.33340220238449],[-56.961903768999946,-20.333593843384445],[-56.95769422899991,-20.333529453384525],[-56.95670179499996,-20.333243501384512],[-56.952356817999885,-20.331134391384573],[-56.949416465999946,-20.329905932384484],[-56.948891270999916,-20.329625014384625],[-56.948367456999854,-20.329228448384573],[-56.947941941999886,-20.32877075138463],[-56.94760980399997,-20.32825443238456],[-56.9473593479999,-20.327641939384616],[-56.947251821999885,-20.32714612638465],[-56.94722025699997,-20.326516708384705],[-56.947309687999905,-20.325177478384685],[-56.94749528199998,-20.32443431538467],[-56.947908972999926,-20.323653136384753],[-56.95096414799991,-20.31976058538481],[-56.9520684929999,-20.31679459138481],[-56.95259570399992,-20.31473557838491],[-56.95259570299993,-20.314698402384987],[-56.95255234599989,-20.313717826384945],[-56.95241623699991,-20.313277340385007],[-56.952226777999954,-20.31276736938503],[-56.95161600899996,-20.311942058384968],[-56.950870720999944,-20.31128178738508],[-56.950517501999904,-20.310874700385046],[-56.950193627999965,-20.310345472385055],[-56.95011013599998,-20.310129049385026],[-56.95009461399991,-20.310099354385116],[-56.950078266999924,-20.310046442385126],[-56.9499397109999,-20.30959795938506],[-56.94990977099991,-20.309501045385122],[-56.94988596499991,-20.309310366385066],[-56.94986090699996,-20.309109658384994],[-56.94984345499994,-20.308969878385124],[-56.94987154399996,-20.308347952385134],[-56.950103896999906,-20.30708843538511],[-56.95037742799997,-20.30633917138515],[-56.95168981599994,-20.303790028385272],[-56.952186488999985,-20.303151353385275],[-56.952943220999884,-20.30255003438523],[-56.956105196999886,-20.300731310385192],[-56.956158144999904,-20.300696846385186],[-56.95922716099989,-20.29866134438539],[-56.96361826599997,-20.29351113338553],[-56.96578530799985,-20.2896784513855],[-56.96603130199986,-20.289129088385636],[-56.96702652099998,-20.284838157385725],[-56.96767673299985,-20.28123682738571],[-56.967995987999984,-20.280391035385843],[-56.97047942899991,-20.27703486838594],[-56.97118062199996,-20.276470413385876],[-56.97136370899989,-20.276374284385945],[-56.97138151299998,-20.27636080238591],[-56.97289637499989,-20.275542180385933],[-56.97353079699997,-20.274993609385984],[-56.97403270999997,-20.274250162386004],[-56.974076597999954,-20.274147816386],[-56.974343527999906,-20.27334890138602],[-56.97439641799991,-20.272587211386046],[-56.974273341999954,-20.271832776385907],[-56.973980140999856,-20.271121357386008],[-56.97353071499998,-20.270486685386093],[-56.97169981899992,-20.26894804138615],[-56.96939910499999,-20.266546007386204],[-56.96913147999993,-20.26626839338618],[-56.966533882999954,-20.264300118386167],[-56.96611054799984,-20.263824007386216],[-56.96607708099992,-20.26377098738627],[-56.9659255879999,-20.263530983386243],[-56.9658320069999,-20.263382724386233],[-56.96582728199997,-20.263370875386197],[-56.964233115999946,-20.259373257386386],[-56.960941281999965,-20.251118468386498],[-56.960492115999955,-20.248677765386624],[-56.96051014799992,-20.248071285386605],[-56.96065786999998,-20.247355369386625],[-56.96105851699991,-20.24602317638667],[-56.961245832999964,-20.245400336386673],[-56.961326393999975,-20.24513246038673],[-56.96155106599997,-20.244598352386678],[-56.96314588299987,-20.242121432386803],[-56.96363042099989,-20.241524923386823],[-56.96518669799997,-20.239954403386783],[-56.96529456499991,-20.239877941386858],[-56.96533765599992,-20.23984739638672],[-56.96597445699996,-20.23939599638687],[-56.96663377899989,-20.23912326838686],[-56.96891353999996,-20.23867609138674],[-56.96990972699996,-20.23820953838679],[-56.97072605799991,-20.23747194438687],[-56.971269599999914,-20.236536797386897],[-56.971437160999926,-20.235946519386907],[-56.97149003699997,-20.235184826386966],[-56.97136699099991,-20.234430386387],[-56.97107385899989,-20.233718965386956],[-56.970362472999916,-20.23274907038701],[-56.968630401999974,-20.231321307387066],[-56.968257380999944,-20.230917603387073],[-56.96786648999989,-20.230302017387103],[-56.9676258419999,-20.229667153387112],[-56.967516394999905,-20.228943437387095],[-56.96756711999984,-20.228213181387122],[-56.96776054999993,-20.22754527238717],[-56.967778255999974,-20.227510665387147],[-56.96799346799992,-20.227090033387167],[-56.96825512499993,-20.22657862238708],[-56.968309856999895,-20.22650062638718],[-56.96839177699996,-20.22638388738706],[-56.9686113699999,-20.226070959387197],[-56.969029235999926,-20.225642882387234],[-56.97110901699989,-20.224260369387252],[-56.97179554599995,-20.223624069387267],[-56.9727097899999,-20.2222714513873],[-56.9744370759999,-20.21971594538735],[-56.97449974899995,-20.21962322338737],[-56.97832085899989,-20.21558342438737],[-56.98122070399995,-20.211405843387567],[-56.9815001579999,-20.211075083387573],[-56.982767286999945,-20.209575319387593],[-56.98291391799989,-20.209401767387625],[-56.98335727899991,-20.208992278387587],[-56.983868910999945,-20.20864618338765],[-56.98413431899996,-20.208507712387572],[-56.99077104099996,-20.205045130387614],[-56.99107868399989,-20.204884623387642],[-56.99538285799998,-20.20190413138777],[-56.99590376499998,-20.201605608387748],[-56.999786602999905,-20.200201604387793],[-57.0009783609999,-20.19985384138782],[-57.00174363399992,-20.199720814387817],[-57.00236409899992,-20.199717621387823],[-57.00310198799997,-20.19984437138775],[-57.003748451999975,-20.200083616387733],[-57.00436807499989,-20.20045626938784],[-57.00487837399993,-20.200914922387838],[-57.005272881999986,-20.20143463738783],[-57.0055551239999,-20.202007860387813],[-57.00564061299997,-20.20234340838776],[-57.0056713699999,-20.20246413538772],[-57.00662350799991,-20.206409205387658],[-57.00684734999999,-20.206925624387658],[-57.00716324299998,-20.207413168387657],[-57.00732267999996,-20.20759174938765],[-57.0095602099999,-20.210097928387555],[-57.00958216499993,-20.21012251838757],[-57.013980310999955,-20.213805413387487],[-57.01407701299996,-20.21386741638745],[-57.014518203999955,-20.214150301387498],[-57.01481601399991,-20.214341251387467],[-57.01551524499996,-20.214667889387393],[-57.01577821799992,-20.214790734387417],[-57.01592379199991,-20.214858738387488],[-57.01614837099993,-20.21492110438749],[-57.01646063699991,-20.21500782138737],[-57.016613564999886,-20.21505029038741],[-57.01717638199989,-20.215096773387415],[-57.01735193299992,-20.21511127238739],[-57.018079759999864,-20.215036026387455],[-57.01812583099996,-20.215030782387487],[-57.01887919399991,-20.21478937338749],[-57.01894369599995,-20.214756495387363],[-57.01943884699995,-20.214486630387405],[-57.01957912899991,-20.21437691338749],[-57.022042357999915,-20.212400103387555],[-57.02392464099996,-20.20994712238754],[-57.024338418999896,-20.20918177038764],[-57.02453095899995,-20.20843769538766],[-57.02474867799992,-20.205796462387585],[-57.02438907199991,-20.203137895387677],[-57.02425024399997,-20.20255045138774],[-57.022983912999905,-20.199898172387847],[-57.021778809999944,-20.196986317387946],[-57.02159895199998,-20.196410063387887],[-57.0212332879999,-20.19438100038794],[-57.02091662499993,-20.19262383538796],[-57.0208850969999,-20.192448885387993],[-57.02088878799992,-20.191837489388046],[-57.020996356999945,-20.191270639388023],[-57.021228940999826,-20.19067244838805],[-57.02155531999995,-20.19014869738805],[-57.02285686899989,-20.188756219388072],[-57.023318288999974,-20.1883624523881],[-57.02429573299992,-20.187848564388165],[-57.02491824299989,-20.187684193388133],[-57.02659527499992,-20.18746880338809],[-57.027517066999906,-20.187150397388137],[-57.028447559999904,-20.18668612838817],[-57.02897775199989,-20.186335608388152],[-57.029536820999965,-20.185784197388106],[-57.02995622699985,-20.18513161038818],[-57.030177585999866,-20.184557357388233],[-57.030289963999905,-20.183955538388247],[-57.030058943999904,-20.18036542438832],[-57.03015959599998,-20.179724850388343],[-57.0303768899999,-20.17911502738837],[-57.03070709699989,-20.1785420053883],[-57.03202302699998,-20.176805699388407],[-57.034750890999995,-20.174541090388388],[-57.03520001499993,-20.17390639338846],[-57.03549300099991,-20.17319495638853],[-57.03629559899997,-20.168056550388645],[-57.03694563999994,-20.16448496238873],[-57.03697731499989,-20.16385807038873],[-57.037166552999906,-20.15929769038875],[-57.037384321999916,-20.158544550388903],[-57.03850743699985,-20.1560041213889],[-57.038841077999905,-20.155507094388923],[-57.03925394699996,-20.155072191389],[-57.04094583199997,-20.153960859388913],[-57.04193540699999,-20.15354580538895],[-57.04369397199991,-20.153313332388976],[-57.044319034999944,-20.15315516238896],[-57.045043987999975,-20.152817542389034],[-57.045674370999905,-20.152339746389014],[-57.049127943999906,-20.148386278389154],[-57.05207278299997,-20.143155843389295],[-57.05223485399995,-20.142927173389293],[-57.05413652399989,-20.140244070389322],[-57.054160558999854,-20.140210160389373],[-57.05619346099991,-20.137895084389363],[-57.056487830999856,-20.13755985538934],[-57.05657606799997,-20.137459371389372],[-57.06156846399995,-20.132769926389553],[-57.061704040999984,-20.132657413389467],[-57.0657016639999,-20.129339830389586],[-57.06762934699997,-20.12774006738968],[-57.06992013099994,-20.125434739389714],[-57.07032766099991,-20.124864614389708],[-57.07172708499991,-20.12212633338976],[-57.07189452299991,-20.12153604638981],[-57.07250223799991,-20.1178960873899],[-57.072822366999844,-20.117172723389913],[-57.07316081599987,-20.116407967389907],[-57.073205584999926,-20.116306808389965],[-57.073309443999904,-20.116163657389947],[-57.07346254699996,-20.115952634389924],[-57.0735990369999,-20.115764507389873],[-57.073909379999975,-20.11547137338999],[-57.07393119299991,-20.11545076938995],[-57.07408402599998,-20.115306410389916],[-57.07464779799989,-20.114942129390002],[-57.07527135099997,-20.11468344339001],[-57.07740498899995,-20.11428273539],[-57.0808364369999,-20.11447995638994],[-57.08542935599996,-20.114397848389984],[-57.089729082999895,-20.11378605239001],[-57.095085243999954,-20.112651080390055],[-57.0958881819999,-20.11258889239004],[-57.096961428999975,-20.11275354939006],[-57.103172410999946,-20.11483682338998],[-57.104054300999906,-20.11523679738987],[-57.11013595699996,-20.11881426538983],[-57.1106901469999,-20.119137293389787],[-57.11076751399992,-20.119182388389806],[-57.11208209999996,-20.119740484389872],[-57.113964267999904,-20.120556106389852],[-57.11419538399991,-20.120697876389812],[-57.114711455999895,-20.12110180638976],[-57.11484189199995,-20.121214697389778],[-57.11511848999992,-20.12155516438977],[-57.115292213999915,-20.12180194138978],[-57.1155345169999,-20.122241565389803],[-57.11607498899991,-20.123864699389756],[-57.116152050999915,-20.124452375389698],[-57.11623261199992,-20.126419026389677],[-57.11630909699994,-20.128286201389667],[-57.116319141999895,-20.128531415389624],[-57.116542354999986,-20.12930085038965],[-57.11682065999997,-20.129816068389548],[-57.11715453199991,-20.130247260389606],[-57.117215159999944,-20.13030175138956],[-57.11932129499996,-20.132194669389463],[-57.120080827999914,-20.132651691389547],[-57.121160360999966,-20.132949587389557],[-57.12663346699992,-20.132989195389552],[-57.13361990199996,-20.131611692389576],[-57.13687550099996,-20.13047807238958],[-57.139036131999944,-20.12972176538959],[-57.139233216999976,-20.129621941389566],[-57.139672272999974,-20.129398064389527],[-57.14332261699997,-20.127079859389703],[-57.14622749899996,-20.12523507138972],[-57.14636679899985,-20.125146606389745],[-57.15010208099989,-20.123201060389796],[-57.1508768839999,-20.12292920738967],[-57.151913178999905,-20.122807992389752],[-57.16862667299989,-20.122696754389704],[-57.17369418199997,-20.122384835389756],[-57.18175062199998,-20.121029578389848],[-57.18280288799991,-20.12068959038986],[-57.18364097799991,-20.120125580389868],[-57.18562150499992,-20.118352207389805],[-57.18606686899989,-20.11782730538988],[-57.1875850269999,-20.115158801389967],[-57.18797011199991,-20.114473246390027],[-57.1879830339999,-20.11445024038997],[-57.18980416899996,-20.110367719390084],[-57.189865519999955,-20.110230186390037],[-57.19222086499996,-20.106887597390198],[-57.192861738999966,-20.106231913390115],[-57.1964942919999,-20.103364604390176],[-57.199108691999925,-20.100627041390318],[-57.20006127199997,-20.0996295853903],[-57.200118154999984,-20.099570022390367],[-57.20233273199989,-20.09766516339044],[-57.20243562899998,-20.097582151390437],[-57.20271999399995,-20.097352735390366],[-57.20609353499993,-20.094631097390405],[-57.20617313899993,-20.094583805390485],[-57.20987073299989,-20.0923871133905],[-57.210794333999964,-20.091838414390413],[-57.21485232299989,-20.090776367390493],[-57.21577029399999,-20.090709479390565],[-57.219170941999884,-20.090926903390596],[-57.21941552099997,-20.090953009390535],[-57.21944202699984,-20.090954352390543],[-57.22524879599996,-20.091574379390504],[-57.23099431999992,-20.09122634739059],[-57.236537089999956,-20.0897715033906],[-57.23751043899995,-20.089514785390605],[-57.245046284999944,-20.0866826303907],[-57.245070866999924,-20.086675049390614],[-57.245756145999906,-20.086463707390628],[-57.25016779699996,-20.08510314339074],[-57.250906771999894,-20.084978718390712],[-57.2590862589999,-20.084292622390755],[-57.260042083999906,-20.084415772390717],[-57.266748676999896,-20.085918706390668],[-57.26988278799996,-20.086701658390712],[-57.27029350099991,-20.086804261390665],[-57.27463071799997,-20.088470623390663],[-57.27551123799998,-20.089138247390597],[-57.27826171699991,-20.092335292390555],[-57.28116620999998,-20.097134367390424],[-57.28192423099989,-20.097872493390284],[-57.284152082999924,-20.09938122539036],[-57.28485191099992,-20.09970171339035],[-57.28571640099989,-20.099902939390347],[-57.289784448999974,-20.100418873390232],[-57.2909421679999,-20.10026784439036],[-57.29932992299996,-20.09781913439041],[-57.30190843599991,-20.09709576339044],[-57.30201948999991,-20.097064608390447],[-57.30642550099998,-20.09654071239047],[-57.30791565099991,-20.09636352539044],[-57.30796491099989,-20.096357668390304],[-57.31473225099989,-20.096314193390445],[-57.317015009999984,-20.096299529390446],[-57.322009399999956,-20.096515737390423],[-57.32479126799989,-20.096636165390432],[-57.32504218999997,-20.096647027390436],[-57.33092823699991,-20.09665028439044],[-57.331096646999974,-20.09665037739042],[-57.33592530599992,-20.096316104390407],[-57.34065905399989,-20.096391267390416],[-57.34314571699986,-20.09611619339032],[-57.34395391199985,-20.095898998390382],[-57.34473235299992,-20.095474407390427],[-57.3462860329999,-20.09410431139051],[-57.346876895999905,-20.093319038390504],[-57.34742619499992,-20.0918953723905],[-57.348029002999965,-20.09013616539058],[-57.34810058299991,-20.089561672390538],[-57.34802571999996,-20.088631340390624],[-57.3478288419999,-20.087799118390603],[-57.34747564999992,-20.086342945390683],[-57.34747212499997,-20.086328414390717],[-57.34612746799991,-20.08284247239081],[-57.346090465999964,-20.08274654839076],[-57.345497924999954,-20.079179733390845],[-57.344216660999905,-20.07595659039097],[-57.34415377699985,-20.075612030390886],[-57.34351027699989,-20.07208618639102],[-57.34350822399988,-20.072079351391004],[-57.342283851999866,-20.068002420391114],[-57.34220112799994,-20.06772696839113],[-57.3421558679999,-20.067576257391188],[-57.3415972379999,-20.065317688391257],[-57.34111794799992,-20.061295376391335],[-57.33961516299997,-20.057688220391327],[-57.33939261699993,-20.05683059439143],[-57.33938243999995,-20.056632363391376],[-57.339358795999885,-20.05617177939139],[-57.33921855199998,-20.053439869391553],[-57.33933030799988,-20.05281679839145],[-57.340398738999845,-20.049002214391667],[-57.3406120539999,-20.0451735903917],[-57.34055678199997,-20.04447920839171],[-57.34038939899989,-20.043888923391748],[-57.34011609599991,-20.0433350733918],[-57.337855701999956,-20.040501483391793],[-57.33622721199992,-20.037635787391903],[-57.33620543599989,-20.037567787391858],[-57.33516366099996,-20.03431457239196],[-57.33437077499992,-20.03183857739208],[-57.33373605499998,-20.02915037039215],[-57.333542702999864,-20.02857221339215],[-57.33324412399991,-20.028030156392102],[-57.332783665999955,-20.0274782093922],[-57.32961359199993,-20.02477953839225],[-57.32498953699997,-20.021848900392314],[-57.32229655599997,-20.020250830392293],[-57.32071512399989,-20.01931237639238],[-57.320497115999956,-20.019183006392424],[-57.31787993899996,-20.0165852913924],[-57.317839995999925,-20.016530642392404],[-57.317727548999926,-20.01637679939239],[-57.31555776599993,-20.013408235392507],[-57.31552199999999,-20.013339998392574],[-57.315340723999896,-20.01299415339254],[-57.31389387399992,-20.010233795392576],[-57.31387615999994,-20.010200001392647],[-57.311858041999976,-20.006873923392686],[-57.31181968199991,-20.006810703392663],[-57.31021786499998,-20.0031386083928],[-57.30789151199997,-19.999354774392913],[-57.30552199899989,-19.996811027392972],[-57.30215432299991,-19.994280866392945],[-57.301564591999856,-19.993704813392927],[-57.30113952299996,-19.993089019393047],[-57.299612775999954,-19.990102254393072],[-57.29950092999991,-19.989898311393098],[-57.29851562399983,-19.98819319739319],[-57.29807287899995,-19.987613943393153],[-57.2955377049999,-19.985344222393262],[-57.29534593999995,-19.98516320939312],[-57.29262999899993,-19.98259956039334],[-57.29262902299996,-19.98259881739329],[-57.28963559799996,-19.980319202393378],[-57.28737852799992,-19.97793364439331],[-57.28734363999996,-19.977906151393427],[-57.28511144499993,-19.976178703393472],[-57.2849415319999,-19.976013117393435],[-57.284347343999855,-19.975434058393496],[-57.28291789499996,-19.974041007393552],[-57.28232414299998,-19.97333797039358],[-57.280518565999955,-19.970510818393578],[-57.280228972999964,-19.969939961393635],[-57.28007346699991,-19.969455246393505],[-57.280053548999945,-19.96930765439366],[-57.27978094599995,-19.96728771539363],[-57.27964351499992,-19.966269368393686],[-57.27951382999987,-19.96574096339375],[-57.27781730899994,-19.962213541393847],[-57.27658555999989,-19.959155540393926],[-57.27637997199991,-19.958314345393923],[-57.27636417399992,-19.958054280393906],[-57.27612462399991,-19.954110922394065],[-57.27589534599997,-19.95033664639415],[-57.276566026999944,-19.946877193394233],[-57.27708567399998,-19.943063685394204],[-57.27690716299992,-19.940648196394328],[-57.276365094999846,-19.93780256239443],[-57.273731624999925,-19.930361548394618],[-57.27293088399989,-19.928637072394608],[-57.27237974499997,-19.92745506339471],[-57.27189868699998,-19.926738906394725],[-57.2676643019999,-19.921877979394818],[-57.267292588999965,-19.921371290394802],[-57.266899203999905,-19.920481168394904],[-57.26687759099992,-19.920286611394793],[-57.26686179299992,-19.920248187394844],[-57.266666263999916,-19.91871268539491],[-57.266543665999905,-19.91825193439493],[-57.266186673999925,-19.917567310394976],[-57.26568147399996,-19.916971989395005],[-57.26477195899986,-19.91634127439496],[-57.26370401399987,-19.915998415395034],[-57.26306032699989,-19.91594515439497],[-57.25960408199984,-19.91599724439502],[-57.255096421999895,-19.915286430395025],[-57.25445804599991,-19.915131683395018],[-57.25417391499997,-19.915025535395053],[-57.25381211399997,-19.914890370395035],[-57.252444925999896,-19.914379603395062],[-57.25236771199991,-19.914336600394975],[-57.25231977699992,-19.914318222395043],[-57.249340789999906,-19.91266834339501],[-57.24517532699997,-19.911163132395117],[-57.24506349899997,-19.911095891395043],[-57.24261230499991,-19.909621990395085],[-57.242042720999954,-19.909275291395186],[-57.23834798099995,-19.905930090395266],[-57.23791381299992,-19.90535968439516],[-57.23704117299991,-19.903625883395247],[-57.236672158999966,-19.903083425395334],[-57.23625250799995,-19.902640252395347],[-57.234781212999906,-19.901389185395374],[-57.23407099699995,-19.900959198395313],[-57.23205344899998,-19.900105093395368],[-57.23147252499996,-19.899942610395424],[-57.229396928999904,-19.899578163395386],[-57.22850799199989,-19.899269441395344],[-57.22788455899991,-19.898882462395306],[-57.22535564099991,-19.896917717395404],[-57.224932848999856,-19.896439370395477],[-57.219693116999906,-19.889301265395687],[-57.217246313999965,-19.884547392395664],[-57.21480523899999,-19.880951003395808],[-57.21423907999991,-19.88042698839589],[-57.21358428999991,-19.88002175339588],[-57.210081542999944,-19.878781000395925],[-57.20942348099993,-19.878672981395948],[-57.20874880599995,-19.878678203395918],[-57.203957481999915,-19.879512973395876],[-57.20058862899998,-19.880608440395875],[-57.200479790999964,-19.88065471139591],[-57.196367319999865,-19.88238964639587],[-57.19218430999996,-19.883424473395845],[-57.191469706999904,-19.883783430395788],[-57.19088960299996,-19.884238813395807],[-57.19027422299984,-19.884983554395685],[-57.18961730399985,-19.886172025395744],[-57.18943116199989,-19.886971532395734],[-57.189444655999864,-19.88774213739567],[-57.18953552399984,-19.88809345639572],[-57.189536989999965,-19.888099118395694],[-57.189633088999926,-19.888470652395704],[-57.18976912999989,-19.88874607239567],[-57.18984493399995,-19.888899538395577],[-57.18996001199997,-19.889132515395676],[-57.19012109799996,-19.88934934839565],[-57.19019718599998,-19.88945176539569],[-57.19092918899986,-19.890437082395565],[-57.19309206599985,-19.892901099395537],[-57.193528121999975,-19.89352186539557],[-57.19377536899998,-19.894086463395542],[-57.19391237099995,-19.894663117395464],[-57.19395369299991,-19.895418440395513],[-57.19389739999997,-19.89602723739548],[-57.19360646799988,-19.896900111395496],[-57.193187826999974,-19.897552720395463],[-57.19250366299991,-19.89819989339545],[-57.19166572499995,-19.898657515395442],[-57.19089095099997,-19.89887112939545],[-57.18995904999996,-19.89890961639543],[-57.18990411599987,-19.898906819395464],[-57.189662703999886,-19.89889452739534],[-57.18891984499987,-19.8987000683954],[-57.18812214299993,-19.89830202039544],[-57.186464694999934,-19.89693089539544],[-57.18643241999997,-19.896895606395447],[-57.183944020999945,-19.89417478739547],[-57.183923321999885,-19.894152155395563],[-57.18136596799996,-19.890178786395612],[-57.18132641699998,-19.890098706395634],[-57.1808017059999,-19.889036318395686],[-57.1797655929999,-19.88693848639574],[-57.179501081999945,-19.88605351539569],[-57.17904833799997,-19.883020422395827],[-57.17911512399996,-19.88229845139571],[-57.17974532299991,-19.879516755395837],[-57.17992105099995,-19.877366267395963],[-57.17992155299998,-19.877227377395897],[-57.179781076999916,-19.876473789396027],[-57.17970001199996,-19.876247884395987],[-57.179305281999916,-19.875481077395964],[-57.179300148999914,-19.875472241395958],[-57.17846307199994,-19.87447971439604],[-57.17638088799998,-19.872045910395983],[-57.17353293599996,-19.870040411396193],[-57.172881606999965,-19.869742958396166],[-57.172682763999944,-19.869692547396095],[-57.17207840999987,-19.869552641396147],[-57.17007815799991,-19.869604123396133],[-57.169209440999914,-19.86944064739613],[-57.168406827999945,-19.869086556396066],[-57.167708174999916,-19.868552879396233],[-57.163991413999895,-19.86374795239634],[-57.16391239899991,-19.86362499539631],[-57.162611301999846,-19.861600363396327],[-57.16256523199985,-19.86152867439636],[-57.16127339399997,-19.859279444396396],[-57.16001038999991,-19.857088465396355],[-57.15894560199995,-19.85579155839647],[-57.157109567999896,-19.853586141396555],[-57.15593696899998,-19.852470241396638],[-57.15514968399992,-19.85194969039663],[-57.154240725999955,-19.85163666939662],[-57.1536003679999,-19.851556903396567],[-57.151517389999924,-19.85156087539663],[-57.14919441599994,-19.851348424396654],[-57.14659400599999,-19.850687200396667],[-57.1458166139999,-19.85036895539666],[-57.1452973939999,-19.850036793396605],[-57.1448186529999,-19.849600771396705],[-57.14477891599989,-19.84954490639667],[-57.143031649999955,-19.847088443396743],[-57.14302774299989,-19.84708418339672],[-57.14147474499998,-19.845390706396806],[-57.14125689899993,-19.8451541843968],[-57.14111570399996,-19.845000884396775],[-57.138298918999965,-19.84304920139681],[-57.137495421999915,-19.84267032339684],[-57.13668243599989,-19.842495375396837],[-57.13589316899993,-19.842485191396886],[-57.130090758999984,-19.843585593396806],[-57.1289637449999,-19.843608863396852],[-57.12469142299983,-19.842552307396847],[-57.12170832699991,-19.841314199396763],[-57.121123772999965,-19.840966489396866],[-57.12064761599999,-19.84055361239689],[-57.120236973999965,-19.840042535396904],[-57.11845996799991,-19.837346689396927],[-57.11805143699996,-19.83635253639704],[-57.116767710999966,-19.826929879397213],[-57.11655145599991,-19.82294896539736],[-57.116347513999926,-19.82209530639735],[-57.11576936899996,-19.820981564397403],[-57.11530228699996,-19.820351889397397],[-57.11468083999995,-19.819804073397364],[-57.11390872499992,-19.81937954639742],[-57.112910024999906,-19.81912960039743],[-57.1118066759999,-19.81916592039742],[-57.11078193099997,-19.819501024397454],[-57.11032386299996,-19.819768952397418],[-57.109587942999894,-19.82043036639738],[-57.10938112499986,-19.820796089397277],[-57.10877073499989,-19.821875450397343],[-57.10857506199994,-19.822221461397383],[-57.108532775999834,-19.822329900397296],[-57.10811738399991,-19.823395124397326],[-57.10631588899991,-19.828014857397243],[-57.103674722999926,-19.831747252397076],[-57.102084308999906,-19.834293237396988],[-57.10143738799991,-19.83495928939701],[-57.100621673999854,-19.83545105239701],[-57.09893891499996,-19.835967214397062],[-57.098136358999916,-19.836084676396936],[-57.09749115299991,-19.83605801939701],[-57.09670757299989,-19.835876575397062],[-57.09429292699997,-19.834834261397063],[-57.09366231899992,-19.834355037397025],[-57.092145744999925,-19.832833713397044],[-57.08945158399996,-19.830769574397184],[-57.0876817219999,-19.829047082397167],[-57.08709028599998,-19.828610009397185],[-57.08367348899998,-19.826892898397283],[-57.08307538499997,-19.826720250397173],[-57.08239122099985,-19.82664397939729],[-57.08172056899996,-19.82667582739727],[-57.07609006999985,-19.82741826739726],[-57.07057454299991,-19.828902987397175],[-57.069727369999896,-19.82937055939721],[-57.06906039299997,-19.830004297397117],[-57.06900348199997,-19.83009511839719],[-57.06881517799991,-19.830395616397183],[-57.068630707999944,-19.8306899993971],[-57.06859857199993,-19.83078935639716],[-57.06816941799997,-19.832116157397127],[-57.068099622999966,-19.8323319363971],[-57.067773625999905,-19.83302852339708],[-57.06718977399993,-19.833748575396967],[-57.066580280999915,-19.834211484396977],[-57.066555444999835,-19.834228716396975],[-57.06634886299997,-19.834372057397037],[-57.0658723759999,-19.834580821397076],[-57.06414904899992,-19.835096135397045],[-57.063375960999906,-19.83521651539705],[-57.06269790899995,-19.835212169397067],[-57.060400541999854,-19.834978005397073],[-57.059716192999986,-19.834760142396977],[-57.059153217999956,-19.834466355397005],[-57.055883054999924,-19.831906959397145],[-57.05531873399991,-19.83125151839718],[-57.052906993999954,-19.82731577639726],[-57.0525400499999,-19.826820856397276],[-57.051905641999895,-19.826256121397275],[-57.0491654739999,-19.824391097397342],[-57.04665869999992,-19.823511750397344],[-57.045917499999916,-19.82337038339732],[-57.04314585199995,-19.82331423939728],[-57.0403879399999,-19.82359080539736],[-57.0395698719999,-19.823525327397345],[-57.03508077099991,-19.822195466397396],[-57.0342776249999,-19.821823815397384],[-57.03373391599996,-19.82141543139742],[-57.03328634599996,-19.820937712397424],[-57.03222755899992,-19.81906768839739],[-57.031996521999986,-19.818154055397493],[-57.031804468999894,-19.81594588539753],[-57.031828820999976,-19.815268331397558],[-57.03202041199984,-19.814506818397543],[-57.03239387199983,-19.8138020293975],[-57.032825655999936,-19.81327654239762],[-57.035358389999885,-19.810715187397673],[-57.03713909199996,-19.808356186397617],[-57.03745934799991,-19.807726837397684],[-57.03762645399996,-19.80713653039771],[-57.038212285999926,-19.803285636397778],[-57.038713763999965,-19.798143017397926],[-57.03967733599984,-19.792851249398122],[-57.03976552399997,-19.788576877398235],[-57.039407678999915,-19.785944650398253],[-57.0392693899999,-19.784927427398316],[-57.03926098499994,-19.784865600398344],[-57.039273507999894,-19.78470255139831],[-57.03928381799989,-19.78413948839825],[-57.03944051499996,-19.783064532398264],[-57.03960762199995,-19.782474230398353],[-57.03992444099993,-19.781850186398426],[-57.04067236299994,-19.780836766398462],[-57.04097345499997,-19.780236630398466],[-57.041175854999835,-19.779381311398335],[-57.041182153999905,-19.77883359239841],[-57.04109738699992,-19.77828236539846],[-57.04067500899998,-19.777276645398516],[-57.03994316399991,-19.776438923398388],[-57.03898332299997,-19.77585938439853],[-57.038921264999885,-19.77583804839844],[-57.036895578999975,-19.77530341539854],[-57.035310598999835,-19.77488509639849],[-57.034361779999934,-19.774750808398586],[-57.03342868699991,-19.774829429398576],[-57.03160956299996,-19.775350740398565],[-57.03074133299998,-19.77589104339847],[-57.02862187499994,-19.77789077739851],[-57.023792955999966,-19.781983315398413],[-57.020081467999944,-19.784047216398353],[-57.016906433999964,-19.785951772398302],[-57.01488485699991,-19.787698649398223],[-57.012913382999955,-19.789384745398127],[-57.0124093039999,-19.78966022939823],[-57.01180260899997,-19.789869251398205],[-57.008946211999906,-19.79030317639818],[-57.00817445999991,-19.79028381839819],[-57.007544129999985,-19.790151542398164],[-57.00465384799991,-19.789112378398112],[-57.00404687599991,-19.7887696993982],[-57.00058961499991,-19.786366744398283],[-56.99971736699996,-19.785966312398298],[-56.99875805199997,-19.785791299398213],[-56.99443895599996,-19.785774756398236],[-56.9892849659999,-19.78608906439822],[-56.98828654599999,-19.7862853253982],[-56.9876597509999,-19.786538693398274],[-56.98559836899989,-19.78768888439821],[-56.982975449999905,-19.789071302398163],[-56.98093100299997,-19.790148834398206],[-56.97978037999997,-19.790493562398037],[-56.977613043999895,-19.79062553339813],[-56.976861334999974,-19.79057023839815],[-56.97613238099996,-19.790387368398203],[-56.973059684999896,-19.789226830398153],[-56.96948913799997,-19.78869976039825],[-56.968845963999975,-19.788753022398232],[-56.968084887999964,-19.788961493398237],[-56.965391480999926,-19.790352989398194],[-56.964634308999905,-19.79059304739818],[-56.96398413099996,-19.79067619939811],[-56.960617434999904,-19.7907906053982],[-56.959753622999926,-19.79074474139812],[-56.9574796519999,-19.79021261139818],[-56.95692610099985,-19.789959522398174],[-56.95639135899984,-19.789605094398095],[-56.95468434499992,-19.787893135398217],[-56.952101321999976,-19.785484570398218],[-56.95165907199999,-19.78490519339834],[-56.951049397999896,-19.783760049398303],[-56.950573095999914,-19.7831823383983],[-56.950132353999955,-19.782814453398363],[-56.94915642299992,-19.78231630839827],[-56.94825229199989,-19.78213146739838],[-56.9473279959999,-19.782164886398352],[-56.94687641999991,-19.78226332639833],[-56.9460838789999,-19.78258947539831],[-56.945469884999916,-19.7830180613983],[-56.945072324999956,-19.78342689739836],[-56.94493118699984,-19.783572039398308],[-56.94274547299989,-19.786599843398296],[-56.9426543699999,-19.786726045398176],[-56.94259752599993,-19.786804790398268],[-56.94013247099997,-19.790647540398165],[-56.936506781999924,-19.795107043398072],[-56.93386065399994,-19.79819404839799],[-56.933853289999945,-19.798206157397995],[-56.931376254999975,-19.80227927539785],[-56.93132735499984,-19.802359683397828],[-56.93070890899992,-19.80346349139783],[-56.929255337999905,-19.806042873397665],[-56.92687562099991,-19.80916084939766],[-56.926337060999856,-19.80968883139769],[-56.92259505599992,-19.812141258397613],[-56.91942020699997,-19.81348771539752],[-56.91562673699991,-19.814911396397502],[-56.915581287999885,-19.81493101539755],[-56.914703797999834,-19.81530981539751],[-56.91175207499993,-19.816584032397476],[-56.91170904799992,-19.81660891339748],[-56.910211433999905,-19.817474912397437],[-56.9015957769999,-19.822456942397327],[-56.901463754999895,-19.822544639397293],[-56.90137295099993,-19.822604958397342],[-56.89718454499996,-19.8253871563973],[-56.89527211899991,-19.82617024539727],[-56.894716015999904,-19.826331156397234],[-56.893914158999905,-19.826414263397197],[-56.89237061299991,-19.826377450397235],[-56.89144120099985,-19.826590671397206],[-56.89062982599995,-19.827001416397263],[-56.88996214599997,-19.827576211397222],[-56.88990177199992,-19.827651741397222],[-56.88862156599998,-19.829253279397168],[-56.885146583999926,-19.834914000397053],[-56.88508507499989,-19.835014196397005],[-56.881718495999905,-19.84113908139686],[-56.87948679599998,-19.843700282396856],[-56.87943875499991,-19.843778181396814],[-56.878459993999854,-19.84536524239672],[-56.877794851999965,-19.846443773396775],[-56.87724851099989,-19.847156564396773],[-56.87620080999989,-19.848511632396683],[-56.87519324199991,-19.84958159039661],[-56.87251158099991,-19.8523977463966],[-56.86892934999997,-19.859052803396303],[-56.86879557599991,-19.859297884396412],[-56.86521152399996,-19.86405738739629],[-56.86340165899992,-19.866077796396258],[-56.862559370999975,-19.86701661639615],[-56.859607693999926,-19.87006346839615],[-56.859507561999976,-19.87017862439614],[-56.859464766999906,-19.870222852396182],[-56.857516613999906,-19.872465810396072],[-56.85362563799993,-19.875525864395943],[-56.8507300519999,-19.878130295395835],[-56.85063826699985,-19.87821679839598],[-56.85022090999996,-19.878610144395967],[-56.84777242499996,-19.88091775639589],[-56.844764497999954,-19.88423159139572],[-56.84270890899995,-19.8856949183957],[-56.841492707999976,-19.886559465395717],[-56.840137956999975,-19.88710943539567],[-56.83762695499996,-19.888128793395705],[-56.83751948999992,-19.888172420395726],[-56.83679621699997,-19.88860897539568],[-56.83622935699992,-19.88913614339568],[-56.8312943119999,-19.894741069395426],[-56.830942565999926,-19.895377825395524],[-56.83021526399989,-19.897567473395426],[-56.830068458999904,-19.8982156523954],[-56.83002900599985,-19.898723154395448],[-56.82996692699993,-19.89952174339544],[-56.82974111399982,-19.9002546073954],[-56.82915611899984,-19.90116651939531],[-56.82795995999999,-19.902226755395343],[-56.82753013499997,-19.90276871639534],[-56.82720626899999,-19.90341183239531],[-56.827036757999906,-19.904051866395307],[-56.82700144399991,-19.90492585239522],[-56.8271381369999,-19.905593919395255],[-56.82749663199991,-19.906365302395262],[-56.82843633399989,-19.907493014395204],[-56.82875939999997,-19.90802225439518],[-56.82882697999998,-19.90821054139514],[-56.828897866999974,-19.908408048395138],[-56.82902902799998,-19.908812996395152],[-56.82916632399997,-19.90972795639518],[-56.829164000999874,-19.910626016395096],[-56.82897218599999,-19.911367498395045],[-56.82861523599985,-19.912052137395115],[-56.82811007299989,-19.912647473395054],[-56.82748064599991,-19.913125283395047],[-56.826195388999906,-19.913769787395065],[-56.824858621999965,-19.914204677395063],[-56.82330334799991,-19.914710654394938],[-56.823232268999966,-19.914733778395036],[-56.82260807799992,-19.91510967639504],[-56.822490224999854,-19.915180649394976],[-56.822260215999904,-19.91539582439502],[-56.822039239999924,-19.915602550394897],[-56.82200264799991,-19.915650292394986],[-56.82174960999993,-19.915980435394967],[-56.82167589199997,-19.916076616394925],[-56.82163997699985,-19.91614319039493],[-56.82152152299989,-19.916362758394964],[-56.82141298099998,-19.916563958394992],[-56.820827875999896,-19.918036070394894],[-56.82050658199995,-19.91856173139487],[-56.81997442299996,-19.919135659394907],[-56.819323529999956,-19.91958704539484],[-56.818960205999986,-19.919747283394877],[-56.818236808999984,-19.919999405394876],[-56.81739872099985,-19.920257107394864],[-56.81703039899992,-19.920317290394888],[-56.81307903299984,-19.92093186839488],[-56.81008944999991,-19.92203611139484],[-56.809394115999964,-19.922393186394782],[-56.808830814999965,-19.922820976394817],[-56.80716329599994,-19.924465517394808],[-56.80562562899996,-19.926709133394745],[-56.805187669999896,-19.927139193394712],[-56.80484101699989,-19.927402787394644],[-56.80455190999994,-19.927594241394694],[-56.80396626299989,-19.927852516394655],[-56.80343364499999,-19.92798748739462],[-56.80079786899995,-19.928194251394647],[-56.800766636999924,-19.928198576394664],[-56.80075509399996,-19.92819941839463],[-56.80068845499994,-19.928209402394653],[-56.79890014699993,-19.92847733639462],[-56.798813901999836,-19.92849025839461],[-56.79845215899991,-19.928621149394697],[-56.798212200999956,-19.928707974394616],[-56.79805204999997,-19.928765923394607],[-56.797345966999956,-19.929209460394617],[-56.79684558899993,-19.929695744394586],[-56.79625305999997,-19.93067041439456],[-56.79582676599995,-19.933029494394578],[-56.795567318999986,-19.933752340394484],[-56.79349643999996,-19.93693154839447],[-56.79264928799995,-19.937634331394463],[-56.78904144499995,-19.939609656394403],[-56.78848113699996,-19.939993724394288],[-56.78790947199991,-19.940554660394383],[-56.78611587899991,-19.942844495394276],[-56.78336400899997,-19.945194924394258],[-56.7827696679999,-19.945547108394255],[-56.77759381099992,-19.948002726394193],[-56.77678534899991,-19.94857063839407],[-56.77627774399991,-19.949137697394164],[-56.77472394699987,-19.95139611339412],[-56.77460838699989,-19.951612349394033],[-56.77412678499991,-19.95251353639408],[-56.77321004099991,-19.95422897439406],[-56.77268145799991,-19.95595244439401],[-56.772379798999914,-19.956583197393996],[-56.771790573999915,-19.9573093003939],[-56.771160969999926,-19.957787108393905],[-56.77019213199998,-19.958197891393855],[-56.76850396099991,-19.958638266393873],[-56.768194839999914,-19.95868307839393],[-56.767928200999904,-19.958717169393903],[-56.76749612699996,-19.958702679393895],[-56.767057880999914,-19.95867551839386],[-56.76336330799995,-19.95793511839388],[-56.7625868319999,-19.95786355039393],[-56.758824373999914,-19.95834811139387],[-56.75505042599991,-19.95810105639395],[-56.754234487999895,-19.958147254393957],[-56.75334982699991,-19.958377114393933],[-56.752192609999895,-19.95889496039389],[-56.7518811679999,-19.959034328393855],[-56.751698021999914,-19.95911628539388],[-56.751064599999836,-19.959568103393856],[-56.75053874699995,-19.96014767639388],[-56.750121090999926,-19.960886457393862],[-56.74942261399997,-19.962897380393752],[-56.7489708419999,-19.966156905393696],[-56.74900960199989,-19.967025915393652],[-56.74998502799997,-19.971074087393564],[-56.75202888499996,-19.975117383393425],[-56.7522674259999,-19.97547968939347],[-56.75246855199992,-19.97568915039346],[-56.75496063099996,-19.978284524393406],[-56.75514812699993,-19.978479791393436],[-56.75720113799997,-19.98035937539338],[-56.75768186799996,-19.98093114539327],[-56.75803900199992,-19.98161576539334],[-56.759094080999944,-19.98466792039329],[-56.759279194999976,-19.990086005393074],[-56.75928096899992,-19.990137922393128],[-56.75897513899986,-19.993663004393],[-56.75896348999987,-19.993797279392926],[-56.75930030799992,-19.997299417392895],[-56.75917562999991,-19.998060394392944],[-56.75821251699989,-20.001383467392746],[-56.755341463999855,-20.006547991392743],[-56.75230871899993,-20.011153032392613],[-56.74843569799993,-20.020558855392377],[-56.74639029399998,-20.023421549392296],[-56.74595759899995,-20.023914756392216],[-56.742294020999964,-20.026814751392198],[-56.74195329699995,-20.026970853392136],[-56.7387904929999,-20.028413301392085],[-56.73827844899989,-20.028560811392108],[-56.73763737899998,-20.028640578392157],[-56.73531556699998,-20.028581912392188],[-56.73470006699994,-20.028514826392126],[-56.73267995999993,-20.028084242392122],[-56.73205067799995,-20.028028940392165],[-56.73127460399985,-20.028095126392127],[-56.730557645999966,-20.028298655392096],[-56.729914599999915,-20.02862349739214],[-56.729238031999905,-20.029142228392068],[-56.72876768799989,-20.029640329392066],[-56.728455444999895,-20.030123643392063],[-56.72838760999998,-20.030228645392054],[-56.72811498699991,-20.030963458392105],[-56.72625217099994,-20.039055015391842],[-56.72624874599995,-20.039069893391847],[-56.72606461699991,-20.04327469039174],[-56.72604785899995,-20.043657359391702],[-56.72604613799996,-20.043696656391766],[-56.72640293799992,-20.0477095333917],[-56.72580363099996,-20.055189488391402],[-56.72560917299995,-20.055772318391494],[-56.725324433999845,-20.05629365139135],[-56.723820417999946,-20.05810995339138],[-56.72313685799991,-20.058935446391388],[-56.723090702999855,-20.058991184391353],[-56.721713644999966,-20.061274887391342],[-56.721434798999894,-20.061737321391305],[-56.721264067999975,-20.062020462391313],[-56.71974354199995,-20.066438901391216],[-56.71957071399993,-20.067200884391156],[-56.71957210599993,-20.068014766391173],[-56.720124933999955,-20.070862737391092],[-56.720173908999925,-20.071018527391104],[-56.72038139799997,-20.071678571391043],[-56.720893195999906,-20.073306651391007],[-56.722152723999955,-20.075899837390903],[-56.72234364399992,-20.076474441390946],[-56.722391590999905,-20.076984331390932],[-56.722411148999925,-20.07721976339092],[-56.72226626599996,-20.078058533390937],[-56.721686237999904,-20.07929046939086],[-56.72104603699995,-20.080034604390878],[-56.72027404299996,-20.08052725739086],[-56.720116332999964,-20.080613286390786],[-56.717980254999986,-20.08120608439079],[-56.71724045399992,-20.081600671390845],[-56.7171841359999,-20.081650874390792],[-56.716248621999966,-20.082484827390694],[-56.71537997999991,-20.08325916939079],[-56.71482593999992,-20.083981874390705],[-56.71390870199997,-20.08583882339066],[-56.71351131999995,-20.086643322390668],[-56.713435832999835,-20.086850753390692],[-56.7132812029999,-20.087275662390677],[-56.71318735299997,-20.087770552390644],[-56.71322269999996,-20.088766868390547],[-56.71359457699993,-20.090571932390617],[-56.7135945909999,-20.091178064390572],[-56.713593653999915,-20.091188066390536],[-56.71348227799996,-20.091784866390494],[-56.71311156999992,-20.09263041439057],[-56.71190845399991,-20.094232165390423],[-56.711602377999895,-20.094891342390504],[-56.71145293599989,-20.095500352390438],[-56.71093687099995,-20.098959853390365],[-56.709749225999985,-20.103151412390307],[-56.70933235299992,-20.10384597539019],[-56.708359714999915,-20.105002072390242],[-56.70770598799993,-20.1057682583902],[-56.70489873199995,-20.108211600390078],[-56.70449321899997,-20.10863807939001],[-56.70373818499991,-20.109775824389963],[-56.70349229099992,-20.11043830139012],[-56.703397960999894,-20.111160607390097],[-56.70340468799992,-20.111253678390074],[-56.703414102999936,-20.11138398339004],[-56.70344661399998,-20.111833861390014],[-56.70348061699991,-20.111957795390058],[-56.703557474000036,-20.112237904390064],[-56.70361804599992,-20.112458668390012],[-56.703666674999965,-20.112562079390063],[-56.70381080699997,-20.112868581390053],[-56.70409586699992,-20.113474774389946],[-56.70424453299996,-20.113713378389996],[-56.7043477599999,-20.113879053389994],[-56.70446612399991,-20.11406902038997],[-56.70485168799996,-20.11450307239002],[-56.70493599599991,-20.114571390389944],[-56.705169311999946,-20.11476045838999],[-56.70530787999997,-20.114872745389917],[-56.705677978999915,-20.11508834838993],[-56.70649710099991,-20.11561636038999],[-56.70705651499992,-20.11613053738987],[-56.707629776999966,-20.11704419738994],[-56.707824647999985,-20.117675662389892],[-56.70783082099996,-20.117719942389893],[-56.70788797499989,-20.118267959389904],[-56.70785353099996,-20.11876451338989],[-56.70783556499992,-20.118958542389773],[-56.70778004299995,-20.119154279389907],[-56.70766407499991,-20.119545975389773],[-56.7072267119999,-20.12033959638978],[-56.70661229399997,-20.120972955389757],[-56.70650320699992,-20.12105336938984],[-56.704289450999966,-20.122306275389743],[-56.70422377299997,-20.1223522243897],[-56.70298708399992,-20.123217430389712],[-56.7014086019999,-20.124321758389723],[-56.700945505999925,-20.124763949389717],[-56.69851669399998,-20.127599888389664],[-56.69830591799997,-20.12778231638962],[-56.6978010059999,-20.128156367389657],[-56.69753667099991,-20.12831542538966],[-56.697269490999986,-20.12842893838963],[-56.69692298399991,-20.128564503389562],[-56.69599401199997,-20.12872334638957],[-56.69334418799991,-20.128710136389557],[-56.68972014599984,-20.128803082389606],[-56.688734407999895,-20.12893517338961],[-56.68765815699993,-20.129376432389606],[-56.68671575099995,-20.12998917738955],[-56.68622833599995,-20.13044035138958],[-56.685799629999906,-20.13102878538956],[-56.68545466899997,-20.13180278238956],[-56.684943561999944,-20.13363779538947],[-56.684934713999944,-20.13396028238952],[-56.68487471099997,-20.134312868389472],[-56.684927552999966,-20.13507456938949],[-56.68515370199992,-20.13580741538942],[-56.68563819999997,-20.13660001138945],[-56.68619709399991,-20.137151425389405],[-56.68720874499997,-20.13788184038942],[-56.687674272999914,-20.138374967389364],[-56.688034719999905,-20.138946428389357],[-56.68828940299994,-20.139612893389327],[-56.68837603999998,-20.140062517389318],[-56.68839626899989,-20.140529068389352],[-56.688229348999926,-20.141470876389263],[-56.68794453499993,-20.142100773389313],[-56.68728623699991,-20.142940281389254],[-56.68586864599985,-20.143820156389182],[-56.6856429099999,-20.143937038389286],[-56.68521971999997,-20.144229106389247],[-56.68506382199996,-20.144383263389226],[-56.68363176199995,-20.145799320389226],[-56.68318789299997,-20.146238229389176],[-56.683136706999846,-20.146301434389187],[-56.682974024999965,-20.146502319389093],[-56.682784591999905,-20.146736238389177],[-56.68118907499991,-20.149140805389102],[-56.67964925399997,-20.151137917389075],[-56.67923214799998,-20.151564007389094],[-56.678844899999945,-20.15184462638893],[-56.67860081099996,-20.151994018389008],[-56.6781723719999,-20.152204644389016],[-56.67728704599989,-20.15243188838898],[-56.677168045999906,-20.152446683389005],[-56.676597392999945,-20.15245625138906],[-56.67639954499998,-20.152459569388984],[-56.6707667469999,-20.151971697389047],[-56.67056195999998,-20.151923218389012],[-56.6701927769999,-20.151835821389007],[-56.66838986899995,-20.151409018389035],[-56.66767192999998,-20.15113718638902],[-56.66698875599991,-20.150721197389007],[-56.66548717399996,-20.149460724389083],[-56.66503404499991,-20.148903694389112],[-56.66431352899991,-20.147659371389114],[-56.66414915099989,-20.147180526389157],[-56.66408711599991,-20.146999809389172],[-56.663955929999986,-20.146617651389207],[-56.66390894399989,-20.14605758638917],[-56.66395756599996,-20.145478329389213],[-56.664018691999956,-20.14528458338923],[-56.66402508099992,-20.145264337389147],[-56.66471312899995,-20.143083465389275],[-56.66481781199991,-20.142395998389304],[-56.66469483199995,-20.141335705389317],[-56.66447351099998,-20.140761460389328],[-56.66414996799995,-20.140232235389306],[-56.663368967999986,-20.139461748389373],[-56.66237879799997,-20.138948719389393],[-56.66230960599995,-20.138931210389377],[-56.660263452999914,-20.13856590838934],[-56.658507055999905,-20.13830115238937],[-56.65750954299989,-20.137897213389355],[-56.65701750899996,-20.137552559389366],[-56.65658592199992,-20.137130351389345],[-56.655942083000014,-20.136250542389384],[-56.65567649399998,-20.135742263389382],[-56.65546130399997,-20.135015510389476],[-56.65540737999993,-20.134204315389518],[-56.65632929599991,-20.129494767389634],[-56.656386722999976,-20.127620089389644],[-56.65641623999994,-20.126410177389637],[-56.656334206999986,-20.12570283938967],[-56.65392487199995,-20.11979621938985],[-56.653515364999976,-20.11897750138982],[-56.652428656999966,-20.116818922389967],[-56.65137024399997,-20.114968437389976],[-56.65026221199991,-20.11304167939],[-56.64763423799992,-20.109971993390136],[-56.64760680999995,-20.10994664539007],[-56.647305449999976,-20.109668126390122],[-56.64679515499995,-20.109336457390146],[-56.64623305099997,-20.109090626390113],[-56.64555642799996,-20.10891936939009],[-56.64469764899997,-20.108877791390107],[-56.643713390999956,-20.10896773639001],[-56.64173704099994,-20.109148341390032],[-56.63856977199999,-20.109437776390145],[-56.637889009999974,-20.109440719390122],[-56.6373162509999,-20.109350305390116],[-56.63571871799991,-20.108929883390136],[-56.63493808600004,-20.108721767390076],[-56.634760978999964,-20.10867455039016],[-56.63416093599989,-20.108379478390084],[-56.63363718199997,-20.107993359390164],[-56.63320731299996,-20.107540379390137],[-56.6328688769999,-20.107029078390145],[-56.63151009399991,-20.103979986390243],[-56.63131578599985,-20.10359484739019],[-56.629107269999906,-20.09923009039041],[-56.62640458699991,-20.09569376939047],[-56.62564524199996,-20.094963370390417],[-56.62236573099988,-20.092849116390536],[-56.62011305599992,-20.091151382390517],[-56.61961004099993,-20.090701788390614],[-56.61947331099992,-20.090534387390626],[-56.61930095399998,-20.09032336739058],[-56.619243911999945,-20.090253531390605],[-56.619115198999964,-20.0900333973906],[-56.618941079999956,-20.089735610390637],[-56.618324576999896,-20.088388625390618],[-56.61788771099993,-20.087419601390675],[-56.61770637799998,-20.086749248390714],[-56.6174563589999,-20.08492450339069],[-56.61727710699996,-20.08429935339068],[-56.61701474799997,-20.083764014390738],[-56.61663769799998,-20.083246324390768],[-56.61597187499996,-20.082658641390683],[-56.61514463499998,-20.082233692390762],[-56.61422586599997,-20.08201815139073],[-56.613365564999924,-20.082024719390724],[-56.61248491599991,-20.082240374390814],[-56.61173014399997,-20.082609111390674],[-56.60958077599997,-20.08427334639077],[-56.6089939229999,-20.084885111390733],[-56.608608479999994,-20.08550794739064],[-56.60835362899985,-20.086230108390673],[-56.608266332999904,-20.086828028390684],[-56.60818988099998,-20.089474163390634],[-56.60818574599989,-20.089578034390602],[-56.60799727899996,-20.0902984883905],[-56.60772391699999,-20.09085234439055],[-56.60735506499998,-20.091350505390476],[-56.60469103499992,-20.09435223439051],[-56.601162286999916,-20.097881138390377],[-56.60071132099989,-20.098647523390266],[-56.60048021899996,-20.099475618390404],[-56.600496801999896,-20.100520695390326],[-56.60056492999996,-20.10072100939036],[-56.60057394899991,-20.100747529390304],[-56.60082902799997,-20.101497544390277],[-56.60095147699997,-20.101664680390236],[-56.60110510599998,-20.101874376390192],[-56.60144715599995,-20.102341258390243],[-56.60165674099994,-20.10252368839023],[-56.60172545399997,-20.102583497390224],[-56.60185296499987,-20.10269448639023],[-56.60254648299997,-20.103158523390245],[-56.602816575999896,-20.10334769039027],[-56.6032553739999,-20.103764456390206],[-56.60330384099989,-20.10382946339025],[-56.60369681099991,-20.104412135390245],[-56.60383037599996,-20.104678891390268],[-56.60394361699991,-20.104993998390206],[-56.60405633799991,-20.105391359390214],[-56.6040713939999,-20.1054993763901],[-56.6041120079999,-20.106000692390076],[-56.60410332499998,-20.106125891390214],[-56.60401802499996,-20.106764960390127],[-56.60336661599995,-20.108592802390163],[-56.60327543999989,-20.109216693390003],[-56.603489522999894,-20.112076264389902],[-56.60366671599991,-20.112791026390056],[-56.60399801399989,-20.113448081389947],[-56.60443541199993,-20.11400518739002],[-56.604958070999935,-20.114455121390016],[-56.605068745999915,-20.11452303438998],[-56.60513474199996,-20.114563531390015],[-56.60631748099997,-20.115289296389843],[-56.60637592899992,-20.115335365389907],[-56.607006062999915,-20.115984902389908],[-56.607339150999906,-20.11653372538993],[-56.60743834099998,-20.116755375389882],[-56.60825922599991,-20.11870381338984],[-56.60834317899997,-20.11897745538991],[-56.60856276599992,-20.120162381389772],[-56.60891776699998,-20.12227854238978],[-56.608944703999896,-20.122633523389815],[-56.60881484099991,-20.12650741338968],[-56.608789249999916,-20.127270808389692],[-56.60878116199996,-20.12751204238968],[-56.608785016999946,-20.130079579389566],[-56.608785864999895,-20.130644773389594],[-56.608786110999915,-20.13080797938945],[-56.6093043109999,-20.1357199763894],[-56.60908400699998,-20.136766119389428],[-56.60775371199986,-20.139549070389382],[-56.607749715999894,-20.13955715738935],[-56.607319601999905,-20.140122439389312],[-56.60422977699988,-20.143431903389207],[-56.6037053039999,-20.143894573389183],[-56.60301956599994,-20.144288258389174],[-56.60095921199991,-20.145133976389207],[-56.59996636199992,-20.145393593389194],[-56.59654159299987,-20.1453234103892],[-56.59491605799991,-20.145095147389213],[-56.59210682799994,-20.14470066438918],[-56.59206007199998,-20.144688357389228],[-56.58614914599991,-20.14313251438925],[-56.58356346199997,-20.14236133838921],[-56.582760032999886,-20.142227792389193],[-56.57918739999991,-20.14245781538921],[-56.57753196899989,-20.142815841389158],[-56.57671372699996,-20.143142737389198],[-56.57617087899996,-20.14349343338924],[-56.57566410499999,-20.14397198338921],[-56.57532362999996,-20.144424769389165],[-56.57454788599989,-20.1457619663892],[-56.57429903399992,-20.146507283389116],[-56.57371243999995,-20.14964435038911],[-56.5714941839999,-20.15532406638894],[-56.570507094999925,-20.158694767388898],[-56.57022195899998,-20.159379065388837],[-56.5696660779999,-20.160128763388812],[-56.568923653999946,-20.1607170523888],[-56.568354445999944,-20.16099734638885],[-56.56593128199995,-20.161915740388768],[-56.56529396399992,-20.162021859388823],[-56.56455626099989,-20.16201332138873],[-56.5604589429999,-20.161572033388765],[-56.55938934399996,-20.161229169388825],[-56.55852287299996,-20.16063971038881],[-56.55304430999996,-20.15533429138892],[-56.55230118199995,-20.154919303388937],[-56.54995929299997,-20.154157627388937],[-56.54895339999996,-20.154039151388986],[-56.54626952499996,-20.154284289389008],[-56.54606114899991,-20.154303322389005],[-56.545916333999855,-20.154316549389016],[-56.54520751399991,-20.154492937388945],[-56.54435384799991,-20.154705370388946],[-56.54338053999992,-20.155264585388945],[-56.54260762499991,-20.156115620388963],[-56.542249530999925,-20.156851213388894],[-56.54208551199998,-20.157587725388872],[-56.54209564099983,-20.158368783388827],[-56.54229939899989,-20.159155180388876],[-56.54267230699992,-20.159852418388787],[-56.54319620999996,-20.16045065838883],[-56.54419874499996,-20.161363774388676],[-56.54474206499993,-20.16229890838874],[-56.54493421899997,-20.163040362388703],[-56.5449624609999,-20.163650882388747],[-56.54487800499992,-20.164256758388685],[-56.544618176999904,-20.16497958638872],[-56.54399063499994,-20.16586646838861],[-56.543513499999904,-20.16627933038856],[-56.5430325129999,-20.166575041388704],[-56.542699977999916,-20.166719919388665],[-56.54123903699991,-20.16735641838864],[-56.541235092999955,-20.167358136388604],[-56.537342193999905,-20.168795066388636],[-56.53728989399991,-20.16881437138854],[-56.536765325999966,-20.169101526388502],[-56.53660723299993,-20.169223354388535],[-56.53637860699985,-20.16939953538862],[-56.53635706799991,-20.1694161333885],[-56.53632362399992,-20.169453767388585],[-56.535801072999845,-20.17004177838855],[-56.53544472699992,-20.170683839388552],[-56.535439630999974,-20.170693020388605],[-56.535425060999906,-20.17074272538852],[-56.53523193099983,-20.171401642388574],[-56.53518372399992,-20.17223505838853],[-56.535183644999904,-20.172236416388568],[-56.5353582599999,-20.173080539388458],[-56.53536519299991,-20.173096592388532],[-56.53545382899989,-20.173301813388466],[-56.53553934499996,-20.173499812388417],[-56.53570591999988,-20.173735707388474],[-56.53610227899998,-20.17429700738847],[-56.536123984999904,-20.17432774738842],[-56.53738810399989,-20.17563413738847],[-56.53777543799987,-20.175948243388415],[-56.53855604299997,-20.176373433388456],[-56.53897789499996,-20.176513510388364],[-56.539870497999914,-20.1766490863884],[-56.54229404399991,-20.176652886388347],[-56.544407883999895,-20.17614690038842],[-56.545052631999965,-20.176093641388384],[-56.545697377999936,-20.17614690038842],[-56.54647351799998,-20.176360498388423],[-56.547182298999985,-20.176727645388436],[-56.54779012299991,-20.1772309363884],[-56.54826817399993,-20.1778465133884],[-56.54859378699996,-20.178545192388295],[-56.54874874299992,-20.179265187388335],[-56.54879315299997,-20.181533269388286],[-56.5486701829999,-20.182287718388263],[-56.54723686199998,-20.185352322388148],[-56.54706874399989,-20.185663107388223],[-56.54608738999997,-20.187746714388137],[-56.54567706699993,-20.188293118388163],[-56.54562748899991,-20.18835769438816],[-56.54502250099989,-20.1888586283881],[-56.544162677999964,-20.189281227388076],[-56.543216301999905,-20.189479317388095],[-56.54254455399996,-20.189477217388138],[-56.54092808599996,-20.189286883388114],[-56.540905408999954,-20.189288092388125],[-56.54066974299997,-20.18925734538814],[-56.53988657599991,-20.18930817038809],[-56.53912196399989,-20.189517255387976],[-56.53767928599991,-20.19018780038812],[-56.53680038899995,-20.190354957388074],[-56.53606501699994,-20.19033601938809],[-56.53535681099993,-20.190189695388078],[-56.53478127199992,-20.189961134388007],[-56.53416688699992,-20.189584881388058],[-56.52805232499997,-20.184501290388226],[-56.52803816300002,-20.184489516388197],[-56.525849763999986,-20.182155973388294],[-56.525584468999966,-20.18187308338831],[-56.52554300599991,-20.18182887038823],[-56.52473241099989,-20.180730973388354],[-56.52359787699993,-20.179210226388356],[-56.52308946499994,-20.178673850388353],[-56.52286711799985,-20.17851276238839],[-56.52237397099998,-20.178177637388348],[-56.52145540699991,-20.177840369388353],[-56.52116179899997,-20.177794600388413],[-56.520636321999916,-20.177748955388363],[-56.52027402199997,-20.17775337838836],[-56.52012859599994,-20.177755153388404],[-56.51970084699997,-20.177820021388396],[-56.519016654999916,-20.177923778388415],[-56.51891134699992,-20.177939748388408],[-56.5188152529999,-20.177971099388415],[-56.51818294799989,-20.178177395388342],[-56.518171697999946,-20.178181065388358],[-56.518159046999926,-20.178187918388424],[-56.51763848999996,-20.178469899388304],[-56.517612877999966,-20.17848377338829],[-56.51759102199992,-20.178501281388392],[-56.51710906799991,-20.178887358388355],[-56.51707917199997,-20.17891130738838],[-56.51705843199994,-20.178935166388328],[-56.516799904999914,-20.179232593388342],[-56.51666046399993,-20.179393014388356],[-56.515981722999925,-20.1804896203882],[-56.51547981899995,-20.181078847388335],[-56.51484932099992,-20.181556642388266],[-56.51412423700003,-20.181894261388308],[-56.51349905799993,-20.182052429388218],[-56.51285428699998,-20.182105691388273],[-56.51023621999997,-20.182009861388252],[-56.509236706000024,-20.181807742388322],[-56.505595949999986,-20.180478954388285],[-56.50493655199989,-20.18013150738832],[-56.50424613399998,-20.17954016638838],[-56.50102921399997,-20.175993374388458],[-56.49782744499992,-20.172965381388536],[-56.49686503199996,-20.1724495153885],[-56.49508505899985,-20.172070965388514],[-56.49420230699991,-20.172050168388527],[-56.49376303599997,-20.17211400638855],[-56.49288402699989,-20.17240744838846],[-56.49242320299987,-20.17270064438848],[-56.49214727799995,-20.172876198388543],[-56.492100996999966,-20.172905644388475],[-56.49192882499989,-20.17305503338846],[-56.49114057099997,-20.173700331388495],[-56.49040031899984,-20.174086289388416],[-56.489966137999886,-20.1742254563884],[-56.48892955999992,-20.174338286388497],[-56.48742732899995,-20.174257556388454],[-56.48648104199992,-20.174455637388352],[-56.48563504299988,-20.17486916938844],[-56.48410315399991,-20.175978996388395],[-56.48405598599999,-20.17601316938847],[-56.4830748799999,-20.17637242238846],[-56.48241086999985,-20.176458447388427],[-56.48173603199996,-20.1764341073884],[-56.48125784599995,-20.176344295388347],[-56.47956874699997,-20.175780276388384],[-56.47884132899992,-20.175643108388417],[-56.47782421699998,-20.175654422388472],[-56.4770152409999,-20.175820045388402],[-56.47700901299992,-20.17582132038844],[-56.476992332999885,-20.175828456388466],[-56.476328363999926,-20.176112505388417],[-56.47631636299991,-20.176117639388423],[-56.476273953999964,-20.176146831388348],[-56.47571913899997,-20.17652873538839],[-56.47522130899995,-20.17704451438845],[-56.474824269999885,-20.17767775438839],[-56.47459269399991,-20.178310486388416],[-56.474508217999926,-20.17890373638831],[-56.47449216399997,-20.179016467388287],[-56.474493276999965,-20.17903250838839],[-56.474525538999956,-20.179497429388384],[-56.47453890999992,-20.179690095388345],[-56.47455398999989,-20.179742760388343],[-56.47469475999992,-20.180234359388322],[-56.47474890799998,-20.180423457388333],[-56.47479655399991,-20.180520717388294],[-56.47512997900003,-20.181201338388295],[-56.475211291999926,-20.181367323388308],[-56.47768353599997,-20.185058171388228],[-56.47785048799989,-20.185558069388208],[-56.4779750379999,-20.185931004388173],[-56.47818915999994,-20.187586045388183],[-56.47856644399992,-20.188455742388093],[-56.47883570599999,-20.188836223388115],[-56.479515840999966,-20.18947882438808],[-56.480372674999956,-20.189944043388103],[-56.48037603499995,-20.189945867388086],[-56.48083583099992,-20.190090593388053],[-56.48088567599996,-20.190096758388112],[-56.48134292599997,-20.190153309388112],[-56.48195383899998,-20.19017849238804],[-56.482105340999965,-20.190163221388104],[-56.482629313999894,-20.19007664738803],[-56.48399932899991,-20.189679622388056],[-56.48821093799995,-20.18918098038803],[-56.48834461399991,-20.189149138387993],[-56.491091102999974,-20.188191510388084],[-56.492038963000034,-20.1877309803881],[-56.49417902899995,-20.186663254388154],[-56.49495629499995,-20.186485804388134],[-56.49573087599998,-20.186461724388185],[-56.499229606999904,-20.187028480388186],[-56.49927584299985,-20.18704380638816],[-56.50175604599997,-20.18786591738814],[-56.50178071199996,-20.187874151388144],[-56.5023412569999,-20.188179696388083],[-56.502765680999914,-20.188506862388046],[-56.50468714199985,-20.190488565388012],[-56.50518684199989,-20.191445185388],[-56.50535519299995,-20.192346474388053],[-56.50519775499993,-20.19403800138799],[-56.50490627399995,-20.194910845387987],[-56.5044868419999,-20.195563433387942],[-56.504049546999966,-20.1960139903879],[-56.501951247999955,-20.19757340138784],[-56.49972080999998,-20.199441633387835],[-56.49931161599989,-20.199858861387707],[-56.49904308999993,-20.200293779387867],[-56.49892704499996,-20.200481730387786],[-56.49876395299992,-20.20074588338772],[-56.49856721599992,-20.20133471638782],[-56.4982406609999,-20.202845768387785],[-56.49822625299987,-20.203298758387746],[-56.498225113999865,-20.203334564387788],[-56.49821476299991,-20.20365998038762],[-56.498418873999924,-20.204551199387687],[-56.500285599999984,-20.208764265387554],[-56.500532085999964,-20.209548796387615],[-56.501422299999895,-20.212421520387473],[-56.50143271699989,-20.212469441387448],[-56.502097251999885,-20.215706248387384],[-56.502260651999904,-20.216068313387417],[-56.50262328599996,-20.216871849387427],[-56.502995374999955,-20.217696332387334],[-56.50343694099997,-20.218394603387345],[-56.50391781999997,-20.2188954483873],[-56.50452515899997,-20.219318226387394],[-56.5051783209999,-20.219605734387372],[-56.50590191099991,-20.219773360387357],[-56.507117748999974,-20.219842158387287],[-56.50985392099989,-20.2194398933873],[-56.510784981999905,-20.219099018387347],[-56.512798656999905,-20.217726064387417],[-56.51347577399997,-20.217379737387436],[-56.51532288399994,-20.216887112387393],[-56.516070663999976,-20.21669361138745],[-56.51612088999997,-20.216680614387446],[-56.51692549499995,-20.216570954387425],[-56.51812023999992,-20.21639952438736],[-56.51889724699993,-20.216095705387467],[-56.51937305599995,-20.215779371387423],[-56.5195906259999,-20.215621774387422],[-56.52006962099995,-20.21513100938734],[-56.520111087999915,-20.215082236387392],[-56.520482378999986,-20.21450078338741],[-56.521289021999905,-20.212653063387453],[-56.521317697999905,-20.212610944387514],[-56.52133439199997,-20.21257252538755],[-56.5214457429999,-20.21242287138752],[-56.521693700999954,-20.21208962338746],[-56.521814917999905,-20.2119267133875],[-56.52198919499994,-20.211785220387505],[-56.522166254999945,-20.211641468387512],[-56.52252413399998,-20.211350913387587],[-56.5227885399999,-20.211227813387595],[-56.52365848499988,-20.210822789387578],[-56.525016727999905,-20.210190428387595],[-56.526806852999925,-20.20901567038758],[-56.52746364799992,-20.20824311138762],[-56.52753361299995,-20.208138240387644],[-56.52809365599995,-20.2068329443877],[-56.52836418299995,-20.206367463387657],[-56.528904724999904,-20.205799380387653],[-56.52898978499991,-20.20570998638772],[-56.529106480999985,-20.205587344387602],[-56.52973946799995,-20.20519277338765],[-56.53045634299991,-20.204917492387686],[-56.531510818999955,-20.204705195387735],[-56.53235129799998,-20.204692213387755],[-56.532612160999975,-20.20475402638769],[-56.5332125469999,-20.204896291387715],[-56.53354885199991,-20.205011842387677],[-56.53426759499997,-20.205397439387706],[-56.535470000999915,-20.206053688387613],[-56.53708058299992,-20.207192121387635],[-56.53773555699996,-20.20786686338768],[-56.538183225999944,-20.20867864338759],[-56.53839308099998,-20.209572139387635],[-56.538293987999964,-20.211173714387584],[-56.53828940199992,-20.21124783838757],[-56.53803169999992,-20.212608022387546],[-56.53803851099997,-20.21339606538752],[-56.538221698999905,-20.21412278938752],[-56.53857328099997,-20.21479735038742],[-56.53905420399996,-20.21536618638742],[-56.53959415599991,-20.21580104138734],[-56.54018014899998,-20.2161164053874],[-56.540904738999984,-20.216350675387414],[-56.54183704399993,-20.216435203387302],[-56.5423144049999,-20.21639082138736],[-56.543294307999986,-20.216099858387427],[-56.54419753699994,-20.21553019438732],[-56.54512414099992,-20.214693686387484],[-56.54534305099992,-20.214488692387487],[-56.546347027000024,-20.21400519938745],[-56.547348406999966,-20.213828654387413],[-56.54854669699989,-20.213804324387446],[-56.54917314899996,-20.21387562338752],[-56.5498245409999,-20.214060316387496],[-56.55045762999998,-20.21436522338748],[-56.5505738199999,-20.214457347387466],[-56.55068919400003,-20.214548823387496],[-56.552934670999946,-20.216329188387395],[-56.55346496699997,-20.21667970638745],[-56.554051686999905,-20.216937973387427],[-56.5565268119999,-20.21775564738742],[-56.55717359699992,-20.218054654387387],[-56.55771595799996,-20.21842299638731],[-56.55906287899995,-20.21963059838737],[-56.55973524999996,-20.220054687387282],[-56.56033335899991,-20.220288549387345],[-56.560928743999966,-20.220416087387235],[-56.562226308999925,-20.2205448193873],[-56.56291003399991,-20.220519859387284],[-56.569408867999925,-20.218910435387293],[-56.57016441699995,-20.218633294387388],[-56.57063318399992,-20.218359396387406],[-56.57247253099996,-20.21699268438739],[-56.574857154999904,-20.214446297387454],[-56.57551378299996,-20.213955948387394],[-56.57905662099989,-20.212397183387516],[-56.579627730999896,-20.21214590938753],[-56.57993413699995,-20.21201109738754],[-56.58059416699996,-20.21184240938745],[-56.58132821899995,-20.211781786387487],[-56.58156623699989,-20.211793303387566],[-56.58186299199992,-20.211807663387543],[-56.58407335299995,-20.211940978387442],[-56.58691931899989,-20.21268721138752],[-56.58699238599996,-20.21270151738754],[-56.587099081999895,-20.21272948738754],[-56.59154757799991,-20.213593372387525],[-56.5916860019999,-20.213620474387525],[-56.59511577899991,-20.214919937387446],[-56.59512960399991,-20.21492517538747],[-56.59895643799991,-20.21669355438742],[-56.59905905599999,-20.21674097438735],[-56.602393942999925,-20.217571310387367],[-56.603238904000015,-20.21758871438743],[-56.60402483999997,-20.217451628387433],[-56.60406756599997,-20.217433055387403],[-56.604072672999855,-20.217432096387427],[-56.60683098599998,-20.21625997338745],[-56.608416564999914,-20.215586193387416],[-56.60950791699998,-20.21536311038744],[-56.60982767399997,-20.215365219387422],[-56.612312549999956,-20.215381606387435],[-56.6163064449999,-20.21607681738741],[-56.61695785899997,-20.216190208387367],[-56.61695836899992,-20.21619029738745],[-56.61698875899998,-20.21619197538743],[-56.6213336749999,-20.216440401387366],[-56.62216823299997,-20.216645493387457],[-56.622825975999945,-20.21696654838736],[-56.62297843099993,-20.217049632387386],[-56.623258790999955,-20.217261152387387],[-56.625081166999905,-20.218985704387322],[-56.6251323059999,-20.219022060387392],[-56.626464497999905,-20.219969143387228],[-56.627459908999924,-20.220676800387235],[-56.62746660799996,-20.220679958387308],[-56.62773237199991,-20.220805239387257],[-56.628172232999994,-20.221012589387296],[-56.631490646999914,-20.222130136387246],[-56.63340166499996,-20.223148506387222],[-56.63493409799992,-20.223970828387188],[-56.63500418399992,-20.22400248038725],[-56.63532317399995,-20.22414653838723],[-56.637762584999905,-20.22524819238722],[-56.64094946199998,-20.22754693138714],[-56.64151818199998,-20.22795715638713],[-56.64160348299993,-20.228018685387056],[-56.643117497999924,-20.22884603738714],[-56.64609426399994,-20.230500490387],[-56.64683283799996,-20.231167817387064],[-56.647376399999985,-20.232102944387048],[-56.64822699899992,-20.23470627438692],[-56.64894533499995,-20.237698489386897],[-56.64930047799993,-20.23846139038686],[-56.6513503129999,-20.240995715386678],[-56.65162720899991,-20.24134644238679],[-56.652652213999886,-20.242979332386692],[-56.65347725799995,-20.244300483386734],[-56.656604424999955,-20.24962750738653],[-56.656755705999956,-20.249803547386584],[-56.65887710599998,-20.252272145386463],[-56.65917810699989,-20.252622411386383],[-56.65918882299991,-20.252634033386553],[-56.66152925899996,-20.255172525386477],[-56.66168363599991,-20.255339967386373],[-56.664143245999924,-20.257632594386408],[-56.6646053639999,-20.25818549138637],[-56.665006196999855,-20.258988261386353],[-56.66602506200002,-20.262189947386236],[-56.666410249999956,-20.262807839386248],[-56.6668798149999,-20.26331036238626],[-56.66744024399998,-20.2637207853862],[-56.66830939199996,-20.264158578386258],[-56.66897492199996,-20.264357160386247],[-56.66962808299991,-20.26443147738617],[-56.67043541599992,-20.264371098386242],[-56.67123155299999,-20.264145427386232],[-56.67155110099992,-20.263988645386252],[-56.671555174999924,-20.263986646386243],[-56.67292966599996,-20.26313505038626],[-56.67392633999992,-20.26251753938625],[-56.674064276999964,-20.262432076386293],[-56.67574872499989,-20.2616556833863],[-56.67655141299997,-20.261426505386318],[-56.67748709299991,-20.26137640438626],[-56.68046549899998,-20.26182235638631],[-56.68114368799996,-20.26198824038626],[-56.68171697599996,-20.262224522386262],[-56.68377268399996,-20.263589553386264],[-56.684163854999895,-20.263924021386195],[-56.684737435999864,-20.264653309386233],[-56.684958595999944,-20.26509768138624],[-56.68518394499994,-20.265947187386168],[-56.68556071699993,-20.270511917386077],[-56.68663562200004,-20.27442981438593],[-56.68666227300003,-20.274526952385987],[-56.687057663999894,-20.27535136038588],[-56.69030691199998,-20.280062439385826],[-56.69062546699996,-20.28063305238585],[-56.69085185899996,-20.281365875385735],[-56.69157866199998,-20.285775628385633],[-56.69152222899998,-20.286384397385618],[-56.69042415999991,-20.291762244385577],[-56.68942736899993,-20.295280963385473],[-56.6894106229999,-20.295391664385455],[-56.688681081999846,-20.300214770385335],[-56.68860028199993,-20.300748959385327],[-56.68847312599996,-20.306921894385113],[-56.688420168999926,-20.307663268385067],[-56.68791088199999,-20.314723160384975],[-56.68774323599997,-20.315313434384958],[-56.68751929099989,-20.315783241384885],[-56.68477816199993,-20.320560463384805],[-56.6843568199999,-20.321145031384752],[-56.68323452699997,-20.322247023384698],[-56.68268816899996,-20.322575369384744],[-56.68195597199991,-20.32284396938477],[-56.68105083899991,-20.32295983338478],[-56.68079234699985,-20.322961611384724],[-56.679808039999955,-20.322841179384714],[-56.6772892539999,-20.322500188384755],[-56.67676106099998,-20.322513714384723],[-56.6761899469999,-20.32261220638478],[-56.67385897999992,-20.32341072538477],[-56.67329615499989,-20.32374691438476],[-56.67279376299991,-20.32417407738466],[-56.67236262399996,-20.324722750384737],[-56.67171104299996,-20.326137868384663],[-56.67138901699997,-20.326663298384677],[-56.67100848899992,-20.32709711138458],[-56.66943194199985,-20.32855408238465],[-56.66901379899997,-20.329134536384608],[-56.667881993999856,-20.331877247384536],[-56.66580730599998,-20.33578399138439],[-56.664290198,-20.33995693938437],[-56.663842183999925,-20.340768723384244],[-56.66368781299991,-20.3409422513843],[-56.663233408999986,-20.34139082938421],[-56.66309160399999,-20.341504359384277],[-56.66296377999999,-20.34160669538427],[-56.66087194999989,-20.34281804638429],[-56.65931064899996,-20.344195411384263],[-56.65923574899989,-20.344261486384262],[-56.659133847999904,-20.34440590438419],[-56.65817256599996,-20.345768274384195],[-56.656371569999976,-20.34832071838408],[-56.654033965999986,-20.350232846384042],[-56.653419804999885,-20.350904319383925],[-56.653135264999946,-20.35135958938401],[-56.65307571099993,-20.35148033738402],[-56.65242423399985,-20.352801205384058],[-56.65189822099995,-20.35386769338401],[-56.65057256799991,-20.356123295383952],[-56.65011088999995,-20.356721365383844],[-56.648135207999985,-20.358391469383886],[-56.64722004999993,-20.359156813383862],[-56.64508918899992,-20.360690597383837],[-56.64460254599999,-20.361038630383728],[-56.64067948499991,-20.36303567238371],[-56.64001294499991,-20.36327059838378],[-56.63937480199991,-20.36337671438375],[-56.63491075999991,-20.363235108383712],[-56.6342804919999,-20.363211894383763],[-56.634132800999964,-20.363206454383644],[-56.629591605999906,-20.362850844383782],[-56.62601938799992,-20.362872455383755],[-56.6259514969999,-20.362872866383785],[-56.62391027999996,-20.363091769383733],[-56.62358028499989,-20.363064542383707],[-56.622922978999895,-20.362952141383744],[-56.62279731299998,-20.362930651383742],[-56.622739542999916,-20.362905787383742],[-56.62212269199995,-20.36264028738379],[-56.62206830699995,-20.362616879383733],[-56.62205968199993,-20.362610982383792],[-56.62147531699992,-20.362211496383757],[-56.621459620999936,-20.362200766383765],[-56.62145455599989,-20.362195783383715],[-56.62114337499992,-20.361889547383804],[-56.621016942999915,-20.361765124383826],[-56.619807291999905,-20.360229621383784],[-56.61930028899997,-20.359306078383863],[-56.6185337849999,-20.357169107383775],[-56.61835354699997,-20.356066624383974],[-56.61846471299999,-20.355235417383955],[-56.61863629399994,-20.354835460383843],[-56.61875515499992,-20.354558397383894],[-56.61886587999994,-20.35430029838396],[-56.62181064599997,-20.34942653338406],[-56.62323692299992,-20.34541338138419],[-56.62326851499989,-20.344730554384224],[-56.6232698679999,-20.344451299384225],[-56.62292334499989,-20.342682294384183],[-56.62173328799997,-20.33950950338437],[-56.62138903899995,-20.338998889384328],[-56.61978869899991,-20.33704761538441],[-56.61918025299991,-20.336544334384396],[-56.61852241199995,-20.33620392938444],[-56.61840401799992,-20.336161749384402],[-56.61541385299995,-20.335469663384455],[-56.61530685199989,-20.3354470443844],[-56.61473212199996,-20.33541893238441],[-56.612440205999924,-20.335535647384454],[-56.611517326999945,-20.3354403113844],[-56.610774274999926,-20.33519619638446],[-56.61011453599997,-20.334809046384432],[-56.60956158299996,-20.33430150038445],[-56.60946613199996,-20.334171408384435],[-56.609337607999926,-20.333996242384426],[-56.60911405399998,-20.333691561384445],[-56.607963248999965,-20.330850387384555],[-56.60675272599996,-20.32863547138464],[-56.60616208099998,-20.32790941838461],[-56.602301844999886,-20.32522360838466],[-56.59837659899989,-20.323535475384755],[-56.597781020999946,-20.32321079838474],[-56.59716531099997,-20.322702207384776],[-56.59561357799993,-20.320775876384765],[-56.595098072999974,-20.320277594384756],[-56.59447104699996,-20.319876392384796],[-56.59181421899996,-20.31861976038485],[-56.59120066499992,-20.31822344638486],[-56.590605136999955,-20.317644565384846],[-56.58915490899994,-20.315544688384975],[-56.588843452999924,-20.315187774384917],[-56.587240907999956,-20.313351340384987],[-56.58704110699983,-20.313122378384996],[-56.585878259999966,-20.31107725038502],[-56.58557587999991,-20.310260882385084],[-56.585489141999915,-20.30952253638512],[-56.58569837199991,-20.306948108385175],[-56.58566936099993,-20.306354588385197],[-56.5846505049999,-20.30307057038523],[-56.58423075899998,-20.30241800638524],[-56.58379314999996,-20.301967468385303],[-56.57998541799992,-20.29924238838537],[-56.57943690999991,-20.298711563385403],[-56.578905397999904,-20.297881976385415],[-56.577110133999895,-20.293976307385453],[-56.576971726999886,-20.293184969385468],[-56.576933821000004,-20.28977256338556],[-56.577589087999904,-20.285963904385635],[-56.577717212999914,-20.285182124385646],[-56.57763079799997,-20.28310001938565],[-56.577546824999956,-20.281688717385784],[-56.57705005899999,-20.27930987838583],[-56.57662725399996,-20.27740029038589],[-56.575829441999986,-20.275743273385974],[-56.57569933499997,-20.275583284385977],[-56.57541421899998,-20.275240336385963],[-56.57495770499997,-20.274845622386],[-56.57426612399985,-20.274449637385988],[-56.57336492099989,-20.27418152038592],[-56.57334112999996,-20.274174442385974],[-56.57158640699998,-20.27400750538601],[-56.57053123499992,-20.27412584738602],[-56.569777292000026,-20.274402498385996],[-56.56910467499989,-20.274826569385965],[-56.568646732999916,-20.27525867338593],[-56.568021496999904,-20.276028620385954],[-56.56719563499996,-20.276682621385863],[-56.56674737599991,-20.276899890385884],[-56.56589318199992,-20.27713721138592],[-56.56497898699996,-20.277191390385937],[-56.56413724299995,-20.277042733385926],[-56.56368526899996,-20.276876880385927],[-56.56286902599993,-20.276386194385854],[-56.56221235699985,-20.27570955038591],[-56.56141703399993,-20.274605727385943],[-56.56053547199991,-20.273938118385974],[-56.559948531999964,-20.27367986338602],[-56.559322985999984,-20.273521703385896],[-56.558677836999884,-20.273468443386],[-56.55803268899996,-20.273521703385896],[-56.55696231699994,-20.273864549385912],[-56.556167830999925,-20.274389469385994],[-56.55554438799999,-20.275090535385903],[-56.554751720999946,-20.276375044385926],[-56.55445942199998,-20.27673535038587],[-56.55430768399997,-20.276866787385927],[-56.55364754399989,-20.277344769385905],[-56.551102112999956,-20.278676537385877],[-56.550358519999975,-20.27891211738579],[-56.54971642599986,-20.278991883385853],[-56.54768515399991,-20.27889780138587],[-56.54525438999997,-20.2781872713859],[-56.544355400999905,-20.277629510385875],[-56.5423903709999,-20.275687575385877],[-56.5417272869999,-20.275232209385962],[-56.53972046999996,-20.274469746385982],[-56.538786792999986,-20.274308771385957],[-56.537854064999976,-20.27436876338594],[-56.531289304999916,-20.27567469238581],[-56.52690448699997,-20.277297679385843],[-56.525957576999936,-20.277495767385886],[-56.52252549499991,-20.27741459738585],[-56.522516855999925,-20.277414393385904],[-56.51860878199994,-20.276988359385932],[-56.518562161999974,-20.276983277385785],[-56.51657015399991,-20.277021671385842],[-56.515262496999924,-20.277046875385896],[-56.51237282799991,-20.277211909385848],[-56.51108182599995,-20.277056021385906],[-56.51024725699989,-20.276748394385887],[-56.509828237999955,-20.276499520385922],[-56.5091584409999,-20.275907553385895],[-56.50863750599995,-20.275126567385858],[-56.50835056999989,-20.274258784385992],[-56.508212881999896,-20.273330504385996],[-56.50822723899995,-20.272589025386008],[-56.50845821399992,-20.271718991385967],[-56.50953895799984,-20.26930244238612],[-56.50971462899997,-20.268660314386146],[-56.50976296199991,-20.268409204386128],[-56.50975726899998,-20.26816322338604],[-56.50968578599992,-20.26737037838609],[-56.50932199199991,-20.266468632386104],[-56.50871149199992,-20.265694611386138],[-56.507868899999956,-20.265091372386227],[-56.50691455099985,-20.264745060386197],[-56.50531858599987,-20.264639036386214],[-56.504556138,-20.264492789386185],[-56.50381575499995,-20.264185357386253],[-56.50304635599997,-20.263628215386277],[-56.502630112999896,-20.26316008238626],[-56.502241064999964,-20.26249084838622],[-56.50215731099996,-20.26217275238623],[-56.502075911999896,-20.261963469386238],[-56.50179077999991,-20.26078064938627],[-56.501740403999925,-20.26058931838634],[-56.50150100599984,-20.26003163638633],[-56.50084912199992,-20.258557920386348],[-56.5008361859999,-20.25852867738626],[-56.50054994799984,-20.25803445138632],[-56.50013601399996,-20.257524071386364],[-56.49872889799997,-20.256173449386377],[-56.49795879399994,-20.255612465386434],[-56.497082165999984,-20.25526018338646],[-56.496119214999965,-20.255130128386355],[-56.495153488999904,-20.25524032738646],[-56.494273522999954,-20.25557242738643],[-56.494080415999925,-20.25570623938637],[-56.493945421999975,-20.255799782386426],[-56.49352571999998,-20.256090612386455],[-56.49340847899992,-20.2562249613864],[-56.49302622899995,-20.25666299238638],[-56.49295187099989,-20.256748202386444],[-56.4929366419999,-20.256778294386418],[-56.49282127599986,-20.25692677338643],[-56.492500261999965,-20.25761129238641],[-56.49216255199997,-20.25912660738632],[-56.49184229599996,-20.259823795386378],[-56.491370418999914,-20.260438138386355],[-56.49072287299998,-20.260979987386335],[-56.48889160899989,-20.261822673386312],[-56.48777168799995,-20.2627579173863],[-56.48701098299989,-20.26324170238626],[-56.48607768599993,-20.263546717386177],[-56.48556217599992,-20.26361076238627],[-56.48451861599989,-20.263530115386146],[-56.48389972399991,-20.26334069838627],[-56.48334601599993,-20.263066870386293],[-56.48284903599995,-20.262709021386293],[-56.48238821399992,-20.26224215638628],[-56.481971142999896,-20.261595656386284],[-56.48173410299989,-20.26094293338621],[-56.48164987299993,-20.260198217386357],[-56.4816377809999,-20.260091319386287],[-56.481679591999914,-20.259641713386227],[-56.481729543000036,-20.258706362386295],[-56.4816538529999,-20.258037443386396],[-56.48143817199991,-20.257379449386423],[-56.48109061199995,-20.25677381138642],[-56.48064523300002,-20.256264515386306],[-56.48010160299999,-20.255841145386455],[-56.47948530499992,-20.255524129386416],[-56.47786113799998,-20.254983765386413],[-56.47731501599992,-20.254655417386484],[-56.47683760999996,-20.25424255938639],[-56.47626160399989,-20.253456469386446],[-56.475870277999945,-20.252617752386556],[-56.475000610999935,-20.25075382038655],[-56.474606761999944,-20.250119381386565],[-56.47356247099992,-20.249079259386573],[-56.47281602699991,-20.248531535386597],[-56.47194073099996,-20.248161969386636],[-56.4693156539999,-20.24776266938657],[-56.46711813099989,-20.246927368386594],[-56.46621134499991,-20.246749852386646],[-56.46555145399998,-20.24674703838668],[-56.46242495099989,-20.24717079938665],[-56.460323084999914,-20.247273754386637],[-56.45943413099991,-20.247454739386612],[-56.45686836599999,-20.248687404386615],[-56.4551833939999,-20.250085403386592],[-56.45493148599991,-20.250294408386573],[-56.45429894499989,-20.25063068138658],[-56.453152394999904,-20.251064030386562],[-56.45256381599995,-20.251405247386515],[-56.451909764999925,-20.252004798386558],[-56.451357570999896,-20.252905259386544],[-56.45110909899995,-20.253913958386466],[-56.45113067899996,-20.2543105893864],[-56.451157785999946,-20.254808803386403],[-56.45152645999991,-20.25602012238642],[-56.45188634899995,-20.25728031638638],[-56.45197907999989,-20.258107294386377],[-56.45194688299989,-20.25845467638634],[-56.45188593799992,-20.258890154386325],[-56.45150560299999,-20.25981317838627],[-56.4512942639999,-20.260115855386356],[-56.448413715000015,-20.26420384938617],[-56.44795002999996,-20.264737486386206],[-56.44747856099991,-20.265113903386226],[-56.44602506499996,-20.266012132386184],[-56.44544048399996,-20.26624188838619],[-56.44427104699991,-20.266549634386156],[-56.44373355199997,-20.266765459386143],[-56.44306886199996,-20.26718504138614],[-56.442356876999895,-20.267939770386125],[-56.441601476999956,-20.269346041386086],[-56.44135504399997,-20.270207844386043],[-56.44134657599989,-20.271079062385994],[-56.44148659499996,-20.27173566338605],[-56.44253207599986,-20.274961865385915],[-56.442547231999924,-20.27501063538594],[-56.443113362999895,-20.27778764038587],[-56.44316455999996,-20.278524442385898],[-56.443128551999905,-20.278819839385896],[-56.44308596099996,-20.279125149385823],[-56.44298880399998,-20.27943343438583],[-56.442894660999904,-20.279715187385797],[-56.44286471699991,-20.279772435385816],[-56.441888702999904,-20.281277825385818],[-56.44164772199998,-20.28164951038574],[-56.44155786299991,-20.28178810638574],[-56.4412402399999,-20.282782816385698],[-56.44119234299996,-20.285769623385637],[-56.44063857599986,-20.29022529738551],[-56.440794445999984,-20.29212181538555],[-56.44086388399995,-20.292299532385535],[-56.441106494999936,-20.29292044838552],[-56.44117737299996,-20.29310184738544],[-56.44147405799999,-20.293533419385508],[-56.44160268999997,-20.293652979385467],[-56.442192340999895,-20.294201040385484],[-56.442234571999904,-20.294240292385446],[-56.442527115999894,-20.294392710385473],[-56.44297964599991,-20.294628482385406],[-56.443103918999896,-20.294693229385413],[-56.44466019299989,-20.295222740385423],[-56.44534858399994,-20.29557626938546],[-56.445376405999916,-20.29559530538544],[-56.44782379799989,-20.297282689385373],[-56.44864550499995,-20.297906613385386],[-56.45085441499993,-20.299592510385306],[-56.453753881999944,-20.30162237938526],[-56.454343950999885,-20.302274754385206],[-56.45530304699986,-20.303761830385202],[-56.45535243399996,-20.303842161385198],[-56.455478039999946,-20.304120140385162],[-56.45599612599988,-20.305266722385184],[-56.45630920999997,-20.305756500385204],[-56.456822528999965,-20.306299696385164],[-56.45741725699992,-20.306711104385204],[-56.45847097899997,-20.307097692385106],[-56.459599157999946,-20.30716745438516],[-56.46033327699997,-20.307035704385186],[-56.4630837979999,-20.306158919385137],[-56.46367402799996,-20.306032546385214],[-56.46446436699989,-20.305997956385173],[-56.46532197199997,-20.30612494838521],[-56.46798029999991,-20.30693821738513],[-56.471757009999976,-20.308965115385135],[-56.471759671999905,-20.308966544385132],[-56.47484694699989,-20.31018755238506],[-56.47569416099992,-20.31077965938511],[-56.47690223599989,-20.312268555384957],[-56.47727883899995,-20.312920692384917],[-56.47752994799993,-20.313804686384998],[-56.477505306999944,-20.314871045384965],[-56.47727890399994,-20.315603862384982],[-56.47617369999989,-20.317816177384817],[-56.47386882899997,-20.320688225384824],[-56.47353004099995,-20.3215673273848],[-56.47345222099989,-20.322071601384778],[-56.47353897099987,-20.32311795438469],[-56.47369999999995,-20.32360438038468],[-56.473939376999965,-20.323994280384632],[-56.47419153199996,-20.324404992384746],[-56.47425506099996,-20.324508469384618],[-56.47462409099995,-20.32488014938472],[-56.47465150999989,-20.32489977338472],[-56.47519439999996,-20.325288316384704],[-56.47555901199996,-20.325460268384713],[-56.475825587000024,-20.32558598638464],[-56.4759376159999,-20.325617415384677],[-56.47623847299991,-20.325742291384717],[-56.47832998099989,-20.32608008838458],[-56.47922926399997,-20.326401994384636],[-56.479868810999896,-20.3268138093847],[-56.4802106439999,-20.327126343384613],[-56.48061621299996,-20.3276525833846],[-56.480772663999915,-20.32789577038456],[-56.48100092699991,-20.328423171384607],[-56.4811579279999,-20.32897582238456],[-56.481163214999924,-20.32899953038457],[-56.48116432199993,-20.32902599038464],[-56.481166258999906,-20.329874882384583],[-56.481097281999894,-20.330261469384503],[-56.480924507999994,-20.331170013384497],[-56.47983919499995,-20.333981325384432],[-56.47981198199994,-20.334050747384403],[-56.477959426999966,-20.336912205384362],[-56.47634537599999,-20.33995214338433],[-56.47559977499992,-20.34075407438421],[-56.47279398999996,-20.342853294384206],[-56.47221443999996,-20.34315832938418],[-56.47133413999996,-20.34346834538426],[-56.466442135999955,-20.34422181738416],[-56.4655693009999,-20.344524215384126],[-56.4650153849999,-20.344846117384172],[-56.46185359599997,-20.347074334384097],[-56.45961149299989,-20.349299240384138],[-56.45908161299996,-20.349617626384067],[-56.45849446799997,-20.34984700738395],[-56.45738586799996,-20.35000357138402],[-56.45653437399994,-20.349902294384076],[-56.45507436099995,-20.349420963384087],[-56.454281728999895,-20.34930667938402],[-56.45363441899997,-20.349333334384074],[-56.4521036779999,-20.349602433384057],[-56.45136811799989,-20.349570977384122],[-56.450447228999906,-20.34932040338401],[-56.449700820999965,-20.348900935384123],[-56.449622568999985,-20.348856959384143],[-56.44961402399997,-20.348848782383985],[-56.44906342599989,-20.34832188638412],[-56.44842226599997,-20.347708327384147],[-56.446329577999904,-20.34594066638422],[-56.44602536999997,-20.3455992553842],[-56.44580107699989,-20.345267182384116],[-56.44548244599997,-20.34455807438417],[-56.44534224899991,-20.343911683384267],[-56.445346875999974,-20.343114959384184],[-56.44567785299989,-20.34166011938425],[-56.445730764999894,-20.340898435384332],[-56.44527413099996,-20.33858153238434],[-56.444959060999906,-20.33778980338439],[-56.44455047099996,-20.337202077384358],[-56.44281160399998,-20.33520758938444],[-56.44235188799996,-20.334839269384435],[-56.43964512899999,-20.333099250384475],[-56.43955213199985,-20.333021758384465],[-56.43920438699996,-20.332731984384477],[-56.43910212799989,-20.332646773384518],[-56.43904015599992,-20.33257015738452],[-56.438691228999915,-20.332138787384537],[-56.438606541999945,-20.332034091384493],[-56.438547197999924,-20.331914891384468],[-56.43836894699991,-20.331556858384534],[-56.43825127599996,-20.331320502384518],[-56.43809488199997,-20.330751315384607],[-56.43767718699996,-20.32801698138464],[-56.437696789999904,-20.327428228384612],[-56.43807329299989,-20.32512630438473],[-56.4380530389999,-20.324392433384613],[-56.43780191499991,-20.323508439384746],[-56.43721531299986,-20.322596591384738],[-56.43659806799985,-20.32204535138481],[-56.43533609499997,-20.321293004384824],[-56.43361934999996,-20.320763354384805],[-56.432800716999914,-20.320541577384834],[-56.43256879799997,-20.32047874738479],[-56.431550391999906,-20.320354259384807],[-56.42878787899998,-20.320329897384823],[-56.427907652999984,-20.320485181384797],[-56.42693391499995,-20.32093236338474],[-56.42608786299984,-20.321676688384745],[-56.42514120699997,-20.322958483384728],[-56.42479166699991,-20.323951494384744],[-56.424763480999964,-20.324265159384648],[-56.424736228999905,-20.32456844238469],[-56.424727349999905,-20.324667243384663],[-56.424803106999946,-20.326693542384692],[-56.42500144499991,-20.327419834384646],[-56.42577126699996,-20.329085116384633],[-56.425894386999914,-20.329839548384566],[-56.425866141999904,-20.33045005838456],[-56.42583714199998,-20.330573464384553],[-56.42561548099991,-20.33129821338456],[-56.425502303999906,-20.331555955384527],[-56.425438397999926,-20.331663049384517],[-56.42432179399998,-20.333122717384473],[-56.42399243299991,-20.333874011384506],[-56.42353106999997,-20.33651132438437],[-56.42356754699995,-20.337357179384416],[-56.42372670599997,-20.33794297738438],[-56.423951804999945,-20.338429121384358],[-56.42605709099996,-20.34146319338432],[-56.4265448089999,-20.341977986384276],[-56.42941975899993,-20.34444550238426],[-56.42983250799989,-20.344810263384137],[-56.43078831999992,-20.345857568384094],[-56.43116208299995,-20.346273403384107],[-56.43169595199998,-20.34719116338419],[-56.43188833299997,-20.347932601384148],[-56.43190600599997,-20.34869573638413],[-56.431204223999885,-20.351531934384067],[-56.431177862999895,-20.352101083384053],[-56.43124783599984,-20.35270868938394],[-56.43193524199996,-20.35557860638393],[-56.433978363999984,-20.359632889383843],[-56.434199974999956,-20.36019042438376],[-56.43452560999999,-20.361704470383675],[-56.434518888999946,-20.362311822383795],[-56.43432095399993,-20.363093170383756],[-56.43399391499992,-20.36374529638372],[-56.43353157599989,-20.364319998383753],[-56.432953727999916,-20.36479268038375],[-56.43228510199987,-20.36514310738369],[-56.431554320999965,-20.365356277383736],[-56.43079626899987,-20.36542275238371],[-56.42903421099993,-20.365273480383728],[-56.428078503999984,-20.36543239438372],[-56.427479831999904,-20.3656662433837],[-56.4269333119999,-20.365994574383688],[-56.426151175999856,-20.366765040383665],[-56.42576183899996,-20.367434253383575],[-56.42476740899991,-20.370033973383606],[-56.42428468199994,-20.371596903383544],[-56.423690458999886,-20.373371457383502],[-56.42111891699995,-20.37774517438336],[-56.421110039999924,-20.377764874383402],[-56.42107910199991,-20.377817419383373],[-56.4182719129999,-20.38401100438323],[-56.41812895599992,-20.38445857738319],[-56.41804928399989,-20.384913531383194],[-56.41807724899991,-20.38580932738318],[-56.41882308199996,-20.388222561383127],[-56.41901049299992,-20.388636990383112],[-56.4193622709999,-20.389137009383123],[-56.41937491199997,-20.38915497638308],[-56.419517776999896,-20.38935804738312],[-56.41994850499992,-20.38969583438297],[-56.420137109999985,-20.389843742383107],[-56.420454707999966,-20.390092810383013],[-56.42110600999996,-20.390379180383075],[-56.424060911999895,-20.391280961382993],[-56.42540293999991,-20.39195025538301],[-56.42603804799989,-20.392536144382962],[-56.42650485299998,-20.39324336838295],[-56.42678760599995,-20.394062521382928],[-56.4268505199999,-20.394893395382837],[-56.42669643299991,-20.395737643382937],[-56.42628000599995,-20.39659349638294],[-56.425641721999966,-20.39731398738285],[-56.42478360999985,-20.397979951382897],[-56.42434573099997,-20.398430484382825],[-56.42396016999993,-20.399015303382793],[-56.42393197399991,-20.3990785883828],[-56.42391210999995,-20.39910763238289],[-56.42331973499995,-20.40036085338281],[-56.42261165499996,-20.401192691382782],[-56.41949433699989,-20.403162281382798],[-56.41945759099997,-20.40318016438279],[-56.418735974000015,-20.403427797382733],[-56.41850610999995,-20.40349160738277],[-56.41837995699996,-20.40352662738275],[-56.41747293999999,-20.403580337382717],[-56.413508537999974,-20.402855028382778],[-56.4134435599999,-20.4028326023828],[-56.412487083999906,-20.402502496382766],[-56.4096960679999,-20.40153924138275],[-56.405744951999964,-20.39975629938282],[-56.402639054999895,-20.399159103382885],[-56.401892205999964,-20.399015500382816],[-56.398013964999954,-20.397860923382872],[-56.39744020299992,-20.397602370382902],[-56.39718431899996,-20.397487062382876],[-56.396474095999906,-20.396938165382835],[-56.393601297999965,-20.39393734038295],[-56.39312767499996,-20.39330922638297],[-56.39168220799991,-20.390050699383092],[-56.391662934999886,-20.389972244383102],[-56.3916007329999,-20.389719044383032],[-56.390908618999845,-20.386901702383135],[-56.390611177999915,-20.38617601738313],[-56.388158056999885,-20.38287426938326],[-56.38762870899989,-20.382161799383276],[-56.38629955599998,-20.38037284138331],[-56.38584652199995,-20.379561369383374],[-56.38564763799991,-20.37889773438331],[-56.38559373199991,-20.378208420383395],[-56.38571633099991,-20.377355191383433],[-56.38662302799992,-20.37450023038336],[-56.38675012299995,-20.373591327383522],[-56.386578064999924,-20.37253731538356],[-56.38657125799989,-20.372523085383516],[-56.38588674199992,-20.371103482383507],[-56.38526441899995,-20.370307841383497],[-56.38509251399989,-20.370163040383588],[-56.384549743999976,-20.369770301383543],[-56.38421309199998,-20.36959613638363],[-56.38387038899998,-20.36944544138356],[-56.381059701999845,-20.368490694383553],[-56.380199912999956,-20.3679379553835],[-56.379761371999905,-20.367484141383603],[-56.37943876799994,-20.36701228038368],[-56.379189514999894,-20.366465966383686],[-56.37903051899991,-20.365845833383656],[-56.37900300599995,-20.36509419038373],[-56.379153931999895,-20.364346127383744],[-56.37941953199993,-20.36372738738376],[-56.38075442299998,-20.36133954238378],[-56.38161055399996,-20.357926430383884],[-56.382267568999964,-20.356478054383892],[-56.38256837899997,-20.355980452383964],[-56.38302079099992,-20.355460570383936],[-56.38360292899995,-20.355001342383986],[-56.38605912099996,-20.353613474384026],[-56.38644589399997,-20.35347311038402],[-56.386781361999965,-20.35335136538402],[-56.38897673099996,-20.35255464138399],[-56.38985751899992,-20.35204312438404],[-56.39000133499991,-20.351918831383998],[-56.39013510799998,-20.351787846384063],[-56.3911457019999,-20.35054913138403],[-56.39143174999998,-20.350167374384082],[-56.39191349699997,-20.349256172384113],[-56.392078984999955,-20.34837088538406],[-56.39201793999996,-20.347603233384163],[-56.39191230799992,-20.347153893384114],[-56.39158634299997,-20.346455226384148],[-56.391214702999946,-20.345954658384205],[-56.39049929299989,-20.34533638138422],[-56.38876353399991,-20.344459122384258],[-56.38817780099993,-20.344035199384177],[-56.387584112999946,-20.343384750384274],[-56.38586670999996,-20.340742552384295],[-56.385445001999926,-20.340213339384317],[-56.382758426999885,-20.338009938384396],[-56.3811999969999,-20.337063240384357],[-56.38090821599991,-20.336820772384353],[-56.38088607299995,-20.33680237138443],[-56.380630652999976,-20.336590119384404],[-56.38011498599991,-20.335921559384406],[-56.37977213600004,-20.335123115384476],[-56.37964873699991,-20.334336456384467],[-56.37971806600002,-20.333539137384424],[-56.37997570299996,-20.332781955384526],[-56.380381479999926,-20.332137140384553],[-56.38126686499993,-20.33125714138452],[-56.38153841499991,-20.331061171384594],[-56.381541942999945,-20.331058625384514],[-56.3818750879999,-20.330818204384517],[-56.38195989899998,-20.330782583384515],[-56.38338520699989,-20.330183949384562],[-56.385742094999955,-20.329194049384554],[-56.386837676999896,-20.328495382384517],[-56.38689356099996,-20.328458285384556],[-56.387093568999944,-20.328296546384653],[-56.38770768899985,-20.32767679138468],[-56.38773384599995,-20.327647385384548],[-56.388208826999914,-20.326738806384682],[-56.388378264999915,-20.325998711384685],[-56.38837632499991,-20.3253331063847],[-56.388266711999904,-20.324700031384722],[-56.388105430999985,-20.32392508638475],[-56.38699356899992,-20.32118725538477],[-56.386800613999924,-20.320500408384795],[-56.3865792979999,-20.315713451384894],[-56.38658183399997,-20.315684292384887],[-56.38663624599991,-20.315058466384983],[-56.38678648799993,-20.314486071384987],[-56.38824276900005,-20.31149278438502],[-56.388262481999895,-20.311408887385006],[-56.38829851599996,-20.311255536385005],[-56.38838402599993,-20.310849945384955],[-56.38840058999989,-20.31013303538509],[-56.38790352399997,-20.308098661385095],[-56.38762975999998,-20.307544829385126],[-56.38715131099991,-20.306929262385182],[-56.38665351599991,-20.306501888385107],[-56.37987286699996,-20.301662352385268],[-56.3775244819999,-20.299121685385394],[-56.37711210499999,-20.298569241385238],[-56.37671216999991,-20.297721961385406],[-56.375805767999914,-20.294569191385396],[-56.37578760699989,-20.294386759385485],[-56.37531048199986,-20.289593987385622],[-56.3752304759999,-20.288790330385584],[-56.37522896099995,-20.288762021385626],[-56.37494468299996,-20.28344993638575],[-56.374937227999965,-20.28331064138575],[-56.37512769299991,-20.281406577385827],[-56.375204501999974,-20.280638737385807],[-56.37523090699994,-20.28037475538584],[-56.37547717399997,-20.279587022385872],[-56.37590087099994,-20.278887105385877],[-56.3766891329999,-20.27798084738585],[-56.37724944499996,-20.277546966385867],[-56.37787700999996,-20.27723045538588],[-56.37917904899996,-20.276867211385863],[-56.37996181099994,-20.276773814385876],[-56.380732611999974,-20.276827463385867],[-56.380753919999954,-20.276832824385828],[-56.38078864899989,-20.276832109385893],[-56.38247674499996,-20.277215704385902],[-56.383208337999974,-20.2772723083858],[-56.38433255599995,-20.277089463385924],[-56.384979770999905,-20.276812749385886],[-56.38554509099998,-20.276439227385882],[-56.38600434999995,-20.275998709385945],[-56.386375383999905,-20.275480853385854],[-56.38640233399991,-20.275438944385847],[-56.386627494999914,-20.274956059385975],[-56.386662835999914,-20.274864431385925],[-56.38677401999996,-20.274438439385943],[-56.38682001399997,-20.274199608385914],[-56.386846943999956,-20.27341698838594],[-56.38689772699991,-20.271239226386022],[-56.386786086999905,-20.270526057386093],[-56.38590404999991,-20.268022866386147],[-56.385858276999954,-20.26779063438612],[-56.385782121999966,-20.26740425138615],[-56.38576529099999,-20.267318860386183],[-56.385764303999906,-20.267147654386125],[-56.3857620049999,-20.266748245386065],[-56.38576185299996,-20.266721864386188],[-56.385801296999944,-20.26650738038611],[-56.38588168599995,-20.266070250386207],[-56.3858869039999,-20.266041879386183],[-56.386157999999966,-20.26539605138622],[-56.38621363699997,-20.265314044386166],[-56.3869120089999,-20.26428466338624],[-56.387633876999985,-20.26322065138623],[-56.389183578999905,-20.260358189386242],[-56.38933834299996,-20.25981307238637],[-56.389354404999956,-20.259732939386215],[-56.389407588999916,-20.259159141386345],[-56.38921515699997,-20.257725237386413],[-56.38922581999998,-20.25711114238643],[-56.38934822700003,-20.256513443386368],[-56.38958786799998,-20.25592240438641],[-56.389755989999976,-20.255694013386464],[-56.39006418599996,-20.255275338386433],[-56.390225487999885,-20.25505621438642],[-56.39079698999995,-20.254539573386502],[-56.39203898699992,-20.25364091438644],[-56.39247644299991,-20.25319036038645],[-56.39296129999997,-20.25239777338656],[-56.39321226799996,-20.251513763386523],[-56.39321224699995,-20.250598571386565],[-56.39301998499991,-20.249857126386562],[-56.39257219899992,-20.249045349386627],[-56.39194130599992,-20.248303866386586],[-56.391472732999894,-20.247753158386598],[-56.391159150999954,-20.24738460738665],[-56.390851402999886,-20.246664665386618],[-56.390760658999966,-20.24627326238665],[-56.39072370199989,-20.24547401738673],[-56.39087233699996,-20.244710471386725],[-56.391163804999906,-20.244057910386758],[-56.39166832199999,-20.24338659138673],[-56.39250310999989,-20.24258457938673],[-56.39328976699994,-20.241811029386795],[-56.393845563999946,-20.240946531386765],[-56.39384657399984,-20.240944211386683],[-56.39407242899995,-20.240212818386844],[-56.394128844999905,-20.239604045386848],[-56.39407240099996,-20.238995274386834],[-56.39390480999992,-20.23840500338689],[-56.39336122599992,-20.237469877386904],[-56.39331051799991,-20.237417648386906],[-56.3927030559999,-20.236859472386953],[-56.392529391999915,-20.236733702386942],[-56.39226209099991,-20.236581333386916],[-56.388932896999954,-20.23509714138698],[-56.38720265899991,-20.234325781386957],[-56.38712579999992,-20.234291516386886],[-56.386924638999915,-20.23417409738702],[-56.386068589999915,-20.233674415386915],[-56.38600238699996,-20.233635772386993],[-56.38594078899996,-20.233581780386984],[-56.3856163829999,-20.233297423386993],[-56.385324810999975,-20.233041847386986],[-56.38489085099991,-20.232431944386995],[-56.384582059999964,-20.231661531386965],[-56.38447235999997,-20.23084919338709],[-56.384554882999915,-20.230096622387094],[-56.3847885699999,-20.229422823387143],[-56.38509946399995,-20.228884487387123],[-56.38555449299997,-20.228358245387096],[-56.386627950999866,-20.227471398387113],[-56.38827729499991,-20.22554455638723],[-56.3884350269999,-20.225301589387218],[-56.388951954999925,-20.2243039823872],[-56.389273868999965,-20.223682727387267],[-56.38979518499991,-20.222996871387277],[-56.39019819599997,-20.222636675387246],[-56.390699398999914,-20.22231682338723],[-56.39117206099996,-20.222111735387266],[-56.3912474469999,-20.2220790253873],[-56.3917426079999,-20.22194632738723],[-56.392492486000044,-20.221728930387325],[-56.393075219000025,-20.22146508438733],[-56.39345373199984,-20.221214898387323],[-56.39355535699991,-20.221144961387292],[-56.3940988409999,-20.22061072438735],[-56.39565270199989,-20.218167802387345],[-56.3956736529999,-20.218134863387366],[-56.39729493200002,-20.21442313838749],[-56.39734110199999,-20.21431743638745],[-56.39781984099989,-20.213697580387517],[-56.39836525499999,-20.21322679438747],[-56.40043401499997,-20.212035648387563],[-56.40099317399995,-20.211784240387516],[-56.40165674699989,-20.211595192387545],[-56.40551080899991,-20.210847170387577],[-56.40976421200003,-20.209174169387648],[-56.40981455899986,-20.20916618938763],[-56.41009329099984,-20.209057106387636],[-56.41073080399991,-20.20895099238764],[-56.411378147999926,-20.20895099238764],[-56.413061077999885,-20.209277841387607],[-56.41383653799994,-20.209283831387655],[-56.41463313199995,-20.20912570138754],[-56.41539939999984,-20.208800316387606],[-56.415797905999966,-20.20854145638753],[-56.41653653100002,-20.207788774387623],[-56.41701189399993,-20.206866097387692],[-56.41718306099989,-20.205852888387714],[-56.41715049199997,-20.205363493387736],[-56.41700218299985,-20.20474792938771],[-56.416545612999926,-20.203714496387768],[-56.41653107099995,-20.20365990638777],[-56.416499986999945,-20.203598432387768],[-56.41628485299998,-20.202879747387755],[-56.41593672099998,-20.199529808387858],[-56.41577013499989,-20.197112125387882],[-56.41565926699991,-20.19652657138797],[-56.41522779399992,-20.195585673387917],[-56.41395996299991,-20.194010585387915],[-56.41336140699997,-20.193513484388035],[-56.41020532599998,-20.191417807388042],[-56.40947535499987,-20.191077287388033],[-56.40870042699999,-20.19089826438805],[-56.408651643999924,-20.190895693388015],[-56.407813914999906,-20.190892096388087],[-56.4068589819999,-20.191030982388018],[-56.40525915899991,-20.191279652388094],[-56.4010533629999,-20.19258086638797],[-56.39991856399996,-20.192549870388063],[-56.39886697499992,-20.192299048388012],[-56.398246978999964,-20.19205826438799],[-56.39769090199997,-20.191729802388025],[-56.39699823299992,-20.19108303438808],[-56.395983324999975,-20.189584162388098],[-56.39560211599996,-20.188751423388155],[-56.39502232999997,-20.187484904388167],[-56.3947627209999,-20.186917796388137],[-56.39347094099992,-20.182119861388312],[-56.391839949999905,-20.17897604938832],[-56.39136483199991,-20.178410287388328],[-56.3895763509999,-20.1767777873884],[-56.38904618099991,-20.17642728038847],[-56.38709506299989,-20.175507676388435],[-56.386519406999916,-20.17513500538841],[-56.38607023799988,-20.17472229138848],[-56.385730710999894,-20.174285049388523],[-56.385409644999974,-20.173666020388467],[-56.3852254759999,-20.173023980388493],[-56.38517366899998,-20.172360611388502],[-56.385258490999895,-20.171680855388516],[-56.38543551699996,-20.171135226388593],[-56.38547440399998,-20.17106228238858],[-56.385546725999916,-20.170926620388546],[-56.385725593999894,-20.1705910983886],[-56.385857765999894,-20.17041794238859],[-56.3860802019999,-20.170126532388565],[-56.386307394999896,-20.16987869338856],[-56.388229407999916,-20.16778200638868],[-56.388293296999905,-20.16769732838861],[-56.390419528999985,-20.164068925388758],[-56.39068815499991,-20.163402433388793],[-56.39079893399992,-20.1628172673888],[-56.391019033999896,-20.160214234388793],[-56.390329987999905,-20.156796619388885],[-56.3903139059999,-20.156724851388837],[-56.38881561799997,-20.152886195389012],[-56.38870260699991,-20.152678904388928],[-56.388214881999886,-20.152021146389064],[-56.38821271299997,-20.15201921738906],[-56.387526146999896,-20.15147519138902],[-56.387429961999885,-20.151414857389064],[-56.386473046999924,-20.151017240389045],[-56.38624729599991,-20.150979050389093],[-56.385558882999874,-20.150893463389103],[-56.385386135999966,-20.15089731338909],[-56.382262597999905,-20.15137529338898],[-56.38127389399989,-20.151310699389064],[-56.38039023799996,-20.151080307389023],[-56.37984026599992,-20.150855987389072],[-56.379323815999896,-20.1505452683891],[-56.37884321899986,-20.150138387389102],[-56.37846407299992,-20.149652671388992],[-56.3784163169999,-20.14959149138906],[-56.37834089299998,-20.149494867389077],[-56.37802432999996,-20.14877989238916],[-56.377997045999905,-20.14871826938914],[-56.377489793999985,-20.146401085389144],[-56.37753187099997,-20.145460696389236],[-56.377696954999976,-20.14489134038922],[-56.37794952899998,-20.144372462389196],[-56.37828592199992,-20.14390259138926],[-56.37928289299993,-20.14285589938919],[-56.37978239799992,-20.141899255389287],[-56.37995418099995,-20.140845031389276],[-56.37975916599999,-20.139324007389312],[-56.37975623299992,-20.13930114238931],[-56.379764761999986,-20.139153684389356],[-56.37979381699989,-20.138651240389372],[-56.37979552599995,-20.138621691389336],[-56.37992701999991,-20.138137181389425],[-56.37997532799983,-20.13795917638942],[-56.379996213999966,-20.137918054389385],[-56.380297362999904,-20.13732512138941],[-56.38032322699991,-20.137291810389367],[-56.3803929579999,-20.137201993389425],[-56.38066644999998,-20.13684973138939],[-56.38071436499996,-20.136806411389365],[-56.38075999499989,-20.13676515638943],[-56.38112101499996,-20.136438763389414],[-56.38125247399989,-20.13635726738941],[-56.38155685199996,-20.136168574389384],[-56.38172250499997,-20.13606588038947],[-56.3817979719999,-20.136036448389454],[-56.38235364399998,-20.135819739389387],[-56.38284639899996,-20.13562756638947],[-56.383450657000026,-20.13530299838943],[-56.38520848899992,-20.13378417438951],[-56.38579071599998,-20.13294969638947],[-56.38582332899989,-20.132872360389477],[-56.385996023999894,-20.132349312389547],[-56.38628190199989,-20.13148346638945],[-56.386573617999886,-20.130913074389586],[-56.386945925999896,-20.130427990389617],[-56.38743202399996,-20.12998609038957],[-56.387967949999904,-20.12964788238956],[-56.38852964699993,-20.129412724389564],[-56.389164765999965,-20.129262468389577],[-56.38977750599997,-20.129219780389633],[-56.390387414999964,-20.129276515389613],[-56.39112070299995,-20.129478382389593],[-56.39145379099983,-20.129626125389546],[-56.39257210199992,-20.130308107389595],[-56.39269629399996,-20.13038384438962],[-56.392708747999905,-20.130391439389623],[-56.39277686999998,-20.1304193323896],[-56.39334206399992,-20.13065075738958],[-56.39338005699988,-20.130666314389448],[-56.394058068999925,-20.13080645338949],[-56.39408862399989,-20.13080708338954],[-56.39477886499998,-20.130821309389567],[-56.39478946999998,-20.13082109038954],[-56.39502033399998,-20.1308163323895],[-56.39565201799991,-20.13068406238957],[-56.396391769999916,-20.13037662538957],[-56.39692177299992,-20.13002610238963],[-56.397940493999904,-20.129165245389622],[-56.39858757999997,-20.128801195389613],[-56.399314320999906,-20.128564013389635],[-56.40005687399997,-20.128475570389597],[-56.40089195099995,-20.12854674238965],[-56.40167491299991,-20.128786571389643],[-56.40238207399988,-20.129184422389642],[-56.40295208799989,-20.129696982389635],[-56.40302849799997,-20.129769023389578],[-56.40476773899991,-20.13208151138956],[-56.4063036849999,-20.134546834389514],[-56.406508699999904,-20.135065467389452],[-56.407666090999896,-20.139260398389325],[-56.40809282599997,-20.140096072389333],[-56.40867001799995,-20.14074215338933],[-56.409895175999964,-20.141680195389277],[-56.41049477799992,-20.142038095389307],[-56.41103977899991,-20.142252946389313],[-56.411827305999964,-20.142409344389197],[-56.41257644799992,-20.142411274389257],[-56.4127811269999,-20.14237337138924],[-56.41296498399993,-20.142339323389265],[-56.413360034999926,-20.142256609389165],[-56.4145136379999,-20.14184726638925],[-56.415156795999906,-20.1415064053892],[-56.41915433999992,-20.138851359389307],[-56.41934205099983,-20.13877616738931],[-56.42000898599986,-20.13850901438934],[-56.423170849999906,-20.137242471389374],[-56.42366055499991,-20.136964996389434],[-56.42491072799998,-20.136256631389458],[-56.42586959199991,-20.135982317389452],[-56.4268409039999,-20.13595754038948],[-56.427943806999906,-20.136234742389426],[-56.428941842999905,-20.13684069038945],[-56.429048253999895,-20.136953710389406],[-56.42949853599999,-20.13744460538933],[-56.43179169099989,-20.140852878389335],[-56.432177882999945,-20.141301853389308],[-56.43218025899989,-20.141304615389313],[-56.432317369999964,-20.141464016389335],[-56.4347480419999,-20.143470402389287],[-56.435704668999904,-20.143941634389275],[-56.436145143999966,-20.14401462738928],[-56.43645874599997,-20.144066596389248],[-56.43694264599992,-20.144106579389263],[-56.44064193199995,-20.143753986389225],[-56.44160897499995,-20.143862461389205],[-56.445058972999966,-20.14515029938917],[-56.44792036999991,-20.14691872338916],[-56.44881709099991,-20.147301552389195],[-56.44887391599991,-20.147325812389163],[-56.44933409499999,-20.147409797389162],[-56.44940497399989,-20.14742273338919],[-56.45277977799998,-20.147408667389175],[-56.45607181599996,-20.146638743389087],[-56.45660876399995,-20.146457446389164],[-56.45702002399992,-20.1462388183892],[-56.457832749999916,-20.145545046389117],[-56.45859689999998,-20.1444343493891],[-56.45877700799997,-20.143974801389184],[-56.458924069999966,-20.143009482389274],[-56.45885236299989,-20.142315751389287],[-56.4586182249999,-20.141516061389293],[-56.458351808999964,-20.140949923389186],[-56.45765541399998,-20.14009440738937],[-56.45727589799993,-20.139801894389347],[-56.45508096699996,-20.13864762238937],[-56.45435357199989,-20.13820495038942],[-56.45392554899991,-20.137974576389354],[-56.453383369999926,-20.137505347389286],[-56.45294702499996,-20.136952824389397],[-56.452678315999954,-20.13644169638939],[-56.45249128299991,-20.135853562389357],[-56.452484796999904,-20.135808930389384],[-56.45244636399992,-20.13554443638942],[-56.45241685599991,-20.135341360389436],[-56.45239844399998,-20.13468367838945],[-56.45236516999995,-20.13349522738941],[-56.452158984999926,-20.132638043389555],[-56.45171153299998,-20.131826257389545],[-56.45083103699995,-20.130844984389583],[-56.45050724299989,-20.130344074389626],[-56.45027800699995,-20.129800490389503],[-56.450145387999896,-20.129204745389522],[-56.4501254729999,-20.128577437389666],[-56.4502303729999,-20.127933806389624],[-56.450457424999854,-20.127324027389633],[-56.45080472599989,-20.126755889389635],[-56.45121511699995,-20.12629904138971],[-56.45170719099997,-20.125913363389675],[-56.45228854599993,-20.12560230938962],[-56.45292643299996,-20.125383650389647],[-56.453626013999894,-20.125143845389733],[-56.45362722699991,-20.125143263389745],[-56.4544437909999,-20.124651901389765],[-56.455062520999945,-20.124124610389693],[-56.45544603099995,-20.12368741838977],[-56.45576951699991,-20.123158179389783],[-56.455990787999895,-20.122583924389797],[-56.45611370399996,-20.12152362638973],[-56.45594542799989,-20.12062232938983],[-56.455750052999974,-20.12015624938988],[-56.45524812999992,-20.119247824389806],[-56.454482001999956,-20.117861217389866],[-56.45442098399997,-20.117750783389795],[-56.45427506899989,-20.11723753538986],[-56.45422619199991,-20.117065613389872],[-56.45418241399994,-20.11691162738995],[-56.45418809299997,-20.116654161389963],[-56.45419753599998,-20.116225924389976],[-56.45420638999996,-20.115824377389956],[-56.45454868099989,-20.114861199389974],[-56.45495424599994,-20.11425625639],[-56.45618684699997,-20.112895989390054],[-56.45655790999995,-20.112395394390006],[-56.45687393999998,-20.111724509390033],[-56.45741450599996,-20.10994617739013],[-56.457809665999946,-20.109265946390156],[-56.4583909989999,-20.10865842639009],[-56.45916655099995,-20.108159840390165],[-56.460655159,-20.107495575390175],[-56.46112666899995,-20.10741885339016],[-56.461171373999946,-20.107411579390185],[-56.46169779099995,-20.107325922390178],[-56.46266367299996,-20.10741317439019],[-56.46435180799989,-20.107761306390124],[-56.46547009499989,-20.10814560639012],[-56.4661016899999,-20.108277876390062],[-56.4670705449999,-20.108277876390062],[-56.46800638499997,-20.108040998390173],[-56.46858021599991,-20.10775881639009],[-56.46921041699994,-20.107281016390093],[-56.46971620299996,-20.106685692390148],[-56.470430343999965,-20.10553029639023],[-56.47065549999997,-20.10529664339017],[-56.47138133199996,-20.104543420390247],[-56.4719196879999,-20.10398474639021],[-56.47208140099997,-20.103852374390275],[-56.472313998000004,-20.10366197839024],[-56.472530744999915,-20.103484558390242],[-56.47310852499993,-20.103163464390228],[-56.47367926599993,-20.10296222239029],[-56.473848966999924,-20.102932149390274],[-56.473911150999925,-20.10292112939024],[-56.474326565999945,-20.1028475133903],[-56.47467248799995,-20.102842365390227],[-56.47467414199991,-20.102842340390204],[-56.47780102999991,-20.103088812390265],[-56.47849559499992,-20.103143560390297],[-56.47916366199996,-20.1031298693903],[-56.4800271819999,-20.102949022390277],[-56.480751901999895,-20.102611400390213],[-56.481494051999846,-20.102023106390327],[-56.482029687999955,-20.101309262390334],[-56.48248266899992,-20.100246120390334],[-56.48257179899991,-20.099544646390374],[-56.482476917999975,-20.098783935390347],[-56.482235902999946,-20.09809396839039],[-56.48159476899991,-20.096997392390456],[-56.48120102499985,-20.09654163539042],[-56.4783826449999,-20.09454787739044],[-56.47636118000003,-20.092288882390463],[-56.475761940999924,-20.09187379939058],[-56.47418469999991,-20.091116961390515],[-56.47401740699991,-20.091065913390466],[-56.47329295199995,-20.09088726739059],[-56.47305002299993,-20.090857052390618],[-56.47250416499998,-20.090876223390573],[-56.472015248999924,-20.090893393390605],[-56.47187382699991,-20.09094144039056],[-56.47138938799991,-20.09110602539061],[-56.47093308899991,-20.09126104939052],[-56.47081782799996,-20.091339823390552],[-56.46689642399998,-20.094019905390464],[-56.466026412999895,-20.094614514390468],[-56.462208532999966,-20.096913347390352],[-56.46142052399995,-20.097198684390328],[-56.45826346899992,-20.097866655390416],[-56.45736663399998,-20.098254913390385],[-56.45672624599991,-20.098740773390336],[-56.45590385599991,-20.099769466390335],[-56.45555816899992,-20.10019856839033],[-56.4548965489999,-20.100814131390305],[-56.4546155349999,-20.10098325639026],[-56.45406943499995,-20.10127546939028],[-56.45359786499989,-20.101422905390237],[-56.453062932999956,-20.10156280939032],[-56.45268574599993,-20.101600033390305],[-56.452167022999895,-20.10160468239026],[-56.45196308699991,-20.10160650939031],[-56.45146752799985,-20.101517364390308],[-56.4513018639999,-20.101451792390332],[-56.45068366699991,-20.10120709939032],[-56.45051142299996,-20.101138922390273],[-56.44975871599996,-20.100580000390305],[-56.44968896399996,-20.100489628390314],[-56.449662669999896,-20.100455561390316],[-56.44871560399997,-20.099199383390335],[-56.44817859899996,-20.09869575739034],[-56.44663976699996,-20.097741510390442],[-56.445943599999964,-20.097441369390424],[-56.445204755999896,-20.097276619390357],[-56.44449137199996,-20.097254557390333],[-56.44374410399997,-20.09737308439043],[-56.44223821399987,-20.097876589390346],[-56.44200690999992,-20.09791522139027],[-56.44123069499988,-20.09797937639041],[-56.44111861599998,-20.097967817390437],[-56.44043797299997,-20.0978976213904],[-56.43991704999991,-20.0977320633903],[-56.43965690399989,-20.097584194390432],[-56.4392889749999,-20.097375059390345],[-56.43900778499995,-20.097215228390457],[-56.43825485499997,-20.096424002390478],[-56.4376519299999,-20.0952091693905],[-56.43761765799991,-20.0950842463904],[-56.43757071899995,-20.094913152390472],[-56.437466155999914,-20.094532014390452],[-56.43647889299995,-20.088906324390607],[-56.4349975039999,-20.084716892390734],[-56.434913391999885,-20.083980050390707],[-56.4349726829999,-20.08331918739079],[-56.43516417799998,-20.082679086390762],[-56.43551053799991,-20.082029012390805],[-56.43601255599998,-20.0814457033908],[-56.43635577299989,-20.081164448390787],[-56.4370733909999,-20.080758082390865],[-56.43749773099995,-20.080604690390853],[-56.43831921099997,-20.08045636539085],[-56.439407923999966,-20.080529842390803],[-56.43959731299992,-20.0805965253908],[-56.43990165599996,-20.080703683390787],[-56.44036797399991,-20.080875008390834],[-56.44038295999991,-20.080884029390823],[-56.44100658699995,-20.081284717390822],[-56.44395512199992,-20.08386198739072],[-56.44438507799987,-20.084133079390757],[-56.444987321999974,-20.084512801390744],[-56.445240301999945,-20.084672309390704],[-56.44545748999997,-20.084750426390684],[-56.446130472999926,-20.084992483390725],[-56.44620488099997,-20.08501924639071],[-56.4462504089999,-20.085022846390725],[-56.447150043999955,-20.085093985390664],[-56.447338128999945,-20.085078439390735],[-56.448123188999894,-20.084933759390744],[-56.44822641899992,-20.084907626390734],[-56.45088396999989,-20.083738645390728],[-56.45089232699996,-20.083736066390724],[-56.45094246399992,-20.083713841390775],[-56.455106712999964,-20.082430875390784],[-56.45707928699995,-20.081646641390822],[-56.45757912799997,-20.081300368390767],[-56.45804054599995,-20.08084301939085],[-56.458132961999986,-20.080743454390724],[-56.458527348999894,-20.08010208139084],[-56.45878855199993,-20.079361788390823],[-56.45886097199991,-20.078358078390828],[-56.458894437999895,-20.07739459139093],[-56.45908925699996,-20.07495955339102],[-56.45911274499997,-20.074868673391002],[-56.459147517999895,-20.074734117391024],[-56.45998689899989,-20.07148616739104],[-56.4600892709999,-20.070807404391118],[-56.460074269999836,-20.070304631391018],[-56.459915750999926,-20.069390580391104],[-56.45946107599991,-20.068414278391163],[-56.458955394999975,-20.067818968391194],[-56.45818694099989,-20.067261834391125],[-56.45731359499996,-20.06692003139111],[-56.457219214999945,-20.066901011391195],[-56.456840805999896,-20.066845980391207],[-56.45574279199991,-20.0669074763912],[-56.4551747509999,-20.067071374391183],[-56.45404676499993,-20.06756282639118],[-56.4532620409999,-20.067744265391134],[-56.4530428949999,-20.06775210739119],[-56.45285519099991,-20.0677884533912],[-56.45215458899992,-20.067797696391157],[-56.44982062999992,-20.06757442439113],[-56.44921529699991,-20.06757762839113],[-56.444843227999904,-20.068401533391178],[-56.44420049099995,-20.068465185391112],[-56.443493902,-20.06842142639111],[-56.442748258999984,-20.0682388053911],[-56.44197992999989,-20.067861834391188],[-56.44128659799992,-20.067280947391186],[-56.440762460999906,-20.066547338391203],[-56.44038621899995,-20.065570526391195],[-56.44021544599991,-20.06471148739123],[-56.44023374299991,-20.063919916391278],[-56.44032418299997,-20.06347329339126],[-56.44132252999998,-20.06006541139138],[-56.44139652399997,-20.05965016239133],[-56.441418224999886,-20.05948101239141],[-56.44135783499996,-20.05853858639133],[-56.44102161399991,-20.05746415039145],[-56.440823458999894,-20.056855951391416],[-56.44032829699995,-20.055911556391454],[-56.43970416399998,-20.055267952391407],[-56.43942932799996,-20.0550812203915],[-56.439024416999985,-20.054823699391346],[-56.437248007999976,-20.054021695391455],[-56.43637273999997,-20.05380862239152],[-56.432711239000014,-20.053508482391543],[-56.42944049899995,-20.05291801539157],[-56.42878281599991,-20.052639760391564],[-56.42658072699993,-20.051210259391514],[-56.42586850099997,-20.050880001391576],[-56.42181447499996,-20.050052729391613],[-56.421594193999915,-20.050017328391615],[-56.417680185999984,-20.049403408391644],[-56.41683652699999,-20.049041512391643],[-56.416800780999885,-20.04901518939167],[-56.41632173299997,-20.04866241839162],[-56.41529388999999,-20.04790551339163],[-56.41512595399996,-20.047804414391685],[-56.41501423799996,-20.047737160391648],[-56.41444630299992,-20.047504499391668],[-56.41388590599985,-20.047370492391682],[-56.412163999999905,-20.047228799391693],[-56.41089534999991,-20.04737667439169],[-56.40922510499996,-20.04788068339161],[-56.40900977899997,-20.04797654839166],[-56.408649109999885,-20.04813711939169],[-56.40695324899991,-20.048912060391586],[-56.40593563899989,-20.049078077391556],[-56.405306792999916,-20.04904563239162],[-56.40475399699994,-20.04893131239166],[-56.40314403100001,-20.04825401739168],[-56.40253272799998,-20.04781107039162],[-56.399805500999946,-20.045434247391594],[-56.398673784999914,-20.044763016391776],[-56.398178413999965,-20.04437019539168],[-56.39758886599992,-20.04364409939176],[-56.39721827199992,-20.0427985463918],[-56.397105993999965,-20.042196717391757],[-56.39710600899997,-20.041585606391813],[-56.39737430499997,-20.040549534391868],[-56.397858539000026,-20.039756945391808],[-56.39886090199997,-20.038781700391898],[-56.399233881999976,-20.038298196391846],[-56.399499535999944,-20.037796000391914],[-56.39968534299994,-20.037222722391945],[-56.399762874999965,-20.036666070391956],[-56.3997405529999,-20.036071688391992],[-56.39961272100003,-20.035489337391965],[-56.39941401899989,-20.03500647439191],[-56.398959093999906,-20.034323441392015],[-56.39835852699985,-20.033749652392046],[-56.39794483499992,-20.033482205392044],[-56.397086531999946,-20.03311167239203],[-56.397035156999955,-20.033098186391985],[-56.39642385499991,-20.03286357539205],[-56.39591334299996,-20.032577163392073],[-56.39547536599997,-20.032267935392095],[-56.39444126599995,-20.031537822392075],[-56.39425365899996,-20.031342811392012],[-56.393820985999916,-20.030893061392103],[-56.39261763699995,-20.0291147003921],[-56.39212881099991,-20.028099690392178],[-56.39198910699997,-20.02718077639218],[-56.39217269299991,-20.023968176392287],[-56.39236520399994,-20.023214834392324],[-56.39269553399998,-20.022578658392273],[-56.39459739199998,-20.020389100392382],[-56.3952947059999,-20.019836554392278],[-56.39622689099997,-20.019424669392354],[-56.398179484000025,-20.019002954392292],[-56.39867869699998,-20.01901488939238],[-56.39889735099996,-20.019020117392294],[-56.39968168499991,-20.019076632392323],[-56.400312844999924,-20.01920888839235],[-56.401052079999886,-20.019516316392387],[-56.4015817209999,-20.019866830392306],[-56.40232583099993,-20.020668767392298],[-56.40334097399989,-20.022507611392253],[-56.40350752799998,-20.022688791392223],[-56.4036289469999,-20.02282087539231],[-56.40524503399996,-20.02457889239226],[-56.40599451599991,-20.025135083392176],[-56.40819157199997,-20.02626284039221],[-56.4082673439999,-20.0262929143922],[-56.4085301479999,-20.026397220392223],[-56.40890758199998,-20.026547021392183],[-56.41285810699998,-20.027693136392195],[-56.41743247799991,-20.028401881392124],[-56.41838676599991,-20.028297767392104],[-56.41906027099998,-20.02813800039216],[-56.42036056199999,-20.027829550392187],[-56.42057569499991,-20.027757772392132],[-56.420993059999944,-20.027557501392092],[-56.42135417099996,-20.027368501392168],[-56.42465702199996,-20.024602427392274],[-56.42467751199996,-20.024585267392265],[-56.427545241999894,-20.021292831392355],[-56.427861709999895,-20.021030526392327],[-56.42890438399991,-20.02050949839236],[-56.42961813799991,-20.020348320392376],[-56.43031112499989,-20.020321513392293],[-56.431051553999964,-20.020429224392224],[-56.43163993999997,-20.02062478639231],[-56.43220567299994,-20.02092576339237],[-56.43268135399995,-20.021292676392235],[-56.433096716999955,-20.021745271392355],[-56.43345876899991,-20.02232690239233],[-56.43370223799997,-20.02298121239226],[-56.43380229499991,-20.023630845392272],[-56.43374871999998,-20.024979978392146],[-56.43391684999988,-20.025881291392167],[-56.434300201999974,-20.026671815392177],[-56.434635104999984,-20.027103073392148],[-56.43516818799991,-20.02780792639219],[-56.43596176199998,-20.028396791392062],[-56.436413384999916,-20.028608737392087],[-56.43669065899997,-20.028677496392064],[-56.436712396999894,-20.028682887392076],[-56.437326528999904,-20.02881156739218],[-56.437838296999985,-20.02883738539216],[-56.43798195099987,-20.02883366239214],[-56.43879107999992,-20.02876532139217],[-56.43985672199989,-20.028469101392172],[-56.44041669299998,-20.028163540392118],[-56.44074449099992,-20.0279035743922],[-56.44092987099998,-20.027749918392196],[-56.44263406799996,-20.025765091392238],[-56.442634081999934,-20.025765069392246],[-56.44298464499991,-20.025090338392204],[-56.44332255899997,-20.024144023392267],[-56.44383956599995,-20.022640231392305],[-56.44433869799992,-20.01975288539231],[-56.44436098299991,-20.019623974392317],[-56.444389009999846,-20.0194618423923],[-56.4446678039999,-20.018273873392392],[-56.44516207199996,-20.016098956392394],[-56.44529301299991,-20.014117563392517],[-56.445330094999974,-20.01343866739246],[-56.44518958799989,-20.012233099392564],[-56.444835730999955,-20.009617338392548],[-56.44495157299991,-20.0088294543926],[-56.44508739699995,-20.00842990839269],[-56.44554742599996,-20.007629979392664],[-56.44554913399992,-20.00762701039268],[-56.447611087999974,-20.005050072392624],[-56.448068242999966,-20.00461795639274],[-56.44859783499999,-20.0042674423927],[-56.44929920699997,-20.003971487392743],[-56.452688030999916,-20.00303724139274],[-56.45402540999993,-20.002526291392766],[-56.456611428999906,-20.001538294392756],[-56.46046398599992,-19.999178247392866],[-56.46399364399991,-19.997345717392893],[-56.464600757999904,-19.99684240039298],[-56.46515606399993,-19.996092687393],[-56.46545694499997,-19.995351703392902],[-56.46578529099991,-19.99391382839297],[-56.465760651999965,-19.992847431393066],[-56.46559739399993,-19.992271507392932],[-56.46557995799992,-19.99223005339306],[-56.46532010699991,-19.991703291393083],[-56.46397258999997,-19.989591713393153],[-56.46141095699994,-19.9864268593932],[-56.460789671999976,-19.985660813393253],[-56.460308786999974,-19.985132225393205],[-56.4587921719999,-19.983491449393323],[-56.45858045499995,-19.983262401393265],[-56.452489176999904,-19.97825507039346],[-56.45164111899993,-19.977746978393334],[-56.450132861999926,-19.977196749393457],[-56.449435579,-19.977025881393473],[-56.44880905499997,-19.976977314393448],[-56.44806920499997,-19.977050059393402],[-56.447378079999964,-19.977252161393444],[-56.44673880599993,-19.977579452393407],[-56.445672005000006,-19.978397277393398],[-56.444824565999966,-19.97881247739335],[-56.443718005999926,-19.97902057539343],[-56.442596470999945,-19.97890444939342],[-56.44200917399991,-19.978702354393405],[-56.4419668349999,-19.978683302393435],[-56.44149212599996,-19.978469686393435],[-56.441035610999904,-19.97812521439345],[-56.44063533099996,-19.977709946393365],[-56.440090599999955,-19.97678225839345],[-56.440076915999896,-19.976726187393442],[-56.44007163099991,-19.976717078393477],[-56.43959685699991,-19.97481255939353],[-56.43918279499991,-19.973871938393522],[-56.4384570979999,-19.973041160393574],[-56.43797632899993,-19.972700198393593],[-56.437969310999904,-19.972695333393535],[-56.43743024099996,-19.97243002539354],[-56.43741523199998,-19.9724252083935],[-56.43665304599995,-19.972180601393603],[-56.43552512199989,-19.97215733239355],[-56.43459008499997,-19.97239420339358],[-56.433120808999895,-19.973192251393538],[-56.432445016999964,-19.97342480539356],[-56.43173002099997,-19.973528854393457],[-56.431007300999916,-19.973499018393564],[-56.430304618999976,-19.97333645039356],[-56.42965361899991,-19.973049437393513],[-56.4290472269999,-19.972626647393575],[-56.4285169339999,-19.972073456393538],[-56.42810750399997,-19.971379781393516],[-56.42786810300004,-19.97055849339354],[-56.42784792099997,-19.96968313539353],[-56.428046346999906,-19.968861959393614],[-56.42851222099989,-19.968020229393655],[-56.430925987999956,-19.96524017339372],[-56.43134903799995,-19.964634488393745],[-56.431361816999924,-19.96460129139376],[-56.4316800869999,-19.96377445539374],[-56.431871138999895,-19.962347639393833],[-56.43193068199992,-19.96190296539384],[-56.431940192999946,-19.961831930393828],[-56.43204804699997,-19.9615054213938],[-56.432184208999956,-19.961093209393734],[-56.43221128799997,-19.961011231393883],[-56.432399892999975,-19.96066406939387],[-56.432656504999954,-19.96035732139386],[-56.432850655999914,-19.960125238393847],[-56.432983882999956,-19.9599659813939],[-56.4336875699999,-19.959367042393875],[-56.43388256799989,-19.959190384393892],[-56.4341406339999,-19.958856612393927],[-56.434311867999945,-19.958633244393894],[-56.43443501399992,-19.95837993039394],[-56.43463157499996,-19.957948136393888],[-56.4348814409999,-19.957026722393902],[-56.43503875699997,-19.956402128393943],[-56.43532776899997,-19.955842202393956],[-56.43585078099994,-19.955198335394027],[-56.43767640699991,-19.953471467394067],[-56.43977860299992,-19.951336625393985],[-56.44034285199991,-19.950572809394032],[-56.440569162999964,-19.95009354639412],[-56.440722281999854,-19.949541116394165],[-56.44075461799997,-19.94921220639412],[-56.440771117999994,-19.94887972439415],[-56.440731881999916,-19.948359343394095],[-56.440652873999966,-19.947891453394185],[-56.439991440999954,-19.944379862394257],[-56.43978050299989,-19.943952128394304],[-56.43970081599996,-19.943802789394233],[-56.43934821299996,-19.943326617394252],[-56.43876508299991,-19.942798758394336],[-56.43792317799989,-19.94233970039436],[-56.43592254299989,-19.941561908394313],[-56.43531413299991,-19.941407750394262],[-56.435284312999954,-19.94140335939427],[-56.434773944999904,-19.941328208394353],[-56.434111177999974,-19.94136849339431],[-56.43078720999989,-19.941875080394365],[-56.42791786099991,-19.942662444394315],[-56.427792152999984,-19.942682514394313],[-56.427372648999956,-19.942749489394235],[-56.426489929999896,-19.942710532394276],[-56.42557561599984,-19.94244657439433],[-56.424200399999904,-19.941717183394363],[-56.42374401999996,-19.941317358394336],[-56.423397279999904,-19.9408971873943],[-56.42306318899989,-19.940313771394383],[-56.42263830499991,-19.939194253394433],[-56.422504534999916,-19.93861340239433],[-56.42247184099995,-19.938098524394356],[-56.42253611799999,-19.937498298394463],[-56.4227052619999,-19.936921733394467],[-56.42273434999993,-19.936863107394416],[-56.423545498999886,-19.93522826439453],[-56.423560340999984,-19.935195373394492],[-56.425207926999974,-19.931543910394595],[-56.425720815999966,-19.930892193394634],[-56.42757887199991,-19.92908389739464],[-56.42807446399991,-19.928706549394693],[-56.42857843599995,-19.928433113394707],[-56.429149441999925,-19.928229871394603],[-56.42981070299993,-19.928105083394662],[-56.4310166439999,-19.928018932394718],[-56.43185360299998,-19.928103431394682],[-56.43227702399992,-19.92821660039465],[-56.43459729799997,-19.929344757394603],[-56.437979440999925,-19.93130044439463],[-56.438576455999964,-19.93153431339463],[-56.43920734499983,-19.93166658739458],[-56.43987747399996,-19.931692153394604],[-56.44139662699996,-19.931551696394628],[-56.44229251999992,-19.93135795939461],[-56.44328137499992,-19.930844898394632],[-56.44406131699998,-19.930074371394667],[-56.44450816299991,-19.929262549394572],[-56.444728178999924,-19.928216381394634],[-56.44460536599997,-19.927156064394666],[-56.44415109899995,-19.926179748394752],[-56.44355971399989,-19.925513230394774],[-56.443472099999894,-19.92543917339477],[-56.44295473799992,-19.925080422394753],[-56.44277625799998,-19.924984562394666],[-56.43795947899997,-19.92296406039477],[-56.43738652899997,-19.922583225394792],[-56.436917763999986,-19.922122615394816],[-56.43647677899992,-19.921459979394804],[-56.43619195199989,-19.92070707139478],[-56.43609324399989,-19.920082977394923],[-56.43605513899996,-19.917969531394913],[-56.43666990799994,-19.915252702394977],[-56.43686496099997,-19.914390713395004],[-56.4368929389999,-19.91426707039502],[-56.437146012999904,-19.91367819139506],[-56.437520218999964,-19.913115916395082],[-56.438043862999905,-19.912600582395097],[-56.44160464699996,-19.91010661039514],[-56.4419200079999,-19.90984821539514],[-56.44625200499996,-19.90626458539519],[-56.44726343499991,-19.90579282239525],[-56.448216351999974,-19.905633898395266],[-56.44933736999997,-19.905750020395267],[-56.450231333999966,-19.90610025539512],[-56.45099900699989,-19.906657399395193],[-56.45150417499997,-19.907252720395224],[-56.45186114299998,-19.907937345395165],[-56.45216273499989,-19.90893730239513],[-56.452381793999905,-19.909411716395116],[-56.45302653799996,-19.91024283739512],[-56.45387332599995,-19.910845770395145],[-56.45490044899992,-19.911204626395065],[-56.455918390999955,-19.911268697395066],[-56.45693060599996,-19.91106262239514],[-56.457696947999985,-19.910693721395088],[-56.45803156899985,-19.910445662395087],[-56.458270865999914,-19.910220173395096],[-56.45991070399998,-19.90897043839519],[-56.46064986199986,-19.908628342395147],[-56.46134987799996,-19.908456729395184],[-56.46160125199999,-19.908446998395156],[-56.461788552999906,-19.908439747395096],[-56.46235756599992,-19.90845315139506],[-56.46250741399991,-19.90845668139518],[-56.46322869699998,-19.90859914739513],[-56.46396741599989,-19.90890658039516],[-56.46539421499989,-19.909806318395077],[-56.466240324999944,-19.91006913439516],[-56.4671838239999,-19.910129460395126],[-56.4676688699999,-19.910071604395064],[-56.46854374399993,-19.90980041839511],[-56.46930519499995,-19.909345387395113],[-56.46965567799998,-19.909036589395193],[-56.4700634429999,-19.908523443395197],[-56.47016675999993,-19.908378353395165],[-56.47047075499995,-19.907797749395186],[-56.4712434829999,-19.90629277239525],[-56.471571055999846,-19.905801587395278],[-56.47203834899989,-19.905299626395234],[-56.473602619999895,-19.90398720839532],[-56.47407866599991,-19.903419694395335],[-56.4742856069999,-19.903043665395344],[-56.474401083999965,-19.90280614039531],[-56.47456594099992,-19.902317119395352],[-56.475106909999916,-19.89938495339537],[-56.47504674299989,-19.895169852395547],[-56.47475627899997,-19.89418544439554],[-56.474325521999845,-19.893414486395532],[-56.47365689099996,-19.892753807395525],[-56.473437722999904,-19.892578886395526],[-56.47338258699989,-19.892545660395562],[-56.472610337999924,-19.892167924395558],[-56.47174966899997,-19.891979178395573],[-56.470119928999964,-19.89203230339554],[-56.469476340999904,-19.891979039395565],[-56.46945805999991,-19.891973946395595],[-56.46929552399996,-19.89196432539559],[-56.468254739999914,-19.891638685395574],[-56.46655275599994,-19.891106168395577],[-56.466503065999916,-19.891090621395545],[-56.463967852999936,-19.889766206395684],[-56.46325239299989,-19.889272780395657],[-56.46274859899995,-19.8887498263957],[-56.46254264799995,-19.888424773395673],[-56.46254003499991,-19.888420649395687],[-56.46238215099993,-19.888171457395686],[-56.462112739999895,-19.887452976395718],[-56.461938152000016,-19.88649117339575],[-56.46191235099997,-19.885956074395718],[-56.46197502099989,-19.885400868395728],[-56.46204829699991,-19.885192772395744],[-56.46219284799997,-19.884782269395803],[-56.46230683199997,-19.884458566395757],[-56.46247238199999,-19.884243921395793],[-56.46359912499997,-19.882783032395842],[-56.46476564499994,-19.881270569395785],[-56.46485451999996,-19.881105814395823],[-56.4669267509999,-19.877066847395948],[-56.46744008099989,-19.875313080396015],[-56.467541302999905,-19.874771880396054],[-56.46755320299985,-19.87470225839604],[-56.467512970999906,-19.873830941395983],[-56.467456462999905,-19.873615045396004],[-56.46731186299996,-19.873145744396055],[-56.4671912469999,-19.872905583396108],[-56.46690932299987,-19.872443637396085],[-56.46653737999992,-19.871976797396094],[-56.46590852599991,-19.871285702396133],[-56.46528974299997,-19.87081742639615],[-56.46526713099996,-19.870806290396033],[-56.46466357499987,-19.87052470839608],[-56.46368347199996,-19.870289544396083],[-56.46219537999991,-19.869970601396183],[-56.459519985999975,-19.870124413396177],[-56.45872296199991,-19.87006666239614],[-56.45799740299993,-19.869875822396132],[-56.45682642099997,-19.869353168396184],[-56.45613922999996,-19.868862687396224],[-56.455560969999965,-19.868217853396224],[-56.45522662299993,-19.867604628396244],[-56.45472878199996,-19.865972401396203],[-56.454663114999846,-19.865826880396188],[-56.45428719899991,-19.865240804396258],[-56.45428225399997,-19.865234725396316],[-56.45396099599992,-19.864839744396154],[-56.453589704999956,-19.86453169039632],[-56.45278978199991,-19.864092023396307],[-56.45170466399992,-19.863831492396333],[-56.450594282999994,-19.86388796639628],[-56.44995967499989,-19.86406723039628],[-56.448903877999896,-19.86453169039632],[-56.44801572799997,-19.86512062539629],[-56.44694681199991,-19.866250918396176],[-56.446814945999904,-19.866443104396264],[-56.446786097999905,-19.866485146396183],[-56.44639925599989,-19.867048940396174],[-56.44618967599996,-19.8675547023961],[-56.44604911799996,-19.868253878396203],[-56.446066488999975,-19.86921152339609],[-56.44608554499996,-19.870666270396132],[-56.44579907999997,-19.87334492239606],[-56.44573849899996,-19.87362537339603],[-56.44507289199993,-19.875649239396036],[-56.44404335299993,-19.87868651839592],[-56.4435825629999,-19.87942290839588],[-56.44297844999994,-19.880033108395907],[-56.4422394529999,-19.88048365839588],[-56.44129770899996,-19.88077359639579],[-56.4403334879999,-19.880818408395854],[-56.43884259099991,-19.880485998395915],[-56.43810234199998,-19.88041534939591],[-56.43730021299996,-19.88049845239585],[-56.43653610999996,-19.880743819395903],[-56.43584625499989,-19.881139821395895],[-56.435453683999924,-19.881495324395804],[-56.43533117699991,-19.88159695539587],[-56.435300816999984,-19.881633756395892],[-56.43523088299998,-19.881718526395893],[-56.43490519799992,-19.882113303395865],[-56.43417142199996,-19.883363731395725],[-56.43388184199989,-19.883754973395753],[-56.43372374399997,-19.88393420839582],[-56.43335137199989,-19.884271431395725],[-56.43308209199989,-19.884470234395774],[-56.43265950499995,-19.884712821395766],[-56.43239642299995,-19.884830531395796],[-56.43180259899992,-19.88502122339578],[-56.43173697499998,-19.885036414395778],[-56.43101415599995,-19.885111301395753],[-56.430942552999916,-19.88511481439578],[-56.43024949799991,-19.88504645139564],[-56.430181592999986,-19.885037459395818],[-56.43011600499989,-19.88502877339569],[-56.429968806999966,-19.884985390395762],[-56.42856761899992,-19.884572426395692],[-56.427924058999906,-19.88451916439582],[-56.42728050099993,-19.884572426395692],[-56.42621276699998,-19.884915288395703],[-56.42496208399996,-19.885759493395703],[-56.424427710999964,-19.886033254395716],[-56.42334236199997,-19.886305051395748],[-56.42235733099989,-19.886287262395676],[-56.421249514999886,-19.885948464395643],[-56.42054631999991,-19.885503974395654],[-56.41985846499995,-19.884759925395727],[-56.41957919599997,-19.88427522739572],[-56.419436755999925,-19.883863635395745],[-56.4182544869999,-19.88044738939591],[-56.4165314789999,-19.87728027939595],[-56.41582572599992,-19.876448414395956],[-56.414922634999925,-19.87587120139599],[-56.41403660999998,-19.87556747539602],[-56.413557654999984,-19.875408738396036],[-56.41344972299998,-19.875372967395926],[-56.4124311839999,-19.875321994396057],[-56.41141827399997,-19.875544374395965],[-56.41077695599989,-19.875835379395962],[-56.40873438199992,-19.876996212395895],[-56.40811149299992,-19.877576018395967],[-56.407677667999906,-19.878197526395933],[-56.40738463399998,-19.87886775739589],[-56.40670587699997,-19.881137824395807],[-56.40669810499992,-19.882042841395876],[-56.407121376999946,-19.88365730239577],[-56.40719110099997,-19.884503737395764],[-56.40706774399995,-19.88526039139573],[-56.40655131799998,-19.8868724343956],[-56.405771868999864,-19.888210399395685],[-56.4053957239999,-19.888650131395632],[-56.403819244999966,-19.890311850395676],[-56.40337171199997,-19.89092602239558],[-56.401464173999955,-19.895402612395493],[-56.401008424999986,-19.89613296439542],[-56.39936756499992,-19.897675181395442],[-56.398603409999964,-19.89817575939546],[-56.3978019239999,-19.898464598395453],[-56.393808769999914,-19.89928892439536],[-56.39334884199997,-19.89943566339542],[-56.39252602799991,-19.89987924939542],[-56.3921665339999,-19.900170949395406],[-56.39156488999998,-19.900897005395407],[-56.39115802799995,-19.901843421395366],[-56.391057239999896,-19.902846186395344],[-56.39108503899996,-19.902981039395314],[-56.39119986099996,-19.903538059395256],[-56.391260071999966,-19.903830148395283],[-56.391294968999944,-19.903905728395312],[-56.39134686999995,-19.90410636839533],[-56.391996250999966,-19.905184287395194],[-56.392337282999904,-19.906040895395286],[-56.39242464499995,-19.906879694395208],[-56.3924272939999,-19.906994402395096],[-56.39238453099995,-19.907405160395133],[-56.392097114999956,-19.908297074395193],[-56.39168053599985,-19.90895486639514],[-56.3916468839999,-19.908988491395096],[-56.391062022999904,-19.909541690395105],[-56.39091713599993,-19.909637648395133],[-56.38757937399998,-19.91139411039504],[-56.3870081749999,-19.911894591395054],[-56.386593850999986,-19.912432090395107],[-56.386262871999925,-19.91309393339502],[-56.38534018999991,-19.915840075394986],[-56.385236354999904,-19.91645391239498],[-56.385077322999905,-19.91901508839489],[-56.384768482999846,-19.919993118394853],[-56.38448398199995,-19.9204692363949],[-56.38193628999988,-19.92392880239481],[-56.38002776899998,-19.928341884394623],[-56.37973907999993,-19.928874460394624],[-56.377989320999916,-19.931009303394536],[-56.377112765999925,-19.93182671039457],[-56.376941967999926,-19.931934464394512],[-56.376366823999945,-19.93228098239458],[-56.37581054999993,-19.932478984394496],[-56.37560318399994,-19.9325455543945],[-56.37487901399993,-19.932635717394596],[-56.37478673199996,-19.932645275394584],[-56.374414707999904,-19.932611648394587],[-56.3739939219999,-19.9325736133946],[-56.37390395299991,-19.932548056394534],[-56.37360738999996,-19.932463812394595],[-56.37339086999992,-19.93240230639459],[-56.37281170799998,-19.9321395873945],[-56.37278781099997,-19.932125572394582],[-56.372669464999944,-19.93205616139462],[-56.37171984599996,-19.931499202394583],[-56.36986760399992,-19.930250588394664],[-56.36910330399991,-19.929758058394633],[-56.36837616699995,-19.92942986539456],[-56.367424446999905,-19.92924013039468],[-56.36609923699996,-19.9291580603946],[-56.365531687999976,-19.929122912394675],[-56.362460315999954,-19.929125840394633],[-56.36149758099998,-19.928967853394607],[-56.360494992999975,-19.92851364239471],[-56.36018297499993,-19.92827768539461],[-56.36005763199995,-19.92818289839471],[-56.36004044099991,-19.92816623939467],[-56.35977153099998,-19.927905644394688],[-56.35877194299997,-19.926919843394593],[-56.35790535999985,-19.926439736394673],[-56.35734913899989,-19.92626499539471],[-56.35610216099997,-19.92602330939469],[-56.35509187699995,-19.92600350239474],[-56.35236387599991,-19.926537744394675],[-56.35180026899991,-19.926706301394674],[-56.351053571999955,-19.927081275394734],[-56.35044328099997,-19.92756556339471],[-56.348625091999914,-19.929664981394662],[-56.34824485999991,-19.930232951394608],[-56.348088839999946,-19.930589724394565],[-56.3472551239999,-19.932496191394602],[-56.3472198419999,-19.93257687139453],[-56.34643672399994,-19.93511664539449],[-56.346123672999965,-19.93577992439451],[-56.34577294899993,-19.93625361739444],[-56.3456942819999,-19.93633696439444],[-56.345340606999905,-19.93667675639446],[-56.344915970999985,-19.93698523039439],[-56.34462985399995,-19.937152246394426],[-56.344231021999974,-19.93734858939445],[-56.343135401999916,-19.937602124394456],[-56.342037638999955,-19.9375340813944],[-56.34191100199996,-19.93750062239439],[-56.34141377599991,-19.937369247394436],[-56.34129078599988,-19.93730152139444],[-56.34011171499993,-19.9366522523945],[-56.34009921799997,-19.936647369394407],[-56.339643032999966,-19.93646911439449],[-56.33948830399993,-19.936411508394453],[-56.33932143699991,-19.93634938339445],[-56.33707812499995,-19.935766048394424],[-56.3362077019999,-19.935707423394476],[-56.333059946999974,-19.9362370883945],[-56.32877534199997,-19.937759252394464],[-56.328134636999884,-19.937839020394325],[-56.32737191399991,-19.93784966939431],[-56.32601930699991,-19.937868555394452],[-56.324944036999966,-19.938183070394444],[-56.324164513999904,-19.938663787394397],[-56.32353156099999,-19.939321934394403],[-56.323091953999885,-19.94011387039438],[-56.32298160899995,-19.940461239394295],[-56.32295996599993,-19.94052937439435],[-56.322938843999964,-19.940723954394368],[-56.322863613999914,-19.941416973394336],[-56.32286337999983,-19.941419119394318],[-56.322866823999966,-19.94144003439436],[-56.32300351699996,-19.942270510394323],[-56.323009627999845,-19.942307635394275],[-56.323303142999976,-19.94295458139434],[-56.323346391999905,-19.94304990839433],[-56.323364822999906,-19.943090533394273],[-56.3235772299999,-19.943389383394297],[-56.323734823999985,-19.94355074739424],[-56.32412579099991,-19.943951071394228],[-56.325114059999976,-19.944962990394266],[-56.32519469299991,-19.945072985394205],[-56.3254457569999,-19.94548417439423],[-56.32550078399993,-19.94560600939424],[-56.32572092499993,-19.946219213394162],[-56.325738297999926,-19.94630063339422],[-56.32581334999992,-19.94694851839419],[-56.32581266699999,-19.94706731739414],[-56.3257056089999,-19.947836392394173],[-56.325678272000005,-19.94795453039417],[-56.325323865999906,-19.94876364039413],[-56.324846529999945,-19.94937924839415],[-56.32423959699992,-19.949882569394134],[-56.32343710999987,-19.950277596394145],[-56.323263544999975,-19.950326894394102],[-56.32109059699997,-19.9507283683941],[-56.320926087999965,-19.950758763394052],[-56.320736945999904,-19.950793709394087],[-56.3181733799999,-19.95144818039408],[-56.317498894999964,-19.951702369394106],[-56.31699094199996,-19.951993820394055],[-56.31669808699996,-19.952269141394105],[-56.316440783999894,-19.952511039394057],[-56.31614188799995,-19.952792039394016],[-56.31504652399991,-19.954309705393964],[-56.31433291299993,-19.954928029394015],[-56.31347436299996,-19.955350640393988],[-56.31052222799996,-19.95632847339394],[-56.309633069999904,-19.956789942393943],[-56.30958913399991,-19.956822294393955],[-56.30795451899996,-19.95802592539393],[-56.3064514429999,-19.959132699393837],[-56.30627617599998,-19.959304757393927],[-56.30624820599991,-19.959332215393886],[-56.30565200399997,-19.959917498393906],[-56.303266445999895,-19.96308281739383],[-56.302258664999954,-19.964029476393765],[-56.30172529299995,-19.964522616393708],[-56.30111945199991,-19.96494032639372],[-56.2966429249999,-19.96738257439368],[-56.296106659999914,-19.967819927393602],[-56.295645528999955,-19.968372338393642],[-56.29543144899992,-19.968827512393545],[-56.29535094699992,-19.96899867439367],[-56.29519798999996,-19.969323886393678],[-56.29482755499998,-19.970814347393635],[-56.29478206799985,-19.971305780393546],[-56.29476548599991,-19.97148492139353],[-56.294814002999885,-19.97204450439356],[-56.29496199699992,-19.972603146393475],[-56.295188814999904,-19.97310155939357],[-56.29582316499994,-19.973936583393524],[-56.2969091939999,-19.97495011039344],[-56.29729345099997,-19.975214972393484],[-56.298120610999945,-19.97558056939346],[-56.29815503699996,-19.97559578539347],[-56.29822572799992,-19.97560477339352],[-56.300673476999975,-19.975915999393393],[-56.30192364399994,-19.97607495539341],[-56.304409784999905,-19.976586967393395],[-56.30523898099989,-19.976920087393427],[-56.30611887999993,-19.977587719393465],[-56.30698937099993,-19.97869485839338],[-56.30735984999996,-19.979540403393415],[-56.30748270299989,-19.980600714393393],[-56.307371771999954,-19.981312167393327],[-56.30707166399992,-19.982155357393264],[-56.3066527979999,-19.982807960393178],[-56.30609444799995,-19.98335938439331],[-56.30560107199989,-19.983685990393248],[-56.305553957999905,-19.983714751393304],[-56.30502418999998,-19.983948300393266],[-56.30466664199997,-19.984050650393282],[-56.302875109999945,-19.98452350139315],[-56.30266958199991,-19.984622319393225],[-56.30150790799996,-19.98518084839326],[-56.30015203799991,-19.985832746393235],[-56.30011155299991,-19.985861535393234],[-56.29777916899992,-19.98752010839318],[-56.29498212799996,-19.98950910339317],[-56.29444756099997,-19.989968442393128],[-56.29408466899997,-19.99039826539305],[-56.29361205099991,-19.991346442393073],[-56.29346750999997,-19.992146773393],[-56.29350687699991,-19.992904645392986],[-56.29371883199997,-19.993636494393055],[-56.2940981029999,-19.994316188393032],[-56.2945853419999,-19.994865122392945],[-56.295167502999966,-19.99529946239302],[-56.29669284799986,-19.996028578393005],[-56.298164668999966,-19.99650595939299],[-56.29826742899991,-19.996553205392882],[-56.29912812099997,-19.997096832392824],[-56.299228795999966,-19.997190965392882],[-56.29958354999991,-19.997573344392947],[-56.29976492599991,-19.99781537639291],[-56.29997889599997,-19.998184041392847],[-56.30010995799995,-19.998453543392927],[-56.30023742999993,-19.998866919392857],[-56.30031067899995,-19.999143324392925],[-56.30035466099997,-19.999777432392776],[-56.30035683300003,-19.999811610392843],[-56.30027557699998,-20.000434491392863],[-56.30008829199994,-20.001006885392876],[-56.299853689999914,-20.00143576139281],[-56.29976261899992,-20.001592685392804],[-56.29936779199994,-20.00207909139273],[-56.29935990499997,-20.002087977392833],[-56.29890395799999,-20.002451833392737],[-56.29866380699997,-20.00262602639276],[-56.29663629199996,-20.003620717392817],[-56.29574725799995,-20.004039644392794],[-56.29564334699995,-20.004107851392774],[-56.29553645699992,-20.00417801439279],[-56.29333173099991,-20.005625196392742],[-56.29145378699996,-20.007312922392664],[-56.290886523999916,-20.007927618392586],[-56.28968137199996,-20.00962401039259],[-56.289226941999914,-20.010632944392544],[-56.289111696999896,-20.011316199392592],[-56.28907573699996,-20.013093473392498],[-56.28919603399993,-20.013748844392524],[-56.28947101799997,-20.01443379539243],[-56.28990009399996,-20.015051961392516],[-56.29004043599991,-20.015191588392526],[-56.290671870999915,-20.015819812392422],[-56.291578987999856,-20.016722314392474],[-56.29164037299995,-20.01677210839243],[-56.2917461049999,-20.01685787439247],[-56.292113473999855,-20.017155870392433],[-56.293624623999904,-20.018116348392326],[-56.29402558899989,-20.018459816392397],[-56.29415368699989,-20.018580715392428],[-56.29476065699992,-20.019439267392304],[-56.29507647599996,-20.02046329639228],[-56.29507649699996,-20.021378510392296],[-56.29485189999991,-20.022170808392296],[-56.29477342799992,-20.022345813392313],[-56.293213771999945,-20.02482104039224],[-56.29286958699999,-20.025631224392207],[-56.29273135799991,-20.02634806839214],[-56.29250622399991,-20.029883545392124],[-56.29234904799989,-20.03062816939203],[-56.291849895999974,-20.031584825392052],[-56.29106945399997,-20.03235534439203],[-56.290079964999904,-20.032868399392026],[-56.28897302599989,-20.033076496392056],[-56.28837510799997,-20.033055520392033],[-56.28573850999993,-20.03266294139205],[-56.28481494099992,-20.03238772539201],[-56.28399821699992,-20.031895972392025],[-56.28198138799996,-20.030157061392103],[-56.281240750999864,-20.02975063139212],[-56.28044063199991,-20.029525744392064],[-56.27961883299997,-20.029462060392124],[-56.27915256299991,-20.02950303639199],[-56.27819630900001,-20.029782918392122],[-56.27735070899996,-20.030298186392123],[-56.27699124399999,-20.030632393392043],[-56.27642914399991,-20.031432141392095],[-56.27628430599992,-20.03187770939201],[-56.2761702279999,-20.03222864839192],[-56.27610258699997,-20.032436737391986],[-56.2758021219999,-20.03632611039194],[-56.27571765299996,-20.036595273391974],[-56.274538632999906,-20.040271319391838],[-56.273999794999895,-20.041129581391758],[-56.27185746499992,-20.043641014391767],[-56.2710724019999,-20.04456133439177],[-56.269678641999974,-20.046079428391728],[-56.26960955299995,-20.04615467939167],[-56.26936507599992,-20.046567728391643],[-56.269297933999894,-20.04668116439168],[-56.26924688899993,-20.046767406391634],[-56.2690052019999,-20.047478182391615],[-56.268932832999894,-20.04822686239168],[-56.269046112999945,-20.04900252539167],[-56.269290877,-20.04966320939162],[-56.270943691999896,-20.05299423339157],[-56.27114035799991,-20.053582028391496],[-56.27121420799989,-20.054646386391425],[-56.27100459999997,-20.055539907391424],[-56.27085275599996,-20.055847627391497],[-56.270608974999845,-20.05625885039139],[-56.270361225999864,-20.056593206391426],[-56.27035942799989,-20.056595142391416],[-56.2697518299999,-20.057098666391422],[-56.26939299199995,-20.05734997239141],[-56.26906140999995,-20.057496080391427],[-56.26841296099997,-20.05772389139142],[-56.26723930999992,-20.057933365391328],[-56.267037292999994,-20.057994698391344],[-56.26674088699992,-20.05808468739135],[-56.26670134899991,-20.05809669139129],[-56.2665404469999,-20.05818859439133],[-56.265767209999986,-20.058630246391264],[-56.26571683499998,-20.05865901939132],[-56.2654850699999,-20.05890873239139],[-56.26500718299997,-20.05942362939133],[-56.2649814049999,-20.059451404391314],[-56.2648804719999,-20.05963100439133],[-56.26472755099991,-20.0599031103914],[-56.26470254599991,-20.05994760539134],[-56.26455502699997,-20.060350980391288],[-56.26452829799996,-20.060424064391288],[-56.26450989900002,-20.060474377391376],[-56.26439509299996,-20.06125706539131],[-56.2644640879999,-20.061995025391344],[-56.264519746999895,-20.062166141391273],[-56.264569723999955,-20.062319787391267],[-56.264708806000044,-20.0627473683913],[-56.26583904199998,-20.06511850439121],[-56.26635877799998,-20.067017160391142],[-56.26638619999994,-20.067883023391186],[-56.266180461999966,-20.068730755391115],[-56.26580534699991,-20.06943016939115],[-56.26548123499993,-20.069809627391027],[-56.26522999699995,-20.070092539391055],[-56.261134383999895,-20.073103363391045],[-56.26111588599997,-20.073121321391042],[-56.26106235499998,-20.07316062539091],[-56.259030425999924,-20.075143131390845],[-56.25856446899991,-20.07585674339097],[-56.25723461299992,-20.079061832390906],[-56.25707091799995,-20.080033581390786],[-56.25727182099996,-20.08352051739077],[-56.2574480259999,-20.084388151390655],[-56.25887724899991,-20.088609341390566],[-56.259039549999954,-20.089371855390578],[-56.25889246099996,-20.09360970739054],[-56.25876347899993,-20.09421492839052],[-56.25850179099996,-20.094835608390508],[-56.25572489599989,-20.098632308390414],[-56.25569765499995,-20.098694844390337],[-56.25564008099997,-20.098772618390303],[-56.25438688399993,-20.101689151390314],[-56.25423979599993,-20.102614201390264],[-56.2544576219999,-20.106612939390175],[-56.253809532999924,-20.110087296390038],[-56.25360954999991,-20.110543384390112],[-56.25351217499991,-20.110725749390102],[-56.25321497799996,-20.111166563390103],[-56.250644713999925,-20.114067280390007],[-56.248334696999905,-20.117078130389945],[-56.24825353499995,-20.117159140389862],[-56.24745670199991,-20.117819228389855],[-56.246630402999926,-20.11818318738976],[-56.24633788999989,-20.118250492389887],[-56.24574269699997,-20.118387440389867],[-56.24307912199993,-20.11853083538981],[-56.24221293399996,-20.11838216338979],[-56.241368371999954,-20.118021365389883],[-56.2409115879999,-20.117715722389914],[-56.2393258059999,-20.116429534389948],[-56.23912122299993,-20.11618810838994],[-56.23892717999996,-20.115959120389824],[-56.23857876799997,-20.115547965389908],[-56.23849266999997,-20.115342115389875],[-56.23831639099996,-20.114920657389977],[-56.23819765699989,-20.114636780389976],[-56.23817206399991,-20.114488244390003],[-56.238116926999965,-20.11416824539001],[-56.238092517999966,-20.11402657738992],[-56.237808781999945,-20.110392010389965],[-56.23778281299991,-20.11005934439006],[-56.237767144999964,-20.109858645390062],[-56.23840883599996,-20.102959517390307],[-56.238721052999956,-20.102061516390275],[-56.240768030999895,-20.098746734390392],[-56.24152585999991,-20.09637937239043],[-56.241621213999906,-20.095422443390472],[-56.24153676499993,-20.094816565390442],[-56.24136690699992,-20.094291459390455],[-56.24039734999991,-20.092383653390485],[-56.239344374999924,-20.090022106390638],[-56.23932870299996,-20.089949973390638],[-56.23863743199996,-20.08676807639067],[-56.23831323999997,-20.085275836390707],[-56.23746751599998,-20.08308136039076],[-56.2372984889999,-20.0824047613908],[-56.237286259999955,-20.08151255839084],[-56.23773730799991,-20.079781944390835],[-56.23780651399994,-20.07893817439089],[-56.23763828499989,-20.0780368743909],[-56.2371072709999,-20.076784731390894],[-56.23696837299996,-20.076278382390875],[-56.23695863699993,-20.07596739239089],[-56.23694563699996,-20.075552189390834],[-56.23693570399991,-20.075234971390998],[-56.23712890999991,-20.074471009391015],[-56.23843961299991,-20.071735743391084],[-56.23850552099998,-20.07153329939106],[-56.23924385299995,-20.069144740391064],[-56.23925065999998,-20.069113031391147],[-56.23933509799991,-20.068259236391032],[-56.239336328999975,-20.068216575391144],[-56.23917392199991,-20.067313063391182],[-56.238001292999975,-20.063890971391274],[-56.23769689299991,-20.06334950439129],[-56.2370189749999,-20.062452120391264],[-56.236583288999896,-20.061875386391307],[-56.236333491999915,-20.06154471939129],[-56.2362079849999,-20.061256169391303],[-56.23614543899998,-20.060942522391322],[-56.23605298299997,-20.060478886391326],[-56.23596795199995,-20.060052485391306],[-56.23599748299989,-20.05987931339136],[-56.23609894499998,-20.059284344391354],[-56.236150933999916,-20.058979479391375],[-56.23615929199991,-20.058960985391362],[-56.236318188999974,-20.058609419391424],[-56.23645242099992,-20.058312421391424],[-56.23646501999997,-20.058294112391327],[-56.23654584499991,-20.058176661391393],[-56.2367712599999,-20.057849096391376],[-56.238512982999964,-20.0558175813915],[-56.23894658199993,-20.055024254391512],[-56.23905943699999,-20.05462622339144],[-56.23912479399996,-20.05431680339144],[-56.239170298999916,-20.053825177391513],[-56.23898007599996,-20.052344182391433],[-56.239003553999964,-20.05171901739159],[-56.23909551399993,-20.05132195639159],[-56.23912666399991,-20.0511874603915],[-56.239145545999975,-20.051105932391607],[-56.23936017899996,-20.050620054391608],[-56.239408763999904,-20.05051006939162],[-56.23963880899993,-20.050167295391585],[-56.23975728299997,-20.049990763391637],[-56.23977089299996,-20.04997490439154],[-56.240735661999906,-20.048850748391576],[-56.240995694999924,-20.04854775839157],[-56.24163044799997,-20.048060816391665],[-56.24332895499998,-20.046702399391705],[-56.243489018999924,-20.0465221293916],[-56.24362368199996,-20.04635053539173],[-56.24397877799993,-20.045738849391725],[-56.2442470329999,-20.04470276739178],[-56.24423281599991,-20.042990537391812],[-56.2440770159999,-20.042260729391806],[-56.24382718199991,-20.041719389391776],[-56.24338844799996,-20.04076874539186],[-56.24321799199988,-20.04015411739183],[-56.24320297099996,-20.040099958391888],[-56.24320245499991,-20.040020018391857],[-56.24319708699983,-20.039190533391874],[-56.2431961929999,-20.03905231039191],[-56.24322438799992,-20.03895500439188],[-56.24333213299991,-20.038583145391897],[-56.24345005499998,-20.038176167391914],[-56.24375975799995,-20.037630208391786],[-56.24399510899997,-20.03736325739189],[-56.244045748999895,-20.037305817391854],[-56.244289255999945,-20.037029612391944],[-56.24615252999985,-20.035437852391986],[-56.24634578499996,-20.035224612392007],[-56.246576209999894,-20.034898686391998],[-56.246744764999896,-20.03461747839201],[-56.247039758999904,-20.033851450392042],[-56.24712428099997,-20.032942804392043],[-56.24688626499989,-20.03028154539207],[-56.247002412999905,-20.025739333392252],[-56.24711522399991,-20.025095805392187],[-56.24831717200004,-20.02073672939235],[-56.24839246399989,-20.019980149392392],[-56.24797686299991,-20.016311055392467],[-56.2478288719999,-20.015789069392454],[-56.24689175199989,-20.01352558439254],[-56.246716595999885,-20.01289389539252],[-56.24669829099997,-20.01270776739247],[-56.246696314999895,-20.012687684392436],[-56.2466611399999,-20.01233005239258],[-56.24668192599995,-20.01206377739259],[-56.24670097899991,-20.011819725392566],[-56.246708192999904,-20.011727310392583],[-56.24674522599986,-20.011582566392573],[-56.24683653499995,-20.011225675392566],[-56.24684192799987,-20.011204600392617],[-56.24688538699991,-20.01110694339259],[-56.247097878999966,-20.010629454392607],[-56.248311615999974,-20.008691460392658],[-56.25075985299992,-20.004782323392757],[-56.25103306499989,-20.004228460392785],[-56.251200377999965,-20.003638167392722],[-56.251244363999945,-20.002743631392832],[-56.250794613999965,-19.998840128392867],[-56.25059864599991,-19.995632990392952],[-56.250780513999985,-19.991596688393088],[-56.25066824599992,-19.99099486139313],[-56.25037556600001,-19.99028342039307],[-56.24904492999997,-19.98849023539318],[-56.248224283999946,-19.987867605393177],[-56.24800773200002,-19.987763157393125],[-56.24688152199997,-19.987337376393207],[-56.24592824399991,-19.98697697339321],[-56.24571869399984,-19.986897750393155],[-56.24525423299996,-19.986570647393197],[-56.245194856999944,-19.986528831393187],[-56.24483173599998,-19.986273098393166],[-56.24429125899997,-19.985622097393247],[-56.24310965999996,-19.983558147393207],[-56.24285801699995,-19.982593313393288],[-56.24275467599989,-19.97949982939328],[-56.24282997699993,-19.978762860393402],[-56.24340874899991,-19.976329803393448],[-56.24340872799991,-19.975414583393505],[-56.24264197999992,-19.971918648393594],[-56.24145322200002,-19.967979331393646],[-56.240925311999895,-19.9662330053937],[-56.23962455599991,-19.962991017393758],[-56.23929959699996,-19.96218995839376],[-56.23892559999991,-19.961585844393785],[-56.238251568999885,-19.9608947073938],[-56.23721597899993,-19.960136026393844],[-56.23706538199991,-19.96002824639384],[-56.23643768499994,-19.959690657393885],[-56.23625022699998,-19.959589838393814],[-56.23539173199998,-19.959364916393856],[-56.23476700299989,-19.959319724393836],[-56.231717282999966,-19.95937320039384],[-56.22765351599992,-19.95990977839382],[-56.22678349499995,-19.960231165393843],[-56.22236096399996,-19.962470476393765],[-56.21719339499998,-19.96375270839379],[-56.216213975999956,-19.96399349139365],[-56.2121535789999,-19.96578880239374],[-56.206820432999955,-19.967218099393712],[-56.206138454999916,-19.96753171139373],[-56.20548731599996,-19.967998106393704],[-56.20418437799998,-19.969240862393622],[-56.20374073599987,-19.969895282393658],[-56.202873681999904,-19.972025929393595],[-56.202744974999916,-19.97284545339354],[-56.20277280599999,-19.97320226439354],[-56.20279351599993,-19.97346778839357],[-56.20279716299996,-19.973514564393547],[-56.20284774099997,-19.97369906039352],[-56.20295684499996,-19.974097057393497],[-56.202964986999916,-19.97412675939345],[-56.20301421399996,-19.97422801239347],[-56.20322463499997,-19.974660811393473],[-56.203235874999905,-19.974683929393525],[-56.2041532689999,-19.976034384393405],[-56.204374358999985,-19.976608641393494],[-56.20448661799992,-19.977210470393373],[-56.20448244299996,-19.977863913393325],[-56.2038420369999,-19.98393647339318],[-56.20363671499996,-19.98478766039324],[-56.203279600999906,-19.985472293393258],[-56.20265732799993,-19.986173400393184],[-56.20002196299993,-19.98820577239316],[-56.19967092699994,-19.988476488393093],[-56.19957854499984,-19.988547732393116],[-56.19724311699997,-19.990576641393055],[-56.195836511999914,-19.991798633393085],[-56.1958268749999,-19.991807004393074],[-56.19557460899995,-19.992120924393003],[-56.194281795999984,-19.993729702393],[-56.19421468999985,-19.99381320739291],[-56.193926242999964,-19.994406356392954],[-56.193753907999906,-19.995027833392925],[-56.19372185099991,-19.99592583539295],[-56.19394562999997,-19.99682901539288],[-56.19430354399992,-19.99749420339284],[-56.195749719999924,-19.999019424392863],[-56.19583235899995,-19.999136331392915],[-56.1961570119999,-19.999642051392826],[-56.196430112999906,-20.00037610039288],[-56.19653127099997,-20.001169043392764],[-56.19641494299992,-20.002620173392813],[-56.19626183699995,-20.003225387392764],[-56.19589085599989,-20.003949684392715],[-56.194492095999976,-20.00607721939266],[-56.19421457099992,-20.00676332839266],[-56.19409527999994,-20.007397591392646],[-56.19388738799995,-20.009953789392615],[-56.193932367,-20.010778179392577],[-56.19415821899997,-20.01151815539259],[-56.194542682999895,-20.012207074392542],[-56.19490326599999,-20.01264360039258],[-56.19711659599989,-20.01485686039243],[-56.19784591399991,-20.01591669939246],[-56.19806600499993,-20.016451606392472],[-56.198210605999975,-20.016852534392378],[-56.198256090999905,-20.01750825039246],[-56.198273917999984,-20.017832114392448],[-56.19814031799995,-20.018505310392406],[-56.19790428799996,-20.01907901639235],[-56.196166249999926,-20.0216267123923],[-56.19542964199991,-20.02268525239232],[-56.19504011999993,-20.023617811392263],[-56.194941887999896,-20.02449899939224],[-56.19517851899991,-20.02682113839218],[-56.19530538099997,-20.028122404392192],[-56.19532559899994,-20.02917812839213],[-56.195234752999966,-20.029901560392087],[-56.19512842499995,-20.03024635439208],[-56.19502694999989,-20.030550545392128],[-56.194669270999896,-20.031166741392113],[-56.19458180199996,-20.0312738723921],[-56.194247312999885,-20.031650626392103],[-56.19421014799991,-20.03168319739201],[-56.193794512999894,-20.032018466392053],[-56.19251233299997,-20.032835851392047],[-56.191924831999934,-20.033453977392035],[-56.18921842099991,-20.037852725391893],[-56.18885748399999,-20.038766949391917],[-56.188630872999966,-20.039831173391836],[-56.18795381999997,-20.043010777391768],[-56.18795333099997,-20.04301307739178],[-56.18793935399992,-20.043617812391794],[-56.187939735999976,-20.04362015839171],[-56.18800763299993,-20.044037097391747],[-56.188036561999915,-20.044214747391692],[-56.1880452449999,-20.04423871039174],[-56.18809580099992,-20.04437820939173],[-56.188251733999955,-20.044808486391695],[-56.188320038999905,-20.044923164391673],[-56.188410787999885,-20.045075523391755],[-56.18858223899992,-20.045363372391595],[-56.188730145999905,-20.045527213391715],[-56.18890981399994,-20.045726235391665],[-56.18911116899989,-20.04594928139174],[-56.19071412899996,-20.047225849391634],[-56.19130371899997,-20.047951925391647],[-56.19209617099989,-20.049627608391525],[-56.19223615399995,-20.05022423039155],[-56.192264377000015,-20.050834758391517],[-56.19218027799992,-20.051438510391584],[-56.19217948599992,-20.051442177391515],[-56.192011985999955,-20.051961440391562],[-56.191246810999864,-20.053490772391477],[-56.19005197799992,-20.056270459391463],[-56.18974464899992,-20.056795300391464],[-56.18811355399998,-20.058800341391358],[-56.18774002699997,-20.05941306739134],[-56.18749348299991,-20.060093214391294],[-56.18739775899991,-20.060794922391338],[-56.187460254999905,-20.061626654391308],[-56.1877841029999,-20.063313087391183],[-56.18785275199997,-20.06353476839121],[-56.18792315999992,-20.063762135391293],[-56.18795093999995,-20.06385184339125],[-56.188044995999974,-20.06402378339128],[-56.18828822399996,-20.064468423391162],[-56.188358842999946,-20.06459751939119],[-56.18863743999998,-20.064898463391234],[-56.18887491699991,-20.065154989391218],[-56.18893240299997,-20.065217086391122],[-56.18912888899996,-20.06535635839125],[-56.18936307299998,-20.06552235139123],[-56.189449064999906,-20.065583304391115],[-56.18987105199989,-20.065791085391144],[-56.189957819999904,-20.06583380839123],[-56.19006934699996,-20.065888722391144],[-56.19581227299989,-20.067997313391118],[-56.195898031999945,-20.068025430391064],[-56.19700247099996,-20.06838753939114],[-56.19882214799998,-20.068984151391113],[-56.19968132499991,-20.069406739391095],[-56.19979364799997,-20.069495790391066],[-56.20038309399995,-20.070031848391015],[-56.200592532999906,-20.070267676390987],[-56.20106785099995,-20.071178331391057],[-56.201112236999904,-20.071349446391],[-56.201263606999994,-20.072278533391067],[-56.201100921999966,-20.073277362390943],[-56.20067821699997,-20.074143828391023],[-56.2006518739999,-20.074182898390994],[-56.20013542699991,-20.074739710390876],[-56.199852009999915,-20.074996062390934],[-56.199534684999946,-20.075217163391002],[-56.19858768299992,-20.075616638390933],[-56.19752970899999,-20.075833844390875],[-56.19697656699992,-20.076028592390884],[-56.19628586099998,-20.07642458539097],[-56.19570223799991,-20.076952436390904],[-56.195645894999984,-20.07702845939093],[-56.195378967999886,-20.077366561390928],[-56.1953315959999,-20.077452538390887],[-56.195330450999904,-20.07745461639091],[-56.19508497599992,-20.077900124390894],[-56.194497698999896,-20.0795152963908],[-56.19432691399999,-20.08022344239086],[-56.19418610399998,-20.08077307039083],[-56.1939386439999,-20.0813091103907],[-56.19340950599991,-20.08202310239079],[-56.19266745099992,-20.08261139639077],[-56.19163408499992,-20.083040991390778],[-56.19051181099991,-20.08315711539077],[-56.189870517999964,-20.083077348390788],[-56.18925363099998,-20.08289358039074],[-56.18822695299991,-20.082330066390778],[-56.18806739299998,-20.082242488390804],[-56.187147963999905,-20.0819060863908],[-56.186136264999966,-20.08181194739079],[-56.185193424999966,-20.081964007390802],[-56.18470385399985,-20.082142424390767],[-56.18397961899995,-20.08256563239079],[-56.18336541899993,-20.083150253390745],[-56.18291712399997,-20.08384554439078],[-56.18248568299998,-20.085162460390762],[-56.18221232999991,-20.08571631739075],[-56.18184132799997,-20.08621691439065],[-56.18125768599998,-20.086744782390706],[-56.1802678549999,-20.087257834390613],[-56.17848326399997,-20.08762588139065],[-56.177716964999945,-20.087939726390527],[-56.17771221599992,-20.08794167139059],[-56.17718279499991,-20.08828783439056],[-56.17692522399989,-20.08850873639062],[-56.175779098999946,-20.08949169439055],[-56.17524863199992,-20.08978400939056],[-56.173721008999905,-20.090416164390557],[-56.17298304499997,-20.090996862390444],[-56.17248317499992,-20.091652069390562],[-56.172171653999946,-20.092325859390495],[-56.172012947999974,-20.09307954239051],[-56.172029440999836,-20.093896663390503],[-56.172211250999965,-20.0945795403904],[-56.173107208999916,-20.09636722739046],[-56.1735613429999,-20.097001947390375],[-56.1746495299999,-20.098066868390376],[-56.1751926309999,-20.099002009390368],[-56.17538470799991,-20.099743468390393],[-56.175402353999914,-20.10050662439037],[-56.175244728999935,-20.101255298390317],[-56.17499718199998,-20.101819892390207],[-56.17487404699983,-20.101985469390232],[-56.172570256999904,-20.105083338390248],[-56.170371383999964,-20.107274587390105],[-56.17007176599992,-20.107470458390168],[-56.16765529599986,-20.10902740439012],[-56.165468125999894,-20.11083738039003],[-56.16474336799996,-20.111175003390095],[-56.163469721999945,-20.11149123638999],[-56.16314978199989,-20.111621287390086],[-56.163046588999926,-20.111663234390026],[-56.16288655799991,-20.11172828439008],[-56.16253758399989,-20.111940820390068],[-56.16253560299998,-20.111942027389976],[-56.162386940999966,-20.112032567390006],[-56.16188868699992,-20.112461472389978],[-56.159972609999954,-20.115008340389988],[-56.157781464999914,-20.119477230389883],[-56.157275080999966,-20.120073080389773],[-56.15658173099996,-20.120641986389828],[-56.15556893899992,-20.121113757389853],[-56.154937291999886,-20.121246027389784],[-56.15429092399996,-20.121272684389755],[-56.15372288499993,-20.12120204638982],[-56.153344434999894,-20.12110206938971],[-56.152929664,-20.12099249738978],[-56.15248725099991,-20.120764714389768],[-56.1520824609999,-20.120464639389745],[-56.15205796099991,-20.120446477389848],[-56.15141988799991,-20.119791029389766],[-56.14867550099984,-20.115888450389942],[-56.14689205399997,-20.112765945390056],[-56.14645078899997,-20.112170689390076],[-56.144962822000025,-20.110812994389967],[-56.144406273999834,-20.11049984239009],[-56.14381750499995,-20.110287053390064],[-56.141433634999885,-20.109912792390027],[-56.14080450199998,-20.109936642390128],[-56.14023401099996,-20.11004536039004],[-56.139968254999985,-20.110139231390075],[-56.13980431199991,-20.110197139389996],[-56.13955851599991,-20.110283959390085],[-56.130662758999904,-20.11430893338994],[-56.129785891999916,-20.11456374238994],[-56.12830844299998,-20.114621174390003],[-56.12788848599996,-20.114616160389946],[-56.12750310299998,-20.11461155839],[-56.12681341299992,-20.114476420389924],[-56.12605522299998,-20.114178388389956],[-56.12464608799991,-20.113385073389914],[-56.12435111699995,-20.113219010390026],[-56.12402350499991,-20.113034571390017],[-56.12374217999991,-20.112777380389907],[-56.12353477099998,-20.112587764390028],[-56.12344448599998,-20.112470108390045],[-56.123148545999925,-20.112084450389975],[-56.12308215999992,-20.111957869390075],[-56.122847892999914,-20.111511178390046],[-56.121756001999984,-20.10871595239012],[-56.12166296299989,-20.108477776390156],[-56.120445848999914,-20.104397436390222],[-56.120088437999925,-20.103712825390183],[-56.11959333399989,-20.103127659390182],[-56.117538250999985,-20.101171718390358],[-56.11695771199998,-20.10073996739029],[-56.11623299400003,-20.100402356390287],[-56.114436421999926,-20.099957101390316],[-56.11373618699997,-20.09967605439033],[-56.11052036999991,-20.097545130390294],[-56.110016446999964,-20.097029856390417],[-56.1098642479999,-20.096874229390398],[-56.10978606699996,-20.096794286390452],[-56.10952329599991,-20.09629729439044],[-56.1090860999999,-20.09555750339046],[-56.108713764999884,-20.09508593739037],[-56.10826518399989,-20.0946824793905],[-56.10772514099989,-20.09434159439045],[-56.10713064499998,-20.094094478390534],[-56.106534375999956,-20.09395501339052],[-56.10588651799992,-20.09391154539046],[-56.105245571999895,-20.093974517390535],[-56.104621031999955,-20.094143000390517],[-56.10406790999991,-20.094395389390424],[-56.10353996099991,-20.094752784390504],[-56.10306434699993,-20.095211996390503],[-56.10255813699996,-20.09599481439032],[-56.10212146699996,-20.097531611390412],[-56.101883774999926,-20.09806714239037],[-56.10170104499992,-20.09831478839036],[-56.10036161399995,-20.100130063390328],[-56.100051772000036,-20.100781301390352],[-56.09986875099992,-20.101810133390305],[-56.10011135999992,-20.105425604390206],[-56.100056879999954,-20.106146159390228],[-56.09915677999999,-20.10941006539001],[-56.09783077599997,-20.11186668239007],[-56.09754709099986,-20.11266809239001],[-56.097454795999965,-20.11332759139003],[-56.09739114499991,-20.116756092389917],[-56.096308915999884,-20.121641298389726],[-56.09630564499997,-20.121666572389774],[-56.09629488499991,-20.121715174389703],[-56.096149272999924,-20.122874448389766],[-56.09581576299996,-20.12545059438966],[-56.0954417669999,-20.1268218773896],[-56.09386969599995,-20.13258600138951],[-56.09331736899992,-20.134611153389507],[-56.0928709239999,-20.13555842438944],[-56.09224805999992,-20.136259519389444],[-56.09145428399995,-20.136784467389333],[-56.090543693999905,-20.1370974923893],[-56.08957834899991,-20.137177258389404],[-56.088779522999964,-20.137061135389413],[-56.087884257999974,-20.136710895389385],[-56.087354233999925,-20.13636037338943],[-56.0864057,-20.135501870389483],[-56.08516405199998,-20.134657510389406],[-56.08454135299996,-20.134376175389352],[-56.083843999999885,-20.134197774389495],[-56.08310221799991,-20.13415631638945],[-56.08279379299995,-20.134194619389515],[-56.08162670599995,-20.13433956038941],[-56.0811021589999,-20.13440470438949],[-56.08097653699997,-20.134434091389416],[-56.080557040999906,-20.13449508338951],[-56.07898619599996,-20.134937074389445],[-56.078434654000034,-20.135020460389413],[-56.077695750999965,-20.13501094438944],[-56.07696617099998,-20.13486800738943],[-56.076045372999886,-20.1344519053894],[-56.07523292899993,-20.133756417389517],[-56.074685734999946,-20.1328974323895],[-56.07451208599997,-20.13240987938943],[-56.0743922019999,-20.131498889389547],[-56.0748421579999,-20.129108257389642],[-56.07486536099998,-20.128984984389557],[-56.07498751399993,-20.12735293138967],[-56.07516100599991,-20.124966679389715],[-56.07526848599991,-20.122489259389788],[-56.07531150299991,-20.12149770138974],[-56.07532138299997,-20.121269991389816],[-56.07669031199998,-20.116855586389892],[-56.07737796699996,-20.112200730390068],[-56.07736210500002,-20.111553182390068],[-56.07718617199999,-20.110623132390057],[-56.07623021599994,-20.107736264390176],[-56.075844745999916,-20.1069761863901],[-56.075338938999884,-20.106380878390162],[-56.07457029799997,-20.105823747390172],[-56.074142878999965,-20.105645949390205],[-56.07348226399995,-20.10543484639024],[-56.07250846199997,-20.10520673939024],[-56.072361536999836,-20.10518580339024],[-56.07162144399996,-20.105170123390195],[-56.06830155299997,-20.105444048390236],[-56.065915735999965,-20.105897977390107],[-56.06528651499992,-20.10594998139022],[-56.0646305919999,-20.105908584390203],[-56.06273830099996,-20.10558629339024],[-56.06201222599992,-20.105326002390225],[-56.06131235099991,-20.104907333390244],[-56.06123227799991,-20.104829770390193],[-56.06113232999984,-20.1047329543902],[-56.05880286099995,-20.10247649839033],[-56.058355604999974,-20.10173678839033],[-56.0572095419999,-20.098664305390308],[-56.05709744199993,-20.0980095133904],[-56.057126548999975,-20.09774504239038],[-56.057247059999895,-20.09665004839043],[-56.05725810999991,-20.096549643390365],[-56.057485317999976,-20.09603168139044],[-56.057548115999964,-20.09588852039041],[-56.05761601399996,-20.095733732390485],[-56.05789423299991,-20.095421564390495],[-56.05824121199993,-20.095032247390463],[-56.05867112399995,-20.094673194390403],[-56.06033358099995,-20.093614581390504],[-56.060911559999965,-20.093008049390445],[-56.0613564869999,-20.092315370390526],[-56.06172760699991,-20.09137548839059],[-56.06179558999992,-20.09094244939057],[-56.06177593999996,-20.090186949390514],[-56.06160318899998,-20.089478337390606],[-56.0605832249999,-20.087287305390557],[-56.06016806999992,-20.08665073339067],[-56.05801420399996,-20.084511712390658],[-56.05731713999983,-20.08402564939069],[-56.056255833999955,-20.08364211739076],[-56.05511495899998,-20.083576992390764],[-56.05137486499996,-20.084066325390783],[-56.05089495199997,-20.08418781239077],[-56.04973080699989,-20.08478592139076],[-56.04492078599991,-20.088175983390627],[-56.044426115999954,-20.08859749739066],[-56.04389383499995,-20.089245477390623],[-56.042252300999905,-20.091927578390507],[-56.03970460999989,-20.095032555390386],[-56.03968425199997,-20.09506154739046],[-56.03720439399996,-20.098592890390282],[-56.03718976199991,-20.09861372639032],[-56.03626966099989,-20.100274130390332],[-56.034657884999945,-20.103182726390138],[-56.03452076899998,-20.103430166390265],[-56.03432507599996,-20.103957502390248],[-56.03391086299997,-20.105618100390206],[-56.033871258999966,-20.10618868139017],[-56.033925987999964,-20.106728797390186],[-56.03408091699998,-20.107287198390086],[-56.03432092100002,-20.10779600839017],[-56.03432130799991,-20.107796830390118],[-56.03437005899991,-20.10790018239018],[-56.03509273299994,-20.10909078839005],[-56.0354118219999,-20.10949431439011],[-56.038266901999975,-20.11197695839005],[-56.03869772099989,-20.112422077389986],[-56.039009482999916,-20.112874013389902],[-56.04035167299998,-20.11532673738993],[-56.0406572459999,-20.116228006389942],[-56.04071011899987,-20.116989707389806],[-56.04063778299991,-20.11750878838985],[-56.03972192999998,-20.119896513389804],[-56.039544113999916,-20.12024123238984],[-56.037890913999945,-20.12273024538971],[-56.037593253999894,-20.123629960389696],[-56.03754216699992,-20.12421829938973],[-56.03759916499996,-20.124853774389674],[-56.038572693999924,-20.128051162389646],[-56.03861249299996,-20.12827050738959],[-56.03861249799997,-20.128487025389642],[-56.03859833399992,-20.129100739389624],[-56.0383964589999,-20.129880013389574],[-56.03836088099991,-20.12995259838963],[-56.03810895199996,-20.13043512538959],[-56.0379571279999,-20.13064231838957],[-56.0375312189999,-20.131121737389552],[-56.03738379799989,-20.131263276389515],[-56.036826962999896,-20.131648908389533],[-56.03651525699997,-20.13178913738943],[-56.03616753299997,-20.131933647389573],[-56.03574287099991,-20.13204113638947],[-56.03541125899994,-20.13210411838956],[-56.03414067699998,-20.13214720738954],[-56.03347263799992,-20.132156971389556],[-56.029256618999966,-20.132576937389462],[-56.028484018999904,-20.132783159389554],[-56.02775516399993,-20.133139119389526],[-56.027154024999895,-20.13361714838954],[-56.026650728999925,-20.134252634389433],[-56.02655063799989,-20.134458599389493],[-56.026444978999955,-20.13467602538944],[-56.026315423999904,-20.13494262238949],[-56.02543707999996,-20.13753616638941],[-56.02536333299997,-20.138067636389337],[-56.02538314099985,-20.13863948238939],[-56.02550208699989,-20.139204309389388],[-56.02553892099996,-20.13929751038936],[-56.025573263999945,-20.139384415389344],[-56.0257188729999,-20.139752857389347],[-56.025765909999905,-20.13982368638927],[-56.02623741399992,-20.1405336743893],[-56.02669684299991,-20.14122548138935],[-56.02916498099995,-20.143920885389228],[-56.02953412099993,-20.144418741389206],[-56.0296303959999,-20.144591421389183],[-56.03121141599991,-20.147442225389106],[-56.031500642999895,-20.148065338389046],[-56.032887486999925,-20.151097310389],[-56.033694221999895,-20.15428392338901],[-56.033906363999954,-20.156373014388866],[-56.03396147599988,-20.156939395388907],[-56.03400054499992,-20.160701602388773],[-56.033918792999884,-20.161531307388742],[-56.03380814499991,-20.162622737388805],[-56.03357889799992,-20.16369630938878],[-56.03346971499997,-20.163990486388773],[-56.032965385999894,-20.16510639238863],[-56.03231914599996,-20.16646231438866],[-56.03159521099991,-20.16760932438854],[-56.03102418099996,-20.16849108538864],[-56.0309969309999,-20.168557246388584],[-56.030701198999964,-20.169275283388647],[-56.030685019999964,-20.169314569388536],[-56.03057324599984,-20.17027149038857],[-56.0305793739999,-20.170325433388577],[-56.03058250099991,-20.170352964388524],[-56.03063342499996,-20.170801249388578],[-56.030791386999965,-20.171414288388476],[-56.03090299699995,-20.171981366388483],[-56.030911432999915,-20.172710065388557],[-56.03076140099995,-20.173422337388416],[-56.03044313099991,-20.174131431388506],[-56.029981028999885,-20.174737721388496],[-56.02968215399994,-20.175015354388435],[-56.02894144499994,-20.175493799388413],[-56.028131905999885,-20.175782787388442],[-56.026919359999965,-20.17604628138845],[-56.02592895599998,-20.17655930838845],[-56.02580392899994,-20.1766826213884],[-56.025695961999986,-20.17674524438837],[-56.0249885909999,-20.17749279838839],[-56.0245304579999,-20.17841788738833],[-56.02440659299998,-20.17896657638835],[-56.02437590799991,-20.179529960388297],[-56.024554585999965,-20.18115926138824],[-56.02460587099995,-20.1816269113883],[-56.024711141999944,-20.18213023538827],[-56.02491928999991,-20.18267841938821],[-56.02495511400002,-20.182772763388204],[-56.02607264799997,-20.184881016388168],[-56.02617049099991,-20.185011464388225],[-56.02797272099997,-20.18741426538817],[-56.027973165999924,-20.187415216388178],[-56.02843428899996,-20.188400223388044],[-56.02855835999992,-20.18943566638804],[-56.02836607699993,-20.19150479138805],[-56.02780550199998,-20.193116326387933],[-56.02748187199995,-20.193645561388024],[-56.0270658149999,-20.194113698387937],[-56.02638749999989,-20.194619742387953],[-56.021433298999966,-20.19750056838784],[-56.020543405999895,-20.198206915387825],[-56.02007427399997,-20.19884450838789],[-56.019901029999914,-20.199192754387866],[-56.01918430799997,-20.20196782338779],[-56.01864602499984,-20.20354607238767],[-56.017985192999966,-20.20548363738773],[-56.01796546399993,-20.205541486387702],[-56.01730026799993,-20.209018270387595],[-56.01724631499991,-20.20973483538759],[-56.0173439109999,-20.214328845387428],[-56.017043545999854,-20.21773497638742],[-56.01677871199996,-20.2184677153874],[-56.0150961569999,-20.221846231387296],[-56.01493851099986,-20.222372066387308],[-56.01486774199992,-20.2229389993872],[-56.014954976999896,-20.22380720638723],[-56.01587293299991,-20.226170325387052],[-56.01609922299997,-20.226503610387173],[-56.01667156899999,-20.227093327387177],[-56.01710796099997,-20.227356612387133],[-56.01715255799991,-20.227383518387146],[-56.01770366299986,-20.227654317387167],[-56.018640216999984,-20.227891191387098],[-56.019448724999904,-20.22790784338715],[-56.0227076569999,-20.227234708387165],[-56.02361189699991,-20.22722584038716],[-56.02374814499991,-20.227251975387087],[-56.025149399999975,-20.227520764387094],[-56.02767141299989,-20.228012835387144],[-56.02875175199995,-20.228462862387136],[-56.02929916099993,-20.228807001387107],[-56.03113481599996,-20.2302941173871],[-56.031690478999906,-20.23099064538707],[-56.03194699199992,-20.23151355438703],[-56.03210749699997,-20.232049555386965],[-56.03217680799992,-20.232592045387],[-56.03216687099996,-20.233944557386934],[-56.03218777899991,-20.23403357838695],[-56.03218782399995,-20.234040341386997],[-56.03225767099997,-20.23433117038698],[-56.0323752029999,-20.23482055638694],[-56.03249920600001,-20.235060156386975],[-56.0327582459999,-20.235560673386882],[-56.032805461999885,-20.23561545838697],[-56.03384706999998,-20.23682404838692],[-56.03385534899991,-20.236841807386924],[-56.0343022319999,-20.23780033038685],[-56.0344288199999,-20.23870769038687],[-56.03430227399992,-20.239615054386796],[-56.03393121599993,-20.240460588386828],[-56.03272245099993,-20.24202888238677],[-56.03242954899997,-20.24261369538675],[-56.032213106999905,-20.243486593386734],[-56.03206111999992,-20.245082742386714],[-56.03216118199998,-20.24577114738671],[-56.03238263399999,-20.246392450386693],[-56.032703424999966,-20.246916861386705],[-56.03271515300002,-20.246936034386696],[-56.032810866999974,-20.247092502386682],[-56.03440008599995,-20.24891504838661],[-56.03480569599993,-20.249550294386488],[-56.03636609699999,-20.253934905386405],[-56.036499995999975,-20.258059934386395],[-56.03622205099998,-20.261453438386333],[-56.03608611899988,-20.262095320386223],[-56.03499402799998,-20.265539531386178],[-56.034868860999886,-20.266269678386184],[-56.035172920999905,-20.27271128338598],[-56.0353497509999,-20.273522905385978],[-56.03643760999995,-20.276064802385932],[-56.03760306599991,-20.27811247338584],[-56.03864165399989,-20.27995028038586],[-56.0388170519999,-20.280481103385807],[-56.038901600999964,-20.28108696838575],[-56.038825557999985,-20.281961677385787],[-56.038031743999966,-20.28485683638566],[-56.03772770899992,-20.285406261385738],[-56.03595669099985,-20.28785626338565],[-56.035696979999955,-20.288507284385595],[-56.03557337999984,-20.28915819938563],[-56.035632635999946,-20.290129797385532],[-56.03716894899998,-20.296346201385365],[-56.037234583999975,-20.29920469738539],[-56.037146519999965,-20.299963482385273],[-56.03689096299997,-20.30067717038533],[-56.036114605999956,-20.302108919385184],[-56.03572030099991,-20.302593738385298],[-56.03511200399993,-20.303097039385204],[-56.03455105199998,-20.303402591385243],[-56.0339734559999,-20.303603609385284],[-56.03068297899995,-20.30417850638524],[-56.02703880099989,-20.303973989385256],[-56.02293870999983,-20.304241823385205],[-56.02002392599991,-20.30386227938527],[-56.01897022499992,-20.30347568938527],[-56.01630675399998,-20.3016916013853],[-56.01435255999997,-20.30052554738531],[-56.01355079899997,-20.300243209385226],[-56.01271380999998,-20.30013706038532],[-56.01199177399991,-20.300191045385336],[-56.01127618099997,-20.3003858253853],[-56.01061195199998,-20.300714213385344],[-56.01000941399997,-20.301175557385246],[-56.00942076399991,-20.301911188385183],[-56.00919669999997,-20.302452013385313],[-56.00910492599991,-20.302673528385267],[-56.009048526999955,-20.302809659385247],[-56.009031301999926,-20.302993430385264],[-56.00891854599996,-20.304196294385168],[-56.008903405999945,-20.304357804385216],[-56.00916930799991,-20.306106916385204],[-56.00916932099989,-20.30671782038511],[-56.009169300999986,-20.306718099385105],[-56.00895937799993,-20.307611505385143],[-56.00841558699989,-20.308546643385046],[-56.007856079000014,-20.309098046385063],[-56.00718332399998,-20.30952213238507],[-56.00327359299996,-20.310771656385036],[-56.00062242299998,-20.31211979538502],[-55.99991957499992,-20.312596704385058],[-55.996734347999904,-20.316053585384882],[-55.99518066399998,-20.318317618384903],[-55.995001963999925,-20.318735729384876],[-55.99499982099991,-20.318740740384865],[-55.994848123999994,-20.3190956713848],[-55.994783319999954,-20.319575289384776],[-55.994738087999906,-20.319910054384806],[-55.994707992999906,-20.320132794384772],[-55.99476754499989,-20.320546823384838],[-55.99479990599997,-20.320771797384708],[-55.99483973699989,-20.321048722384788],[-55.99498038499996,-20.32135595038478],[-55.99505738099999,-20.32152413538478],[-55.99525130299992,-20.321947733384718],[-55.996350061999976,-20.323202093384637],[-55.99676986499992,-20.323854656384707],[-55.99698378899984,-20.324402355384724],[-55.997616631999904,-20.326837601384618],[-55.997662736999985,-20.327334567384664],[-55.99764667499988,-20.327731440384667],[-55.99764012799989,-20.327802045384615],[-55.99752712399993,-20.32832312038467],[-55.997507323999905,-20.328382379384504],[-55.997082511999906,-20.329481543384624],[-55.996970000999966,-20.33008334838458],[-55.996969985999954,-20.330694440384498],[-55.99712784399992,-20.33144309538452],[-55.99737575399996,-20.332007673384535],[-55.99772383699997,-20.33252306938449],[-55.999229106999906,-20.333872978384512],[-55.999637708999956,-20.334339981384428],[-55.99998389399991,-20.334920048384472],[-56.00020114499995,-20.33551831638447],[-56.000297195999906,-20.336096361384413],[-56.000290659999905,-20.336662576384438],[-56.00018642599998,-20.337220227384368],[-55.9999722259999,-20.337789813384404],[-55.99969664499997,-20.338260581384347],[-55.99931971499995,-20.338713607384335],[-55.99887295499991,-20.339099749384307],[-55.998558380999896,-20.339293479384267],[-55.99821738599996,-20.339471788384355],[-55.99766794200003,-20.339669147384324],[-55.99560179199989,-20.340397392384258],[-55.99187807599998,-20.341161351384322],[-55.991542291999906,-20.341323664384245],[-55.99131166199993,-20.341435147384306],[-55.990978061999954,-20.341596404384312],[-55.99033266799995,-20.342148107384226],[-55.99009806699996,-20.342458666384225],[-55.990070433999904,-20.342495247384253],[-55.98988032999989,-20.342746902384288],[-55.989636305999966,-20.343281781384214],[-55.98963321500002,-20.343288553384216],[-55.9895701829999,-20.34342671338428],[-55.989413272999975,-20.344181400384176],[-55.989414988999954,-20.344780039384144],[-55.989462691999904,-20.34502356338424],[-55.98949262499997,-20.345176378384153],[-55.9895358739999,-20.345397166384128],[-55.98968365999997,-20.345764489384205],[-55.9897676619999,-20.345973277384157],[-55.9897709629999,-20.34598148238412],[-55.989799240999965,-20.346025560384216],[-55.990175371999904,-20.34661185838405],[-55.995389849999924,-20.35279339838402],[-55.99558774299999,-20.3530279923839],[-55.996695546999945,-20.354563738383927],[-55.99746016899991,-20.355633979383878],[-55.99755008299997,-20.35574837638394],[-56.00005643099996,-20.358937249383857],[-56.000214435999915,-20.359138282383846],[-56.000921144999836,-20.359728163383707],[-56.003520468999966,-20.3611625623838],[-56.0041700729999,-20.361527870383803],[-56.00475659299991,-20.36193591238381],[-56.0051943709999,-20.362386447383773],[-56.00553990799988,-20.362897063383798],[-56.006198344999916,-20.36450315838369],[-56.0063386089999,-20.365099759383664],[-56.00635924499994,-20.365829095383596],[-56.00613886399998,-20.36722174538358],[-56.005912379999984,-20.367954570383613],[-56.00553851899998,-20.368602822383615],[-56.00329508699997,-20.371491432383447],[-56.00279074699989,-20.371951926383527],[-56.00188394999998,-20.372578605383502],[-55.99997367799995,-20.373875561383453],[-55.99718760299993,-20.375051940383436],[-55.996961787999965,-20.37511377338339],[-55.99572803899986,-20.375451603383368],[-55.9951584399999,-20.375700279383427],[-55.99464306099998,-20.376034674383465],[-55.99422767599998,-20.376415822383358],[-55.99374058899991,-20.37707943638337],[-55.993444156999885,-20.377759470383374],[-55.99330574699991,-20.378487944383327],[-55.99333445599996,-20.379251696383385],[-55.99348660299995,-20.379852225383303],[-55.99378015499997,-20.380467640383316],[-55.994168624999986,-20.380990803383337],[-55.99511091199997,-20.38192352538332],[-55.99520829799991,-20.382019923383307],[-55.99541863499991,-20.382252393383308],[-55.99704713199992,-20.385026981383206],[-55.998525377999954,-20.388833801383072],[-55.999227103999885,-20.393437439383014],[-56.00019724599998,-20.395746679382885],[-56.00056196999998,-20.396281030382923],[-56.000666536999915,-20.39638458738291],[-56.00093453999989,-20.396650002382902],[-56.00107200499997,-20.39678614038281],[-56.001130177999976,-20.396826587382865],[-56.001532058999935,-20.39710601838289],[-56.00157007399997,-20.39713245038286],[-56.00198028099998,-20.39735095038281],[-56.00334440899997,-20.398096381382828],[-56.003905721999956,-20.398511712382877],[-56.00443181199996,-20.39909309738284],[-56.00479711999998,-20.39973323438276],[-56.004818298999965,-20.399770346382795],[-56.00500427999998,-20.400342724382746],[-56.0050893799999,-20.401023681382828],[-56.0047433549999,-20.404609983382645],[-56.0047648879999,-20.405327826382702],[-56.004906897999945,-20.405929610382717],[-56.005935250999926,-20.40898818238252],[-56.00618154199998,-20.409547558382574],[-56.00663134499996,-20.410182235382603],[-56.00708967199996,-20.410614345382548],[-56.008762592999915,-20.411651971382557],[-56.0094945439999,-20.41197307938248],[-56.0096373099999,-20.412035710382522],[-56.01092333499992,-20.412272753382474],[-56.0118261049999,-20.41258558838252],[-56.01259598499991,-20.413091603382377],[-56.01295359299991,-20.41344185038245],[-56.013486259999866,-20.414238389382454],[-56.01364391399994,-20.41462056038245],[-56.01380750099998,-20.41539578438244],[-56.01377743399996,-20.416218980382414],[-56.013543566999886,-20.417012608382457],[-56.01336300599996,-20.417369999382398],[-56.012936078999985,-20.417947708382414],[-56.01224029499997,-20.418532521382385],[-56.01151485999993,-20.41891258638239],[-56.010262168999986,-20.419284565382345],[-56.00648515499995,-20.41995133938235],[-56.00627546899984,-20.41998835638236],[-56.005483897999966,-20.420041463382343],[-56.00163973399998,-20.419737157382382],[-55.999338571999886,-20.419254908382364],[-55.99812674499993,-20.41902423138238],[-55.99788924899997,-20.418979023382366],[-55.99699654699998,-20.418950162382394],[-55.99229400699994,-20.41971470338228],[-55.992211841999904,-20.419734657382325],[-55.990508076999966,-20.42014840538228],[-55.99000740899992,-20.420269989382277],[-55.989329906999906,-20.420505462382305],[-55.98652389799991,-20.421784445382237],[-55.985719794999916,-20.422008604382313],[-55.984588627999926,-20.422031872382256],[-55.98298006899989,-20.42168495138225],[-55.98239214499989,-20.421633415382253],[-55.97911165799991,-20.42193623938226],[-55.979066111999884,-20.421951740382227],[-55.978764690999974,-20.422054324382252],[-55.978033577999895,-20.422303148382234],[-55.97549801099996,-20.42394461938223],[-55.97344470699988,-20.425085585382178],[-55.9728878759999,-20.425330361382095],[-55.97283059899996,-20.42535056538216],[-55.972172314999966,-20.425582764382195],[-55.97004900999997,-20.42575420438217],[-55.96932461299997,-20.425725776382222],[-55.96851911799985,-20.425542162382193],[-55.96718734799998,-20.42494957138222],[-55.96716875899995,-20.424941916382224],[-55.966671143999974,-20.42479304838223],[-55.96651426999989,-20.424751524382263],[-55.96576897999996,-20.42467458138213],[-55.96562713199984,-20.42468261338216],[-55.96522707799994,-20.42470526538214],[-55.9650632759999,-20.42474082538217],[-55.96479637099992,-20.424798767382175],[-55.96461096299987,-20.424839017382205],[-55.96429906699989,-20.424961491382234],[-55.964002846999904,-20.42507781038214],[-55.96391647299998,-20.425111728382245],[-55.9630580889999,-20.425544396382207],[-55.96237447699991,-20.425888970382196],[-55.96198534499996,-20.426085112382186],[-55.95847394699996,-20.428176071382115],[-55.95757700799999,-20.4285262993821],[-55.95643532699995,-20.428641686382168],[-55.95243498699994,-20.42828116438211],[-55.949445321999974,-20.4284478083821],[-55.948527046999914,-20.428639753382082],[-55.947911398999956,-20.428900791382095],[-55.94775754899996,-20.429003513382103],[-55.94732587899995,-20.429291729382097],[-55.945245573999955,-20.43136953538202],[-55.94362673499984,-20.432986429381923],[-55.94304397499991,-20.433353487381908],[-55.94293937799989,-20.43341533538194],[-55.942041118999896,-20.433723523381946],[-55.94137444299997,-20.43379234838198],[-55.9403845999999,-20.43370332738197],[-55.94028635999996,-20.433694492381953],[-55.93679851099995,-20.432850553382035],[-55.93316880499998,-20.43271829438204],[-55.932812126999984,-20.43261659838204],[-55.931511566999916,-20.43224578138202],[-55.92951708599992,-20.431677112382076],[-55.92947038099993,-20.43165403738202],[-55.92693121599989,-20.430399544382077],[-55.92527529999996,-20.429581426382107],[-55.921101209999904,-20.427940734382016],[-55.916910087999895,-20.42510230738223],[-55.913064331999976,-20.421989764382268],[-55.91239652399992,-20.4211935073823],[-55.91207086199994,-20.420491700382325],[-55.91167791899994,-20.418819543382384],[-55.91166267299992,-20.41794000038242],[-55.911973470999904,-20.41688803238243],[-55.91226131399993,-20.416484316382444],[-55.912467669999835,-20.416194888382375],[-55.9126186659999,-20.415983106382367],[-55.91280953800003,-20.415827399382454],[-55.913186491999916,-20.41551989338234],[-55.91324952499997,-20.415468472382422],[-55.913289979999945,-20.41544397238243],[-55.913659227999915,-20.41522035638241],[-55.9154482859999,-20.414136898382505],[-55.91620111499992,-20.413387990382525],[-55.9165905399999,-20.41271876938255],[-55.91723781699989,-20.41103312238253],[-55.9173764919999,-20.410441328382607],[-55.917404751999925,-20.409830823382574],[-55.91665995699998,-20.40592010938263],[-55.916461477999974,-20.405292335382697],[-55.91643676399996,-20.4052205353827],[-55.91633275299989,-20.405032170382665],[-55.91595117099996,-20.40445235438265],[-55.91575589499996,-20.404212430382632],[-55.915610572999924,-20.404091463382763],[-55.91441592599995,-20.403125731382783],[-55.914331439999955,-20.403026713382776],[-55.91411036899996,-20.402767618382736],[-55.91368615199991,-20.40227043438277],[-55.91361650299995,-20.402132561382793],[-55.91358507899992,-20.402070353382708],[-55.91345067599991,-20.40180429838266],[-55.9134163999999,-20.401685682382766],[-55.91279516799995,-20.399535918382856],[-55.912774163999984,-20.399463232382786],[-55.912532925999926,-20.397520797382917],[-55.912399921999906,-20.396973680382935],[-55.911899562999906,-20.396017084382976],[-55.911243794999905,-20.395342355382905],[-55.91095521099993,-20.39515183738296],[-55.910436080999894,-20.394870160382936],[-55.91020218799997,-20.394743251382906],[-55.90866840799998,-20.394415354383014],[-55.90785962899997,-20.394394916382975],[-55.902279463999946,-20.39481039338289],[-55.90190331699989,-20.394778730382935],[-55.900342132999924,-20.394647315382993],[-55.90011799599995,-20.394594255382966],[-55.8998809279999,-20.394569759382982],[-55.89926281099992,-20.39438599838298],[-55.89855304699989,-20.39401884638296],[-55.89802193499992,-20.393592946382995],[-55.89720690499996,-20.392751897383047],[-55.89664209499994,-20.392354689382906],[-55.89600686499989,-20.392065397383025],[-55.895350735999955,-20.39190144138304],[-55.89531426499997,-20.39189232738302],[-55.894650552999906,-20.39184588738307],[-55.893756341999904,-20.39192829338306],[-55.89319016499991,-20.39206977238303],[-55.891425603999885,-20.392697753382933],[-55.890944063000006,-20.39285250738304],[-55.89049804399991,-20.39292666138304],[-55.89017045199989,-20.39294405238295],[-55.88974533199996,-20.39294405238295],[-55.88910706899993,-20.39283793638298],[-55.888498046999985,-20.39262892838303],[-55.88584305399997,-20.391158813382997],[-55.88497190499999,-20.390870822383054],[-55.881759494999926,-20.390340196383065],[-55.87842645899991,-20.390444361383054],[-55.87771360399995,-20.390601900383036],[-55.8758657489999,-20.39127746438297],[-55.875262682999896,-20.391605164382973],[-55.87473402399996,-20.392023412383033],[-55.874229005999894,-20.392638540383004],[-55.874026074999904,-20.393064781383018],[-55.873959179999986,-20.393205289382916],[-55.87354870999985,-20.394067447382977],[-55.873382478999936,-20.39456523638296],[-55.87337098499995,-20.394599653382958],[-55.8733400079999,-20.394692414382977],[-55.872503829999914,-20.398312491382768],[-55.871752269999895,-20.39990285138287],[-55.871183241999965,-20.400674987382747],[-55.869691110999895,-20.401888644382712],[-55.86902734699993,-20.402305320382798],[-55.868285279999895,-20.40257880138277],[-55.866284653999905,-20.402980577382678],[-55.865442716999894,-20.403381303382744],[-55.86469387999995,-20.404003852382687],[-55.86323978899998,-20.405722059382708],[-55.86282949199989,-20.406504036382664],[-55.86267778599995,-20.40709778538266],[-55.86267367199997,-20.407268619382556],[-55.86260883199992,-20.40996038938262],[-55.86256483799992,-20.411786763382537],[-55.86215646199998,-20.416570644382457],[-55.86195220399991,-20.417406687382428],[-55.86159410199997,-20.418091287382406],[-55.86108730799998,-20.41868658938236],[-55.85885887399997,-20.42022806338228],[-55.85851849699998,-20.42064120838226],[-55.85837340599994,-20.420817316382255],[-55.858147543999905,-20.42109146338223],[-55.85701878599997,-20.423554320382173],[-55.856261059999945,-20.427167950382046],[-55.8560357639999,-20.42785848038212],[-55.85434356399992,-20.43111790338207],[-55.853769303999854,-20.432003995382022],[-55.851876938999965,-20.43487216238194],[-55.85111809399996,-20.435712519381976],[-55.84795819199991,-20.43902071638181],[-55.84762505699996,-20.439257060381884],[-55.84584742200002,-20.44010859538174],[-55.84517814599991,-20.44032481138186],[-55.8448581739999,-20.440364518381845],[-55.844346788999985,-20.440427979381866],[-55.84345060099997,-20.440353196381807],[-55.84272692899998,-20.440169477381858],[-55.842167396999905,-20.43993097638185],[-55.841648585999906,-20.439602279381877],[-55.84108543199994,-20.43909446938184],[-55.840211053999894,-20.438124154381907],[-55.83989336499991,-20.437665426381784],[-55.83949770199996,-20.436804210381954],[-55.8383261979999,-20.434254276381896],[-55.838136918999965,-20.433842286381992],[-55.838006862999976,-20.433353553382013],[-55.837080313,-20.428416638382096],[-55.83662047999991,-20.425966519382214],[-55.83655312499991,-20.425217046382127],[-55.8366891149999,-20.424328918382233],[-55.83669878199999,-20.424265792382243],[-55.837012631999926,-20.423471181382155],[-55.838212942999974,-20.420288794382373],[-55.83822841999989,-20.420234335382354],[-55.838281664999954,-20.41949159538229],[-55.83823532599996,-20.418992416382387],[-55.838101362999964,-20.418521139382303],[-55.83799865999999,-20.418262906382363],[-55.8378419469999,-20.41786888038239],[-55.83739943299997,-20.41727312338231],[-55.83687537299994,-20.416800195382347],[-55.83626352299996,-20.416432737382454],[-55.835611258999904,-20.416193618382454],[-55.83477196099989,-20.416065203382388],[-55.83394895999992,-20.416113931382345],[-55.83315900599996,-20.41633319538246],[-55.83247583499992,-20.416687334382424],[-55.831624881999915,-20.417060716382437],[-55.830961259999924,-20.417252362382275],[-55.830255021999896,-20.417327118382342],[-55.82952687799997,-20.41727083238237],[-55.82848326299995,-20.416931144382445],[-55.82838258899989,-20.416898375382416],[-55.82680625399984,-20.416061411382465],[-55.82489084199988,-20.415479140382434],[-55.82434547099991,-20.41517854138249],[-55.82386503799995,-20.414800583382494],[-55.82344729299991,-20.414336389382488],[-55.82329929899993,-20.41406925438249],[-55.82326689999991,-20.41401077438237],[-55.82295271599986,-20.413443664382434],[-55.8228951399999,-20.413078979382473],[-55.82277110099994,-20.412293311382502],[-55.822619201999885,-20.41133118138258],[-55.82234637299996,-20.410515698382543],[-55.82138104599994,-20.408552816382546],[-55.82107949699986,-20.40794554338266],[-55.8189138109999,-20.40431047738273],[-55.81870314399998,-20.403661718382747],[-55.817957552999935,-20.400131081382796],[-55.81794580999991,-20.399819018382843],[-55.81787574099991,-20.397956797382818],[-55.81783223499992,-20.396800571382922],[-55.81800869899997,-20.39603029738289],[-55.81833999799994,-20.39532564538296],[-55.82017613999989,-20.393026768382974],[-55.82347277199989,-20.38972856238309],[-55.826283813999964,-20.385346869383234],[-55.826329435999924,-20.385296011383176],[-55.827644149999905,-20.383830367383194],[-55.830483538999886,-20.38066501538328],[-55.830746751999925,-20.380263932383258],[-55.832737152999925,-20.377178018383315],[-55.83310853499995,-20.376332496383384],[-55.83404596599996,-20.36835500838365],[-55.83351057899989,-20.365163118383688],[-55.83350108499991,-20.365067948383675],[-55.83344187899991,-20.36447452938371],[-55.83321994999994,-20.362250085383682],[-55.83254855999996,-20.359244657383872],[-55.832565066999905,-20.358515212383896],[-55.833053621999916,-20.355248342383977],[-55.83305612699997,-20.354701122383826],[-55.833049059999894,-20.352356920383983],[-55.83268210199992,-20.349833852384087],[-55.832272195999906,-20.348839772384117],[-55.83168147299989,-20.348113722384113],[-55.83105028799992,-20.347635952384035],[-55.82918529799997,-20.34683936638412],[-55.828542734999985,-20.34664589138419],[-55.82552384499997,-20.346478510384042],[-55.82168869499998,-20.346620053384186],[-55.821100165999894,-20.346539260384205],[-55.820456941999964,-20.346341782384183],[-55.81400584999989,-20.343253914384125],[-55.81100408599997,-20.340669619384343],[-55.810374041999864,-20.33996651738425],[-55.8099475269999,-20.339155039384394],[-55.809492649999925,-20.33769427438431],[-55.809366628999896,-20.336648902384436],[-55.80941362399989,-20.33619894438446],[-55.81035685199993,-20.33223443938444],[-55.810243792999934,-20.328843292384587],[-55.81023764999992,-20.32868113438462],[-55.81012598899986,-20.328048564384588],[-55.808978033999885,-20.323991687384762],[-55.80863207799996,-20.323364820384683],[-55.80849222899997,-20.323142387384756],[-55.80804276699996,-20.322696189384647],[-55.807551377999914,-20.322296895384728],[-55.80299021499991,-20.31961566038484],[-55.80241255699997,-20.319202299384823],[-55.79923910499997,-20.31583686038498],[-55.79868407099997,-20.315054504384932],[-55.79601415999991,-20.308877486385136],[-55.79509004699992,-20.30253750538529],[-55.7947988059999,-20.301300315385333],[-55.793494383999985,-20.29586417938545],[-55.79314675999991,-20.29509802438542],[-55.79273436299991,-20.294581292385477],[-55.79258940499989,-20.294405353385404],[-55.79257832999998,-20.294391910385457],[-55.78863870099997,-20.29102866938556],[-55.787925081000026,-20.290581740385605],[-55.78715850599997,-20.290294878385502],[-55.77912619799997,-20.288110618385577],[-55.7782967519999,-20.288045868385662],[-55.77472939799998,-20.288292025385644],[-55.77455339799991,-20.28832168838555],[-55.77006914599997,-20.289077456385634],[-55.76860760499988,-20.28932378238559],[-55.767085155999894,-20.289324687385623],[-55.76366438199989,-20.289288076385645],[-55.76351028900002,-20.289273768385517],[-55.76335402999996,-20.289259258385542],[-55.762769546999955,-20.289111490385572],[-55.762218245999975,-20.288875800385625],[-55.761693807999904,-20.288545167385546],[-55.761033737999924,-20.28789695238567],[-55.75942287199996,-20.285456346385676],[-55.7593933359999,-20.28538488438563],[-55.757989172999935,-20.281987392385783],[-55.754963662999955,-20.27466691038596],[-55.75252341699996,-20.270222154386072],[-55.751955068999905,-20.269573666386062],[-55.749391512999985,-20.26746601238602],[-55.74887645399992,-20.267131900386175],[-55.745715208999904,-20.26513764038623],[-55.74519356999991,-20.264628992386193],[-55.74479960499992,-20.264065950386254],[-55.7445373409999,-20.263502948386233],[-55.74253803999994,-20.257847428386313],[-55.741951533999895,-20.252605381386477],[-55.74170456099989,-20.251741597386566],[-55.73573188299997,-20.241810754386755],[-55.735351452999964,-20.241295317386765],[-55.73450177299998,-20.240592055386838],[-55.7336239629999,-20.24021955138675],[-55.730383847999974,-20.2395563413868],[-55.724788787999955,-20.238449882386853],[-55.72445592899993,-20.238416334386834],[-55.72441484299992,-20.23841219338685],[-55.7211586759999,-20.238395679386812],[-55.72053389099989,-20.238471535386893],[-55.719343536999986,-20.23873469238689],[-55.71841060599996,-20.238900962386847],[-55.71809215999991,-20.238914085386888],[-55.71745042099992,-20.238851907386874],[-55.71721402099991,-20.238829002386787],[-55.71638343899991,-20.23852660138691],[-55.71561493299993,-20.238039066386808],[-55.7151241599999,-20.23754071938687],[-55.71470973199991,-20.236876001386893],[-55.714511305999906,-20.236343408386954],[-55.714396540999935,-20.235761579386963],[-55.71428794499991,-20.233905884386893],[-55.714343399999905,-20.23315625238695],[-55.714396404999945,-20.232880245387054],[-55.714672058999895,-20.231444888386978],[-55.715570733999925,-20.226765401387173],[-55.7155852599999,-20.22671795238716],[-55.71670344500001,-20.223065663387192],[-55.71773209799994,-20.219705810387385],[-55.71943662999996,-20.211461517387566],[-55.719459290999964,-20.21139798638756],[-55.71951125699991,-20.21125229838757],[-55.71965617599983,-20.21084600938747],[-55.721332791999885,-20.207280178387656],[-55.72497617599993,-20.20122438038783],[-55.72533085999992,-20.20022980038775],[-55.72579501299998,-20.196228525387955],[-55.72524286699996,-20.191916558388023],[-55.725063628999976,-20.18969999538809],[-55.72490894099997,-20.187861547388135],[-55.72473006799998,-20.18716550938805],[-55.724500608999904,-20.186687394388205],[-55.72440603399991,-20.186503090388136],[-55.72347162499994,-20.18530758438818],[-55.722147075999885,-20.18362693938826],[-55.722109754999906,-20.183591281388253],[-55.71891279299996,-20.180974657388337],[-55.71592558199989,-20.178599995388375],[-55.7145741789999,-20.177561681388323],[-55.71410876199991,-20.17695629938844],[-55.71335402399989,-20.17537766538849],[-55.71307910699983,-20.174383225388404],[-55.71277510599999,-20.172261144388518],[-55.71276241699991,-20.171603840388517],[-55.71289408499996,-20.170827078388506],[-55.714207946999984,-20.166450416388695],[-55.714292710999985,-20.165414111388653],[-55.713568455999905,-20.16062631638886],[-55.71350481999997,-20.16034698638886],[-55.71317134799988,-20.158942165388897],[-55.71284370899997,-20.158098397388816],[-55.7122976419999,-20.157361981388828],[-55.71211011799994,-20.157205145388932],[-55.71162002299991,-20.15680914738895],[-55.7108054709999,-20.15633568338886],[-55.70850886099988,-20.15501028938886],[-55.705154594999954,-20.153616977388996],[-55.704594399999905,-20.153475231388892],[-55.70071673299998,-20.15285344638889],[-55.697956510999916,-20.15218701338903],[-55.693643906999974,-20.150387106389058],[-55.68941761999997,-20.14984427838912],[-55.688659156999904,-20.149636610388995],[-55.687952647999964,-20.14927055738906],[-55.68741969999996,-20.148850558389153],[-55.68695689099991,-20.14831200738914],[-55.68661221499992,-20.147698985389106],[-55.68634392599995,-20.146653368389206],[-55.6863266489999,-20.14615044538922],[-55.68651283699995,-20.145182112389133],[-55.68700680299998,-20.144261116389217],[-55.68735971399997,-20.143918925389265],[-55.68754896999991,-20.143735419389174],[-55.687988681999975,-20.14330906538929],[-55.6887577619999,-20.142826892389273],[-55.68917873899994,-20.14265966838929],[-55.689913400999956,-20.14248280038931],[-55.69391326699998,-20.14193172138922],[-55.69567149299997,-20.141527664389262],[-55.69640793699989,-20.141255303389222],[-55.69716261199994,-20.14076373338934],[-55.6987699949999,-20.13931345038938],[-55.6999422259999,-20.13770602138943],[-55.700503081999955,-20.136910280389348],[-55.70071307399991,-20.13645952338946],[-55.70080084899991,-20.136249729389405],[-55.700962437999976,-20.135384102389484],[-55.700657061999884,-20.13176831138957],[-55.70033059699988,-20.130826438389544],[-55.69924959199989,-20.128940169389647],[-55.698747039999944,-20.128112042389635],[-55.69850269199992,-20.12770939338955],[-55.69785008199983,-20.126981005389606],[-55.69618072799989,-20.125556447389652],[-55.69533877799989,-20.125030044389735],[-55.6944619649999,-20.124748862389712],[-55.69394050499988,-20.124680186389757],[-55.69148023899993,-20.12458082338975],[-55.691144607999945,-20.1246219853897],[-55.690458940999974,-20.12470607638965],[-55.690244020999955,-20.124732434389607],[-55.69018670799994,-20.12474806538967],[-55.688289202999954,-20.125265562389743],[-55.685895457000015,-20.125918398389636],[-55.68091892500001,-20.126531497389642],[-55.6734193879999,-20.127149226389683],[-55.6726786769999,-20.127103328389683],[-55.672409691999974,-20.12704773038961],[-55.67214673999996,-20.126993379389656],[-55.67205003099997,-20.126956705389663],[-55.67186149999998,-20.126885209389677],[-55.67159511299997,-20.126784189389696],[-55.671475414999925,-20.126715160389676],[-55.671283995999886,-20.12660477138969],[-55.671053331999985,-20.126471749389687],[-55.67092962199996,-20.12637039738962],[-55.670799485999964,-20.12626378138971],[-55.670600436999905,-20.126100706389725],[-55.67047169299991,-20.12595416638967],[-55.6703620429999,-20.125829360389634],[-55.67024691199998,-20.125698314389727],[-55.67018181799989,-20.12558624338962],[-55.669910123999905,-20.12511846438973],[-55.669832453000026,-20.12498473638969],[-55.66980295999991,-20.124892507389678],[-55.66973317499992,-20.124745368389704],[-55.668997283999886,-20.122408357389755],[-55.66674245899992,-20.117662933389912],[-55.666665875000035,-20.117538330389895],[-55.66632352600004,-20.117094542389857],[-55.6639544169999,-20.114823684389947],[-55.66298903499995,-20.114270351389933],[-55.65922599699991,-20.113178351390054],[-55.65712216399993,-20.112224321390062],[-55.656370961999926,-20.11175242539006],[-55.65346431699992,-20.109358108390136],[-55.6532101709999,-20.109191439390134],[-55.65053680799991,-20.10747793439012],[-55.64962200499992,-20.10714189139013],[-55.64694459799989,-20.106829168390213],[-55.646145560999976,-20.10658790439015],[-55.64543111799993,-20.10618233439016],[-55.643331283999885,-20.104416913390242],[-55.642338700999915,-20.10395121139027],[-55.63925625499997,-20.10313385439028],[-55.639159493999955,-20.103118209390193],[-55.63640690799991,-20.1029099553903],[-55.63575433899996,-20.102872460390227],[-55.632107404999886,-20.103151257390287],[-55.632100580999975,-20.103151779390224],[-55.631232355999884,-20.1033276443903],[-55.62841098499997,-20.10447823839018],[-55.62513940099989,-20.10634079839014],[-55.624522421999984,-20.10652456539014],[-55.623881033999965,-20.106604333390184],[-55.62281156699993,-20.10649368939016],[-55.6226714689999,-20.10645199539021],[-55.62205087399996,-20.106267303390215],[-55.62176197999986,-20.10607395639017],[-55.62166627699992,-20.106009906390124],[-55.62115551299996,-20.105668069390187],[-55.620895891999965,-20.10537167739019],[-55.62086062599997,-20.10533141739014],[-55.62057081199998,-20.105000557390127],[-55.61891330699996,-20.10239263539022],[-55.618556191999915,-20.101989762390303],[-55.61582087799991,-20.09892116239031],[-55.61499501199995,-20.098225637390364],[-55.61470923299993,-20.098055119390363],[-55.61426228199991,-20.097836240390382],[-55.614008810999906,-20.097742614390363],[-55.61083281299983,-20.09693796439042],[-55.609929011999895,-20.09692487139041],[-55.60963613299993,-20.09692062839043],[-55.609111206999955,-20.096996406390364],[-55.60807752499994,-20.09714562839038],[-55.604908859999966,-20.098106624390358],[-55.60269227599997,-20.099274177390395],[-55.60213551599992,-20.099498795390335],[-55.60146995899998,-20.099650834390385],[-55.60079693299991,-20.09968554639039],[-55.60004509700002,-20.099586119390388],[-55.59928993499989,-20.099333054390303],[-55.596614185999954,-20.097637757390427],[-55.595929514999966,-20.09688462539044],[-55.5956154669999,-20.09632083939048],[-55.594304999999906,-20.093326199390553],[-55.59316071899991,-20.091605247390568],[-55.59078572699997,-20.088559689390646],[-55.59021941599991,-20.087492254390636],[-55.58967964900001,-20.08534770339072],[-55.58972036899985,-20.084383281390767],[-55.58985437099995,-20.083889352390766],[-55.59029836999997,-20.08303476439081],[-55.59081645099997,-20.082346219390775],[-55.59119706999991,-20.081965843390822],[-55.59183142799998,-20.081523889390784],[-55.59254341299993,-20.081212452390865],[-55.59315368899997,-20.081063006390828],[-55.59531114799995,-20.08077163739082],[-55.596323060999914,-20.080858321390814],[-55.59866876299993,-20.081348116390817],[-55.60146872999997,-20.08212429839079],[-55.60205930899991,-20.08218125239078],[-55.60212845299992,-20.082186656390824],[-55.6027539079999,-20.082121819390792],[-55.604561962999924,-20.081767680390772],[-55.60549540299996,-20.081561310390843],[-55.60587785499991,-20.081427016390766],[-55.60890193199992,-20.080273175390715],[-55.60966384799991,-20.080080294390864],[-55.610461098999906,-20.08004155039081],[-55.61291748899998,-20.08040006539082],[-55.61403055799991,-20.080283572390876],[-55.61477384899995,-20.080011664390767],[-55.61709702999997,-20.078759513390835],[-55.619940872999905,-20.077634269390945],[-55.620094987000016,-20.077589964390924],[-55.62029159699989,-20.077533441390862],[-55.620597815999986,-20.07744540839092],[-55.63080188599998,-20.075988733390975],[-55.63537037099997,-20.075850308390986],[-55.63553584799991,-20.075829694390997],[-55.63608530299996,-20.075690993390964],[-55.63968626699994,-20.074426888390928],[-55.64048075799985,-20.07401591939102],[-55.64205845999993,-20.07313893139097],[-55.64281864299994,-20.072440914391056],[-55.644827699999894,-20.069358921391114],[-55.64495467699993,-20.069155839391122],[-55.6462919569999,-20.066209350391194],[-55.64733823999996,-20.062638330391298],[-55.64734537099991,-20.06262414839122],[-55.64735644399997,-20.062585261391206],[-55.648525095999844,-20.060145066391243],[-55.648682659999906,-20.059607429391335],[-55.64883519499983,-20.056333845391475],[-55.64862554599989,-20.055440332391445],[-55.6481783129999,-20.054628538391448],[-55.6476456769999,-20.054054636391445],[-55.64710231699991,-20.053678167391542],[-55.646994219999904,-20.05360327239148],[-55.64609942299995,-20.053253043391557],[-55.645301020999966,-20.053136924391463],[-55.64439799299987,-20.053204261391528],[-55.64193147699989,-20.053749752391422],[-55.641273552999905,-20.05400108439155],[-55.640296271999944,-20.054545080391502],[-55.639316814999916,-20.054861882391478],[-55.63829663599989,-20.05490226239145],[-55.63769645699995,-20.054802258391465],[-55.63663079199989,-20.054358429391414],[-55.636097444999905,-20.05396065939154],[-55.6356430649999,-20.053471040391546],[-55.63529461399991,-20.052914798391544],[-55.63503844999996,-20.052249684391537],[-55.63484848999996,-20.050903057391604],[-55.63483571399996,-20.050812492391554],[-55.63468968799998,-20.044417172391746],[-55.63464877299992,-20.04416185439179],[-55.63425184399989,-20.042218291391777],[-55.63394170099997,-20.04155324839182],[-55.633823492999966,-20.041389002391824],[-55.6334501529999,-20.040907835391803],[-55.633000356999894,-20.040518339391852],[-55.63275533499996,-20.040360816391864],[-55.632551866999904,-20.040235622391737],[-55.631766951999914,-20.039890746391883],[-55.62951689099998,-20.03893425839192],[-55.62858929199996,-20.038776501391904],[-55.626132677999976,-20.03872599939183],[-55.62420771399991,-20.038686427391834],[-55.62404284599995,-20.038683038391927],[-55.62292246299995,-20.03834031439192],[-55.6212303609999,-20.03782270239182],[-55.62074158999991,-20.03761492239196],[-55.62015229699989,-20.037247172391897],[-55.620132542999954,-20.03723484439192],[-55.61997148699993,-20.037087532391897],[-55.61961797099991,-20.03676418639191],[-55.61961208199988,-20.0367588003919],[-55.61722466100002,-20.033714926392012],[-55.617160052999964,-20.033610053391964],[-55.616366089999985,-20.032321304392035],[-55.615786956999955,-20.03138126739209],[-55.615774786999964,-20.031350118392105],[-55.61553206499997,-20.030728936392027],[-55.61549090799997,-20.03062360739202],[-55.61540687899992,-20.030158331392098],[-55.61543324699989,-20.029245421392154],[-55.615672643000046,-20.02844371539211],[-55.61591545099993,-20.028085254392106],[-55.61712622099998,-20.026297780392245],[-55.61712626399997,-20.026297679392222],[-55.61759637499989,-20.025195580392218],[-55.61810579299993,-20.02397313839228],[-55.6182062389999,-20.023434661392223],[-55.618254997000015,-20.02303934339226],[-55.61814756399991,-20.022112366392342],[-55.618136604999904,-20.022050051392252],[-55.61777110599996,-20.021216101392373],[-55.61609420099995,-20.018560695392406],[-55.615368755999896,-20.017886030392347],[-55.61377207799996,-20.016894386392472],[-55.61285078799989,-20.01653749339247],[-55.607229101999906,-20.015364361392493],[-55.6065538069999,-20.01536261139246],[-55.59848326399998,-20.01536485939246],[-55.59769879699991,-20.01554629139243],[-55.59113562699997,-20.01803237739239],[-55.587007203999974,-20.01946817539241],[-55.584128728999936,-20.020686450392354],[-55.58337917899991,-20.020857763392307],[-55.5826171729999,-20.020881477392315],[-55.5812515749999,-20.020651634392326],[-55.580555085999954,-20.020365678392356],[-55.5798808859999,-20.019907461392297],[-55.57776118599986,-20.018021348392445],[-55.574619700999904,-20.016443280392473],[-55.57167363699995,-20.014556203392527],[-55.57153551699997,-20.01441215739253],[-55.5715270739999,-20.014403353392527],[-55.57107219299991,-20.013928957392526],[-55.570999231999906,-20.013808748392538],[-55.57074205599997,-20.01338503239255],[-55.57068484999984,-20.01329078439256],[-55.57067018699996,-20.013247275392533],[-55.5702088989999,-20.011878603392567],[-55.57009313299983,-20.01153511939259],[-55.570079130999886,-20.01144792539254],[-55.57002577599985,-20.011115653392622],[-55.569964101999915,-20.010731583392463],[-55.569968128000035,-20.01063200739256],[-55.56997466499996,-20.01047033439253],[-55.5699878719999,-20.010143691392592],[-55.57001677099998,-20.010015541392626],[-55.57004062199991,-20.00990977239262],[-55.57011798099995,-20.009566717392662],[-55.570179787999905,-20.00941888839258],[-55.57019993399996,-20.009370699392598],[-55.5703484479999,-20.009015483392616],[-55.57114763699997,-20.00765010239268],[-55.57139165299998,-20.006810949392673],[-55.57206244500003,-20.00228978539282],[-55.57197690699991,-20.001404951392747],[-55.57164574499995,-20.000544936392817],[-55.57119709199998,-19.999910244392833],[-55.5698322529999,-19.998450463392878],[-55.56927247799996,-19.99799510839279],[-55.568712606999895,-19.997689556392924],[-55.56794240599993,-19.997443036392973],[-55.56535331999998,-19.99690434739287],[-55.56044523699996,-19.995974316392957],[-55.55986934499998,-19.99587205239294],[-55.55982729399989,-19.99585722239294],[-55.5587887609999,-19.99549095639294],[-55.55869764599993,-19.99545882239295],[-55.55863284599991,-19.995418132392977],[-55.55831112799996,-19.99521611439293],[-55.557684423999945,-19.994639093393037],[-55.55693982199989,-19.993534697393038],[-55.556678184999896,-19.99283145439297],[-55.55667620199995,-19.992826123393066],[-55.55667583499991,-19.992822373393004],[-55.556612628999915,-19.992177312392972],[-55.5565847609999,-19.991892911393034],[-55.55689296199983,-19.990054736393148],[-55.55687532999997,-19.989291569393178],[-55.5558330049999,-19.985718980393166],[-55.55542023499993,-19.985017219393225],[-55.55287929899998,-19.981887590393345],[-55.551273966999986,-19.979493656393302],[-55.550999482999885,-19.978810873393368],[-55.550380608999944,-19.975898772393396],[-55.54935603599989,-19.973902149393542],[-55.548766723999904,-19.97317606839351],[-55.54817380399999,-19.97272070839342],[-55.54626724499997,-19.97161474739362],[-55.54384180999989,-19.970993073393632],[-55.54334144299992,-19.970864822393484],[-55.53911851499998,-19.969254311393673],[-55.53853304199988,-19.96888973339361],[-55.53532564699998,-19.9664519793937],[-55.53479482699993,-19.966181475393693],[-55.534170353999855,-19.965984639393653],[-55.533496499999956,-19.965886403393732],[-55.53070040499989,-19.96578470039375],[-55.52975590999989,-19.965843716393653],[-55.52889265899989,-19.966072584393732],[-55.52555248899995,-19.96745490439369],[-55.524863284999924,-19.967719198393606],[-55.52389322799996,-19.96790163839361],[-55.52378412899997,-19.967904452393583],[-55.52306799499996,-19.967845213393645],[-55.52280648399982,-19.96780300439368],[-55.522656757999975,-19.967778837393574],[-55.52204179199998,-19.967539847393677],[-55.52196481199991,-19.967509931393618],[-55.521891497999945,-19.967481439393655],[-55.52121504299987,-19.96703098739373],[-55.520638375999845,-19.966429399393697],[-55.52048835099998,-19.966152890393754],[-55.520283322999894,-19.965775010393727],[-55.52016412399996,-19.96555531839377],[-55.52002157199996,-19.965029373393794],[-55.52001330499991,-19.964816893393724],[-55.519988783999906,-19.96418654039372],[-55.519982640999956,-19.96402862539379],[-55.52018366599998,-19.962522572393816],[-55.5202193529999,-19.962255195393823],[-55.52023343299993,-19.962149717393793],[-55.521236827999985,-19.95859667539392],[-55.52143475999992,-19.957509560393888],[-55.521691098999895,-19.95606675639401],[-55.521713554999906,-19.950640719394134],[-55.521713672999915,-19.949986257394094],[-55.521506709999926,-19.94910359139418],[-55.520964122999885,-19.948168434394194],[-55.5204058789999,-19.947617026394223],[-55.519099468999975,-19.946683955394224],[-55.51817881799991,-19.946306352394174],[-55.51761892999997,-19.946214129394214],[-55.517380061999916,-19.946184393394223],[-55.514012607999916,-19.946326338394154],[-55.513913174999914,-19.946330529394228],[-55.51390155099995,-19.946332437394233],[-55.51225754399991,-19.94660225939423],[-55.51174234299992,-19.946686816394216],[-55.511026366999886,-19.94687481139423],[-55.510376884999914,-19.947163231394175],[-55.50821630099995,-19.948440563394065],[-55.50752709199992,-19.949016074394134],[-55.506916012999916,-19.949890698394107],[-55.50519183799997,-19.953965789394015],[-55.50513751199992,-19.954200750393994],[-55.5041077379999,-19.958654494393876],[-55.5040746709999,-19.958797506393893],[-55.503920954999906,-19.960354444393815],[-55.50343974099996,-19.965228479393758],[-55.50334691199993,-19.966168723393714],[-55.5030344949999,-19.96717711439372],[-55.50302626899992,-19.967192674393672],[-55.50251248799998,-19.967955212393598],[-55.501929280999946,-19.96848308739363],[-55.501239054999935,-19.968879100393618],[-55.500474529999906,-19.969124476393688],[-55.49967195599988,-19.9692075813936],[-55.49886938099996,-19.969124476393688],[-55.49818176999992,-19.968903785393664],[-55.49803497999989,-19.968839009393612],[-55.49770321799997,-19.968692607393674],[-55.49751071999992,-19.9685382183937],[-55.49707383099991,-19.968187821393673],[-55.49695280599997,-19.968090755393714],[-55.49661014199995,-19.967679413393714],[-55.49659665399997,-19.96765881339369],[-55.49609094099998,-19.96688653539365],[-55.4927639199999,-19.96180581639386],[-55.490666099999885,-19.95928397139393],[-55.48956618799991,-19.957968759393843],[-55.48954324199991,-19.957934152393925],[-55.488790759999915,-19.956799285393995],[-55.48755729899989,-19.954939025394037],[-55.486404534999906,-19.953449167394005],[-55.48611734199994,-19.95282736939408],[-55.485959808999894,-19.952188455394],[-55.48592929899991,-19.951566341394074],[-55.486015024999915,-19.950963447394077],[-55.48627430799996,-19.950234714394146],[-55.487136741999905,-19.948736173394188],[-55.487437797999974,-19.947931763394152],[-55.48799965299992,-19.94449170439428],[-55.48804724099994,-19.943591366394237],[-55.4881146859999,-19.941755146394318],[-55.488009129999966,-19.940843197394393],[-55.48796914099995,-19.940717528394412],[-55.48706101199996,-19.937906602394428],[-55.486963282999966,-19.937689673394388],[-55.48677124799997,-19.937299325394463],[-55.4841064279999,-19.93370908139455],[-55.48358899599998,-19.933022764394533],[-55.48114805499995,-19.929110977394632],[-55.480489899999895,-19.92848385539463],[-55.47899450999989,-19.927580197394683],[-55.478559416999985,-19.927246237394655],[-55.47589644899989,-19.924337781394794],[-55.47538957199998,-19.92397075539481],[-55.47509870799991,-19.923827560394788],[-55.474869632999855,-19.92372072439474],[-55.470781846999955,-19.922575527394855],[-55.47028687899991,-19.922391075394824],[-55.466027113999985,-19.9208171523949],[-55.4659478659999,-19.920774125394896],[-55.46527747199997,-19.920410143394893],[-55.465144148999855,-19.9203377573949],[-55.46510047199996,-19.920302043394916],[-55.46395021799993,-19.919361500394928],[-55.462886972999975,-19.918492104394907],[-55.46227691499996,-19.917823673394917],[-55.461923826999964,-19.917195642394862],[-55.46129040899995,-19.915252572394976],[-55.46116922099992,-19.914388633395006],[-55.46085699099996,-19.91216279539511],[-55.46079916599996,-19.91175056539512],[-55.46093743299998,-19.908075625395156],[-55.460883450999916,-19.907342074395242],[-55.45892403799991,-19.901391011395344],[-55.45878262499991,-19.900571553395384],[-55.45883852999992,-19.8997298733954],[-55.45963700699991,-19.895763163395518],[-55.46083280799991,-19.891669414395626],[-55.4609369339999,-19.891032598395647],[-55.460939304999954,-19.890937080395624],[-55.46101877999985,-19.88688266339571],[-55.460976812999945,-19.88664005239574],[-55.460222698999985,-19.88260182139586],[-55.460207125999936,-19.88179185939582],[-55.46032167099998,-19.881191730395816],[-55.460797364999905,-19.879723849395912],[-55.461175881999964,-19.87894170839587],[-55.461752525999884,-19.878262225395897],[-55.46329623499991,-19.87712486439596],[-55.463823826999935,-19.87671794439598],[-55.46440508999991,-19.876117822395898],[-55.46463650599986,-19.87572449539604],[-55.46588726899989,-19.873557971396075],[-55.46594360899991,-19.873430717396026],[-55.46614202899991,-19.872779586396113],[-55.46619478399998,-19.872017861396046],[-55.46584747999999,-19.870158653396178],[-55.46560044799986,-19.869594587396147],[-55.46525336499991,-19.869079177396173],[-55.464695399999925,-19.868527762396226],[-55.463305091999935,-19.867541688396166],[-55.462769443999946,-19.867281706396238],[-55.46151017399989,-19.86687556539621],[-55.46132545899991,-19.866779687396185],[-55.46131452599997,-19.866774012396174],[-55.46088934199997,-19.86655331839624],[-55.46041994999996,-19.866194893396248],[-55.45999233099992,-19.865733557396254],[-55.45965587999996,-19.865208965396228],[-55.459430167999926,-19.864664196396202],[-55.459304564999854,-19.86409125439631],[-55.459283358999976,-19.863477974396275],[-55.4593750329999,-19.86287053439635],[-55.45955484099994,-19.86234602639628],[-55.459941988999894,-19.861678402396286],[-55.46087131099989,-19.86063906039642],[-55.461289854999904,-19.85998644739644],[-55.4626963949999,-19.8562450163965],[-55.46284775099991,-19.855620498396508],[-55.462854404999916,-19.855589583396547],[-55.46309194199995,-19.853550463396537],[-55.46324985299998,-19.852124785396477],[-55.46326417899991,-19.852071927396544],[-55.46345648899984,-19.851362354396564],[-55.46348978599991,-19.85123949839661],[-55.46367776099993,-19.850886565396625],[-55.46377507299991,-19.850703856396624],[-55.463920566999946,-19.850527716396613],[-55.46493768399989,-19.849296363396565],[-55.4649912079999,-19.849210500396644],[-55.465263103999916,-19.84877432539671],[-55.46541355299996,-19.84833535439672],[-55.46552522099995,-19.847549215396725],[-55.46545174799996,-19.846701563396692],[-55.46521430599989,-19.846009303396713],[-55.464752576999956,-19.84528879639681],[-55.464126460999914,-19.844696367396818],[-55.46344582899991,-19.84429984039681],[-55.462620839999886,-19.844041962396812],[-55.461796337999886,-19.84395867439683],[-55.46051465299996,-19.84405741039681],[-55.459462097999904,-19.844246384396826],[-55.45765917799997,-19.844536803396778],[-55.45751192999995,-19.844560522396794],[-55.456980409999915,-19.84455366439684],[-55.45645487699994,-19.844468772396826],[-55.45615206499996,-19.84436888439674],[-55.456051662999926,-19.844335765396824],[-55.455809346999956,-19.844255833396836],[-55.45521144599985,-19.843933290396805],[-55.45468664999993,-19.843511962396853],[-55.45428661499989,-19.84304813839685],[-55.45391279499995,-19.84238634239679],[-55.45370590099998,-19.84172138139688],[-55.45364255699997,-19.840990910396844],[-55.45380556699996,-19.839709831396846],[-55.4538067229999,-19.83908629439695],[-55.45349966499998,-19.83769105139699],[-55.45348977599997,-19.837665227396908],[-55.45327594799994,-19.837106777397004],[-55.45285743999995,-19.83645417939704],[-55.45229958799996,-19.835902762397048],[-55.45177055799991,-19.83555224339701],[-55.45044615599994,-19.83488930539707],[-55.44976174399994,-19.834278179397074],[-55.4492598949999,-19.833520230397106],[-55.44898168299989,-19.832685181397128],[-55.44893344999991,-19.831787113397077],[-55.449126708999984,-19.830911586397146],[-55.449301366999975,-19.83051564439715],[-55.44984304499991,-19.8297484943971],[-55.450739878000036,-19.828822081397124],[-55.451062760999946,-19.82829282439721],[-55.451283620999845,-19.82771855039726],[-55.45139574799998,-19.827116706397195],[-55.451395733999966,-19.826505581397285],[-55.45128358199992,-19.82590374239724],[-55.451062699999966,-19.825329475397265],[-55.4506442209999,-19.824676875397195],[-55.450207935999906,-19.824226313397297],[-55.4497397099999,-19.82388129639728],[-55.44952660499996,-19.823753781397308],[-55.44794302999992,-19.822806222397272],[-55.44762791699997,-19.82261766839731],[-55.447472390999906,-19.82252460739734],[-55.44701526699998,-19.822084851397353],[-55.44666492199997,-19.821608568397416],[-55.446382022999906,-19.821030287397363],[-55.446215640999924,-19.820422746397306],[-55.44616718299989,-19.819800876397455],[-55.44630042299991,-19.81845434339738],[-55.44621259399991,-19.8176955193975],[-55.445881813999904,-19.816835485397498],[-55.44532710799996,-19.816085778397394],[-55.444545836999964,-19.815492366397525],[-55.444297219999896,-19.815348309397415],[-55.44356379199996,-19.815008900397498],[-55.4424832809999,-19.814538948397498],[-55.44198607699991,-19.81438138439755],[-55.441937189999926,-19.814371263397494],[-55.44096859899992,-19.814202670397602],[-55.440779741999904,-19.814131627397504],[-55.44029719599996,-19.81395010639755],[-55.44002317499985,-19.81384702639759],[-55.4399623899999,-19.813802347397605],[-55.43976909999998,-19.813717042397577],[-55.43925681299993,-19.813345005397604],[-55.43882057399992,-19.812894428397634],[-55.43847363499998,-19.812379003397652],[-55.43822653999996,-19.81181439139766],[-55.43808679299997,-19.81121774739763],[-55.43805863999995,-19.810607201397637],[-55.4381429369999,-19.810001304397687],[-55.43840221599993,-19.809278458397674],[-55.43902837999997,-19.808391562397706],[-55.440241309999976,-19.807417820397628],[-55.4406860659999,-19.806927117397798],[-55.44102754999989,-19.80636729639778],[-55.441254115999925,-19.80575748539778],[-55.44135799799989,-19.805118591397783],[-55.441335636999895,-19.804472523397816],[-55.44118779999991,-19.803841429397746],[-55.44091555899996,-19.803238097397855],[-55.44056952999995,-19.802742132397842],[-55.44010877399989,-19.80228410039782],[-55.43957295099989,-19.80191437739787],[-55.43900528899991,-19.80165486739791],[-55.438924121999946,-19.801620587397874],[-55.43868387299989,-19.80156987339788],[-55.43698103199994,-19.80121899639782],[-55.4327740079999,-19.801052607397914],[-55.431948959999886,-19.800930580397836],[-55.43107401999987,-19.800596459397916],[-55.43027713999993,-19.80002465839796],[-55.429751455999956,-19.799398479397873],[-55.429719028999955,-19.799334134397988],[-55.429568869999855,-19.79903616939792],[-55.42940906799993,-19.798719065397894],[-55.42936595099985,-19.79854225039793],[-55.42922296699993,-19.797955874397996],[-55.429208831999915,-19.797897909397996],[-55.42881282399992,-19.794230062398004],[-55.428660556999944,-19.79353215039811],[-55.42707988799998,-19.79005457039817],[-55.426603004999954,-19.78943896539811],[-55.42599666599989,-19.788935652398216],[-55.423015121999924,-19.787311921398214],[-55.42227247699992,-19.786760214398225],[-55.421720449999896,-19.786094722398246],[-55.42133329899992,-19.78524775339826],[-55.42119600099994,-19.784410645398307],[-55.421209911000005,-19.78397219039836],[-55.42141013399999,-19.783117366398344],[-55.42182827699986,-19.782336366398397],[-55.422167852999905,-19.78198738839832],[-55.42241199699992,-19.78173648439835],[-55.422570090999955,-19.78157401339834],[-55.42354416399997,-19.780900386398393],[-55.42372713599986,-19.780808928398287],[-55.426307029999975,-19.77951938439846],[-55.427039577999835,-19.779153224398467],[-55.429893534999906,-19.777580799398503],[-55.43040916599995,-19.777233723398485],[-55.432263651999904,-19.775870847398554],[-55.43276838199989,-19.775275503398536],[-55.43306646499997,-19.774733418398544],[-55.43370009499989,-19.7727463653986],[-55.43375634699993,-19.77213755939867],[-55.43370006699991,-19.77152875739858],[-55.4334134359999,-19.770664256398693],[-55.43231005899991,-19.76880758539875],[-55.4320146959999,-19.768088514398613],[-55.431401621999896,-19.76403005339883],[-55.43137134999994,-19.763914889398876],[-55.43098270299993,-19.762691645398885],[-55.430937436999955,-19.76258729039887],[-55.430740423999964,-19.762294148398848],[-55.4302814849999,-19.7617016033989],[-55.430089660999954,-19.76153948139889],[-55.42934631799989,-19.761023491398916],[-55.42928155199997,-19.76099266639896],[-55.428544012999964,-19.760724366398957],[-55.42661403999989,-19.76033982339897],[-55.42623233599994,-19.76030642839885],[-55.42608259499997,-19.76029332739893],[-55.42318843499993,-19.76041251839893],[-55.42313507299997,-19.76042169239895],[-55.41975008999992,-19.761003667398864],[-55.419723674999894,-19.76100580239885],[-55.419129975999965,-19.761053794398926],[-55.415880568000034,-19.761276255398936],[-55.415680917999964,-19.76125544939893],[-55.41492507899989,-19.76113707939888],[-55.414095844999906,-19.760785587398956],[-55.41332430999995,-19.76020585639895],[-55.41267058699992,-19.75932330639896],[-55.41237649699997,-19.758516356399003],[-55.412190568999904,-19.75752043639905],[-55.412168734999916,-19.757459856399027],[-55.411866844999956,-19.756622260398938],[-55.41121666299989,-19.755495297399086],[-55.41062857499992,-19.754511710399047],[-55.40835206799994,-19.751647043399085],[-55.40675669799993,-19.748792781399235],[-55.405655164999985,-19.74765865239923],[-55.405261794999944,-19.747104505399296],[-55.40493726499995,-19.74631575239932],[-55.40484984699998,-19.74586080739927],[-55.40485869399993,-19.74498526339936],[-55.40493474599998,-19.744623295399318],[-55.405751503999966,-19.74238739239939],[-55.40583494799995,-19.741784861399385],[-55.40580678099991,-19.7411743133994],[-55.405665899999924,-19.740574163399447],[-55.4049070609999,-19.738346955399482],[-55.4046138089999,-19.7378120073995],[-55.40389507999993,-19.736824858399554],[-55.403600247999975,-19.736176014399508],[-55.40344849499985,-19.7354832253995],[-55.40347395299988,-19.734983448399547],[-55.40348644499989,-19.73473821739961],[-55.40350497099991,-19.73437454139955],[-55.40367571899992,-19.733929886399544],[-55.403685684999914,-19.733903934399603],[-55.40383628899997,-19.73351173539959],[-55.40413337399991,-19.733131275399575],[-55.404332442999994,-19.73287633839961],[-55.40454857999998,-19.73259954539966],[-55.40788230199996,-19.729472651399746],[-55.4083399459999,-19.728922563399692],[-55.40878934199998,-19.72796115739968],[-55.40909053899992,-19.726301552399793],[-55.40887527399996,-19.724306918399797],[-55.40880119499997,-19.724055269399855],[-55.40850622099998,-19.723232455399877],[-55.40815945599991,-19.72271703839986],[-55.40772344699996,-19.722266469399806],[-55.40642050199989,-19.721342513399946],[-55.4053556259999,-19.72089225339992],[-55.40426931699989,-19.72077959539994],[-55.403860367999926,-19.720841509399897],[-55.400264911999955,-19.721385851399894],[-55.39953798399995,-19.721594021399955],[-55.399493831999905,-19.721606665399932],[-55.3993721729999,-19.72164150439989],[-55.39923086399995,-19.721710277399897],[-55.396304202999886,-19.723134638399838],[-55.396086367999885,-19.72324065539989],[-55.39240315899997,-19.72569612839979],[-55.391806910999954,-19.72593000339977],[-55.39101625599989,-19.726078933399684],[-55.3873421909999,-19.72593340639983],[-55.3816526199999,-19.724226824399874],[-55.38145889299995,-19.724168716399845],[-55.37970588999991,-19.723940797399745],[-55.377964198999905,-19.723725674399887],[-55.37773299099996,-19.72369711739983],[-55.37678835099996,-19.723793222399895],[-55.37065050299997,-19.725384765399813],[-55.37000574299998,-19.725411423399777],[-55.36936588799989,-19.725331652399838],[-55.36875038499994,-19.72514787739986],[-55.36817793499994,-19.72486568239985],[-55.36766593299984,-19.724493641399818],[-55.36738469799992,-19.724203000399843],[-55.367201440999956,-19.723993875399863],[-55.36709504899994,-19.723872467399882],[-55.36680052399993,-19.72336407239991],[-55.366742012999964,-19.723200836399915],[-55.36664949199985,-19.722942719399875],[-55.366588979999904,-19.72277390139986],[-55.366531618999936,-19.72243918539988],[-55.36649826499996,-19.722244543399928],[-55.36645453899997,-19.72112643739994],[-55.36644029499996,-19.720762195399885],[-55.365738259999944,-19.717819319400007],[-55.36525223799998,-19.71689857440006],[-55.364855801999965,-19.716479664400065],[-55.36412111599992,-19.715703327399975],[-55.36356422699993,-19.714870946400044],[-55.36353538099985,-19.71482783040013],[-55.363247405999914,-19.71387766240012],[-55.36324741599992,-19.713414261400086],[-55.3632474179999,-19.713270403400088],[-55.36324742699992,-19.712926736400178],[-55.3633527369999,-19.71244599340011],[-55.36369683099997,-19.71166922240018],[-55.36395101399995,-19.711302516400217],[-55.36457792899995,-19.71068487540011],[-55.368264810999904,-19.708666404400283],[-55.37131811299997,-19.705642762400277],[-55.3734507289999,-19.704106342400397],[-55.37397606899998,-19.703620647400278],[-55.374560342999985,-19.70270871440043],[-55.37520684099991,-19.70082311040042],[-55.37529857299996,-19.699956567400413],[-55.3752538469999,-19.69950966640051],[-55.37516274799992,-19.699020401400517],[-55.374817128999894,-19.698220929400506],[-55.374584113999894,-19.697919003400557],[-55.374300191999964,-19.697574899400536],[-55.3717276079999,-19.695446218400495],[-55.371202737999916,-19.694893507400604],[-55.368582008999965,-19.690336445400717],[-55.36715882699997,-19.688554603400753],[-55.366368386999966,-19.68789804940078],[-55.36592325599998,-19.68767857640076],[-55.365680152999914,-19.68758124840079],[-55.36529186999997,-19.68742579740073],[-55.36463262399997,-19.68732270840079],[-55.36397267599989,-19.687329526400813],[-55.36337946599991,-19.687429564400784],[-55.36228686599993,-19.687759174400774],[-55.36171211099997,-19.688064593400796],[-55.3615278599999,-19.688162502400722],[-55.35883513099998,-19.6901155534007],[-55.358676085999946,-19.69023090840076],[-55.358665561999885,-19.69024069340067],[-55.35761369099998,-19.691218689400667],[-55.35591995399989,-19.692793470400613],[-55.35495713899991,-19.693346849400637],[-55.35327328999994,-19.693776538400556],[-55.35235118099997,-19.693848020400626],[-55.35140217599985,-19.693689876400626],[-55.34984663899991,-19.69312640440063],[-55.349304610999916,-19.692799338400683],[-55.34930074799996,-19.6927965574006],[-55.34893893099997,-19.692536078400636],[-55.34875756599996,-19.692299774400652],[-55.34839100799991,-19.691822176400688],[-55.348317729999906,-19.691726700400668],[-55.348252628999944,-19.6915703924007],[-55.34808462099989,-19.691166997400714],[-55.34798831599983,-19.69093576440071],[-55.346744928999904,-19.68624462640083],[-55.3464887539999,-19.685651819400807],[-55.34614207199991,-19.685136399400886],[-55.34393122399996,-19.683130733400933],[-55.3433219769999,-19.6828033104009],[-55.34200809999993,-19.68229418840092],[-55.34171405199993,-19.682180246400893],[-55.3414734509999,-19.682087014400906],[-55.341274340999966,-19.68196165340095],[-55.34119394699997,-19.681911037400937],[-55.3406704969999,-19.681581470400847],[-55.340178160999926,-19.68108525440093],[-55.33975692099989,-19.680416212400914],[-55.338178926999895,-19.67633499040111],[-55.33807145499998,-19.675509452401116],[-55.33813751899992,-19.674794350401104],[-55.33837912599995,-19.674038051401087],[-55.33931945899997,-19.672228572401167],[-55.34170139399993,-19.669170519401273],[-55.3420972589999,-19.668490099401204],[-55.34314497999991,-19.664783372401406],[-55.34424432599991,-19.661948435401367],[-55.344356335999976,-19.661346580401492],[-55.34433873899991,-19.6605833864015],[-55.34341176199995,-19.657510119401532],[-55.34134621099998,-19.653921839401654],[-55.341170941999906,-19.653351801401637],[-55.34085765099985,-19.651614604401658],[-55.340487930999984,-19.6507690304017],[-55.339899807999934,-19.65004292040176],[-55.33913336299997,-19.64948575940171],[-55.33854872899997,-19.649227486401728],[-55.33708589199989,-19.648805554401736],[-55.3368692819999,-19.64870780640166],[-55.33663440799989,-19.648601816401758],[-55.33651041099994,-19.648545861401768],[-55.33642042599996,-19.648484768401772],[-55.3359924039999,-19.64819417740171],[-55.33593925699995,-19.648158095401822],[-55.33590667699991,-19.648126025401677],[-55.33555151999991,-19.647776437401795],[-55.33549044199992,-19.64771631740179],[-55.33544486499989,-19.647650534401777],[-55.33511426299998,-19.647173347401843],[-55.33509678099988,-19.64714811640179],[-55.335064640999974,-19.647074597401826],[-55.334823107999966,-19.64652210940187],[-55.33467690599997,-19.64589271340185],[-55.33465433699996,-19.6452391254019],[-55.33475280199991,-19.644621922401807],[-55.334970230999886,-19.644018937401874],[-55.335512450999886,-19.643074686401835],[-55.33615497400001,-19.642366189401958],[-55.33627275599992,-19.64223631440193],[-55.336537187999966,-19.642086084401956],[-55.33654395899998,-19.642081123401955],[-55.341429434999895,-19.639227968401958],[-55.3418760859999,-19.638956765402007],[-55.342358796999974,-19.63858901840197],[-55.342634812999904,-19.638361823402],[-55.34270871999996,-19.638268426402004],[-55.34317707899993,-19.637634657402074],[-55.343458556999906,-19.636994471402048],[-55.343579466999984,-19.636496793402124],[-55.343615862999975,-19.635982961402053],[-55.34371388299991,-19.634424778402114],[-55.343277384999965,-19.631550124402196],[-55.34307834999993,-19.630356061402278],[-55.34281007099992,-19.62963627140229],[-55.34136466999996,-19.627158378402303],[-55.34130462899998,-19.62708210840228],[-55.34059079699989,-19.626375575402218],[-55.340546287999935,-19.626338890402273],[-55.33974076599997,-19.625898231402342],[-55.339723090000014,-19.625889520402346],[-55.33882341099991,-19.625657360402393],[-55.33788883799997,-19.625619665402393],[-55.33672977499998,-19.625572915402273],[-55.33668952299996,-19.625571291402377],[-55.33634655599991,-19.625503391402354],[-55.33594447599995,-19.625423787402347],[-55.33518830699989,-19.62510851240231],[-55.33447634199996,-19.62464043040239],[-55.3337629639999,-19.62417142040243],[-55.33358453799991,-19.624078079402405],[-55.33308982799991,-19.623883916402352],[-55.33307506399996,-19.623878911402368],[-55.332356622999896,-19.62373698840236],[-55.3310096539999,-19.623684110402355],[-55.330367139999964,-19.623737373402385],[-55.3297441489999,-19.623895545402434],[-55.32793575199997,-19.624600785402418],[-55.32708458399998,-19.624758930402418],[-55.32626444799996,-19.624735609402347],[-55.3254405429999,-19.624533252402436],[-55.32484370299995,-19.62425243540235],[-55.3242669949999,-19.6238331124024],[-55.323791064999966,-19.623318865402403],[-55.32339710399998,-19.622672262402407],[-55.32315159899997,-19.621917725402454],[-55.32309885599989,-19.62110645240246],[-55.32373648699996,-19.617328340402597],[-55.324019140999894,-19.616532325402563],[-55.32431478099994,-19.616040076402648],[-55.325305782999976,-19.61473731540259],[-55.32592092599998,-19.614128399402684],[-55.32678520499991,-19.61362303440255],[-55.32842778599991,-19.613160404402713],[-55.32845463099989,-19.613152132402657],[-55.32894820299998,-19.612958546402638],[-55.329257448999904,-19.612792533402686],[-55.32958991599998,-19.612591819402677],[-55.32975719999996,-19.612446557402695],[-55.33020600499998,-19.61199720540273],[-55.33048897599992,-19.611631481402735],[-55.33088019499996,-19.610797675402686],[-55.33095157599991,-19.610457568402634],[-55.33102201099996,-19.610059997402697],[-55.331005880999896,-19.609360240402722],[-55.33099993499991,-19.60932475340272],[-55.330551296999936,-19.60715629540287],[-55.33022942099995,-19.60646526640289],[-55.32991809299995,-19.60604393240289],[-55.329673950999904,-19.605788811402878],[-55.32940349699999,-19.605532521402857],[-55.32887522599998,-19.605181991402823],[-55.32622643499992,-19.604202159402845],[-55.32606796199997,-19.604143537402866],[-55.32593935399995,-19.604095963402866],[-55.325381909999976,-19.60373878940289],[-55.324895993999974,-19.603293116402952],[-55.32456319199997,-19.602874220402978],[-55.32217167099992,-19.59916897940298],[-55.322099909999906,-19.599068789402974],[-55.32113072399994,-19.59771564840303],[-55.32110465199992,-19.59767924540306],[-55.32079786999993,-19.597000326403023],[-55.32065842199995,-19.596318135403084],[-55.320667225999955,-19.596083033403126],[-55.32067808599987,-19.595793030403097],[-55.32069089099997,-19.595451073403115],[-55.321112396999915,-19.59357579640321],[-55.321038759999965,-19.59251138240308],[-55.320630808999965,-19.591517217403275],[-55.31920782599991,-19.58937248640324],[-55.31856165799991,-19.58876062840334],[-55.31666923899991,-19.587510631403312],[-55.313485473999826,-19.58641205740331],[-55.31329363299995,-19.586313693403383],[-55.31250324999991,-19.5859084324033],[-55.312401440999906,-19.58585623140335],[-55.311979991999976,-19.585473499403417],[-55.311729869999965,-19.585246355403363],[-55.31165241899993,-19.585176019403416],[-55.311141401999855,-19.584341863403424],[-55.31094758199999,-19.58373623940344],[-55.31086952599992,-19.5831081314034],[-55.3109113669999,-19.582476929403448],[-55.31106284599991,-19.58189025340351],[-55.311368280999886,-19.581232364403494],[-55.31140603299991,-19.581170826403493],[-55.31359737599996,-19.57759880140359],[-55.3137919489999,-19.57728163440351],[-55.31380957199991,-19.57725794440358],[-55.313862308999944,-19.57717323140361],[-55.315136160999884,-19.575441141403576],[-55.31533846099996,-19.57503126140369],[-55.315535298999976,-19.574553299403608],[-55.31555158699996,-19.574483650403703],[-55.315648524999915,-19.573721462403725],[-55.31564914299997,-19.573694607403734],[-55.31557191399997,-19.572951548403637],[-55.3153228509999,-19.57223039040373],[-55.31487868999989,-19.571519253403633],[-55.31416738799992,-19.57085716040375],[-55.313271985999904,-19.570398664403747],[-55.312674140999945,-19.57025161240377],[-55.31218152499986,-19.570161302403733],[-55.30835275299995,-19.569685077403808],[-55.307900316999905,-19.569628803403784],[-55.30687051599989,-19.5696861864038],[-55.302763806999906,-19.57062891640379],[-55.3023828179999,-19.570702556403766],[-55.29761821800002,-19.571623486403748],[-55.296443708999966,-19.571511458403705],[-55.29574773999991,-19.571269308403753],[-55.295117105999964,-19.570899849403748],[-55.29455885799997,-19.570401519403738],[-55.29419384799996,-19.56992420640377],[-55.29392456299997,-19.569403009403818],[-55.29383903399991,-19.569124844403845],[-55.29383402099995,-19.569108545403804],[-55.29374186399997,-19.56880882340379],[-55.293608991999974,-19.567824853403877],[-55.29354646299992,-19.567468150403855],[-55.29323834699995,-19.566665779403806],[-55.29270412799997,-19.565936510403905],[-55.291132319999974,-19.564577024403878],[-55.290566824999985,-19.563895405403894],[-55.290303045999906,-19.563421441403936],[-55.290247628999964,-19.56332186540397],[-55.290092017000006,-19.56304225640397],[-55.29004198599989,-19.562851235403933],[-55.28999931899989,-19.56268832840399],[-55.28987180499991,-19.56220147040402],[-55.28984595199984,-19.561811135404007],[-55.28988139899991,-19.561508198404006],[-55.289924930999966,-19.56113615140403],[-55.28994119499998,-19.560997151403985],[-55.289979857999974,-19.56090132040403],[-55.29031472499998,-19.560071297404058],[-55.290315575999955,-19.560069184404067],[-55.29068141399994,-19.559444311403976],[-55.2916847109999,-19.55773061940406],[-55.291687793999984,-19.557725355404084],[-55.29343869299993,-19.554936487404134],[-55.293711139999914,-19.554382597404146],[-55.29387798599993,-19.55379227440418],[-55.294192412999905,-19.55158248540428],[-55.29410537299992,-19.55069182140431],[-55.29338106699993,-19.548157926404325],[-55.293284395,-19.54758194040438],[-55.293290493999905,-19.546874700404416],[-55.293566288999905,-19.545158203404384],[-55.293589328999936,-19.544984845404343],[-55.29352153499992,-19.544066681404434],[-55.29333384500001,-19.543502385404462],[-55.293048699999986,-19.542972579404505],[-55.292674989999966,-19.542497603404488],[-55.291632035999896,-19.541496114404424],[-55.2910908629999,-19.540560895404532],[-55.29087137799996,-19.53951468240455],[-55.29091272699993,-19.53791870540464],[-55.29068457799997,-19.537065960404625],[-55.29038652599997,-19.53650461040463],[-55.29003631899997,-19.53605180640469],[-55.289586690999954,-19.53563700740464],[-55.28907936999991,-19.53530606240462],[-55.288665262999935,-19.53512594540467],[-55.28850593399988,-19.535061669404683],[-55.28507863399989,-19.53405453140467],[-55.28266175599998,-19.53319425840475],[-55.280361426999896,-19.532085776404717],[-55.27728077299997,-19.530601270404755],[-55.2766970589999,-19.530171786404836],[-55.27623923699997,-19.529674082404796],[-55.27588933799996,-19.52910306340474],[-55.2756537379999,-19.528456581404836],[-55.27555500799991,-19.52776012640478],[-55.27560929299989,-19.5270356694048],[-55.275819644999956,-19.526337317404845],[-55.276173132999986,-19.525697790404873],[-55.2765533569999,-19.525243572404886],[-55.27703237099996,-19.524843091404957],[-55.278889899999974,-19.523800592405],[-55.28074661399995,-19.522758551404966],[-55.28132538299997,-19.52223270540496],[-55.28177267499996,-19.52159796440498],[-55.28210281099996,-19.52073788940507],[-55.28218692299993,-19.519826106405038],[-55.282019280999975,-19.518924748405095],[-55.28161131499991,-19.518095244405043],[-55.28110736899987,-19.517499897405106],[-55.280479472000025,-19.51702208240511],[-55.27990775299992,-19.51673989140512],[-55.27879532099997,-19.516380809405085],[-55.27814660599995,-19.516258689405188],[-55.27026563100003,-19.515414407405093],[-55.26961352299992,-19.51523581740513],[-55.26725045899997,-19.514588653405163],[-55.267188023999886,-19.514571554405173],[-55.265575768999895,-19.51388273540525],[-55.26507567099998,-19.513669073405225],[-55.26505529499991,-19.51366036840521],[-55.2647266489999,-19.51346576340523],[-55.26444813299992,-19.513300842405258],[-55.26433731799989,-19.51320080040521],[-55.26375213399991,-19.512672498405212],[-55.26335899999998,-19.51210326040519],[-55.26120122099997,-19.506594506405403],[-55.2608592059999,-19.506003567405344],[-55.25877631599997,-19.50362625340552],[-55.25470546999992,-19.499835545405514],[-55.25458967699996,-19.499682295405524],[-55.25451441799993,-19.499582689405536],[-55.252215141999955,-19.496539611405666],[-55.252093766999906,-19.49635970240566],[-55.25135539499996,-19.495265242405647],[-55.24928980599992,-19.49220350140571],[-55.2489248469999,-19.491761072405808],[-55.24719101799997,-19.489686338405786],[-55.246697346999895,-19.489293505405875],[-55.246218171999885,-19.48902392440588],[-55.243152523999974,-19.4878149614059],[-55.24239996699998,-19.487669275405914],[-55.2391926759999,-19.487450065405902],[-55.2382493909999,-19.4871684344059],[-55.23601792299997,-19.485788105405906],[-55.23551373699996,-19.48526912140598],[-55.235131603999896,-19.484682745406],[-55.23491925299998,-19.48417308640591],[-55.23478115899991,-19.4835682384059],[-55.234647599999896,-19.48199771640605],[-55.234632926999836,-19.481825170406058],[-55.234619773999896,-19.481670502405965],[-55.23453160699989,-19.47821782540613],[-55.23372967299997,-19.474474655406215],[-55.23358234199986,-19.472350658406253],[-55.233665544999894,-19.471680898406273],[-55.233899970999914,-19.470988951406344],[-55.23417976899992,-19.470486318406365],[-55.23561108599995,-19.468480324406407],[-55.23588338999991,-19.467926429406432],[-55.23605014599997,-19.46733610140635],[-55.23642241799991,-19.46399905940649],[-55.2360293239999,-19.46020656840658],[-55.23528773899995,-19.457790455406652],[-55.234799632999966,-19.456208238406624],[-55.23434696299989,-19.45484636240668],[-55.23233690299991,-19.448806800406874],[-55.23139527599989,-19.445058266406903],[-55.23039567899991,-19.442374081407003],[-55.22986591399996,-19.441649067407074],[-55.22851545499992,-19.44046342340707],[-55.2280236709999,-19.43984592240707],[-55.227732278999895,-19.43929569840702],[-55.22631060099991,-19.435795602407246],[-55.224437338999905,-19.4330926964073],[-55.22391517199998,-19.432530102407334],[-55.221616746999985,-19.43073088040733],[-55.22109513699996,-19.4302082054074],[-55.22061655099998,-19.429539462407405],[-55.21864855399997,-19.426881138407442],[-55.21766583699991,-19.425635670407427],[-55.21723265599996,-19.42476854240747],[-55.21707877199992,-19.424041146407546],[-55.21707517899989,-19.423910361407547],[-55.21698698899997,-19.42069918640757],[-55.21696986799998,-19.420075731407607],[-55.216495885999905,-19.416078677407732],[-55.21465471899989,-19.411635060407804],[-55.21368290199996,-19.408557488407894],[-55.213550113999986,-19.407761772407884],[-55.21340104899991,-19.404530005408034],[-55.212118286999896,-19.40075263140804],[-55.21196506599995,-19.399890590408056],[-55.21169790899995,-19.398387534408155],[-55.21168771599992,-19.39833018340821],[-55.211641503999886,-19.397605534408218],[-55.21175989699992,-19.394270484408217],[-55.21178963299997,-19.39407112240829],[-55.21222773499983,-19.390980863408284],[-55.21215577299989,-19.390267753408423],[-55.21195358299997,-19.38961594040833],[-55.211330534999945,-19.388559411408433],[-55.210518506999904,-19.38782176940846],[-55.20671786199995,-19.386054885408516],[-55.206661174999965,-19.386021498408468],[-55.20362565199998,-19.38423369740849],[-55.20348616799999,-19.384151546408546],[-55.200847883999984,-19.382133556408508],[-55.20029846999989,-19.381475460408588],[-55.19633831699992,-19.37548433240874],[-55.1934430149999,-19.37214203940888],[-55.193419318999986,-19.372114684408835],[-55.1907713569999,-19.3695440354089],[-55.18836246899997,-19.366174840409034],[-55.187079325999946,-19.363078997409026],[-55.18689079399991,-19.362356065409003],[-55.18681118300003,-19.35973149740914],[-55.1868209189999,-19.359613823409187],[-55.18709934499992,-19.356249099409215],[-55.1863433819999,-19.351585679409403],[-55.184405159999926,-19.345946211409526],[-55.18408804899991,-19.345405209409506],[-55.180917054999895,-19.340136769409686],[-55.18051522299994,-19.33923941940971],[-55.180455973999926,-19.33905523740971],[-55.17744652299991,-19.329699958409982],[-55.17742727399991,-19.329640117409813],[-55.17538652099995,-19.320360442410156],[-55.17536684099997,-19.320249264410208],[-55.17536134299986,-19.32022428041017],[-55.174292807999905,-19.314184658410376],[-55.17157792499995,-19.30709717141053],[-55.17099057399998,-19.306119468410557],[-55.16758695199991,-19.30210969841062],[-55.16471234799991,-19.29974919341073],[-55.164484362999985,-19.299561981410665],[-55.16437149199993,-19.29946929641075],[-55.163283253999964,-19.298424157410626],[-55.162086553999984,-19.297274851410766],[-55.16194278799991,-19.297136779410796],[-55.16158714999989,-19.296648873410764],[-55.15926929899996,-19.29273907141086],[-55.157241599999956,-19.290008447410944],[-55.15389465099998,-19.28619088741107],[-55.15382384099996,-19.286068150411065],[-55.1537793039999,-19.2859909554111],[-55.151588318999984,-19.282193246411175],[-55.15044422799991,-19.278189437411296],[-55.14902061099997,-19.27524262441138],[-55.14886086999991,-19.274913741411325],[-55.14847836999991,-19.274352810411404],[-55.14470610199999,-19.269831921411463],[-55.14303590999998,-19.267632959411564],[-55.14266318899996,-19.26687445641153],[-55.1413883539999,-19.26303636341168],[-55.13966481399995,-19.260456007411673],[-55.13958621899991,-19.26029278241174],[-55.139311085999914,-19.259721386411762],[-55.13914422199986,-19.259033188411745],[-55.139124618999915,-19.25835013341174],[-55.13924550399997,-19.257668092411816],[-55.139565137999966,-19.256817267411787],[-55.139930577999905,-19.256252313411775],[-55.140280203999964,-19.255893901411863],[-55.14042694899996,-19.255743468411886],[-55.14098264699998,-19.25535650741184],[-55.14235817599996,-19.254705202411888],[-55.142975867999894,-19.25427504641191],[-55.14301314299996,-19.25424615441191],[-55.14362586599992,-19.253552620411945],[-55.14403313699995,-19.252723076411907],[-55.14417175199998,-19.252131079411967],[-55.14437493999992,-19.24998664441203],[-55.144194579999926,-19.245509625412115],[-55.14419680099991,-19.245453866412095],[-55.14428381399995,-19.243269966412125],[-55.14431403599997,-19.24251143541216],[-55.144518277999964,-19.241798969412198],[-55.14594831299997,-19.23927230141229],[-55.14621779599991,-19.238665541412274],[-55.14664122399995,-19.237059124412355],[-55.14661670099997,-19.235992637412267],[-55.14635351699997,-19.23519984541232],[-55.146243635999895,-19.23498928941232],[-55.14588196299991,-19.23442286941235],[-55.14561908599984,-19.234070723412277],[-55.14526773799992,-19.233713827412437],[-55.14502820099989,-19.23350534541243],[-55.14445133599992,-19.23313923241241],[-55.141565433999915,-19.232198873412454],[-55.13651657599996,-19.230946997412516],[-55.1332353119999,-19.229239842412543],[-55.132644624999955,-19.22875849641254],[-55.132150290999896,-19.22814653241253],[-55.13188084199998,-19.22764934341255],[-55.13093163699989,-19.225332093412643],[-55.13073086399999,-19.22461242541267],[-55.12972008999992,-19.218890968412826],[-55.12970828599998,-19.21884767441281],[-55.12897841799992,-19.216202296412867],[-55.127669634999904,-19.212883316412942],[-55.12754207699993,-19.212103685412956],[-55.12759596199993,-19.21132293341301],[-55.12806631199993,-19.209161775413076],[-55.12983397399995,-19.204766308413205],[-55.13001742199992,-19.204076201413134],[-55.13051430999991,-19.199952259413273],[-55.130203224999946,-19.196355146413335],[-55.130012317999956,-19.195614316413433],[-55.126730055999985,-19.187386035413628],[-55.1264621229999,-19.186714359413514],[-55.126445349999926,-19.186672309413566],[-55.125174158999926,-19.181704546413798],[-55.12516918499989,-19.18166787641369],[-55.12497008199983,-19.180199672413682],[-55.12433471199995,-19.175514400413903],[-55.12425971099992,-19.17529378041386],[-55.122741664999914,-19.17084883241403],[-55.122687386999985,-19.170689902414086],[-55.12217461799992,-19.169862845414073],[-55.11920840199997,-19.166634696414153],[-55.11863897199993,-19.16617940941414],[-55.117731392999985,-19.16574530941421],[-55.11730710899997,-19.165623075414203],[-55.1113680129999,-19.16432406841424],[-55.11028093599998,-19.164249866414227],[-55.10752401999997,-19.164471591414188],[-55.10688756899998,-19.164594656414156],[-55.10085372099991,-19.16694461141409],[-55.10074219499989,-19.1669747224141],[-55.10039808199997,-19.167067629414156],[-55.099426242999925,-19.167102971414142],[-55.098439245999884,-19.166875832414092],[-55.09748011999994,-19.166345490414116],[-55.09708767599989,-19.165998106414175],[-55.09651752099995,-19.165233700414156],[-55.09554000399999,-19.16234746541429],[-55.09472333899993,-19.161049290414283],[-55.09469652599989,-19.160990950414323],[-55.09448351699996,-19.160527470414273],[-55.09431606199996,-19.1598449284143],[-55.09431431999992,-19.159837833414354],[-55.09431307299992,-19.159801573414356],[-55.09429149599998,-19.159174855414218],[-55.0942907839999,-19.159154190414373],[-55.09435069699998,-19.158809394414348],[-55.09440458699993,-19.15849924841428],[-55.09440887699992,-19.15847456141439],[-55.09466410299989,-19.157824813414365],[-55.094997624999955,-19.157283157414312],[-55.096948186999896,-19.154694665414475],[-55.09752394599991,-19.154193096414435],[-55.0998037409999,-19.15265011141452],[-55.1004544189999,-19.1519752704145],[-55.100899129999846,-19.151163378414573],[-55.10164800099989,-19.149166387414514],[-55.10248936199997,-19.146757461414644],[-55.102837698999906,-19.143787421414743],[-55.102818430999946,-19.143043569414793],[-55.1015706469999,-19.137587114414817],[-55.101547411999945,-19.137454635414926],[-55.10068719199989,-19.13254979541507],[-55.10064625499996,-19.13188744941507],[-55.100640240999894,-19.131790140415003],[-55.1007742779999,-19.13096901741504],[-55.1022257109999,-19.126514743415207],[-55.102251451999905,-19.12639502141519],[-55.102562764999895,-19.122490891415268],[-55.10263590799991,-19.122024342415322],[-55.10328161399996,-19.117787800415435],[-55.10324055999996,-19.117004399415418],[-55.103032603999964,-19.116310709415384],[-55.10224721599991,-19.11485817741551],[-55.101507252999966,-19.11405615941552],[-55.09828335599997,-19.111973420415573],[-55.09728528699997,-19.111561253415555],[-55.09647232099996,-19.1114595164156],[-55.08998034399996,-19.111556401415594],[-55.08892587999992,-19.1115721384156],[-55.0885884729999,-19.111608949415523],[-55.08281651099992,-19.11223866341557],[-55.08265319599992,-19.11225648141552],[-55.082293905999904,-19.1123123564155],[-55.07894790899991,-19.112784175415474],[-55.07836912699992,-19.112771765415577],[-55.07744666499997,-19.112551296415592],[-55.07732578699989,-19.11252240641557],[-55.07696593099996,-19.112350221415525],[-55.07696069999997,-19.112347718415506],[-55.07686890499991,-19.112303796415542],[-55.07641178999995,-19.111965128415566],[-55.07630259399997,-19.111884227415576],[-55.07617992499996,-19.11179334341561],[-55.076122807999916,-19.11173687741555],[-55.07526528799996,-19.1107314224156],[-55.07514412399996,-19.11058935541548],[-55.0745604839999,-19.10986886741565],[-55.07423566499995,-19.109208884415622],[-55.07404828299996,-19.108338160415602],[-55.074041622999964,-19.107703008415648],[-55.0743525659999,-19.1042815194158],[-55.07438647499998,-19.103908415415734],[-55.07460468599994,-19.103249842415796],[-55.075920560999975,-19.100454513415897],[-55.07597343099991,-19.100370475415772],[-55.076199937999945,-19.100016772415813],[-55.07654210199996,-19.099673143415888],[-55.07671030299997,-19.099504223415877],[-55.07685489799991,-19.099359009415775],[-55.07747809299991,-19.098942764415895],[-55.07927250899996,-19.098026216415853],[-55.079726336999954,-19.097794411415855],[-55.07989687399993,-19.097707392415945],[-55.079980563999925,-19.09766468741595],[-55.08560182699989,-19.095562023415944],[-55.087890554999895,-19.094701338415994],[-55.0882329449999,-19.094558921415924],[-55.091157771999974,-19.093278627415998],[-55.0913366119999,-19.09315509541608],[-55.09146402600004,-19.09307283941604],[-55.091505072999894,-19.093038732416076],[-55.09162040399997,-19.092959069416008],[-55.092091276999895,-19.092551664416096],[-55.09403893899997,-19.090933383416143],[-55.094384009999885,-19.090567968416128],[-55.09444872799992,-19.09051197441615],[-55.09448470999991,-19.0904613344161],[-55.094632400999956,-19.090304934416142],[-55.094851492999965,-19.089945119416118],[-55.09502047399991,-19.089707295416172],[-55.09681509999996,-19.086012259416247],[-55.09702724599992,-19.085454649416228],[-55.0971833829999,-19.08457606641622],[-55.09819878499997,-19.07854493241642],[-55.09822946699995,-19.07769487941636],[-55.09820128799993,-19.077542683416493],[-55.09820423499997,-19.077450297416487],[-55.09808371599996,-19.076817464416507],[-55.09689955799996,-19.072764583416603],[-55.09687834199997,-19.072689204416537],[-55.09516503799995,-19.067659900416665],[-55.09505252399998,-19.067143001416742],[-55.09502244699997,-19.066999652416758],[-55.0950118099999,-19.066690511416763],[-55.09500296899995,-19.066382118416765],[-55.095047859999966,-19.066083188416734],[-55.0950891249999,-19.065818714416796],[-55.095228886999905,-19.06543896641675],[-55.0963820149999,-19.062360204416795],[-55.096544137999956,-19.0614740374169],[-55.09646684199993,-19.060591180416836],[-55.09564540699989,-19.056921706417008],[-55.09544549499998,-19.056309834417036],[-55.0951826509999,-19.055819378417034],[-55.09349507299999,-19.053347032417108],[-55.09347206799993,-19.053321198417002],[-55.09343860999991,-19.053272307417107],[-55.09290292499992,-19.05267143441707],[-55.088665521999985,-19.049564748417133],[-55.08859504799983,-19.049517940417097],[-55.08548056799997,-19.047449312417246],[-55.08546561799988,-19.047439383417203],[-55.08519892299995,-19.047194275417265],[-55.08499069399994,-19.04700071241723],[-55.08497336199992,-19.046977841417235],[-55.08492542199997,-19.04691458741723],[-55.084573398999964,-19.046450100417257],[-55.084257204999915,-19.045771841417302],[-55.08244279999991,-19.039233454417378],[-55.08233208299998,-19.038837798417426],[-55.080318328999965,-19.03334763541763],[-55.080317918999924,-19.033346511417644],[-55.07760031699996,-19.028300835417706],[-55.0774704719999,-19.027962899417716],[-55.07727204599996,-19.02742575341779],[-55.07638395999988,-19.02253536941778],[-55.07634745599996,-19.02233102841781],[-55.07634544299998,-19.02232327341792],[-55.076344348999896,-19.022317252417928],[-55.0762856369999,-19.02208627941783],[-55.07531869399992,-19.018367531417997],[-55.07531868299992,-19.018367478417993],[-55.07518931699997,-19.017246688418],[-55.07473931599986,-19.01334796341811],[-55.074732973999964,-19.01329301641809],[-55.07474610199989,-19.0089582934182],[-55.07483789399993,-19.00851743641827],[-55.07493177599997,-19.008081723418275],[-55.076325261999905,-19.004889093418367],[-55.07688105499989,-19.00171549041844],[-55.076981753999966,-19.00136190241846],[-55.07706433199996,-19.00107808541833],[-55.07707984299998,-19.00104457641839],[-55.07914462999992,-18.997389388418565],[-55.07937574799996,-18.99699118241858],[-55.07939078499999,-18.996953632418577],[-55.07945371899996,-18.996842220418436],[-55.079719254999986,-18.996177848418565],[-55.0798406639999,-18.995437139418563],[-55.07994988999997,-18.993240990418634],[-55.08003046199997,-18.9922206714187],[-55.07998472099991,-18.99135017541872],[-55.07990566499995,-18.991128647418726],[-55.07984230499994,-18.990856802418687],[-55.079655841999966,-18.990428598418696],[-55.07962423299983,-18.99034002741865],[-55.07960430199994,-18.99031024241868],[-55.07959642299994,-18.99029214841869],[-55.078121181999904,-18.988091785418746],[-55.075826595999956,-18.985702439418844],[-55.07529985499997,-18.98497120541887],[-55.073125442999924,-18.97932168341902],[-55.07280196199998,-18.978481221419056],[-55.07266081899991,-18.97779634941905],[-55.072658639999986,-18.97741476941893],[-55.07265695499996,-18.97711988641908],[-55.07266672999998,-18.977062374419006],[-55.07269108099996,-18.976919088419045],[-55.0727484009999,-18.976581825419046],[-55.07343502499992,-18.974135482419136],[-55.07362606199996,-18.97171831841918],[-55.073523300999966,-18.970936630419192],[-55.07351925899991,-18.970923311419252],[-55.07351881499994,-18.970920005419252],[-55.07349179199991,-18.970832820419215],[-55.072698614999915,-18.968219679419185],[-55.07259108799991,-18.967889351419284],[-55.07202324499991,-18.96699908541931],[-55.07164447199994,-18.966642740419317],[-55.070524412999994,-18.965563976419343],[-55.070439342999975,-18.965488292419383],[-55.068158383999965,-18.963988901419444],[-55.06796425199992,-18.9638209674194],[-55.067714364999915,-18.963604803419297],[-55.06751960899999,-18.963436330419384],[-55.06716524399997,-18.962956746419334],[-55.06682993199985,-18.96226177741947],[-55.06643121699989,-18.960712949419438],[-55.06637627799989,-18.959915185419437],[-55.0664765549999,-18.95918680241943],[-55.06727738899991,-18.95611967541957],[-55.06742240999995,-18.95548081441949],[-55.06744576299991,-18.953614034419548],[-55.06743544099992,-18.95242210441962],[-55.06740091899991,-18.95217264741969],[-55.06740077799998,-18.95212585841975],[-55.06738709899992,-18.95207278041967],[-55.06734794099997,-18.951789819419705],[-55.06729169599993,-18.951573867419636],[-55.06713782599991,-18.951171644419667],[-55.06706147299991,-18.951019527419703],[-55.066845315999956,-18.950652519419695],[-55.0635137939999,-18.946444201419865],[-55.06307627599995,-18.945695229419837],[-55.06290225699996,-18.945170025419916],[-55.06237261599989,-18.940119091419987],[-55.06224378399992,-18.939607158420017],[-55.06128978799995,-18.936056158420044],[-55.0611790449999,-18.935369166420063],[-55.06117980399989,-18.931714782420197],[-55.06168218799991,-18.927865863420354],[-55.06155849799996,-18.926846415420297],[-55.06119040199997,-18.92600077142034],[-55.06019430099996,-18.924515130420396],[-55.059598111999954,-18.92388475642038],[-55.059304147999974,-18.923650021420453],[-55.05918101599997,-18.923572188420486],[-55.058743684999854,-18.92333190742047],[-55.05863135699997,-18.923285566420397],[-55.05811673699992,-18.92310731742047],[-55.058085568999964,-18.92309994142048],[-55.05710010299992,-18.922945776420462],[-55.0555004819999,-18.922695535420463],[-55.054928316999906,-18.92246998842051],[-55.05403428199992,-18.921858136420454],[-55.05398352499998,-18.921823400420426],[-55.050752921999965,-18.91876725942061],[-55.04876366099995,-18.915850596420686],[-55.0480282659999,-18.915132967420636],[-55.044581002999905,-18.913305389420724],[-55.04182537999998,-18.912345816420753],[-55.041530358999985,-18.912207348420772],[-55.041332403999945,-18.912114439420787],[-55.041167575999914,-18.91203707742078],[-55.040693741999974,-18.91168868742068],[-55.0406040179999,-18.911622717420695],[-55.04053813099995,-18.91157427342079],[-55.0400523749999,-18.91101786542078],[-55.04002385000001,-18.910964656420806],[-55.039937933999965,-18.91080438242081],[-55.03968226199993,-18.910327438420698],[-55.039624303999915,-18.910125973420833],[-55.039498151999965,-18.90968746542084],[-55.03943039599989,-18.909451948420834],[-55.03913652699998,-18.907750412420892],[-55.03909733799992,-18.907322390420912],[-55.03927998899996,-18.903075231420978],[-55.03922400799996,-18.90246637042089],[-55.03823426899992,-18.8994137804211],[-55.037973608000016,-18.898827306421126],[-55.037815279999904,-18.898545532421114],[-55.035136251999916,-18.89377773642111],[-55.034210514999984,-18.892130227421255],[-55.03378402399988,-18.891529957421316],[-55.03333431699997,-18.891101259421323],[-55.030250284999966,-18.888648432421377],[-55.02975057699991,-18.888368419421322],[-55.027107960999956,-18.887214209421426],[-55.02628718699998,-18.886568088421452],[-55.02594893499997,-18.886148471421375],[-55.025640322999834,-18.885609758421474],[-55.02290885000002,-18.87899349142162],[-55.02249787799997,-18.878264716421555],[-55.02076695799991,-18.876460438421706],[-55.01783436399995,-18.874549695421752],[-55.016609128999896,-18.87355083342171],[-55.016136789999905,-18.873078579421744],[-55.01583377999998,-18.872659356421803],[-55.01550539100003,-18.871959242421788],[-55.01541032899991,-18.87154225242184],[-55.01536446299997,-18.871341059421834],[-55.01531680699992,-18.871132010421746],[-55.01510738699989,-18.868769767421863],[-55.015069307999966,-18.868340240421773],[-55.015048563999926,-18.868106240421852],[-55.01524919599989,-18.863959128422024],[-55.01479445999996,-18.86177577842209],[-55.014592713999946,-18.86115459542196],[-55.01411196699997,-18.860361904422025],[-55.01275306699989,-18.859015935422065],[-55.01226963299996,-18.858323021422123],[-55.012046362999854,-18.857829663422162],[-55.010856174999965,-18.854348989422267],[-55.0106302229999,-18.85393470142227],[-55.00830602899998,-18.849673271422386],[-55.006360788999984,-18.846106658422396],[-55.00518075599996,-18.844824876422447],[-55.00239315799997,-18.841805438422558],[-54.99918969299995,-18.839203016422584],[-54.99872101799997,-18.83859832342264],[-54.99842913199989,-18.837980437422612],[-54.99839639199997,-18.837855032422727],[-54.99837015199989,-18.837754526422597],[-54.9982660679999,-18.837355845422735],[-54.99825885999991,-18.837269433422705],[-54.99813222799991,-18.835751384422718],[-54.9981224359999,-18.835633993422775],[-54.99814137599997,-18.834094061422732],[-54.99808541799996,-18.833485195422767],[-54.99779632999986,-18.832612231422846],[-54.997380371999895,-18.83195956042286],[-54.995227829999976,-18.829951759422805],[-54.99427002799996,-18.829398348422927],[-54.990513305000036,-18.828459987422942],[-54.99048938799996,-18.828454261422916],[-54.98678264699992,-18.827761583422916],[-54.98618254999992,-18.827539802422876],[-54.98558965599988,-18.82719721142295],[-54.98338599899989,-18.82522961242299],[-54.98055993099996,-18.821681170423126],[-54.9776397519999,-18.81954600242319],[-54.97744763699989,-18.819375535423106],[-54.97733879599998,-18.819278958423194],[-54.97717094899991,-18.819130027423135],[-54.97698942799992,-18.818899590423165],[-54.97681737299991,-18.818681169423062],[-54.97671847199991,-18.818555614423225],[-54.97637499799998,-18.817873683423155],[-54.976203411999904,-18.817183460423244],[-54.97619300999992,-18.816397503423254],[-54.976337945999944,-18.81572921342325],[-54.97675893999997,-18.814860889423258],[-54.97819580699991,-18.8131431644232],[-54.9806130149999,-18.81101061542336],[-54.98127467499995,-18.81042217442338],[-54.9828414189999,-18.80873776942332],[-54.984116988999915,-18.807359134423486],[-54.98663173999989,-18.804120999423517],[-54.98798029299991,-18.80201623942362],[-54.98819040599989,-18.801587095423567],[-54.98825760899996,-18.801436081423578],[-54.98845951199996,-18.800568660423597],[-54.98841756999997,-18.799654195423628],[-54.987762414999914,-18.796735717423726],[-54.98752764199992,-18.796105266423805],[-54.98539117799993,-18.792787722423864],[-54.98339463699995,-18.789350489423953],[-54.9830124689999,-18.788411427423995],[-54.98263396899995,-18.7848760764241],[-54.98263210699997,-18.78470103742411],[-54.98263000599991,-18.784503798424062],[-54.98257854499991,-18.77966962142423],[-54.98214469699997,-18.776610354424225],[-54.98113439699995,-18.772310063424342],[-54.97856274599991,-18.763804690424642],[-54.97843185799991,-18.763197199424663],[-54.97843457199997,-18.762266881424605],[-54.97871736099989,-18.76123323842472],[-54.97896847699991,-18.76030956642474],[-54.978944147999925,-18.75924837442476],[-54.97865518599992,-18.758375404424804],[-54.97772809099996,-18.756924769424803],[-54.97741784899995,-18.75621047742477],[-54.97644396899983,-18.752742562424874],[-54.975336274999904,-18.748130985425007],[-54.97506512799999,-18.74757705642503],[-54.97459582199997,-18.74696614442504],[-54.97266858399991,-18.745286446425112],[-54.972320132999926,-18.744801157425087],[-54.9720492269999,-18.744247659425056],[-54.97122479399991,-18.74095003542522],[-54.971049689999916,-18.74024964342514],[-54.971012866999956,-18.740102359425272],[-54.97044691499996,-18.735607445425366],[-54.9702539949999,-18.735024539425286],[-54.96996201899998,-18.73449018942541],[-54.969740516,-18.734225463425304],[-54.96945705599995,-18.73389021342538],[-54.9694468539999,-18.733878146425322],[-54.966022487999965,-18.730827232425494],[-54.9659655939999,-18.730776543425463],[-54.96272008899996,-18.727074790425526],[-54.960605689999966,-18.725521754425593],[-54.96004621599997,-18.724979880425543],[-54.95971918499998,-18.724524365425612],[-54.959474937999914,-18.724028808425654],[-54.95931566499991,-18.723502786425644],[-54.95924270999989,-18.722926170425666],[-54.95926601399998,-18.722383960425685],[-54.95938820199995,-18.721814962425707],[-54.95942856699992,-18.72173352942571],[-54.959851335999986,-18.72088061242576],[-54.95987391999989,-18.72083504742572],[-54.95990940099989,-18.72079376942574],[-54.9602098659999,-18.72044422242571],[-54.96034552999992,-18.72028639742574],[-54.96120298999989,-18.71950096042577],[-54.96473414399997,-18.716147094425803],[-54.96510410199994,-18.71578600442579],[-54.96563081899989,-18.715370581425876],[-54.97015841399997,-18.712358157425935],[-54.975930702999904,-18.709274989426028],[-54.976098587999964,-18.709158465426064],[-54.97661551599998,-18.708702532426006],[-54.97694540199984,-18.708392427426084],[-54.977108268999984,-18.708193234426087],[-54.9773618129999,-18.70784944342605],[-54.97759344699989,-18.70740184042607],[-54.977678177999906,-18.70721559042612],[-54.97787654999996,-18.706362851426096],[-54.97787651299995,-18.705751653426173],[-54.97765365499993,-18.703903320426164],[-54.97745608399998,-18.70310682242618],[-54.97693226399998,-18.702197012426215],[-54.976832354999885,-18.702093780426203],[-54.97616694199991,-18.701486789426188],[-54.97601383799986,-18.701386618426245],[-54.973644139999976,-18.700209433426213],[-54.97149778599993,-18.699668371426316],[-54.96961650599991,-18.699194131426253],[-54.969479634999914,-18.69915962842625],[-54.967899453999905,-18.698645028426238],[-54.965360570999906,-18.697818218426328],[-54.96526720199989,-18.69778781242628],[-54.96407458199991,-18.697233479426377],[-54.96289089199996,-18.696683296426247],[-54.962864711999885,-18.69667112842641],[-54.96274763899998,-18.69657854242636],[-54.96236038499984,-18.69627229242637],[-54.96230532699991,-18.69622875042642],[-54.96201113899991,-18.69589277542639],[-54.961896293999985,-18.69576161542631],[-54.9616335529999,-18.69531105642643],[-54.96153777999991,-18.69514682042644],[-54.9615360059999,-18.69514160842643],[-54.96142376399996,-18.694811774426423],[-54.96130987699996,-18.694477105426454],[-54.961306112999985,-18.69442708642632],[-54.96112836299995,-18.69206502242643],[-54.96109212399994,-18.691583456426482],[-54.96109379399991,-18.691565362426502],[-54.9611210839999,-18.691269751426553],[-54.96118532099995,-18.690573935426546],[-54.96209056499998,-18.687910585426526],[-54.96221897799996,-18.687250028426607],[-54.96221882799995,-18.686637336426607],[-54.96192175599998,-18.683758063426673],[-54.9616701349999,-18.68305167342669],[-54.96161547999992,-18.682958548426704],[-54.96126061399997,-18.68240123342674],[-54.961220797999886,-18.682355623426762],[-54.95985886699999,-18.681044028426808],[-54.95898284599997,-18.680200385426822],[-54.95850392299997,-18.679618036426824],[-54.95815551699991,-18.678947210426752],[-54.95797134099996,-18.678235198426826],[-54.95794323399991,-18.677621348426868],[-54.9580200069999,-18.677028202426907],[-54.9581727819999,-18.676540677426935],[-54.95819744899989,-18.67646196142681],[-54.958205112999906,-18.676446755426856],[-54.95843983799989,-18.67598104042691],[-54.95852180599991,-18.675818411426924],[-54.95854764399996,-18.67578193042693],[-54.959009451999975,-18.675129913426964],[-54.9590529699999,-18.675068471426894],[-54.96278228999995,-18.670994276427077],[-54.963225731999955,-18.670182342427093],[-54.96342875599993,-18.669337332427077],[-54.96348896400002,-18.667294017427146],[-54.96332217799994,-18.66639257642712],[-54.963031671999886,-18.665747885427194],[-54.9615980879999,-18.6632947724272],[-54.96050891299996,-18.662008047427296],[-54.96002146399985,-18.661234522427325],[-54.95975938099991,-18.660380570427233],[-54.9597131999999,-18.65987731742731],[-54.95983315399991,-18.658938918427342],[-54.96070657499996,-18.656524963427447],[-54.96131561099992,-18.6541321474274],[-54.961716635000016,-18.653296424427463],[-54.96221457799993,-18.652690416427497],[-54.9637435759999,-18.651200729427593],[-54.96640988099989,-18.648744001427577],[-54.96677764599991,-18.648243327427675],[-54.968376312999965,-18.64544361042773],[-54.96854253499993,-18.644936276427668],[-54.96862405999991,-18.644602111427762],[-54.969506493999916,-18.640661615427774],[-54.969464590999856,-18.639747134427797],[-54.969001438999896,-18.63759893942795],[-54.96874775599998,-18.63691953642798],[-54.96795008699996,-18.63545237842793],[-54.967582333999985,-18.634951714427995],[-54.967128970999966,-18.634519533427934],[-54.966603775999936,-18.634168965428014],[-54.9659303819999,-18.633883927427945],[-54.96539750699998,-18.633767041427962],[-54.96387757000002,-18.63345616442801],[-54.963174667999965,-18.63339754042805],[-54.96047849999991,-18.633451661427987],[-54.95793258699996,-18.63350276642807],[-54.956850776999886,-18.633638656428026],[-54.95675546299998,-18.63366833942788],[-54.95316909999991,-18.634785197427963],[-54.952589340999964,-18.635135174427997],[-54.95246118499995,-18.635212537428007],[-54.951871936999964,-18.63572581242799],[-54.95099061499997,-18.636451401427983],[-54.95074350299984,-18.636616353427833],[-54.950490665999894,-18.63673561842792],[-54.9498264689999,-18.63699789442797],[-54.94964351199997,-18.637031985427942],[-54.94883780499998,-18.63713310742793],[-54.948798122999904,-18.63713074642795],[-54.94764456099995,-18.637062120427913],[-54.947142475999954,-18.636963908427962],[-54.9462582939999,-18.636609438427875],[-54.94587127099994,-18.636359987427934],[-54.94363733799992,-18.63444491442802],[-54.94301469699991,-18.63355010942796],[-54.942764601999954,-18.632836425427907],[-54.94229008999991,-18.630048625428138],[-54.942594215999975,-18.625544232428265],[-54.94277620799994,-18.62472165842824],[-54.94410172099998,-18.62146989342832],[-54.94460027699995,-18.61984664242834],[-54.945553989999894,-18.61670720742844],[-54.94663225699992,-18.610740832428593],[-54.94670956199991,-18.607082706428738],[-54.94663680399998,-18.606388741428763],[-54.944567787999915,-18.59931620942891],[-54.94406183099988,-18.59744370642894],[-54.9435137239999,-18.595428074428995],[-54.94186619799996,-18.591850128429083],[-54.941826512999974,-18.59173262542913],[-54.94063623399995,-18.58820834742923],[-54.94060868499991,-18.588126774429252],[-54.93955164599993,-18.58346785642936],[-54.93928178899989,-18.58291562142939],[-54.937473945999955,-18.579925813429472],[-54.937409604999964,-18.579767528429418],[-54.93691296499992,-18.578545773429433],[-54.93594800799991,-18.576171936429542],[-54.93407224099996,-18.572487364429602],[-54.934011520999945,-18.57224159742964],[-54.93241557699986,-18.565781925429746],[-54.93151271599993,-18.562127548429803],[-54.93033277999991,-18.55857394842992],[-54.92989441999998,-18.55783386543002],[-54.92844633199997,-18.556122562430026],[-54.92613249399995,-18.55411296743008],[-54.92565913699991,-18.553705646430124],[-54.925624386999914,-18.553671669430084],[-54.92544571600001,-18.55349697543014],[-54.92246557099992,-18.55058314843024],[-54.92197435399998,-18.549897365430258],[-54.92164921499989,-18.549124915430223],[-54.921529058999916,-18.548253345430286],[-54.921563454999905,-18.54777303543025],[-54.92179725999989,-18.546936122430324],[-54.92234442899996,-18.5460546114303],[-54.92327073599995,-18.54506891143038],[-54.923638277999885,-18.544568230430382],[-54.925018800999965,-18.54166479843037],[-54.925657331000025,-18.539111760430515],[-54.926076286999894,-18.537411449430476],[-54.926131237999925,-18.5345515254306],[-54.92585134199994,-18.53348338243062],[-54.9246529049999,-18.531146274430675],[-54.92315124599992,-18.529208531430626],[-54.92289183999992,-18.528827055430792],[-54.92255910199992,-18.528082468430814],[-54.92241692099998,-18.527239034430792],[-54.92259356799997,-18.525234064430872],[-54.922509772999945,-18.524325353430818],[-54.92230962699989,-18.52372537143085],[-54.92133471199997,-18.521775021430948],[-54.9211479679999,-18.521270494430922],[-54.92019877499996,-18.516334678431054],[-54.91763702999992,-18.51023687543128],[-54.91756862899996,-18.51002309043126],[-54.91744802999989,-18.509646156431245],[-54.91744782899991,-18.509645526431314],[-54.91744716199992,-18.509639859431275],[-54.917341274999956,-18.508872435431293],[-54.91746350999995,-18.506392705431345],[-54.91736957799992,-18.505884530431313],[-54.91730112899984,-18.505544530431386],[-54.91681525799987,-18.50460460243143],[-54.91616704899997,-18.503929732431377],[-54.91498399199998,-18.503178335431475],[-54.913925130999935,-18.502835422431474],[-54.912807195999896,-18.502812150431406],[-54.9105650109999,-18.503281444431472],[-54.90685498799991,-18.504684608431436],[-54.905745364999916,-18.5049202704314],[-54.905146827999886,-18.504914040431352],[-54.90422173899998,-18.50473135643144],[-54.90307883199989,-18.504343351431388],[-54.90263291399998,-18.504144968431397],[-54.90195016499997,-18.503688523431418],[-54.901331719999966,-18.503024142431453],[-54.89801705499997,-18.498526568431544],[-54.897156331999895,-18.496337220431656],[-54.89696694199994,-18.495582532431598],[-54.896937547999926,-18.49484793243168],[-54.89707888299989,-18.494070874431724],[-54.897120549999954,-18.49396522843166],[-54.8980926939999,-18.4915003784317],[-54.89829461799991,-18.490988406431807],[-54.89864067699989,-18.490264502431717],[-54.89923980299989,-18.489002699431783],[-54.89937247899986,-18.488598688431836],[-54.89941962799992,-18.48844241743181],[-54.899491628999954,-18.48739393043185],[-54.8992259179999,-18.486357834431864],[-54.89853434199995,-18.48521475843184],[-54.8977266679999,-18.484477043431895],[-54.89707791899996,-18.484131145431984],[-54.893726353999966,-18.482888520431985],[-54.89343453699996,-18.48272960543189],[-54.893070417999866,-18.48253131643198],[-54.891458782999905,-18.48165366743204],[-54.89082123399993,-18.48114785343205],[-54.89035289799989,-18.48056507543199],[-54.889535090999914,-18.478906611432034],[-54.889356616999976,-18.478198664432085],[-54.889342033999924,-18.477415378432163],[-54.88980388099987,-18.47444801243212],[-54.88992843899996,-18.47180274643224],[-54.88985466999998,-18.471240468432296],[-54.8888392259999,-18.466767292432383],[-54.88749738399997,-18.464298554432506],[-54.88707208799997,-18.46369848243239],[-54.88654977199991,-18.463212082432474],[-54.88350122499992,-18.461002372432493],[-54.88331271699997,-18.460810254432516],[-54.883006773999966,-18.46049844943256],[-54.88234347499998,-18.459822440432625],[-54.882111281999926,-18.459505978432624],[-54.88191708599994,-18.459161514432555],[-54.881663518999915,-18.45844449543265],[-54.88158148899999,-18.45771110143267],[-54.88163669699992,-18.457068723432677],[-54.8818145109999,-18.45644507843267],[-54.88250784699994,-18.454965435432666],[-54.88267788299993,-18.453911018432773],[-54.88227081199989,-18.451215425432846],[-54.88205175300005,-18.450641073432855],[-54.88132623599989,-18.44931952843285],[-54.88119807099997,-18.448734883432916],[-54.88118709999992,-18.448684839432886],[-54.88112722899996,-18.44841173243282],[-54.88114848699996,-18.448122420432895],[-54.881192012999975,-18.447530022432925],[-54.88120015399994,-18.447419205432862],[-54.88121115099989,-18.44739130043295],[-54.88158255999997,-18.446448854432916],[-54.88160080899996,-18.446402547432978],[-54.88178732799997,-18.446085115432954],[-54.882412480999896,-18.44502118143287],[-54.88249983399992,-18.444872516433],[-54.883763152999904,-18.443191435433036],[-54.88531382999997,-18.441127971433083],[-54.88539841699986,-18.44101541243309],[-54.886645529999946,-18.439853112433138],[-54.88751972899996,-18.439038366433163],[-54.88770947399996,-18.438861526433172],[-54.889414625999905,-18.437750082433197],[-54.89112902799991,-18.436627717433165],[-54.89505882499998,-18.433640388433172],[-54.895569725999906,-18.433164812433255],[-54.89941713499991,-18.42819667243337],[-54.90069729299995,-18.4261570124335],[-54.901056545999836,-18.42514679043354],[-54.901112324999936,-18.424549666433528],[-54.901137336999966,-18.417394695433682],[-54.901150698999906,-18.417257086433644],[-54.90115066399989,-18.417160648433754],[-54.9015512649999,-18.413019671433837],[-54.90096874699992,-18.408906786433967],[-54.90095941199996,-18.40803207643393],[-54.90216898199986,-18.399793781434187],[-54.90219638499991,-18.39966119843421],[-54.90294795799991,-18.39602490743429],[-54.903152044999956,-18.395037482434304],[-54.903794805999894,-18.391343233434366],[-54.90381677699997,-18.390736259434448],[-54.90356164499991,-18.38631817043456],[-54.903606214999854,-18.38560661943452],[-54.90378377299999,-18.384905646434603],[-54.90493648399996,-18.382022035434662],[-54.90510644699998,-18.38096761043468],[-54.904484564999954,-18.37628121743482],[-54.903771947999985,-18.37255076943492],[-54.903634611999905,-18.371831843434784],[-54.903618957999925,-18.371749890434938],[-54.90289029999997,-18.367186384434998],[-54.90140525499998,-18.362603104435163],[-54.9012627269999,-18.361982682435173],[-54.90125193699993,-18.361112517435163],[-54.90186112699997,-18.35825618943523],[-54.90190610399998,-18.35743726143519],[-54.90137136099986,-18.353750132435387],[-54.900442984999984,-18.34986053643548],[-54.90035787099992,-18.349241044435377],[-54.90036118799992,-18.349114009435507],[-54.9004841069999,-18.344405729435646],[-54.90058583999996,-18.340509028435708],[-54.90077577999989,-18.339668956435784],[-54.9021168619999,-18.336185221435834],[-54.902200670999896,-18.335572956435822],[-54.90230819699991,-18.33243088243598],[-54.90193361599995,-18.33046760143588],[-54.90147598199991,-18.328132945436046],[-54.90112773399994,-18.32708543943599],[-54.900427814999944,-18.325042398436132],[-54.90001315399991,-18.324332542436192],[-54.89772284199995,-18.321504162436106],[-54.897467594999966,-18.32102424543629],[-54.89727921399992,-18.32045357543624],[-54.8971964559999,-18.319554915436246],[-54.89720535999993,-18.319474036436315],[-54.89722216399992,-18.319321399436333],[-54.89759056099996,-18.31597515743628],[-54.89745493099997,-18.31345902843645],[-54.897412141999894,-18.312705348436474],[-54.89705148099984,-18.31046426643651],[-54.89681096699991,-18.30987829943658],[-54.896519066999986,-18.30941315743654],[-54.89604131199991,-18.308889964436506],[-54.895505972999956,-18.308488684436576],[-54.89451120099989,-18.307988401436624],[-54.89435218899996,-18.307938614436615],[-54.89367366899996,-18.30775879643656],[-54.89046900299991,-18.30745861643662],[-54.8894190669999,-18.30736347243657],[-54.88934114299997,-18.3073564114366],[-54.884603858999924,-18.30764914543656],[-54.884387309999966,-18.307641723436546],[-54.88430318699995,-18.307638840436507],[-54.88381150099991,-18.307519793436644],[-54.883493930999926,-18.30744290243665],[-54.88345263699989,-18.307432904436535],[-54.88286794499993,-18.307131641436563],[-54.88269024199997,-18.307040080436643],[-54.88227039699996,-18.306680573436555],[-54.88207511500002,-18.306513357436593],[-54.882066444999964,-18.306502061436618],[-54.881649615999955,-18.305959054436656],[-54.881628439999936,-18.305931467436583],[-54.8816244809999,-18.305923122436607],[-54.88133695099998,-18.305316952436655],[-54.88131877799992,-18.305278640436693],[-54.88131546299991,-18.30526417143663],[-54.88115627499997,-18.304569284436635],[-54.88115095399996,-18.304546058436653],[-54.88115089499996,-18.304535900436697],[-54.88114705699991,-18.30386100843665],[-54.88114687599989,-18.303829362436733],[-54.881150336999895,-18.303813204436636],[-54.88129375899996,-18.30314366343667],[-54.88129931499998,-18.30311773143676],[-54.88130662599997,-18.303101499436746],[-54.88159335299997,-18.302465032436775],[-54.88219798199993,-18.30159404643675],[-54.88245900299984,-18.3012180354368],[-54.882594044999905,-18.300962566436723],[-54.88286898099983,-18.300188874436802],[-54.88292920099991,-18.299777900436784],[-54.882942538999885,-18.299583455436814],[-54.8829266759999,-18.29907881943681],[-54.88280449999991,-18.298500423436842],[-54.88258217499999,-18.29794991643684],[-54.882250570999986,-18.297418188436858],[-54.88160484199995,-18.296764587436858],[-54.881192760999966,-18.29648737143684],[-54.88081662499991,-18.29630158443694],[-54.87991309699993,-18.29603463343688],[-54.87799693799997,-18.295805918436894],[-54.8772085459999,-18.295722938436953],[-54.87471683299998,-18.29528044243695],[-54.87366019299992,-18.294926904436956],[-54.87304614699997,-18.294537283436952],[-54.87253884699999,-18.294060550436935],[-54.87215428699989,-18.293535913437],[-54.8716204129999,-18.292512757436985],[-54.87159741999989,-18.292441822437002],[-54.87151154599991,-18.292176887436927],[-54.87140631199997,-18.291852229436987],[-54.87140032099984,-18.29180248343704],[-54.87133181100001,-18.291233501437045],[-54.87132903999998,-18.291210483437013],[-54.871329336999906,-18.291206480437054],[-54.87137700199998,-18.290565583437033],[-54.871545908999906,-18.28995006443709],[-54.871547230999916,-18.289945246437064],[-54.87154761299996,-18.289944481437082],[-54.871904134999966,-18.28922990943705],[-54.873447239999905,-18.286905533437178],[-54.874772503999964,-18.284909290437167],[-54.87795124999992,-18.278362569437384],[-54.87816618999983,-18.27779617143742],[-54.87829124099988,-18.276888613437393],[-54.878166153999935,-18.275981058437395],[-54.87681311899996,-18.27293517743753],[-54.87634214399998,-18.27232155143748],[-54.87633015399996,-18.272310765437563],[-54.875791389999904,-18.27185939143744],[-54.87554694399989,-18.2717150564375],[-54.87516876799999,-18.271516850437447],[-54.874727406999966,-18.271362080437513],[-54.87448685599997,-18.27129509743756],[-54.873853050999905,-18.27120021143757],[-54.87381259499995,-18.271196830437518],[-54.872724748999985,-18.271196805437604],[-54.8719604129999,-18.271209296437494],[-54.86866129799995,-18.27178894443758],[-54.867733641999955,-18.271817958437584],[-54.866189618999904,-18.27151168043756],[-54.86534986699996,-18.27111428343754],[-54.86469631199998,-18.270572700437576],[-54.86419899699996,-18.269932063437537],[-54.86392669199989,-18.26938199643761],[-54.8632926589999,-18.26754704343769],[-54.86322512599991,-18.267405673437644],[-54.862510039999904,-18.266216456437686],[-54.86204162099989,-18.26544439643767],[-54.861117055000015,-18.264448374437723],[-54.860783194999954,-18.26397098843778],[-54.8605385439999,-18.263455092437717],[-54.86038033799991,-18.262884728437797],[-54.860324803999966,-18.262278151437815],[-54.86038477199991,-18.26164337343778],[-54.860405593999985,-18.261570722437856],[-54.86050314299995,-18.261230363437864],[-54.86055163599991,-18.26106116143787],[-54.86057365399994,-18.26101671443782],[-54.860775392999926,-18.260609467437835],[-54.8608300169999,-18.260499196437863],[-54.86085269999995,-18.260468254437775],[-54.86221077299996,-18.258615699437907],[-54.86272012399991,-18.25792089243793],[-54.862835214999905,-18.25777636543795],[-54.864514914999916,-18.255667075437934],[-54.867546567999916,-18.251860063438052],[-54.87303538199996,-18.243903184438313],[-54.8733612989999,-18.243315953438326],[-54.87500817299991,-18.237643952438486],[-54.875110089999914,-18.23710207143844],[-54.87516434099996,-18.23029776043857],[-54.87518264299996,-18.227364373438665],[-54.8751036239999,-18.22677795243876],[-54.87350453199998,-18.21970035543891],[-54.871588673999895,-18.214168433439003],[-54.870251469999914,-18.20759918543929],[-54.87000519100002,-18.206920244439267],[-54.86968540199996,-18.20639090543931],[-54.8692742969999,-18.205922680439297],[-54.868741996999965,-18.205501861439316],[-54.86383291599998,-18.20253788443935],[-54.86327844199991,-18.20226341743931],[-54.86259894299991,-18.202065555439432],[-54.856426398999986,-18.20087705543946],[-54.85558849999995,-18.200530854439442],[-54.85552536299997,-18.200504767439412],[-54.85535412399991,-18.200434015439416],[-54.854058882000004,-18.199472068439434],[-54.85383185899991,-18.19922735043946],[-54.85352298099991,-18.19889440043945],[-54.85343410099995,-18.198798592439424],[-54.8530537659999,-18.198113811439537],[-54.852837063999914,-18.197306775439483],[-54.85283560799991,-18.197286400439403],[-54.852832925999856,-18.197248833439463],[-54.85280545899996,-18.19686427543947],[-54.85282129899997,-18.196739070439506],[-54.8529011359999,-18.196107965439563],[-54.85291599699997,-18.19599050143959],[-54.852934811999944,-18.195946169439573],[-54.8542431969999,-18.192863508439657],[-54.854296666999915,-18.19273753243967],[-54.856942046999905,-18.18809394843978],[-54.85726371699991,-18.18732460243983],[-54.85894589599991,-18.17554890444013],[-54.858952252999984,-18.174271101440063],[-54.85785597999995,-18.16802393144034],[-54.855311061999885,-18.16094596144047],[-54.85514863599997,-18.16033428444049],[-54.855082576999905,-18.15970890044046],[-54.85494827499991,-18.152672095440717],[-54.85490096799998,-18.151217028440705],[-54.85327178399991,-18.144288498440954],[-54.852955901999906,-18.143584282440944],[-54.85292785399998,-18.143523191440977],[-54.84972569499996,-18.138525182441104],[-54.849682448999936,-18.13846133544113],[-54.844828501999984,-18.13129505744126],[-54.84449417899992,-18.130473850441284],[-54.84438969299998,-18.129622754441225],[-54.84438631199998,-18.129595218441334],[-54.84460526699996,-18.12687328244135],[-54.84463382799992,-18.126738437441304],[-54.84474587699998,-18.126209395441343],[-54.84476560399992,-18.126116252441435],[-54.84492694299985,-18.125764222441457],[-54.84509575899989,-18.125395873441374],[-54.845476597999955,-18.124911489441438],[-54.84558623799995,-18.124772039441435],[-54.84559288999998,-18.12476658444143],[-54.84614149499998,-18.124316597441354],[-54.84671173599992,-18.124003785441417],[-54.846805649999965,-18.1239522684415],[-54.84681547599996,-18.123949367441426],[-54.8505160929999,-18.12285688144151],[-54.85057265399996,-18.12283402844149],[-54.85059859899991,-18.12282354544151],[-54.85119697299996,-18.12255009744154],[-54.85575306199996,-18.119676719441618],[-54.85627356700002,-18.119269193441564],[-54.85633032199996,-18.119218775441574],[-54.85681545299992,-18.11864077344164],[-54.85716859599995,-18.117956002441655],[-54.85735143799997,-18.117262160441637],[-54.85771285399994,-18.11121768544185],[-54.857682858999965,-18.110663518441843],[-54.85754449599994,-18.110066771441822],[-54.85329050299999,-18.101637614442023],[-54.853146371999905,-18.101352024442107],[-54.853090933999965,-18.101242176442085],[-54.84961552199991,-18.09322307344227],[-54.849375125999934,-18.092202375442316],[-54.849388147999946,-18.091550685442346],[-54.84952916099997,-18.09089158344226],[-54.84956350099998,-18.09080810744238],[-54.85085419399991,-18.08767048544247],[-54.85086663599998,-18.08763480344244],[-54.85311126899995,-18.08119682244263],[-54.85415895699998,-18.07357257844272],[-54.85413852299996,-18.072406677442835],[-54.85405457599995,-18.071812133442773],[-54.85278158999995,-18.067327274443002],[-54.85246195999997,-18.06663409444292],[-54.85201663199996,-18.06604653844302],[-54.84738516199991,-18.061966439443122],[-54.84660188299989,-18.061441982443082],[-54.84601149599996,-18.061208074443165],[-54.84540804799997,-18.061078410443134],[-54.84234869099993,-18.060989771443168],[-54.84200392699995,-18.060926890443103],[-54.84169602099997,-18.06087073144316],[-54.84136891499998,-18.060811071443133],[-54.84055885899994,-18.060447503443193],[-54.84017297099996,-18.060176854443178],[-54.839849502999925,-18.05988065444315],[-54.83562394799998,-18.054617411443285],[-54.83526291899989,-18.05387951144337],[-54.83415561299989,-18.05063442444336],[-54.83404727699991,-18.05043267744337],[-54.83350492699998,-18.04965626544345],[-54.833504791999985,-18.049656106443365],[-54.833368049,-18.04949494044343],[-54.83280664799992,-18.04905666944343],[-54.83212860099997,-18.048719032443472],[-54.83135634499985,-18.04851025944342],[-54.828181247999964,-18.048411695443445],[-54.82727310599996,-18.048601797443467],[-54.82486021499989,-18.049520369443496],[-54.82457137299997,-18.049675417443442],[-54.82247384299996,-18.050762142443354],[-54.82244872499991,-18.050772094443378],[-54.82170350599989,-18.050962948443352],[-54.82122062399992,-18.051044398443445],[-54.820245057999955,-18.05095720444345],[-54.8200237979999,-18.050937428443397],[-54.81929667799989,-18.050665435443463],[-54.818917248999924,-18.050445183443436],[-54.818292270999905,-18.049920513443446],[-54.81797067499997,-18.04942802444339],[-54.817965178999934,-18.049419608443436],[-54.81702084499989,-18.04797346644346],[-54.81663707799993,-18.047572847443515],[-54.81649249199995,-18.047451869443535],[-54.81608220899994,-18.04715072144355],[-54.8154014669999,-18.046825451443542],[-54.81425378199992,-18.046413103443548],[-54.80958559699991,-18.04473588644352],[-54.80958341999991,-18.044735104443546],[-54.80956618199991,-18.044724581443596],[-54.80891686599995,-18.044328219443557],[-54.80890768299998,-18.04432261244361],[-54.8088390559999,-18.044256962443605],[-54.80835083799991,-18.043789914443547],[-54.808310014999904,-18.043750862443506],[-54.80800380200003,-18.043317582443652],[-54.8077380979999,-18.04276462244356],[-54.8077196349999,-18.04268604444362],[-54.807656112999894,-18.042415700443616],[-54.8070543369999,-18.039854575443755],[-54.80604294299991,-18.037170659443795],[-54.80577290499997,-18.0366166894437],[-54.80508200599991,-18.035790949443854],[-54.802336279999906,-18.033566816443827],[-54.8018566909999,-18.03309661744383],[-54.799748638999915,-18.030413161443967],[-54.799348029999926,-18.029616399443935],[-54.7991875379999,-18.028926580444008],[-54.79913241999992,-18.02778896844406],[-54.7992749419999,-18.02669883344401],[-54.79972222499999,-18.025759782443984],[-54.80138343899995,-18.02386649544406],[-54.80166076699999,-18.02353873244404],[-54.80211656299991,-18.02278340544419],[-54.80228329299996,-18.022302691444217],[-54.80277180499996,-18.02015317244421],[-54.80282747399997,-18.019544251444202],[-54.80277177999989,-18.01893533544429],[-54.801595714999905,-18.015513308444383],[-54.800237282999895,-18.01306936944441],[-54.79522681599997,-18.007533692444543],[-54.79466999199992,-18.00666568544461],[-54.79408961499996,-18.00530403344464],[-54.79391334399992,-18.004580770444658],[-54.793913210999904,-18.002774966444697],[-54.793913096999916,-18.001204345444688],[-54.793913081999904,-18.00101271744478],[-54.79409849399991,-18.00020208744475],[-54.79476053500003,-17.998643902444826],[-54.79519060799993,-17.998005779444796],[-54.79576835299997,-17.997445569444857],[-54.79787121599992,-17.996168529444905],[-54.798045964999915,-17.99609789244483],[-54.79828437499992,-17.99600152244484],[-54.80149132399998,-17.994705207444948],[-54.806223888999966,-17.99164322844508],[-54.806284743999925,-17.99160385444499],[-54.80647726299998,-17.99147929444491],[-54.80673496399998,-17.99138166844503],[-54.80696486999989,-17.991294571445014],[-54.80733839599998,-17.99115306644504],[-54.80850416099997,-17.991052581444954],[-54.81190978199993,-17.991451045444958],[-54.812895423999976,-17.99170272044501],[-54.81333115399997,-17.991906920444933],[-54.817969825999974,-17.994708867444945],[-54.819008970999896,-17.995095553444887],[-54.82437591599995,-17.99586619844497],[-54.825477900999836,-17.99570389844492],[-54.82585990399991,-17.995552488444922],[-54.826360122999915,-17.99529470944484],[-54.826565409999944,-17.995171509444926],[-54.8296827439999,-17.992765552444986],[-54.830234497999925,-17.992214011445014],[-54.83056952199985,-17.99171077744507],[-54.83058698399998,-17.991677077444997],[-54.83082105299997,-17.991137065445024],[-54.83115650699984,-17.98949660844507],[-54.831162434999904,-17.988626702445153],[-54.82999876199989,-17.97926837144536],[-54.82731408799998,-17.9700833864455],[-54.82721443499997,-17.96944510344546],[-54.82722675499992,-17.968828161445572],[-54.82730696199991,-17.968525828445536],[-54.82736234299989,-17.968317075445512],[-54.82748385699989,-17.967859041445614],[-54.82986323199992,-17.96288282844579],[-54.830255485999885,-17.962232525445813],[-54.830687010999895,-17.961740351445776],[-54.83145222899998,-17.961187600445815],[-54.83234196399996,-17.960848568445826],[-54.83259879599991,-17.960810878445823],[-54.83267738399991,-17.960799345445746],[-54.8331230629999,-17.96073394244586],[-54.83729775599995,-17.96058120544585],[-54.83804723399993,-17.960645931445857],[-54.83872161299996,-17.960824089445833],[-54.841890737999904,-17.962435418445807],[-54.84292556999998,-17.962718395445783],[-54.85035132999997,-17.962712234445796],[-54.85127961399991,-17.96259279744577],[-54.851879768,-17.962383735445712],[-54.852424087999964,-17.962083972445786],[-54.85425527999996,-17.960789398445836],[-54.85479510099992,-17.960288528445858],[-54.85516141399995,-17.95978781844582],[-54.858475320000025,-17.954217887446006],[-54.85857698499996,-17.95407811644599],[-54.85869222599996,-17.953919683446024],[-54.85893026599996,-17.953592423446086],[-54.861735276999866,-17.950499279446124],[-54.86219588499995,-17.950133381446143],[-54.862745661999895,-17.949825741446077],[-54.86351794199993,-17.94957431444617],[-54.86431991399991,-17.94949705844618],[-54.86498532999991,-17.949554528446125],[-54.869476780999946,-17.95033481344607],[-54.874886738999976,-17.95040859444598],[-54.876937558999884,-17.950069837446094],[-54.87892435999993,-17.949729832446053],[-54.882014080999966,-17.94852980844619],[-54.88234474899997,-17.94832596644611],[-54.882743507999926,-17.948023354446192],[-54.88297503599989,-17.94782162944612],[-54.883920302999975,-17.94684689844622],[-54.89005583499994,-17.940205935446293],[-54.890910377999944,-17.9387865154464],[-54.89168838299997,-17.937487743446443],[-54.893147608999925,-17.934401301446595],[-54.89320290399996,-17.934323816446476],[-54.89550664399991,-17.931095635446617],[-54.89560625999991,-17.93095604444662],[-54.897907301999965,-17.926738344446715],[-54.89875825299998,-17.922638131446867],[-54.90005370299991,-17.91914698944693],[-54.90036517699991,-17.914949144447075],[-54.8995492709999,-17.907912250447254],[-54.89787205599998,-17.89733435444751],[-54.89543302799996,-17.888524365447758],[-54.89400418899993,-17.88209241244793],[-54.89376263699995,-17.88100506344796],[-54.89375209899987,-17.880957621447923],[-54.893617643999846,-17.875320455448044],[-54.893352335999914,-17.8723958664482],[-54.893063689999906,-17.869232228448244],[-54.89320760499993,-17.86042411344846],[-54.89321512099991,-17.859964096448497],[-54.893215839999975,-17.859920097448498],[-54.89337951199997,-17.85900359144855],[-54.89426827099992,-17.85641736344859],[-54.89431671699987,-17.856330579448624],[-54.89515855499997,-17.854822562448675],[-54.89654808199993,-17.852333448448725],[-54.89733739999997,-17.849435392448758],[-54.89741555499996,-17.84864227544878],[-54.89719224299996,-17.84436131644892],[-54.89729725799998,-17.84126626644905],[-54.897310980999976,-17.84119389344903],[-54.89744788899992,-17.840471866449054],[-54.89745821899993,-17.840417387449026],[-54.89883522399998,-17.837017351449155],[-54.89884793199997,-17.836994853449138],[-54.89940734699991,-17.836004527449145],[-54.9010136199999,-17.833160957449234],[-54.90249676999997,-17.829301424449365],[-54.90266193499997,-17.828710991449377],[-54.90271450399996,-17.82795925644929],[-54.90242006099994,-17.82465674044952],[-54.90225487599997,-17.824066315449492],[-54.90115120999986,-17.821220201449552],[-54.90101306500003,-17.82086395644959],[-54.900314913999914,-17.818198073449526],[-54.90027015099998,-17.817594209449684],[-54.900257625999984,-17.817425245449616],[-54.90038751799989,-17.816533804449627],[-54.90248207199994,-17.809013177449803],[-54.902760207999904,-17.80829843344983],[-54.90323458799992,-17.807587252449917],[-54.90644626699998,-17.80412667845004],[-54.908356269999956,-17.800529988450084],[-54.909535557999895,-17.79741930845014],[-54.909626678999985,-17.797178262450227],[-54.9104607619999,-17.79450212245029],[-54.9106314739999,-17.793951239450283],[-54.91134003499991,-17.790149303450388],[-54.9117138389999,-17.78498995745049],[-54.91230584799996,-17.77985890845064],[-54.91179632899992,-17.772916062450864],[-54.9115269269999,-17.769287509450855],[-54.9114195649999,-17.76872104245098],[-54.91122759899991,-17.76820181645101],[-54.909628350999924,-17.765304110451087],[-54.90960795299992,-17.765260109450978],[-54.908876734999915,-17.763682785451095],[-54.90878957399991,-17.763494769451174],[-54.90864378199985,-17.762728603451023],[-54.90868529499989,-17.76196194145122],[-54.908994047999954,-17.760973106451036],[-54.909721360999924,-17.7593774214512],[-54.91007443399991,-17.758805436451254],[-54.91045404799996,-17.758364117451148],[-54.91226732099989,-17.75664581145121],[-54.91306381699991,-17.756066246451326],[-54.913598339999965,-17.755817139451327],[-54.914178591999935,-17.755658371451336],[-54.91434338699998,-17.75564463345126],[-54.91661884099989,-17.75545493845131],[-54.916659205999906,-17.75544922745134],[-54.917915234999946,-17.755271507451333],[-54.920233476999904,-17.7549373764513],[-54.92426598199996,-17.753458391451275],[-54.92671352899987,-17.75290961345135],[-54.92742818699992,-17.752571905451408],[-54.92804961999991,-17.752093986451303],[-54.92868725899991,-17.751271182451458],[-54.9325640429999,-17.74376015245166],[-54.93336771199994,-17.74057539845168],[-54.93370470499991,-17.737928304451756],[-54.93368270699989,-17.73711686945176],[-54.93299843199991,-17.732528997451894],[-54.93299280699983,-17.732366137451848],[-54.932860619999985,-17.72853842945206],[-54.93278093499998,-17.72623104845207],[-54.93217637699996,-17.722479547452096],[-54.931889122999905,-17.721606481452188],[-54.93117204099997,-17.720431792452185],[-54.93022218899989,-17.71888092045222],[-54.92927430299983,-17.717866725452275],[-54.92812055699994,-17.716643931452303],[-54.92772934199991,-17.71629726345235],[-54.921684978999906,-17.71178697545247],[-54.92160338499991,-17.711712468452557],[-54.919816723999986,-17.71008099845248],[-54.9197313759999,-17.710003065452543],[-54.91970259199985,-17.709959599452525],[-54.9192418209999,-17.709263783452574],[-54.91914954099991,-17.709124431452505],[-54.91909234499991,-17.708917899452572],[-54.918948894999915,-17.70839989845266],[-54.918855820999966,-17.70806381345254],[-54.91886014399995,-17.707328621452586],[-54.91927726899991,-17.705306529452567],[-54.92061752599989,-17.701934581452836],[-54.92080311999996,-17.701219338452805],[-54.92085553299995,-17.699715534452746],[-54.92103713999995,-17.69450495445301],[-54.92104003599991,-17.69442185545297],[-54.92180167799995,-17.68820263245306],[-54.92204065699997,-17.684244918453253],[-54.92226222799991,-17.6834088734532],[-54.922338632999924,-17.68327489545325],[-54.9226379839999,-17.682749973453248],[-54.92359069799994,-17.6810793674533],[-54.923615935999976,-17.6810475084533],[-54.923626640999885,-17.68103399345333],[-54.92568729699997,-17.67843259945338],[-54.925803333999966,-17.67834174545332],[-54.92914872299991,-17.675722392453448],[-54.92944936099991,-17.675487000453362],[-54.933569732999956,-17.672570701453566],[-54.93409395599991,-17.672118685453462],[-54.93448211699996,-17.671633728453564],[-54.935332849999895,-17.670185721453525],[-54.93558446299994,-17.669471759453636],[-54.9356676779999,-17.668865720453606],[-54.93563985399994,-17.66825503745364],[-54.93545052999997,-17.66751338345358],[-54.934434507999924,-17.6656016014537],[-54.93405171499995,-17.665159572453664],[-54.93183045799992,-17.6630918964538],[-54.931147383999985,-17.662484704453746],[-54.928924061999915,-17.660569316453863],[-54.928524212999946,-17.66015136545391],[-54.9281459149999,-17.659612961453863],[-54.92666917199995,-17.65697135145398],[-54.924884402999965,-17.654766099453923],[-54.92451379199991,-17.654163790454003],[-54.92422824799985,-17.653385273454017],[-54.92365836399995,-17.65049724345413],[-54.922605263999856,-17.64819747345427],[-54.92239608299997,-17.647431172454183],[-54.922352438999894,-17.64661722045422],[-54.92268630599989,-17.64296952945429],[-54.92284993599992,-17.64237761245435],[-54.92377752099992,-17.640083084454485],[-54.92412409499991,-17.63951917345447],[-54.92453517599995,-17.639059726454455],[-54.9250222259999,-17.63867648545445],[-54.92560357499997,-17.638364728454448],[-54.928542319999906,-17.63744181545446],[-54.92935509399996,-17.6373950054545],[-54.93018443799991,-17.637512960454504],[-54.93036713999992,-17.63758099745445],[-54.93345916700002,-17.63873245445447],[-54.933465885999915,-17.638734361454368],[-54.93352090399992,-17.63875505145447],[-54.937578935999966,-17.63992611245435],[-54.93829944699996,-17.639988452454478],[-54.94136201799989,-17.639969576454398],[-54.943351090999954,-17.639977214454404],[-54.94874676599994,-17.64078940845443],[-54.95250463899998,-17.641355069454406],[-54.952883646999915,-17.641338649454394],[-54.95318836299998,-17.641303944454375],[-54.953683718999905,-17.64119864945447],[-54.954681717999904,-17.640726753454402],[-54.95637784999991,-17.639289287454417],[-54.95674474999999,-17.638862836454425],[-54.95706350199998,-17.638333457454493],[-54.95737011899996,-17.637342443454443],[-54.958387105999975,-17.62823163945475],[-54.958403076999964,-17.628084213454684],[-54.958570333999944,-17.623118210454823],[-54.95872394199995,-17.622347363454836],[-54.9589336759999,-17.621755410454885],[-54.9595380799999,-17.620555857454864],[-54.96010401299993,-17.619852620454903],[-54.96010618999992,-17.61985099745496],[-54.96419077099995,-17.61680579745495],[-54.964401338000016,-17.616648813455022],[-54.96592252899995,-17.61544900945509],[-54.96599983520417,-17.615387556900465]]]},"properties":{"OBJECTID":1,"Bioma":"Pantanal","CD_Bioma":6,"complement":null,"nome":"AUR_Pantanal_LEI_6160_DE_18122023","Shape__Area":8.366275274135653,"Shape__Length":30.787554237523462}}],"atlas_metadata":{"source_url":"https://www.pinms.ms.gov.br/arcgis/rest/services/IMASUL/CAMADAS_API_SISGEO_v1/FeatureServer/17","where":"1=1","capture_utc":"2026-08-16T15:18:23.776581+00:00","object_id_field":"OBJECTID","arcgis_id_count":1,"output_crs":"EPSG:4326","filtered_to_ms_by_local_boundary":true,"ms_feature_count":1,"capture_date":"2026-08-16","purpose":"fonte territorial do ISGT V0.1","ms_filter_method":"spatial_envelope_then_exact_intersection_with_ibge_ms_boundary"},"name":"aur_pantanal_ms"}