{"type":"FeatureCollection","features":[{"type":"Feature","id":1,"geometry":{"type":"Polygon","coordinates":[[[-55.856328796841815,-19.612937078344828],[-55.856927725193486,-19.61256129662009],[-55.858148428318486,-19.612135957874976],[-55.87294387817383,-19.609632133182995],[-55.88794845975252,-19.61220940573123],[-55.892507022985,-19.61382302267444],[-55.893450009389255,-19.614417918627705],[-55.89471022377592,-19.614668590854773],[-55.894929847975675,-19.614800341196435],[-55.90221881431802,-19.61153045908131],[-55.90284324152492,-19.61139681379892],[-55.90341599692715,-19.61101411087439],[-55.91210626065117,-19.608405337020766],[-55.91501305996752,-19.607844576522677],[-55.92353057861328,-19.607030509647913],[-55.93674425997534,-19.60934365767421],[-55.94065424582619,-19.608498755424534],[-55.95104696242112,-19.6081563658953],[-55.95248988903347,-19.607976072767602],[-55.95301785432298,-19.607400559414337],[-55.96636948067754,-19.59847928790302],[-55.96646466218431,-19.59833683871145],[-55.96764721272849,-19.597546683699584],[-55.968351315081065,-19.596556028959665],[-55.97116274696572,-19.5940516802049],[-55.983864147561974,-19.586085064244113],[-55.98911687515283,-19.585040231763887],[-55.99731858481783,-19.579560024571432],[-55.997761108706754,-19.579472001097088],[-55.99812039221172,-19.579236899373036],[-56.000042999633536,-19.578483496663043],[-56.00469345725003,-19.577604847529695],[-56.00732097883321,-19.575534991562606],[-56.01119289655787,-19.57316606456072],[-56.0174525569858,-19.569979412389063],[-56.02243459848222,-19.568250493334233],[-56.03262912121818,-19.565370222650436],[-56.03509881536763,-19.563455957207864],[-56.037967467711496,-19.561762231621973],[-56.043621380227925,-19.55893967850257],[-56.047499373465314,-19.55753800931683],[-56.0557581930454,-19.55497453275439],[-56.065276856186806,-19.553531235274225],[-56.068181133429505,-19.551827764968575],[-56.073723156351036,-19.549071056676766],[-56.07936726890961,-19.547160527889307],[-56.08558141075525,-19.545506856624698],[-56.09714508056636,-19.543994544683756],[-56.101044892797,-19.54431929878734],[-56.10895185632513,-19.54237356466413],[-56.111999799440355,-19.54209890646102],[-56.11603546142578,-19.541917442022605],[-56.13094314393448,-19.54488276444252],[-56.136860210794396,-19.541138393713037],[-56.13696773109712,-19.541117006595023],[-56.137057935517426,-19.541057043635433],[-56.139835035126794,-19.539922171199],[-56.1410953204629,-19.539674598159813],[-56.154549821388,-19.536639299225456],[-56.156266435157534,-19.536551561188354],[-56.15665346920446,-19.536618323475533],[-56.15684509277338,-19.536580680548145],[-56.15748285520863,-19.536707539383947],[-56.15856170654291,-19.53649294251098],[-56.17250326125867,-19.538708800271554],[-56.17372231530021,-19.53910635375474],[-56.174545471146985,-19.539196629781326],[-56.18482634433406,-19.541832355568307],[-56.18597014151868,-19.54205110611326],[-56.18756431488612,-19.542093703458292],[-56.190090925773404,-19.542631456770295],[-56.19943526735284,-19.544019676031215],[-56.20521071901294,-19.545774436773403],[-56.20844224366721,-19.546931502932786],[-56.2140388488769,-19.546527503667996],[-56.220468247757196,-19.54780639062013],[-56.22267886494569,-19.547341359124264],[-56.22437145911863,-19.547304149743145],[-56.225547456373825,-19.545863770475528],[-56.22877765218368,-19.542932749803498],[-56.23244357625589,-19.53991723161497],[-56.24380143393887,-19.533100826574632],[-56.2490995213937,-19.531283858406244],[-56.25427988028042,-19.529860976326187],[-56.26618957519531,-19.52825510376619],[-56.27113638332901,-19.528528036058386],[-56.275599579129796,-19.529022039354267],[-56.28231196463287,-19.530746486312236],[-56.285620119672274,-19.53131321849268],[-56.28652453274862,-19.53163246448994],[-56.28893628837227,-19.53154686982262],[-56.28969778101305,-19.53168434635514],[-56.29053115844721,-19.531518577276792],[-56.307738940816826,-19.53494141800526],[-56.31493075705732,-19.539746835984822],[-56.32248274574858,-19.541249019933673],[-56.327208397152845,-19.543802615603454],[-56.329621969939176,-19.541670410362418],[-56.332555472136335,-19.539385406700386],[-56.342979748147854,-19.533316356970126],[-56.35343250404611,-19.530403798074197],[-56.36324499496834,-19.528912797903143],[-56.36580174090295,-19.528149227923397],[-56.366241588291864,-19.527562956442996],[-56.370414399733136,-19.522752427092335],[-56.37818221755152,-19.516540307139646],[-56.38349227614526,-19.51318337354597],[-56.39031251181978,-19.509648067786106],[-56.39407951576811,-19.508597706326377],[-56.40021529088614,-19.50379612876543],[-56.40541853795639,-19.50065854026447],[-56.41143067588223,-19.4976222346566],[-56.41878206527571,-19.49529293220961],[-56.42130358016823,-19.494726449665624],[-56.43115997314453,-19.493632911384257],[-56.43692415921737,-19.494003896070485],[-56.439949214148946,-19.494394902540318],[-56.4497890442314,-19.497019055307536],[-56.45870240439792,-19.49137566788429],[-56.46947986593215,-19.489231897496193],[-56.47209244085104,-19.487654385968042],[-56.475700548896896,-19.48506408582662],[-56.47895830036174,-19.48345046888331],[-56.480314480813945,-19.483133004392382],[-56.481708843606896,-19.482201320960638],[-56.49272158682754,-19.479207274059497],[-56.49576571524551,-19.478783842662967],[-56.50020607872705,-19.478476499899582],[-56.509098369974026,-19.47330163224023],[-56.514639731080024,-19.471418577240268],[-56.51816832605073,-19.470470624969842],[-56.52983474731445,-19.468930839241334],[-56.53048901749372,-19.469060981671518],[-56.53109863203122,-19.46894860507068],[-56.534829405957,-19.46905350924548],[-56.536130375133325,-19.469331352065495],[-56.53966789168271,-19.469739063589515],[-56.54353940229237,-19.469457730731136],[-56.54612382163424,-19.468039257362367],[-56.563331604003906,-19.464616416634026],[-56.56454691414257,-19.464858156850745],[-56.565611874027354,-19.464674271087166],[-56.57150939600002,-19.464973724822382],[-56.585685648028175,-19.46816936066615],[-56.58993010607071,-19.46758808951941],[-56.59603118896485,-19.467172263801928],[-56.601886015903915,-19.467621883814246],[-56.60996928247431,-19.464435676827915],[-56.61246522178067,-19.463015301063727],[-56.619783571427604,-19.46069343438413],[-56.62359063929864,-19.459835127499378],[-56.63348007202143,-19.458734153450525],[-56.63496242517982,-19.459029011826548],[-56.63622366240127,-19.458817931079434],[-56.641091216112166,-19.45911547746608],[-56.645520429633514,-19.46013796274836],[-56.64924231598826,-19.458284754164406],[-56.65063530372259,-19.457957137600644],[-56.652077038186974,-19.456993801430094],[-56.6633365151427,-19.454754152213418],[-56.66669095870616,-19.45294938504906],[-56.670788128274864,-19.45100472672316],[-56.67157900572016,-19.45074976229431],[-56.671652939620685,-19.450610141282656],[-56.67371792419556,-19.44781451271383],[-56.67597533511287,-19.44394650039283],[-56.68299437808162,-19.434974332424304],[-56.68661465608085,-19.430884980195273],[-56.69508416634159,-19.424238223919524],[-56.7038007495936,-19.418949146160873],[-56.70445898126377,-19.41861557675642],[-56.7086483474871,-19.413255356782653],[-56.7167138009919,-19.40685669946173],[-56.72239007052309,-19.40333001183963],[-56.72891267051114,-19.39998124344816],[-56.742022139024925,-19.396745557068773],[-56.75044855895403,-19.39597434391775],[-56.751125001539776,-19.394961976045757],[-56.75964063206334,-19.388287272585853],[-56.76216214695597,-19.38676139367963],[-56.76823456992525,-19.383688671427098],[-56.78544235229492,-19.38026583069863],[-56.79179008776811,-19.38127181193472],[-56.792475373826555,-19.38111373494828],[-56.795037883852785,-19.379535862127234],[-56.798550371439774,-19.378377916175314],[-56.798736140563676,-19.37826178903144],[-56.80660989131315,-19.37106600211984],[-56.81973679770846,-19.362715465861225],[-56.83272573423027,-19.35949097457683],[-56.836794169263044,-19.359107571364774],[-56.84277064837784,-19.355336094260448],[-56.84404139335339,-19.35448153219224],[-56.8467765312929,-19.353329493618038],[-56.84690913574867,-19.35330270673465],[-56.847023327249474,-19.353226406413224],[-56.86423110961914,-19.349803565684766],[-56.8695499685478,-19.350119246981727],[-56.87198374540333,-19.350409163973904],[-56.87267660403592,-19.350590241953405],[-56.874257761470524,-19.349296213645392],[-56.88552888144857,-19.342550976115536],[-56.88695041782422,-19.342268214949854],[-56.88799684374185,-19.341612617423905],[-56.90454881517735,-19.335869590690713],[-56.90513890562187,-19.335770127528907],[-56.907656847648866,-19.33491560490104],[-56.913820703305475,-19.333264962344508],[-56.914425601648475,-19.332677709810994],[-56.914836235804444,-19.332407706818763],[-56.92021370632631,-19.327927373538756],[-56.92355919582826,-19.32561948169311],[-56.93188508262056,-19.321089489299677],[-56.93554411630896,-19.319756396487552],[-56.942841632178045,-19.31745041199048],[-56.9471630201669,-19.316783884641186],[-56.94942631132858,-19.31141602827074],[-56.94956015187557,-19.311217085598965],[-56.95321472947205,-19.304293653302356],[-56.95767792527283,-19.297461530499856],[-56.963527345289776,-19.290258072850264],[-56.968155911966214,-19.287165363472973],[-56.97179379426444,-19.282727860448112],[-56.98062274096674,-19.27636431570913],[-56.98590611049224,-19.271835340350147],[-56.986683976210834,-19.271357695504605],[-56.987102065692284,-19.27100118456049],[-56.98794736558069,-19.26954786200985],[-56.991807839213436,-19.264583033518832],[-56.99550976716483,-19.260388993261195],[-56.995513887584934,-19.260386240084465],[-56.9955166397109,-19.260382122200046],[-56.99934544282895,-19.25655497370762],[-57.00023368391743,-19.254902062212096],[-57.001954112384226,-19.252351937090033],[-57.00743451081718,-19.245704316137484],[-57.02078460435422,-19.23649155599338],[-57.02367233018424,-19.23519265157446],[-57.0243171568888,-19.235054304973943],[-57.0249102901401,-19.234657986006116],[-57.0375444841805,-19.23146834418601],[-57.04179787163173,-19.231033468697674],[-57.04637145996094,-19.230800269789448],[-57.05261111547577,-19.231930335436516],[-57.05347090905241,-19.231676669014238],[-57.05741912072234,-19.23095378388242],[-57.0620881940015,-19.23052987276261],[-57.064567882913536,-19.228872997602842],[-57.07737266248148,-19.225666243281914],[-57.08045493787216,-19.225362974849297],[-57.08485794067377,-19.22514688844188],[-57.0913006887921,-19.226304411863605],[-57.093967754739644,-19.224522335371557],[-57.09591125882264,-19.224026892185716],[-57.10304862110979,-19.218890357687417],[-57.1062377080238,-19.21730153627632],[-57.10763467988545,-19.21697281501944],[-57.10908158530612,-19.216006023726333],[-57.12628936767578,-19.212583182997935],[-57.13662857528254,-19.213787987989246],[-57.138799294052376,-19.214300850116214],[-57.15333175659174,-19.211410163588727],[-57.16472052501547,-19.21287630830418],[-57.16859625743739,-19.21389101777681],[-57.17005465262435,-19.21438141633478],[-57.176842052835354,-19.210034115157036],[-57.18246841275038,-19.208128314483456],[-57.18799972378554,-19.20665393399033],[-57.193901526661705,-19.205880862168314],[-57.19670755609434,-19.205228807265375],[-57.19749395542323,-19.20517844893215],[-57.20060380210293,-19.20368645890731],[-57.21048557982385,-19.200864418587116],[-57.21462071165979,-19.200181587776644],[-57.21528551592655,-19.20012706765359],[-57.225578308105476,-19.198079703994402],[-57.24278609047508,-19.201502544722683],[-57.25737414396792,-19.21124997043531],[-57.26712156968074,-19.225838023927775],[-57.26964495056859,-19.24137374786208],[-57.27039563721588,-19.245147704490243],[-57.27031983253971,-19.24552880033256],[-57.270432194822995,-19.24622058230775],[-57.2702834216297,-19.24832248050106],[-57.26697279648738,-19.26235548685947],[-57.25722537077462,-19.276943540351944],[-57.242637317281776,-19.286690966064505],[-57.2313375293308,-19.28893863363658],[-57.229240100484844,-19.289944902832],[-57.22171316661855,-19.29231327443799],[-57.21593390026111,-19.293587383324667],[-57.213995610738834,-19.293798508046834],[-57.209729279798125,-19.296958035953732],[-57.20017592201805,-19.302365557128496],[-57.19149312738199,-19.30497288943973],[-57.17797002557535,-19.307584049718045],[-57.16944503784174,-19.308399558135203],[-57.16562037861138,-19.308236606816156],[-57.160928300974554,-19.307836063603276],[-57.15221504898244,-19.305713671274155],[-57.1512800782815,-19.305891909835925],[-57.14900950825307,-19.306325486022164],[-57.14057540893555,-19.307123541899887],[-57.139490516245026,-19.306907743326448],[-57.13852611692147,-19.307076820253418],[-57.13349711476502,-19.306847389352747],[-57.127193770066185,-19.311865910427617],[-57.11639372597318,-19.318230883055886],[-57.1006742648396,-19.321629086257435],[-57.09773694794512,-19.321726361037594],[-57.09702397789687,-19.321596771624247],[-57.096248626708984,-19.321750998564553],[-57.088519089074396,-19.320589291968922],[-57.07478713989258,-19.323320746489316],[-57.073819285648256,-19.32312822831032],[-57.07294781941414,-19.323283112405278],[-57.06945355671877,-19.32314006125782],[-57.06621515951577,-19.322426740444925],[-57.06093334817439,-19.323047869674987],[-57.05496630705392,-19.331978177801695],[-57.04954333496972,-19.33660242448318],[-57.04303668860018,-19.341314080425967],[-57.03671504429286,-19.346733078881005],[-57.03514068450875,-19.347699807222483],[-57.03152499235665,-19.35211024262056],[-57.02921733216073,-19.35365217186703],[-57.02853236787064,-19.355276704313724],[-57.02846769641803,-19.35537283296718],[-57.026287005360984,-19.359857247482694],[-57.02001182835903,-19.371009514938525],[-57.012619352708214,-19.380754804387347],[-57.00878188967642,-19.384176574136973],[-57.00000045657095,-19.391147933389664],[-56.99830150143026,-19.39214759994327],[-56.99601832304409,-19.39397096795663],[-56.98960581694058,-19.398012639709332],[-56.98283736000632,-19.401515261105438],[-56.968895671348044,-19.404819329308662],[-56.968691322438026,-19.404834211414062],[-56.961154590963815,-19.410535473488892],[-56.95522273671571,-19.413852352761324],[-56.95048491249656,-19.41614843981606],[-56.94490891773199,-19.418040784297308],[-56.9324916941839,-19.42136604023518],[-56.925029035165714,-19.423955354167273],[-56.92411813945495,-19.42470083643847],[-56.91455226230454,-19.433929863324494],[-56.90053908119768,-19.443112627437426],[-56.88789659256145,-19.44630311653776],[-56.88232713455358,-19.446871506430377],[-56.87776184082031,-19.4471038580584],[-56.87265356566775,-19.446812758623803],[-56.86885031249392,-19.446377883135536],[-56.86570721625827,-19.445564348824195],[-56.85824564028139,-19.447416678047915],[-56.856047034601715,-19.447623871347744],[-56.85491036161988,-19.448346953288304],[-56.84988114114094,-19.4523481024324],[-56.841618506863654,-19.45751320252992],[-56.83499113808249,-19.460927263667447],[-56.83315640650784,-19.46129221446848],[-56.83186183538544,-19.462089350311135],[-56.82608117682412,-19.463995033965254],[-56.81637349605142,-19.468725332875856],[-56.81513361328501,-19.469011340344917],[-56.813884418111854,-19.469846025874197],[-56.80222160384869,-19.47255577241454],[-56.79751777537291,-19.475636628929788],[-56.79008833656883,-19.479563967158185],[-56.78431881430561,-19.481507675609922],[-56.77816952231336,-19.4831251072505],[-56.77374701436099,-19.483697001419216],[-56.77082957606285,-19.484417085178148],[-56.76661368228707,-19.484802937384732],[-56.76636940738018,-19.485061516678087],[-56.766756416024464,-19.487007140519186],[-56.763333575295974,-19.50421492288836],[-56.7535861495831,-19.518802976380886],[-56.75251341012921,-19.51951975796811],[-56.751867508878775,-19.52043336806227],[-56.74391005038274,-19.527593554829668],[-56.74027204424442,-19.52988812880246],[-56.73456982423164,-19.53406630562831],[-56.728481567395704,-19.537230597010012],[-56.72495238075828,-19.538874880242606],[-56.71640368405133,-19.541456108374014],[-56.71274920407092,-19.54217327145982],[-56.7040901184082,-19.543014884056923],[-56.695781689702976,-19.542240640379397],[-56.69202802759367,-19.541534921385328],[-56.690159066122305,-19.540978687075796],[-56.68623822887117,-19.542115016999098],[-56.68374879426552,-19.54246848597391],[-56.68254269376779,-19.543329430522654],[-56.673625629049354,-19.548274294304804],[-56.67349673363566,-19.548299933196695],[-56.673388821261426,-19.548371594422928],[-56.669654232638436,-19.549893658631863],[-56.65268325805664,-19.55321919924221],[-56.65075696713876,-19.552836036155444],[-56.64919702684455,-19.553083851430408],[-56.64291803514527,-19.55259557018047],[-56.63584776313945,-19.550901631290383],[-56.62834419854329,-19.553859335299162],[-56.62768422990763,-19.553984712007004],[-56.62048470675114,-19.556155990096304],[-56.613179561487414,-19.557584594222234],[-56.604549407958984,-19.55842053896375],[-56.59768357694452,-19.55789327913901],[-56.59564069617909,-19.5575776526885],[-56.58908219251322,-19.55847582835858],[-56.58558693805344,-19.55871405110009],[-56.584989781852016,-19.558846767163864],[-56.578890080924225,-19.559119518018363],[-56.57794354808828,-19.558953132268655],[-56.576881408691406,-19.55916440493054],[-56.570473272724485,-19.55788974743488],[-56.55614471435541,-19.560739874901145],[-56.55155574345747,-19.560505100573412],[-56.54971180632196,-19.560315931723697],[-56.53617064247709,-19.56936384813732],[-56.51896286010742,-19.57278668886567],[-56.511843043287456,-19.57221944425949],[-56.50872251772313,-19.571719035655438],[-56.50270430336576,-19.575352922844207],[-56.49815702058237,-19.576956643858814],[-56.49571942902958,-19.577671899596105],[-56.491469802238434,-19.5782825058221],[-56.491282587305534,-19.578401038718567],[-56.485535846302184,-19.582509559908452],[-56.478368030140075,-19.5860248034386],[-56.477082161266026,-19.586323138898596],[-56.4757763553676,-19.587195650504988],[-56.45856857299798,-19.590618491233435],[-56.45136967513662,-19.590038492903503],[-56.44739476058584,-19.589393809065633],[-56.44738700952382,-19.58939160751683],[-56.447375460464116,-19.58939067450874],[-56.4459563930813,-19.589159885324175],[-56.44565006673355,-19.589072806893494],[-56.44379806518549,-19.589334845603588],[-56.43799631833588,-19.588807527443286],[-56.43305556068998,-19.591466204093795],[-56.42995148072407,-19.59233172109585],[-56.42671237028634,-19.596065854796933],[-56.41821810310444,-19.602727622258133],[-56.41382357185444,-19.605390280949475],[-56.407729785543495,-19.608475939200783],[-56.40761040851169,-19.608499684768784],[-56.40751037235526,-19.60856614576044],[-56.400540920450965,-19.611410002571834],[-56.40046409019521,-19.611425074479804],[-56.39642005882053,-19.612862235148558],[-56.390941007026754,-19.614498549265893],[-56.39049650864548,-19.61610571573223],[-56.38412075723278,-19.62691929281116],[-56.38260250772106,-19.628824734095232],[-56.379230833421104,-19.6325992105089],[-56.36935693184654,-19.640063776496667],[-56.36612206856529,-19.64187003565195],[-56.361407916646954,-19.644152895376635],[-56.344200134277344,-19.647575736104976],[-56.34412251307368,-19.64756029628764],[-56.344045536607496,-19.647575470343526],[-56.34016217479108,-19.647562118903217],[-56.3400155326255,-19.647532687813644],[-56.33153639968384,-19.646696797213725],[-56.32518492873663,-19.64543222507014],[-56.31675751914395,-19.642874971792622],[-56.3086960361876,-19.638525991851598],[-56.30464072948274,-19.63577087422066],[-56.296079165739975,-19.632401580237698],[-56.29574643809207,-19.632183511296507],[-56.29533799399752,-19.632102266714774],[-56.29511281172984,-19.631951804733973],[-56.29390889438679,-19.63171233068508],[-56.29322814941406,-19.631847739279202],[-56.2928444194809,-19.63177141064985],[-56.29214162414677,-19.63188523732967],[-56.290013023072504,-19.631732649439048],[-56.27602036704434,-19.628424898550872],[-56.27564017017517,-19.62817085912463],[-56.27463714179573,-19.628981375751703],[-56.269349971385566,-19.632399344501565],[-56.262145679098126,-19.636180178091685],[-56.25669953605041,-19.638037540899553],[-56.25197694083562,-19.639317371832135],[-56.241458720448236,-19.640717350298505],[-56.240658295800586,-19.640880667567696],[-56.235237610986076,-19.640934073329475],[-56.2350187851153,-19.64089166564403],[-56.23479461669922,-19.640936255514386],[-56.23286112648708,-19.64047351897743],[-56.22596286309442,-19.63913665975208],[-56.21961975097656,-19.640398383199884],[-56.20976327779715,-19.639003489523088],[-56.205852508544865,-19.639673590719497],[-56.20005347849656,-19.639298088399315],[-56.19854285837937,-19.639101631490018],[-56.18713410605801,-19.63605429308192],[-56.186224477522046,-19.63544649872573],[-56.185277954439016,-19.6352359228788],[-56.17793982740358,-19.631800835277808],[-56.17573982329742,-19.631742049743057],[-56.16999012335725,-19.63051830761413],[-56.16523706283528,-19.635591285670994],[-56.16465072882863,-19.635997016066174],[-56.164219236741424,-19.636642789610352],[-56.14963118324858,-19.646390215322853],[-56.14603450956957,-19.64770355273301],[-56.14159038725507,-19.64911499072131],[-56.13530574662343,-19.650089009118194],[-56.13077677572095,-19.651137388672506],[-56.12790049398268,-19.65131667944398],[-56.12661690354355,-19.65110265004187],[-56.12510299682618,-19.651403784810988],[-56.115916767568365,-19.649318479923277],[-56.10789521445645,-19.647980944082537],[-56.10693550501185,-19.64733968673309],[-56.1062854122103,-19.647210375234902],[-56.10610805567569,-19.64709186938721],[-56.10568852244592,-19.646996633935302],[-56.10407872019983,-19.64622606508766],[-56.098953959446305,-19.642598929995117],[-56.093677203756386,-19.645261064932274],[-56.08645528872614,-19.647561078894594],[-56.083624783355056,-19.648205762732527],[-56.07554050861518,-19.649114771409735],[-56.06960264931296,-19.652228609487693],[-56.0523948669433,-19.655651450216165],[-56.05161343242446,-19.65555122831613],[-56.04876236880745,-19.657255329943265],[-56.04846398836935,-19.65772914346467],[-56.046331572597865,-19.660105699861095],[-56.04539621648007,-19.6607679601237],[-56.0446589950422,-19.66187128997587],[-56.0310574670163,-19.671196221600432],[-56.029134859594315,-19.672046899090642],[-56.02861676545638,-19.6721563973713],[-56.02814833412748,-19.67246939317854],[-56.02497723497879,-19.673100164017452],[-56.01529661903959,-19.6795685447898],[-56.01507292988572,-19.67961303932896],[-56.014887378706355,-19.679735705675117],[-56.01043562699738,-19.681528613389972],[-56.00887072164682,-19.681831903449005],[-56.00202192869415,-19.68708090409187],[-56.000050666552454,-19.68821598785866],[-55.99808321134794,-19.68935105816892],[-55.99282042275047,-19.69194533006774],[-55.98118999894564,-19.69502093701056],[-55.96962383683626,-19.696466707274208],[-55.969622310063414,-19.69646680232759],[-55.96962162337218,-19.69646698390139],[-55.960157359456225,-19.69764954005365],[-55.95650323774885,-19.697876946454976],[-55.95606282570702,-19.697972114350577],[-55.95467310300609,-19.69801789896297],[-55.95375931726801,-19.69859385163554],[-55.95082581507074,-19.699629541943125],[-55.935855865478466,-19.702194571552855],[-55.93521809240081,-19.70206771060009],[-55.934110856450616,-19.703028011248335],[-55.93334791699749,-19.703600215838165],[-55.923576037984844,-19.709170595570225],[-55.90835099515499,-19.71254970147831],[-55.902560284705714,-19.712805286195096],[-55.90162518646184,-19.712640632205154],[-55.90057754516596,-19.712849021015483],[-55.88443741953859,-19.70985251128931],[-55.88139710581788,-19.70868330657737],[-55.88092261868963,-19.708374964347293],[-55.88032944907559,-19.70825697557514],[-55.879033491846144,-19.707588832454498],[-55.864498138427734,-19.710480094013597],[-55.85914682262694,-19.710160534415785],[-55.85605298530419,-19.709789708377542],[-55.85520901283121,-19.710068304753385],[-55.851630826796,-19.710962851262142],[-55.84072494506836,-19.712305426655092],[-55.8365909802626,-19.71211499510432],[-55.83340952274301,-19.711821263414873],[-55.824523461845615,-19.709624247535128],[-55.82374954223633,-19.70977818971668],[-55.81283460176218,-19.70843334863776],[-55.80419049775821,-19.70627041528814],[-55.79847623284854,-19.70438347125298],[-55.79826376293789,-19.70434217901573],[-55.7908174738754,-19.701334290221748],[-55.790651268722,-19.701224289809396],[-55.790451366800255,-19.701184526844848],[-55.77586331330741,-19.69143710113239],[-55.77220985013247,-19.68730527716534],[-55.7673842580914,-19.681121652897925],[-55.761290295553636,-19.670665423372487],[-55.75786745482508,-19.65345764100328],[-55.758073976213154,-19.649152960685036],[-55.75861566322487,-19.64352056017243],[-55.76003130472105,-19.637841345903023],[-55.76051804522871,-19.634845613497532],[-55.75844473045868,-19.62865566891906],[-55.75743771369582,-19.62247854289919],[-55.75620035123052,-19.617118810755652],[-55.755914865838406,-19.61245037331788],[-55.75537042240319,-19.61209466477495],[-55.75376824955163,-19.610557341776882],[-55.7535085634288,-19.610177250264606],[-55.75310482942063,-19.609907483824845],[-55.743357403707925,-19.595319430332378],[-55.74156093151345,-19.590095713765397],[-55.74034043772485,-19.585681863179577],[-55.73883438110346,-19.585773825706156],[-55.73019688973437,-19.58493644533323],[-55.727156576013606,-19.5843413525598],[-55.71858628501309,-19.581755892204356],[-55.71494339547838,-19.580052307303596],[-55.70963715158189,-19.577275207694353],[-55.70676434127358,-19.575163916452766],[-55.69096787681002,-19.57184721605718],[-55.67637982331718,-19.56209979034462],[-55.67635311232448,-19.562059814519145],[-55.67631337455743,-19.562033202425347],[-55.67449376396172,-19.560205962435173],[-55.664812787008714,-19.545684496861963],[-55.66312245736208,-19.540838225179034],[-55.66237859139528,-19.538236601644005],[-55.66064608031343,-19.5258750909577],[-55.66406892104186,-19.508667308588475],[-55.66415818337743,-19.508486282882924],[-55.66233203798208,-19.5032128833762],[-55.66212567382007,-19.50198631899945],[-55.660832041356684,-19.497814606889378],[-55.659363382909476,-19.49087948726077],[-55.658387779532184,-19.481563567521277],[-55.65840692953633,-19.481324169008545],[-55.64584317170579,-19.47292933441434],[-55.641225502247266,-19.467082741684735],[-55.63494839631517,-19.462026929629463],[-55.62927300586415,-19.455087834401187],[-55.626980372807516,-19.45163171867856],[-55.62609409515961,-19.449966924465524],[-55.62411101015283,-19.449621275970937],[-55.621764093282934,-19.448939717077728],[-55.61708450317383,-19.449606299464584],[-55.60838319571729,-19.448756380188563],[-55.606864946205576,-19.448456926453275],[-55.598358471292336,-19.44588400500084],[-55.58603814852597,-19.437651828516255],[-55.58261521567715,-19.43697096483994],[-55.581627271923885,-19.436310841928474],[-55.58061037291105,-19.436082658581167],[-55.57226381529381,-19.432138261608557],[-55.56857082135775,-19.42953823565884],[-55.56230216222667,-19.425700434279985],[-55.562065511012925,-19.42549866023435],[-55.56199597978486,-19.425472992818264],[-55.561282223236965,-19.425015985678076],[-55.560360271829545,-19.424832598140974],[-55.54577221833665,-19.41508517242852],[-55.53877379934164,-19.406026006208894],[-55.527222896021335,-19.386317372786543],[-55.524473889303636,-19.380788485513705],[-55.521051048575146,-19.36358070314448],[-55.521081461089864,-19.36298453460264],[-55.51999924941106,-19.36111227701801],[-55.51739839229566,-19.348036885329144],[-55.51427938109367,-19.34192232638344],[-55.50915498861798,-19.33370803968562],[-55.50576279921569,-19.327115694987732],[-55.50564824787011,-19.326539806483886],[-55.505348139588875,-19.32607835493702],[-55.50395939332333,-19.322474934249495],[-55.50171487908471,-19.318617373727225],[-55.50113271842423,-19.317441861426417],[-55.500367434995496,-19.317413621639904],[-55.48481782187838,-19.314021364623365],[-55.48033106501038,-19.31186461499901],[-55.46599161798889,-19.303966284310736],[-55.45589032136405,-19.296375608222537],[-55.45019669710229,-19.289409003842117],[-55.443833782063166,-19.279801688778953],[-55.439779980612165,-19.272180239666888],[-55.4367616932509,-19.260990655763106],[-55.436060245064255,-19.255796806162557],[-55.43015248099448,-19.248992754436596],[-55.42483224791852,-19.24302496878726],[-55.42327427760256,-19.24054215746696],[-55.42135382285369,-19.238027566549768],[-55.41990522307674,-19.237739422138887],[-55.41870498657215,-19.237850546906564],[-55.403986612115716,-19.235373499778877],[-55.39459864214501,-19.23212147036002],[-55.39354393806451,-19.231461057095153],[-55.392109234231896,-19.231175676759293],[-55.38882699831721,-19.229658775337093],[-55.38787289969611,-19.229170359750082],[-55.37837219238281,-19.230303168366646],[-55.36634829987492,-19.228665767466932],[-55.359378847970625,-19.22673171595336],[-55.35419495810879,-19.224946276124633],[-55.344088278928666,-19.21819320899631],[-55.343410174947785,-19.218646303590678],[-55.33622319782909,-19.220938345350806],[-55.33256871784869,-19.221773764052017],[-55.3225479125976,-19.222904563020165],[-55.32234563240263,-19.222864326987693],[-55.322147706596354,-19.22290278203406],[-55.31850467070769,-19.222870357107297],[-55.31814729689962,-19.22279761627181],[-55.31014318150789,-19.222010265219495],[-55.30559224766995,-19.221106181967617],[-55.29714616050143,-19.21854521411308],[-55.29603785283791,-19.217804666608195],[-55.294915995788536,-19.217549659866588],[-55.28871711273188,-19.214578010696744],[-55.28170438246742,-19.20961158682019],[-55.27740412000696,-19.20683777290419],[-55.270953466930735,-19.200791477738285],[-55.27055018534412,-19.200208557146436],[-55.26990857087566,-19.19977984406486],[-55.26570474281283,-19.194927923167697],[-55.26207498799744,-19.190078221346248],[-55.26146791166689,-19.189597594428],[-55.25632938020368,-19.186632208013318],[-55.252715915030876,-19.183860062666714],[-55.250014613226945,-19.18222694654284],[-55.24638302143007,-19.17919998426259],[-55.24337735139329,-19.1764548776348],[-55.24278961612447,-19.17564457305557],[-55.241077740091214,-19.175191179690426],[-55.24023208637453,-19.17462613194186],[-55.239344292146036,-19.17443002387932],[-55.23601787613052,-19.17288507148679],[-55.23600807548621,-19.17287822014968],[-55.235998647460974,-19.172876135227785],[-55.235923382380236,-19.17284113523901],[-55.23365861650302,-19.172199350783103],[-55.227944199999115,-19.17058001179394],[-55.22299607505221,-19.16886068957829],[-55.208408021559364,-19.15911326386572],[-55.20783554812482,-19.158256496824688],[-55.207081844350746,-19.157729310656507],[-55.203507473012905,-19.153836412096975],[-55.20260508670992,-19.15242151509774],[-55.19851962129309,-19.147290584040682],[-55.19599810640045,-19.143264171076922],[-55.19256470961608,-19.136605898850025],[-55.19130954871065,-19.132126042432347],[-55.190942576515965,-19.131915559565897],[-55.1875093489769,-19.12931202868223],[-55.18288388215507,-19.125278806469197],[-55.17950935866111,-19.121500753872684],[-55.17698402907132,-19.118330740444982],[-55.17061112685247,-19.107520739549066],[-55.167188286123924,-19.090312957179844],[-55.170611126852464,-19.07310517481058],[-55.17101989882531,-19.072493404320447],[-55.17116254044362,-19.07183002572326],[-55.171933109291274,-19.0701210413483],[-55.17425484257307,-19.066759909063418],[-55.17228959364934,-19.0635697050042],[-55.170973124197474,-19.059963165691233],[-55.170481028250265,-19.058412491252724],[-55.169536520456056,-19.052313623394504],[-55.16918565440414,-19.051610771505292],[-55.16385911269225,-19.043008486743126],[-55.16170493164856,-19.036406545450575],[-55.161117468269644,-19.03398612003559],[-55.16068124055704,-19.030339309273398],[-55.15828957252711,-19.026963495292435],[-55.15343735976261,-19.01817671489319],[-55.15014812589453,-19.00443270340466],[-55.149979159606865,-19.00224572840549],[-55.14603922129197,-18.989009688330007],[-55.144170402823185,-18.976181029692583],[-55.144501046431515,-18.971934941222813],[-55.14382432265319,-18.970922152516486],[-55.143637272758326,-18.969981789193426],[-55.14317237720019,-18.96925511852775],[-55.14188682422178,-18.965764670529733],[-55.13911592894625,-18.95022392214924],[-55.140330783734846,-18.939842270196838],[-55.14097165287552,-18.937141464532733],[-55.143179638815305,-18.930315334116095],[-55.14475485193578,-18.927338784505974],[-55.14359925551457,-18.925328890798912],[-55.14042975218143,-18.912887554762122],[-55.14001395017948,-18.908987026808067],[-55.13976061278413,-18.90422058047564],[-55.143183453512556,-18.887012798106475],[-55.15034691358704,-18.875238178830585],[-55.15203682447577,-18.873233555417613],[-55.15462079011405,-18.87042012120098],[-55.15595211333681,-18.869504259304687],[-55.157245671853104,-18.864182821069715],[-55.15661118788756,-18.863233248710696],[-55.153704021000635,-18.8528158835536],[-55.1532165203638,-18.849624678727107],[-55.15216412507499,-18.848732328204832],[-55.14809767423111,-18.84406298766691],[-55.14184920011008,-18.835802260738422],[-55.140301108995914,-18.8330993670022],[-55.13860760618309,-18.83087569504943],[-55.13527356077293,-18.82500296860915],[-55.132834179830986,-18.8200108213436],[-55.13066896880434,-18.813363331545922],[-55.12878832305239,-18.805579441775627],[-55.127530693350536,-18.795019149204123],[-55.12765145644045,-18.794412032152746],[-55.127546066207294,-18.793843445763],[-55.127879259330314,-18.78110445614946],[-55.1278287296949,-18.780813802776425],[-55.12458583951758,-18.767263437663832],[-55.124047967203126,-18.760301615154233],[-55.12429479324737,-18.758750409639063],[-55.12391436034272,-18.756837844273438],[-55.125586117674914,-18.74469082612606],[-55.12769564526281,-18.73717205781566],[-55.12902927206619,-18.733317774903615],[-55.12908830686781,-18.733003461128526],[-55.13168953884809,-18.726322989696758],[-55.13107397013664,-18.71996425040351],[-55.130936093467255,-18.717109098582114],[-55.13088130462854,-18.716851947681803],[-55.130730929699666,-18.711313654555276],[-55.1294581400316,-18.70815709100386],[-55.129354492586856,-18.707622882580424],[-55.12678709197661,-18.698611118523438],[-55.12621870208403,-18.695141651360434],[-55.12562715941499,-18.687871932410005],[-55.12597684674569,-18.686113935482094],[-55.12574178613073,-18.684663273192324],[-55.12598225434772,-18.681301945724822],[-55.12308187943256,-18.67934847419892],[-55.12214294662601,-18.67912517035897],[-55.11590957641596,-18.680349707687643],[-55.10052521685202,-18.67763608267464],[-55.097198800836395,-18.676424916292824],[-55.096408108747084,-18.67592112348912],[-55.09537537803067,-18.67571570057745],[-55.08078732453782,-18.665968274864877],[-55.07517530446739,-18.659124446354486],[-55.07240470764458,-18.654970789082245],[-55.07070126496757,-18.65368876436721],[-55.06095383925475,-18.639100710874754],[-55.057530998526325,-18.62189292850548],[-55.057746045905674,-18.620811812321826],[-55.057577413405966,-18.619850371746626],[-55.058064925345036,-18.609129061886268],[-55.056437519517885,-18.607353901478053],[-55.05375578734015,-18.604160999866682],[-55.05049976513391,-18.59879809597679],[-55.047823327914955,-18.595055975827933],[-55.046640771762554,-18.59264699450469],[-55.04634058034725,-18.59135424846534],[-55.045462353659104,-18.590039889342787],[-55.04380038597856,-18.58145200678131],[-55.04217249444099,-18.579209651711654],[-55.03600661049461,-18.583291307879605],[-55.035847593358206,-18.58332293835473],[-55.03571485290189,-18.58341096101445],[-55.03102658996222,-18.58531449495103],[-55.03102523807803,-18.585314758933126],[-55.0310241300387,-18.585315493647443],[-55.02626002823263,-18.587249492119327],[-55.01539333643592,-18.592694852787336],[-55.011176947792364,-18.59568642636022],[-55.009064922411774,-18.596853676798652],[-55.00758940783271,-18.597984355541943],[-54.99826164810878,-18.603353580002402],[-54.99663085715849,-18.604561786109965],[-54.99145648974434,-18.609493219032675],[-54.990905948483146,-18.60985158493955],[-54.98630584798997,-18.613720096359817],[-54.97882522665213,-18.618982471237494],[-54.97016112099226,-18.623748079731243],[-54.962918208752626,-18.626052870788683],[-54.95016949049085,-18.628950133361787],[-54.94444977239407,-18.629591880705412],[-54.94264622180282,-18.63000184619382],[-54.93576114119077,-18.630376249547],[-54.931254390760785,-18.631967385923218],[-54.916284428859115,-18.634532419878795],[-54.91628199965004,-18.634531936679153],[-54.91627965219243,-18.634532403617488],[-54.911976475032304,-18.634326026767738],[-54.91087196548512,-18.634219839783633],[-54.897967360275516,-18.63100337590486],[-54.883379306782615,-18.621255950192474],[-54.87670060572884,-18.61273371236446],[-54.87543304438509,-18.61063825485765],[-54.873844369290055,-18.607497989324415],[-54.87198527634899,-18.60633312633463],[-54.86769381073498,-18.602517551456234],[-54.86679717867207,-18.601257253022347],[-54.86540719135633,-18.60040444797215],[-54.863846077388814,-18.59906824909329],[-54.86341715838637,-18.59847723033385],[-54.86285094685803,-18.598038951114187],[-54.86249714884048,-18.5975094549623],[-54.861289832890634,-18.596702752235313],[-54.85154240717782,-18.582114698742853],[-54.84944325857134,-18.57573698515974],[-54.84925587969053,-18.57498189614442],[-54.84793218756852,-18.564151827358256],[-54.84804149543419,-18.5636022996082],[-54.84794485844867,-18.56308441945079],[-54.847982920492946,-18.561481452595736],[-54.85139309034122,-18.545341078134033],[-54.85144803355013,-18.545258849811052],[-54.851463931490514,-18.545178925467123],[-54.85151648854589,-18.545100268275434],[-54.85153765108868,-18.544996142020327],[-54.85160740668356,-18.54483162100852],[-54.86121027164893,-18.530588503629765],[-54.86122990172577,-18.530575387231757],[-54.86457078304779,-18.52778573930724],[-54.874265877859564,-18.51902408093517],[-54.87931202624225,-18.51583374399377],[-54.88484872027226,-18.511899456261276],[-54.89145243798981,-18.508707946732624],[-54.889471479970666,-18.50400166156087],[-54.889445778424715,-18.50387435137688],[-54.88937257094374,-18.503764788639145],[-54.88619919002906,-18.491286936588402],[-54.8861677948164,-18.490990127035314],[-54.88218555037486,-18.490762812080714],[-54.87872180525761,-18.490366083565153],[-54.86663087119479,-18.487235323385068],[-54.86619407221929,-18.486943463640642],[-54.86570885325187,-18.486841310855457],[-54.863236929423806,-18.48575221478608],[-54.858739773026464,-18.482674236408474],[-54.85804447184165,-18.482228766445626],[-54.84761668045304,-18.48015454977408],[-54.84077040443992,-18.48377157826797],[-54.83709005239973,-18.484814360681778],[-54.83649296455718,-18.485851089268294],[-54.829323149094876,-18.495205259122287],[-54.82367762603661,-18.499989629610038],[-54.820908155821655,-18.5019694574909],[-54.81196562538719,-18.506932512715547],[-54.80566372474522,-18.509012778051115],[-54.80530249510099,-18.5091030854622],[-54.80338933396507,-18.517494528434348],[-54.80251107633791,-18.522293088348878],[-54.8014238876172,-18.52516364804119],[-54.80140381183003,-18.52519471402404],[-54.80139603525072,-18.52523699481251],[-54.79981293588543,-18.52939501483188],[-54.79946685244266,-18.529929533074522],[-54.79933287339168,-18.5306030912487],[-54.796436244391025,-18.536382003879027],[-54.79425805225236,-18.540044113253877],[-54.79329449716721,-18.541283106735946],[-54.79241648615641,-18.542779793459175],[-54.79164802992568,-18.543774105538947],[-54.791213321769874,-18.54452476111412],[-54.790221500480875,-18.545810314092495],[-54.78940819857627,-18.546735251124556],[-54.78806994825077,-18.548939959336444],[-54.78549502759648,-18.552006975937925],[-54.78285250700509,-18.554890012538753],[-54.77728094799079,-18.559621394749556],[-54.7727300141529,-18.56288868295748],[-54.77069649995167,-18.564019964712017],[-54.76916285338632,-18.56520223530959],[-54.76634760680423,-18.566844462482354],[-54.76089827309232,-18.569546953631992],[-54.75489301945999,-18.571551983714084],[-54.74949522282907,-18.5729405335188],[-54.7382926940918,-18.57435834416498],[-54.72108491172213,-18.570935503436633],[-54.71944467282265,-18.569839530842902],[-54.71162730675093,-18.56962446366471],[-54.711005631000035,-18.569491892010152],[-54.705671629985204,-18.56906254353217],[-54.695101103862214,-18.56734974445994],[-54.686635399241425,-18.564945895112963],[-54.685761635035085,-18.564779447025465],[-54.67823523733,-18.561803983158416],[-54.67793115722003,-18.561604351052775],[-54.6775592159213,-18.56153036732837],[-54.66947995368412,-18.55716930218455],[-54.6640783423561,-18.553495748717786],[-54.65756955110038,-18.548109388149165],[-54.65302322103008,-18.542793683172395],[-54.650795437827014,-18.539736203314018],[-54.650436142284896,-18.539095662605824],[-54.64984633578381,-18.538701566501373],[-54.648759875490725,-18.538455682631575],[-54.6441021301294,-18.536233621474338],[-54.631667756666786,-18.52744517306193],[-54.628069513757225,-18.523383964369852],[-54.624643915612815,-18.519012321303567],[-54.618494732809495,-18.50848547650318],[-54.616524816589845,-18.502615847183343],[-54.61580765350391,-18.499863543106315],[-54.61460615197808,-18.49048741371643],[-54.61405203670682,-18.489697022657726],[-54.609328015280205,-18.48109213543945],[-54.605905174551715,-18.463884353070238],[-54.60602632603326,-18.462938079456908],[-54.60602422485982,-18.462934826760748],[-54.60225175185241,-18.455743472110036],[-54.60031631588066,-18.446013378414843],[-54.592852337789964,-18.43484274579223],[-54.58942949706142,-18.417634963423016],[-54.589764807702686,-18.41594924299399],[-54.589535653664946,-18.414546982179676],[-54.589745462014555,-18.41149903906452],[-54.589783954274424,-18.41133516965899],[-54.58904724776937,-18.409096611166458],[-54.587846261512716,-18.40425546745051],[-54.585227241676144,-18.402753137745574],[-54.57580532990892,-18.395544385711894],[-54.56921286643558,-18.387164117972002],[-54.566107702861416,-18.382073404471168],[-54.56295274062194,-18.375865618718585],[-54.56261084656114,-18.37414680120444],[-54.56185146053098,-18.37291944293692],[-54.56068797786497,-18.369440439030647],[-54.55923030800051,-18.3604858100602],[-54.558387879397166,-18.356567961528462],[-54.558178071047564,-18.349779707744524],[-54.55830015352325,-18.34911222632424],[-54.55815660887782,-18.348390578659103],[-54.560215471394834,-18.334939960448136],[-54.560857486869224,-18.332891942173205],[-54.561229076591125,-18.3277304471833],[-54.561534679705346,-18.32643854996166],[-54.56163510933385,-18.32536185975911],[-54.559505946034676,-18.322986300353953],[-54.557838007688936,-18.320336079542685],[-54.55376070784507,-18.31495046570866],[-54.55139941023765,-18.310735225230268],[-54.54908631606145,-18.305967013373643],[-54.54604964487203,-18.29463970301706],[-54.545002863829836,-18.286704042685717],[-54.54176083835523,-18.275731444916428],[-54.53834369892826,-18.272726268994624],[-54.53756687387074,-18.27164061578358],[-54.53624310456712,-18.270756101413426],[-54.53081350481056,-18.264183613849],[-54.52726202165627,-18.25894221980617],[-54.52533047371487,-18.255356514864957],[-54.52437190674187,-18.25403371735533],[-54.520642388832584,-18.24666907057059],[-54.50850684254294,-18.237574594483945],[-54.50559966001498,-18.23505417348028],[-54.50026188097854,-18.23452781783935],[-54.494841196164096,-18.23344825851309],[-54.48641618003268,-18.23089148183904],[-54.485194726081204,-18.23007533240159],[-54.48397767706166,-18.22979539357316],[-54.47542512579207,-18.225641188251007],[-54.47346012671147,-18.224241970222486],[-54.468275783276916,-18.221304189189635],[-54.46035647175347,-18.215427648052106],[-54.457461308796894,-18.212929609438774],[-54.45685455228732,-18.212544104429018],[-54.44581493335909,-18.20247767967871],[-54.438580277841595,-18.196979879003507],[-54.43753413963998,-18.19682685738185],[-54.428353142823084,-18.194296110169404],[-54.42743070528746,-18.194119478122975],[-54.42292554781675,-18.19232847775688],[-54.42265669063784,-18.1921516027214],[-54.42232926597018,-18.192086473905615],[-54.41287401905686,-18.18576867990211],[-54.40329929714915,-18.188465704162933],[-54.39739796047917,-18.18939649029572],[-54.3903923034668,-18.189945578672255],[-54.38979946294364,-18.189827655360354],[-54.38924338533149,-18.189930898409468],[-54.38088538362257,-18.18971727536266],[-54.364826519388146,-18.186309114896982],[-54.3641891330376,-18.18588322695344],[-54.36350041914228,-18.18573468966829],[-54.36023739370427,-18.18425853032778],[-54.348817983496076,-18.184186396055292],[-54.331894237894005,-18.18076445242149],[-54.3283852595589,-18.179116406633884],[-54.32699500228272,-18.179398469364987],[-54.32110896845825,-18.179989542992534],[-54.3198850524422,-18.180259013695604],[-54.30930689692457,-18.18069007448667],[-54.30843920815846,-18.180535777407727],[-54.307476043701115,-18.18072736273011],[-54.29026826133145,-18.177304522001712],[-54.28693656895871,-18.175160644921583],[-54.28112030029297,-18.176317572691115],[-54.27480324963733,-18.175871636912355],[-54.27254494885614,-18.175551202341993],[-54.261654217141995,-18.172574297392348],[-54.25149469353357,-18.166709893981437],[-54.24880914665846,-18.164649957457996],[-54.24438061677421,-18.160766935156524],[-54.24005585234124,-18.155752671143002],[-54.238847036044774,-18.154122327318372],[-54.23326905478843,-18.152972475493517],[-54.223402252406174,-18.14733070715893],[-54.22086547872448,-18.145417636480158],[-54.21614422761405,-18.14131197910234],[-54.215545780958735,-18.140416340389404],[-54.21536449049751,-18.140451064179313],[-54.21174052809516,-18.14039956576623],[-54.2070441994029,-18.139430671648427],[-54.19649967628868,-18.137506791488647],[-54.19290185070918,-18.136148713965934],[-54.191742606514595,-18.136317744064716],[-54.188053245680806,-18.137331142741406],[-54.18442165388382,-18.137855663615415],[-54.177993774414055,-18.138317465880593],[-54.17656383528009,-18.13803303330233],[-54.175340117331984,-18.13823909531377],[-54.1735382742383,-18.138132574589722],[-54.169440906148964,-18.140870348418694],[-54.16446265512661,-18.142598196367118],[-54.15961036020474,-18.14396958003413],[-54.15198668607883,-18.14502620863519],[-54.15070078590537,-18.14549630530674],[-54.13526153564453,-18.148229956725118],[-54.131555928523085,-18.14768053689649],[-54.123165130615234,-18.149349570372493],[-54.11824292541484,-18.149079354371203],[-54.116736119994926,-18.148913415040095],[-54.11212351579331,-18.147729766127114],[-54.10868835449219,-18.148413062193864],[-54.101935521027606,-18.147903113531527],[-54.09982599343971,-18.14758267896128],[-54.08937104453463,-18.14466978689516],[-54.08407364456456,-18.14205552638912],[-54.080484014437616,-18.13998033107679],[-54.07119336091483,-18.132847165870214],[-54.06775961204578,-18.128406597620835],[-54.05771071985146,-18.122371132574077],[-54.055925441531144,-18.12090056677822],[-54.052718782057354,-18.117988920021],[-54.04303490536455,-18.103553493218428],[-54.04206978695635,-18.10124750872142],[-54.04206551801167,-18.10122625159567],[-54.04205325186041,-18.101207948002973],[-54.04035189687994,-18.097131943974766],[-54.04033967879968,-18.097070953663536],[-54.04030488295598,-18.097018878003322],[-54.03957859682396,-18.094217430776677],[-54.03698697053392,-18.092485761452348],[-54.027239544821214,-18.07789770795988],[-54.02381670409267,-18.060689925590676],[-54.024335447798364,-18.053879443224957],[-54.024842802534806,-18.050568285998427],[-54.02672446840006,-18.043831512276814],[-54.02485430174892,-18.03442954961475],[-54.02500891262634,-18.0307038828912],[-54.02525497840219,-18.0277442584199],[-54.02492815340015,-18.027304205763222],[-54.02375704133954,-18.025120291578652],[-54.0218417481903,-18.021077792189857],[-54.02179903100176,-18.0208630383809],[-54.020121285516666,-18.019203565371434],[-54.02005177293677,-18.019100146473214],[-54.01994671784843,-18.019029950907427],[-54.01372033808258,-18.009711515069498],[-54.01045519636392,-18.006860325926535],[-54.00963860675978,-18.005723332305916],[-54.00823559724296,-18.004785871317893],[-54.001469738084154,-17.994349257097095],[-53.99921379418163,-17.99120815192892],[-53.99617640018079,-17.990293955891605],[-53.9923210144043,-17.9908813239168],[-53.98628373468637,-17.98968043431564],[-53.985260009765625,-17.98981702337973],[-53.98338247289655,-17.98944355807625],[-53.97996169970241,-17.990308122945052],[-53.97830993578634,-17.99047787697343],[-53.97371292114258,-17.990713477237065],[-53.956505138772854,-17.987290636508718],[-53.942264917726106,-17.977887279064056],[-53.939518335694856,-17.975199824840555],[-53.939380651587896,-17.97499617320364],[-53.93917050324882,-17.974855756572545],[-53.93613650174836,-17.97031505244332],[-53.92826493491543,-17.96874930044964],[-53.92554359629361,-17.966930960116073],[-53.92257308959955,-17.96748960028462],[-53.90955377046152,-17.96556356867754],[-53.90862823133511,-17.965283599591416],[-53.908161902096595,-17.965363836677035],[-53.90491845053151,-17.966034775740596],[-53.90341927450612,-17.96605766392413],[-53.90308252566326,-17.965993348518523],[-53.90273284912104,-17.966062903507304],[-53.90016269653518,-17.965551668371933],[-53.89451567421537,-17.96876837393597],[-53.886295343922825,-17.970463760839838],[-53.88628355751616,-17.97047163626497],[-53.885540860380615,-17.970619367910448],[-53.8779411544221,-17.97218675528986],[-53.8776397286751,-17.972191000722965],[-53.87699328630566,-17.972319586105034],[-53.8769915107564,-17.972321277377105],[-53.86992932679334,-17.97691693235749],[-53.86578784025705,-17.98279986362805],[-53.86238315007398,-17.985074804877076],[-53.85786015259503,-17.99213596431918],[-53.851791715989464,-17.999677991679427],[-53.84607931995265,-18.00349489268238],[-53.842602110276566,-18.00757250767042],[-53.82801405678373,-18.0173199333828],[-53.82633170959071,-18.017772582838912],[-53.82443414443833,-18.02093012127509],[-53.822515351713605,-18.023257086607046],[-53.81961855925118,-18.02644572239154],[-53.80503050575834,-18.036193148104093],[-53.80366634741523,-18.03646449606959],[-53.8026562834171,-18.037098865942585],[-53.79922305587804,-18.038298588232596],[-53.79861884963441,-18.038401116645467],[-53.79595447262517,-18.03930305135878],[-53.79425774833276,-18.039754628400466],[-53.78801695595359,-18.043050066438813],[-53.77572803617397,-18.046203059149647],[-53.772729684123135,-18.046533030463102],[-53.7678108215332,-18.04680287848074],[-53.75985009411523,-18.045219391344006],[-53.75836767784148,-18.04520109636173],[-53.749007252522006,-18.043279075131977],[-53.74792861938471,-18.043493628602903],[-53.74100051161287,-18.042115542284513],[-53.73796929988959,-18.041941478413417],[-53.723339397805994,-18.038592592684104],[-53.71941456357541,-18.036584680859008],[-53.718149403856216,-18.036121649016557],[-53.71697297829121,-18.035335586585],[-53.716926915992865,-18.035312021504627],[-53.71419559275063,-18.033625925313373],[-53.71300580205116,-18.03268480416858],[-53.70356135036337,-18.026374223304003],[-53.693813924650556,-18.01178616981149],[-53.690391083922115,-17.99457838744233],[-53.69381392465055,-17.977370605073133],[-53.70356135036338,-17.96278255158067],[-53.71814940385622,-17.95303512586823],[-53.73535718622588,-17.949612285139843],[-53.74903130205814,-17.95174185032158],[-53.751489972765796,-17.952526697797666],[-53.75475575393398,-17.95372193081727],[-53.75586053905636,-17.95350217539312],[-53.76007429743379,-17.954340344047566],[-53.76156964265306,-17.95213856604941],[-53.76170178585255,-17.952050270786337],[-53.761789000541796,-17.951920711166103],[-53.7643028860399,-17.94944115794351],[-53.77237860208572,-17.94408520148258],[-53.77339835425903,-17.942673170578935],[-53.77607725996313,-17.938072103437566],[-53.7775497331076,-17.936181920942566],[-53.78122677766288,-17.932019852671047],[-53.790041012608356,-17.926007673287252],[-53.79265441669827,-17.921956581074028],[-53.798120877880024,-17.91612581630373],[-53.79870194572294,-17.915723863432717],[-53.7991291519304,-17.915084504160756],[-53.80609950635187,-17.91042706223774],[-53.80684628449877,-17.909366272959737],[-53.81869494067428,-17.90144925401543],[-53.819614076246864,-17.900073670420856],[-53.8249946726595,-17.896118735961302],[-53.82670941316087,-17.89355244544546],[-53.84129746665371,-17.883805019733014],[-53.84998403043789,-17.88207715476623],[-53.853695232766995,-17.879597408649136],[-53.86487183289489,-17.876580876719988],[-53.86606964783624,-17.876418752086202],[-53.86897928201961,-17.876222735795547],[-53.87342103232755,-17.873985988971558],[-53.87399075254814,-17.873872664573728],[-53.874447539962425,-17.873575505727647],[-53.88220663420066,-17.87058287572285],[-53.89838790893555,-17.86757051823835],[-53.91231771145999,-17.869782545203883],[-53.91443105374515,-17.870471098060264],[-53.91513223489659,-17.87090117175523],[-53.915595691305214,-17.870993358966697],[-53.916167185478635,-17.87137521916507],[-53.91770903359031,-17.87168191182318],[-53.92229331824876,-17.874981057343067],[-53.925139807667,-17.874297508362556],[-53.927390479053656,-17.874120124939584],[-53.93092346191406,-17.873981116993004],[-53.945931604940654,-17.876966422252288],[-53.949653625488224,-17.87622606633377],[-53.96686140785795,-17.879648907062222],[-53.96743431413352,-17.880031710797066],[-53.967830340963424,-17.88011048543135],[-53.96833672120818,-17.880448837893454],[-53.96899226649123,-17.880597004879256],[-53.969961199596696,-17.881058583248386],[-53.98241839445626,-17.889857911143796],[-53.984977077670635,-17.89302401737868],[-53.987778968604125,-17.895152966910217],[-53.98954189699918,-17.89584412001535],[-53.989755005562245,-17.895983594482413],[-53.992938704536925,-17.8966168715824],[-54.004470825195256,-17.894322990161466],[-54.01248922280814,-17.895043689810027],[-54.01541509561093,-17.895573932729988],[-54.024604480367714,-17.89827607380972],[-54.03804644143526,-17.907257705046607],[-54.04664580116844,-17.909125072832914],[-54.06017825605602,-17.91785083648745],[-54.06136018259616,-17.91895795020925],[-54.06493238121294,-17.921338392107558],[-54.07179293669259,-17.92696156409696],[-54.08154036240529,-17.941549617589413],[-54.08257563184941,-17.94512646721086],[-54.09091888238885,-17.95669677765157],[-54.09179244806268,-17.95844200165055],[-54.0919780028815,-17.95922725700469],[-54.09225203232723,-17.959616023838883],[-54.092376040709325,-17.960239456075733],[-54.09312559800105,-17.961361247837914],[-54.093278628454414,-17.962095065960234],[-54.10136152939748,-17.9741919820905],[-54.10168930044971,-17.975748092850363],[-54.10192932867608,-17.97608065457084],[-54.108902311692596,-17.981664322884505],[-54.11864973740529,-17.99625237637696],[-54.12203198112462,-18.01154983667362],[-54.122142607345275,-18.014151460208648],[-54.1219828457256,-18.015054511433288],[-54.122183204354485,-18.016061782281323],[-54.12058419608525,-18.024100539701525],[-54.121785418557636,-18.02589829617604],[-54.124822562155146,-18.0372291889746],[-54.12508959096374,-18.039254793222597],[-54.12518265706433,-18.040672846799065],[-54.12820259004412,-18.04537387580405],[-54.13166270438625,-18.051990126747],[-54.1354793075422,-18.054540299445005],[-54.13576626150758,-18.05496975640333],[-54.13903077353848,-18.052788479201155],[-54.13990058917847,-18.052615462113046],[-54.14057750118303,-18.052181038275865],[-54.14555186641741,-18.050332817450663],[-54.16121292114258,-18.04751741764756],[-54.16182893502912,-18.047639950428106],[-54.16240529621058,-18.047533229650927],[-54.16621617877894,-18.04763431912852],[-54.16702595082762,-18.047806585532836],[-54.16767746079301,-18.047696877691912],[-54.174304009636046,-18.04808862366774],[-54.17848987628793,-18.046841419688942],[-54.18098669482271,-18.046477357064617],[-54.184551478003186,-18.045483051484723],[-54.19060540256368,-18.044559894746406],[-54.197383880615234,-18.04404604313598],[-54.208484737919036,-18.045437825898148],[-54.21209344153237,-18.046357167939146],[-54.216776113349795,-18.047914543835418],[-54.223384857177734,-18.0465999829552],[-54.22854686244631,-18.046897258791336],[-54.23268962367678,-18.04737600329811],[-54.24301926871709,-18.050056276693333],[-54.244197095036164,-18.050282659020624],[-54.253199780582975,-18.05387610384475],[-54.25344291821353,-18.054036300426837],[-54.253738086324745,-18.0540950130146],[-54.26074321714566,-18.057747837917436],[-54.27090938535849,-18.064244267360614],[-54.27336284236156,-18.066216177359497],[-54.27512655336176,-18.06646093199704],[-54.282641506975104,-18.06858762572263],[-54.287604968648964,-18.070311291090285],[-54.29410723558721,-18.07465596695626],[-54.30155913124656,-18.07613824116343],[-54.30569708062608,-18.078104867049248],[-54.30734502984484,-18.07899369151211],[-54.31272293915674,-18.082997903851858],[-54.314513600755504,-18.083481927862586],[-54.3199879337368,-18.08534692036235],[-54.32424563047857,-18.08819182237187],[-54.32577217911369,-18.08788210813078],[-54.334712982177734,-18.08698427555667],[-54.33582257238891,-18.087204986772374],[-54.3368062560122,-18.087033025299927],[-54.34118552847314,-18.08723711160363],[-54.35630003700828,-18.09061120258871],[-54.362392806146204,-18.094338146833824],[-54.36604048519366,-18.09436118853819],[-54.380401928323636,-18.084765179029418],[-54.391128420061484,-18.081811887613082],[-54.39385211390919,-18.081415159097457],[-54.400333404541016,-18.080945609785395],[-54.41754118691063,-18.084368450513686],[-54.4228963256399,-18.08701614745903],[-54.42406495066081,-18.087694054937533],[-54.436179797750526,-18.090103847852443],[-54.43940338730926,-18.091655302788038],[-54.4403696288046,-18.091908004021107],[-54.44372795241031,-18.09245361002911],[-54.446882707048985,-18.09350646647434],[-54.44811990245637,-18.094271405398228],[-54.44985548744774,-18.094616634717518],[-54.46259893816046,-18.10262075508059],[-54.46423925798467,-18.10408559883061],[-54.46443172500108,-18.10435675481605],[-54.46444354094064,-18.104364060430118],[-54.46454997900212,-18.104523356246396],[-54.464928882825916,-18.10505717259396],[-54.4660838607648,-18.105828904180033],[-54.47050580890624,-18.111938704644203],[-54.472098987203594,-18.112377865185902],[-54.47270141971086,-18.11278039771802],[-54.47335551562048,-18.112920887937797],[-54.4766590434524,-18.1144086198713],[-54.478195571514334,-18.11546947550194],[-54.48540128265689,-18.11960726663508],[-54.50183118377993,-18.132092770785135],[-54.50440421728672,-18.13433864197358],[-54.504922181111,-18.134667732219906],[-54.51577150521729,-18.144560637529064],[-54.51658009199832,-18.14516065098584],[-54.518115997314396,-18.14485514042335],[-54.52849386468199,-18.146069097347727],[-54.535570128109725,-18.147747564144495],[-54.542400043111854,-18.149956447948572],[-54.55117929167659,-18.15480332578352],[-54.5549176949969,-18.157450725685788],[-54.56072649992501,-18.16235127356335],[-54.56161634558498,-18.163683021705918],[-54.562707231627655,-18.164463884535067],[-54.566170861205144,-18.1684051516606],[-54.57693856150974,-18.176474552954218],[-54.580674044666864,-18.17971308033152],[-54.5810463791064,-18.17995586376725],[-54.586863792436475,-18.18551769238045],[-54.58714580607949,-18.185929665622687],[-54.58758578337222,-18.186223649050945],[-54.5922792181147,-18.191742432431823],[-54.59479691831001,-18.195238602475744],[-54.59710820388762,-18.199386151082763],[-54.59842319823856,-18.201200809110116],[-54.60262260984314,-18.209493350914236],[-54.61072322612056,-18.2166173730705],[-54.611500051177984,-18.217703026281498],[-54.61282382048166,-18.218587540651697],[-54.61729490984834,-18.223800289958586],[-54.61996519793427,-18.227443325847226],[-54.62524153428029,-18.23681863003274],[-54.62842058991804,-18.24935044196894],[-54.62879235700165,-18.252906128575784],[-54.632245930738016,-18.26459470899304],[-54.63269416156128,-18.267693606105023],[-54.633538319950794,-18.27084246334753],[-54.63511227906292,-18.272598567904645],[-54.63654215443711,-18.274870525668458],[-54.64052221575247,-18.28004627119847],[-54.64288351335995,-18.284116553180727],[-54.64553190903615,-18.28947289638876],[-54.64699948999885,-18.29356512384904],[-54.65018094751832,-18.303998320870353],[-54.6515194444978,-18.312976734345746],[-54.652115632578386,-18.3157537635273],[-54.65232544092794,-18.322686975807397],[-54.652205584516025,-18.323341093154877],[-54.652346015633775,-18.324047088059277],[-54.65157031309843,-18.33236327256294],[-54.651502270280105,-18.332724837333558],[-54.6534301211492,-18.333791275473033],[-54.66346011198556,-18.34134259130758],[-54.66605225280705,-18.34416572595021],[-54.66887894348082,-18.347520752195194],[-54.67603422837215,-18.359285671045118],[-54.67945706910063,-18.376493453414273],[-54.678007228045146,-18.386735511792832],[-54.67955900864558,-18.389787990380253],[-54.6798773922107,-18.39138861265091],[-54.68247637785464,-18.393125199338492],[-54.692223803567465,-18.407713252830952],[-54.69531950235756,-18.419506834069452],[-54.69568571329512,-18.422526166955116],[-54.6960128552334,-18.427940368085775],[-54.694891645910225,-18.43357706799538],[-54.69588972763967,-18.435602504539148],[-54.69821556820597,-18.4472952946699],[-54.70363356308888,-18.456194240378455],[-54.704566126176985,-18.46041341829844],[-54.71122447835149,-18.464452449081698],[-54.71436778889836,-18.46708840489212],[-54.7172702316144,-18.46974720861376],[-54.717645820483646,-18.47030931707975],[-54.722460197976766,-18.4618646057915],[-54.72483675437331,-18.458696499712488],[-54.729011201491,-18.453883790035075],[-54.73044990290339,-18.452922480485046],[-54.73128416005858,-18.451762814835583],[-54.73662855092772,-18.447110791520274],[-54.737192515161894,-18.4467615416486],[-54.73903073813136,-18.445160925493884],[-54.744920630709544,-18.440707266436377],[-54.74510513470523,-18.44060161100724],[-54.745387241483854,-18.440359161844466],[-54.75063245022409,-18.436498688211646],[-54.75134581573934,-18.436096292031884],[-54.75218162596059,-18.43540805242226],[-54.75703392088246,-18.432142671562865],[-54.758009141358286,-18.43161933752328],[-54.75870951671868,-18.431068173777497],[-54.76094042974273,-18.429706296153586],[-54.76230743993568,-18.426904563903815],[-54.763596807611464,-18.424627189636293],[-54.7709309097429,-18.414985322018577],[-54.77213177629358,-18.414182928642393],[-54.77284544539543,-18.413179695797602],[-54.77551573348137,-18.41080504674982],[-54.78818925132168,-18.402863247258296],[-54.79447880145938,-18.400786071406653],[-54.79731315203247,-18.400076631070682],[-54.797395394672265,-18.399953490384327],[-54.799668954242634,-18.397678023465506],[-54.799676940445295,-18.397672684833296],[-54.79968228303397,-18.39766468908441],[-54.80337387664974,-18.394359215510818],[-54.80510574920834,-18.392972573054806],[-54.80915360313656,-18.3905794947923],[-54.810288152313944,-18.389614267664598],[-54.8106920551308,-18.3893231833815],[-54.810983912101506,-18.38905790532919],[-54.81161950944619,-18.388654786521442],[-54.812760076142126,-18.387832804041604],[-54.81308367288398,-18.387652398237286],[-54.817652358413795,-18.384042860958242],[-54.81882627191925,-18.38332005071383],[-54.820301949241866,-18.382399526037876],[-54.82689316977877,-18.37900803790834],[-54.83319507042074,-18.376927772572873],[-54.83517108360434,-18.376433769277],[-54.846076965332024,-18.375091193884053],[-54.8483543395996,-18.375091193884053],[-54.86556212196921,-18.3785140346124],[-54.86657786009073,-18.37919272912685],[-54.86714522133451,-18.379305584294986],[-54.86765790258903,-18.379648146957393],[-54.86846379188643,-18.37983839161388],[-54.87004689125172,-18.380629941296426],[-54.87560482403729,-18.384635872595982],[-54.876811981201115,-18.384494422643513],[-54.877985533857675,-18.384727856780717],[-54.87901863648756,-18.384548599706466],[-54.88099846436836,-18.384645874486694],[-54.895559938100064,-18.387915809285875],[-54.89594582200932,-18.387992306865172],[-54.89762810350345,-18.388686581767505],[-54.89765273540626,-18.388703017237567],[-54.89768187294584,-18.388708813054556],[-54.901139516121475,-18.391019136361987],[-54.903171339990536,-18.390518126694317],[-54.90534953212915,-18.390319762436565],[-54.90942764282221,-18.390134452550637],[-54.92240440374166,-18.392679032618055],[-54.938179016113004,-18.38954126712676],[-54.95538679848278,-18.392964107855214],[-54.96997485197562,-18.40271153356761],[-54.97972227768832,-18.417299587060125],[-54.98314511841688,-18.434507369429458],[-54.982371473253124,-18.44134380089261],[-54.98342288808476,-18.445684466695212],[-54.98368610219609,-18.448864016866082],[-54.98383939331899,-18.452573775679948],[-54.98041655259045,-18.469781558049164],[-54.97822704522383,-18.473058387391333],[-54.97724957518221,-18.477972461133877],[-54.979863421486925,-18.482996303368076],[-54.98263940331367,-18.492604413332273],[-54.984121113030085,-18.501245345476473],[-54.98571811752516,-18.50637664376537],[-54.985802428402735,-18.50693125520003],[-54.987556870630726,-18.50605209428514],[-54.98915082037939,-18.50567506981723],[-54.99078830892557,-18.504589290372696],[-54.9949573109252,-18.502896874084172],[-54.99623523968904,-18.501833993826462],[-55.00626123491179,-18.494942797578158],[-55.01225782546328,-18.490122990976374],[-55.02322037925143,-18.483628017763976],[-55.03812322888683,-18.480264290557134],[-55.04904852185553,-18.479703530059087],[-55.05012411410894,-18.479888947562852],[-55.051353454589844,-18.47964441653749],[-55.063813703641415,-18.481405281311936],[-55.071736829862125,-18.483690284973985],[-55.076484363180214,-18.485352260927993],[-55.07750787810096,-18.486036151733618],[-55.07855619663071,-18.486272293062193],[-55.08351148837875,-18.488624053926387],[-55.096027708421104,-18.49745144750463],[-55.100215573673374,-18.502282053709585],[-55.10477795160295,-18.50837031054536],[-55.11033751206355,-18.518127757832925],[-55.11040143092214,-18.518449099635507],[-55.110575172957454,-18.518713119379452],[-55.11201719335401,-18.522337678222478],[-55.11936928516906,-18.53246488877246],[-55.120935770041115,-18.53526327018841],[-55.12232039272527,-18.537101695688374],[-55.125578144190115,-18.54298586622045],[-55.127782122659255,-18.547558147236444],[-55.12911903198676,-18.551793752445032],[-55.12957206746836,-18.552172156936663],[-55.13254199064767,-18.554887436883067],[-55.142289416360434,-18.569475490375535],[-55.14383310112987,-18.573819936821742],[-55.145240724420944,-18.57853490264188],[-55.146820706611656,-18.5893503123869],[-55.14711565425926,-18.590781759458224],[-55.14713384806396,-18.592108694283965],[-55.1498803571173,-18.593541539974364],[-55.15664641152,-18.595150692321596],[-55.156740330271305,-18.595213446824886],[-55.15684969695776,-18.595235479802824],[-55.15897066863744,-18.59612621161437],[-55.166011590680164,-18.600855789613316],[-55.17385513931122,-18.60417264993834],[-55.188137388596886,-18.613792084708617],[-55.19144682872229,-18.617488633138702],[-55.20107360719663,-18.62951565396689],[-55.208499158083896,-18.63672968916207],[-55.20868156196798,-18.636998452611298],[-55.20896182096993,-18.637185715689494],[-55.218709246682636,-18.651773769181965],[-55.22213208741119,-18.668981551551113],[-55.22189566063622,-18.670170149214066],[-55.222076597513876,-18.671214766647005],[-55.22181719809987,-18.676431365157555],[-55.21844984726863,-18.691405932431],[-55.2184224854401,-18.691452982742877],[-55.220410351865496,-18.70078301515962],[-55.22073803435819,-18.712851527580604],[-55.22223566121096,-18.72832180496647],[-55.2224448925869,-18.73265457095863],[-55.21938047364972,-18.74897018579313],[-55.21532894520516,-18.759375301612913],[-55.2154632672167,-18.75983821069756],[-55.21724854553702,-18.77010737573635],[-55.217913032235394,-18.77780914249071],[-55.21779226914538,-18.7784162595421],[-55.217897659378536,-18.77898484593185],[-55.217719354312806,-18.785801992576722],[-55.22083010303044,-18.788028312737353],[-55.220831844838756,-18.788029789657266],[-55.2208332805551,-18.78803058705691],[-55.22367904471526,-18.790067635396646],[-55.22930178679019,-18.79483570958186],[-55.234453781154286,-18.80100327593684],[-55.23644886782421,-18.80387955767511],[-55.241044299172934,-18.81230004481247],[-55.24446713990136,-18.82950782718169],[-55.24442081812339,-18.829740702485452],[-55.244464787087225,-18.829967814388752],[-55.24444189890369,-18.832205134334984],[-55.243775314884374,-18.83546894139794],[-55.243619039191174,-18.83633888681229],[-55.24683509255681,-18.842729207903943],[-55.247183471356664,-18.844196391839134],[-55.248212115335036,-18.845735866344867],[-55.25067905772079,-18.853721268126577],[-55.251239818218835,-18.856397278258395],[-55.252195716561516,-18.865619658845837],[-55.25164788390583,-18.872617349741162],[-55.25102227355421,-18.876588449594635],[-55.24814726548152,-18.886798541068423],[-55.24717270735358,-18.888257070378625],[-55.24684150536018,-18.889662974150212],[-55.244373396229314,-18.894610636503653],[-55.242752526220386,-18.89686166913626],[-55.24267888754332,-18.897733966216396],[-55.24177127798907,-18.901467688443887],[-55.241061773370014,-18.9064657198302],[-55.2404361630185,-18.90862483848237],[-55.23878981308894,-18.913318316458298],[-55.236110563924456,-18.917328096197547],[-55.23681867188384,-18.923280715362896],[-55.23662470858955,-18.924255834692303],[-55.23678049922984,-18.92513314451797],[-55.23650965572398,-18.931702053209207],[-55.23594694253393,-18.93425493567852],[-55.23490519708026,-18.941892348678152],[-55.23419470314423,-18.944448336994746],[-55.236734015138666,-18.955668886472097],[-55.23692856469921,-18.95937677221423],[-55.236740000166265,-18.960474354346875],[-55.2369903332608,-18.961732863799398],[-55.235218229475834,-18.973378460574718],[-55.23754003285837,-18.981178451376934],[-55.237827082546914,-18.983148927658153],[-55.239292079740785,-18.984827097818176],[-55.246960894631904,-18.99719079187803],[-55.249101477659,-19.00795222946601],[-55.254676899648246,-19.01545894182836],[-55.255874714589766,-19.017692447077394],[-55.257790820168964,-19.021736461433058],[-55.26014959552532,-19.033594825934827],[-55.262513415383864,-19.03743203333206],[-55.26505974214035,-19.050233282394366],[-55.2656376524443,-19.051098186285806],[-55.26851526746913,-19.065962015590653],[-55.2690604931729,-19.068305968655025],[-55.269014154253625,-19.068538930134043],[-55.269058138638684,-19.06876612396844],[-55.26903143575777,-19.071375376898],[-55.268534081969044,-19.07381055578627],[-55.26811891244955,-19.076216068070597],[-55.269029975594776,-19.08144569338608],[-55.26864727288143,-19.08336966985055],[-55.27288834112187,-19.090212509979853],[-55.28413740883446,-19.093191845262712],[-55.28534143019067,-19.093996346612393],[-55.28654402923439,-19.094272462826638],[-55.29079741668562,-19.09633430669865],[-55.30297884977853,-19.105001114847177],[-55.30886577659129,-19.11311736038715],[-55.309271968673215,-19.113351769087437],[-55.31204208833941,-19.11547692429854],[-55.314708048078785,-19.11704318985461],[-55.32248240110624,-19.123198203892525],[-55.32636675871408,-19.12665715122352],[-55.32662041467495,-19.12694991263968],[-55.333125340183756,-19.125578025466343],[-55.337683903416185,-19.125473121291652],[-55.338186311272636,-19.12556706137333],[-55.33871841430664,-19.125461219499204],[-55.349205744850345,-19.126701285457713],[-55.352904149679496,-19.12758831746812],[-55.35649689685181,-19.127307212919867],[-55.35806510180447,-19.12755595925168],[-55.36000442504883,-19.127170203874165],[-55.37350660824001,-19.12924526509157],[-55.37899595760518,-19.13097332295284],[-55.382701556783736,-19.13232110246384],[-55.39079719858546,-19.13773043737585],[-55.393354940413474,-19.137751841073154],[-55.3967036815788,-19.138432524832385],[-55.40891565666038,-19.140669219846497],[-55.41981043205095,-19.144798629636426],[-55.420371577240644,-19.145161359348965],[-55.421081225973126,-19.14530251725843],[-55.42436346188782,-19.14681941868063],[-55.42644659549791,-19.147885802073752],[-55.42865028905857,-19.147626807092543],[-55.43389892578126,-19.14731943483062],[-55.45110670815092,-19.150742275559065],[-55.46139947894517,-19.15670928196205],[-55.46183973261304,-19.157049599382674],[-55.466228168111854,-19.15851090654032],[-55.472955971579324,-19.16198793521771],[-55.47597721181376,-19.163887654455937],[-55.483837461839016,-19.170158051491008],[-55.484031678219424,-19.170448716845094],[-55.48430998788626,-19.170637706614777],[-55.48656828866751,-19.17296467194687],[-55.495843188333026,-19.18707307031544],[-55.495961147691844,-19.18766609205836],[-55.49747762756971,-19.189367150399864],[-55.497662930924605,-19.18966245337356],[-55.49786637435824,-19.189809001060897],[-55.49909086165826,-19.191219259633918],[-55.503154437643104,-19.19228051408333],[-55.51774249113595,-19.2020279397959],[-55.51829774393576,-19.20285893433578],[-55.51879534758126,-19.20319142246188],[-55.51893914729072,-19.20340663393568],[-55.51928803907572,-19.20365255621759],[-55.52034089552103,-19.20481603888352],[-55.528542773293964,-19.21777947595435],[-55.531175776902955,-19.23101647897996],[-55.536391894918445,-19.232508404097004],[-55.5379203051578,-19.233529655168816],[-55.53937920715691,-19.2338756963602],[-55.547248927615954,-19.23783153742455],[-55.54966460259271,-19.23957657062814],[-55.55435714311215,-19.24227965186471],[-55.559259029098435,-19.2460256845794],[-55.559259388097594,-19.24602599878822],[-55.559259599911854,-19.246026120803585],[-55.561605638730214,-19.24781902851838],[-55.56609759367501,-19.251750611303404],[-55.57070053216802,-19.25714418245591],[-55.57175338861334,-19.258595674765377],[-55.57635437506099,-19.266818785608567],[-55.57727761750795,-19.268146625666],[-55.58054697336172,-19.275280443662567],[-55.58349401373755,-19.280345408907696],[-55.58617140488582,-19.285751659180082],[-55.58628595623145,-19.286327547683886],[-55.586586064512694,-19.28678899923079],[-55.58772388802936,-19.289741343298587],[-55.59160642495624,-19.295964963285535],[-55.59292298355076,-19.298523549213414],[-55.59351119688114,-19.299332770122774],[-55.60305175474247,-19.318036230815768],[-55.604539172219745,-19.321260768676293],[-55.606352534402845,-19.330377155992387],[-55.607674853372146,-19.33266480615158],[-55.61096808734817,-19.34646098727422],[-55.611205516289544,-19.349581364158816],[-55.61663655648863,-19.350295820905977],[-55.618303579193764,-19.35074214048609],[-55.623881976705604,-19.35263512833707],[-55.627891490282934,-19.355314199657702],[-55.62887923012352,-19.355555279093835],[-55.63060684203401,-19.356709632466863],[-55.63887023925781,-19.355065940562618],[-55.64798543845461,-19.355999515116977],[-55.650869349587424,-19.356596515239026],[-55.658961932760285,-19.359085781413015],[-55.66303045086044,-19.361254946322976],[-55.67285887489891,-19.363386852579964],[-55.68744692839175,-19.37313427829236],[-55.69043754994261,-19.37643708453313],[-55.69453072010862,-19.381434337950974],[-55.70128752427059,-19.392719585202776],[-55.70378128112901,-19.401525428214832],[-55.70545992888009,-19.402877472871722],[-55.707701193027106,-19.40571521576017],[-55.70954345348816,-19.407010256611763],[-55.718384123216026,-19.412717484468207],[-55.719023498289516,-19.413674376887553],[-55.71985273863038,-19.414257302125307],[-55.73464231992921,-19.43051744921962],[-55.74292113022756,-19.44356568505499],[-55.74314277270241,-19.444679957021645],[-55.74367997911207,-19.445526113324796],[-55.746808030869886,-19.454204549603862],[-55.74947202271392,-19.469451903703224],[-55.74943888205734,-19.469618513034707],[-55.74947080987704,-19.46978216363319],[-55.74943266290444,-19.4749758739602],[-55.74939103077298,-19.475181228619984],[-55.749091860609326,-19.478921222160697],[-55.750962319804046,-19.48432258758321],[-55.75328315080168,-19.487539680273944],[-55.758167793285565,-19.496296413883186],[-55.76470856586326,-19.497485194909462],[-55.76580851927098,-19.497898685248035],[-55.76590728759761,-19.497892020881228],[-55.77495513157129,-19.49881170589795],[-55.77784285740148,-19.49940489132274],[-55.7860027957974,-19.50190804703441],[-55.79787242750194,-19.50915182833419],[-55.8055895600703,-19.51569403414462],[-55.80830798185861,-19.5181976785573],[-55.80924662403072,-19.519602455841035],[-55.80996737516915,-19.520084046355052],[-55.81971480088186,-19.53467209984752],[-55.819847171314166,-19.53533757094902],[-55.82018949954272,-19.535866095219923],[-55.82228376834155,-19.54136116663086],[-55.8225450883196,-19.54278061059611],[-55.82375061395635,-19.547061165401917],[-55.82999453581368,-19.551660202970513],[-55.83415942240583,-19.55646017253948],[-55.83822588969094,-19.561877042656523],[-55.843808428811606,-19.571665126580022],[-55.84704671572421,-19.58480310902539],[-55.84761129091942,-19.591015343522248],[-55.8477958447354,-19.59508514344617],[-55.8472453981969,-19.602099406011394],[-55.846331337753554,-19.607887412037268],[-55.84846597510761,-19.614260437063674],[-55.8487216928317,-19.615829031217544],[-55.8489238789287,-19.616502048341],[-55.850905276136075,-19.615115400334556],[-55.852740145520784,-19.614260908147024],[-55.85452167976143,-19.613866420768694],[-55.855736095804104,-19.61305497391146],[-55.856328796841815,-19.612937078344828]]]},"properties":{"OBJECTID":1,"CORREDOR":"Planicie Pantaneira","nome":"Planicie Pantaneira","complement":null,"Shape__Area":0.4777884608108952,"Shape__Length":10.31505722731403}},{"type":"Feature","id":2,"geometry":{"type":"Polygon","coordinates":[[[-53.46237999733751,-19.80701698278166],[-53.462201275251914,-19.80728040468813],[-53.46186084567938,-19.80761133197898],[-53.46132101777567,-19.80835777864891],[-53.45668063200508,-19.813803052667314],[-53.45385961537698,-19.816393408898705],[-53.44811468129502,-19.82123425972865],[-53.436347644430214,-19.82839132920973],[-53.43543768781342,-19.8286167171361],[-53.43459734953433,-19.829874372247044],[-53.430553991656154,-19.83337059877291],[-53.42983917752815,-19.838890458655094],[-53.42911819974489,-19.84162750394316],[-53.42717863755183,-19.847381274198092],[-53.425416651307444,-19.85025392526756],[-53.4232647581573,-19.861072222684015],[-53.421510007392264,-19.864165317683646],[-53.420331255960036,-19.868579546902577],[-53.412024728608685,-19.88165822775504],[-53.40899252861368,-19.884985801021134],[-53.40714015243606,-19.889421842172926],[-53.40374079307202,-19.894493599886808],[-53.39760713431673,-19.903725147085872],[-53.389581011269904,-19.91183519347239],[-53.389482730433485,-19.911901232950708],[-53.38941607512032,-19.912000989676606],[-53.37826332089866,-19.92015278874718],[-53.373140182470934,-19.922800188649468],[-53.36970488319974,-19.92439581529134],[-53.364982098631174,-19.92605064610791],[-53.3636249317824,-19.926442890861946],[-53.36102163480717,-19.92804950424114],[-53.35461394081693,-19.93132712022286],[-53.34936602262411,-19.932370996054388],[-53.34629207199867,-19.93821752959676],[-53.33828768766904,-19.949087476492075],[-53.33779751335953,-19.949415000494557],[-53.33748484322416,-19.949870542381888],[-53.33413913346709,-19.95305338613059],[-53.332837359475654,-19.956651370020467],[-53.32749929309614,-19.96480852151442],[-53.324742571878005,-19.976152102441898],[-53.31938200712324,-19.98564193807781],[-53.31266051054127,-19.99475143514784],[-53.310633625535274,-19.99710699221461],[-53.31020741247454,-19.99779040276138],[-53.30496601843157,-20.003735608449716],[-53.30389845282036,-20.004498502851856],[-53.303127996861235,-20.005651571680158],[-53.30281744303966,-20.01000938942563],[-53.29950834946584,-20.024020831078392],[-53.29521227954149,-20.032004258892137],[-53.291561614258285,-20.03740205552291],[-53.286110258469876,-20.04400668120159],[-53.27635670999922,-20.05140380290694],[-53.27137471537037,-20.054205698048467],[-53.269125721400144,-20.0552990508355],[-53.2678498127558,-20.056379911635247],[-53.264370650595026,-20.05850230728511],[-53.26023530514659,-20.06158987169202],[-53.25751542599619,-20.063066159533843],[-53.25327269325834,-20.06508947983857],[-53.249108409590065,-20.06614539978879],[-53.24422106779605,-20.07308421110808],[-53.24395037142221,-20.07326508464239],[-53.24377403124754,-20.073525049049902],[-53.2392726884741,-20.077902414162093],[-53.23827848531102,-20.078556726297865],[-53.23003891966238,-20.084817697936703],[-53.22339551644393,-20.088570232264424],[-53.22331709156424,-20.088898493110655],[-53.22338712281157,-20.089250563965876],[-53.222932911039095,-20.095625668491937],[-53.222398853421964,-20.099354535068933],[-53.21943022446584,-20.11018721291216],[-53.217224026494534,-20.113631823563985],[-53.21602751450496,-20.118024508444126],[-53.20976963500607,-20.128689511512963],[-53.206778912349876,-20.132475598548954],[-53.204123903111736,-20.13546043797448],[-53.203660265969795,-20.136901537862652],[-53.19892191314506,-20.144591661286263],[-53.19841200026548,-20.14876313048231],[-53.1976948371796,-20.151652763660998],[-53.19559599595027,-20.15802923866779],[-53.18584857023751,-20.17261729216027],[-53.17955547589082,-20.177856041911266],[-53.175935328185744,-20.18034894657429],[-53.16764036903953,-20.18485762253582],[-53.16332601518394,-20.185960331235936],[-53.16308180705448,-20.18654901647987],[-53.15334353483706,-20.201114988082406],[-53.15033172561517,-20.20312741466599],[-53.149101192520334,-20.205601416956213],[-53.14612572865321,-20.210674964319317],[-53.14160283521114,-20.21652794110909],[-53.142235946957385,-20.219441951604207],[-53.14228083109191,-20.220717246471143],[-53.143751017473335,-20.225588241441045],[-53.14605890931898,-20.237362304551095],[-53.146898627938526,-20.246011733395417],[-53.146488215200236,-20.252073159278595],[-53.14593889879398,-20.256111016334167],[-53.14292647080373,-20.26725737282032],[-53.13654490511674,-20.27807824540664],[-53.133996687343306,-20.281274961715102],[-53.13226824300517,-20.283209493293445],[-53.13073042521369,-20.29182521604822],[-53.12800718979793,-20.301131884538222],[-53.126170940950715,-20.305026317611482],[-53.124091930941006,-20.308938289657224],[-53.1161807540754,-20.31963191007646],[-53.11236123602146,-20.322934403229713],[-53.11021805127064,-20.326499863423912],[-53.107818606690564,-20.32940857008888],[-53.104927397141815,-20.33259043668746],[-53.09809402917483,-20.337156347187957],[-53.09274706877267,-20.34512743925067],[-53.08468811111527,-20.350512262601143],[-53.08024249113595,-20.35651240323965],[-53.0774083654274,-20.35860888756024],[-53.07183489836251,-20.366405820597745],[-53.05724684486967,-20.37615324631032],[-53.055519590123204,-20.376496818640987],[-53.05428727704293,-20.377259002762727],[-53.05371267746682,-20.37745096540138],[-53.043323199850136,-20.384392992403868],[-53.037236579468924,-20.38587344304237],[-53.031039874654816,-20.390013948824507],[-53.025505192531796,-20.391895208974073],[-53.02444381457889,-20.392180521759375],[-53.018970419603875,-20.395557223873567],[-53.01741078466727,-20.3966122848284],[-53.01498463720634,-20.39764988248463],[-53.01473176663661,-20.397701686077237],[-53.014510791402756,-20.397849337008015],[-53.011530934915406,-20.398357415144247],[-53.00536523934022,-20.39962053240861],[-53.00491614606682,-20.40024885499449],[-53.002884976968865,-20.403367272417263],[-52.99927245865831,-20.407153359453307],[-52.998842927583496,-20.407447707242994],[-52.99853549040352,-20.407907819498128],[-52.995223356509996,-20.410120916611625],[-52.99376799302053,-20.4150883359514],[-52.98402056730783,-20.429676389443877],[-52.98116323781472,-20.431585595972702],[-52.97830615080391,-20.436226224648735],[-52.97692207987404,-20.437151031277523],[-52.97611492624151,-20.438275881043797],[-52.972948727510925,-20.44104535125858],[-52.96829271707612,-20.443936485311472],[-52.9663872062659,-20.446848039393743],[-52.964426451871425,-20.448885087733473],[-52.96407431401849,-20.449125269713484],[-52.963825559983604,-20.449497556435457],[-52.96024427996173,-20.451890491242523],[-52.95829827630496,-20.454386502430047],[-52.95463213957345,-20.45853457425756],[-52.94918452738409,-20.462511661261725],[-52.945427275071495,-20.466846799599146],[-52.9410745722721,-20.4697551826269],[-52.93504748381168,-20.478775357948415],[-52.925208354752726,-20.48622048770516],[-52.92126777247728,-20.48842538272459],[-52.91651884804349,-20.490727678680514],[-52.90834076622161,-20.49235440029629],[-52.905831873547754,-20.49711625912983],[-52.90328365577432,-20.501030138524264],[-52.897396421799954,-20.508291578040446],[-52.8967595131308,-20.508788906493866],[-52.894742266702224,-20.515006701427364],[-52.888991498744815,-20.523613333891916],[-52.88655974106746,-20.532375018077385],[-52.87783356223616,-20.545907916190508],[-52.870745854716574,-20.553474368216687],[-52.87015763595099,-20.55388145122256],[-52.86972460783511,-20.554529523595985],[-52.865568048492605,-20.558075458886293],[-52.86526625463239,-20.558726359104092],[-52.8642210275816,-20.560755778049295],[-52.85604128874337,-20.57196269009946],[-52.855664740403995,-20.57221429165602],[-52.85542190815386,-20.572570233582333],[-52.85345733906212,-20.574460416077464],[-52.83948866615867,-20.583600298307122],[-52.83051676291888,-20.58538492082042],[-52.82925979986095,-20.586579534520236],[-52.82870328900941,-20.58694123488351],[-52.82425885072064,-20.590689627079335],[-52.81516842713665,-20.59712311401771],[-52.811841448434336,-20.59895924501107],[-52.81016875572624,-20.600192621640314],[-52.80287643866609,-20.6040385880485],[-52.799895701737626,-20.607130196450676],[-52.79955830781363,-20.6073601181406],[-52.7993205551008,-20.60771594022059],[-52.79001840423717,-20.61411602882692],[-52.78991438584285,-20.6146389646085],[-52.783297479524606,-20.625752553406873],[-52.78151392631395,-20.627952058956335],[-52.78064848618453,-20.63230292029659],[-52.77449040899012,-20.64284111209836],[-52.76982121953699,-20.648795854529798],[-52.76623187101876,-20.65284571622052],[-52.75411940538163,-20.660939007011653],[-52.75354805629803,-20.661942296002355],[-52.74626956022775,-20.67148623440853],[-52.7384078049098,-20.677757577911823],[-52.72793264621839,-20.684343652740814],[-52.724407520377724,-20.68616540177736],[-52.723573261947315,-20.686758341194803],[-52.720375229861126,-20.688304725048273],[-52.71838710185756,-20.691072336514175],[-52.71591203403125,-20.694930891313835],[-52.71213548373834,-20.69900117329621],[-52.711467464403704,-20.699465837265446],[-52.71096835173165,-20.700212812166654],[-52.70651924016056,-20.703185613475984],[-52.70329143494632,-20.708230536133623],[-52.700872916879916,-20.71084932580641],[-52.70016652940206,-20.711341895472156],[-52.69963488615548,-20.712137555818703],[-52.685046832662636,-20.72188498153118],[-52.67892539408234,-20.7239197343413],[-52.67890186846506,-20.723925719310696],[-52.67638957043595,-20.72615286863899],[-52.67534222837418,-20.72680804459026],[-52.672035261953226,-20.729558835653382],[-52.66150358580097,-20.736799363007925],[-52.65441814746572,-20.742351878144706],[-52.64668291692715,-20.746870540553484],[-52.64501569664799,-20.74801770636656],[-52.644533078102256,-20.74823320260127],[-52.64163144408394,-20.752940999174974],[-52.636271794425625,-20.759151326323273],[-52.635051969371034,-20.760032793451252],[-52.634025907883995,-20.761568402985404],[-52.631836077417525,-20.763560963440295],[-52.62238574055806,-20.77494185185089],[-52.61958727873355,-20.778011655548468],[-52.615759227845444,-20.78142595118268],[-52.61543647377124,-20.78168231820446],[-52.60646090544259,-20.795124387481703],[-52.60531644688837,-20.795889090239672],[-52.6046323695017,-20.796853337849406],[-52.60251139782207,-20.79874924239044],[-52.592535866273806,-20.805018174851632],[-52.59028658473625,-20.806542182589084],[-52.589128400174104,-20.80703952540349],[-52.587473578258994,-20.80842952380098],[-52.58611109146295,-20.811060756816207],[-52.577976560960174,-20.822180127837484],[-52.57706887120827,-20.822786626739582],[-52.5765131846635,-20.82357905440939],[-52.5733279124467,-20.82648966842293],[-52.56585414441787,-20.831243670752478],[-52.561350934660254,-20.834343982044196],[-52.55510627523637,-20.83713634044257],[-52.5545066832816,-20.83726429226937],[-52.55395857582664,-20.837630525961902],[-52.55017505119161,-20.839002758799182],[-52.54162631461929,-20.841676861582307],[-52.53986954928041,-20.841945214361154],[-52.536388803208865,-20.842975929714488],[-52.53363840648035,-20.84348519179943],[-52.52545166015625,-20.84423673155846],[-52.52477224658435,-20.844101587796413],[-52.524140933694355,-20.844217624176917],[-52.51629686647255,-20.843988878595734],[-52.509971301656776,-20.848119036093543],[-52.5058678340335,-20.84930413939708],[-52.505784330986955,-20.849405319289016],[-52.50576432348447,-20.849427333238793],[-52.505759428285046,-20.849435466958422],[-52.50340194537489,-20.85228695316446],[-52.500542021165245,-20.855430936552487],[-52.489854384360285,-20.862572187155205],[-52.489006348929706,-20.863429452903404],[-52.488904102479346,-20.863498172778336],[-52.488834715256985,-20.86360201809526],[-52.47424666176414,-20.87334944380771],[-52.46583069301158,-20.875467465145437],[-52.46036116371732,-20.878514543905247],[-52.451751039997355,-20.8802272039978],[-52.44510237465483,-20.883830324544814],[-52.443839809716444,-20.884081464325682],[-52.44289528917966,-20.88467726760545],[-52.44094866929327,-20.885366121436988],[-52.439854523406666,-20.88591405051944],[-52.434965894357106,-20.891736780691787],[-52.43232378996408,-20.89461932156129],[-52.41773573647123,-20.904366747273755],[-52.41291845667581,-20.906012208124334],[-52.4088147952287,-20.909425465674182],[-52.40645349762133,-20.911048619360624],[-52.398189227682174,-20.915536180867164],[-52.39071857151612,-20.917892107549648],[-52.387610610913896,-20.918581473476817],[-52.38240724454192,-20.92078959696057],[-52.382215525923584,-20.920828593214882],[-52.38204924355131,-20.92093969954391],[-52.38001674529863,-20.921343988583036],[-52.378218561105534,-20.923506908252023],[-52.37724806504207,-20.926360766358677],[-52.36750063932931,-20.94094881985117],[-52.36454849155615,-20.94345544571629],[-52.36103870774281,-20.949166805562182],[-52.358852886209604,-20.951713115986916],[-52.3588503346478,-20.951714964921436],[-52.35884790532447,-20.951718917328765],[-52.356181431935795,-20.95482408090284],[-52.35492720179275,-20.95573276925563],[-52.3538630966047,-20.957325315212035],[-52.348144401334935,-20.960844274010114],[-52.34051165617502,-20.972267484401126],[-52.33465751487307,-20.97720009582012],[-52.33430166366014,-20.97745143733218],[-52.33296672963224,-20.979110707317094],[-52.32972750700508,-20.982719754908732],[-52.315139453512245,-20.9924671806212],[-52.31360736164999,-20.992771932640544],[-52.30997177849247,-20.995804994599602],[-52.29837385902976,-21.0028202689999],[-52.29491586993203,-21.00408931338172],[-52.29082711080582,-21.005402477703772],[-52.28969066107027,-21.005769735385254],[-52.28328199227394,-21.00837537329882],[-52.268283210025174,-21.011307917380343],[-52.26337019692039,-21.014035478960515],[-52.24616241455079,-21.01745831968898],[-52.23104730431953,-21.01484176046537],[-52.22422511968534,-21.012406832830695],[-52.22237217995444,-21.013314081329682],[-52.222365881782764,-21.01331554044909],[-52.22235865978632,-21.013320698357756],[-52.220054543662854,-21.014447898735092],[-52.217008540841846,-21.01713895879462],[-52.21564705728315,-21.017989042778545],[-52.211877768959766,-21.02105385769345],[-52.20654100748516,-21.02455002773737],[-52.19910780678367,-21.02847983015645],[-52.19674207221493,-21.029045879028303],[-52.19610058862758,-21.029537864321867],[-52.19126925505191,-21.036165570947468],[-52.18867144621407,-21.03876337978529],[-52.17889830368506,-21.046171514827794],[-52.174319169032685,-21.048743827678948],[-52.172932005296104,-21.050758695336697],[-52.171905991769336,-21.051444255657525],[-52.171285296230565,-21.0523242220029],[-52.165738726406346,-21.057336734209873],[-52.16445507914789,-21.05814829380779],[-52.16014402319115,-21.061645394762387],[-52.156894566350616,-21.063763485837146],[-52.15315884808939,-21.06715371702757],[-52.14014784584618,-21.075398699173917],[-52.13953724825137,-21.075520154586997],[-52.139049661695076,-21.075836757273365],[-52.13522733503492,-21.077303508371973],[-52.133565242394525,-21.077611460511577],[-52.12517959726733,-21.079877819141167],[-52.12410622649559,-21.080023852847013],[-52.12186119784684,-21.080684612663973],[-52.1218465314842,-21.08068672615577],[-52.121809223499554,-21.080699875811277],[-52.117118175486894,-21.082074412794658],[-52.115535852087305,-21.08256898224246],[-52.11433599455045,-21.083075531906164],[-52.10022558098137,-21.089337747562162],[-52.096618642456804,-21.090940056807245],[-52.09519251279562,-21.092030850117307],[-52.09043839700979,-21.098978045114244],[-52.08512530363589,-21.105379438133216],[-52.077645228945926,-21.111408119650097],[-52.07326595648499,-21.114223366232114],[-52.06853028927799,-21.116700967168576],[-52.06184802092111,-21.126701688498866],[-52.058295288747956,-21.129895528976373],[-52.051657715505826,-21.135253271285865],[-52.05027509809299,-21.136074371170444],[-52.04807393101834,-21.13786503551505],[-52.036481066028045,-21.14546772716531],[-52.03613798013271,-21.145649217671146],[-52.03469281188336,-21.147121258883754],[-52.03451990973781,-21.147237943864],[-52.03440127409488,-21.1474154946508],[-52.033290065951974,-21.148394008606846],[-52.03306064258908,-21.149459839660203],[-52.03064467148732,-21.1572052640337],[-52.02602287033244,-21.16566372636031],[-52.01972480514689,-21.174723632365954],[-52.01459918058907,-21.180853223531834],[-52.013736583375476,-21.181429592563067],[-52.01320611820546,-21.182187762269884],[-52.004657381633244,-21.19003268719652],[-52.00369453731002,-21.190646579271007],[-51.999519094541704,-21.19409984052405],[-51.99190877349679,-21.199268755318784],[-51.983852069478985,-21.203614488965652],[-51.982342047382986,-21.203914851035645],[-51.98124046589743,-21.204602415019902],[-51.97951343439337,-21.20519511092169],[-51.97560915983711,-21.209772443501823],[-51.96638820514078,-21.216865231897643],[-51.96212337359782,-21.219340970422977],[-51.95675627480124,-21.221995607739576],[-51.95546813902081,-21.22225183387727],[-51.954506980934696,-21.222857463521752],[-51.949170219460086,-21.224740016622288],[-51.947399967368256,-21.22504309463433],[-51.94188472265603,-21.22664150774237],[-51.937589373534934,-21.227385373709154],[-51.92991638183594,-21.228044867535406],[-51.92553927725476,-21.227831321715833],[-51.901884339510616,-21.2255177078244],[-51.89898707847249,-21.224793025523656],[-51.89497432588621,-21.22427547148343],[-51.88866120201499,-21.226151531153164],[-51.8758523124181,-21.228014469957095],[-51.85864453004848,-21.224591629228634],[-51.84405647655564,-21.214844203516165],[-51.83430905084276,-21.200256150023673],[-51.83088621011439,-21.18304836765431],[-51.83430905084276,-21.165840585285057],[-51.844056476555636,-21.151252531792576],[-51.85864453004848,-21.141505106080118],[-51.863043422821306,-21.139945204155644],[-51.87791529253201,-21.135525757373767],[-51.880655153204486,-21.13512726906406],[-51.88432520162149,-21.134120456455342],[-51.889101202598056,-21.133433810947597],[-51.89550018310547,-21.132976173061987],[-51.9069095997487,-21.134447728946057],[-51.91420482940533,-21.13636140138342],[-51.917178928230214,-21.136652288488293],[-51.9188073129103,-21.134845495128047],[-51.91970846882106,-21.13420893906802],[-51.920413636793626,-21.133153580616504],[-51.93136809551828,-21.125104876635074],[-51.93442748272531,-21.123504611132255],[-51.9380610774935,-21.1218058894011],[-51.945676220680184,-21.120168673562954],[-51.94759248061217,-21.110534984329636],[-51.951886424183726,-21.102554700782267],[-51.95612455284589,-21.09628715317493],[-51.96157803498704,-21.08967938322992],[-51.972587306892876,-21.081991544670217],[-51.97266408738329,-21.081932130509802],[-51.976980161749395,-21.0775357985626],[-51.977153063894946,-21.077419113582366],[-51.97727169953788,-21.077241562795663],[-51.98499082386161,-21.072031460418092],[-51.987162427624185,-21.070264846028333],[-51.991791859575926,-21.067228828298997],[-51.993891232968735,-21.062901585383656],[-52.00255169831718,-21.050733231497485],[-52.00265314206541,-21.050665448951865],[-52.00272028777192,-21.050565531243542],[-52.006527355643016,-21.046798517693833],[-52.02094681968111,-21.03721879223519],[-52.02436173291045,-21.036333224753395],[-52.025429077546846,-21.034809815442987],[-52.03046002351243,-21.028815888358366],[-52.034937662746245,-21.024895250579917],[-52.04424170937716,-21.017778932831057],[-52.04591358562782,-21.01681540471877],[-52.04778761592264,-21.01532698260383],[-52.05129713740695,-21.0131411610707],[-52.05629867592273,-21.010569851611955],[-52.05681433277135,-21.01021576699523],[-52.06372274951945,-21.007146843045053],[-52.06373027089888,-21.007145247604395],[-52.063737466653436,-21.007140308411966],[-52.078229501565545,-21.00070872882222],[-52.07862083485383,-21.000625792131622],[-52.07898098861608,-21.000383376042844],[-52.082559174651294,-20.998872755925696],[-52.08271006139233,-20.998842210880213],[-52.08284028281588,-20.99875519970689],[-52.086633493738475,-20.997379938133236],[-52.090673258142886,-20.99611727333833],[-52.09086491696683,-20.996088018835884],[-52.09144379774067,-20.995883985227554],[-52.09649516803057,-20.994403869214818],[-52.10171742734559,-20.992866846909518],[-52.104779072511974,-20.990383259978156],[-52.10792492853716,-20.9883326989472],[-52.10992223155597,-20.985295094937626],[-52.11290532481769,-20.982222356290183],[-52.11318052183402,-20.982035514754877],[-52.11337246858085,-20.981748246147497],[-52.12314561110986,-20.974340111105096],[-52.12658417778334,-20.97240850832087],[-52.13057675324876,-20.966941498711446],[-52.13500744648906,-20.963056817121803],[-52.13815238175522,-20.960644811684688],[-52.14075818025077,-20.957595490410885],[-52.148963332867424,-20.95111039080439],[-52.1521791226624,-20.949128655575002],[-52.158562023538536,-20.945866329468934],[-52.162648402746136,-20.944888582273197],[-52.173645063358144,-20.93703483016476],[-52.182831723123286,-20.9325406094747],[-52.192018384010396,-20.92804257634345],[-52.19329270930166,-20.927747348931295],[-52.194584209817776,-20.926884395875646],[-52.202021783230116,-20.924535820244923],[-52.20936507546645,-20.92290122246659],[-52.217218324197006,-20.922037733154216],[-52.21817265114021,-20.9218372625654],[-52.22859440406984,-20.921614102775358],[-52.22906289459257,-20.92170208868531],[-52.229557037353516,-20.92160379757892],[-52.238590688565296,-20.92316680265538],[-52.240223247903764,-20.922363979615987],[-52.25707744144984,-20.918942529123502],[-52.25998805546345,-20.91891964093992],[-52.26016315287069,-20.918953754854094],[-52.26034164428711,-20.918918250703985],[-52.2614753235103,-20.919143753522107],[-52.2619315320656,-20.9187628971879],[-52.270513919434904,-20.913569709069645],[-52.27080639202836,-20.913243844616797],[-52.270910962057485,-20.91271813557965],[-52.27776710789504,-20.902711024200528],[-52.2806583877703,-20.898130082087146],[-52.28111438777773,-20.89782539262319],[-52.28140622056918,-20.897399438549662],[-52.28337841905556,-20.895516885449183],[-52.29114835410065,-20.89045484103776],[-52.29306580455853,-20.887220036777215],[-52.29458023937303,-20.885337483676572],[-52.296518582005206,-20.88317774247624],[-52.29653046889348,-20.883142787679866],[-52.29980160063371,-20.87674560374428],[-52.30176616972551,-20.87356033152761],[-52.30824246369798,-20.865369461970715],[-52.31117941790768,-20.862681746592965],[-52.31253753126572,-20.861545157371307],[-52.31314465124001,-20.86066107073573],[-52.31631686229889,-20.856845422861777],[-52.31692776015177,-20.85588188647182],[-52.32080349257359,-20.85161514758032],[-52.321643186214544,-20.851024461512004],[-52.32229199372722,-20.850053452449668],[-52.3322492812116,-20.84254244207499],[-52.338150617881524,-20.839263709775214],[-52.34278138389005,-20.837027294437362],[-52.35556992608747,-20.83448349523362],[-52.356278363368176,-20.834182859667326],[-52.356470081986515,-20.834143863413004],[-52.356636364358856,-20.83403275708398],[-52.35831362188662,-20.83350382151592],[-52.36443768451892,-20.828666677236807],[-52.36657010029046,-20.82735442137746],[-52.37292893638027,-20.824106914799074],[-52.37419337743688,-20.823675013737677],[-52.375533723463654,-20.821752213436685],[-52.38180729185882,-20.816526917229638],[-52.390478098743586,-20.810549286614492],[-52.39442839065299,-20.80840077935418],[-52.39586574959071,-20.80736410612088],[-52.403178524248915,-20.803701996745968],[-52.40543349387906,-20.803168925691633],[-52.41100241905713,-20.799354473806464],[-52.41920502890963,-20.79490922192869],[-52.428374366528935,-20.793085327275566],[-52.432030041116604,-20.79104874829592],[-52.438086518780615,-20.78952453292628],[-52.4392252785645,-20.788766420490113],[-52.44555920538995,-20.78109165821595],[-52.448444032301495,-20.77791752715842],[-52.46203908651654,-20.768595460547818],[-52.46569738119428,-20.766976121558553],[-52.46621876654427,-20.766865884808603],[-52.46669038047213,-20.766550762456678],[-52.467113235572015,-20.76642863965183],[-52.47174794313651,-20.76253432743656],[-52.47569996950375,-20.759759135175933],[-52.484333355325646,-20.75501511792571],[-52.499495425009854,-20.751638835692187],[-52.503474154257844,-20.751457637572024],[-52.50443698139355,-20.751626478405523],[-52.50551986694336,-20.751411079077197],[-52.51635920799828,-20.753217009685937],[-52.516852092880356,-20.752436991574704],[-52.52275342955028,-20.745900507810223],[-52.5236410232597,-20.74527410883053],[-52.524333619703896,-20.7442375650011],[-52.527208248897466,-20.741602104617275],[-52.534490505977544,-20.735485237552062],[-52.53612182287662,-20.734494761246285],[-52.53731350841372,-20.733535811400376],[-52.53974278380889,-20.72907975673333],[-52.54245503356469,-20.725162062641502],[-52.54762997590501,-20.718961380919687],[-52.55739085563699,-20.712439369595597],[-52.56512951823089,-20.70311982292341],[-52.565770049688304,-20.70241718484576],[-52.56598923964543,-20.701315242518433],[-52.57073981439942,-20.694748387655235],[-52.57573666535819,-20.686727189025955],[-52.57729643483054,-20.6856849843844],[-52.57818949933744,-20.684450475866264],[-52.58343852277495,-20.67993005960656],[-52.583458413405765,-20.679917814489347],[-52.58346776673676,-20.67990489678592],[-52.58549337098481,-20.67816348748427],[-52.593626318585905,-20.673161472935774],[-52.59647371375228,-20.671202263086982],[-52.603299235131935,-20.668154568028328],[-52.60713657055186,-20.665147433960428],[-52.60802540340984,-20.664628207596945],[-52.60939784351541,-20.66348658851271],[-52.61880404033718,-20.65701982819789],[-52.62506688098,-20.651467827133892],[-52.62557893619106,-20.651147505557788],[-52.62754727690793,-20.649422542512784],[-52.632548345023224,-20.645590679109503],[-52.638751082537674,-20.64201243771026],[-52.639299307745375,-20.64125691688311],[-52.64389767610038,-20.635869645081904],[-52.64921685258242,-20.632315484985284],[-52.65001495536217,-20.630881094199125],[-52.65407760795006,-20.62522389815435],[-52.65880551301444,-20.619657181703403],[-52.673393566507286,-20.609909755990827],[-52.67519692822947,-20.609551045041442],[-52.67647349176383,-20.608763979045904],[-52.68125055085477,-20.607183020312736],[-52.68261383650042,-20.60479501333754],[-52.68986859284843,-20.5952927102684],[-52.692480055640026,-20.592880027822638],[-52.69777867014204,-20.58835961156292],[-52.70121397825221,-20.586255748814448],[-52.701370990763166,-20.585929292838518],[-52.703479278989505,-20.582956369056415],[-52.70555120010664,-20.579476422656754],[-52.705955964645,-20.577137861404488],[-52.70714233549456,-20.573813352737638],[-52.70771171717467,-20.572913362566347],[-52.70794938368834,-20.571718532316574],[-52.71769680940116,-20.557130478824085],[-52.723241608745006,-20.552753526450704],[-52.72615017854173,-20.548400544131926],[-52.739615301534855,-20.539136237251444],[-52.74121706431976,-20.53842115318861],[-52.74315315690495,-20.536413045714756],[-52.74349055082894,-20.53618312402472],[-52.74372830354179,-20.53582730194468],[-52.754589880717276,-20.52782731931323],[-52.75786462456523,-20.526104667601626],[-52.76561547445226,-20.52201687108159],[-52.76965761706657,-20.519156160414894],[-52.777879787541394,-20.511341835698033],[-52.77837286784239,-20.511021361580568],[-52.782482866331065,-20.507516586202183],[-52.78551173595997,-20.505323135274498],[-52.79467805137057,-20.50019906263422],[-52.79498769495012,-20.500106177616136],[-52.79529096469997,-20.499903539247786],[-52.795515084617364,-20.499574494220095],[-52.80004313027172,-20.4952047585025],[-52.80041626000878,-20.49496021378832],[-52.803932509242316,-20.491960523126156],[-52.804888470602464,-20.488516170258087],[-52.808075706133415,-20.48225555637934],[-52.81016234553772,-20.478845217023895],[-52.812650888040366,-20.475686286132806],[-52.812656527898014,-20.47565578963858],[-52.8153153718921,-20.468713040615317],[-52.81563953016229,-20.46821345309109],[-52.81576417250676,-20.46758683371077],[-52.82219480731078,-20.456704514663716],[-52.82691121715345,-20.450809002360444],[-52.82692810988874,-20.450721109525297],[-52.827904241603505,-20.44827550954878],[-52.830260022116136,-20.436432201143166],[-52.83337597133902,-20.430288494871505],[-52.83476452114377,-20.42800349120947],[-52.84139599763359,-20.419559143988636],[-52.85598405112643,-20.409811718276124],[-52.86210648609642,-20.40777671199438],[-52.86624543262969,-20.406723855549096],[-52.87560340824996,-20.405552280094646],[-52.87680783235039,-20.404178284614037],[-52.88522631335655,-20.398553235442044],[-52.886188172926495,-20.397443436591733],[-52.89192305422869,-20.39325662572768],[-52.89383261358751,-20.390807359249585],[-52.893965810146085,-20.390656653225044],[-52.903319978346474,-20.376657151191864],[-52.90646205986695,-20.37379879945031],[-52.91136394585334,-20.36974568360569],[-52.91285247834196,-20.36884976926583],[-52.913753661019534,-20.36723527610093],[-52.915438397360276,-20.359745342014225],[-52.92518582307298,-20.345157288521744],[-52.93977387656582,-20.335409862809172],[-52.94102784073857,-20.334978398688417],[-52.94182171784843,-20.333867691964407],[-52.951152291252754,-20.326711476031605],[-52.95869312287675,-20.32236236593904],[-52.96107376151326,-20.32061366358133],[-52.97048600425137,-20.31531022291714],[-52.97549096546413,-20.31357483488078],[-52.97868386707552,-20.312674566326162],[-52.98319509760217,-20.31205073614793],[-52.987760878272866,-20.30806319035099],[-52.99198756284318,-20.304847400556213],[-53.002006847757286,-20.29909013014413],[-53.01045924931327,-20.297408842940555],[-53.011840486158974,-20.29547657868407],[-53.0149654392788,-20.293164960960592],[-53.020515107741,-20.28567471406029],[-53.02787893651737,-20.279721015010054],[-53.02867193314273,-20.279207776920867],[-53.032546662916786,-20.273431443186578],[-53.039886673900476,-20.267493169997973],[-53.04130822081078,-20.26657185230512],[-53.044135713209755,-20.262340210886997],[-53.044731633697275,-20.261824956527185],[-53.04547044148547,-20.257685738534303],[-53.04588255672337,-20.256277332975046],[-53.0474364983952,-20.24725224493528],[-53.048462651959596,-20.244360704408063],[-53.04904955556344,-20.243431216384675],[-53.04929612441099,-20.24219163107961],[-53.05268426385567,-20.23594056508505],[-53.04955552382506,-20.231258074725464],[-53.04613268309663,-20.214050292356294],[-53.04766113726463,-20.202426132996187],[-53.04824097124901,-20.200259384949486],[-53.05013535780944,-20.194675761940236],[-53.05541313591278,-20.186777008816964],[-53.05632834809331,-20.18302607462704],[-53.05689409833827,-20.17995137904355],[-53.058217798289434,-20.176476189834613],[-53.05856225622575,-20.1759442667558],[-53.05869553847356,-20.175274211647643],[-53.06706282208097,-20.162128990175145],[-53.06946226666105,-20.15950638580509],[-53.07024472414474,-20.158958052034162],[-53.070842408766396,-20.15806355378522],[-53.07090002001087,-20.15802516922124],[-53.07093018595651,-20.15792695414337],[-53.072371228170766,-20.15392144370395],[-53.08211865388358,-20.139333390211423],[-53.08285219975545,-20.13859984433957],[-53.08525583718631,-20.134318463462005],[-53.08838770364139,-20.130026929038277],[-53.0929142471453,-20.124738358473508],[-53.107502300638146,-20.11499093276104],[-53.107720984942944,-20.114916708607],[-53.113468631940414,-20.110957367469943],[-53.11353562636418,-20.11064561057516],[-53.121029259263935,-20.098483797383473],[-53.12166945388418,-20.097741588010756],[-53.121721966696214,-20.09757836509203],[-53.12221805627922,-20.096835914563272],[-53.1223906765423,-20.096045246273697],[-53.12371819119079,-20.093149891049208],[-53.124811802159684,-20.09157730964373],[-53.128514351185906,-20.085052386802744],[-53.13165003233826,-20.080837146324217],[-53.1328581009592,-20.079438701955947],[-53.13572190566106,-20.066009837871203],[-53.13601764854474,-20.065567227367147],[-53.13612115161857,-20.065075946248683],[-53.13719231321028,-20.06264662857481],[-53.137516614412625,-20.059480348785304],[-53.138855573152846,-20.0530125295716],[-53.14134476943059,-20.04492028403867],[-53.1455717277899,-20.03703934641957],[-53.150103588141405,-20.030298776351387],[-53.15562405549492,-20.023591660477937],[-53.169685370474326,-20.0140663501146],[-53.178064890530436,-20.010469964559178],[-53.1844669815203,-20.00138058564946],[-53.18555622566731,-20.000652775979],[-53.186210967235006,-19.999727405695488],[-53.18816409223513,-19.997972644953396],[-53.19222304471675,-19.995414720199577],[-53.19274608323667,-19.99482102481928],[-53.19381888643062,-19.99405410070567],[-53.19469037019212,-19.992749833086194],[-53.209278423684964,-19.98300240737374],[-53.21240740447257,-19.982209004834267],[-53.214686139059495,-19.970753032453686],[-53.21816735982492,-19.964018563346436],[-53.219803864951984,-19.96141693981129],[-53.22607006989915,-19.953563355426116],[-53.2280846564214,-19.952126808975343],[-53.23175778352225,-19.946887635211443],[-53.23857300699058,-19.94191247462225],[-53.24075196547551,-19.930958110579688],[-53.243312052688395,-19.925754679840292],[-53.24539106269816,-19.922138346832565],[-53.25257840119798,-19.912753724079487],[-53.25362284470867,-19.911934046441225],[-53.25678766736962,-19.906164504664215],[-53.26185740003563,-19.898922301905493],[-53.26689877473314,-19.892913483601472],[-53.26738894904281,-19.89258595959888],[-53.267701619178126,-19.892130417711652],[-53.26843091153563,-19.891436626621076],[-53.2689120606903,-19.889845210800452],[-53.27122505549533,-19.88507717633611],[-53.27415474299527,-19.879847226385074],[-53.281589173903065,-19.870027207356888],[-53.28821134894997,-19.865527248766966],[-53.29355615045597,-19.85734702445648],[-53.29550546075876,-19.855315698162578],[-53.295884623246025,-19.85505666133273],[-53.296153688063214,-19.85465397737687],[-53.310741741556114,-19.84490655166435],[-53.327949523925724,-19.841483710935947],[-53.32942825888164,-19.841548051583274],[-53.33523250405732,-19.832409230144425],[-53.33682311905262,-19.830663669843638],[-53.33944581313176,-19.817478496324743],[-53.34143823681967,-19.814496623551566],[-53.34453843398132,-19.80132706810245],[-53.3486043282964,-19.793687369721972],[-53.352052814624464,-19.788486030000428],[-53.355245784367646,-19.784581116679657],[-53.35561896701688,-19.784037605268242],[-53.360695692341274,-19.775992726743144],[-53.36117121243757,-19.775464756390033],[-53.36205552382512,-19.772676784289697],[-53.37180294953782,-19.758088730797166],[-53.38187553393993,-19.750513883374264],[-53.385339279057064,-19.748602720044254],[-53.38985474814791,-19.74643014175474],[-53.39238537484738,-19.745803328680857],[-53.39610786259386,-19.739224770844164],[-53.39804191410757,-19.73661170321723],[-53.39989554224621,-19.734460721724112],[-53.400122387838785,-19.73322899986693],[-53.40054670189727,-19.732593969001716],[-53.40069469742564,-19.731907576922914],[-53.40165218643932,-19.72979041994055],[-53.403161643443696,-19.727607841744003],[-53.40606000885981,-19.72272935259637],[-53.40718720717467,-19.71900208641509],[-53.41106525995622,-19.712347572255368],[-53.41324876112981,-19.700939494862862],[-53.41399440261666,-19.699823563516652],[-53.4142510981128,-19.69869518763787],[-53.415429839567935,-19.696238522598804],[-53.41734649097788,-19.69353315740255],[-53.418945114398696,-19.69082240244473],[-53.41959641737975,-19.6883662526757],[-53.419890988822665,-19.687925395356807],[-53.419994084585596,-19.687435941970968],[-53.421905247915674,-19.6831005385287],[-53.42403163415065,-19.67999440094831],[-53.429392343829875,-19.671421592210876],[-53.433123117755656,-19.667210166429797],[-53.43415511402151,-19.66647454997144],[-53.43498578034843,-19.665231369959802],[-53.43886449276317,-19.66263969718169],[-53.43334458632507,-19.65437857339733],[-53.43004388215269,-19.6404827530478],[-53.42985314728941,-19.63790020299902],[-53.42994868871102,-19.637306243211416],[-53.42992174559663,-19.637170791028044],[-53.43008322873703,-19.636358960458914],[-53.42973101073335,-19.634588240979287],[-53.43079252002253,-19.629901944171102],[-53.42958223753993,-19.62381744325012],[-53.429764031559614,-19.62290350299563],[-53.4282475471698,-19.615544936753892],[-53.42819414140803,-19.611669204332053],[-53.4282525365785,-19.611364682394516],[-53.428189873038036,-19.611049651502398],[-53.43001445935198,-19.600197722372105],[-53.4300177797665,-19.599962554014713],[-53.43021372437113,-19.599012571607048],[-53.430662299036726,-19.596344624114945],[-53.43091410596543,-19.595616968066672],[-53.43343613905943,-19.583389598625573],[-53.435378565657004,-19.580084533868476],[-53.43734238905944,-19.57021172692182],[-53.44708981477226,-19.555623673429277],[-53.44775934620503,-19.55517630682857],[-53.44817902431214,-19.554570560202546],[-53.45107437953669,-19.55186403249266],[-53.45137301981037,-19.551671684772348],[-53.45145125015239,-19.551106474637926],[-53.4504600756747,-19.546123504043067],[-53.453882916403245,-19.5289157216739],[-53.463140006537344,-19.514825684789745],[-53.46567678021893,-19.512208802465537],[-53.46596537965348,-19.512012705333078],[-53.466167115797646,-19.51171078585727],[-53.47346769574301,-19.50683269429343],[-53.47412751479192,-19.503515559931376],[-53.47994791288039,-19.49357877439039],[-53.48065018069178,-19.49014008959688],[-53.480813485470094,-19.48690618488778],[-53.48121402868293,-19.48295034382348],[-53.484408123922776,-19.470272380610954],[-53.49415554963548,-19.45568432711847],[-53.497138642897255,-19.45270123385683],[-53.499122300193505,-19.45120056702937],[-53.498887657461864,-19.447814940813153],[-53.502310498190354,-19.430607158443994],[-53.50599688432351,-19.424228630190605],[-53.50634311529217,-19.42102631963492],[-53.506911505184746,-19.418428510797103],[-53.50929520888371,-19.410831767819495],[-53.51428729910725,-19.4033605768234],[-53.51660416884453,-19.39278062035897],[-53.51921371920707,-19.387695871775946],[-53.52152512831731,-19.37720330407525],[-53.525460126082635,-19.369762174712573],[-53.525539943219655,-19.369640393111094],[-53.525573809934485,-19.369457773954856],[-53.52824281020207,-19.360449153685046],[-53.532689155598796,-19.35339590651011],[-53.53327606851593,-19.34827545668698],[-53.5343708866311,-19.343562398215358],[-53.53662751479186,-19.33652909448157],[-53.54637494050468,-19.321941040989095],[-53.55244768832938,-19.317197139275898],[-53.553169467833015,-19.315890851278308],[-53.554504611875984,-19.31400829817778],[-53.55538736826247,-19.312962679918904],[-53.55940138942094,-19.306516231893966],[-53.56059001744575,-19.296461211980358],[-53.56173061192817,-19.29170428449019],[-53.56391404433293,-19.2849810903325],[-53.573661470045685,-19.27039303683997],[-53.574254545284134,-19.269907239353117],[-53.57553676238058,-19.267988265857785],[-53.57354234023137,-19.263879458417097],[-53.57341598064579,-19.263488424078883],[-53.56687424941106,-19.253698031415354],[-53.56345140868256,-19.23649024904619],[-53.56421530684588,-19.229809791048737],[-53.562049838404334,-19.221312118389495],[-53.56138918659019,-19.21512297955305],[-53.561113333630715,-19.214133614386867],[-53.560177635976856,-19.207293725862325],[-53.554589098318104,-19.19910852690639],[-53.55320436321062,-19.19594614287327],[-53.55311281582652,-19.195508835971477],[-53.55285142226262,-19.195117632857293],[-53.54960931689709,-19.18193741356939],[-53.54906762988532,-19.175914006587128],[-53.548886894522354,-19.17188644350586],[-53.55037985339612,-19.160395744802166],[-53.5515242625758,-19.156066063405735],[-53.55345414443059,-19.15034897974022],[-53.557009445083054,-19.143497144878616],[-53.55830698788525,-19.1414484420755],[-53.55861938055233,-19.1392098066421],[-53.55961276712998,-19.13571976707286],[-53.560850261644134,-19.127987559970805],[-53.56370805068054,-19.11788590601065],[-53.565687711689634,-19.113723806147885],[-53.56723076057341,-19.110867048725137],[-53.5673617506991,-19.110122019955117],[-53.56758969703492,-19.109339253591582],[-53.56514023478173,-19.10537281870191],[-53.56279329576455,-19.10198538053231],[-53.561324637317284,-19.098752424599724],[-53.56116866204138,-19.098031960723908],[-53.560721142721604,-19.097362200730917],[-53.557298301993114,-19.080154418361694],[-53.55767442412065,-19.075533451645075],[-53.55622449448589,-19.069958803999874],[-53.55570569565777,-19.065514681685535],[-53.55540239745209,-19.060300826443264],[-53.55882523818053,-19.04309304407404],[-53.5645027118066,-19.03317896052035],[-53.56746673158199,-19.02925935908008],[-53.5705979000856,-19.025663496733895],[-53.57135970253677,-19.024093627577404],[-53.575334617087606,-19.017002105360845],[-53.579365985190066,-19.011678573724858],[-53.581042115792286,-19.009012169243782],[-53.58312494049932,-19.00668329656318],[-53.58408523864312,-19.006002207200524],[-53.58484616242845,-19.004863404278545],[-53.58732299638086,-19.002737034742218],[-53.58722697247845,-19.001361601458203],[-53.58745828789665,-18.99994177580389],[-53.58711779051845,-18.998229979887313],[-53.587273922230736,-18.994486065895448],[-53.588311519886986,-18.982067318947465],[-53.59016818752741,-18.97441499099103],[-53.58969361691322,-18.969851907573027],[-53.58945238524507,-18.965200423613705],[-53.589665555014165,-18.9641287468147],[-53.58949803726341,-18.96317471323183],[-53.590096944734114,-18.94989384470184],[-53.5902378428504,-18.949260440551758],[-53.59049174620332,-18.945641262808657],[-53.59144542051973,-18.93887780455688],[-53.592167855837886,-18.93623031145328],[-53.59250599540496,-18.933634911798944],[-53.59500067457185,-18.92422343076567],[-53.5958381529149,-18.917368222819746],[-53.598929150534104,-18.905613261973123],[-53.60063489576493,-18.90196624518526],[-53.60473569532547,-18.894132764350555],[-53.612777375807354,-18.88319172764596],[-53.6136638402698,-18.88259941102889],[-53.61420768575738,-18.881823046438946],[-53.61689704732959,-18.879360659354106],[-53.630054790872464,-18.87098191484856],[-53.63595074491889,-18.869142057075265],[-53.64324601401705,-18.864624721855556],[-53.646882141306435,-18.863901451168303],[-53.64688896419358,-18.86388795622928],[-53.64855755940323,-18.86112639472515],[-53.648549705280516,-18.85432668804311],[-53.648554848139554,-18.854300754878757],[-53.64854967528407,-18.854274749178174],[-53.64942288660768,-18.84545617098235],[-53.65023160242794,-18.841412591880847],[-53.652781231832876,-18.833023387707485],[-53.65333308088992,-18.832197487228505],[-53.65352470717119,-18.831328053947612],[-53.656740496966044,-18.824387212272928],[-53.658069027846636,-18.822484894336228],[-53.66180812576329,-18.815992649360552],[-53.66759661398117,-18.808415625247463],[-53.67832570030618,-18.767688955216094],[-53.678763196496114,-18.765432081488196],[-53.67852741162511,-18.761702325263606],[-53.681860669088735,-18.7416575735009],[-53.69160809480155,-18.72706952000844],[-53.706196148294396,-18.717322094295813],[-53.71692760863402,-18.715187474114376],[-53.720234820555504,-18.71040614345863],[-53.723054690554534,-18.70776205756361],[-53.72479174019173,-18.704996438368415],[-53.7342788922914,-18.69437250648398],[-53.73525067890131,-18.6936827203802],[-53.736022615065224,-18.6925274362691],[-53.742789798418244,-18.68734366522101],[-53.743067708132685,-18.685946518738465],[-53.74286021142523,-18.684712141061436],[-53.743100537352916,-18.680685728097664],[-53.74377564375857,-18.677751684523358],[-53.74461871417975,-18.671483648814466],[-53.74604159625983,-18.66628993848744],[-53.747866375875844,-18.660963374894557],[-53.74860327805925,-18.65986052284056],[-53.748857075539775,-18.65874334012454],[-53.751630360451884,-18.652954537024115],[-53.75324442597838,-18.65067482739987],[-53.75657135028865,-18.644927549652465],[-53.764589843940996,-18.63452677755807],[-53.768405580153114,-18.630185746207253],[-53.78299363364595,-18.6204383204947],[-53.80020141601557,-18.61701547976636],[-53.80283248053286,-18.617460270778686],[-53.80289157589278,-18.617440144183902],[-53.807396733363476,-18.616223255756143],[-53.819122314453125,-18.61466753359937],[-53.82595940858761,-18.616027516179695],[-53.82683896728201,-18.61590807749905],[-53.832889556884766,-18.61549913760326],[-53.850097339254376,-18.61892197833172],[-53.85413010128792,-18.621616583774212],[-53.85644698256738,-18.622077440114424],[-53.86685943603511,-18.62029421206602],[-53.87442366015415,-18.621707506253195],[-53.87577438354492,-18.621598838530833],[-53.88750624419629,-18.623932450706725],[-53.887874603271484,-18.62386286135791],[-53.89149642180206,-18.624008959345318],[-53.89300704191931,-18.624131029657754],[-53.89840337887898,-18.62543254997464],[-53.90206909179681,-18.625089286528837],[-53.91927687416654,-18.628512127257174],[-53.920775600976754,-18.629276437602854],[-53.92658646811862,-18.626160366392977],[-53.93369720025271,-18.624180902164944],[-53.934554719557354,-18.62320675755998],[-53.94149182585244,-18.61753268655475],[-53.94964413268207,-18.612124186567353],[-53.95900692903007,-18.598111771598674],[-53.959162911050775,-18.598007547744434],[-53.959265629337544,-18.59785515923364],[-53.96045200018711,-18.59668786187044],[-53.964678115272704,-18.59388876347828],[-53.96471753083671,-18.59382977391817],[-53.96992140972554,-18.589365188096746],[-53.974621116756744,-18.58591860911734],[-53.975002989263594,-18.58570363322461],[-53.97547922902191,-18.585304654970628],[-53.98177347951019,-18.58091203106926],[-53.99029954184908,-18.576243145324955],[-53.99124574881483,-18.57605493305734],[-53.99197650758293,-18.57558754327792],[-53.994026995842205,-18.574832884160745],[-53.997828146757634,-18.573204244049894],[-53.99809546228022,-18.573149388624167],[-53.998329479593224,-18.57299302325473],[-54.00479904394292,-18.570871184004073],[-54.00676279624889,-18.570388253700447],[-54.011452618082615,-18.56824224147736],[-54.01222826381604,-18.56807320613983],[-54.01295502890957,-18.567587597229483],[-54.02497629287308,-18.56446487193327],[-54.02937845351761,-18.563953702499692],[-54.03456497192382,-18.56365358706744],[-54.04998996847746,-18.566382030372264],[-54.05409790250394,-18.567882228766333],[-54.05944326631346,-18.566693777229123],[-54.0692024230957,-18.56562197085652],[-54.07459824213209,-18.56594688709497],[-54.077138830511046,-18.56625397022479],[-54.07714042096432,-18.566254387353165],[-54.07714412704405,-18.566254610740252],[-54.08237789169249,-18.566887850486317],[-54.085238388206506,-18.56763825448781],[-54.09083938598633,-18.566524146759804],[-54.0914486638037,-18.56664533965287],[-54.092019139890226,-18.566539625740667],[-54.094196673562976,-18.566596776313],[-54.11117935180663,-18.563218711579292],[-54.115935573027514,-18.563470960145143],[-54.11910940115257,-18.563808560853136],[-54.12892003420319,-18.5663066826459],[-54.13074880333011,-18.566651972871547],[-54.132289840907454,-18.56725541221268],[-54.13310357558561,-18.56729388390956],[-54.137775086988995,-18.560792588250106],[-54.14698316932129,-18.553707275121933],[-54.151106857065436,-18.551311645239068],[-54.15648682822598,-18.548649532654792],[-54.16219307018361,-18.547514490558246],[-54.16263546906913,-18.54692234899254],[-54.177223522561974,-18.53717492328015],[-54.19443130493164,-18.533752082551633],[-54.1960925890873,-18.534082532515896],[-54.197478283439125,-18.533855435515232],[-54.198335730756526,-18.533913671436643],[-54.19874113683005,-18.533879550491562],[-54.2049262839796,-18.531929861125587],[-54.215530950578,-18.530298030008876],[-54.217652094248194,-18.529856635509116],[-54.22219539869144,-18.529776526866645],[-54.22258311319576,-18.529850101191737],[-54.222988128661996,-18.529769538606523],[-54.230405947881025,-18.530385597906523],[-54.23795523376964,-18.531648262701356],[-54.24140267682526,-18.53263664427092],[-54.243534036479666,-18.53295137579324],[-54.251456186037444,-18.535343211468383],[-54.2519695975854,-18.53543216677445],[-54.2551838394304,-18.53097119237685],[-54.2554480016019,-18.53079468485687],[-54.25562019191017,-18.53054074768507],[-54.25959129176374,-18.526676459355155],[-54.26057301246277,-18.526030129058054],[-54.26886276810302,-18.519735530393927],[-54.270682378698716,-18.518709376829438],[-54.27556260337252,-18.516333324769953],[-54.29277038574213,-18.512910484041495],[-54.29642398019007,-18.51305916111803],[-54.29782778878383,-18.513173602035987],[-54.304214319093944,-18.514716338902563],[-54.30768585205078,-18.514505027498483],[-54.31187572811706,-18.514700656329907],[-54.31550350521667,-18.515040164386527],[-54.32626615220573,-18.517708284865947],[-54.32792825717564,-18.518026615888967],[-54.33018274325963,-18.51892306974631],[-54.330450215364635,-18.519099047915667],[-54.33077589760405,-18.519163830140975],[-54.33408407591821,-18.521489877149147],[-54.34536395109683,-18.52891125585341],[-54.34600634391222,-18.529872664642685],[-54.34683893384647,-18.530458075446305],[-54.35056207837772,-18.5345531529609],[-54.35305474133065,-18.538482754016837],[-54.357410943659204,-18.544495487554727],[-54.35976461187215,-18.549145603521467],[-54.36037917064698,-18.551720628695563],[-54.36176466155188,-18.553900636051853],[-54.367328977952354,-18.558084153191583],[-54.367799972822304,-18.558789046828057],[-54.368434344672885,-18.55922935733167],[-54.37007084979979,-18.560986025422444],[-54.37871290879201,-18.574428874774757],[-54.37894086735031,-18.57557489983705],[-54.37949085439084,-18.57644238915526],[-54.38021946156852,-18.578471808100467],[-54.38168774589445,-18.586906738196845],[-54.38262972868472,-18.587598465934935],[-54.392377154397536,-18.60218651942741],[-54.394521927063124,-18.612969019750565],[-54.39700438218068,-18.616684276384916],[-54.39918928147017,-18.62766850686907],[-54.4016354246612,-18.631038982195204],[-54.401929979263684,-18.632519808180934],[-54.40260709819325,-18.633603313837266],[-54.40306933133338,-18.634945334397802],[-54.405714224908195,-18.638408032084232],[-54.40680335124211,-18.640299273436057],[-54.41101870573556,-18.643703125967647],[-54.41407335441466,-18.647084281053957],[-54.41585863273491,-18.64927391728438],[-54.4213482619399,-18.65846617282762],[-54.422277168552064,-18.659833113888027],[-54.42303038192233,-18.661574000755866],[-54.42977110634428,-18.663561565732884],[-54.43293633379978,-18.665676503102752],[-54.441978137594276,-18.66790841326695],[-54.453760587231436,-18.675376613242435],[-54.45430755615234,-18.675267814359557],[-54.46068816142105,-18.675722814308827],[-54.46401457743667,-18.676199651467016],[-54.47484175453758,-18.679167492246094],[-54.4758852279561,-18.679864718893523],[-54.47795042589962,-18.679655455429014],[-54.47952949949246,-18.679271062929875],[-54.50015556760769,-18.677516302187787],[-54.50396728515625,-18.677354453763794],[-54.507527530765685,-18.67749561872691],[-54.517353641760224,-18.678276063064292],[-54.52729239712505,-18.6776509217025],[-54.53515621279615,-18.673934174552308],[-54.536174072280346,-18.673705748830926],[-54.537163097757286,-18.673044903134915],[-54.54351653616255,-18.67095178569579],[-54.54959716360395,-18.669439258229946],[-54.54997860270771,-18.66939252961505],[-54.55137679087199,-18.667689320462102],[-54.55433621369798,-18.66442456151393],[-54.554877586735124,-18.664062827615382],[-54.555221205825546,-18.663563543639768],[-54.57091259144493,-18.648711103390482],[-54.57362626357116,-18.637510616106102],[-54.57386203911125,-18.63715775307429],[-54.57394465415547,-18.63676121695512],[-54.575195874858586,-18.633888749914185],[-54.57625746455341,-18.632330693056947],[-54.57632727075145,-18.63197975360068],[-54.57614987823018,-18.630959371454193],[-54.57635968657979,-18.626631597406455],[-54.57972977919616,-18.61160119227872],[-54.58172400183696,-18.607412155358002],[-54.58265478796977,-18.60569172689125],[-54.59040799104173,-18.595292710319505],[-54.599667788001284,-18.588177399874766],[-54.603329897376284,-18.586056428195185],[-54.60865815390963,-18.583424312927363],[-54.61310939303565,-18.581848889911473],[-54.62569407931494,-18.57812574538032],[-54.632207958803235,-18.577182397632132],[-54.638779003519005,-18.572962505676664],[-54.63900112279384,-18.572918323405847],[-54.63918540000765,-18.57279649023979],[-54.64161917686312,-18.571816113042537],[-54.642641046433596,-18.571618031129294],[-54.64696314939863,-18.570516229244042],[-54.651315674814555,-18.566759870977563],[-54.66348679770845,-18.55925820575026],[-54.664590162879215,-18.559038732772088],[-54.664798913464324,-18.55886867583116],[-54.67599137534518,-18.552187664368624],[-54.684754486602685,-18.549564899563872],[-54.68687927297958,-18.54915863430515],[-54.69013145165013,-18.54885051219837],[-54.69185272463187,-18.546515232720928],[-54.694055839162615,-18.542681596300415],[-54.69508750310433,-18.541325884069366],[-54.69370190254375,-18.535657773039926],[-54.693495908891414,-18.533290753386556],[-54.69332659178803,-18.529392241862457],[-54.69674943251647,-18.512184459493245],[-54.706496858229286,-18.49759640600079],[-54.71262514525484,-18.49350161552334],[-54.71262514525483,-18.491420745281427],[-54.714841647712774,-18.47747721382727],[-54.71568088111127,-18.474904200521628],[-54.71602063253056,-18.474350478004816],[-54.71604798598332,-18.47421296291222],[-54.71651420576296,-18.47351521570321],[-54.71688721938171,-18.471639949606615],[-54.722460197976766,-18.4618646057915],[-54.72483675437331,-18.458696499712488],[-54.729011201491,-18.453883790035075],[-54.73044990290339,-18.452922480485046],[-54.73128416005858,-18.451762814835583],[-54.73662855092772,-18.447110791520274],[-54.737192515161894,-18.4467615416486],[-54.73903073813136,-18.445160925493884],[-54.744920630709544,-18.440707266436377],[-54.74510513470523,-18.44060161100724],[-54.745387241483854,-18.440359161844466],[-54.75063245022409,-18.436498688211646],[-54.75134581573934,-18.436096292031884],[-54.75218162596059,-18.43540805242226],[-54.75703392088246,-18.432142671562865],[-54.758009141358286,-18.43161933752328],[-54.75870951671868,-18.431068173777497],[-54.76094042974273,-18.429706296153586],[-54.76230743993568,-18.426904563903815],[-54.763596807611464,-18.424627189636293],[-54.7709309097429,-18.414985322018577],[-54.77213177629358,-18.414182928642393],[-54.77284544539543,-18.413179695797602],[-54.77551573348137,-18.41080504674982],[-54.78818925132168,-18.402863247258296],[-54.79447880145938,-18.400786071406653],[-54.79731315203247,-18.400076631070682],[-54.797395394672265,-18.399953490384327],[-54.799668954242634,-18.397678023465506],[-54.799676940445295,-18.397672684833296],[-54.79968228303397,-18.39766468908441],[-54.80337387664974,-18.394359215510818],[-54.80510574920834,-18.392972573054806],[-54.80915360313656,-18.3905794947923],[-54.810288152313944,-18.389614267664598],[-54.8106920551308,-18.3893231833815],[-54.810983912101506,-18.38905790532919],[-54.81161950944619,-18.388654786521442],[-54.812760076142126,-18.387832804041604],[-54.81308367288398,-18.387652398237357],[-54.817652358413795,-18.384042860958242],[-54.81882627191925,-18.38332005071383],[-54.820301949241866,-18.382399526037876],[-54.82689316977877,-18.37900803790834],[-54.83319507042074,-18.376927772572873],[-54.83517108360434,-18.376433769277],[-54.846076965332024,-18.375091193884053],[-54.8483543395996,-18.375091193884053],[-54.86556212196921,-18.3785140346124],[-54.86657786009073,-18.37919272912685],[-54.86714522133451,-18.379305584294986],[-54.86765790258903,-18.379648146957393],[-54.86846379188643,-18.37983839161388],[-54.87004689125172,-18.380629941296426],[-54.87560482403729,-18.384635872595982],[-54.876811981201115,-18.384494422643513],[-54.877985533857675,-18.384727856780717],[-54.87901863648756,-18.384548599706466],[-54.88099846436836,-18.384645874486694],[-54.895559938100064,-18.387915809285875],[-54.89594582200932,-18.387992306865172],[-54.89762810350345,-18.388686581767505],[-54.89765273540626,-18.388703017237567],[-54.89768187294584,-18.388708813054556],[-54.901139516121475,-18.391019136361987],[-54.903171339990536,-18.390518126694317],[-54.90534953212915,-18.390319762436565],[-54.90942764282221,-18.390134452550637],[-54.91643242108108,-18.3915080017163],[-54.92405285798469,-18.380639695190304],[-54.92735120391063,-18.37765272749],[-54.9282314929236,-18.37693150824597],[-54.9283587769985,-18.376520473292693],[-54.93810620271131,-18.361932419800237],[-54.93812032355009,-18.36192298455742],[-54.93812974645277,-18.361908893479292],[-54.93941911412856,-18.360621433152176],[-54.93958430915956,-18.360511141773372],[-54.940714178041844,-18.359710053301193],[-54.94172166152009,-18.354645091823542],[-54.94397733522709,-18.349979698934874],[-54.94496915651609,-18.348198235311816],[-54.9524609085218,-18.33827557470814],[-54.95577416087144,-18.33606173026603],[-54.956270916891135,-18.334156352810467],[-54.958160802639725,-18.330161301833247],[-54.95895425967092,-18.328677384596954],[-54.96681179963514,-18.31808438208173],[-54.96969483623599,-18.315441861490402],[-54.97276185283755,-18.31286694083617],[-54.984466869729545,-18.305762035714995],[-54.9854610221962,-18.30556428649434],[-54.986225129814784,-18.305076603045954],[-54.98919677898476,-18.303989414325333],[-54.98993123353972,-18.303859280734084],[-54.9904032958633,-18.303567350623247],[-54.991498860916295,-18.303201492201918],[-54.98982716909694,-18.296310297632253],[-54.989727986968035,-18.295122019434046],[-54.98957216673887,-18.291381835376576],[-54.99276611085685,-18.274737402166757],[-54.99335738893302,-18.273253484930404],[-54.993524803648995,-18.27299922612734],[-54.993586285543586,-18.272690135771093],[-55.00333371125629,-18.258102082278565],[-55.01628613423969,-18.249070523570243],[-55.01757550191553,-18.24847543079688],[-55.01782205909092,-18.24842127775698],[-55.017921764749126,-18.248354656566118],[-55.018489534436924,-18.24824172015333],[-55.01921113242497,-18.24775956379265],[-55.028005976819145,-18.245566281565775],[-55.03252790820261,-18.239657236561722],[-55.03343597245549,-18.238263348837275],[-55.03551498246526,-18.23608515669866],[-55.03594166811587,-18.235792809625483],[-55.03624691926416,-18.235335968997923],[-55.05083497275689,-18.22558854328548],[-55.06066193784409,-18.222775588919497],[-55.06303467954325,-18.222380767752462],[-55.06343186399198,-18.222347947894058],[-55.06368537427363,-18.222277386227884],[-55.0657643842834,-18.221962673703594],[-55.06926322594359,-18.221699353055996],[-55.07262005769189,-18.21732106116154],[-55.07322862966515,-18.216914426369335],[-55.073612380948994,-18.216358784020326],[-55.07613771053889,-18.2139841349726],[-55.07683911153783,-18.213530910917857],[-55.08129571130155,-18.209806383579878],[-55.08485863854759,-18.207332552403127],[-55.093296368020674,-18.20272515522456],[-55.09426606250759,-18.202532270998553],[-55.09501320112588,-18.202054901816144],[-55.097981035598536,-18.20096580574684],[-55.10066536082525,-18.20048882790278],[-55.10821026156259,-18.198522130667843],[-55.10823234854292,-18.19851952827432],[-55.1145893570083,-18.18970646765635],[-55.11647000276026,-18.187825821904514],[-55.13105805625315,-18.17807839619195],[-55.14826583862276,-18.17465555546361],[-55.148952903342376,-18.17479222113345],[-55.14959079442872,-18.174675080049983],[-55.15295535741694,-18.17477426217889],[-55.16883818398077,-18.178177578320856],[-55.17562353561607,-18.182711405334192],[-55.17660719827444,-18.182249296482837],[-55.17676151938542,-18.182144236180886],[-55.17903889365301,-18.181154322240474],[-55.1794189750741,-18.18107528837013],[-55.17975648154618,-18.180849773755412],[-55.18987207350972,-18.177989756266754],[-55.192343997337844,-18.17759493509972],[-55.19943618774391,-18.177032111860026],[-55.21664397011359,-18.18045495258837],[-55.2168277412374,-18.180541067419192],[-55.22601318359357,-18.17940676090782],[-55.239539316211555,-18.181489368801717],[-55.240431493791455,-18.181770775725973],[-55.240708543369294,-18.18173603317446],[-55.24630355834944,-18.181386588788627],[-55.26351134071911,-18.184809429516967],[-55.27325552432745,-18.190359054344594],[-55.27484243839001,-18.191547332542807],[-55.279686308274506,-18.19574513342774],[-55.27980695138467,-18.195925688601715],[-55.279982700325945,-18.196044314485253],[-55.281445086195674,-18.197534352742185],[-55.29145463218089,-18.190846187939655],[-55.29504091937059,-18.189536150628594],[-55.297219111509264,-18.188843783074844],[-55.31084060668934,-18.186730979657625],[-55.313217163085824,-18.186730979657632],[-55.322968360346465,-18.187801017122094],[-55.3256386484324,-18.18839420254677],[-55.33309523354143,-18.190747005810803],[-55.34230486465793,-18.196280436756666],[-55.34291188295299,-18.195851953254284],[-55.34632390010176,-18.193971618768202],[-55.34797712715442,-18.192756137607784],[-55.35005613716419,-18.19166704153842],[-55.35371430625315,-18.189955456128263],[-55.36479106706572,-18.186952551414493],[-55.36765971940946,-18.186557730247504],[-55.37277883457074,-18.186207103390377],[-55.37308696284777,-18.186143302092628],[-55.37942317500597,-18.186044119963707],[-55.37976826548578,-18.18610995951141],[-55.38012695312483,-18.186038612103932],[-55.384083653646705,-18.186213031280378],[-55.387091086993514,-18.186478694730905],[-55.38721760313143,-18.186447102389888],[-55.39028461973305,-18.186149556003173],[-55.39462661743164,-18.185939429975026],[-55.398090362548885,-18.185939429975026],[-55.40082273188756,-18.185939429975026],[-55.40420197908708,-18.185190463269954],[-55.40552063833001,-18.18513303422416],[-55.405543279633434,-18.185115035282976],[-55.406338604842745,-18.184646708931727],[-55.40769823585924,-18.183504730344477],[-55.412352166523306,-18.180239349485245],[-55.4135392256357,-18.179587364990102],[-55.41452567422909,-18.17880639329738],[-55.41724555337947,-18.177124111803295],[-55.421965687336126,-18.174706755901614],[-55.42250759262714,-18.174333323307724],[-55.425380059668214,-18.173045862980615],[-55.42599763864922,-18.172913790942655],[-55.42656357993485,-18.17253564106515],[-55.44274723856398,-18.169124464295127],[-55.44493812270566,-18.169074552950526],[-55.44534850684573,-18.169151335533577],[-55.44593264570171,-18.16903514309088],[-55.46314042807137,-18.17245798381934],[-55.46982228214097,-18.175906158740247],[-55.47458001445585,-18.17888975860198],[-55.4824862138791,-18.185189009393568],[-55.4905576888695,-18.197268825376913],[-55.503978737897285,-18.206105716456648],[-55.50544064184123,-18.207528579059282],[-55.50561160118275,-18.207780727544858],[-55.505873826722166,-18.207955941048635],[-55.50847812196935,-18.211535148146783],[-55.510307561108505,-18.21273964379343],[-55.512743828132045,-18.215110589730994],[-55.512744258474754,-18.215111008529615],[-55.513718525571164,-18.216059128278417],[-55.51389033478159,-18.21631251172773],[-55.5141538973088,-18.21648861857808],[-55.51710682205953,-18.221045638781213],[-55.51901407561792,-18.222641154092077],[-55.52129275119591,-18.226051433093268],[-55.532139404075,-18.227729579558396],[-55.53847532289234,-18.228221311249037],[-55.55006344420855,-18.228308642018334],[-55.551595549111994,-18.228619402618136],[-55.56431742923587,-18.230741137703056],[-55.566335404089386,-18.231433505256803],[-55.5667522785032,-18.231693679259873],[-55.56693236122709,-18.231730205880975],[-55.5675524087706,-18.232144508404012],[-55.568950336080604,-18.23242257343455],[-55.56939388946512,-18.232709721545096],[-55.575293310886714,-18.228470925167386],[-55.57787204623838,-18.227191094234804],[-55.57924219949399,-18.226869787149685],[-55.58065446128268,-18.225926143991433],[-55.597862243652344,-18.22250330326309],[-55.60731697500245,-18.22350853192335],[-55.61078453481696,-18.22425430523881],[-55.61723807556035,-18.226266694676703],[-55.621185302734375,-18.2258163678382],[-55.63839308510404,-18.229239208566597],[-55.63844898778297,-18.22927656154242],[-55.638514425884296,-18.22928967742729],[-55.64181648656751,-18.230668755876394],[-55.652650361395615,-18.23227844664033],[-55.66324965248685,-18.23521302448435],[-55.675219817709774,-18.242542287014086],[-55.67560211148895,-18.24286830993344],[-55.687148322954215,-18.245121605958147],[-55.68827424434671,-18.24546092787793],[-55.689202735290394,-18.245572655174524],[-55.691451115034454,-18.246121710057153],[-55.693469566386106,-18.245474679893597],[-55.69649843601508,-18.244772775596687],[-55.70664978027344,-18.24361193058186],[-55.71123044590894,-18.243845853654836],[-55.71424787144605,-18.244154844133337],[-55.721195987736166,-18.24590955751537],[-55.72628402709961,-18.244897483560283],[-55.7273393712776,-18.24510740456911],[-55.72828054963401,-18.24494182883966],[-55.73205709992692,-18.24510967551929],[-55.743021231707644,-18.247544862987336],[-55.744260731288016,-18.247254486873025],[-55.754693928309564,-18.246548767878846],[-55.75607462892941,-18.246775241308736],[-55.7577285766601,-18.246446250650102],[-55.76467931028628,-18.246986711051296],[-55.78238964467971,-18.249757629186128],[-55.78752367911039,-18.248489969628455],[-55.79147570547758,-18.24812757338835],[-55.795581817626896,-18.247939704629484],[-55.80662506117272,-18.249316850437584],[-55.809756927627795,-18.250110307468876],[-55.81592146645164,-18.25215600238917],[-55.82446882622486,-18.256839760310655],[-55.82809660332447,-18.25937462664359],[-55.82922223517494,-18.260318198029584],[-55.830804253185704,-18.260181106965245],[-55.83468627929682,-18.26001322147493],[-55.84133046829015,-18.260506802948193],[-55.84736913406164,-18.26140897885148],[-55.857932727438026,-18.264338238106678],[-55.85831494389828,-18.26459362698044],[-55.85874273414072,-18.264683081831986],[-55.861756344980456,-18.26600105973722],[-55.86292987583328,-18.26680191491105],[-55.87108710808092,-18.271513563541617],[-55.871294308197434,-18.27156594998612],[-55.87565483668834,-18.272061361996304],[-55.88044020192842,-18.273298128213955],[-55.884154480065604,-18.273872211378848],[-55.89018933113982,-18.275783374708883],[-55.89382139931297,-18.277107937203017],[-55.895326971192674,-18.27811392817076],[-55.896768683780635,-18.278455133831823],[-55.91424381195452,-18.287217493450733],[-55.917559071703636,-18.289609856129292],[-55.92068092105512,-18.291474009162606],[-55.925803256662164,-18.292064439070312],[-55.93786207924467,-18.295191509590182],[-55.94657020620019,-18.299988125056657],[-55.95449770784484,-18.305579068327607],[-55.95487576052227,-18.305784180778712],[-55.95500183105469,-18.30577623722073],[-55.95888172469359,-18.30594393797108],[-55.96363865218382,-18.306355925275746],[-55.96933868519989,-18.30774807415415],[-55.97284136538951,-18.30675038223057],[-55.97801409488176,-18.30590351943757],[-55.985279083251896,-18.30531275150302],[-55.99299815191103,-18.305980249591435],[-55.99643519414735,-18.306579157062068],[-56.00592390785795,-18.30933449970217],[-56.012149892230354,-18.312500568406183],[-56.01901253261121,-18.316691013352315],[-56.02276821709523,-18.319646920561986],[-56.02383090450547,-18.320298690002787],[-56.02696288830641,-18.319982543102405],[-56.031478881835945,-18.319755195350353],[-56.03916580672313,-18.320417104374243],[-56.04260666365673,-18.321014104496296],[-56.05212752113914,-18.323775036200807],[-56.06671557463198,-18.333522461913265],[-56.0702441314923,-18.3374949688022],[-56.07185011904108,-18.33953392449068],[-56.072354394700255,-18.340394717970668],[-56.08045822334236,-18.34480396882846],[-56.08256775093025,-18.346259275835255],[-56.08882937468087,-18.35147633459344],[-56.09698026208076,-18.362627324682652],[-56.09847562340883,-18.36552077255855],[-56.09867224094933,-18.365944055199044],[-56.101458353687356,-18.366688191550747],[-56.10706297646141,-18.368588192327497],[-56.10823242045063,-18.369369589819257],[-56.10940612578867,-18.369638103508226],[-56.11807835067498,-18.37382521262008],[-56.128084261634,-18.374165391431223],[-56.14376417885405,-18.3775622676447],[-56.14409322873957,-18.37778213174898],[-56.14446421831167,-18.37785919273057],[-56.15083404940299,-18.38062476683869],[-56.153514862060554,-18.38043939945032],[-56.157792685802065,-18.380643346081722],[-56.17156374293091,-18.38195941663838],[-56.184493701559056,-18.385178310735263],[-56.19295254330921,-18.389800375652076],[-56.19766669097123,-18.39307752447257],[-56.20882643394151,-18.396228048430405],[-56.21381727943998,-18.397959453923463],[-56.214974836911956,-18.398732909098346],[-56.21613853794895,-18.3989988031105],[-56.22361915928684,-18.402605599374986],[-56.227748094548936,-18.40553668971098],[-56.23342971821245,-18.409034033193937],[-56.24397832120815,-18.41811657006129],[-56.246556951304115,-18.41986375988435],[-56.257638665677625,-18.425412316983792],[-56.26210907840374,-18.42863629595476],[-56.26689887554801,-18.43158975737379],[-56.27232935875679,-18.436280074291336],[-56.275954163309166,-18.43856801843838],[-56.280006921871404,-18.441806754574507],[-56.281657524423395,-18.44283506963148],[-56.28455057606578,-18.445380732748138],[-56.28568914712554,-18.445652810251058],[-56.28955839573524,-18.446034126180823],[-56.29350660740511,-18.446819953817453],[-56.30193678627592,-18.44937775836546],[-56.308488583466726,-18.45274468256385],[-56.31536266793938,-18.457022865547195],[-56.321551274423825,-18.46193639885917],[-56.322579979408154,-18.46260499211022],[-56.33089083141505,-18.470503460904137],[-56.33926691690425,-18.477346570936266],[-56.34261355436831,-18.480373047846882],[-56.34357941073131,-18.481818554045493],[-56.35896651039701,-18.484879238467066],[-56.37214702977071,-18.49327885097407],[-56.377681115905546,-18.49835286919667],[-56.38045065754477,-18.499113261526002],[-56.385753314596236,-18.500931484560397],[-56.38586300524048,-18.501003150963008],[-56.388191223144474,-18.500720618929503],[-56.39233669817014,-18.500912114666622],[-56.39603565519286,-18.501254584095868],[-56.39897780038734,-18.500576817977862],[-56.40198759652998,-18.500395619857677],[-56.40323159804689,-18.500604405849188],[-56.40468978881831,-18.500314353670742],[-56.41615623615172,-18.502595171855212],[-56.4208755493164,-18.502273200716573],[-56.43522270359358,-18.504623466520975],[-56.44438942112288,-18.507709556608738],[-56.44616182944185,-18.5088086344414],[-56.448443805983466,-18.50929694305507],[-56.453678932606635,-18.51164493298205],[-56.45754623413086,-18.511363624300387],[-56.45906941274439,-18.511581738658204],[-56.46100648154629,-18.510323269230224],[-56.478214263915966,-18.506900428501766],[-56.48469516977161,-18.50736992176974],[-56.4877202247032,-18.507810519303852],[-56.498447101217266,-18.510763866764393],[-56.51060542195336,-18.518254487549367],[-56.51211604207049,-18.51955720666555],[-56.512591411400884,-18.520214792676935],[-56.51303515471011,-18.520511292476836],[-56.513389265548824,-18.521041256798625],[-56.514545774827354,-18.521814011593076],[-56.52135001172269,-18.53054505308217],[-56.528647527591886,-18.542757806377693],[-56.531590716409255,-18.548614818381107],[-56.532286614238046,-18.551230488255996],[-56.53409054186761,-18.554371017451977],[-56.544379870992714,-18.557015163760195],[-56.558967924485565,-18.56676258947274],[-56.565397130310544,-18.57487728211133],[-56.56623254901166,-18.576225777594697],[-56.56955076889949,-18.582699138448515],[-56.57292397132852,-18.597794666632304],[-56.573053671035495,-18.60055269275529],[-56.57288047416035,-18.60154467886665],[-56.57310330933501,-18.60266494694082],[-56.57307214517823,-18.602821619736623],[-56.57849623398738,-18.610939342305254],[-56.58013626849407,-18.6173268239474],[-56.58693815903615,-18.627506572529366],[-56.5899520087907,-18.638663389162637],[-56.590413587159844,-18.642062284426277],[-56.59063235096903,-18.645298865176652],[-56.59068452318058,-18.64553707580411],[-56.59119917588191,-18.646307308002566],[-56.592707447436844,-18.653889901155722],[-56.59643683929937,-18.655898108088326],[-56.60645003197328,-18.663348348142385],[-56.606935909652975,-18.663673001228624],[-56.616660271218166,-18.678205478148875],[-56.6169347472574,-18.678865621946777],[-56.61694074138188,-18.678895651424163],[-56.61695781140498,-18.678921198519035],[-56.618512393582364,-18.683302203418904],[-56.61883235195745,-18.684377260352743],[-56.62070061050861,-18.697204037822093],[-56.620685305309784,-18.697280982252405],[-56.620700349342314,-18.697357293120174],[-56.62069659520648,-18.698458774638194],[-56.62069659385253,-18.698458781384637],[-56.62069659516084,-18.698458788020943],[-56.620690963466075,-18.700111010053387],[-56.62065210945576,-18.70030461731596],[-56.62032290216559,-18.70322404568507],[-56.62105023926665,-18.710700988195534],[-56.61934671196144,-18.719265198292653],[-56.61983647388377,-18.719426017175927],[-56.62114928770046,-18.720233321088795],[-56.62301604042625,-18.72060464129286],[-56.63170853595864,-18.72539023753152],[-56.64408722858553,-18.73411254282913],[-56.64487754450273,-18.734777689849583],[-56.646355489691366,-18.734902664788077],[-56.6548912633641,-18.736978209360757],[-56.658359149715814,-18.737607219418226],[-56.66297111870995,-18.739337184628084],[-56.663593179206934,-18.739737777519547],[-56.664386432271954,-18.739895565364677],[-56.67525976938765,-18.747160896948028],[-56.677085876464844,-18.7470756756858],[-56.68353134491258,-18.74754002192431],[-56.68656021454149,-18.747978712109894],[-56.69732252846342,-18.750937206599744],[-56.701816282998266,-18.753340340791876],[-56.710479736328125,-18.751617072780416],[-56.716469078814725,-18.752017738555715],[-56.72078350142215,-18.75259757254008],[-56.73200194130516,-18.755619747493167],[-56.740275436214176,-18.760113651926225],[-56.748351150325455,-18.765667851144755],[-56.754665708909386,-18.77092137242422],[-56.75790148818668,-18.7757640583372],[-56.76097025721975,-18.778051056636755],[-56.765896177659386,-18.78231015111045],[-56.768427322304724,-18.785664288360156],[-56.774319631779974,-18.788679979983176],[-56.77946947308857,-18.791861437502686],[-56.78338285711777,-18.79495797131241],[-56.785276293892764,-18.796127330317116],[-56.79428279413696,-18.803928386225],[-56.79496577373818,-18.804875321588433],[-56.79619715122743,-18.805685871460952],[-56.806428169293845,-18.815638416626655],[-56.80660242607536,-18.815895355674552],[-56.80686984098941,-18.816074036607617],[-56.8106519135228,-18.82037145814176],[-56.81922735297592,-18.831466505138543],[-56.820767863392575,-18.83412398831669],[-56.82264855143041,-18.836581442943356],[-56.83071663614715,-18.850638602366857],[-56.83326079087208,-18.85581429652032],[-56.83573172969818,-18.8638187903781],[-56.83623145503998,-18.866208698215004],[-56.83655773578817,-18.869363283633582],[-56.837251756549676,-18.87043593817111],[-56.84242770365597,-18.876816996644376],[-56.84292742899788,-18.87758375079486],[-56.84679915146779,-18.884928066050872],[-56.848313222699126,-18.892539816145348],[-56.853997589069536,-18.899364482400504],[-56.860989825295974,-18.910934764658595],[-56.86339943034278,-18.918650662489295],[-56.86399833781349,-18.921423947401333],[-56.864338691832415,-18.92461234779835],[-56.86640863717815,-18.925936799076254],[-56.86965494455119,-18.928935151126954],[-56.870146904707276,-18.92964070271619],[-56.870941496262894,-18.93017163181954],[-56.87674412750687,-18.937303615029922],[-56.879788255924844,-18.941944194253438],[-56.883733050393516,-18.949400264535516],[-56.88715589112213,-18.966608046904735],[-56.886859083235606,-18.968100200913682],[-56.88707108567024,-18.96936840001397],[-56.886762095191614,-18.974392356312716],[-56.886505527649895,-18.975502812345244],[-56.89281856858685,-18.979440852423178],[-56.898700831770505,-18.984628840704232],[-56.899461454067136,-18.98569345123247],[-56.90075335539376,-18.986556672101276],[-56.902079526526904,-18.988407203983105],[-56.90608178833725,-18.990877319537887],[-56.91426119841128,-18.997346543316823],[-56.920339688708786,-19.00644364692394],[-56.92240557707345,-19.008144043926833],[-56.923169479639625,-19.009287304909385],[-56.934378377923395,-19.011446941551597],[-56.93628954125347,-19.012211788353284],[-56.93651590586586,-19.01236108025194],[-56.936790149313026,-19.012415630665185],[-56.951378202805756,-19.022163056377643],[-56.96004645279476,-19.03434746412784],[-56.96064917496284,-19.035591055436406],[-56.96080549091067,-19.03627199008122],[-56.96112562851864,-19.036751109870103],[-56.96122236587257,-19.037237441390314],[-56.96172835068654,-19.03799470117867],[-56.962039863926286,-19.039560783991053],[-56.96642731563526,-19.045322056254676],[-56.96945999996149,-19.05066453977499],[-56.971898333596755,-19.055654842169478],[-56.97195508005035,-19.055814708366036],[-56.97766302688427,-19.06219237318681],[-56.97920502173821,-19.064644424067865],[-56.98320634164423,-19.069885147020646],[-56.984937731823265,-19.07291766289695],[-56.98933691646914,-19.07751263054099],[-56.99712903030662,-19.08294868731392],[-57.00319705046212,-19.088031434061538],[-57.007946768547356,-19.093628551576543],[-57.009453573967335,-19.095730449769853],[-57.014451281594745,-19.10472138574731],[-57.016444605447816,-19.114742501474165],[-57.03027516529045,-19.124647754488976],[-57.035889006028526,-19.1294094553007],[-57.044989164986816,-19.143028805638522],[-57.04841123174077,-19.14652767688305],[-57.05990915327652,-19.154129269271966],[-57.06690630949532,-19.159843110085077],[-57.072149586371104,-19.16614277988354],[-57.07473213641987,-19.16989453464419],[-57.0792362852568,-19.178182918338184],[-57.08118143195651,-19.18395791005524],[-57.0824019373219,-19.188600506709044],[-57.09875226553334,-19.201488368437747],[-57.10103451717158,-19.203286737007318],[-57.1049998763898,-19.206809662818177],[-57.10930305445373,-19.212162433822346],[-57.111580916353375,-19.212864798391784],[-57.11553923378569,-19.214291317305424],[-57.11617829608582,-19.21459440018457],[-57.12628936767578,-19.212583182997935],[-57.13662857528254,-19.213787987989246],[-57.138799294052376,-19.214300850116214],[-57.15333175659174,-19.211410163588727],[-57.16472052501547,-19.21287630830418],[-57.16859625743739,-19.21389101777681],[-57.17005465262435,-19.21438141633478],[-57.176842052835354,-19.210034115157036],[-57.18246841275038,-19.208128314483456],[-57.18799972378554,-19.20665393399033],[-57.193901526661705,-19.205880862168314],[-57.19670755609434,-19.205228807265375],[-57.19749395542323,-19.20517844893215],[-57.20060380210293,-19.20368645890731],[-57.21048557982385,-19.200864418587116],[-57.21462071165979,-19.200181587776644],[-57.21528551592655,-19.20012706765359],[-57.225578308105476,-19.198079703994402],[-57.24278609047508,-19.201502544722683],[-57.25737414396792,-19.21124997043531],[-57.26712156968074,-19.225838023927775],[-57.26964495056859,-19.24137374786208],[-57.27039563721588,-19.245147704490243],[-57.27031983253971,-19.24552880033256],[-57.270432194822995,-19.24622058230775],[-57.2702834216297,-19.24832248050106],[-57.26697279648738,-19.26235548685947],[-57.25722537077462,-19.276943540351944],[-57.242637317281776,-19.286690966064505],[-57.2313375293308,-19.28893863363658],[-57.229240100484844,-19.289944902832],[-57.22171316661855,-19.29231327443799],[-57.21593390026111,-19.293587383324667],[-57.213995610738834,-19.293798508046834],[-57.209729279798125,-19.296958035953732],[-57.20017592201805,-19.302365557128496],[-57.19149312738199,-19.30497288943973],[-57.17797002557535,-19.307584049718045],[-57.16944503784174,-19.308399558135203],[-57.16562037861138,-19.308236606816156],[-57.160928300974554,-19.307836063603276],[-57.15221504898244,-19.305713671274155],[-57.1512800782815,-19.305891909835925],[-57.14900950825307,-19.306325486022164],[-57.14057540893555,-19.307123541899887],[-57.139490516245026,-19.306907743326448],[-57.13852611692147,-19.307076820253418],[-57.13296001386385,-19.306822885974317],[-57.13280173822778,-19.306891948149133],[-57.13239178740548,-19.30697749286633],[-57.132026355367714,-19.307221666747505],[-57.11954288355582,-19.31039564173877],[-57.11771945826274,-19.310588283950686],[-57.11299514770502,-19.31083714968782],[-57.095787365335354,-19.30741430895948],[-57.08599594337056,-19.301829263715103],[-57.080046973459844,-19.29736248336333],[-57.07338915197539,-19.29600468894704],[-57.06516679038418,-19.293488756591607],[-57.05057873689134,-19.28374133087916],[-57.04743938110073,-19.28025596552771],[-57.04439906738003,-19.276504210767076],[-57.043436993841404,-19.274887762606824],[-57.04144937796809,-19.27241534513851],[-57.039408192654086,-19.26922273823959],[-57.027963900348084,-19.260201973951904],[-57.02322560922073,-19.257096453198105],[-57.016366796399836,-19.25151835015493],[-57.01620760242645,-19.25141244564089],[-57.011004355356086,-19.246251160240625],[-57.010952913247195,-19.246174508039328],[-57.01087536775077,-19.246122693795176],[-57.001127942037954,-19.231534640302705],[-56.99918279533825,-19.22575964858565],[-56.997919961354114,-19.22095604100155],[-56.994816493696135,-19.218904253114992],[-56.987819337477276,-19.21319041230182],[-56.987676090520836,-19.212976028081442],[-56.987468465444415,-19.212835624893252],[-56.98635206126482,-19.211694164260685],[-56.97325100861985,-19.202940320749413],[-56.96350358290715,-19.188352267256946],[-56.963436396306236,-19.188014497405213],[-56.95541030823165,-19.18342100193336],[-56.9509814447062,-19.18007551243149],[-56.946288728346474,-19.175991391917094],[-56.941517330230226,-19.170364005675076],[-56.93467757803296,-19.16080628167637],[-56.9297015504364,-19.1518456144258],[-56.9280327741011,-19.143456109251705],[-56.92786516980226,-19.143205271692366],[-56.927465411407525,-19.142931822863737],[-56.91615101931773,-19.131113890735136],[-56.915266681543244,-19.129758689676944],[-56.909581591705326,-19.122312651494024],[-56.907470795173026,-19.1186156084627],[-56.89858819381885,-19.108690804356737],[-56.89074931699731,-19.0962255715663],[-56.888262765828586,-19.095027612182385],[-56.88635923189298,-19.0939747557371],[-56.878895874704995,-19.088356096934337],[-56.87386760342491,-19.085423319963954],[-56.86472668611009,-19.078377103589492],[-56.86393258344265,-19.077188644961396],[-56.86293786301388,-19.076481452325574],[-56.86080424723474,-19.074084920021313],[-56.86036326006803,-19.073788427910014],[-56.853656434645245,-19.068268155835845],[-56.848979048761066,-19.062771644143705],[-56.84773164275509,-19.061041678933726],[-56.84731020862688,-19.060285967711874],[-56.8470805956959,-19.060144255225513],[-56.83890118562187,-19.053675031446634],[-56.83795551379148,-19.05235545758055],[-56.83584244956381,-19.05159117359011],[-56.82639899336686,-19.046264784315863],[-56.82160391890403,-19.042736189345256],[-56.816459321608136,-19.038315152906932],[-56.81125089766783,-19.03206604115627],[-56.805807324669786,-19.024181061908365],[-56.80380556229238,-19.02050347360098],[-56.80274115543501,-19.019038040233834],[-56.80178606513056,-19.017162357211006],[-56.79702399664666,-19.011926962991765],[-56.78874467177428,-18.9988781614269],[-56.78532183104585,-18.981670379057608],[-56.786239328945555,-18.977057805631958],[-56.78510632478191,-18.976045942093187],[-56.77535889906926,-18.961457888600723],[-56.77193605834066,-18.9442501062315],[-56.77226191967652,-18.942611890669006],[-56.77203679280791,-18.941241929826074],[-56.77206251848452,-18.94085824490092],[-56.76651261611022,-18.931674639700123],[-56.76615625884307,-18.9298831107374],[-56.76537301927908,-18.928613374733978],[-56.76418822547851,-18.925038616043587],[-56.7620299517713,-18.921989311906838],[-56.7605698850469,-18.91934389068322],[-56.758987092604286,-18.91823992708004],[-56.75417272714316,-18.912552394790204],[-56.75298254159628,-18.91088346473653],[-56.74804948134465,-18.901982943533838],[-56.74469102612698,-18.887180610278453],[-56.74449647656644,-18.883549018481666],[-56.74468803860219,-18.882430304576836],[-56.74459574063894,-18.88196629138125],[-56.74144062245142,-18.877884146697994],[-56.7397123209243,-18.87620288693507],[-56.72322877158541,-18.87292410511331],[-56.709125655752814,-18.863654331266787],[-56.70452131615315,-18.85918732076879],[-56.70433028063724,-18.858906048037454],[-56.7040363784929,-18.858709668902815],[-56.6960445720714,-18.847826467935203],[-56.69282913208008,-18.848291754802396],[-56.68235086319868,-18.84705386121621],[-56.67931817887256,-18.846327161387023],[-56.67258866538424,-18.844142214244926],[-56.66376641065585,-18.83902510134568],[-56.66313934326167,-18.839149832805514],[-56.65263896082979,-18.837906634398653],[-56.64537196253872,-18.836161410399683],[-56.638664562601036,-18.833981768078186],[-56.627252846247984,-18.827120989823282],[-56.623663216120974,-18.8241588773966],[-56.62170267662526,-18.822377143877183],[-56.616777498540955,-18.82117954574093],[-56.613781160746385,-18.820625241377087],[-56.6070100730999,-18.81803124723654],[-56.606512547090524,-18.817708386027274],[-56.60588868369473,-18.817584291882277],[-56.5985302651834,-18.812528417261344],[-56.59130063020188,-18.807836866169822],[-56.5909598869361,-18.807326907834618],[-56.59048735949114,-18.80700224031085],[-56.58864513446804,-18.80506196368405],[-56.58539856583304,-18.80277435838854],[-56.58270106273727,-18.801888602645203],[-56.58138824892057,-18.801081298732285],[-56.57952149619479,-18.80070997852827],[-56.575848690688474,-18.798990722356137],[-56.564320675551755,-18.79294633453892],[-56.56040996097033,-18.790070002299707],[-56.55633884124558,-18.787602917039504],[-56.55088382415568,-18.78303672441268],[-56.54795041047538,-18.78035197237171],[-56.53820298476256,-18.765763918879255],[-56.53804475611503,-18.76496844975073],[-56.537643172749306,-18.76434478910531],[-56.53558892154422,-18.758866785892106],[-56.53494508328287,-18.7579491600982],[-56.53021119399108,-18.749330203059245],[-56.53011720462371,-18.748857686601102],[-56.529867255786606,-18.74847518348376],[-56.52847107658732,-18.74489890479733],[-56.52539217406337,-18.72854614200367],[-56.525433253303675,-18.72833962271677],[-56.52539402964118,-18.72813764138448],[-56.525461384391235,-18.72072380781484],[-56.521285213282056,-18.717944534380862],[-56.519473232080884,-18.716145904620227],[-56.51942623704326,-18.716075852306666],[-56.5193554397722,-18.716028547082583],[-56.50960801405944,-18.701440493590123],[-56.508233141254614,-18.696136320644424],[-56.50448487563176,-18.690526644713454],[-56.50305550598813,-18.686559078449378],[-56.50262063049979,-18.685147640461135],[-56.50078642883744,-18.672965258396662],[-56.500135540422434,-18.67215863594367],[-56.49358628554381,-18.661128680236693],[-56.49097102178399,-18.652404705775325],[-56.49044077886407,-18.64964477230366],[-56.49014116003781,-18.64649719793486],[-56.48536561293639,-18.63834158612102],[-56.484365706689516,-18.633314717957923],[-56.48380311240567,-18.633111254169528],[-56.479398792163636,-18.630999799262202],[-56.47610670842346,-18.629195447455555],[-56.465922975172646,-18.621559476650486],[-56.46541983983543,-18.620806481405427],[-56.46474704354045,-18.62033835100191],[-56.46236285774938,-18.61776724504494],[-56.45382526772926,-18.604453189328638],[-56.45279343833341,-18.60423590321706],[-56.451347802234004,-18.603269960057318],[-56.45092450390598,-18.603170366254336],[-56.45082473754883,-18.603189826097754],[-56.45009308871568,-18.603044292096392],[-56.44941709348416,-18.603167787858055],[-56.44600675412869,-18.603060976334614],[-56.43020661582369,-18.59966017384604],[-56.42963556969743,-18.599278613023188],[-56.42901285905561,-18.599145362323814],[-56.415690951982924,-18.593170396316985],[-56.41199874877929,-18.593422293749494],[-56.39889605561001,-18.59147095388972],[-56.398805536626696,-18.59144338097293],[-56.398017883300724,-18.591562628832556],[-56.393872408275,-18.59137113309551],[-56.391589804461546,-18.591159797299852],[-56.39011138573517,-18.591523976005988],[-56.379356384277344,-18.59282910832471],[-56.374838876691456,-18.5926016077157],[-56.37092881199419,-18.592206786548655],[-56.35823853721036,-18.58901144642933],[-56.352605809574925,-18.586201393591498],[-56.3482036489304,-18.58360549210241],[-56.348032450399046,-18.583472870680673],[-56.34677559977945,-18.583127795684565],[-56.341472942728,-18.581309572650227],[-56.334916195413996,-18.5779395672279],[-56.327538570902334,-18.57334667172014],[-56.326376866254456,-18.57242419676685],[-56.31369431723966,-18.56986357350497],[-56.312750739814135,-18.569233095226107],[-56.31177350559199,-18.569014872344017],[-56.31004687219678,-18.56820326339936],[-56.30291779746426,-18.566621080829268],[-56.288329743971424,-18.55687365511682],[-56.28098638454235,-18.547215428617704],[-56.27971191312498,-18.54496216879737],[-56.279303320908916,-18.54448698429103],[-56.272686818447255,-18.539081421700843],[-56.27038623387466,-18.537000925631347],[-56.27015912581641,-18.53685331974119],[-56.26737384602029,-18.53420624510503],[-56.26407217415738,-18.53395340155576],[-56.25029786338229,-18.530661837055845],[-56.24549564310518,-18.528329672632896],[-56.24185642191377,-18.52628690224715],[-56.23696191345141,-18.522578065367213],[-56.23416202513715,-18.520833752474726],[-56.22493089140057,-18.5127110641919],[-56.22148236012834,-18.510534382159477],[-56.217808624212694,-18.50759853955213],[-56.216091389344506,-18.506539666539794],[-56.21235968528532,-18.50331658785466],[-56.203649786470685,-18.498955586544408],[-56.20233726656108,-18.498009021462636],[-56.198558711222866,-18.495973619873688],[-56.191383265666104,-18.491111788208773],[-56.18845652720313,-18.488694010720433],[-56.187266540332416,-18.487961510105432],[-56.17971043009754,-18.481455563317013],[-56.16597520180063,-18.47757795019195],[-56.16098435630221,-18.475846544698786],[-56.15252551455205,-18.47122447978215],[-56.15218581517678,-18.4709883299016],[-56.1502737898769,-18.471254017883197],[-56.14408493041993,-18.47168195256606],[-56.1268771480502,-18.46825911183777],[-56.12654809816473,-18.46803924773344],[-56.126177108592636,-18.467962186751844],[-56.11648754487214,-18.463755292383734],[-56.10780517318045,-18.46346011097622],[-56.10534618586712,-18.462927399266313],[-56.09697356486856,-18.46175414684843],[-56.091816094165445,-18.460279766355246],[-56.08696778525729,-18.458588854269664],[-56.08579834126812,-18.457807456777914],[-56.08462463593003,-18.457538943088988],[-56.07413848812814,-18.452476038749374],[-56.06284828693765,-18.44946056525178],[-56.05724366416348,-18.447560564475033],[-56.05723619239871,-18.447555572001402],[-56.05722738787517,-18.447553818879594],[-56.04877783343187,-18.444050019441082],[-56.03420605622733,-18.43430933932409],[-56.02995397887133,-18.429392832117525],[-56.02725317320732,-18.425770777063956],[-56.02496417436645,-18.421742250244545],[-56.02336232690425,-18.419551696332164],[-56.02201762434106,-18.416952223542918],[-56.01982744636325,-18.415517191302882],[-56.01979827880854,-18.415523886771688],[-56.018076010489835,-18.415181306303264],[-56.01664916319328,-18.415413480062146],[-56.01219359678703,-18.415100674886265],[-56.00168166957985,-18.412623906221597],[-55.998900750416276,-18.412097246165683],[-55.99516234709603,-18.410628587718506],[-55.994818811960954,-18.410403580178805],[-55.99439652671231,-18.410319582420357],[-55.98237526969513,-18.402946682460502],[-55.977854399484045,-18.399079568177406],[-55.97041320800781,-18.399793982597366],[-55.96096498638849,-18.398790153490346],[-55.95707780987482,-18.397954734789195],[-55.95185122491046,-18.3963253681052],[-55.94841384887695,-18.39654195317845],[-55.94006714816112,-18.395760496890702],[-55.93480668063182,-18.39476676825304],[-55.925945598977876,-18.392125383812438],[-55.92170979906917,-18.390105825700537],[-55.90929295946955,-18.383369070329557],[-55.90769022838845,-18.38217264546489],[-55.90592216775963,-18.38119876129881],[-55.891414945052134,-18.378480230206474],[-55.886867825911565,-18.37671402537248],[-55.88645405936421,-18.376444153835656],[-55.88594086875338,-18.376342073876323],[-55.874737594843566,-18.36965225169359],[-55.8695118197914,-18.365392419903838],[-55.86043970033478,-18.36084348770754],[-55.85813269993276,-18.36058138284818],[-55.85556294107613,-18.359917234808982],[-55.852186805110136,-18.35949705111378],[-55.84005606780545,-18.3564300345123],[-55.83667570673385,-18.35530918147501],[-55.82622528076171,-18.357387900445165],[-55.826091766490954,-18.35736134280549],[-55.8259601550501,-18.357387118831323],[-55.82434272340947,-18.357377582088212],[-55.82286662843257,-18.35707944205192],[-55.80961085142229,-18.354803774893508],[-55.80516291441057,-18.353230212271473],[-55.80421693344494,-18.352633545450868],[-55.80295212973971,-18.352381960351522],[-55.79417587952628,-18.347537205654934],[-55.784402625131804,-18.340617344815335],[-55.78387512855296,-18.34017236378898],[-55.78370463712565,-18.340199510597433],[-55.77551066739909,-18.339568178200004],[-55.77467008133402,-18.339367101683134],[-55.77201426271165,-18.339160596172235],[-55.75574604601849,-18.33661530845189],[-55.75502510828039,-18.336664073893083],[-55.75488733427784,-18.336703107982885],[-55.742630004882805,-18.338405966851795],[-55.74203566657376,-18.338287745611886],[-55.74147827473752,-18.338391214628718],[-55.73641617146603,-18.338261514921633],[-55.731321983712974,-18.337180212838057],[-55.72216796875001,-18.339001059625332],[-55.715682785627905,-18.338530943165967],[-55.71012095701468,-18.337720319997036],[-55.70569898071693,-18.33650262301616],[-55.701115918436756,-18.337613132225595],[-55.697873425760974,-18.337882068382765],[-55.694156646728516,-18.33803594121716],[-55.683489372863846,-18.33675232538906],[-55.66889011769274,-18.333187183711104],[-55.644257316694166,-18.328379979830288],[-55.635662395853,-18.325789705713593],[-55.627270504790204,-18.320182423373858],[-55.62645158829588,-18.32044510684793],[-55.62442216935051,-18.320916221960342],[-55.61425399780274,-18.322080969904103],[-55.607607184693165,-18.320758836572875],[-55.60498778114897,-18.322509066065194],[-55.59436735712949,-18.325446778696428],[-55.587863298291616,-18.326409989755916],[-55.58127593994135,-18.326895117853145],[-55.580229356275034,-18.32668693941849],[-55.57929509371394,-18.32685146655795],[-55.55965703219049,-18.325985530278736],[-55.5444300960483,-18.322606340845525],[-55.53922311509933,-18.320044212421575],[-55.535738304154734,-18.31804039143906],[-55.53447614905275,-18.317784385420392],[-55.53308450973077,-18.318005573345935],[-55.52347528731866,-18.317259800030527],[-55.52265889099738,-18.317064268940456],[-55.52007949160287,-18.31686591226352],[-55.5066771046824,-18.314792353859357],[-55.4988722995422,-18.3143981420657],[-55.48393281211276,-18.311032549341856],[-55.48388268993933,-18.310999058776364],[-55.48385256784684,-18.310993067119576],[-55.475875839417775,-18.30670152727948],[-55.474688702469734,-18.3058989479114],[-55.469294334157894,-18.30144733532566],[-55.457810017886686,-18.293773760522367],[-55.44957179425478,-18.282452895644052],[-55.44764014249034,-18.278675998391353],[-55.44701647528217,-18.27732585553956],[-55.44421333193356,-18.275324614001978],[-55.44419163698717,-18.27529479760322],[-55.438831330598816,-18.271986086828935],[-55.43751875649065,-18.272647158109564],[-55.42031097412098,-18.27606999883803],[-55.418970170453576,-18.275803296406345],[-55.417811378979934,-18.276000470796944],[-55.41424845173384,-18.275802106539025],[-55.41265003827624,-18.275437685006782],[-55.40890421281574,-18.275041029089373],[-55.40514825836635,-18.27565007249226],[-55.39944872892886,-18.284180021092794],[-55.39208965737362,-18.290130640779964],[-55.39040737587953,-18.291219736849385],[-55.38317839394182,-18.295016542874663],[-55.37636578717138,-18.297221317605562],[-55.37428677716167,-18.297715320901442],[-55.37234937106644,-18.297942338566095],[-55.37058707763964,-18.298432112903527],[-55.36861106445605,-18.298729659290238],[-55.361915588378736,-18.299230933285596],[-55.35743275857919,-18.299006920711612],[-55.35545293069827,-18.298808556453807],[-55.34994636522862,-18.29742430322678],[-55.34966796441972,-18.297589467605547],[-55.343932788473076,-18.300460115872557],[-55.326725006103345,-18.30388295660086],[-55.32405471801735,-18.30388295660086],[-55.32009358341992,-18.303708145516488],[-55.316729020431694,-18.30341059912977],[-55.3034823726594,-18.30016256948586],[-55.29837455983995,-18.297470213656446],[-55.29302609600927,-18.299201145486368],[-55.29094708599956,-18.2996951487822],[-55.28055191040022,-18.30091321477975],[-55.27787780761708,-18.30091321477975],[-55.26906577246086,-18.300041311559312],[-55.266593848632745,-18.29954730826344],[-55.261117313433715,-18.29788333498051],[-55.259932464137705,-18.297673052816904],[-55.256960814967776,-18.29658395674754],[-55.2562064895705,-18.29610221622977],[-55.25522645224925,-18.29590727468616],[-55.253008535793356,-18.29458695732347],[-55.2454865625204,-18.296628795317748],[-55.244052236348516,-18.296827159575557],[-55.23789215087868,-18.297251105404797],[-55.22621600001429,-18.29570870466343],[-55.22364107936,-18.295016337109846],[-55.218109447854715,-18.293135897122703],[-55.2045446720482,-18.28437982846944],[-55.20296157268302,-18.2828940038844],[-55.20256631193354,-18.28232227432678],[-55.2019382949967,-18.281902646825333],[-55.20185926112168,-18.281784364272575],[-55.197573738659514,-18.28125597086642],[-55.19519718226297,-18.280660878093062],[-55.192596359736626,-18.279801798664412],[-55.175533294677564,-18.283195853330035],[-55.15832551230784,-18.279773012601577],[-55.158091816202905,-18.27961686185653],[-55.157824855806616,-18.279562081581712],[-55.157435160129126,-18.279395120222752],[-55.156488704393894,-18.28005119950527],[-55.152136134813865,-18.282031027386076],[-55.15140584381146,-18.28218931609311],[-55.15072600136358,-18.282643572293825],[-55.139249615110884,-18.285699654379002],[-55.13490209254314,-18.286258348115705],[-55.134539417285794,-18.28687719875332],[-55.132542357986324,-18.29041664535757],[-55.13154078281207,-18.29173538405649],[-55.130361273764834,-18.293900033234827],[-55.127690985678896,-18.297760506867586],[-55.12440128567335,-18.301703915016923],[-55.12384190603263,-18.30258131935443],[-55.120572710475926,-18.30614424660037],[-55.11934335390498,-18.307004440522686],[-55.11845010378357,-18.308306565088877],[-55.11637109377381,-18.310286392969566],[-55.10256926308233,-18.319266573391538],[-55.09478638300442,-18.321225855854852],[-55.09305373404288,-18.33140265867141],[-55.09235945914048,-18.333382486552097],[-55.0921734178304,-18.333678347483584],[-55.09216429428983,-18.33373038007429],[-55.09176379296446,-18.33432977266564],[-55.09173572691196,-18.33437440602388],[-55.09147001938743,-18.33571020795504],[-55.0880955719619,-18.34174266062568],[-55.08607603745389,-18.35085455609917],[-55.07965420935875,-18.36172586322104],[-55.078467838509084,-18.36320978045738],[-55.07514224089152,-18.366926526827974],[-55.06330261479661,-18.374837512065277],[-55.061877060785605,-18.37724475209707],[-55.06108360375441,-18.378232758688906],[-55.05781970060826,-18.38187251071425],[-55.04323164711542,-18.391619936426682],[-55.03425839829856,-18.39397098560343],[-55.03388181677115,-18.39554973123762],[-55.0316860838405,-18.402324358954253],[-55.03075498143954,-18.403717852172914],[-55.030598895119844,-18.40450255109287],[-55.03050741952802,-18.40463945399065],[-55.030375809078116,-18.40519783970486],[-55.02928862035737,-18.407376031843476],[-55.020851469407035,-18.419090604585385],[-55.0158548779031,-18.423066339708562],[-55.01486729050804,-18.42713686758907],[-55.01410560091614,-18.431601087306145],[-55.01351432283991,-18.433283368800197],[-55.0132892659978,-18.43364099349901],[-55.01322676377208,-18.433898608221007],[-55.012861322980484,-18.4344455290157],[-55.01263548569597,-18.43558088971515],[-55.00288805998326,-18.450168943207608],[-54.98830000649042,-18.459916368920066],[-54.97914964028081,-18.46261142106947],[-54.97697144814214,-18.4630081495852],[-54.97387473828917,-18.4632878608497],[-54.97122044993961,-18.46559219231735],[-54.97094085433605,-18.4657650865632],[-54.969953033679644,-18.466652302584002],[-54.96639010643378,-18.46952286227539],[-54.96416604142695,-18.470842300217612],[-54.96134448966632,-18.473047104656413],[-54.959541057891784,-18.474131111872016],[-54.95821538465447,-18.474991905476998],[-54.9572303278182,-18.47551013269309],[-54.956634445253826,-18.475972563317413],[-54.95396034247062,-18.477555662682608],[-54.948260943990704,-18.480405107931137],[-54.94198101854988,-18.48247987358472],[-54.93841809130385,-18.48337251274484],[-54.93648594815597,-18.483610864512794],[-54.934495166864345,-18.48417161371235],[-54.93073387536049,-18.48476479913713],[-54.92372894287104,-18.485313773244524],[-54.91726538182093,-18.48484680278565],[-54.91569194779379,-18.484618259295615],[-54.91282622109037,-18.486245409444717],[-54.911334724869455,-18.48654208648894],[-54.91024459908016,-18.48722303437866],[-54.90707840034975,-18.488312130447962],[-54.903743578354295,-18.48886964925081],[-54.89761397466214,-18.490460101676135],[-54.89503905400784,-18.490757648062797],[-54.88987731933588,-18.491054892629087],[-54.887302398681584,-18.491054892629087],[-54.88218555037486,-18.490762812080714],[-54.87872180525761,-18.490366083565153],[-54.86663087119479,-18.487235323385068],[-54.86619407221929,-18.486943463640642],[-54.86570885325187,-18.486841310855457],[-54.863236929423806,-18.48575221478608],[-54.85873977302629,-18.48267423640848],[-54.85804447184165,-18.482228766445626],[-54.84761668045315,-18.480154549774092],[-54.84077040443992,-18.48377157826797],[-54.83709005239973,-18.484814360681778],[-54.83649296455718,-18.485851089268294],[-54.829323149094876,-18.495205259122287],[-54.82367762603661,-18.499989629610038],[-54.820908155821655,-18.5019694574909],[-54.81196562538719,-18.506932512715547],[-54.80566372474522,-18.509012778051115],[-54.80530249510099,-18.5091030854622],[-54.80338933396507,-18.517494528434348],[-54.80251107633791,-18.522293088348878],[-54.8014238876172,-18.52516364804119],[-54.80140381183003,-18.52519471402404],[-54.80139603525072,-18.52523699481251],[-54.79981293588543,-18.52939501483188],[-54.79946685244266,-18.529929533074522],[-54.79933287339168,-18.5306030912487],[-54.796436244391025,-18.536382003879027],[-54.79425805225236,-18.540044113253877],[-54.79329449716721,-18.541283106736067],[-54.79241648615641,-18.542779793459175],[-54.79164802992568,-18.543774105538947],[-54.791213321769874,-18.54452476111412],[-54.79106302844434,-18.54471956438606],[-54.7911159155742,-18.546953028559507],[-54.79101951849851,-18.547469529521404],[-54.79112851685454,-18.548017501261373],[-54.79028456587855,-18.55668849420302],[-54.78935759444307,-18.561405367371833],[-54.78677870469045,-18.569942156799414],[-54.786537891186924,-18.570302559676403],[-54.786453518543844,-18.570707148682843],[-54.784672054920804,-18.574792689454213],[-54.77524981535464,-18.58861575106325],[-54.77132197559274,-18.592109079964576],[-54.76880606075645,-18.59409590808336],[-54.76760222153615,-18.59847990704276],[-54.7651475483803,-18.603498969068347],[-54.763598781290455,-18.606222662915876],[-54.75630602873349,-18.615791654382853],[-54.74721846458152,-18.622806702976945],[-54.740203236309924,-18.626911317234644],[-54.734702746969276,-18.629643694353003],[-54.7297441705997,-18.63136597690651],[-54.72675396116506,-18.632212555681473],[-54.7253716771005,-18.633047551694847],[-54.71932951698881,-18.6361019768236],[-54.710537161862874,-18.637850884996496],[-54.70731703529935,-18.64000250477754],[-54.706827787512,-18.640099822213177],[-54.706432392770694,-18.640357995715057],[-54.70247655170619,-18.641899133410327],[-54.70173732643099,-18.642038044337703],[-54.699361127151406,-18.644089620256576],[-54.695093148779726,-18.64672078700418],[-54.690539182475675,-18.65004246765756],[-54.685049833110384,-18.652865343634097],[-54.681693713766094,-18.65442015309265],[-54.67673604342116,-18.655683975490284],[-54.67185496708561,-18.65936659102271],[-54.66956614872623,-18.660638792560757],[-54.66492811928367,-18.66287924427889],[-54.66306341489269,-18.663393055148095],[-54.66048969037911,-18.667632376316593],[-54.65999397070635,-18.67344664131504],[-54.65966209204424,-18.675378785480035],[-54.65688826279592,-18.68497435284127],[-54.65103113489653,-18.695124388726086],[-54.6487880929044,-18.69805026152875],[-54.64489779509097,-18.702488279136446],[-54.64435642205382,-18.702850013034993],[-54.6440128029634,-18.70334929701065],[-54.619094711284845,-18.72693513428207],[-54.613280801901396,-18.73401737394718],[-54.6103213790754,-18.737282132895306],[-54.60890461271288,-18.73822878591361],[-54.60808119556657,-18.739374551197503],[-54.601889941904574,-18.744774255176846],[-54.589542071920455,-18.752429262587096],[-54.587974401858844,-18.752741091550362],[-54.58683748316679,-18.75344898647259],[-54.582034779309424,-18.755085491599502],[-54.577023582462346,-18.75591582537722],[-54.57103389050906,-18.757352007779602],[-54.568742870161884,-18.757530993744215],[-54.56138614560217,-18.761008069782864],[-54.5603682861181,-18.761236495504136],[-54.55937926064116,-18.76189734120008],[-54.55491866591723,-18.763475530939893],[-54.548834223778556,-18.765274160700642],[-54.542582691717946,-18.766178822585044],[-54.5389097968615,-18.76703012439869],[-54.51980579295525,-18.768231754037267],[-54.518511761937695,-18.768016358081972],[-54.516983032226506,-18.76832044132793],[-54.51342278661707,-18.768179276364762],[-54.50409387172874,-18.767438322104972],[-54.48977916164017,-18.76865614467581],[-54.47777389902825,-18.771114335215735],[-54.46875381469727,-18.772028327070018],[-54.468451685064736,-18.771968229749575],[-54.46815922679355,-18.772024395772686],[-54.46513035716464,-18.771984341451407],[-54.463056505226746,-18.77155755345695],[-54.45779436108239,-18.770708178116344],[-54.452298073842485,-18.771871692026714],[-54.44298553466791,-18.772846579633477],[-54.42640724527365,-18.769678930377154],[-54.421886829013886,-18.76788602266236],[-54.421603280295756,-18.767699643781445],[-54.421257336038536,-18.767630831190278],[-54.410712770741156,-18.761467755529836],[-54.406970552723585,-18.75853234598408],[-54.402927064528114,-18.754947995931957],[-54.40038606106043,-18.751330331294668],[-54.3881539813857,-18.749458119750855],[-54.381436299500876,-18.74735240686029],[-54.37767823447604,-18.74598814625426],[-54.370257582470686,-18.742066561630498],[-54.36634751777342,-18.73950689976532],[-54.36634233115245,-18.73950268395157],[-54.36633583828325,-18.7394992513818],[-54.36216637417197,-18.736767928139738],[-54.3550106521746,-18.730949735434468],[-54.35429679187149,-18.72988136799127],[-54.35338630776737,-18.72923781399718],[-54.35139122109757,-18.727021474885905],[-54.34789678469605,-18.72148234227462],[-54.344205172139084,-18.71625295598577],[-54.34303024538132,-18.71378293950623],[-54.34278984765507,-18.712717913739656],[-54.34209321303405,-18.71167532635137],[-54.33927403304921,-18.70181084945166],[-54.3389726485284,-18.699990122634585],[-54.332210488289036,-18.690654895575527],[-54.331728667320476,-18.689702576821837],[-54.328897286322274,-18.685995729587695],[-54.326266610825996,-18.681427625661943],[-54.324507975322206,-18.678999732026277],[-54.32236255782602,-18.67475898460212],[-54.32126965486009,-18.674028730186993],[-54.31152222914739,-18.65944067669452],[-54.31135672584599,-18.658923611241168],[-54.303526623678636,-18.6472050352153],[-54.301473432713074,-18.636882947189473],[-54.300037049879684,-18.635917997155765],[-54.29906075353847,-18.634456866425538],[-54.29840435944999,-18.63401827791753],[-54.29827531548301,-18.633825149972978],[-54.29773077549834,-18.633430802225796],[-54.29609808506865,-18.63153108298751],[-54.28915146849573,-18.620234440721834],[-54.28560675658923,-18.62140407099123],[-54.2746623901341,-18.624137301581985],[-54.27236852345527,-18.624419402995773],[-54.27020476964526,-18.62501399808847],[-54.26474593785821,-18.62580364042244],[-54.258308410644524,-18.62626683720567],[-54.25666464172053,-18.62593987123751],[-54.255290884927774,-18.62616547489825],[-54.247123618082014,-18.62561615849201],[-54.246055807521884,-18.625366218704492],[-54.24246454903658,-18.625057402846018],[-54.233404643030724,-18.623487654921245],[-54.230074960810214,-18.62252250878378],[-54.22808461586402,-18.622228600482746],[-54.22273039181306,-18.620612066484718],[-54.22101136860829,-18.621153939003094],[-54.21600055648105,-18.621924995695288],[-54.21596073237327,-18.621934670986782],[-54.21571002064138,-18.622189093252356],[-54.21557171090183,-18.622282245447533],[-54.215477323899506,-18.62242350557897],[-54.21375049932817,-18.623508839154024],[-54.200889270406776,-18.63217093129142],[-54.200394345212764,-18.63226937803348],[-54.200238052295674,-18.63243530379601],[-54.1966250900129,-18.637678479943805],[-54.19058879807744,-18.641711801267263],[-54.187702513108555,-18.645405149255065],[-54.17311445961571,-18.65515257496763],[-54.15921485923678,-18.658453558154704],[-54.15269935630704,-18.65893421001016],[-54.151209181439015,-18.658694443450837],[-54.149391174316406,-18.65905606755143],[-54.14389260752864,-18.6587186120978],[-54.132276675897685,-18.657287446683238],[-54.12065631358007,-18.656738059926113],[-54.11253721079254,-18.654922718763594],[-54.10886427497235,-18.655603343988645],[-54.103702545166016,-18.656793952073034],[-54.10309326734864,-18.656672759180037],[-54.10252279126201,-18.656778473092228],[-54.09896569899041,-18.656685115243413],[-54.08731460571289,-18.659002661789767],[-54.0869780158053,-18.65893570989442],[-54.08665341099464,-18.658997800326684],[-54.084837615096205,-18.65897109744583],[-54.083438693192534,-18.658682126320123],[-54.07292759696804,-18.657182938079234],[-54.070281101887076,-18.656412327045082],[-54.06558725126456,-18.657455925607668],[-54.059408115241695,-18.658134553640217],[-54.05784264544366,-18.658482581812635],[-54.05299416521905,-18.658700019556704],[-54.052045043304474,-18.658533242710412],[-54.05097961425781,-18.658745169724224],[-54.0449752798898,-18.65834248655768],[-54.04135131748746,-18.6578542053077],[-54.03449266635312,-18.65600529173357],[-54.03235610742422,-18.656706024325786],[-54.02985659956738,-18.65732070881755],[-54.029179759328144,-18.657610707606498],[-54.02893787657911,-18.657972710722593],[-54.02863051133113,-18.65924612713399],[-54.019852063556186,-18.67283472982817],[-54.01615180720852,-18.67677149740614],[-54.01559245402967,-18.677157901429762],[-54.01518282927066,-18.677770948204465],[-54.00606983903543,-18.683736172345938],[-54.00059477577781,-18.687518373916973],[-54.000159575280236,-18.68760494067827],[-53.9998059828975,-18.687836396848333],[-53.9982522940694,-18.6884457904882],[-53.99697510591619,-18.690599282607156],[-53.99357621065258,-18.694820245131524],[-53.990349150071495,-18.698414182456858],[-53.97576109657865,-18.708161608169252],[-53.96833860390626,-18.710506824147117],[-53.964882488183605,-18.711277392994692],[-53.9614159622563,-18.711659151149536],[-53.95793566740548,-18.71686778047884],[-53.94334761391264,-18.726615206191234],[-53.94218898076758,-18.726845672653145],[-53.94131306191332,-18.727400698867967],[-53.937593732079335,-18.72873393556232],[-53.922420501708984,-18.731371283614045],[-53.90521271933932,-18.727948442885655],[-53.890624665846474,-18.718201017173023],[-53.88992724237471,-18.717346176158635],[-53.88962586631192,-18.71727682728534],[-53.88734337693006,-18.715751716639133],[-53.88475232529919,-18.715236324425295],[-53.8836784362793,-18.71543920048457],[-53.87652163519312,-18.714866009265858],[-53.872439909118896,-18.71420797398762],[-53.86463779259203,-18.71199592156117],[-53.85921096801758,-18.712925314986602],[-53.858317817304275,-18.712747656263737],[-53.85750701751447,-18.71289301854291],[-53.854790953061354,-18.712790021716735],[-53.85042727887213,-18.711835726629644],[-53.849544525146484,-18.71191823490851],[-53.839542468549894,-18.710791717687528],[-53.83508040310329,-18.709773691831497],[-53.834277999146366,-18.716430605653926],[-53.833713423951,-18.71873849749957],[-53.831578509377955,-18.725261370662537],[-53.82327427935684,-18.73833753020469],[-53.820752764464196,-18.74110509307082],[-53.81993691967552,-18.741678090044715],[-53.81930956877261,-18.742616987021137],[-53.812431995102145,-18.747669455295647],[-53.81037554777657,-18.749929761679148],[-53.80099842859704,-18.75711278545446],[-53.79652586765451,-18.759685181813587],[-53.79300951043757,-18.76362287978263],[-53.788662290940636,-18.769495343954027],[-53.78802449011425,-18.769921508841477],[-53.78762345581163,-18.770501295577432],[-53.78174882202262,-18.77600971842885],[-53.76819960365862,-18.784751192517884],[-53.76656136658078,-18.785077058133417],[-53.76633136517336,-18.786263546486133],[-53.765828099500254,-18.78793726328357],[-53.765669580530705,-18.789161241467987],[-53.752978082727964,-18.837337053234307],[-53.751038806008864,-18.843089739800025],[-53.74919683614718,-18.846994934308636],[-53.74611837545376,-18.852783737409013],[-53.744282053209936,-18.85526520994533],[-53.74214924118007,-18.858968439572777],[-53.73849285973063,-18.86375457532466],[-53.73849710868427,-18.867433106943693],[-53.73849196582523,-18.867459040108088],[-53.738497138680714,-18.86748504580863],[-53.73745513925843,-18.877109158362355],[-53.73533798227601,-18.88677178653599],[-53.732957140969745,-18.894355456351477],[-53.7299008259111,-18.90040074483728],[-53.72678431983098,-18.90555897978912],[-53.72597770680011,-18.90822836478807],[-53.72447706894826,-18.912429491995475],[-53.717063125661866,-18.92449866284023],[-53.71157377629657,-18.930897817503084],[-53.710312398942555,-18.93181218152169],[-53.709240293870266,-18.933416700150925],[-53.70529822039896,-18.936921264810817],[-53.6984355800181,-18.942336227579226],[-53.6950455220761,-18.944324176142906],[-53.69215762594666,-18.946487504482775],[-53.68865954855414,-18.9484005751615],[-53.68429152260404,-18.950492159310514],[-53.68089662225668,-18.9511674469756],[-53.68012262856542,-18.954087432455683],[-53.679841535914306,-18.956080941536907],[-53.679489822027165,-18.963880252990798],[-53.680600572539845,-18.97456032271078],[-53.680841804208,-18.979211806669976],[-53.67741896347957,-18.9964195890392],[-53.67738489406463,-18.996470577521926],[-53.67737293103584,-18.996530303451607],[-53.677342610190806,-18.99660295589211],[-53.67718094165998,-18.998537926119475],[-53.678283586603584,-19.01433206192906],[-53.67805227118532,-19.015751887583484],[-53.67839276856353,-19.017463683500104],[-53.67496992783498,-19.034671465869316],[-53.670262910562315,-19.043252081318464],[-53.668637849527215,-19.04557332460454],[-53.66695222834613,-19.047582341320133],[-53.65740618742501,-19.06186900117298],[-53.65222605834197,-19.06631615786093],[-53.65100666906335,-19.067211638758224],[-53.6499607725616,-19.070068041796084],[-53.64966271265462,-19.07051411997057],[-53.64983798547115,-19.070859438168846],[-53.65000215788825,-19.07154561447998],[-53.65019728379201,-19.071861583502013],[-53.650343106062905,-19.072594681563],[-53.65128447251277,-19.074003536016605],[-53.651976832195324,-19.07659893363453],[-53.655484454202224,-19.081848460943217],[-53.65838764894886,-19.092239875011124],[-53.65922306765003,-19.0976872627063],[-53.65974271363183,-19.104503631007553],[-53.659168442508985,-19.10833018347462],[-53.65970075196197,-19.11197853029935],[-53.656277911233424,-19.12918631266863],[-53.654742523527204,-19.13247944414582],[-53.65454300393941,-19.1336142459654],[-53.65179945664357,-19.143035571091065],[-53.64981979563448,-19.14719767095388],[-53.64844518740921,-19.149742582065944],[-53.64799296955704,-19.152568163956573],[-53.647151149369904,-19.15554381265511],[-53.64691392243998,-19.15724380329863],[-53.646917701424854,-19.157262801538426],[-53.64690026341202,-19.157341685186378],[-53.646840214174176,-19.157772003710615],[-53.646683169087574,-19.158323746183232],[-53.645947360198704,-19.161652295709633],[-53.6448010157373,-19.16764380505192],[-53.646058337258864,-19.17019494226417],[-53.64927718483864,-19.183124414174994],[-53.649990533227374,-19.190587869374983],[-53.650194526376026,-19.194866179833397],[-53.64993116860012,-19.1996087035121],[-53.65322615342092,-19.204868633059174],[-53.65604399848689,-19.214725049979894],[-53.65687560249079,-19.219743284232695],[-53.65726998666747,-19.224535487531583],[-53.666046476731594,-19.230399750708244],[-53.67579390244441,-19.244987804200722],[-53.679194076407214,-19.26076801575601],[-53.6794115141513,-19.267613489998986],[-53.67928650352849,-19.268298636445383],[-53.67943418091704,-19.269041060812878],[-53.676011340188545,-19.28624884318204],[-53.66626391447579,-19.300836896674564],[-53.66468974231117,-19.302167653852052],[-53.66043181414784,-19.308179363462234],[-53.65946318345027,-19.31304899882111],[-53.64971575773751,-19.327637052313573],[-53.64807589163497,-19.32876108104125],[-53.64762617783498,-19.33102194498764],[-53.64499435159439,-19.33547772135506],[-53.64448548705849,-19.337462108177927],[-53.643928756198584,-19.34066947842471],[-53.64270805307359,-19.34407981778003],[-53.64214836939101,-19.34496353693957],[-53.641915576028396,-19.346133868205033],[-53.632168150315636,-19.3607219216975],[-53.63146647098847,-19.361190768834515],[-53.63065778390023,-19.362408520995004],[-53.62981154160457,-19.36487929056771],[-53.62024861810613,-19.379191216983045],[-53.61877943711238,-19.38657728861415],[-53.61125247110301,-19.39851733082966],[-53.60964705185841,-19.403936068520807],[-53.60643497408223,-19.410010147257783],[-53.604275958108474,-19.4198109311913],[-53.60401267027225,-19.42032395154602],[-53.60398191194912,-19.421193972684602],[-53.60058714585256,-19.43681303690387],[-53.59948365889983,-19.43846452183644],[-53.59911180290965,-19.440013886356656],[-53.597345598075606,-19.443481446170964],[-53.59683331724432,-19.4441866429774],[-53.59609557589488,-19.449850229549686],[-53.59775388306542,-19.458187102678192],[-53.59433104233699,-19.475394885047358],[-53.591638857812256,-19.479424023921183],[-53.58897139267873,-19.489370028479613],[-53.579223966966026,-19.50395808197209],[-53.57641184154852,-19.506540944241337],[-53.57412683788642,-19.50846736636043],[-53.56849440275522,-19.51189418236835],[-53.56751372055959,-19.51682440469961],[-53.56696329606314,-19.51783352681568],[-53.56619565722451,-19.52324589930323],[-53.563218371438495,-19.534139315587897],[-53.55912108018061,-19.540271345295572],[-53.55850340561824,-19.54337660501632],[-53.55382987760618,-19.551909318045105],[-53.552266971049676,-19.554147967590634],[-53.551858202981464,-19.555530230504345],[-53.54421498466195,-19.567233136740832],[-53.54403922001404,-19.572008416970522],[-53.54064680771785,-19.587562243442868],[-53.53089938200503,-19.602150296935395],[-53.52696872968983,-19.60511161859497],[-53.5222514633038,-19.61217150665188],[-53.52113303019065,-19.61291881976626],[-53.52102801874554,-19.61306702609152],[-53.52404143052058,-19.617576915519294],[-53.52746427124907,-19.63478469788851],[-53.52701313377355,-19.63909233519338],[-53.5299542112823,-19.643493968741225],[-53.533031738468765,-19.65513977604088],[-53.533371246525405,-19.657863469888515],[-53.533715913857236,-19.663415036431644],[-53.53551328247943,-19.672451018688335],[-53.53294077202088,-19.68744214028917],[-53.53099964623465,-19.692931475676524],[-53.53076801589725,-19.69395097540063],[-53.52846266465144,-19.701196352937043],[-53.52586402844389,-19.705085486860277],[-53.52508665757125,-19.708993594147838],[-53.515339231858604,-19.72358164764031],[-53.50564149978488,-19.730676573431445],[-53.50269819931941,-19.745473544098143],[-53.492950773606594,-19.760061597590614],[-53.489757466370634,-19.762962241557425],[-53.48585884576528,-19.76617612400374],[-53.484926993569395,-19.766736047714126],[-53.48426289553606,-19.77064616670459],[-53.48295063967669,-19.77439792146519],[-53.48231909037156,-19.775403169476892],[-53.482049243020526,-19.776759783721314],[-53.47319516202674,-19.790010852359593],[-53.47240187363582,-19.79224554727072],[-53.46265444792306,-19.80683360076319],[-53.46237999733751,-19.80701698278166]]]},"properties":{"OBJECTID":2,"CORREDOR":"Pantanal Cerrado","nome":"Pantanal Cerrado","complement":null,"Shape__Area":0.7293989108979289,"Shape__Length":15.89442724174053}},{"type":"Feature","id":3,"geometry":{"type":"Polygon","coordinates":[[[-53.472626861327846,-22.801340511023728],[-53.47225946497292,-22.801257589539198],[-53.46756357263865,-22.799024084290345],[-53.45508160551253,-22.790212964704118],[-53.44533417979983,-22.77562491121162],[-53.44296086636081,-22.76807553427003],[-53.44182408657559,-22.76290661947516],[-53.440774559286126,-22.753248214047606],[-53.4408386992306,-22.752925760771603],[-53.44077902764537,-22.752614313870797],[-53.440832433407024,-22.74882631948618],[-53.44099275403675,-22.74804900942693],[-53.44203774489302,-22.739099978291005],[-53.443044824971196,-22.734846590839865],[-53.44525788585452,-22.727999049842516],[-53.44777187662993,-22.722875993060637],[-53.4490574296085,-22.72062913637118],[-53.456290864545906,-22.711164139660504],[-53.47087891803875,-22.70141671394807],[-53.48327959887354,-22.698251563214036],[-53.48688067309246,-22.69786437144166],[-53.49168777462734,-22.697606681447215],[-53.49179941037352,-22.697617931599495],[-53.49203370372816,-22.69644005936502],[-53.49702301893109,-22.687460834250324],[-53.498690041636216,-22.68513386891829],[-53.499855945902425,-22.683759508881703],[-53.500361224716414,-22.679242004913498],[-53.50058790902523,-22.678241333427422],[-53.50030137840076,-22.67804591576544],[-53.49971912698908,-22.677441099337056],[-53.492507157418004,-22.671963967807322],[-53.48790707551445,-22.667950009995543],[-53.48536969048354,-22.665191741170943],[-53.47848797661635,-22.657054991903557],[-53.47127793593444,-22.645225207235587],[-53.46937055952049,-22.635636178463198],[-53.46482052766288,-22.63241038292105],[-53.45507310195007,-22.617822329428662],[-53.45165026122163,-22.600614547059344],[-53.45169282563779,-22.600400561288644],[-53.451652251815915,-22.600191445922736],[-53.451694213485844,-22.59573206481926],[-53.45358936589463,-22.58643334437819],[-53.45277178221761,-22.58232307367104],[-53.456194622946214,-22.56511529130183],[-53.460836794610486,-22.556627550330546],[-53.46235885881936,-22.554441728797393],[-53.467464112867845,-22.54834141627617],[-53.47447984424491,-22.54285942271901],[-53.473551693751574,-22.54002505616878],[-53.473160150805946,-22.537571209136697],[-53.472552188424345,-22.535392324893575],[-53.46803741871224,-22.531300625971074],[-53.46743337283482,-22.53044297439813],[-53.466437959303505,-22.529777860340552],[-53.45669053359069,-22.51518980684804],[-53.4547878817458,-22.50957525368703],[-53.454017312898145,-22.506687527856904],[-53.45308193286098,-22.49955415431048],[-53.45168959830784,-22.497715273394515],[-53.4491299364426,-22.493147173419093],[-53.44681428237004,-22.488374392419896],[-53.44492148269694,-22.482796697738003],[-53.44443145518363,-22.480966542570425],[-53.44299844580177,-22.478275211769166],[-53.441145642233266,-22.474349657923206],[-53.437722801504826,-22.457141875553894],[-53.43786807012373,-22.45353033513684],[-53.438379239557264,-22.447186493584155],[-53.441656811666924,-22.43359025163209],[-53.441806601629025,-22.43336607511162],[-53.441859154405215,-22.433109654027607],[-53.44334688633876,-22.42963255747001],[-53.44358345152984,-22.429282918498167],[-53.44707325397275,-22.42268162141906],[-53.4543135493829,-22.411628536092234],[-53.45747385928911,-22.407741626488953],[-53.45831288445493,-22.406402025478084],[-53.46271885979672,-22.401442919032903],[-53.463729047367394,-22.400723952264478],[-53.464538240065224,-22.399512909809904],[-53.46680703283096,-22.39809255657288],[-53.467768414450056,-22.393259364792154],[-53.47418755948274,-22.382391413983893],[-53.479642576572644,-22.375566920575793],[-53.48192350731733,-22.373017467148816],[-53.482106323538524,-22.372735524875562],[-53.484459991751464,-22.370248342258495],[-53.484961241360175,-22.369903328360188],[-53.485324525465614,-22.36935963527453],[-53.48748999155498,-22.367642197432644],[-53.48909388446725,-22.363797351339525],[-53.49265086719248,-22.35848836998637],[-53.49168387205822,-22.355005736757064],[-53.49059286864019,-22.347736831117643],[-53.4900947802646,-22.341062545112315],[-53.490168198320305,-22.340693447620993],[-53.49010060605093,-22.340338741358345],[-53.490215046968956,-22.333230053004016],[-53.493632061911065,-22.316746074388668],[-53.4952505819777,-22.313266532816918],[-53.49789035248551,-22.308172004618797],[-53.50601925813163,-22.2970634926981],[-53.506903563562446,-22.296472618699763],[-53.50744620151448,-22.295697894243776],[-53.50845658353677,-22.294772597023268],[-53.508570631909315,-22.294199237136265],[-53.50842586463239,-22.293392186471156],[-53.50864330237653,-22.287630086251568],[-53.51203416152043,-22.272117931079123],[-53.51855748291547,-22.26112014403157],[-53.52206431778392,-22.256766069646726],[-53.51843522353215,-22.250133196746823],[-53.51501238280361,-22.2329254143775],[-53.51843522353215,-22.21571763200829],[-53.5209650141341,-22.21056698332819],[-53.523963366184944,-22.205335126028444],[-53.53118100129569,-22.1958977212161],[-53.53675460016342,-22.19116487460336],[-53.539500864150796,-22.189193459807015],[-53.542169606331356,-22.186070855353876],[-53.54198229247163,-22.185129164989025],[-53.54372620508195,-22.173326634992655],[-53.541528343496964,-22.16008377009204],[-53.54178115832701,-22.158812784113096],[-53.54159126305229,-22.157705843380015],[-53.541820144888106,-22.153383791378165],[-53.54518006606139,-22.13855393572105],[-53.54871948942309,-22.131727187984584],[-53.553228461591054,-22.12459751879535],[-53.55943646394218,-22.116836213039218],[-53.56976369247877,-22.109121933034196],[-53.573589833836195,-22.10704292302442],[-53.573635952699426,-22.10702091640142],[-53.57365073536175,-22.10700989171402],[-53.577476876719174,-22.104938511098766],[-53.581676800149864,-22.10293839670177],[-53.58638027627882,-22.101646049909387],[-53.593429231276104,-22.09109654324006],[-53.59694425574253,-22.08793317340267],[-53.60166685095737,-22.08411275409129],[-53.61273987998385,-22.0775286982161],[-53.62063761669191,-22.075080217314223],[-53.621836338785954,-22.074826529762905],[-53.62579907590913,-22.072790943150157],[-53.62582322155407,-22.072707770678335],[-53.626136812080404,-22.07074464933378],[-53.628036531318685,-22.06495012418743],[-53.628847823671606,-22.06363013810618],[-53.629221661520376,-22.061750728325343],[-53.63182379676812,-22.056474315429604],[-53.63799979164116,-22.045777904297108],[-53.6420536473679,-22.040494977347766],[-53.64187395506922,-22.039367675124304],[-53.645296795797776,-22.022159892754935],[-53.6460746066748,-22.020995816514045],[-53.646341937751295,-22.019826624398156],[-53.64818443653064,-22.016008112435404],[-53.65688672028983,-22.00375332729963],[-53.657582306981794,-22.003288551131323],[-53.65801720209736,-22.00266168200176],[-53.66154579706807,-21.999371505610238],[-53.67500336875338,-21.990715725195695],[-53.67611592708584,-21.99049442358393],[-53.676960927881055,-21.989957910573384],[-53.68565946383535,-21.98682194744668],[-53.68566405063683,-21.986818873737022],[-53.68663956516849,-21.980447722881834],[-53.68809296482664,-21.975812865704157],[-53.68945573134465,-21.972059566218146],[-53.69920315705736,-21.957471512725647],[-53.70017345869821,-21.956823177896872],[-53.70076375642549,-21.95598400695119],[-53.703334062300485,-21.95364909097923],[-53.705900561658325,-21.951314184018983],[-53.71870463153158,-21.943189293067917],[-53.71876786513366,-21.94288285418264],[-53.722500457773776,-21.93575334682941],[-53.72424377442411,-21.93304491177095],[-53.730258607496864,-21.925586365631677],[-53.736185859412835,-21.920602224319246],[-53.739619086951905,-21.91818752095011],[-53.74590016331632,-21.914733042424412],[-53.746037935053835,-21.9146378120792],[-53.746233635988915,-21.913003501441395],[-53.74837749585208,-21.904180106666242],[-53.75052903456725,-21.89758904620038],[-53.760276460280075,-21.88300099270788],[-53.76115955650323,-21.882410926676314],[-53.76170151790382,-21.881637121310387],[-53.76458161433936,-21.87899925815127],[-53.77774461020846,-21.870615703836183],[-53.79495239257807,-21.867192863107828],[-53.79692402104831,-21.867442863040118],[-53.79763913694603,-21.86694259184866],[-53.79821362458671,-21.866082810335183],[-53.80497781135835,-21.860524036038015],[-53.80848733284273,-21.85817227517381],[-53.81631119956388,-21.85398362375851],[-53.83053624624819,-21.850659818968577],[-53.840721487947405,-21.849982710203893],[-53.84208110352415,-21.850206532928713],[-53.843704223632756,-21.84988367426547],[-53.84645527104692,-21.850430891619265],[-53.84733929597343,-21.849437378817026],[-53.86058805658911,-21.840270349104006],[-53.86402128412817,-21.838715859968307],[-53.86471654253495,-21.83856579404401],[-53.86536057700534,-21.83813546396879],[-53.873596915970545,-21.83561668338046],[-53.88258052803104,-21.8337875360417],[-53.89155197143549,-21.832883475901617],[-53.89808384816245,-21.83336042286594],[-53.903241318865575,-21.8341176402731],[-53.91391722450828,-21.837063534037235],[-53.928505278001126,-21.8468109597497],[-53.93162216040503,-21.85145179309281],[-53.935813903808544,-21.850618003489085],[-53.948571401251066,-21.85266185576732],[-53.960342407226506,-21.850320457102377],[-53.960850923615794,-21.850421607301076],[-53.961332290910086,-21.85033135407137],[-53.96488377406439,-21.850409555365374],[-53.98110167275053,-21.85382149912472],[-53.98290340755136,-21.85502537982977],[-53.98789596557611,-21.85457002985612],[-53.99905178068258,-21.85672983529776],[-53.999503208482054,-21.85659818569827],[-54.002440525376585,-21.856079386870153],[-54.005390770458575,-21.85582084660493],[-54.009804088968174,-21.85351441599485],[-54.01013148230499,-21.853449293411156],[-54.01040031458291,-21.853272434498223],[-54.01350929285445,-21.852036472584196],[-54.0161957413265,-21.851522058760867],[-54.02741389484106,-21.848937166507497],[-54.031114151188774,-21.848714006717408],[-54.032360138578326,-21.84892305804227],[-54.03382110595703,-21.84863245356226],[-54.04088228885206,-21.84919033531493],[-54.04395312015089,-21.849678616564844],[-54.05409971962547,-21.85254357554071],[-54.05951159037471,-21.855224237496643],[-54.05951980483121,-21.855229018652707],[-54.067913787495456,-21.85760489678761],[-54.0687637329101,-21.85745775568618],[-54.07371723614773,-21.857731429525284],[-54.07832920514193,-21.85824259895881],[-54.09058348427397,-21.861391765848065],[-54.09934557166764,-21.86724640546803],[-54.10153579711915,-21.867095588327505],[-54.1058360866611,-21.867301687657093],[-54.109528713614225,-21.867656454502683],[-54.11791718955903,-21.869746988908318],[-54.12098958390657,-21.870303084338822],[-54.12675359147488,-21.87246029564247],[-54.12738876708016,-21.872869000375452],[-54.128200214010235,-21.87303040720521],[-54.138833789967634,-21.879263484372792],[-54.149770915892695,-21.887887184504905],[-54.151952697066406,-21.887721325985524],[-54.15348231811072,-21.887965684713894],[-54.15509028279024,-21.887645840652805],[-54.15757401764546,-21.885573418357648],[-54.16917451133145,-21.878555996194443],[-54.18634671926423,-21.875133169538195],[-54.19116849660804,-21.875129354840933],[-54.19118626682081,-21.875132882249],[-54.191204071044865,-21.875129340768716],[-54.20841185341453,-21.87855218149718],[-54.218716807523435,-21.885437731697273],[-54.22688643227196,-21.887062771096534],[-54.227545496114196,-21.88750314347693],[-54.22825550303139,-21.88765666290602],[-54.23253559336343,-21.889598343814235],[-54.245754576096886,-21.89875187771728],[-54.24792492139819,-21.90173416504481],[-54.24998059236014,-21.899242066315903],[-54.26456864585299,-21.889494640603317],[-54.28048723298782,-21.886090284532816],[-54.28540819246052,-21.885949140733874],[-54.28602953978793,-21.88606349928442],[-54.28669738769531,-21.88593065607607],[-54.30234406068917,-21.888740715152075],[-54.30453573424683,-21.88955417858071],[-54.31224900089637,-21.888814124540694],[-54.31654357910145,-21.888608573556485],[-54.32280571220655,-21.88904675152773],[-54.32954628227497,-21.889994703798216],[-54.34049193153953,-21.89297936655537],[-54.34147361678572,-21.893495123480005],[-54.343963940042386,-21.89183114267846],[-54.35424511734357,-21.888944993964888],[-54.360741546786926,-21.887932191840893],[-54.365545632051465,-21.887559958376656],[-54.36705811728849,-21.886778576150313],[-54.37531163026955,-21.884947842952865],[-54.378151256936974,-21.88347695566699],[-54.391213943377295,-21.880878625782717],[-54.398574494948036,-21.869868897371283],[-54.39926182963319,-21.869409635017508],[-54.3996919143313,-21.86878943675271],[-54.403716419946534,-21.8650338672948],[-54.417187054056114,-21.856365902200775],[-54.429585358232146,-21.853201007071767],[-54.434482679842006,-21.85267417789286],[-54.445919353860745,-21.845032436624873],[-54.46312713623047,-21.841609595896525],[-54.46761371292763,-21.841833984040665],[-54.47170848373912,-21.84224459645567],[-54.4758070644803,-21.842649534719108],[-54.48859373818016,-21.845854503885658],[-54.50015651654036,-21.85284049138294],[-54.50581752728249,-21.857553549854554],[-54.50884280241524,-21.860314988069753],[-54.5109809298437,-21.86299663661984],[-54.51945230725693,-21.868175581544183],[-54.5227894530376,-21.86552261915866],[-54.52594039297901,-21.863556142718274],[-54.53253968467135,-21.860159618631414],[-54.54974746704101,-21.85673677790301],[-54.551403309427144,-21.857066145431986],[-54.55278530058183,-21.856839510696947],[-54.55703868803295,-21.857127520340434],[-54.57120863686186,-21.860447628274954],[-54.579258247830126,-21.864788545324966],[-54.583565041043016,-21.867712510779008],[-54.59010348356759,-21.873119019441525],[-54.5910827226262,-21.874584554259602],[-54.591619838811994,-21.874449063691074],[-54.594503749944806,-21.874155332001628],[-54.59906005859375,-21.87392389643286],[-54.60644003839605,-21.874533643447737],[-54.61086508722423,-21.875269880019992],[-54.61201242113759,-21.875598290953878],[-54.612913222591374,-21.8751214839896],[-54.616741497415376,-21.873320324197497],[-54.630430624592854,-21.870035364505018],[-54.63351671468081,-21.86979313122865],[-54.63508923078922,-21.87004236132512],[-54.63703536987305,-21.86965525019273],[-54.63705283050069,-21.869658723327504],[-54.638574166284,-21.867234348915574],[-54.64104862164664,-21.8644588300384],[-54.641132059175156,-21.86364380487818],[-54.64246720321813,-21.857191244453528],[-54.64495728774108,-21.849094707212284],[-54.653932779197476,-21.835297801132423],[-54.656694620017674,-21.83239672386198],[-54.65714389053784,-21.832088476856274],[-54.657466554274215,-21.831605576449334],[-54.66614800158226,-21.824831016953024],[-54.66931801500999,-21.822931297714785],[-54.67522462119478,-21.819958431498467],[-54.692432403564446,-21.81653559077016],[-54.69882934692117,-21.816992935822316],[-54.704177552487586,-21.817761597321255],[-54.71498839150046,-21.820727092997586],[-54.720739301972515,-21.82360708027533],[-54.72462266378886,-21.82591306477241],[-54.72817202290685,-21.828671309735448],[-54.73325107236212,-21.829379735073225],[-54.74031882344718,-21.831302675320664],[-54.74104960519901,-21.831432221283237],[-54.74190430336495,-21.829343938135622],[-54.74195753185404,-21.829263911387013],[-54.74197648329772,-21.8291686360457],[-54.74654896667022,-21.82078126427519],[-54.746654210260154,-21.82062924575627],[-54.74778079914159,-21.81690339490477],[-54.747782664800475,-21.816894010469053],[-54.74902625610906,-21.81388993637245],[-54.74902892182654,-21.81388594593983],[-54.74902985854185,-21.81388123675401],[-54.75877728425468,-21.799293183261632],[-54.76236198015534,-21.79607356627187],[-54.76672980852453,-21.79255450804447],[-54.77773316611666,-21.78602669932165],[-54.7855830675607,-21.783838568172353],[-54.78655279100235,-21.778472980631477],[-54.788154963853906,-21.77418526090501],[-54.78856929758769,-21.77354097080126],[-54.78873322768255,-21.77271683856176],[-54.796250936664705,-21.760527135883958],[-54.80079424110812,-21.75526857570336],[-54.80200633805266,-21.754393200524536],[-54.80302395783866,-21.752870224888653],[-54.81042375768294,-21.748314148640222],[-54.817612011331505,-21.74312279917619],[-54.81944872113115,-21.74275745488177],[-54.82074442332163,-21.741959687631287],[-54.82805569302411,-21.73955000445086],[-54.82910885774095,-21.73797383206675],[-54.8416397360794,-21.7291394849618],[-54.84783861913604,-21.726200260718706],[-54.84888007811827,-21.725965861959544],[-54.84989579429043,-21.72528718211114],[-54.85827013134775,-21.72385246444428],[-54.85985554116878,-21.723495639930718],[-54.864669465651104,-21.71629109280952],[-54.87493045623603,-21.709434918096907],[-54.87398302489351,-21.70467185909223],[-54.87405056212384,-21.704332326506865],[-54.87398797019233,-21.704004987911002],[-54.87406044944038,-21.699118360713857],[-54.877478344869985,-21.68257744952576],[-54.88722577058281,-21.667989396033274],[-54.8988649288948,-21.660212359086064],[-54.90392270051444,-21.652642868934034],[-54.918510754007286,-21.642895443221555],[-54.93123641461506,-21.640226569302516],[-54.935240216913826,-21.636919249521693],[-54.94239668556696,-21.632070957114788],[-54.94248352439473,-21.631634388846614],[-54.941968559561474,-21.629045485803026],[-54.94539140028991,-21.611837703433707],[-54.946195905831416,-21.610633675804344],[-54.946472023422416,-21.609431071546563],[-54.9476545795747,-21.606991572645267],[-54.95632138215501,-21.5948101510399],[-54.964077760141784,-21.588605265574806],[-54.96896820203631,-21.58551154609251],[-54.97458291845772,-21.582600055509676],[-54.976526959371995,-21.572826701847788],[-54.977556411177204,-21.5712860183436],[-54.977905045209525,-21.569817931238486],[-54.97948814457476,-21.566672713343124],[-54.98785748444999,-21.555093430459756],[-54.993405656065484,-21.551367928369277],[-54.99486802382506,-21.546884853093474],[-55.00461544953788,-21.532296799600978],[-55.019203503030724,-21.522549373888513],[-55.02106657107777,-21.522178786612642],[-55.0223772928278,-21.521372647064037],[-55.02870587559152,-21.519293637054435],[-55.03777147106052,-21.517842705687134],[-55.04701264609707,-21.511667949938527],[-55.06422042846674,-21.508245109210176],[-55.06735112479527,-21.5085401413878],[-55.07044414119389,-21.507616608222754],[-55.07176476375446,-21.507423656927998],[-55.07595028840507,-21.502362870158397],[-55.082844689182366,-21.497603926575795],[-55.08453919621775,-21.494679791677676],[-55.08550523085637,-21.491016704291177],[-55.09525265656913,-21.47642865079861],[-55.09559579135783,-21.476199375462805],[-55.095817783880705,-21.47587339394702],[-55.09846136908573,-21.47332136147638],[-55.10213630361062,-21.4709124050098],[-55.10401414198918,-21.46147187396955],[-55.10699928894206,-21.455544787565884],[-55.10982597961594,-21.450833636443075],[-55.11658825837577,-21.442172669354182],[-55.1215825136419,-21.437862748973078],[-55.12406206686455,-21.436022157542403],[-55.13365586509127,-21.43058465221104],[-55.13939197563463,-21.429043643366143],[-55.14058485624287,-21.427053565987887],[-55.14245405790296,-21.42477619172037],[-55.145415925612106,-21.421508454266743],[-55.149802135553784,-21.417657933186913],[-55.155695842829175,-21.413126072835396],[-55.15871739495277,-21.411379544903806],[-55.16120473040502,-21.40950020019601],[-55.16653004778784,-21.40653045837484],[-55.16654186216522,-21.406524741119192],[-55.166546249452665,-21.406521427657594],[-55.17235603338821,-21.403284657027847],[-55.17703278769869,-21.401022655751746],[-55.183466877568094,-21.399742835703876],[-55.18970456086589,-21.39166226286121],[-55.195194746640304,-21.386989439167632],[-55.20108082452117,-21.382743681110988],[-55.204394408935855,-21.38089543241363],[-55.210212373366,-21.372188233320717],[-55.224800426858785,-21.3624408076082],[-55.23573122680853,-21.35945823569221],[-55.236596493902596,-21.359336255576185],[-55.23818173371757,-21.356963776533924],[-55.24062142152837,-21.355134386483993],[-55.24303729596238,-21.351518774884166],[-55.24351868138598,-21.347475813628147],[-55.24448761449145,-21.343464659453335],[-55.246653302145376,-21.336815196726477],[-55.24703115206813,-21.33624970435471],[-55.24716312044018,-21.335632577008436],[-55.250264469317244,-21.32871271616887],[-55.256536161725364,-21.31961135978634],[-55.258040173483145,-21.312050182080004],[-55.25964733391453,-21.30859257836998],[-55.262897455984785,-21.30231167932365],[-55.271037721266,-21.29118122954112],[-55.27142931922646,-21.290919572149345],[-55.27168149281248,-21.290550236307375],[-55.27478665638665,-21.28756714304562],[-55.28667544374639,-21.279794542948032],[-55.28859548705577,-21.278507075378723],[-55.29229574340343,-21.276960215637658],[-55.29236876102874,-21.27694556765836],[-55.29243119468072,-21.276903850825832],[-55.30395336133466,-21.273841909449885],[-55.309175681891304,-21.273176244776998],[-55.31486129760714,-21.272815345424476],[-55.31594447914177,-21.273030803627925],[-55.31690753816855,-21.27286192796282],[-55.317762066973785,-21.272900854725883],[-55.31825669516912,-21.27257035473212],[-55.32941057637129,-21.269556903715024],[-55.33432390644947,-21.26888933169355],[-55.34037780761685,-21.26847994198219],[-55.35390122570118,-21.270561693763796],[-55.360016185417976,-21.27249002323146],[-55.363700549703424,-21.273831112178446],[-55.37015435917863,-21.27733482919319],[-55.37042984011953,-21.277379683815404],[-55.37653698884424,-21.268382691333606],[-55.39112504233714,-21.258635265621198],[-55.39849673471156,-21.256301406848877],[-55.404035675141245,-21.25505972288883],[-55.413871765136435,-21.253970740932797],[-55.41743895995864,-21.254112458383077],[-55.422539547444956,-21.25451837113182],[-55.42310147584783,-21.25432596429043],[-55.43766784667946,-21.25190126766619],[-55.438727130245866,-21.252004567251095],[-55.441429152543044,-21.249802872809465],[-55.45069505220124,-21.243705079230462],[-55.45820649375321,-21.239723903927256],[-55.458774644765924,-21.239610891664316],[-55.45923024468316,-21.23931448402989],[-55.47203070759906,-21.234376466077347],[-55.47261031122912,-21.23426854552249],[-55.47264336410433,-21.23424646029738],[-55.473392427860745,-21.23408163758696],[-55.47413540232349,-21.233624143295728],[-55.47577219524646,-21.233084529111963],[-55.48373629243656,-21.231805591281358],[-55.48803165932026,-21.230860446084076],[-55.49395921129803,-21.230620399822712],[-55.495960474012854,-21.230452694542638],[-55.498269353067826,-21.230356122064908],[-55.49847232275318,-21.230312823613243],[-55.50217963058827,-21.230210291835306],[-55.50300247821849,-21.230362172282472],[-55.50386361487977,-21.230195265687723],[-55.50697645296975,-21.23022578538127],[-55.50708968379433,-21.23024888598793],[-55.51062731675,-21.23041017481552],[-55.51221091421934,-21.23055487530411],[-55.51314010946806,-21.230563946829083],[-55.51421199378075,-21.230440577876035],[-55.5159356986714,-21.23010681157633],[-55.51680151380174,-21.230023757685174],[-55.51745432104684,-21.229839684463247],[-55.52324602273029,-21.228923000233507],[-55.52859005938552,-21.22850270127008],[-55.52914882510794,-21.228384258995167],[-55.533152573962695,-21.22828390481579],[-55.53369827053144,-21.228385359854144],[-55.534279297844705,-21.228269786335723],[-55.5405400838215,-21.228707774875815],[-55.5422650368223,-21.228950308427024],[-55.54287465276366,-21.228842063396925],[-55.54959296994508,-21.228250230947655],[-55.5500549356076,-21.22815469770751],[-55.555342729409006,-21.228074600168163],[-55.55564762564853,-21.228008362922594],[-55.55629330866946,-21.227856335420896],[-55.55644458015405,-21.227363153930316],[-55.55789063735051,-21.22334130451737],[-55.56331426918206,-21.21376620609431],[-55.565645049211234,-21.21062289554752],[-55.56996884309257,-21.205609940478077],[-55.58190899882152,-21.19706098333314],[-55.58822613749339,-21.193952005061803],[-55.5913099130849,-21.193234271863325],[-55.593938824065106,-21.191612771906232],[-55.6048596222617,-21.187994257148723],[-55.60680737458665,-21.185079239794995],[-55.60788573914721,-21.18423793920134],[-55.60821729795021,-21.18341124280552],[-55.60835755276742,-21.183198753093304],[-55.60840867323918,-21.18294175312675],[-55.618156098951886,-21.168353699634256],[-55.62440328323464,-21.163146606439177],[-55.62596441275673,-21.162068725437745],[-55.62749722627916,-21.160195326989378],[-55.629069624059696,-21.157386433864215],[-55.63083676298987,-21.15177128588674],[-55.63218568129582,-21.1480620686793],[-55.63859732099536,-21.13720350998427],[-55.638834612750486,-21.136906483585403],[-55.6409327821259,-21.130020457962036],[-55.65068020783861,-21.115432404469544],[-55.651778828254294,-21.114698329776598],[-55.65243857736351,-21.113766307148136],[-55.65830939645519,-21.10849630287574],[-55.6711390804233,-21.100414974484682],[-55.67116546699799,-21.100409725868627],[-55.67118777928227,-21.100394836181273],[-55.67733707127451,-21.097856155151135],[-55.67743743630308,-21.097836252437443],[-55.68857140269421,-21.09484548556043],[-55.69164223399298,-21.09443731295308],[-55.697566986083984,-21.094045280118653],[-55.704375559605296,-21.09470639747572],[-55.708466339351965,-21.092700439519604],[-55.70975134218679,-21.09240233755072],[-55.711056072610745,-21.091530544553198],[-55.71833614413788,-21.08921732526401],[-55.721403160739555,-21.088523050361726],[-55.73133087158203,-21.087413428922517],[-55.74279100859434,-21.089539501093636],[-55.749710083007756,-21.088273643155897],[-55.749886621657936,-21.08830875887674],[-55.75005983986864,-21.088275003421757],[-55.75619005837456,-21.088322687137573],[-55.758029000599095,-21.088695916190417],[-55.7707939191111,-21.090880593910974],[-55.775375370527115,-21.092496118202924],[-55.77633844491197,-21.09310287804663],[-55.777629535299354,-21.09335969189208],[-55.78410010707017,-21.096676184030247],[-55.78973822962871,-21.100168539376785],[-55.79299009687088,-21.102744774586586],[-55.794927282940534,-21.10391889450802],[-55.79599459791507,-21.10481256680167],[-55.80313850210598,-21.109464175589157],[-55.80419980130557,-21.10967528112547],[-55.806250102152376,-21.106520241874996],[-55.81181193076561,-21.10066658892103],[-55.81227822447198,-21.100346327468223],[-55.812614106764386,-21.099843644093937],[-55.819574302341096,-21.094154265164683],[-55.8198101228885,-21.09399802344867],[-55.82296338044608,-21.08927884001705],[-55.82803227039307,-21.0849136371996],[-55.82899637020244,-21.084201062439366],[-55.82880652157855,-21.082592502645497],[-55.82849657469819,-21.077322005591707],[-55.83022669280473,-21.064968867250002],[-55.83065775359581,-21.063460154481483],[-55.83068293504073,-21.06338793535381],[-55.83068725303309,-21.063357369289097],[-55.830992428814284,-21.062298790797982],[-55.83265565199894,-21.05754693196276],[-55.84190245023745,-21.043467515475484],[-55.843676284466085,-21.04163646078803],[-55.8439708233916,-21.04143625709236],[-55.84417691194017,-21.041127823782816],[-55.8450071221285,-21.040573095070016],[-55.85119943456533,-21.03122531232216],[-55.85274438695785,-21.029655564397338],[-55.85289412405746,-21.029554648868682],[-55.85299649201835,-21.029401444388565],[-55.85876218237876,-21.025058229082006],[-55.86008597330197,-21.023284320637913],[-55.86169979045718,-21.020767902270563],[-55.863553733328274,-21.01876900090337],[-55.86422491299607,-21.0183020438672],[-55.864726686110146,-21.0175510873332],[-55.87088997834127,-21.01240205801301],[-55.87520058625148,-21.009411335356777],[-55.88247983739234,-21.005438180374],[-55.88304486237967,-21.004592560722234],[-55.88626770449673,-21.001667590361265],[-55.89042572451626,-20.998245806914074],[-55.896737819216696,-20.9944567014725],[-55.89703590099248,-20.994172210751305],[-55.89828853319427,-20.99335619747226],[-55.90530397610849,-20.987930698253315],[-55.908355733920985,-20.986137790538564],[-55.91392548789395,-20.983364803589048],[-55.93004157814472,-20.980159113924483],[-55.930868847799736,-20.976000148517496],[-55.93667004090463,-20.9659232300854],[-55.93911745743151,-20.962717194230045],[-55.94048569960637,-20.95823701070054],[-55.94103469465773,-20.957307775506106],[-55.938418841187456,-20.947435471858256],[-55.93769404870693,-20.94168290838173],[-55.93734133177827,-20.936061858500498],[-55.93763175993911,-20.93095945746959],[-55.937959823904066,-20.928086990428707],[-55.94109223647161,-20.91598160909024],[-55.94115924808728,-20.915881319120057],[-55.94118277521187,-20.915764635336377],[-55.945291722220816,-20.90598963244459],[-55.94719558399641,-20.900169697260477],[-55.94858112482382,-20.889880621885563],[-55.9511215634837,-20.880455328393587],[-55.951336457009795,-20.87932879722023],[-55.95306876091297,-20.87495341404609],[-55.9542115693825,-20.869161969489845],[-55.95361101561616,-20.86285591062632],[-55.95378875078637,-20.85886184929591],[-55.95428847612817,-20.853258059012784],[-55.957533581686334,-20.84004433797401],[-55.95787681655736,-20.83953065068825],[-55.95799680533173,-20.838966037108968],[-55.95852660860072,-20.837775823868242],[-55.95811235867586,-20.83720492481195],[-55.95296357436223,-20.828004519412858],[-55.949723414111986,-20.814845871024144],[-55.94943731181706,-20.811681579642332],[-55.94925463133882,-20.807632445661852],[-55.95267747206731,-20.790424663292608],[-55.954666508612384,-20.78624521492408],[-55.956680668768634,-20.78252016304423],[-55.96257198335973,-20.77461641319168],[-55.96304581923522,-20.77223427938192],[-55.96745694382366,-20.76563256490324],[-55.96879456801458,-20.75904496358635],[-55.96902952679028,-20.75869332292844],[-55.96911185684496,-20.75829809397836],[-55.970290598300096,-20.755591566268464],[-55.97972073518236,-20.74175038238398],[-55.9943087886752,-20.732002956671337],[-56.00156448128542,-20.730038610751393],[-56.00279267539395,-20.729305965704665],[-56.007907548304786,-20.727539737590003],[-56.01143232857822,-20.726555545695486],[-56.02121882062777,-20.7252148901462],[-56.027912456888146,-20.72111962537283],[-56.03287803778801,-20.719395360331035],[-56.04083931098131,-20.717142781595737],[-56.050485979463254,-20.71580432980004],[-56.05215897884119,-20.715453670347816],[-56.059780743977974,-20.715297267759976],[-56.06023024626421,-20.715381895101654],[-56.060703277587834,-20.715287803321303],[-56.06508222424617,-20.716158829967675],[-56.06821885761701,-20.715221653947367],[-56.068223039562554,-20.7152208584214],[-56.07183041535814,-20.710216187438455],[-56.076066916328436,-20.706481284261592],[-56.079748099189715,-20.703625983358286],[-56.08281612377334,-20.701843973663802],[-56.08424555987484,-20.699302200395437],[-56.08686625689632,-20.69572210701173],[-56.08823376112008,-20.69412674892483],[-56.086874385194164,-20.689428893107518],[-56.086428065614086,-20.686838713664226],[-56.085775017081005,-20.679203032823168],[-56.089197857809495,-20.66199525045393],[-56.089857605085506,-20.661007868878674],[-56.090085662460744,-20.65999146915238],[-56.09116903648419,-20.657698836095857],[-56.10002865754569,-20.64511456390485],[-56.108837644147805,-20.63853883137196],[-56.110806782157,-20.629812222242617],[-56.110501884756786,-20.62773513731668],[-56.110697338215914,-20.62354713559466],[-56.110762091996385,-20.62285490360445],[-56.109456657706005,-20.6153869622681],[-56.10968577532241,-20.614235110226392],[-56.10958254271572,-20.613716124865874],[-56.109734662529554,-20.6129513669184],[-56.1095837416691,-20.61200868006444],[-56.10970962667897,-20.610337842662183],[-56.11300538344426,-20.596508342496566],[-56.12275280915697,-20.581920289004024],[-56.125659468119636,-20.579257950010188],[-56.12754774326613,-20.577674850645053],[-56.1275508811579,-20.577672947427462],[-56.1275602518831,-20.577664367487667],[-56.128994578054964,-20.57646273784897],[-56.140663463968224,-20.56938813428778],[-56.155106255458634,-20.566050384490495],[-56.15724248592744,-20.565918777434774],[-56.15771126057758,-20.56599711670566],[-56.157871246337834,-20.56596529355932],[-56.15860854489807,-20.566111951361393],[-56.16000747680664,-20.56583368650365],[-56.16909916226086,-20.567889173960292],[-56.17190551757807,-20.567330955180434],[-56.17680986493348,-20.567599208168843],[-56.17949977238408,-20.56789435079197],[-56.186775524514985,-20.56303284864335],[-56.19096723937481,-20.561535056061416],[-56.19618955993143,-20.55995577139343],[-56.202889922728275,-20.558964802272225],[-56.206663077803455,-20.558102663372082],[-56.21255678507879,-20.55776887736133],[-56.21373376129486,-20.557968566678515],[-56.21509933471675,-20.557696937236344],[-56.22877361569282,-20.55982655513496],[-56.23161175045834,-20.560732545735533],[-56.23514525185203,-20.562025768565313],[-56.249733305344876,-20.57177319427777],[-56.25479138735215,-20.579333926400544],[-56.25565980238957,-20.57552941488484],[-56.255660176983156,-20.575528854265762],[-56.255660308522984,-20.57552819302134],[-56.25625921599374,-20.574082422757698],[-56.26600613557298,-20.55949559112871],[-56.26867442904904,-20.55703450607126],[-56.270814474215,-20.555214895475654],[-56.273418131170786,-20.553623325552934],[-56.276427888502724,-20.549951218570357],[-56.29101594199557,-20.54020379285778],[-56.29465072466087,-20.538892092022305],[-56.30049161618404,-20.53032352887258],[-56.303246005134554,-20.52699882604851],[-56.303937841796994,-20.525890371530846],[-56.31083862915057,-20.518074056833765],[-56.31189574432301,-20.517319192774007],[-56.31275143586589,-20.516038559879743],[-56.313285371662516,-20.515601868311307],[-56.313334783228925,-20.515312834095152],[-56.31408246389299,-20.513189955066885],[-56.31469290827761,-20.51222062950424],[-56.314951641989126,-20.51091988729844],[-56.32469906770194,-20.496331833806064],[-56.32821042011386,-20.493691555342686],[-56.32815706664155,-20.49341773924873],[-56.32878317081986,-20.485940111106512],[-56.32927145206986,-20.483044755882045],[-56.33206818862004,-20.47331460165488],[-56.3393190189575,-20.46143665700644],[-56.3424089237426,-20.457793621117865],[-56.34296161743425,-20.457193660036168],[-56.34260920541504,-20.456080590096235],[-56.34169749276856,-20.452014122811118],[-56.34060823851655,-20.442176818229495],[-56.34074740226344,-20.43864185910478],[-56.340968654704795,-20.435836149265924],[-56.340968934138346,-20.43583498573958],[-56.34096912147311,-20.435830235139232],[-56.34124377967623,-20.432353138581703],[-56.34452698988952,-20.418686229463926],[-56.34629240508525,-20.415186805752057],[-56.344983696280224,-20.40860748229283],[-56.34525652626644,-20.403661598555118],[-56.34554514877732,-20.401053473261484],[-56.34527720728147,-20.39984881338351],[-56.34499873438108,-20.393667096464725],[-56.34516611037185,-20.392714003345464],[-56.34495317870204,-20.391643523553018],[-56.347711448027724,-20.378220026066817],[-56.34837601943059,-20.374435741183778],[-56.34853923943848,-20.37419146517919],[-56.348596494719004,-20.37391282447289],[-56.34867613373376,-20.373727219496356],[-56.34746430678405,-20.371913592300135],[-56.34565042991642,-20.366626753787177],[-56.3448989345551,-20.363893523196477],[-56.343289970694286,-20.351972579340142],[-56.34541680530242,-20.341280259721454],[-56.34382784300868,-20.333292006830842],[-56.344031889521546,-20.33226619573869],[-56.3438698681835,-20.331348388941297],[-56.34403771486319,-20.327468841822316],[-56.34602280896082,-20.318506269823757],[-56.344457175041775,-20.311633050370315],[-56.34417107274686,-20.306458413529583],[-56.34436722971111,-20.305306938384067],[-56.34436126602009,-20.305276956884896],[-56.34108613295592,-20.2993847531905],[-56.33766329222749,-20.282176970821318],[-56.339671919497164,-20.268887663274107],[-56.34027082696787,-20.266951704411966],[-56.34168504042669,-20.26303322958983],[-56.34841552993157,-20.25178013957031],[-56.35040680190423,-20.249344455366266],[-56.35228613710485,-20.24726701195487],[-56.352572186422776,-20.24582894492235],[-56.35502282337336,-20.24216045422793],[-56.35504353837661,-20.23770228958802],[-56.355220857885165,-20.236821543106227],[-56.35737539624307,-20.223617415745654],[-56.35814596509072,-20.221319060643182],[-56.35843636890195,-20.22085009112621],[-56.358465893698174,-20.220703441382945],[-56.358912134116565,-20.220035595401153],[-56.35923646254582,-20.218405086280413],[-56.36543151047789,-20.20781980928963],[-56.367571555643906,-20.205098022790676],[-56.371123933424606,-20.20109524628897],[-56.38571198691733,-20.191347820576517],[-56.39066914973603,-20.18962593824809],[-56.3941786712204,-20.18863220961042],[-56.396686343159104,-20.188284027575147],[-56.40447266806972,-20.18308137160205],[-56.404750895642,-20.183026028697046],[-56.40498045929178,-20.182874655308368],[-56.40818480499496,-20.18159291702709],[-56.41615435677028,-20.180058121590964],[-56.42286938705524,-20.178678644081003],[-56.423065502542386,-20.178547603902036],[-56.43275613114815,-20.176868032995447],[-56.437820294879714,-20.175693625223136],[-56.439940195113195,-20.174095104961683],[-56.44209809935552,-20.172897158121128],[-56.446910524000714,-20.16569485566491],[-56.45018295494259,-20.162729136209464],[-56.4517240926379,-20.16146456406589],[-56.45493711698413,-20.15953892654884],[-56.454860155240226,-20.159443410818174],[-56.45415062154876,-20.158339055959697],[-56.454139491652136,-20.15831777557754],[-56.454127019480154,-20.158302281202502],[-56.45237225873791,-20.155565235914448],[-56.4486834840302,-20.148503939595766],[-56.445395708523506,-20.134778752602045],[-56.44494557424616,-20.128984227455767],[-56.445193229896006,-20.12742569983264],[-56.44481050902431,-20.125501632080187],[-56.44722737643798,-20.110958146712054],[-56.44853581760015,-20.107130098006092],[-56.4492349378105,-20.106008455735054],[-56.449541790914964,-20.104465801005006],[-56.453692282346374,-20.096698974321633],[-56.45477923899438,-20.09507154864263],[-56.45717881744088,-20.089405563787906],[-56.46678891145194,-20.075145386673054],[-56.481376964944786,-20.065397960960475],[-56.48247265159142,-20.06518001533573],[-56.483306252655495,-20.06465034931997],[-56.48589865960452,-20.06371378611595],[-56.48687367336038,-20.063359070290634],[-56.487055931476114,-20.06332694689707],[-56.48799775404972,-20.059797603374225],[-56.49011552575786,-20.05538176196954],[-56.492198350464946,-20.05158423084176],[-56.499828004469464,-20.04141201875398],[-56.511020340046294,-20.033933539213326],[-56.51768841706712,-20.02395405671823],[-56.52180113995553,-20.020315507974097],[-56.52363219464314,-20.01888499649952],[-56.53410752524752,-20.012776119531193],[-56.54511264333098,-20.009783133934768],[-56.548152957051684,-20.009359702538234],[-56.55435562133789,-20.008929847406314],[-56.561111237683114,-20.009690699691646],[-56.561679505934364,-20.00884022615226],[-56.572788133731656,-20.000711260464232],[-56.57783116351675,-19.998098192837414],[-56.58131058921225,-19.996479732812855],[-56.59851837158203,-19.993056892084393],[-56.59857595248588,-19.993068345638356],[-56.59863317827757,-19.993057038645937],[-56.60442303181167,-19.993071821250698],[-56.60811082304583,-19.99255808372251],[-56.61431503295893,-19.992128013300242],[-56.620642933237825,-19.99259155200454],[-56.626508920944154,-19.99132311752835],[-56.62916713793999,-19.99123479406535],[-56.63341172446627,-19.989027721704595],[-56.64216037513319,-19.986407724260406],[-56.646760900035474,-19.98552652919208],[-56.65522003173822,-19.984723685907795],[-56.66088102942359,-19.98548874327643],[-56.661990406499235,-19.985041413810443],[-56.67880630493164,-19.98177873961892],[-56.67993076344522,-19.982002408323876],[-56.680926002038184,-19.981828728549214],[-56.68411890364962,-19.981979409091203],[-56.68844138623075,-19.982945674385444],[-56.688806353458006,-19.982591376283604],[-56.69054123066417,-19.980502050940505],[-56.69333996736009,-19.977431916216524],[-56.69640127935395,-19.975013066685356],[-56.69691201725817,-19.970916842744433],[-56.69767877140856,-19.96788988046424],[-56.69972489638372,-19.961723644026126],[-56.708703123974715,-19.948286776875253],[-56.711123211813344,-19.937301952132206],[-56.71770363501065,-19.926233414215513],[-56.71932488134854,-19.924228790802538],[-56.72249188386405,-19.920709275226756],[-56.737079937356896,-19.910961849514177],[-56.73740865079924,-19.910845176460032],[-56.73624193602626,-19.90497970520588],[-56.73655741063686,-19.8996625816419],[-56.737171576896564,-19.894505110938905],[-56.73771417116842,-19.89242881766966],[-56.737302421866104,-19.889259337774565],[-56.74072526259465,-19.8720515554054],[-56.74343428048485,-19.86659103669624],[-56.74511656197894,-19.863709032912187],[-56.75215496980155,-19.854581498128756],[-56.766743023294396,-19.844834072416305],[-56.773650947467786,-19.84314342439768],[-56.77881638870457,-19.839691986907866],[-56.77969622148197,-19.838583639210068],[-56.78311886750664,-19.834745072348017],[-56.786549978311314,-19.832290940450655],[-56.79119451018511,-19.82607538340424],[-56.790256817239595,-19.8258774437118],[-56.775668763746864,-19.816130017999335],[-56.765921338034104,-19.801541964506868],[-56.76345771008624,-19.793572365448608],[-56.76275580578937,-19.790228783295305],[-56.76179659300868,-19.780990599984406],[-56.76521943373723,-19.76378281761517],[-56.77496685944993,-19.7491947641227],[-56.77861212450739,-19.74592643423526],[-56.780633914058285,-19.744303280548706],[-56.788901363087916,-19.73940822159655],[-56.792738096871744,-19.730937722678455],[-56.801902436842575,-19.717694901452607],[-56.80386493213007,-19.716383604024404],[-56.81236615144211,-19.703660630212738],[-56.82166781645049,-19.696521101251363],[-56.82348361234892,-19.69547205950335],[-56.8287700008334,-19.69286416275214],[-56.83214944070721,-19.692191950366485],[-56.83942445029635,-19.68733094436855],[-56.85663223266596,-19.683908103640082],[-56.8634598973834,-19.684429483524866],[-56.86672527824277,-19.684931116215328],[-56.873920799596476,-19.686942415523887],[-56.87910164882004,-19.686224159588114],[-56.88067282755969,-19.68585780372497],[-56.8850444148959,-19.68329690201025],[-56.890941312536256,-19.681319889654525],[-56.89623992703815,-19.679942783941673],[-56.897084495044965,-19.679834825951104],[-56.897868607898204,-19.67951346822435],[-56.89807373428056,-19.6794730649001],[-56.903167390455735,-19.67184986971543],[-56.911076730079515,-19.666282016975757],[-56.912028307598064,-19.664704596886487],[-56.9142484614066,-19.662030494103362],[-56.91704907380546,-19.658958100306634],[-56.91831603030113,-19.658063599019197],[-56.926520967115955,-19.645784043300136],[-56.938069698319396,-19.63806742781507],[-56.939756756590896,-19.629586013141672],[-56.938944561911,-19.628080050448784],[-56.93645391701216,-19.61998080457084],[-56.93583212135781,-19.616974823125542],[-56.934899925528214,-19.607866286634316],[-56.93832276625676,-19.590658504265104],[-56.94604940625072,-19.5790947703244],[-56.94780322256901,-19.575891211245427],[-56.948689157077524,-19.56880442095046],[-56.949295693942815,-19.566416420462236],[-56.95133469862975,-19.56027825524237],[-56.96028760875146,-19.54650508623058],[-56.965281047472104,-19.54125224809593],[-56.965743033445165,-19.540935029357936],[-56.966075563063214,-19.540437363615276],[-56.980663616556114,-19.530689937902814],[-56.997871398925724,-19.527267097174356],[-57.00412368774413,-19.527267097174356],[-57.009038914757525,-19.52824479661581],[-57.0109025677358,-19.5254694647481],[-57.01390432263298,-19.52182037026801],[-57.015269024801675,-19.51705582787537],[-57.0202045747148,-19.50815181591281],[-57.02195552075966,-19.5056970582225],[-57.02676739655925,-19.500013016692474],[-57.04135545005215,-19.490265590980034],[-57.042874668567606,-19.489963399628557],[-57.04398191873514,-19.48927256630973],[-57.047182234763675,-19.48817550739779],[-57.05366758873549,-19.483291092475508],[-57.05487684776869,-19.482621613105366],[-57.05944855918301,-19.480417949989004],[-57.064907133128486,-19.479332172123012],[-57.06643554323938,-19.4781761174572],[-57.06673016511405,-19.47773518466186],[-57.07769248274121,-19.469682370932244],[-57.08061835554389,-19.468152677328774],[-57.08424409140957,-19.466458065345815],[-57.10145187377924,-19.46303522461746],[-57.10913508505644,-19.464298005980012],[-57.11631774902338,-19.462869285286295],[-57.11871899234553,-19.46304732032339],[-57.12379348469318,-19.454632823497388],[-57.125429989820134,-19.45266062501111],[-57.128238343824876,-19.449578904144992],[-57.142826397317776,-19.439831478432485],[-57.15802981241552,-19.43645333232475],[-57.16239001139007,-19.4362587827642],[-57.16333464754257,-19.436424881769277],[-57.16439437866206,-19.436214088143437],[-57.17176172718672,-19.437906647570035],[-57.181602161031776,-19.43963692887194],[-57.18275207198002,-19.440405274803005],[-57.190297253546646,-19.44190610473066],[-57.19423410383064,-19.441613500993352],[-57.19573402816383,-19.441854412460938],[-57.197566986083935,-19.441489814461775],[-57.19829675267391,-19.441634974061742],[-57.20982360839844,-19.439342139901218],[-57.21608831809476,-19.43982995780151],[-57.22654447294195,-19.437741925238964],[-57.22908124662359,-19.437738110541698],[-57.22911499418399,-19.437744796974798],[-57.22914886474604,-19.437738059701125],[-57.244089909230986,-19.4402928952695],[-57.24667245927992,-19.441202700567334],[-57.24747553598576,-19.441708491773287],[-57.249396943678505,-19.438832901948008],[-57.25215085364755,-19.436299203925138],[-57.25501244593364,-19.433878368518915],[-57.25510667128606,-19.433489162228106],[-57.25736430806552,-19.428820243731238],[-57.25871852559493,-19.42638837422446],[-57.26171188599409,-19.422424104182195],[-57.26372788710637,-19.412288982174935],[-57.273475312819066,-19.39770092868246],[-57.27509831908242,-19.39655467954529],[-57.282729768385416,-19.385133408541183],[-57.297317821878316,-19.375385982828615],[-57.297389172952535,-19.375371790217613],[-57.29744924401177,-19.375331789223658],[-57.3008595833673,-19.373931795327138],[-57.31733476543212,-19.3706817423942],[-57.31824143638033,-19.370075924235053],[-57.33544921875,-19.36665308350665],[-57.35265700111961,-19.370075924235053],[-57.36039741259946,-19.37420878645335],[-57.36210678231788,-19.375348728496977],[-57.36441635639637,-19.375478455954397],[-57.366191659368155,-19.375384639130683],[-57.367296466921346,-19.375574231531736],[-57.36856460571284,-19.37532198304245],[-57.37540423044555,-19.375845201890037],[-57.378291956275575,-19.376289614121422],[-57.388660113912636,-19.37918923600234],[-57.38933813529939,-19.37964227540903],[-57.390066653499105,-19.37980014638077],[-57.39251187444637,-19.380912130633607],[-57.405693388352695,-19.390048645967813],[-57.415440814065505,-19.404636699460283],[-57.41886365479393,-19.421844481829506],[-57.415440814065505,-19.439052264198676],[-57.405693388352695,-19.453640317691143],[-57.39110533485985,-19.463387743403715],[-57.37389755249018,-19.466810584132062],[-57.36731066668717,-19.46538319623371],[-57.366714682184515,-19.465414691349583],[-57.36588917244297,-19.465273028330117],[-57.36461270681025,-19.465175381031628],[-57.3638613543497,-19.46505975017092],[-57.361819990471254,-19.465406580712354],[-57.35242312750439,-19.46487876428418],[-57.3503445061138,-19.46623090351602],[-57.35025243749032,-19.467202010041056],[-57.34984807958016,-19.469315352326177],[-57.347226397561606,-19.47807280252776],[-57.34196081690021,-19.485953300889165],[-57.34162159882976,-19.49277620980603],[-57.33825422959274,-19.507751147253614],[-57.33229611066258,-19.518032416874043],[-57.331182219060956,-19.51947437244036],[-57.327392912278476,-19.523781156312452],[-57.31280485878563,-19.533528582024903],[-57.29559707641596,-19.536951422753372],[-57.29170040402852,-19.53635362968375],[-57.28964585026614,-19.537031216363285],[-57.275562286376946,-19.539293646874345],[-57.26524852334296,-19.537987536711437],[-57.25736972312023,-19.540212124554195],[-57.25554629782732,-19.54050204154637],[-57.24848556518549,-19.541059851708336],[-57.243401035507134,-19.5400484758731],[-57.23948637734037,-19.542123094964136],[-57.224454551027065,-19.545493256456226],[-57.22039952783376,-19.54568971336546],[-57.219379763876766,-19.54551241169407],[-57.21822357177735,-19.545742392601724],[-57.20916723455889,-19.54394097512596],[-57.20818678627586,-19.54448439257156],[-57.19195206824685,-19.547896703533812],[-57.19018967811019,-19.547934850506422],[-57.18971625596112,-19.54784599526148],[-57.18921661376953,-19.54794538027262],[-57.17493814923472,-19.54510521708957],[-57.163058917623516,-19.55304266588672],[-57.14827251811061,-19.556400264675588],[-57.14662448779831,-19.55648913852606],[-57.14628932440821,-19.556707128260896],[-57.13898054848295,-19.560555712151114],[-57.12882750766471,-19.562575277536308],[-57.124816577535626,-19.56517912523705],[-57.12120200501238,-19.566498143144536],[-57.11755133972923,-19.56765590376468],[-57.10395812988281,-19.569759726585477],[-57.098855536175165,-19.56874475759144],[-57.09568633526419,-19.569762874336075],[-57.09561927069342,-19.569778504923203],[-57.09358622328654,-19.571286855235805],[-57.093479219089836,-19.572660978749703],[-57.09188334357134,-19.579320390432596],[-57.09107172402411,-19.584078008096306],[-57.08905756386787,-19.58980959073775],[-57.0884402597008,-19.59079057051059],[-57.08817793564748,-19.592109362583432],[-57.078430509934776,-19.606697416075956],[-57.070644004838584,-19.61292134339697],[-57.06822167207497,-19.614451037000457],[-57.061420123678204,-19.61797453539195],[-57.04676013467327,-19.620965279417156],[-57.04160661772744,-19.623803986117938],[-57.03938032822567,-19.63266722391053],[-57.03571696847473,-19.638325696520877],[-57.039960162210036,-19.645809489981463],[-57.04338300293847,-19.66301727235068],[-57.0430844456298,-19.66451822129925],[-57.043297270694154,-19.665792653356238],[-57.04299590961017,-19.670665929112946],[-57.04169612866656,-19.676287250790526],[-57.040697936978574,-19.682336647431658],[-57.03807342525976,-19.690072853486093],[-57.03735318794725,-19.691231325306774],[-57.0370342894073,-19.69283453653112],[-57.03073810249282,-19.703547966245328],[-57.02649997383065,-19.7088980791603],[-57.02304873503243,-19.712772702938437],[-57.008460681539525,-19.722520128651006],[-56.99846967964617,-19.725360067004747],[-56.99612364082782,-19.7257415367313],[-56.988906860351506,-19.726324439105905],[-56.983989346284716,-19.725714164952322],[-56.979851008430614,-19.72800419922887],[-56.975891447434776,-19.73343882537449],[-56.97023169260257,-19.737271021216564],[-56.96564517057925,-19.744135236507038],[-56.956791885073585,-19.75101225597621],[-56.95123921752201,-19.75430635861799],[-56.94997025446986,-19.755351748315153],[-56.93858687172507,-19.762189165515228],[-56.92854139381029,-19.764573615883094],[-56.92810789833646,-19.764863268298367],[-56.92173765724101,-19.76627234762079],[-56.91339842568016,-19.77115751878648],[-56.90194515449138,-19.77382810803641],[-56.90178331159701,-19.774009384821845],[-56.90080979348511,-19.774700482987246],[-56.900036192307766,-19.77585825896711],[-56.886456409526204,-19.784976922490106],[-56.8918178914642,-19.802645509871073],[-56.892464696744526,-19.807004535823705],[-56.89353820226802,-19.811288992075234],[-56.893839563351946,-19.814344564584914],[-56.89405667847558,-19.818758010261707],[-56.89202027147064,-19.832136785166206],[-56.890978859117126,-19.83547845997079],[-56.88959242539363,-19.839307467435603],[-56.88844005972646,-19.84103210453366],[-56.888309858965734,-19.842463048816693],[-56.885694787338025,-19.853070148457533],[-56.885338526844684,-19.854938146690454],[-56.88411079830183,-19.858039776693335],[-56.882665626045934,-19.86169644280913],[-56.88246474863371,-19.862002454742967],[-56.88239027695607,-19.86237684914882],[-56.87264285124338,-19.876964902641358],[-56.86625389973801,-19.882269478955013],[-56.85711202798013,-19.88852996138455],[-56.851562834153526,-19.895954465629103],[-56.85016400421284,-19.896954990931874],[-56.84647538233753,-19.90247540368646],[-56.84957730835845,-19.918069838872523],[-56.8461544676299,-19.935277621241763],[-56.84117402239975,-19.944244460498613],[-56.83897294207753,-19.947319106494636],[-56.83420596159493,-19.952940320730193],[-56.82620037218442,-19.959301719176963],[-56.8258093165436,-19.959545534281528],[-56.82082493182645,-19.966464675816265],[-56.81613574064761,-19.97197756743381],[-56.80828582142551,-19.978241466628727],[-56.80816492637489,-19.978317529764677],[-56.806057310471886,-19.981197690724656],[-56.79852368848527,-19.987260741985484],[-56.79470517652237,-19.989707870281322],[-56.78946896599115,-19.992442627899703],[-56.78780152144083,-19.995510171377656],[-56.785246764552994,-19.9989296959714],[-56.78263975815725,-20.00955168435018],[-56.78252115769584,-20.009729182484246],[-56.782479533950834,-20.009933517511275],[-56.78156019190993,-20.012096450860835],[-56.780722342302,-20.01333796811964],[-56.77939597386347,-20.015495284272856],[-56.778417256618695,-20.017532018591595],[-56.775754597927225,-20.022369054724347],[-56.7734305689828,-20.025462593327514],[-56.771465160116236,-20.028787239391054],[-56.7683027760831,-20.032737358409555],[-56.76499590910465,-20.036430692432194],[-56.754571348884326,-20.04419770446785],[-56.75415247205609,-20.044423975644715],[-56.75365481413394,-20.04496989226108],[-56.75336694853644,-20.045162237904055],[-56.753179729338164,-20.045437982213794],[-56.75127858126507,-20.04728355382458],[-56.746357298264854,-20.053413724658324],[-56.73332993613144,-20.06247978731088],[-56.731539152890264,-20.063302320512662],[-56.723136584859844,-20.06797529831994],[-56.72263879276795,-20.06807431532343],[-56.722236831507416,-20.06833667307495],[-56.71846791060892,-20.069803424173553],[-56.71828332580344,-20.069838075822716],[-56.71577633984401,-20.070753687458797],[-56.71411634841462,-20.071281123159316],[-56.70961729775041,-20.073470369730927],[-56.6924095153808,-20.07689321045939],[-56.690696716308544,-20.07689321045939],[-56.68426374959978,-20.075613613822135],[-56.66967298740213,-20.07865045589633],[-56.665904066503685,-20.078717213098415],[-56.665514627228156,-20.078643327669248],[-56.66510772705078,-20.07872426514684],[-56.663109980200375,-20.07832688859142],[-56.65843168984038,-20.08099867478451],[-56.6412239074707,-20.08442151551285],[-56.639861934203736,-20.084150602186067],[-56.63924789428711,-20.084272742319566],[-56.63873341505348,-20.08415283078329],[-56.63784798345131,-20.084294609158732],[-56.635871970267665,-20.084145835965437],[-56.62838960584759,-20.082362895346048],[-56.62327575683588,-20.08338010315936],[-56.619005092046734,-20.083067263459746],[-56.61176265701039,-20.088276610768215],[-56.61088595427065,-20.089321470018806],[-56.60138185517741,-20.09657725164126],[-56.59866197602696,-20.09812983342827],[-56.59357802162748,-20.10062147751828],[-56.59330988776054,-20.10067481266063],[-56.59308843374828,-20.10082090787077],[-56.59082631826976,-20.101726898471338],[-56.590274096200176,-20.101833371592654],[-56.58209203589098,-20.10423584497408],[-56.57737707007056,-20.105086522464298],[-56.572498041440554,-20.105523136701066],[-56.57260520767579,-20.10679573574372],[-56.57276380127831,-20.110568999634282],[-56.56980492385577,-20.126610926393887],[-56.56920983108233,-20.128169230226856],[-56.56887502696571,-20.128685758743263],[-56.56874586777644,-20.129335085836484],[-56.56543732432095,-20.133989371688127],[-56.55899844206369,-20.14392313932895],[-56.55781252055362,-20.144715546748174],[-56.55710665447027,-20.14570852222793],[-56.55473772746836,-20.1478180498157],[-56.554274316225815,-20.14810866283407],[-56.5541577129282,-20.14826486000842],[-56.5542949764436,-20.14923203890078],[-56.555097782162925,-20.152697918674082],[-56.55567380145005,-20.161897061129903],[-56.555459087918734,-20.16318587185344],[-56.55576169556548,-20.16470718322656],[-56.555457595979476,-20.1699278986598],[-56.55357695022752,-20.186016384377165],[-56.55250295640291,-20.190144343472248],[-56.551968395961296,-20.19377068080578],[-56.55058366085393,-20.19836548366217],[-56.54907347397756,-20.202598254169597],[-56.54847332779201,-20.203496436409413],[-56.54826533506979,-20.204432534126777],[-56.545202332921406,-20.210984963485483],[-56.54525220459868,-20.21123313842571],[-56.54523896528178,-20.21129969696651],[-56.5452520089608,-20.211365781218245],[-56.54524437956627,-20.213952145964214],[-56.541821734475604,-20.23102728554091],[-56.541525558154206,-20.23147054473042],[-56.54142190438159,-20.23196250188542],[-56.540346159752744,-20.234402000786734],[-56.53542781060622,-20.24158560421502],[-56.53531004624325,-20.24217764564804],[-56.525562620530366,-20.256765699140587],[-56.510974567037636,-20.266513124852985],[-56.49376678466791,-20.269935965581503],[-56.4765590022983,-20.266513124852978],[-56.47294852807596,-20.264100683105056],[-56.47147337685204,-20.26498724594677],[-56.454265594482365,-20.268410086675296],[-56.45419903594154,-20.268396847358385],[-56.45413295168987,-20.26840989103741],[-56.45154658694378,-20.26840226164288],[-56.44368193397577,-20.266825822648016],[-56.44278483383903,-20.26757911261495],[-56.44116713242488,-20.27379957863066],[-56.43928522328133,-20.27777970506955],[-56.43821329334969,-20.279786235831207],[-56.43563718111875,-20.283260541731806],[-56.43624341553618,-20.28630828795995],[-56.43589610764059,-20.291886239371323],[-56.43584269415948,-20.29231350109535],[-56.43955351548153,-20.297867137670075],[-56.442901515976416,-20.312481669927607],[-56.44304265977518,-20.314924983526172],[-56.442840038798124,-20.31612334193583],[-56.44311750000884,-20.317518233637827],[-56.44051857594951,-20.32985313717896],[-56.43969465928029,-20.334726016007107],[-56.43939848295889,-20.33516927519652],[-56.43929482918628,-20.335661232351516],[-56.43821908455743,-20.33810073125284],[-56.43717408987476,-20.339627021306978],[-56.43738019532134,-20.34164047179646],[-56.43726695227326,-20.343036196677506],[-56.4382908506866,-20.34456856894326],[-56.43942730753474,-20.350281923337235],[-56.44600035386032,-20.36011918234625],[-56.44937408189452,-20.37522591716103],[-56.44951522569335,-20.37824334269813],[-56.449342757554575,-20.379230428179014],[-56.449564338387745,-20.380344390252525],[-56.448169386575785,-20.391457679648877],[-56.447448408792525,-20.394284370322683],[-56.445420519875995,-20.4003788632954],[-56.44110396002395,-20.40683905164494],[-56.44398143185225,-20.42072054823589],[-56.44415690792652,-20.43162676771816],[-56.44408935177233,-20.431981275594264],[-56.44416272705963,-20.43235015807349],[-56.441853260549756,-20.446575550128912],[-56.440464710745054,-20.450739292194235],[-56.43969777178132,-20.451980034869838],[-56.43935133652644,-20.453721682507997],[-56.43872015822046,-20.454666307598053],[-56.438583172849576,-20.458003897614056],[-56.4376755042357,-20.469042749726356],[-56.43744303668955,-20.471874280657243],[-56.437076048600716,-20.473391607995634],[-56.43670981870167,-20.47706731030621],[-56.43537848935591,-20.48368199536463],[-56.4328396482939,-20.492017428356707],[-56.43221632208929,-20.492950301946795],[-56.43200050792552,-20.493917886962528],[-56.4283231397614,-20.50175136779735],[-56.41941485441714,-20.514438962683897],[-56.41727966583107,-20.51634419810254],[-56.41634489731746,-20.520320574718248],[-56.41391661873531,-20.525293154424773],[-56.41146100008485,-20.529623628445844],[-56.41008048521212,-20.533572249988207],[-56.4094476253174,-20.53457973532192],[-56.40917708115529,-20.535939852671966],[-56.404988263082544,-20.543763968093042],[-56.401532147359944,-20.548921438796043],[-56.40023894968692,-20.550495053906328],[-56.39941145615535,-20.554603259043635],[-56.39607733477851,-20.56110226814145],[-56.39438742388984,-20.563825961988982],[-56.38797411955392,-20.571915006383637],[-56.381034421454274,-20.57759079674555],[-56.3743373386265,-20.582033187699555],[-56.37321690692255,-20.58330226705901],[-56.361278250759305,-20.60081622513394],[-56.35591921843087,-20.607284879429702],[-56.352575478189635,-20.61030898916082],[-56.347673592203364,-20.614314421289635],[-56.33777598215937,-20.62023250257184],[-56.335973180776875,-20.623963172790635],[-56.33308545494668,-20.629154975769133],[-56.32781485731795,-20.63613874048642],[-56.327346455933935,-20.63835466064493],[-56.32634093003231,-20.644126574471052],[-56.32602711075987,-20.644596238202716],[-56.32591732650775,-20.645115607157464],[-56.32483776718158,-20.647555106058768],[-56.31961153387323,-20.65517769409872],[-56.31910063462215,-20.65702978797171],[-56.311241202397014,-20.669610426115526],[-56.309505515141154,-20.671573087858636],[-56.30846080990824,-20.672318433145897],[-56.30761752165347,-20.6735805032073],[-56.293029468160626,-20.683327928919876],[-56.275821685791016,-20.686750769648224],[-56.2711114649797,-20.68650339022773],[-56.26960847425704,-20.686345080291215],[-56.26959952549595,-20.68634280653206],[-56.26957438534288,-20.686341476569428],[-56.267167456693414,-20.686086099524335],[-56.26620660092015,-20.686798921483636],[-56.26030296038948,-20.689956549746853],[-56.254403133781636,-20.693114176584388],[-56.25039259682273,-20.69501234664415],[-56.233184814453125,-20.698435187372613],[-56.233087818610045,-20.69841589369988],[-56.232991828666854,-20.698434773241917],[-56.23121417974119,-20.698427143847383],[-56.21419938315768,-20.69500471724967],[-56.20321622121327,-20.688493170092705],[-56.20247291834556,-20.687895014675462],[-56.20108275841346,-20.68759516106179],[-56.19746432341128,-20.69292864773813],[-56.188814739463005,-20.699684094327758],[-56.184479315872295,-20.702287089616142],[-56.18263663458089,-20.70937806387966],[-56.18402707642479,-20.718486785263607],[-56.18378705229918,-20.723126643795894],[-56.18362302031676,-20.72470783581246],[-56.18044020371394,-20.737275759649464],[-56.17069277800113,-20.751863813141824],[-56.169272716653616,-20.752812667798864],[-56.16844766753189,-20.75396052786398],[-56.16599100249283,-20.756102480378576],[-56.156447348919016,-20.76201806591984],[-56.155932002327575,-20.76276411174287],[-56.15073046721016,-20.76900324795592],[-56.136142413717266,-20.778750673668494],[-56.13460948725259,-20.77910502606115],[-56.13287428267705,-20.78151235162985],[-56.1301744917792,-20.785782012956894],[-56.12432274617374,-20.792255554216506],[-56.12344480399963,-20.792874737229592],[-56.12276110685861,-20.793897962310776],[-56.10817305336576,-20.803645388023355],[-56.090965270996094,-20.8070682287517],[-56.087022656550744,-20.806454654735862],[-56.0869175602017,-20.806504503623806],[-56.06970977783203,-20.809927344352275],[-56.06540908689744,-20.80943963076897],[-56.0624243879069,-20.81167980705261],[-56.06187653073937,-20.81198074979176],[-56.060197898110914,-20.81334946537928],[-56.06184995240142,-20.8247318261546],[-56.061476308596475,-20.83051654753274],[-56.06099184204374,-20.834251136155697],[-56.057942645120136,-20.845674197146728],[-56.04819521940744,-20.86026225063922],[-56.045887928098075,-20.86234146223344],[-56.04527785019832,-20.863996188113095],[-56.04493461532735,-20.86450987539885],[-56.04481462655298,-20.865074488978],[-56.04449307680448,-20.865796856676806],[-56.04487073487212,-20.86976242002544],[-56.04455803620738,-20.87133446237183],[-56.044702888192376,-20.872062682476678],[-56.0446433543284,-20.872364384014645],[-56.0447515020216,-20.873034828410066],[-56.044583655341974,-20.875335090861185],[-56.04255188866125,-20.883905547643565],[-56.04256665772368,-20.883979796734202],[-56.040170227406634,-20.898463352351754],[-56.03860238683046,-20.903071506648576],[-56.03807402419716,-20.903920522901576],[-56.03784124684756,-20.90514080601325],[-56.03697572754629,-20.90732689967767],[-56.03577480168974,-20.916245017724357],[-56.03441798137817,-20.92127896318214],[-56.03394842440218,-20.92422460147347],[-56.03064909738555,-20.93431034910124],[-56.031686083840896,-20.936149913533175],[-56.03338959755661,-20.941042389031757],[-56.035029917380825,-20.946802581902716],[-56.036749244393604,-20.959117888773243],[-56.036719349207544,-20.95926818202267],[-56.03674825575348,-20.95941606591966],[-56.03672918226716,-20.962292347657822],[-56.033307330178786,-20.979201952880818],[-56.029957280112114,-20.985726615624174],[-56.026398167563286,-20.991454383568435],[-56.02442141855772,-20.99394592080595],[-56.02333958246368,-20.995777048738024],[-56.02214552597957,-20.99968687719672],[-56.01854914071043,-21.005933950919495],[-56.01867139405176,-21.008907317483082],[-56.016282149783706,-21.023369734853514],[-56.014512130252456,-21.02858061131819],[-56.0137954095444,-21.02973293433303],[-56.01347853379201,-21.03132597631698],[-56.00373110807931,-21.045914029809474],[-55.99623683665072,-21.050921541884744],[-55.99312243498355,-21.055406903954747],[-55.984285118022854,-21.062274445676458],[-55.98212981406783,-21.06355427660905],[-55.976379077535675,-21.066434160599915],[-55.96850273663699,-21.0687496092431],[-55.965154592359,-21.070554533174494],[-55.96102492104155,-21.072516695389805],[-55.945369201875685,-21.075630811552024],[-55.943657255540245,-21.077507352562673],[-55.931703643337414,-21.086062929520597],[-55.92939575149177,-21.087197801957156],[-55.92809084726009,-21.087501282450962],[-55.92676131020169,-21.088389650711573],[-55.922934928742166,-21.08903967521387],[-55.92218584597612,-21.08979549130819],[-55.920411358078525,-21.0924512001214],[-55.92060697144438,-21.095777510962407],[-55.920162400788634,-21.102084933265477],[-55.91967411953863,-21.105531512244838],[-55.91778984658282,-21.112427882681278],[-55.917405414025666,-21.114607491385737],[-55.915832836967915,-21.118926810831493],[-55.915692295747874,-21.119875132602],[-55.912755267190505,-21.130490939083185],[-55.90300784147774,-21.145078992575673],[-55.89516713175186,-21.151337095906854],[-55.89177968058004,-21.153469511678228],[-55.885382202122116,-21.156777904660412],[-55.88468966520816,-21.15781435939665],[-55.87772946963156,-21.163503738325787],[-55.875628142007486,-21.164895962360852],[-55.87169377275648,-21.171564006689458],[-55.870007676565024,-21.173677348974614],[-55.86665377653629,-21.177429532735957],[-55.86610906352382,-21.177793498334694],[-55.86576343665695,-21.178295611612583],[-55.86076236854177,-21.18302774357047],[-55.84706465492827,-21.191909090406426],[-55.84693878427811,-21.19193412763544],[-55.84683337322309,-21.192004137893584],[-55.844063903008255,-21.193133288284177],[-55.84372623691485,-21.193199478776876],[-55.834234116005575,-21.19588951537457],[-55.82950233599206,-21.19665124597916],[-55.826559359643795,-21.198193541712037],[-55.82289473305326,-21.199908510572246],[-55.81120648943039,-21.202991306949723],[-55.80758964121606,-21.203438653965787],[-55.805674147706895,-21.20367619036327],[-55.80014038085932,-21.204017996808446],[-55.78293259848971,-21.20059515608005],[-55.777460838401225,-21.196939042877286],[-55.76711304892917,-21.19488073957622],[-55.75252499543631,-21.185133313863755],[-55.750046818832224,-21.1821047725666],[-55.74677991628312,-21.180124717359465],[-55.74264144897455,-21.180881857893006],[-55.74248033174058,-21.18084980968253],[-55.74232198206562,-21.1808807230337],[-55.740174307505015,-21.180865464244693],[-55.73677256402044,-21.18017624419347],[-55.73500674173437,-21.179848650760942],[-55.734210204837495,-21.18023924121664],[-55.73292520200266,-21.18053734318553],[-55.731620471578594,-21.181409136183],[-55.71990536432429,-21.18449524695903],[-55.715325456398034,-21.18505891041579],[-55.71490685991273,-21.18576783273813],[-55.71410081397636,-21.18677678866093],[-55.71346255341632,-21.18880488471596],[-55.71211363511036,-21.192514101923408],[-55.70980703583063,-21.197270715477618],[-55.70403921356501,-21.207574212791815],[-55.70146208080121,-21.210979335355567],[-55.69960409415632,-21.214084419043793],[-55.691543638834105,-21.22393587473208],[-55.68937818358785,-21.22632865049222],[-55.68909956650691,-21.227399508416756],[-55.681707284476204,-21.239443408947768],[-55.679384133841445,-21.24215565870361],[-55.67811256340076,-21.243078129707598],[-55.677028990159386,-21.244699811664987],[-55.67526188589175,-21.24607844179038],[-55.67505026808397,-21.246490534660783],[-55.67380667677537,-21.24849134337662],[-55.66741213835269,-21.256550168720416],[-55.66085418059805,-21.261969919175936],[-55.65792067840085,-21.263959283799963],[-55.64989058266258,-21.26828695905692],[-55.64373120851145,-21.27033134518399],[-55.63761190744941,-21.271882439122415],[-55.63533214926105,-21.272637817850242],[-55.633292495785604,-21.27638861024539],[-55.628466903744595,-21.28339048707627],[-55.62323794401681,-21.289669370379713],[-55.62240745289205,-21.290224286808247],[-55.62189509612392,-21.290957758553894],[-55.61880137664156,-21.293805430062665],[-55.618021983960034,-21.29430318843269],[-55.61424912967141,-21.297478545049135],[-55.60430421389992,-21.304486143925864],[-55.59678928064557,-21.308623502685954],[-55.59620021343767,-21.309023191720176],[-55.58984492779308,-21.31176214435683],[-55.58904325835459,-21.31192753992942],[-55.58902403233736,-21.31194038634341],[-55.58212181302786,-21.31416635741393],[-55.57587971605255,-21.31563607301352],[-55.57554538848825,-21.315674901218852],[-55.57512015588571,-21.315807984926757],[-55.57021653798222,-21.316873272396165],[-55.56264884406647,-21.31768581839843],[-55.56169677571643,-21.31788651790719],[-55.557396543673065,-21.31798468569069],[-55.55723194775362,-21.317953893921285],[-55.557051354756766,-21.31799124006089],[-55.55503483499575,-21.318021785554315],[-55.55488397860739,-21.318048572016423],[-55.55024910870378,-21.318456868667653],[-55.549222933968,-21.318687230803693],[-55.54709186932325,-21.31879163353014],[-55.543328593373474,-21.319016701915835],[-55.54209198921172,-21.318808906424884],[-55.54064412454897,-21.31909690461266],[-55.53438333857224,-21.318658916072508],[-55.532887775857205,-21.318448635481523],[-55.53227497511159,-21.318545626799587],[-55.52961501145472,-21.31906068377482],[-55.527422571326106,-21.31927099504931],[-55.52620831209583,-21.319585765462598],[-55.5217552196732,-21.320098295913205],[-55.51907941415419,-21.32025177575297],[-55.51865160534874,-21.320347000635184],[-55.51613012956421,-21.3204613898316],[-55.514949348259904,-21.32025422195139],[-55.51365332155621,-21.320505447506644],[-55.509502846305516,-21.32046492734729],[-55.50939002362543,-21.320441912456584],[-55.50585010846203,-21.320280519577967],[-55.50426557625872,-21.320135733678388],[-55.50382405349989,-21.320131404786522],[-55.5022164785903,-21.32017586495043],[-55.50050273033702,-21.320319476595596],[-55.49894817457772,-21.32038449832156],[-55.49628106659629,-21.321413385103273],[-55.494392233086785,-21.323666303156546],[-55.49173007048148,-21.32657275172915],[-55.48859180525336,-21.329427947622197],[-55.483949318681034,-21.333267440419956],[-55.472499530416314,-21.34015967023943],[-55.47144768403609,-21.34036889549311],[-55.47064390119442,-21.34088059859039],[-55.46756162580374,-21.342000212237878],[-55.45220947265608,-21.344702124615278],[-55.45141925745105,-21.344544941038198],[-55.45069379593605,-21.34467657282524],[-55.44486875321144,-21.344480115915953],[-55.43914262994673,-21.343240429180465],[-55.435896855066005,-21.343780716084318],[-55.43196520842088,-21.348858213154447],[-55.427161933803,-21.353025580623054],[-55.42375922384201,-21.355579520442273],[-55.41528594403468,-21.36041165772881],[-55.41452592653803,-21.360926835150305],[-55.408975542016606,-21.363312928289957],[-55.40868193697224,-21.363373364239433],[-55.40842406044561,-21.363545671825772],[-55.39770644856356,-21.366497668912928],[-55.3921751375284,-21.36730447738447],[-55.38568496704079,-21.367775321025892],[-55.384382355589366,-21.36751621549828],[-55.38325181896363,-21.367709443073718],[-55.37315749464631,-21.36716243053307],[-55.363354177098074,-21.367848662761414],[-55.361931009765335,-21.367616938443206],[-55.36021423339821,-21.36795842649465],[-55.347586535115454,-21.366148918037887],[-55.342997454304914,-21.364806144600426],[-55.33841737021793,-21.36319281232877],[-55.33759085147989,-21.36274410249675],[-55.33171648509676,-21.37149285113975],[-55.3292820616241,-21.383731524404187],[-55.326675484480006,-21.38901562861369],[-55.325107643903834,-21.39172978571812],[-55.32232855828636,-21.39535070995265],[-55.32039763169246,-21.401101748402727],[-55.31892429803452,-21.40330674804548],[-55.31646849350876,-21.4156529111221],[-55.306721067796104,-21.430240964614597],[-55.29213301430326,-21.439988390327166],[-55.28659722121865,-21.441869949102855],[-55.28197762283003,-21.443111633062838],[-55.28173231611942,-21.44314402572504],[-55.27563063393217,-21.446280733466626],[-55.27122332378724,-21.44715740196129],[-55.25754896889305,-21.456294313788632],[-55.25604960953132,-21.456592554908912],[-55.2549546155401,-21.457276315866498],[-55.25430425789193,-21.457499805493825],[-55.24937411143384,-21.468357337887642],[-55.24618006509246,-21.47296826369688],[-55.24175915889827,-21.47995225518093],[-55.23802075557802,-21.48407975762217],[-55.23715823464112,-21.484687432053644],[-55.23648867643868,-21.485689496717754],[-55.22568564425001,-21.4936586272238],[-55.22274832735553,-21.49520930166224],[-55.2189633060513,-21.496987596868664],[-55.213913351376114,-21.49799209530836],[-55.2076495651105,-21.507366513929195],[-55.20466208982554,-21.510096446953426],[-55.20109153318498,-21.513075725517794],[-55.18949095497709,-21.520093218206114],[-55.189319665990695,-21.520127289703897],[-55.18917685249829,-21.520221936858995],[-55.183309848103825,-21.52260040060399],[-55.182895793340094,-21.52268113771673],[-55.18241218669255,-21.52282024805542],[-55.18178016418989,-21.523766136574988],[-55.18251645630766,-21.527467727016404],[-55.17909361557918,-21.54467550938565],[-55.17048882932835,-21.55807830034728],[-55.16612481565653,-21.562774192681086],[-55.16547011439263,-21.56322920409301],[-55.16498217619454,-21.563959455212014],[-55.1503941227017,-21.573706880924483],[-55.14091311716539,-21.57646087971773],[-55.13988145679025,-21.57664083236994],[-55.13923248446281,-21.57855087592452],[-55.13851650890342,-21.579701896850377],[-55.13820006089162,-21.5812927884375],[-55.1291121669297,-21.59520733678801],[-55.12693016009371,-21.597482803706956],[-55.126544559818626,-21.597746341423935],[-55.12627062834298,-21.598156308848896],[-55.111682574850136,-21.607903734561308],[-55.094474792480476,-21.61132657528982],[-55.09352243885115,-21.611211224377733],[-55.09161791838193,-21.61388812037194],[-55.0770298648892,-21.62363554608437],[-55.065289219477215,-21.62606550407413],[-55.05701479948556,-21.638449048716083],[-55.054095312988636,-21.641122138042807],[-55.04331350953885,-21.650154596162448],[-55.0412429467857,-21.652542735057917],[-55.04188930784982,-21.655394877815894],[-55.04213344847477,-21.659995402718085],[-55.04194325066999,-21.661104476095556],[-55.04219663208886,-21.662378310509204],[-55.038773791360434,-21.679586092878452],[-55.02902636564761,-21.694174146370948],[-55.02620393132179,-21.69676569714638],[-55.02200013493507,-21.700307643557476],[-55.01023451576805,-21.70746351849446],[-54.99768834887146,-21.71064407269537],[-54.99399190722107,-21.711029357119184],[-54.99006782293532,-21.711233310611483],[-54.9894669407904,-21.71216716317859],[-54.98344836271792,-21.71963152857253],[-54.98316410238835,-21.71982146525236],[-54.98337400025292,-21.720876693076217],[-54.97995115952449,-21.73808447544547],[-54.976740735080966,-21.744382946580366],[-54.975165265110206,-21.746952145188637],[-54.968628263841026,-21.755241727546252],[-54.968299531977436,-21.75546137915504],[-54.968086564912994,-21.75577435098618],[-54.96309312619235,-21.760601850375814],[-54.962340551046225,-21.761095560764094],[-54.95652806053397,-21.765704751165416],[-54.952228880296104,-21.77213892908398],[-54.94555549321058,-21.776698948321542],[-54.943664884934776,-21.778934812262527],[-54.92918702480165,-21.788636422984254],[-54.92767141046619,-21.78926892870296],[-54.92562136686837,-21.791929578497523],[-54.91691095318993,-21.79774969084473],[-54.914886808762844,-21.79998621912239],[-54.90029875527,-21.80973364483484],[-54.90009877859842,-21.80977342266798],[-54.899932512508485,-21.809883463021357],[-54.89683497832892,-21.811134683724468],[-54.88918950494548,-21.812620522151892],[-54.8889791595521,-21.81281145302566],[-54.877873000022646,-21.819850133972157],[-54.87786140204946,-21.820578390038254],[-54.87444426255184,-21.837070147440123],[-54.86959332223188,-21.84496830310332],[-54.86835982041316,-21.84862677280611],[-54.85861239470035,-21.86321482629862],[-54.8440243412075,-21.87296225201108],[-54.8359997091498,-21.875437396889613],[-54.83046839811465,-21.87659134281255],[-54.82890992143666,-21.87675217671266],[-54.82774488197168,-21.877072638411487],[-54.82646099751548,-21.877259008735827],[-54.826062457131854,-21.879262606545563],[-54.81631503141915,-21.893850660038048],[-54.81298156814637,-21.89685620184629],[-54.81163017665767,-21.9031261512087],[-54.809216754006904,-21.910859743995925],[-54.80893653309897,-21.911279124221725],[-54.808838429500156,-21.911746112961396],[-54.806515278865334,-21.917031376022795],[-54.797146177659386,-21.93073306054988],[-54.795556818725565,-21.931795036237514],[-54.794649644020694,-21.933047358747345],[-54.79075483811255,-21.936392848249156],[-54.77866331825834,-21.94382597576434],[-54.76145553588868,-21.947248816492625],[-54.755195023429906,-21.94600352313864],[-54.7550193140308,-21.945995500146914],[-54.750704891423425,-21.945600678979865],[-54.737594921487755,-21.94236494671163],[-54.735329895184975,-21.94130117897083],[-54.73120010446002,-21.947629268711587],[-54.72949339585262,-21.95441977207112],[-54.725494107144755,-21.961958715903286],[-54.72315569772105,-21.96550638436023],[-54.71740756071602,-21.972555494020565],[-54.702819507223175,-21.98230291973315],[-54.68562857239908,-21.985725757305392],[-54.675508311832345,-21.985729549085324],[-54.667558613719905,-21.98575415529377],[-54.66748928480672,-21.985740476420922],[-54.66741943359375,-21.985754370690994],[-54.6576793519929,-21.98468680101426],[-54.65215185565496,-21.983460375843435],[-54.64468415488608,-21.981105104791713],[-54.639065610277044,-21.978303412016164],[-54.63532339225952,-21.976098516996682],[-54.626353883375714,-21.969152784059766],[-54.625713852495885,-21.96827674882759],[-54.62011718750001,-21.969309210779322],[-54.6132688857628,-21.96878465570014],[-54.606112145692464,-21.96768182471167],[-54.60284743416463,-21.968981844571484],[-54.58621215820307,-21.972172141077056],[-54.58459626761169,-21.97185072045414],[-54.583241620540385,-21.972073914390364],[-54.57854572820644,-21.971763016563276],[-54.564308483499474,-21.96843840252157],[-54.55912344519834,-21.964973870692056],[-54.558434586244005,-21.964900533676303],[-54.55413923712291,-21.963975469589414],[-54.552005560432455,-21.963309803818024],[-54.55080447233711,-21.964800214479794],[-54.54297992788889,-21.971048136900517],[-54.53830310904124,-21.973994990538074],[-54.53153959999662,-21.97749449382994],[-54.52073977799893,-21.980458404713275],[-54.514407380538046,-21.981370117359695],[-54.507999420166016,-21.981829047204812],[-54.49079163779635,-21.97840620647629],[-54.48974055658051,-21.97770389646135],[-54.48866812148327,-21.977461605564198],[-54.47810903945203,-21.97243383456821],[-54.4656445022722,-21.963631009767848],[-54.45998697963756,-21.955163928790736],[-54.449191730123516,-21.962447420466052],[-54.44816842985284,-21.962650967545454],[-54.4473842158871,-21.963150840391428],[-54.44273791461751,-21.964844565977323],[-54.44162980835705,-21.9650402383637],[-54.43651496192473,-21.966617507801924],[-54.43605277444834,-21.96671386574281],[-54.429969470602096,-21.970462099420924],[-54.41916327724879,-21.973426927160418],[-54.41468100796169,-21.974071610998365],[-54.408279418945256,-21.97452962398721],[-54.40609435694665,-21.974094988132215],[-54.40549177380717,-21.974597342740758],[-54.3996514722935,-21.978631385099057],[-54.39130369911766,-21.98317648540696],[-54.37409591674804,-21.986599326135366],[-54.37321513110834,-21.986424126978648],[-54.36096685322701,-21.989383676035605],[-54.3551036635297,-21.989862420542494],[-54.35144424438471,-21.99001157283939],[-54.34892222721254,-21.989733047161938],[-54.3411741190107,-21.991949341585418],[-54.328807830810554,-21.993683218957457],[-54.31160004844088,-21.990260378229006],[-54.31038620759881,-21.989449315708583],[-54.29658095131498,-21.998673693048193],[-54.28366632148027,-22.001891119556287],[-54.27573175116777,-22.0026521516607],[-54.27143859863281,-22.00285756588108],[-54.261660178807745,-22.00091251724449],[-54.25553512573242,-22.002130866051996],[-54.255140820502966,-22.002052433865305],[-54.25476292107328,-22.00212423501247],[-54.25176456902244,-22.002072736599377],[-54.235328991311974,-21.998656526910448],[-54.23062791925787,-21.99638096776663],[-54.22816813269605,-21.99500856494293],[-54.22088385499626,-21.993479003173377],[-54.21117051352877,-21.991629854547387],[-54.21075481713342,-21.991352095096197],[-54.2102916954438,-21.991254848222916],[-54.20262033924274,-21.987884563188818],[-54.19063306694619,-21.979689376518127],[-54.18900239774371,-21.9786031763311],[-54.18600023099566,-21.975618175720765],[-54.18596377534749,-21.9755637849448],[-54.18590893708671,-21.97552714319048],[-54.18563374991828,-21.975115296488386],[-54.1785143581277,-21.977335305131636],[-54.172944900119944,-21.97853312007306],[-54.163490295410156,-21.97953832149686],[-54.16322375465257,-21.979505792764872],[-54.16033318103007,-21.98154045595664],[-54.15757515490703,-21.98284317507281],[-54.15656201254035,-21.983070410974637],[-54.155578296285626,-21.98372770916177],[-54.13837051391596,-21.987150549890234],[-54.12652102219363,-21.985561168328346],[-54.116480738990504,-21.982818400994372],[-54.111122448343224,-21.98098494182791],[-54.09653439485037,-21.971237516115373],[-54.0929113285282,-21.96581521417928],[-54.09039928789372,-21.966597356641067],[-54.085447810842936,-21.96765784248082],[-54.07603073120117,-21.968654990198242],[-54.067850613982785,-21.967904677367105],[-54.063551450164425,-21.967109312987194],[-54.05452378501309,-21.96443678509002],[-54.04153018286047,-21.956207585550743],[-54.03926425268469,-21.95415337107325],[-54.0386619758234,-21.95329809469182],[-54.03766980134452,-21.952635144899883],[-54.03241062498199,-21.94442072770313],[-54.031336854510066,-21.942895896545394],[-54.027279535681195,-21.944066618728282],[-54.02268067626159,-21.944851934955082],[-54.018790881734844,-21.94690443645757],[-54.001583099365234,-21.950327277186034],[-53.99593851636661,-21.949971588903747],[-53.99182564834945,-21.949451185195436],[-53.99078402555972,-21.951010083864766],[-53.976195972066826,-21.960757509577412],[-53.970459079942884,-21.962692622320382],[-53.965976810655775,-21.963875178472765],[-53.9545059204101,-21.96536290645814],[-53.94160457112599,-21.96347238358218],[-53.93775172688777,-21.962318437659462],[-53.933445293802215,-21.960786119806905],[-53.926203968001005,-21.95698131959467],[-53.921843769026395,-21.95415653626954],[-53.91685392879135,-21.950120351308325],[-53.90104675292969,-21.95326459408049],[-53.89023113746993,-21.95194448607874],[-53.885890011981644,-21.950868741449927],[-53.87949784507174,-21.9487660087232],[-53.874489713469245,-21.946317548884036],[-53.871052671232924,-21.944364423884025],[-53.868899569659796,-21.9427239705396],[-53.852413177490234,-21.94600331783555],[-53.84755623473194,-21.94566300491311],[-53.84646230903718,-21.94730421600277],[-53.843532621537236,-21.950247254943235],[-53.84348945080524,-21.95027617174111],[-53.84346041716134,-21.95031962365977],[-53.828872363668495,-21.96006704937235],[-53.8265031993721,-21.960538305451202],[-53.825829866515505,-21.961658670572728],[-53.821673559629005,-21.966977963049946],[-53.82053427224389,-21.968772359174196],[-53.812675995876646,-21.97740120438872],[-53.811856682708424,-21.97797677016781],[-53.81122622526681,-21.97892031640816],[-53.80806921870055,-21.981501610556727],[-53.80866468018462,-21.987567900955614],[-53.805733070192844,-22.003538242606677],[-53.804851875124484,-22.00585757854411],[-53.80449798172367,-22.006404577849395],[-53.80436064438777,-22.00709501926226],[-53.794613218674954,-22.021683072754826],[-53.79311680526603,-22.022682944228148],[-53.792943255471705,-22.023555437963093],[-53.783195829758995,-22.038143491455596],[-53.780248764947146,-22.040839665758607],[-53.7762967385799,-22.0441451009392],[-53.77437000780134,-22.04531217218115],[-53.77114622430236,-22.0478675249877],[-53.76839964227111,-22.04957078731676],[-53.76190916786771,-22.052899614677766],[-53.7605471357835,-22.05317053970408],[-53.75953842831518,-22.05380411531478],[-53.74266602230932,-22.059701637287343],[-53.74220270551348,-22.05978027757143],[-53.74004484428707,-22.060528844788514],[-53.73516135159372,-22.06190738039148],[-53.7350246130701,-22.061999011676694],[-53.73238112168264,-22.073608080784176],[-53.72559327085685,-22.084931190093805],[-53.720679940778666,-22.090916450103318],[-53.71772036589176,-22.09418139428624],[-53.712227127294966,-22.097851858969616],[-53.71114063556093,-22.10409203846802],[-53.7106651519519,-22.10684493761709],[-53.707898394631854,-22.116399447360322],[-53.70719462056535,-22.11745271968394],[-53.706951841538,-22.118527063017893],[-53.70501779002433,-22.122587808257055],[-53.70356256492033,-22.12464814280903],[-53.70025295831857,-22.130419061902618],[-53.69693417169753,-22.134796427014813],[-53.69289813078438,-22.13942561120412],[-53.68466406225127,-22.14592851522563],[-53.6813033139602,-22.14799608114355],[-53.674949329000526,-22.151240602834566],[-53.66851759335128,-22.153111582993958],[-53.66782881455374,-22.155633608736288],[-53.66259078478106,-22.16495657268375],[-53.660778803579895,-22.16743612590634],[-53.65626940763986,-22.17270121545144],[-53.648035339106684,-22.179204119472892],[-53.64467459081567,-22.181271685390698],[-53.638320605855995,-22.184516207081828],[-53.63597935225317,-22.184981911378625],[-53.63552873138321,-22.187040886648262],[-53.63448277476863,-22.19037395792891],[-53.635515571297894,-22.19556617670754],[-53.63467351997531,-22.199799454575967],[-53.63526668710665,-22.204539046666486],[-53.63561475342675,-22.210123061472817],[-53.63325835918283,-22.22448840641966],[-53.632525937307776,-22.226660876512483],[-53.632230432985516,-22.22713718928099],[-53.63219191269832,-22.227330843842076],[-53.631764334908496,-22.227970759226224],[-53.63145949082332,-22.229503313934735],[-53.6217120651105,-22.244091367427238],[-53.61863037766767,-22.246150485145286],[-53.61881161920434,-22.249123634351808],[-53.61860095557796,-22.250381728330265],[-53.61889493531157,-22.251859664254976],[-53.61773249871669,-22.262017874080335],[-53.615722153257714,-22.27068677361621],[-53.61346174912404,-22.277736346160236],[-53.61251132424968,-22.279158757504238],[-53.61218784185053,-22.280536798608065],[-53.608415106254824,-22.28812995351511],[-53.60840982026401,-22.28813730691285],[-53.60840835884437,-22.288143527874283],[-53.60352554634437,-22.29796255863577],[-53.60072348374632,-22.30185915152721],[-53.60014865130995,-22.308989617895417],[-53.59934756488412,-22.313925836157022],[-53.59650541977834,-22.323930422697227],[-53.59634587943253,-22.324169191698157],[-53.596289912351445,-22.324441756937848],[-53.593615809568234,-22.33067878696706],[-53.59320240022743,-22.33128930911505],[-53.591069287825746,-22.335094336899562],[-53.59383513169241,-22.339233714769005],[-53.59674246095358,-22.349652142921023],[-53.59726888917618,-22.35309872190049],[-53.59778440064354,-22.359888076117688],[-53.594361559915114,-22.37709585848694],[-53.5846141342023,-22.391683911979445],[-53.57520381285724,-22.397971687678165],[-53.57449544579862,-22.399228338844292],[-53.570565673359226,-22.404404712280378],[-53.568639056252955,-22.41046683016585],[-53.56298647438593,-22.420347965575683],[-53.5605679563194,-22.423552311278797],[-53.55705008442942,-22.427596014881676],[-53.55720746582915,-22.42876243524693],[-53.55654348703746,-22.436461279881527],[-53.55610861154923,-22.438963721287656],[-53.55334974961238,-22.448472659022446],[-53.543602323899556,-22.463060712514952],[-53.5395223806484,-22.465786843439258],[-53.539868918820275,-22.466481982510086],[-53.54019884835907,-22.467883307387236],[-53.54116942124318,-22.469335872358798],[-53.54295985453376,-22.479003597641416],[-53.548491359766395,-22.486132107469086],[-53.55162478031758,-22.491525562450942],[-53.55338441614276,-22.493992877431207],[-53.55512687860488,-22.497566833284093],[-53.55884901772117,-22.498493892908254],[-53.5654093269788,-22.50186611602777],[-53.57893624348276,-22.510288967590014],[-53.58696398771798,-22.516664170183166],[-53.58937594633812,-22.519274784562462],[-53.592656585986504,-22.523119999406124],[-53.59783957586399,-22.53158284776963],[-53.599562387480375,-22.534094713420053],[-53.60167191506827,-22.538857362956133],[-53.601783261684716,-22.539383690032],[-53.60210158066707,-22.5398600880554],[-53.60471223877323,-22.548560124944785],[-53.605726948245945,-22.55382631451975],[-53.60653913086816,-22.562334059999742],[-53.606164081330405,-22.56421956135253],[-53.60640893065664,-22.56575345175456],[-53.60603509032455,-22.570655337740714],[-53.60274244980769,-22.584443728355225],[-53.592995024094876,-22.59903178184761],[-53.59209329555131,-22.59963429759779],[-53.59154092909056,-22.600422225048796],[-53.58833658338739,-22.603351912548675],[-53.57744000104055,-22.610285279072436],[-53.58055182720966,-22.612629951005186],[-53.58254628972685,-22.613918886472913],[-53.585113580986665,-22.616333589842057],[-53.58549582867715,-22.61688712806704],[-53.58610186613595,-22.617292069350743],[-53.594205626740916,-22.62835212555259],[-53.59644485403578,-22.632660826114062],[-53.59808851914363,-22.636188823404723],[-53.60042617893105,-22.64357748683467],[-53.60177658176314,-22.649612337908746],[-53.60286176270415,-22.659431456848072],[-53.60279601378403,-22.6597619989906],[-53.6028570713699,-22.660080979767844],[-53.602818392756944,-22.662758398778646],[-53.6043299882682,-22.66853075830363],[-53.60475723436207,-22.67208796350379],[-53.60507810178831,-22.677450179381836],[-53.60165526105976,-22.694657961751055],[-53.59270513879619,-22.708428197816815],[-53.5923681662768,-22.70878273928927],[-53.591599132139265,-22.715043396639263],[-53.59075608404356,-22.718423218416646],[-53.58867003156683,-22.72474829378154],[-53.58541581001083,-22.729618580515258],[-53.58585202756842,-22.731821059507357],[-53.585319907524486,-22.738718274664528],[-53.584625632622135,-22.74319100720831],[-53.58173491193753,-22.75350157442053],[-53.57198748622483,-22.76808962791304],[-53.567099503795085,-22.772320418037776],[-53.56434147767186,-22.774380354561114],[-53.56195028549064,-22.775740276132716],[-53.56493611293928,-22.790751044381814],[-53.5646959263451,-22.795392468767965],[-53.56422270861742,-22.79995251207285],[-53.56403582990283,-22.80698619750356],[-53.56398141488967,-22.807241959220704],[-53.56435489069322,-22.808616361492852],[-53.56476192141656,-22.811547952993116],[-53.56518916789741,-22.817731857776685],[-53.5648866590239,-22.81925267258344],[-53.56510132676925,-22.82054113352826],[-53.5650282585508,-22.821708400426402],[-53.565396155531914,-22.825303813200673],[-53.56600744696266,-22.828404488464344],[-53.56651028710348,-22.833554730751985],[-53.56679967894087,-22.834839706012097],[-53.56695839878506,-22.837990416701082],[-53.56677563268256,-22.83904763328892],[-53.56701534633203,-22.84025275518577],[-53.566707571501524,-22.84387821931123],[-53.567011820670935,-22.846570530814205],[-53.56741063830497,-22.848341407220847],[-53.56756934122865,-22.851492116867835],[-53.567386590135015,-22.852549229821264],[-53.567626276694966,-22.85375421552986],[-53.565878185705856,-22.866170086598448],[-53.56534256655494,-22.868034506291153],[-53.565663235507486,-22.87281657204466],[-53.56532232323485,-22.874530453775794],[-53.56555381005336,-22.875951679442196],[-53.56516166232802,-22.88156247408554],[-53.56184824705361,-22.895635149057277],[-53.552100821340844,-22.910223202549787],[-53.537512767848,-22.919970628262256],[-53.520304985478276,-22.923393468990728],[-53.50309720310861,-22.919970628262256],[-53.488509149615766,-22.910223202549787],[-53.47876172390306,-22.895635149057277],[-53.47544830862864,-22.875292259290404],[-53.47552159247465,-22.87424372430055],[-53.475315257548964,-22.871166696810672],[-53.475180356178384,-22.870567651698757],[-53.47486313357416,-22.86426624723693],[-53.475045803460944,-22.863209694933452],[-53.47480626343645,-22.862005445908007],[-53.47665675704519,-22.853892030431652],[-53.47708012720608,-22.85144328134429],[-53.47644895879688,-22.845858050095046],[-53.47657188498249,-22.845240058427876],[-53.47646486920729,-22.844661971025644],[-53.4765246475896,-22.842415422429347],[-53.4766671167389,-22.84174585377522],[-53.47675961144637,-22.840656303199182],[-53.476705175449865,-22.840380185558214],[-53.47628492107418,-22.836075811898684],[-53.4757672744426,-22.83357284671973],[-53.47483542303803,-22.824465975460352],[-53.4751379319116,-22.822945160653603],[-53.47492326416624,-22.821656699708672],[-53.47498688320866,-22.82064038367123],[-53.47303675282399,-22.810038211890884],[-53.473759239565815,-22.804280613155164],[-53.472979586407234,-22.803113779745118],[-53.472626861327846,-22.801340511023728]]]},"properties":{"OBJECTID":3,"CORREDOR":"Pantanal Mata Atlantica","nome":"Pantanal Mata Atlantica","complement":null,"Shape__Area":0.6376533560827063,"Shape__Length":13.131073246279318}},{"type":"Feature","id":4,"geometry":{"type":"Polygon","coordinates":[[[-56.7492060000277,-20.59011972978456],[-56.74745526277019,-20.588665342081708],[-56.74714793526932,-20.588205393972846],[-56.74680294953771,-20.587974881876704],[-56.74672684155968,-20.58786097823784],[-56.74656515934396,-20.58774959250795],[-56.74591284611154,-20.587059132302944],[-56.73705552382506,-20.573386828384223],[-56.73363268309662,-20.556179046014975],[-56.733717120491114,-20.555754550566782],[-56.73364034400072,-20.55534904401985],[-56.733651788092516,-20.554729155714202],[-56.73369946063906,-20.554500538031572],[-56.73366185676383,-20.554296562970205],[-56.73368093025022,-20.553617546856984],[-56.73462839946661,-20.549180812268872],[-56.73367582996741,-20.54551731550896],[-56.733576647838504,-20.544666638018747],[-56.733274101553604,-20.5394592279001],[-56.735164154315385,-20.526559448357666],[-56.7354845888857,-20.52548942577481],[-56.73698916753215,-20.5212607071243],[-56.738985760641526,-20.511223155736168],[-56.74052401237077,-20.507899266386076],[-56.740561820463995,-20.507825599070465],[-56.74113724989928,-20.504932719945295],[-56.741150348657015,-20.50491311626909],[-56.74115494829721,-20.50489005422831],[-56.74152497393197,-20.50399932241681],[-56.74343245066445,-20.50114775342111],[-56.742095572859235,-20.496716201890667],[-56.74143297118951,-20.493330840485157],[-56.740391063182074,-20.48801507555289],[-56.73835506324304,-20.482583418181406],[-56.7372107204892,-20.476270218401016],[-56.735532743313,-20.468660749545204],[-56.735383970119585,-20.465067304721185],[-56.73554028725323,-20.464186595548064],[-56.735345482168896,-20.463207244254253],[-56.73606047616249,-20.455220394455157],[-56.73777193193172,-20.445738080838186],[-56.73756337997759,-20.44571311335077],[-56.73446263538068,-20.444901763126722],[-56.72929979338961,-20.446421250115538],[-56.72381044402431,-20.447418793450485],[-56.71577072143549,-20.448143363037993],[-56.69856293906587,-20.444720522309524],[-56.69776490720051,-20.444187294464893],[-56.696921562048324,-20.444002002580216],[-56.69349229452421,-20.44241867817408],[-56.68493607524374,-20.438472145851215],[-56.67881882622743,-20.434207757900754],[-56.678768474954495,-20.4341938652053],[-56.67004390602506,-20.429385648376236],[-56.66766353493131,-20.4277052742307],[-56.66180005036796,-20.42276606534736],[-56.65565182253158,-20.41356459213771],[-56.65491070710619,-20.412931775796835],[-56.649941466032544,-20.407025696099232],[-56.64872457760481,-20.40529763823783],[-56.643946392965745,-20.396615664442965],[-56.64368202959714,-20.395286620039922],[-56.64306084682471,-20.394299041604206],[-56.638670130271976,-20.38178874192202],[-56.63704060530546,-20.372225202727286],[-56.63698751097087,-20.37197440691642],[-56.630003674459886,-20.361522356948825],[-56.6266173756199,-20.346127019691853],[-56.62647241712375,-20.34253357486772],[-56.626625434071286,-20.34167410637787],[-56.62643587523531,-20.3407211297554],[-56.626636070017014,-20.33909841049339],[-56.62519717951,-20.337195285328406],[-56.62383151788895,-20.334750064381144],[-56.62154649062194,-20.330032031021876],[-56.618882280325586,-20.32104919771657],[-56.61673409597489,-20.30950313238358],[-56.61440051934546,-20.30024374595789],[-56.610214290548235,-20.29082819888223],[-56.61009636331397,-20.290272687415385],[-56.609759076071214,-20.289767901384224],[-56.60697208111043,-20.28009528403302],[-56.606438606224295,-20.27695678892324],[-56.602133996178964,-20.271755889531175],[-56.59775090902071,-20.265312865849634],[-56.59741044723011,-20.264682232876407],[-56.59699512477198,-20.26416452118521],[-56.595594324167614,-20.26196359249897],[-56.59472555240461,-20.261174006847614],[-56.59463819314124,-20.261111607373767],[-56.59366989135742,-20.261158347173513],[-56.58154235247059,-20.259492050376792],[-56.58082142871763,-20.259290131898215],[-56.579085094823824,-20.259198891422937],[-56.57238329003138,-20.259346990491135],[-56.569730771700506,-20.25958869679627],[-56.56311328434697,-20.26038987057962],[-56.56150142752562,-20.26048708871958],[-56.56112151722437,-20.26061376604933],[-56.559031188131144,-20.260953082838046],[-56.55429026986536,-20.262310832445866],[-56.54899165536347,-20.263193934862834],[-56.54859010685675,-20.263227168033367],[-56.548333366924055,-20.263298640988744],[-56.54128668214225,-20.264365984752857],[-56.53335460902906,-20.26565216670155],[-56.53194195344258,-20.265765954336345],[-56.53126717310039,-20.265940621412017],[-56.524849404622614,-20.266674669535757],[-56.52106431693903,-20.267333007476278],[-56.51335906982422,-20.267998099370615],[-56.51210841037538,-20.267749327738894],[-56.49597167968744,-20.270843863530704],[-56.47885084499228,-20.267456931201078],[-56.476645949972635,-20.266549033251884],[-56.476606156792684,-20.266522504465247],[-56.4765590022983,-20.266513124852978],[-56.4619709488054,-20.256765699140587],[-56.452223523092705,-20.24217764564804],[-56.449895840729546,-20.234833464768162],[-56.44934717154633,-20.232393115266994],[-56.44672741853197,-20.230642652266177],[-56.43697999281926,-20.216054598773702],[-56.43355715209072,-20.19884681640453],[-56.4339615132605,-20.192830041230415],[-56.43414461872925,-20.191473916352464],[-56.43716309828801,-20.180282909157402],[-56.446910524000714,-20.16569485566491],[-56.45018295494259,-20.162729136209464],[-56.4517240926379,-20.16146456406589],[-56.46303971518888,-20.154682857808876],[-56.480247497558594,-20.15126001708041],[-56.48639425002142,-20.151682121016847],[-56.48852285109564,-20.151975852706297],[-56.49958388100242,-20.15497658949832],[-56.50390143778901,-20.157218176755155],[-56.51496474037742,-20.15941880446402],[-56.529552793870266,-20.169166230176433],[-56.5332049812086,-20.174632114793212],[-56.53453564817597,-20.174430561987375],[-56.53602326474015,-20.174182625893256],[-56.53862900157435,-20.173313768736282],[-56.54607431068457,-20.172105194265157],[-56.55080602324898,-20.171051489375913],[-56.55397792711835,-20.17090697215324],[-56.55958263850454,-20.170228414328207],[-56.56058142692672,-20.1701681730268],[-56.560906627947304,-20.170087975139094],[-56.56576273756645,-20.169645470256285],[-56.56864256564939,-20.169514531741704],[-56.56884985649407,-20.169470913057648],[-56.578775698779225,-20.169251567964817],[-56.58052089674118,-20.169578709836063],[-56.58212874743839,-20.16930254610271],[-56.59051345202823,-20.16974314363688],[-56.59346167799663,-20.17041047540123],[-56.596134113175026,-20.170777662034737],[-56.596178718833414,-20.17077334575939],[-56.60050964355469,-20.170564292592626],[-56.60225284351907,-20.170911036624407],[-56.60369366921674,-20.170677163831357],[-56.60678357400184,-20.170896508924123],[-56.61055383708117,-20.171786388577694],[-56.616302909288095,-20.172615357218373],[-56.620052756700204,-20.17371971207674],[-56.624538430758214,-20.175304211039403],[-56.62454372444216,-20.17530526312758],[-56.63094097175656,-20.17795266302985],[-56.63094714199832,-20.177956784408558],[-56.63095442543607,-20.177958233174447],[-56.63988265914805,-20.18291107223537],[-56.649148558806246,-20.189529571991063],[-56.65248077214858,-20.192352380177507],[-56.65325567805735,-20.192843830038203],[-56.660537935137484,-20.199462329793835],[-56.661125432339986,-20.200297730153896],[-56.662090635667205,-20.2009426583984],[-56.66822933201507,-20.20859472441492],[-56.67249507511315,-20.215297031883146],[-56.672628052822965,-20.21549250564452],[-56.67350144834728,-20.216184831364988],[-56.677364683518704,-20.21962704560497],[-56.68157862890246,-20.22449248950965],[-56.68491648900988,-20.228955685310382],[-56.69044996933894,-20.23867829489806],[-56.69071750044117,-20.240023264573846],[-56.691344682551346,-20.241021062894593],[-56.6925539415845,-20.24447336391989],[-56.693890634098814,-20.252332917407305],[-56.69504969207895,-20.257632304242993],[-56.695159329140324,-20.2605198703464],[-56.69814676291839,-20.267239121666822],[-56.69826469015276,-20.267794633133686],[-56.698601977395526,-20.26829941916495],[-56.70066141076694,-20.27451832762562],[-56.704285373169284,-20.28889782896798],[-56.704439978089844,-20.290143923151785],[-56.704461879790934,-20.29021776842228],[-56.70628110757678,-20.292251937571404],[-56.7105344950279,-20.29757725495401],[-56.71694304184871,-20.3084319417469],[-56.718784443971,-20.317689295357173],[-56.72196354584646,-20.321551858845623],[-56.72302784638356,-20.32313495821077],[-56.72725416855769,-20.331014949558888],[-56.730677009286126,-20.34822273192807],[-56.73033437191742,-20.35110741432698],[-56.73733735572608,-20.351709969381194],[-56.74236512672218,-20.352581627706428],[-56.75189177284819,-20.355343563370248],[-56.7526920046086,-20.355878261137885],[-56.755714416503906,-20.355689643540195],[-56.77282728138249,-20.359073295073905],[-56.77983488025951,-20.361957206206586],[-56.7798783110598,-20.36198615406172],[-56.779929797750526,-20.361996395401334],[-56.790323742370276,-20.368041839809887],[-56.797174938659396,-20.373369064541144],[-56.80136904753243,-20.37707104584506],[-56.801753420536045,-20.377646300697414],[-56.80228126906377,-20.378010223788884],[-56.80656400698212,-20.382549925982243],[-56.80989687996197,-20.386078738412305],[-56.81043911902958,-20.386915881545093],[-56.814689812426195,-20.39211564793414],[-56.81657808757268,-20.39496522679149],[-56.81658219867222,-20.39497295368783],[-56.81658751512174,-20.39497945968695],[-56.81954009080533,-20.399438840790417],[-56.823590533303786,-20.407055217501334],[-56.825523677784815,-20.412784651870545],[-56.82704192729659,-20.4185353079982],[-56.82795024679967,-20.4255340551388],[-56.828482847074504,-20.427919808753206],[-56.828761319974895,-20.43389362467108],[-56.82858932109684,-20.43487755929251],[-56.82881009644433,-20.435987471916174],[-56.828649491237,-20.439784547941212],[-56.828344315455695,-20.443385622159866],[-56.8283440220132,-20.44338682847073],[-56.82834383127483,-20.443391331171682],[-56.82742448923386,-20.454223164057154],[-56.827140761376995,-20.455389215900954],[-56.826870584628466,-20.458407228819453],[-56.8262884250687,-20.461632681454585],[-56.82792851195961,-20.467066696519584],[-56.82914066263157,-20.473251031401983],[-56.83053240258074,-20.47597776921455],[-56.832024828958026,-20.479212123629967],[-56.83491795249324,-20.493017357906805],[-56.83498503403615,-20.4931414906976],[-56.83836273169027,-20.508334880277072],[-56.83840087866287,-20.50918555776728],[-56.838295586892464,-20.509784763812412],[-56.8384078747647,-20.510349273066836],[-56.83828932463774,-20.510945264802],[-56.83844275847645,-20.51174167150941],[-56.83843131438471,-20.51269153112851],[-56.83501173691707,-20.529357592545413],[-56.83341256244314,-20.532799755987437],[-56.83303490741383,-20.533530270513968],[-56.832789357483314,-20.53386615516536],[-56.83882836420395,-20.538636117290753],[-56.847251432915186,-20.55032250086617],[-56.851013464241305,-20.55784656351839],[-56.851349161369,-20.559268599371133],[-56.852337821242884,-20.560748233435476],[-56.85576066197143,-20.577956015804702],[-56.85576066197143,-20.596607479958987],[-56.85646266299307,-20.60432949119714],[-56.8582090739095,-20.619173983987242],[-56.860951776864454,-20.638372904670888],[-56.861403708960665,-20.64473207184323],[-56.858840206468244,-20.6596976953057],[-56.85737680847711,-20.663843989613863],[-56.85871300049092,-20.670257711279795],[-56.862890123683705,-20.680700519261574],[-56.86306743187219,-20.68162120664145],[-56.86571180100316,-20.69145762305035],[-56.867592816666274,-20.705565240523303],[-56.86798726378163,-20.711508127881682],[-56.86698912486207,-20.720929834320923],[-56.86416760136734,-20.734096943962296],[-56.86174289955841,-20.74188301989235],[-56.85973797050531,-20.746091834305307],[-56.847639278959434,-20.768427880235606],[-56.845434394079916,-20.77261716150657],[-56.85076797536408,-20.776180946584287],[-56.85105849477554,-20.776233951126624],[-56.85184108222086,-20.776079002445474],[-56.85281191885179,-20.776080715513025],[-56.85288353387875,-20.776071490705345],[-56.854525897166184,-20.775805852746416],[-56.86170546920965,-20.775228984516442],[-56.86203181260265,-20.775293898253437],[-56.86234688439254,-20.77523355945574],[-56.86559015444453,-20.77527982751587],[-56.8656100160116,-20.775280110858372],[-56.870981551255056,-20.77638846098435],[-56.873617340790645,-20.77666652482932],[-56.87946256069848,-20.77498699198601],[-56.88444389792209,-20.77414782756594],[-56.88910719757269,-20.77336224028868],[-56.890292020659786,-20.771527520979973],[-56.892196409023256,-20.769169640955834],[-56.89310085148833,-20.76764817512539],[-56.90021339679015,-20.758852090942085],[-56.90465977399913,-20.751334276110036],[-56.90629128596254,-20.74923101929655],[-56.907562094195384,-20.74701803095463],[-56.91138442085549,-20.741988352609972],[-56.91538968049491,-20.737399720155185],[-56.91657027034824,-20.736610875235083],[-56.91727334621635,-20.735621571538005],[-56.920176330835545,-20.733035206791964],[-56.9262159015675,-20.72924667218745],[-56.93095565909067,-20.725916627850975],[-56.93370605581924,-20.724623445477846],[-56.93468530185828,-20.72440471968447],[-56.93563111533542,-20.723772747323622],[-56.95283889770508,-20.720349906595164],[-56.96684949039138,-20.7225883404747],[-56.97036282657308,-20.7237403790489],[-56.971682015368174,-20.724551228295127],[-56.97356001625633,-20.724924785897816],[-56.98335817057614,-20.73055357981897],[-56.98536953610545,-20.731060310972975],[-56.98542600633556,-20.73107900884982],[-56.98560773913494,-20.73102519652964],[-56.995693798705304,-20.72915790221805],[-57.003879547119084,-20.728406547220033],[-57.011174638154785,-20.729002253952224],[-57.02951570260785,-20.732017772140622],[-57.03942839394193,-20.734844906136892],[-57.03978423267216,-20.73508266997484],[-57.04018394902159,-20.735165978734887],[-57.04060738357248,-20.73535049823547],[-57.040691413037734,-20.73533682390356],[-57.04117950315425,-20.734474598594478],[-57.04172989884875,-20.733750967333716],[-57.04246802813146,-20.732338820236833],[-57.04732413775059,-20.7247723682094],[-57.05337109528972,-20.71726384063648],[-57.05779289688587,-20.713385980245853],[-57.061916584629955,-20.71022168886408],[-57.07208283652682,-20.70435212354225],[-57.07367739858012,-20.70403494542926],[-57.07483064162232,-20.703317698312915],[-57.07898103224733,-20.701908167673363],[-57.09327207520096,-20.699547655769155],[-57.09341207381169,-20.699519761484222],[-57.09637609358709,-20.699517854135642],[-57.09639055019352,-20.69952072489831],[-57.09640502929677,-20.6995178448256],[-57.10979472943961,-20.70155765813899],[-57.114753835884926,-20.703104517880163],[-57.118571918111854,-20.704487545295173],[-57.12683419624313,-20.70897373771378],[-57.13080529609658,-20.711703153607267],[-57.13713107145816,-20.716964386901182],[-57.13744305551745,-20.71743130404201],[-57.13787849573583,-20.71772980904035],[-57.141283458429655,-20.721300776146876],[-57.144540122679416,-20.724007370427223],[-57.15340110736843,-20.721952047616075],[-57.15569374042508,-20.72180708911999],[-57.156142033204674,-20.721881633617855],[-57.1562385559082,-20.72186243405833],[-57.157020494650396,-20.722017971344776],[-57.158531188964844,-20.721717475562357],[-57.17193837187284,-20.7237627460607],[-57.17560811064237,-20.72490906258895],[-57.17940871010404,-20.72628663281905],[-57.19125245096211,-20.7335084819153],[-57.199053506870314,-20.740111722881988],[-57.20134233754829,-20.74221812182699],[-57.20143723670657,-20.742280760313204],[-57.21597504798592,-20.756494322324567],[-57.21719156632548,-20.758292932906407],[-57.21846728464766,-20.759217217846352],[-57.22547260847625,-20.760362300590973],[-57.23143498030248,-20.762365016655366],[-57.23264152864522,-20.763112624670633],[-57.234325091939866,-20.763447506231167],[-57.24891314543277,-20.773194931943745],[-57.25337180338442,-20.779212497723012],[-57.260395384202354,-20.784824036557655],[-57.2613782240158,-20.786294960286412],[-57.27173614501953,-20.78423464169851],[-57.27997402710333,-20.784995680319856],[-57.28226666015997,-20.785422926413478],[-57.29123656044578,-20.78808472852065],[-57.300212940112715,-20.79307200543066],[-57.302814563647814,-20.794935485044874],[-57.30733777330801,-20.798772335103244],[-57.31279917303039,-20.800045486079693],[-57.31582562387365,-20.7989842374194],[-57.32132641733068,-20.797391601311084],[-57.33354347276525,-20.79565859610365],[-57.33374768606763,-20.79561777698684],[-57.33680707327465,-20.795612054940992],[-57.336849028607276,-20.795620359595723],[-57.33689117431635,-20.795611976292967],[-57.350854629676064,-20.797834982419452],[-57.353914016883095,-20.79883443310295],[-57.35441784592922,-20.799143732678708],[-57.354989665643025,-20.799257474691654],[-57.356521444046685,-20.799012867900316],[-57.358623456215135,-20.799172922361194],[-57.36411285400391,-20.79842722287486],[-57.370969354809574,-20.798953042178866],[-57.378312647045895,-20.800086007266728],[-57.38866392860991,-20.80298302869119],[-57.39218181400037,-20.8046214402818],[-57.39769405154919,-20.807484370579633],[-57.40276843945628,-20.811201412888096],[-57.40668705170822,-20.813643833716263],[-57.409292489940746,-20.8159383741216],[-57.410061428896654,-20.81701379444382],[-57.411369657883995,-20.81788792510664],[-57.41555846771536,-20.823443087268018],[-57.419303577047344,-20.824759228031482],[-57.426260595131,-20.82838135070693],[-57.427222618288404,-20.828994388666942],[-57.42795667419631,-20.829193528963827],[-57.43339125404935,-20.8310477564737],[-57.437916772104586,-20.833225881074153],[-57.441285149790076,-20.835085545991095],[-57.44963873125732,-20.84136932743777],[-57.45336189366361,-20.841680566621925],[-57.456726456651836,-20.84224704916585],[-57.466468494039596,-20.845045788089518],[-57.469793982241804,-20.846584860433904],[-57.47598410037916,-20.849762111942468],[-57.478292723304776,-20.85053831445671],[-57.479494618015394,-20.851283282839244],[-57.4811703373013,-20.851616604129447],[-57.487276511595326,-20.85470977102236],[-57.49034352819688,-20.856569435939313],[-57.49560873648466,-20.860700131256237],[-57.49979782104487,-20.8604484783665],[-57.500536878837806,-20.860595486101726],[-57.501219168618995,-20.86047094789024],[-57.509481802896225,-20.860732254652866],[-57.511223391566936,-20.86110738989043],[-57.519189737547435,-20.862108819210015],[-57.525312326658764,-20.863672845088825],[-57.5313908268032,-20.86569665173646],[-57.531465557007834,-20.865746584862844],[-57.53155280841731,-20.86576411729112],[-57.53768302692311,-20.868331408550812],[-57.53794875096309,-20.868509710596047],[-57.54754031136941,-20.874021199063762],[-57.551679257902606,-20.877170231656454],[-57.55624804533516,-20.881160401301386],[-57.56076629049489,-20.886437604546302],[-57.56568724996759,-20.893176267265922],[-57.57091643052053,-20.902487117513438],[-57.57111745048172,-20.903497713102837],[-57.571612024003514,-20.90427317884536],[-57.572582310821076,-20.906930716493378],[-57.57435989905713,-20.909641538553206],[-57.577694849058446,-20.913754821561106],[-57.57952741616663,-20.916832992725045],[-57.58288232730541,-20.91394672494806],[-57.58986703799877,-20.908794976291027],[-57.59935029258144,-20.903439266481634],[-57.606988637201994,-20.901046481152868],[-57.61643764232889,-20.89898845197811],[-57.62146992840082,-20.898446776116188],[-57.62319999398716,-20.898046100692625],[-57.62833182640759,-20.89772511117452],[-57.62964012158051,-20.897364083597104],[-57.64160156249994,-20.89574396481589],[-57.64261275408331,-20.895945103327502],[-57.643518931066986,-20.895784862009684],[-57.649641520178314,-20.896046168772315],[-57.65169927732176,-20.896501304817576],[-57.65196538716196,-20.89636437920896],[-57.655330974954495,-20.89480469922116],[-57.66865782253137,-20.89154964942729],[-57.67656187526575,-20.890864911268064],[-57.680442810058594,-20.890697120333595],[-57.6881988941874,-20.89137108433516],[-57.688430298159176,-20.891411605943283],[-57.688842214565234,-20.891280658532125],[-57.69732872135711,-20.889964196447483],[-57.70085948244321,-20.889196100474397],[-57.70090710372114,-20.88919439900785],[-57.70246695765803,-20.888466164873364],[-57.70339347361886,-20.888260540574553],[-57.70428117026705,-20.887667400637298],[-57.71202947111533,-20.88525081046421],[-57.72112370939652,-20.883293870767055],[-57.730583190917905,-20.882287620211663],[-57.73061443516309,-20.882289012275223],[-57.73082481550022,-20.88199888205604],[-57.73141852299732,-20.878112251116224],[-57.73213568608333,-20.875819618059634],[-57.73350785536809,-20.87203629659138],[-57.7432552810808,-20.8574482430989],[-57.75706389529262,-20.848032306205805],[-57.76072600466755,-20.84643394805148],[-57.7611380476277,-20.84634794560545],[-57.76150544394869,-20.84610245923205],[-57.77252082231598,-20.843108045867414],[-57.774660867481884,-20.84281049948071],[-57.78085327148432,-20.842382072117],[-57.78790212443385,-20.84293799508661],[-57.791423090010085,-20.84349684823602],[-57.801582019430214,-20.846363765994813],[-57.802684691660325,-20.847100548023597],[-57.80380172017119,-20.847354305634493],[-57.80574855746841,-20.848286971727102],[-57.810249021744134,-20.849148762758603],[-57.818999927145,-20.85176919202001],[-57.82052847991372,-20.852790538327017],[-57.821987488789546,-20.85313660965217],[-57.82484088234423,-20.854570935824018],[-57.83644137419259,-20.862950943904426],[-57.841621215699774,-20.869158703648303],[-57.842696960328745,-20.87071319278407],[-57.847264544534255,-20.879093486532607],[-57.847384921939344,-20.879556805429786],[-57.84912291551217,-20.881839966963014],[-57.84984007859805,-20.883104539106476],[-57.8522694273467,-20.888079005941517],[-57.85482697198387,-20.900936651098313],[-57.855571859248585,-20.902413757477014],[-57.85592418125441,-20.903894870868907],[-57.85696531968074,-20.905453044637436],[-57.86038816040917,-20.92266082700664],[-57.85939520441235,-20.932058313918688],[-57.8589908465022,-20.93395040376245],[-57.85799349190524,-20.937156166560904],[-57.85872495240142,-20.945114135111602],[-57.858420669597486,-20.947024784248118],[-57.858437792825264,-20.947050410969418],[-57.86186063355376,-20.964258193338665],[-57.858437792825264,-20.981465975707863],[-57.8486903671124,-20.99605402920039],[-57.83410231361967,-21.005801454912806],[-57.81689453124994,-21.009224295641324],[-57.801105878654305,-21.006361266926167],[-57.79787101537307,-21.00514819319566],[-57.79724735472758,-21.004746609830004],[-57.79645188559903,-21.00458838118248],[-57.78186383210619,-20.9948409554699],[-57.77771350115614,-20.990060364338557],[-57.77609225481825,-20.987903153034786],[-57.77049516005559,-20.97809569067376],[-57.76906057327341,-20.972503474734523],[-57.76604213790403,-20.97351796350019],[-57.75270627139827,-20.97569909137106],[-57.751903193500645,-20.97586056626383],[-57.75006450941862,-20.975868195658357],[-57.74997168957168,-20.975849932750993],[-57.7498779296875,-20.975868582751463],[-57.73776129942189,-20.974205339792153],[-57.73378836477492,-20.973093667701363],[-57.730669028670036,-20.97454996240605],[-57.729742512709215,-20.974755586704973],[-57.72885481606108,-20.975348726642125],[-57.71325260862119,-20.978742893626308],[-57.71297283989861,-20.97875288951752],[-57.71127669106108,-20.979592577350033],[-57.69406890869136,-20.983015418078498],[-57.68631282456255,-20.98234145407693],[-57.68310590143711,-20.981779883412102],[-57.679565112691854,-20.983798281085335],[-57.679263898544725,-20.98385819630442],[-57.6790159275023,-20.984021531171766],[-57.67403774757053,-20.986007081098474],[-57.657379150390625,-20.989206671740455],[-57.65249908507878,-20.988941076357076],[-57.64867294372135,-20.988523367006497],[-57.64158703508326,-20.986708598549548],[-57.641031800910305,-20.98811743116631],[-57.640819581576466,-20.988441058674812],[-57.64074064927052,-20.988837878173545],[-57.63245464753714,-21.001894018619343],[-57.62931133699026,-21.005348226993345],[-57.62848588258084,-21.00592834431668],[-57.62784991301095,-21.006880140039975],[-57.62204321544726,-21.01177919546865],[-57.62014731090619,-21.013121968906106],[-57.61136595497708,-21.017970339189908],[-57.5995734726734,-21.021065904677855],[-57.596727708513235,-21.021411134780397],[-57.591312408447266,-21.021738410020912],[-57.58312928561252,-21.020913415150908],[-57.57729721069335,-21.021677374864606],[-57.576101063013425,-21.021439446297883],[-57.575050682754124,-21.021621220997808],[-57.566738457412335,-21.021205418995905],[-57.55177720298189,-21.01783873213424],[-57.54167794319528,-21.012020473079414],[-57.53741961694657,-21.00876554554459],[-57.53544037250652,-21.007717406532414],[-57.529405653862675,-21.003259757366642],[-57.52622751070294,-21.001243251000663],[-57.52110055757788,-20.996579783593482],[-57.52051787860881,-20.995750875216277],[-57.5195614334246,-20.995111798975756],[-57.515266334801424,-20.990137499317495],[-57.51132575252609,-20.984835070118404],[-57.505873425436455,-20.975221316284237],[-57.50424998094991,-20.97060662107262],[-57.501967393472796,-20.96278234562328],[-57.50039936438526,-20.960854755515],[-57.49452473059626,-20.95189593898679],[-57.49424940964372,-20.951375447081936],[-57.49050197980325,-20.95182732011885],[-57.48511886596674,-20.952150702503022],[-57.47571903845039,-20.95115724623122],[-57.465770307981636,-20.949030552505796],[-57.45796235312838,-20.946601168049135],[-57.44447663268829,-20.937919118284732],[-57.44248154601837,-20.936055638670528],[-57.44205702361182,-20.935443161316798],[-57.441379212965614,-20.934990262722344],[-57.43974085465401,-20.93310335361279],[-57.43397140502924,-20.934040427234965],[-57.425775664496875,-20.93328722116653],[-57.42118658368622,-20.93243654367632],[-57.412174541849076,-20.92976690901629],[-57.39758648835623,-20.920019483303832],[-57.39719192075978,-20.91942897116518],[-57.39665130815825,-20.91905595102127],[-57.39327530107829,-20.915472042940355],[-57.392585549431935,-20.91440562508808],[-57.390161361139015,-20.911377201853277],[-57.38467156429272,-20.908518977625384],[-57.383355294316964,-20.907680200040367],[-57.382184005640674,-20.907339334358653],[-57.37754090537448,-20.905707613362644],[-57.37709999157432,-20.905413004180254],[-57.376610479291344,-20.90530989529467],[-57.37109824174252,-20.902879933136646],[-57.36876746880324,-20.901284337875815],[-57.36011197520861,-20.89599391842278],[-57.35673978282574,-20.89312717342773],[-57.354068421949876,-20.89066348049687],[-57.353030272119774,-20.88948892509072],[-57.348420045507396,-20.890093293788336],[-57.34828705107088,-20.89011985571945],[-57.34583801542635,-20.890123670416834],[-57.34580306113133,-20.890116745870973],[-57.34576797485346,-20.89012372496554],[-57.33594113678266,-20.888709284252908],[-57.333930652242714,-20.889636293782907],[-57.32963276624929,-20.891166050814945],[-57.32552815199148,-20.89239629068312],[-57.31745689997729,-20.893579844381165],[-57.314379712482435,-20.894254860363816],[-57.311411878009835,-20.894371208630478],[-57.31057523524743,-20.89422176568312],[-57.30965042114246,-20.89440572264604],[-57.29859028837609,-20.893024294478845],[-57.293013200973746,-20.89160904179332],[-57.28686555137057,-20.889567629232182],[-57.284551372474425,-20.888021344329513],[-57.28285948525047,-20.889151827230172],[-57.276894469085285,-20.891146486648775],[-57.27017297250325,-20.892882173904585],[-57.25893020629883,-20.8943103552144],[-57.254985768810506,-20.894137017608692],[-57.246040303722566,-20.893349282623312],[-57.23277695884127,-20.890099779500712],[-57.21818890534842,-20.88035235378814],[-57.21536247365077,-20.876122299821773],[-57.21404799279219,-20.87460934302106],[-57.20924834748007,-20.8711867621785],[-57.20355954133469,-20.86637148831003],[-57.19661216269105,-20.857399186050568],[-57.19415931234926,-20.853235443985234],[-57.19135926528014,-20.84761969275222],[-57.19075087423699,-20.845940285913933],[-57.18405869957695,-20.844701907863108],[-57.18069413658867,-20.84341254018742],[-57.180198512686395,-20.843090876048773],[-57.179577190774864,-20.84296728743645],[-57.17040958055458,-20.837842277083944],[-57.16704120286898,-20.835402778182637],[-57.161620759596474,-20.830780362822512],[-57.160556202698785,-20.829187140834946],[-57.15930156818484,-20.82827813156047],[-57.15554774800221,-20.823906471614347],[-57.15194203739827,-20.824615607206603],[-57.14326477050781,-20.82546079161752],[-57.130629481399126,-20.82364906134649],[-57.123558358048,-20.821578687392385],[-57.12113419352368,-20.821036376777055],[-57.113743145364595,-20.818698183433145],[-57.099155091871864,-20.80895075772056],[-57.09743246119916,-20.806372658729096],[-57.086772618871635,-20.814206058168573],[-57.081275640111926,-20.817082339906793],[-57.07763640175432,-20.818784014124113],[-57.070739042616424,-20.821008840571732],[-57.06584860072195,-20.82216087914587],[-57.060587188418594,-20.822772226220167],[-57.05328932107261,-20.825212038685862],[-57.039031982421875,-20.827532172235326],[-57.031601146056346,-20.82691393377296],[-57.02732105572426,-20.826196770687087],[-57.01754410972018,-20.823392168420995],[-57.01718827098995,-20.823154404582866],[-57.01678855464053,-20.82307109582287],[-57.00939520133983,-20.819849304270505],[-57.00675899068517,-20.81941587570929],[-57.00625266357463,-20.81969368164061],[-57.00183073769193,-20.821814791101687],[-56.98462295532221,-20.825237631830035],[-56.983689748482675,-20.82505200544833],[-56.982846287687266,-20.825202518926822],[-56.979180363614944,-20.82505756043067],[-56.96487351178638,-20.82191665189218],[-56.96453951777022,-20.82232970226418],[-56.96017947592219,-20.829081303454686],[-56.95819840515458,-20.831534126250162],[-56.957282809434616,-20.83306893186852],[-56.95330789488389,-20.837953651717026],[-56.950226164231594,-20.841368055085727],[-56.94889072539513,-20.842260366788427],[-56.94810799741731,-20.843353668515054],[-56.943366328716074,-20.84751931792901],[-56.930896442037636,-20.855281130212195],[-56.929888138248714,-20.855481694305876],[-56.92911425315713,-20.855975309632992],[-56.923609645002905,-20.85798565509191],[-56.92196086790545,-20.858277310273486],[-56.915653863861905,-20.860089529591303],[-56.899383522618734,-20.86283045855493],[-56.89910939469951,-20.862876638603783],[-56.89849835693718,-20.86311957576402],[-56.89550586369489,-20.863692639687528],[-56.884305146059546,-20.866235793771843],[-56.873757508120036,-20.866804183664406],[-56.87263274347862,-20.86661176819089],[-56.87133789062489,-20.866869330437424],[-56.861954877110975,-20.865879465055283],[-56.860998382240496,-20.86567538201137],[-56.85565655912081,-20.866018009565416],[-56.85561680251784,-20.866010101485465],[-56.85557721533769,-20.866017939563378],[-56.85243650903822,-20.866012397701848],[-56.84745011663642,-20.866170887895162],[-56.84593300616831,-20.865894094872544],[-56.84443045246194,-20.866165423381606],[-56.83869111763459,-20.865962205521495],[-56.83159084978632,-20.86441877744638],[-56.82453553692983,-20.863143031462183],[-56.82013170983828,-20.861496593973843],[-56.819158474079074,-20.860870599483913],[-56.81643760665696,-20.860870599483913],[-56.799229824287295,-20.85744775875545],[-56.798222389452974,-20.85677461232017],[-56.79718823228461,-20.856542065299713],[-56.779318583485114,-20.848077494815893],[-56.766772121994904,-20.839235762559124],[-56.7570246962822,-20.824647709066742],[-56.754753383667946,-20.81755098227942],[-56.75193186017328,-20.805324380469525],[-56.75078033205898,-20.795213324887555],[-56.75101814462341,-20.794017760390883],[-56.750836434516714,-20.792967824895374],[-56.751776942348215,-20.774157668264852],[-56.75198216638011,-20.77324562234138],[-56.75233265210352,-20.769010786575443],[-56.754213667766635,-20.757724692597133],[-56.7570246962822,-20.74790929190942],[-56.758776634539345,-20.744174272532888],[-56.76818171285487,-20.726304623733782],[-56.76825894223526,-20.72619979296464],[-56.768434703650826,-20.72583082869736],[-56.77736787922447,-20.709338812253954],[-56.77730907272439,-20.708897763502698],[-56.77374712095633,-20.69999288408302],[-56.77366362379286,-20.699559318180988],[-56.77147616511803,-20.692463920791273],[-56.7667736259603,-20.66989173283467],[-56.76582845736385,-20.660720704979198],[-56.768391959856274,-20.64575508151667],[-56.77036323226168,-20.640169809701643],[-56.76910191295473,-20.63134057455344],[-56.76904788707151,-20.630580372686946],[-56.76895797148529,-20.63023530287245],[-56.767076955822176,-20.614246669736364],[-56.76702445917902,-20.61335114937779],[-56.76695363169347,-20.61306381386376],[-56.76601312386197,-20.602718227716874],[-56.76597153840021,-20.601801461198562],[-56.765371542351375,-20.601629628580017],[-56.7542476649303,-20.59419689131657],[-56.75390144698525,-20.594009165405957],[-56.75382422284889,-20.593956220070027],[-56.75356421861608,-20.593740227089192],[-56.75078348885853,-20.59188220286744],[-56.7492060000277,-20.59011972978456]]]},"properties":{"OBJECTID":4,"CORREDOR":"Chaco","nome":"Chaco","complement":null,"Shape__Area":0.19773245668541636,"Shape__Length":4.350035934214335}}],"atlas_metadata":{"source_url":"https://www.pinms.ms.gov.br/arcgis/rest/services/IMASUL/CAMADAS_API_SISGEO_v1/FeatureServer/16","where":"1=1","capture_utc":"2026-08-16T15:18:14.235672+00:00","object_id_field":"OBJECTID","arcgis_id_count":4,"output_crs":"EPSG:4326","filtered_to_ms_by_local_boundary":true,"ms_feature_count":4,"capture_date":"2026-08-16","purpose":"fonte territorial do ISGT V0.1","ms_filter_method":"spatial_envelope_then_exact_intersection_with_ibge_ms_boundary"},"name":"corredores_ecologicos_ms"}