{"type":"FeatureCollection","features":[{"type":"Feature","geometry":{"type":"Point","coordinates":[-52.8832,-20.4431]},"properties":{"nome":"Água Clara","municipio":"Água Clara","categoria":"Cidade","subcategoria":"Sede Municipal","fonte_localidade":"IBGE Localidades do Brasil 2022"}},{"type":"Feature","geometry":{"type":"Point","coordinates":[-53.7135,-18.3288]},"properties":{"nome":"Alcinópolis","municipio":"Alcinópolis","categoria":"Cidade","subcategoria":"Sede Municipal","fonte_localidade":"IBGE Localidades do Brasil 2022"}},{"type":"Feature","geometry":{"type":"Point","coordinates":[-55.231689,-23.10545]},"properties":{"nome":"Amambai","municipio":"Amambai","categoria":"Cidade","subcategoria":"Sede Municipal","fonte_localidade":"IBGE Localidades do Brasil 2022"}},{"type":"Feature","geometry":{"type":"Point","coordinates":[-55.8056,-20.4842]},"properties":{"nome":"Anastácio","municipio":"Anastácio","categoria":"Cidade","subcategoria":"Sede Municipal","fonte_localidade":"IBGE Localidades do Brasil 2022"}},{"type":"Feature","geometry":{"type":"Point","coordinates":[-52.720278,-22.183013]},"properties":{"nome":"Anaurilândia","municipio":"Anaurilândia","categoria":"Cidade","subcategoria":"Sede Municipal","fonte_localidade":"IBGE Localidades do Brasil 2022"}},{"type":"Feature","geometry":{"type":"Point","coordinates":[-53.771777,-22.15893]},"properties":{"nome":"Angélica","municipio":"Angélica","categoria":"Cidade","subcategoria":"Sede Municipal","fonte_localidade":"IBGE Localidades do Brasil 2022"}},{"type":"Feature","geometry":{"type":"Point","coordinates":[-55.9481,-22.1947]},"properties":{"nome":"Antônio João","municipio":"Antônio João","categoria":"Cidade","subcategoria":"Sede Municipal","fonte_localidade":"IBGE Localidades do Brasil 2022"}},{"type":"Feature","geometry":{"type":"Point","coordinates":[-51.102423,-20.086796]},"properties":{"nome":"Aparecida do Taboado","municipio":"Aparecida do Taboado","categoria":"Cidade","subcategoria":"Sede Municipal","fonte_localidade":"IBGE Localidades do Brasil 2022"}},{"type":"Feature","geometry":{"type":"Point","coordinates":[-55.7813,-20.4593]},"properties":{"nome":"Aquidauana","municipio":"Aquidauana","categoria":"Cidade","subcategoria":"Sede Municipal","fonte_localidade":"IBGE Localidades do Brasil 2022"}},{"type":"Feature","geometry":{"type":"Point","coordinates":[-55.6308,-22.9479]},"properties":{"nome":"Aral Moreira","municipio":"Aral Moreira","categoria":"Cidade","subcategoria":"Sede Municipal","fonte_localidade":"IBGE Localidades do Brasil 2022"}},{"type":"Feature","geometry":{"type":"Point","coordinates":[-54.3627,-19.92]},"properties":{"nome":"Bandeirantes","municipio":"Bandeirantes","categoria":"Cidade","subcategoria":"Sede Municipal","fonte_localidade":"IBGE Localidades do Brasil 2022"}},{"type":"Feature","geometry":{"type":"Point","coordinates":[-52.421742,-21.718617]},"properties":{"nome":"Bataguassu","municipio":"Bataguassu","categoria":"Cidade","subcategoria":"Sede Municipal","fonte_localidade":"IBGE Localidades do Brasil 2022"}},{"type":"Feature","geometry":{"type":"Point","coordinates":[-53.267155,-22.29546]},"properties":{"nome":"Batayporã","municipio":"Batayporã","categoria":"Cidade","subcategoria":"Sede Municipal","fonte_localidade":"IBGE Localidades do Brasil 2022"}},{"type":"Feature","geometry":{"type":"Point","coordinates":[-56.535522,-22.105706]},"properties":{"nome":"Bela Vista","municipio":"Bela Vista","categoria":"Cidade","subcategoria":"Sede Municipal","fonte_localidade":"IBGE Localidades do Brasil 2022"}},{"type":"Feature","geometry":{"type":"Point","coordinates":[-56.6773,-20.5526]},"properties":{"nome":"Bodoquena","municipio":"Bodoquena","categoria":"Cidade","subcategoria":"Sede Municipal","fonte_localidade":"IBGE Localidades do Brasil 2022"}},{"type":"Feature","geometry":{"type":"Point","coordinates":[-56.4872,-21.1277]},"properties":{"nome":"Bonito","municipio":"Bonito","categoria":"Cidade","subcategoria":"Sede Municipal","fonte_localidade":"IBGE Localidades do Brasil 2022"}},{"type":"Feature","geometry":{"type":"Point","coordinates":[-52.0363,-21.2471]},"properties":{"nome":"Brasilândia","municipio":"Brasilândia","categoria":"Cidade","subcategoria":"Sede Municipal","fonte_localidade":"IBGE Localidades do Brasil 2022"}},{"type":"Feature","geometry":{"type":"Point","coordinates":[-54.8241,-22.6348]},"properties":{"nome":"Caarapó","municipio":"Caarapó","categoria":"Cidade","subcategoria":"Sede Municipal","fonte_localidade":"IBGE Localidades do Brasil 2022"}},{"type":"Feature","geometry":{"type":"Point","coordinates":[-54.0417,-19.5336]},"properties":{"nome":"Camapuã","municipio":"Camapuã","categoria":"Cidade","subcategoria":"Sede Municipal","fonte_localidade":"IBGE Localidades do Brasil 2022"}},{"type":"Feature","geometry":{"type":"Point","coordinates":[-54.6086,-20.4626]},"properties":{"nome":"Campo Grande","municipio":"Campo Grande","categoria":"Cidade","subcategoria":"Sede Municipal","fonte_localidade":"IBGE Localidades do Brasil 2022"}},{"type":"Feature","geometry":{"type":"Point","coordinates":[-54.6086,-20.4626]},"properties":{"nome":"Campo Grande","municipio":"Campo Grande","categoria":"Cidade","subcategoria":"Capital Estadual","fonte_localidade":"IBGE Localidades do Brasil 2022"}},{"type":"Feature","geometry":{"type":"Point","coordinates":[-57.028836,-22.018003]},"properties":{"nome":"Caracol","municipio":"Caracol","categoria":"Cidade","subcategoria":"Sede Municipal","fonte_localidade":"IBGE Localidades do Brasil 2022"}},{"type":"Feature","geometry":{"type":"Point","coordinates":[-51.733342,-19.113266]},"properties":{"nome":"Cassilândia","municipio":"Cassilândia","categoria":"Cidade","subcategoria":"Sede Municipal","fonte_localidade":"IBGE Localidades do Brasil 2022"}},{"type":"Feature","geometry":{"type":"Point","coordinates":[-52.619363,-18.797179]},"properties":{"nome":"Chapadão do Sul","municipio":"Chapadão do Sul","categoria":"Cidade","subcategoria":"Sede Municipal","fonte_localidade":"IBGE Localidades do Brasil 2022"}},{"type":"Feature","geometry":{"type":"Point","coordinates":[-54.829,-19.8334]},"properties":{"nome":"Corguinho","municipio":"Corguinho","categoria":"Cidade","subcategoria":"Sede Municipal","fonte_localidade":"IBGE Localidades do Brasil 2022"}},{"type":"Feature","geometry":{"type":"Point","coordinates":[-55.5413,-23.2764]},"properties":{"nome":"Coronel Sapucaia","municipio":"Coronel Sapucaia","categoria":"Cidade","subcategoria":"Sede Municipal","fonte_localidade":"IBGE Localidades do Brasil 2022"}},{"type":"Feature","geometry":{"type":"Point","coordinates":[-57.674647,-19.005812]},"properties":{"nome":"Corumbá","municipio":"Corumbá","categoria":"Cidade","subcategoria":"Sede Municipal","fonte_localidade":"IBGE Localidades do Brasil 2022"}},{"type":"Feature","geometry":{"type":"Point","coordinates":[-53.133,-18.5449]},"properties":{"nome":"Costa Rica","municipio":"Costa Rica","categoria":"Cidade","subcategoria":"Sede Municipal","fonte_localidade":"IBGE Localidades do Brasil 2022"}},{"type":"Feature","geometry":{"type":"Point","coordinates":[-54.7606,-18.5033]},"properties":{"nome":"Coxim","municipio":"Coxim","categoria":"Cidade","subcategoria":"Sede Municipal","fonte_localidade":"IBGE Localidades do Brasil 2022"}},{"type":"Feature","geometry":{"type":"Point","coordinates":[-54.164344,-22.275211]},"properties":{"nome":"Deodápolis","municipio":"Deodápolis","categoria":"Cidade","subcategoria":"Sede Municipal","fonte_localidade":"IBGE Localidades do Brasil 2022"}},{"type":"Feature","geometry":{"type":"Point","coordinates":[-55.286511,-20.6913]},"properties":{"nome":"Dois Irmãos do Buriti","municipio":"Dois Irmãos do Buriti","categoria":"Cidade","subcategoria":"Sede Municipal","fonte_localidade":"IBGE Localidades do Brasil 2022"}},{"type":"Feature","geometry":{"type":"Point","coordinates":[-54.610694,-22.041158]},"properties":{"nome":"Douradina","municipio":"Douradina","categoria":"Cidade","subcategoria":"Sede Municipal","fonte_localidade":"IBGE Localidades do Brasil 2022"}},{"type":"Feature","geometry":{"type":"Point","coordinates":[-54.7831,-22.241]},"properties":{"nome":"Dourados","municipio":"Dourados","categoria":"Cidade","subcategoria":"Sede Municipal","fonte_localidade":"IBGE Localidades do Brasil 2022"}},{"type":"Feature","geometry":{"type":"Point","coordinates":[-54.28734,-23.786229]},"properties":{"nome":"Eldorado","municipio":"Eldorado","categoria":"Cidade","subcategoria":"Sede Municipal","fonte_localidade":"IBGE Localidades do Brasil 2022"}},{"type":"Feature","geometry":{"type":"Point","coordinates":[-54.516731,-22.387897]},"properties":{"nome":"Fátima do Sul","municipio":"Fátima do Sul","categoria":"Cidade","subcategoria":"Sede Municipal","fonte_localidade":"IBGE Localidades do Brasil 2022"}},{"type":"Feature","geometry":{"type":"Point","coordinates":[-53.6417,-18.6752]},"properties":{"nome":"Figueirão","municipio":"Figueirão","categoria":"Cidade","subcategoria":"Sede Municipal","fonte_localidade":"IBGE Localidades do Brasil 2022"}},{"type":"Feature","geometry":{"type":"Point","coordinates":[-54.234422,-22.408317]},"properties":{"nome":"Glória de Dourados","municipio":"Glória de Dourados","categoria":"Cidade","subcategoria":"Sede Municipal","fonte_localidade":"IBGE Localidades do Brasil 2022"}},{"type":"Feature","geometry":{"type":"Point","coordinates":[-56.108214,-21.455822]},"properties":{"nome":"Guia Lopes da Laguna","municipio":"Guia Lopes da Laguna","categoria":"Cidade","subcategoria":"Sede Municipal","fonte_localidade":"IBGE Localidades do Brasil 2022"}},{"type":"Feature","geometry":{"type":"Point","coordinates":[-54.562725,-23.684345]},"properties":{"nome":"Iguatemi","municipio":"Iguatemi","categoria":"Cidade","subcategoria":"Sede Municipal","fonte_localidade":"IBGE Localidades do Brasil 2022"}},{"type":"Feature","geometry":{"type":"Point","coordinates":[-51.929585,-19.728792]},"properties":{"nome":"Inocência","municipio":"Inocência","categoria":"Cidade","subcategoria":"Sede Municipal","fonte_localidade":"IBGE Localidades do Brasil 2022"}},{"type":"Feature","geometry":{"type":"Point","coordinates":[-54.787075,-22.082331]},"properties":{"nome":"Itaporã","municipio":"Itaporã","categoria":"Cidade","subcategoria":"Sede Municipal","fonte_localidade":"IBGE Localidades do Brasil 2022"}},{"type":"Feature","geometry":{"type":"Point","coordinates":[-54.182382,-23.484568]},"properties":{"nome":"Itaquiraí","municipio":"Itaquiraí","categoria":"Cidade","subcategoria":"Sede Municipal","fonte_localidade":"IBGE Localidades do Brasil 2022"}},{"type":"Feature","geometry":{"type":"Point","coordinates":[-53.8302,-22.3069]},"properties":{"nome":"Ivinhema","municipio":"Ivinhema","categoria":"Cidade","subcategoria":"Sede Municipal","fonte_localidade":"IBGE Localidades do Brasil 2022"}},{"type":"Feature","geometry":{"type":"Point","coordinates":[-54.4035,-23.8941]},"properties":{"nome":"Japorã","municipio":"Japorã","categoria":"Cidade","subcategoria":"Sede Municipal","fonte_localidade":"IBGE Localidades do Brasil 2022"}},{"type":"Feature","geometry":{"type":"Point","coordinates":[-54.4368,-20.102]},"properties":{"nome":"Jaraguari","municipio":"Jaraguari","categoria":"Cidade","subcategoria":"Sede Municipal","fonte_localidade":"IBGE Localidades do Brasil 2022"}},{"type":"Feature","geometry":{"type":"Point","coordinates":[-56.1399,-21.4809]},"properties":{"nome":"Jardim","municipio":"Jardim","categoria":"Cidade","subcategoria":"Sede Municipal","fonte_localidade":"IBGE Localidades do Brasil 2022"}},{"type":"Feature","geometry":{"type":"Point","coordinates":[-54.306822,-22.480386]},"properties":{"nome":"Jateí","municipio":"Jateí","categoria":"Cidade","subcategoria":"Sede Municipal","fonte_localidade":"IBGE Localidades do Brasil 2022"}},{"type":"Feature","geometry":{"type":"Point","coordinates":[-54.606861,-22.860788]},"properties":{"nome":"Juti","municipio":"Juti","categoria":"Cidade","subcategoria":"Sede Municipal","fonte_localidade":"IBGE Localidades do Brasil 2022"}},{"type":"Feature","geometry":{"type":"Point","coordinates":[-57.6113,-19.0063]},"properties":{"nome":"Ladário","municipio":"Ladário","categoria":"Cidade","subcategoria":"Sede Municipal","fonte_localidade":"IBGE Localidades do Brasil 2022"}},{"type":"Feature","geometry":{"type":"Point","coordinates":[-55.1492,-22.5544]},"properties":{"nome":"Laguna Carapã","municipio":"Laguna Carapã","categoria":"Cidade","subcategoria":"Sede Municipal","fonte_localidade":"IBGE Localidades do Brasil 2022"}},{"type":"Feature","geometry":{"type":"Point","coordinates":[-55.1563,-21.6218]},"properties":{"nome":"Maracaju","municipio":"Maracaju","categoria":"Cidade","subcategoria":"Sede Municipal","fonte_localidade":"IBGE Localidades do Brasil 2022"}},{"type":"Feature","geometry":{"type":"Point","coordinates":[-56.3862,-20.2396]},"properties":{"nome":"Miranda","municipio":"Miranda","categoria":"Cidade","subcategoria":"Sede Municipal","fonte_localidade":"IBGE Localidades do Brasil 2022"}},{"type":"Feature","geometry":{"type":"Point","coordinates":[-54.278522,-23.937442]},"properties":{"nome":"Mundo Novo","municipio":"Mundo Novo","categoria":"Cidade","subcategoria":"Sede Municipal","fonte_localidade":"IBGE Localidades do Brasil 2022"}},{"type":"Feature","geometry":{"type":"Point","coordinates":[-54.2018,-23.0629]},"properties":{"nome":"Naviraí","municipio":"Naviraí","categoria":"Cidade","subcategoria":"Sede Municipal","fonte_localidade":"IBGE Localidades do Brasil 2022"}},{"type":"Feature","geometry":{"type":"Point","coordinates":[-55.8314,-21.1589]},"properties":{"nome":"Nioaque","municipio":"Nioaque","categoria":"Cidade","subcategoria":"Sede Municipal","fonte_localidade":"IBGE Localidades do Brasil 2022"}},{"type":"Feature","geometry":{"type":"Point","coordinates":[-54.3828,-21.4666]},"properties":{"nome":"Nova Alvorada do Sul","municipio":"Nova Alvorada do Sul","categoria":"Cidade","subcategoria":"Sede Municipal","fonte_localidade":"IBGE Localidades do Brasil 2022"}},{"type":"Feature","geometry":{"type":"Point","coordinates":[-53.3434,-22.2424]},"properties":{"nome":"Nova Andradina","municipio":"Nova Andradina","categoria":"Cidade","subcategoria":"Sede Municipal","fonte_localidade":"IBGE Localidades do Brasil 2022"}},{"type":"Feature","geometry":{"type":"Point","coordinates":[-53.860012,-22.656096]},"properties":{"nome":"Novo Horizonte do Sul","municipio":"Novo Horizonte do Sul","categoria":"Cidade","subcategoria":"Sede Municipal","fonte_localidade":"IBGE Localidades do Brasil 2022"}},{"type":"Feature","geometry":{"type":"Point","coordinates":[-53.010919,-19.021837]},"properties":{"nome":"Paraíso das Águas","municipio":"Paraíso das Águas","categoria":"Cidade","subcategoria":"Sede Municipal","fonte_localidade":"IBGE Localidades do Brasil 2022"}},{"type":"Feature","geometry":{"type":"Point","coordinates":[-51.198619,-19.677269]},"properties":{"nome":"Paranaíba","municipio":"Paranaíba","categoria":"Cidade","subcategoria":"Sede Municipal","fonte_localidade":"IBGE Localidades do Brasil 2022"}},{"type":"Feature","geometry":{"type":"Point","coordinates":[-55.42995,-23.889628]},"properties":{"nome":"Paranhos","municipio":"Paranhos","categoria":"Cidade","subcategoria":"Sede Municipal","fonte_localidade":"IBGE Localidades do Brasil 2022"}},{"type":"Feature","geometry":{"type":"Point","coordinates":[-54.5551,-18.1006]},"properties":{"nome":"Pedro Gomes","municipio":"Pedro Gomes","categoria":"Cidade","subcategoria":"Sede Municipal","fonte_localidade":"IBGE Localidades do Brasil 2022"}},{"type":"Feature","geometry":{"type":"Point","coordinates":[-55.7246,-22.5385]},"properties":{"nome":"Ponta Porã","municipio":"Ponta Porã","categoria":"Cidade","subcategoria":"Sede Municipal","fonte_localidade":"IBGE Localidades do Brasil 2022"}},{"type":"Feature","geometry":{"type":"Point","coordinates":[-57.888869,-21.697914]},"properties":{"nome":"Porto Murtinho","municipio":"Porto Murtinho","categoria":"Cidade","subcategoria":"Sede Municipal","fonte_localidade":"IBGE Localidades do Brasil 2022"}},{"type":"Feature","geometry":{"type":"Point","coordinates":[-53.7561,-20.4441]},"properties":{"nome":"Ribas do Rio Pardo","municipio":"Ribas do Rio Pardo","categoria":"Cidade","subcategoria":"Sede Municipal","fonte_localidade":"IBGE Localidades do Brasil 2022"}},{"type":"Feature","geometry":{"type":"Point","coordinates":[-54.5428,-21.8016]},"properties":{"nome":"Rio Brilhante","municipio":"Rio Brilhante","categoria":"Cidade","subcategoria":"Sede Municipal","fonte_localidade":"IBGE Localidades do Brasil 2022"}},{"type":"Feature","geometry":{"type":"Point","coordinates":[-54.9885,-19.449]},"properties":{"nome":"Rio Negro","municipio":"Rio Negro","categoria":"Cidade","subcategoria":"Sede Municipal","fonte_localidade":"IBGE Localidades do Brasil 2022"}},{"type":"Feature","geometry":{"type":"Point","coordinates":[-54.8406,-18.918]},"properties":{"nome":"Rio Verde de Mato Grosso","municipio":"Rio Verde de Mato Grosso","categoria":"Cidade","subcategoria":"Sede Municipal","fonte_localidade":"IBGE Localidades do Brasil 2022"}},{"type":"Feature","geometry":{"type":"Point","coordinates":[-54.8928,-19.9619]},"properties":{"nome":"Rochedo","municipio":"Rochedo","categoria":"Cidade","subcategoria":"Sede Municipal","fonte_localidade":"IBGE Localidades do Brasil 2022"}},{"type":"Feature","geometry":{"type":"Point","coordinates":[-52.821172,-21.305589]},"properties":{"nome":"Santa Rita do Pardo","municipio":"Santa Rita do Pardo","categoria":"Cidade","subcategoria":"Sede Municipal","fonte_localidade":"IBGE Localidades do Brasil 2022"}},{"type":"Feature","geometry":{"type":"Point","coordinates":[-54.5772,-19.4031]},"properties":{"nome":"São Gabriel do Oeste","municipio":"São Gabriel do Oeste","categoria":"Cidade","subcategoria":"Sede Municipal","fonte_localidade":"IBGE Localidades do Brasil 2022"}},{"type":"Feature","geometry":{"type":"Point","coordinates":[-55.040692,-23.979092]},"properties":{"nome":"Sete Quedas","municipio":"Sete Quedas","categoria":"Cidade","subcategoria":"Sede Municipal","fonte_localidade":"IBGE Localidades do Brasil 2022"}},{"type":"Feature","geometry":{"type":"Point","coordinates":[-51.4239,-20.3643]},"properties":{"nome":"Selvíria","municipio":"Selvíria","categoria":"Cidade","subcategoria":"Sede Municipal","fonte_localidade":"IBGE Localidades do Brasil 2022"}},{"type":"Feature","geometry":{"type":"Point","coordinates":[-54.9606,-20.932]},"properties":{"nome":"Sidrolândia","municipio":"Sidrolândia","categoria":"Cidade","subcategoria":"Sede Municipal","fonte_localidade":"IBGE Localidades do Brasil 2022"}},{"type":"Feature","geometry":{"type":"Point","coordinates":[-54.7529,-17.5879]},"properties":{"nome":"Sonora","municipio":"Sonora","categoria":"Cidade","subcategoria":"Sede Municipal","fonte_localidade":"IBGE Localidades do Brasil 2022"}},{"type":"Feature","geometry":{"type":"Point","coordinates":[-55.018933,-23.640378]},"properties":{"nome":"Tacuru","municipio":"Tacuru","categoria":"Cidade","subcategoria":"Sede Municipal","fonte_localidade":"IBGE Localidades do Brasil 2022"}},{"type":"Feature","geometry":{"type":"Point","coordinates":[-53.350331,-22.486874]},"properties":{"nome":"Taquarussu","municipio":"Taquarussu","categoria":"Cidade","subcategoria":"Sede Municipal","fonte_localidade":"IBGE Localidades do Brasil 2022"}},{"type":"Feature","geometry":{"type":"Point","coordinates":[-54.865,-20.4405]},"properties":{"nome":"Terenos","municipio":"Terenos","categoria":"Cidade","subcategoria":"Sede Municipal","fonte_localidade":"IBGE Localidades do Brasil 2022"}},{"type":"Feature","geometry":{"type":"Point","coordinates":[-51.7089,-20.7911]},"properties":{"nome":"Três Lagoas","municipio":"Três Lagoas","categoria":"Cidade","subcategoria":"Sede Municipal","fonte_localidade":"IBGE Localidades do Brasil 2022"}},{"type":"Feature","geometry":{"type":"Point","coordinates":[-54.440525,-22.410858]},"properties":{"nome":"Vicentina","municipio":"Vicentina","categoria":"Cidade","subcategoria":"Sede Municipal","fonte_localidade":"IBGE Localidades do Brasil 2022"}},{"type":"Feature","geometry":{"type":"Point","coordinates":[-54.068098,-22.05145]},"properties":{"nome":"Ipezal","municipio":"Angélica","categoria":"Vila","subcategoria":"","fonte_localidade":"IBGE Localidades do Brasil 2022"}},{"type":"Feature","geometry":{"type":"Point","coordinates":[-56.037544,-22.207371]},"properties":{"nome":"Campestre","municipio":"Antônio João","categoria":"Vila","subcategoria":"","fonte_localidade":"IBGE Localidades do Brasil 2022"}},{"type":"Feature","geometry":{"type":"Point","coordinates":[-55.635124,-20.483658]},"properties":{"nome":"Camisão","municipio":"Aquidauana","categoria":"Vila","subcategoria":"","fonte_localidade":"IBGE Localidades do Brasil 2022"}},{"type":"Feature","geometry":{"type":"Point","coordinates":[-55.393193,-20.129078]},"properties":{"nome":"Cipolândia","municipio":"Aquidauana","categoria":"Vila","subcategoria":"","fonte_localidade":"IBGE Localidades do Brasil 2022"}},{"type":"Feature","geometry":{"type":"Point","coordinates":[-55.535656,-20.477504]},"properties":{"nome":"Piraputanga","municipio":"Aquidauana","categoria":"Vila","subcategoria":"","fonte_localidade":"IBGE Localidades do Brasil 2022"}},{"type":"Feature","geometry":{"type":"Point","coordinates":[-56.070049,-20.288147]},"properties":{"nome":"Taunay","municipio":"Aquidauana","categoria":"Vila","subcategoria":"","fonte_localidade":"IBGE Localidades do Brasil 2022"}},{"type":"Feature","geometry":{"type":"Point","coordinates":[-54.351882,-19.677318]},"properties":{"nome":"Congonha","municipio":"Bandeirantes","categoria":"Vila","subcategoria":"","fonte_localidade":"IBGE Localidades do Brasil 2022"}},{"type":"Feature","geometry":{"type":"Point","coordinates":[-52.262164,-21.726881]},"properties":{"nome":"Porto XV de Novembro","municipio":"Bataguassu","categoria":"Vila","subcategoria":"","fonte_localidade":"IBGE Localidades do Brasil 2022"}},{"type":"Feature","geometry":{"type":"Point","coordinates":[-56.599303,-22.083551]},"properties":{"nome":"Nossa Senhora de Fátima","municipio":"Bela Vista","categoria":"Vila","subcategoria":"","fonte_localidade":"IBGE Localidades do Brasil 2022"}},{"type":"Feature","geometry":{"type":"Point","coordinates":[-56.89942,-20.536114]},"properties":{"nome":"Morraria do Sul","municipio":"Bodoquena","categoria":"Vila","subcategoria":"","fonte_localidade":"IBGE Localidades do Brasil 2022"}},{"type":"Feature","geometry":{"type":"Point","coordinates":[-56.095485,-20.761954]},"properties":{"nome":"Águas de Miranda","municipio":"Bonito","categoria":"Vila","subcategoria":"","fonte_localidade":"IBGE Localidades do Brasil 2022"}},{"type":"Feature","geometry":{"type":"Point","coordinates":[-52.328281,-21.46662]},"properties":{"nome":"Debrasa","municipio":"Brasilândia","categoria":"Vila","subcategoria":"","fonte_localidade":"IBGE Localidades do Brasil 2022"}},{"type":"Feature","geometry":{"type":"Point","coordinates":[-54.758082,-22.498381]},"properties":{"nome":"Cristalina","municipio":"Caarapó","categoria":"Vila","subcategoria":"","fonte_localidade":"IBGE Localidades do Brasil 2022"}},{"type":"Feature","geometry":{"type":"Point","coordinates":[-54.865348,-22.497874]},"properties":{"nome":"Nova América","municipio":"Caarapó","categoria":"Vila","subcategoria":"","fonte_localidade":"IBGE Localidades do Brasil 2022"}},{"type":"Feature","geometry":{"type":"Point","coordinates":[-53.899151,-19.017292]},"properties":{"nome":"Pontinha do Cocho","municipio":"Camapuã","categoria":"Vila","subcategoria":"","fonte_localidade":"IBGE Localidades do Brasil 2022"}},{"type":"Feature","geometry":{"type":"Point","coordinates":[-54.504944,-20.980079]},"properties":{"nome":"Anhanduí","municipio":"Campo Grande","categoria":"Vila","subcategoria":"","fonte_localidade":"IBGE Localidades do Brasil 2022"}},{"type":"Feature","geometry":{"type":"Point","coordinates":[-54.789756,-20.242225]},"properties":{"nome":"Rochedinho","municipio":"Campo Grande","categoria":"Vila","subcategoria":"","fonte_localidade":"IBGE Localidades do Brasil 2022"}},{"type":"Feature","geometry":{"type":"Point","coordinates":[-52.368184,-18.993001]},"properties":{"nome":"Indaiá do Sul","municipio":"Cassilândia","categoria":"Vila","subcategoria":"","fonte_localidade":"IBGE Localidades do Brasil 2022"}},{"type":"Feature","geometry":{"type":"Point","coordinates":[-54.735339,-19.726126]},"properties":{"nome":"Baianópolis","municipio":"Corguinho","categoria":"Vila","subcategoria":"","fonte_localidade":"IBGE Localidades do Brasil 2022"}},{"type":"Feature","geometry":{"type":"Point","coordinates":[-57.412412,-19.397741]},"properties":{"nome":"Albuquerque","municipio":"Corumbá","categoria":"Vila","subcategoria":"","fonte_localidade":"IBGE Localidades do Brasil 2022"}},{"type":"Feature","geometry":{"type":"Point","coordinates":[-57.489829,-18.039388]},"properties":{"nome":"Amolar","municipio":"Corumbá","categoria":"Vila","subcategoria":"","fonte_localidade":"IBGE Localidades do Brasil 2022"}},{"type":"Feature","geometry":{"type":"Point","coordinates":[-57.797422,-19.919245]},"properties":{"nome":"Coimbra","municipio":"Corumbá","categoria":"Vila","subcategoria":"","fonte_localidade":"IBGE Localidades do Brasil 2022"}},{"type":"Feature","geometry":{"type":"Point","coordinates":[-57.061694,-19.251962]},"properties":{"nome":"Nhecolândia","municipio":"Corumbá","categoria":"Vila","subcategoria":"","fonte_localidade":"IBGE Localidades do Brasil 2022"}},{"type":"Feature","geometry":{"type":"Point","coordinates":[-56.007551,-18.041849]},"properties":{"nome":"Paiaguás","municipio":"Corumbá","categoria":"Vila","subcategoria":"","fonte_localidade":"IBGE Localidades do Brasil 2022"}},{"type":"Feature","geometry":{"type":"Point","coordinates":[-57.446473,-19.604652]},"properties":{"nome":"Porto Esperança","municipio":"Corumbá","categoria":"Vila","subcategoria":"","fonte_localidade":"IBGE Localidades do Brasil 2022"}},{"type":"Feature","geometry":{"type":"Point","coordinates":[-53.032813,-18.446454]},"properties":{"nome":"Baús","municipio":"Costa Rica","categoria":"Vila","subcategoria":"","fonte_localidade":"IBGE Localidades do Brasil 2022"}},{"type":"Feature","geometry":{"type":"Point","coordinates":[-54.363075,-18.650259]},"properties":{"nome":"Jauru","municipio":"Coxim","categoria":"Vila","subcategoria":"","fonte_localidade":"IBGE Localidades do Brasil 2022"}},{"type":"Feature","geometry":{"type":"Point","coordinates":[-54.631632,-18.562323]},"properties":{"nome":"São Romão","municipio":"Coxim","categoria":"Vila","subcategoria":"","fonte_localidade":"IBGE Localidades do Brasil 2022"}},{"type":"Feature","geometry":{"type":"Point","coordinates":[-54.67882,-18.502448]},"properties":{"nome":"Taquari","municipio":"Coxim","categoria":"Vila","subcategoria":"","fonte_localidade":"IBGE Localidades do Brasil 2022"}},{"type":"Feature","geometry":{"type":"Point","coordinates":[-54.225297,-22.266654]},"properties":{"nome":"Lagoa Bonita","municipio":"Deodápolis","categoria":"Vila","subcategoria":"","fonte_localidade":"IBGE Localidades do Brasil 2022"}},{"type":"Feature","geometry":{"type":"Point","coordinates":[-54.191775,-22.07587]},"properties":{"nome":"Porto Vilma","municipio":"Deodápolis","categoria":"Vila","subcategoria":"","fonte_localidade":"IBGE Localidades do Brasil 2022"}},{"type":"Feature","geometry":{"type":"Point","coordinates":[-54.123789,-22.173455]},"properties":{"nome":"Presidente Castelo","municipio":"Deodápolis","categoria":"Vila","subcategoria":"","fonte_localidade":"IBGE Localidades do Brasil 2022"}},{"type":"Feature","geometry":{"type":"Point","coordinates":[-54.167757,-22.111281]},"properties":{"nome":"Vila União","municipio":"Deodápolis","categoria":"Vila","subcategoria":"","fonte_localidade":"IBGE Localidades do Brasil 2022"}},{"type":"Feature","geometry":{"type":"Point","coordinates":[-55.42865,-20.447494]},"properties":{"nome":"Palmeiras","municipio":"Dois Irmãos do Buriti","categoria":"Vila","subcategoria":"","fonte_localidade":"IBGE Localidades do Brasil 2022"}},{"type":"Feature","geometry":{"type":"Point","coordinates":[-54.588177,-21.995468]},"properties":{"nome":"Bocajá","municipio":"Douradina","categoria":"Vila","subcategoria":"","fonte_localidade":"IBGE Localidades do Brasil 2022"}},{"type":"Feature","geometry":{"type":"Point","coordinates":[-54.568883,-22.080598]},"properties":{"nome":"Cruzaltina","municipio":"Douradina","categoria":"Vila","subcategoria":"","fonte_localidade":"IBGE Localidades do Brasil 2022"}},{"type":"Feature","geometry":{"type":"Point","coordinates":[-54.48793,-22.139674]},"properties":{"nome":"Guaçu","municipio":"Dourados","categoria":"Vila","subcategoria":"","fonte_localidade":"IBGE Localidades do Brasil 2022"}},{"type":"Feature","geometry":{"type":"Point","coordinates":[-55.347408,-22.090169]},"properties":{"nome":"Itaum","municipio":"Dourados","categoria":"Vila","subcategoria":"","fonte_localidade":"IBGE Localidades do Brasil 2022"}},{"type":"Feature","geometry":{"type":"Point","coordinates":[-54.694521,-22.115899]},"properties":{"nome":"Panambi","municipio":"Dourados","categoria":"Vila","subcategoria":"","fonte_localidade":"IBGE Localidades do Brasil 2022"}},{"type":"Feature","geometry":{"type":"Point","coordinates":[-55.139933,-22.133569]},"properties":{"nome":"Picadinha","municipio":"Dourados","categoria":"Vila","subcategoria":"","fonte_localidade":"IBGE Localidades do Brasil 2022"}},{"type":"Feature","geometry":{"type":"Point","coordinates":[-54.673487,-22.182789]},"properties":{"nome":"São Pedro","municipio":"Dourados","categoria":"Vila","subcategoria":"","fonte_localidade":"IBGE Localidades do Brasil 2022"}},{"type":"Feature","geometry":{"type":"Point","coordinates":[-54.652004,-22.20677]},"properties":{"nome":"Indápolis","municipio":"Dourados","categoria":"Vila","subcategoria":"","fonte_localidade":"IBGE Localidades do Brasil 2022"}},{"type":"Feature","geometry":{"type":"Point","coordinates":[-54.505823,-22.085757]},"properties":{"nome":"Vila Formosa","municipio":"Dourados","categoria":"Vila","subcategoria":"","fonte_localidade":"IBGE Localidades do Brasil 2022"}},{"type":"Feature","geometry":{"type":"Point","coordinates":[-54.616111,-22.133249]},"properties":{"nome":"Vila Vargas","municipio":"Dourados","categoria":"Vila","subcategoria":"","fonte_localidade":"IBGE Localidades do Brasil 2022"}},{"type":"Feature","geometry":{"type":"Point","coordinates":[-54.105572,-23.798825]},"properties":{"nome":"Morumbi","municipio":"Eldorado","categoria":"Vila","subcategoria":"","fonte_localidade":"IBGE Localidades do Brasil 2022"}},{"type":"Feature","geometry":{"type":"Point","coordinates":[-54.34012,-22.306927]},"properties":{"nome":"Culturama","municipio":"Fátima do Sul","categoria":"Vila","subcategoria":"","fonte_localidade":"IBGE Localidades do Brasil 2022"}},{"type":"Feature","geometry":{"type":"Point","coordinates":[-54.159559,-22.492821]},"properties":{"nome":"Guaçulândia","municipio":"Glória de Dourados","categoria":"Vila","subcategoria":"","fonte_localidade":"IBGE Localidades do Brasil 2022"}},{"type":"Feature","geometry":{"type":"Point","coordinates":[-52.027416,-19.441783]},"properties":{"nome":"Morangas","municipio":"Inocência","categoria":"Vila","subcategoria":"","fonte_localidade":"IBGE Localidades do Brasil 2022"}},{"type":"Feature","geometry":{"type":"Point","coordinates":[-52.431311,-19.626456]},"properties":{"nome":"São José do Sucuriú","municipio":"Inocência","categoria":"Vila","subcategoria":"","fonte_localidade":"IBGE Localidades do Brasil 2022"}},{"type":"Feature","geometry":{"type":"Point","coordinates":[-51.941455,-19.923518]},"properties":{"nome":"São Pedro","municipio":"Inocência","categoria":"Vila","subcategoria":"","fonte_localidade":"IBGE Localidades do Brasil 2022"}},{"type":"Feature","geometry":{"type":"Point","coordinates":[-54.856753,-21.938049]},"properties":{"nome":"Carumbé","municipio":"Itaporã","categoria":"Vila","subcategoria":"","fonte_localidade":"IBGE Localidades do Brasil 2022"}},{"type":"Feature","geometry":{"type":"Point","coordinates":[-54.745535,-22.035003]},"properties":{"nome":"Montese","municipio":"Itaporã","categoria":"Vila","subcategoria":"","fonte_localidade":"IBGE Localidades do Brasil 2022"}},{"type":"Feature","geometry":{"type":"Point","coordinates":[-54.676676,-21.976945]},"properties":{"nome":"Piraporã","municipio":"Itaporã","categoria":"Vila","subcategoria":"","fonte_localidade":"IBGE Localidades do Brasil 2022"}},{"type":"Feature","geometry":{"type":"Point","coordinates":[-54.707386,-21.912766]},"properties":{"nome":"Santa Terezinha","municipio":"Itaporã","categoria":"Vila","subcategoria":"","fonte_localidade":"IBGE Localidades do Brasil 2022"}},{"type":"Feature","geometry":{"type":"Point","coordinates":[-53.592297,-22.384011]},"properties":{"nome":"Amandina","municipio":"Ivinhema","categoria":"Vila","subcategoria":"","fonte_localidade":"IBGE Localidades do Brasil 2022"}},{"type":"Feature","geometry":{"type":"Point","coordinates":[-54.525946,-23.807376]},"properties":{"nome":"Jacareí","municipio":"Japorã","categoria":"Vila","subcategoria":"","fonte_localidade":"IBGE Localidades do Brasil 2022"}},{"type":"Feature","geometry":{"type":"Point","coordinates":[-54.457252,-20.061317]},"properties":{"nome":"Bom Fim","municipio":"Jaraguari","categoria":"Vila","subcategoria":"","fonte_localidade":"IBGE Localidades do Brasil 2022"}},{"type":"Feature","geometry":{"type":"Point","coordinates":[-56.277214,-21.689186]},"properties":{"nome":"Boqueirão","municipio":"Jardim","categoria":"Vila","subcategoria":"","fonte_localidade":"IBGE Localidades do Brasil 2022"}},{"type":"Feature","geometry":{"type":"Point","coordinates":[-55.506824,-21.731126]},"properties":{"nome":"Vista Alegre","municipio":"Maracaju","categoria":"Vila","subcategoria":"","fonte_localidade":"IBGE Localidades do Brasil 2022"}},{"type":"Feature","geometry":{"type":"Point","coordinates":[-53.862523,-21.609262]},"properties":{"nome":"Pana","municipio":"Nova Alvorada do Sul","categoria":"Vila","subcategoria":"","fonte_localidade":"IBGE Localidades do Brasil 2022"}},{"type":"Feature","geometry":{"type":"Point","coordinates":[-53.267241,-21.758481]},"properties":{"nome":"Nova Casa Verde","municipio":"Nova Andradina","categoria":"Vila","subcategoria":"","fonte_localidade":"IBGE Localidades do Brasil 2022"}},{"type":"Feature","geometry":{"type":"Point","coordinates":[-52.701554,-19.31926]},"properties":{"nome":"Alto Sucuriú","municipio":"Paraíso das Águas","categoria":"Vila","subcategoria":"","fonte_localidade":"IBGE Localidades do Brasil 2022"}},{"type":"Feature","geometry":{"type":"Point","coordinates":[-53.162464,-19.242245]},"properties":{"nome":"Bela Alvorada","municipio":"Paraíso das Águas","categoria":"Vila","subcategoria":"","fonte_localidade":"IBGE Localidades do Brasil 2022"}},{"type":"Feature","geometry":{"type":"Point","coordinates":[-51.425588,-19.554615]},"properties":{"nome":"Alto Santana","municipio":"Paranaíba","categoria":"Vila","subcategoria":"","fonte_localidade":"IBGE Localidades do Brasil 2022"}},{"type":"Feature","geometry":{"type":"Point","coordinates":[-51.373,-19.427779]},"properties":{"nome":"Raimundo","municipio":"Paranaíba","categoria":"Vila","subcategoria":"","fonte_localidade":"IBGE Localidades do Brasil 2022"}},{"type":"Feature","geometry":{"type":"Point","coordinates":[-51.40868,-19.187331]},"properties":{"nome":"São João do Aporé","municipio":"Paranaíba","categoria":"Vila","subcategoria":"","fonte_localidade":"IBGE Localidades do Brasil 2022"}},{"type":"Feature","geometry":{"type":"Point","coordinates":[-51.692346,-19.325619]},"properties":{"nome":"Tamandaré","municipio":"Paranaíba","categoria":"Vila","subcategoria":"","fonte_localidade":"IBGE Localidades do Brasil 2022"}},{"type":"Feature","geometry":{"type":"Point","coordinates":[-51.797596,-19.438433]},"properties":{"nome":"Velhacaria","municipio":"Paranaíba","categoria":"Vila","subcategoria":"","fonte_localidade":"IBGE Localidades do Brasil 2022"}},{"type":"Feature","geometry":{"type":"Point","coordinates":[-55.872947,-22.038701]},"properties":{"nome":"Cabeceira do Apa","municipio":"Ponta Porã","categoria":"Vila","subcategoria":"","fonte_localidade":"IBGE Localidades do Brasil 2022"}},{"type":"Feature","geometry":{"type":"Point","coordinates":[-55.61872,-22.622329]},"properties":{"nome":"Sanga Puitã","municipio":"Ponta Porã","categoria":"Vila","subcategoria":"","fonte_localidade":"IBGE Localidades do Brasil 2022"}},{"type":"Feature","geometry":{"type":"Point","coordinates":[-53.944386,-20.38811]},"properties":{"nome":"Bálsamo","municipio":"Ribas do Rio Pardo","categoria":"Vila","subcategoria":"","fonte_localidade":"IBGE Localidades do Brasil 2022"}},{"type":"Feature","geometry":{"type":"Point","coordinates":[-54.432106,-21.652249]},"properties":{"nome":"Prudêncio Thomaz","municipio":"Rio Brilhante","categoria":"Vila","subcategoria":"","fonte_localidade":"IBGE Localidades do Brasil 2022"}},{"type":"Feature","geometry":{"type":"Point","coordinates":[-54.963819,-19.291157]},"properties":{"nome":"Nova Esperança","municipio":"Rio Negro","categoria":"Vila","subcategoria":"","fonte_localidade":"IBGE Localidades do Brasil 2022"}},{"type":"Feature","geometry":{"type":"Point","coordinates":[-54.914036,-19.075591]},"properties":{"nome":"Juscelândia","municipio":"Rio Verde de Mato Grosso","categoria":"Vila","subcategoria":"","fonte_localidade":"IBGE Localidades do Brasil 2022"}},{"type":"Feature","geometry":{"type":"Point","coordinates":[-54.798404,-20.138186]},"properties":{"nome":"Água Boa","municipio":"Rochedo","categoria":"Vila","subcategoria":"","fonte_localidade":"IBGE Localidades do Brasil 2022"}},{"type":"Feature","geometry":{"type":"Point","coordinates":[-54.327492,-19.252015]},"properties":{"nome":"Areado","municipio":"São Gabriel do Oeste","categoria":"Vila","subcategoria":"","fonte_localidade":"IBGE Localidades do Brasil 2022"}},{"type":"Feature","geometry":{"type":"Point","coordinates":[-54.427378,-19.472424]},"properties":{"nome":"Ponte Vermelha","municipio":"São Gabriel do Oeste","categoria":"Vila","subcategoria":"","fonte_localidade":"IBGE Localidades do Brasil 2022"}},{"type":"Feature","geometry":{"type":"Point","coordinates":[-54.683831,-21.046309]},"properties":{"nome":"Capão Seco","municipio":"Sidrolândia","categoria":"Vila","subcategoria":"","fonte_localidade":"IBGE Localidades do Brasil 2022"}},{"type":"Feature","geometry":{"type":"Point","coordinates":[-55.115124,-20.743352]},"properties":{"nome":"Quebra Côco","municipio":"Sidrolândia","categoria":"Vila","subcategoria":"","fonte_localidade":"IBGE Localidades do Brasil 2022"}},{"type":"Feature","geometry":{"type":"Point","coordinates":[-52.053307,-20.788547]},"properties":{"nome":"Arapuá","municipio":"Três Lagoas","categoria":"Vila","subcategoria":"","fonte_localidade":"IBGE Localidades do Brasil 2022"}},{"type":"Feature","geometry":{"type":"Point","coordinates":[-52.215202,-20.605644]},"properties":{"nome":"Garcias","municipio":"Três Lagoas","categoria":"Vila","subcategoria":"","fonte_localidade":"IBGE Localidades do Brasil 2022"}},{"type":"Feature","geometry":{"type":"Point","coordinates":[-51.643267,-20.933638]},"properties":{"nome":"Ilha Comprida","municipio":"Três Lagoas","categoria":"Vila","subcategoria":"","fonte_localidade":"IBGE Localidades do Brasil 2022"}},{"type":"Feature","geometry":{"type":"Point","coordinates":[-51.798549,-20.645933]},"properties":{"nome":"Guadalupe do Alto Paraná","municipio":"Três Lagoas","categoria":"Vila","subcategoria":"","fonte_localidade":"IBGE Localidades do Brasil 2022"}},{"type":"Feature","geometry":{"type":"Point","coordinates":[-54.462001,-22.49099]},"properties":{"nome":"São José","municipio":"Vicentina","categoria":"Vila","subcategoria":"","fonte_localidade":"IBGE Localidades do Brasil 2022"}},{"type":"Feature","geometry":{"type":"Point","coordinates":[-54.451877,-22.538762]},"properties":{"nome":"Vila Rica","municipio":"Vicentina","categoria":"Vila","subcategoria":"","fonte_localidade":"IBGE Localidades do Brasil 2022"}},{"type":"Feature","geometry":{"type":"Point","coordinates":[-52.891126,-20.405189]},"properties":{"nome":"Senhôzinho","municipio":"Água Clara","categoria":"Núcleo Urbano","subcategoria":"","fonte_localidade":"IBGE Localidades do Brasil 2022"}},{"type":"Feature","geometry":{"type":"Point","coordinates":[-55.239119,-23.078593]},"properties":{"nome":"Residencial Analy","municipio":"Amambai","categoria":"Núcleo Urbano","subcategoria":"","fonte_localidade":"IBGE Localidades do Brasil 2022"}},{"type":"Feature","geometry":{"type":"Point","coordinates":[-52.791468,-22.273346]},"properties":{"nome":"Condomínio Recanto do Lazer","municipio":"Anaurilândia","categoria":"Núcleo Urbano","subcategoria":"","fonte_localidade":"IBGE Localidades do Brasil 2022"}},{"type":"Feature","geometry":{"type":"Point","coordinates":[-51.035533,-20.099583]},"properties":{"nome":"Anduraluá","municipio":"Aparecida do Taboado","categoria":"Núcleo Urbano","subcategoria":"","fonte_localidade":"IBGE Localidades do Brasil 2022"}},{"type":"Feature","geometry":{"type":"Point","coordinates":[-51.02972,-20.039979]},"properties":{"nome":"Loteamento da Praia","municipio":"Aparecida do Taboado","categoria":"Núcleo Urbano","subcategoria":"","fonte_localidade":"IBGE Localidades do Brasil 2022"}},{"type":"Feature","geometry":{"type":"Point","coordinates":[-52.260641,-21.720096]},"properties":{"nome":"Nova Porto XV","municipio":"Bataguassu","categoria":"Núcleo Urbano","subcategoria":"","fonte_localidade":"IBGE Localidades do Brasil 2022"}},{"type":"Feature","geometry":{"type":"Point","coordinates":[-54.036822,-19.587967]},"properties":{"nome":"Lagoa de Sanguessuga","municipio":"Camapuã","categoria":"Núcleo Urbano","subcategoria":"","fonte_localidade":"IBGE Localidades do Brasil 2022"}},{"type":"Feature","geometry":{"type":"Point","coordinates":[-54.4874,-20.474978]},"properties":{"nome":"Terras do Golfe","municipio":"Campo Grande","categoria":"Núcleo Urbano","subcategoria":"","fonte_localidade":"IBGE Localidades do Brasil 2022"}},{"type":"Feature","geometry":{"type":"Point","coordinates":[-54.583237,-20.60231]},"properties":{"nome":"Dallas / Portal do Sol","municipio":"Campo Grande","categoria":"Núcleo Urbano","subcategoria":"","fonte_localidade":"IBGE Localidades do Brasil 2022"}},{"type":"Feature","geometry":{"type":"Point","coordinates":[-56.875974,-21.73413]},"properties":{"nome":"Glória Monteiro Scardin","municipio":"Caracol","categoria":"Núcleo Urbano","subcategoria":"","fonte_localidade":"IBGE Localidades do Brasil 2022"}},{"type":"Feature","geometry":{"type":"Point","coordinates":[-54.776482,-22.308584]},"properties":{"nome":"Distrito Industrial","municipio":"Dourados","categoria":"Núcleo Urbano","subcategoria":"","fonte_localidade":"IBGE Localidades do Brasil 2022"}},{"type":"Feature","geometry":{"type":"Point","coordinates":[-54.179799,-23.496566]},"properties":{"nome":"Betel","municipio":"Itaquiraí","categoria":"Núcleo Urbano","subcategoria":"","fonte_localidade":"IBGE Localidades do Brasil 2022"}},{"type":"Feature","geometry":{"type":"Point","coordinates":[-54.398233,-20.142301]},"properties":{"nome":"Jaguari Velho","municipio":"Jaraguari","categoria":"Núcleo Urbano","subcategoria":"","fonte_localidade":"IBGE Localidades do Brasil 2022"}},{"type":"Feature","geometry":{"type":"Point","coordinates":[-54.415968,-20.127788]},"properties":{"nome":"Vila Triângulo","municipio":"Jaraguari","categoria":"Núcleo Urbano","subcategoria":"","fonte_localidade":"IBGE Localidades do Brasil 2022"}},{"type":"Feature","geometry":{"type":"Point","coordinates":[-54.514121,-20.27827]},"properties":{"nome":"Condomínio Nasa Park","municipio":"Jaraguari","categoria":"Núcleo Urbano","subcategoria":"","fonte_localidade":"IBGE Localidades do Brasil 2022"}},{"type":"Feature","geometry":{"type":"Point","coordinates":[-56.505731,-20.194885]},"properties":{"nome":"Salobra","municipio":"Miranda","categoria":"Núcleo Urbano","subcategoria":"","fonte_localidade":"IBGE Localidades do Brasil 2022"}},{"type":"Feature","geometry":{"type":"Point","coordinates":[-54.206581,-23.105535]},"properties":{"nome":"Distrito Verde","municipio":"Naviraí","categoria":"Núcleo Urbano","subcategoria":"","fonte_localidade":"IBGE Localidades do Brasil 2022"}},{"type":"Feature","geometry":{"type":"Point","coordinates":[-55.573315,-22.195479]},"properties":{"nome":"Itamarati","municipio":"Ponta Porã","categoria":"Núcleo Urbano","subcategoria":"","fonte_localidade":"IBGE Localidades do Brasil 2022"}},{"type":"Feature","geometry":{"type":"Point","coordinates":[-52.887458,-20.415882]},"properties":{"nome":"Núcleo Industrial I - UNIFLORA","municipio":"Água Clara","categoria":"Núcleo Rural","subcategoria":"","fonte_localidade":"IBGE Localidades do Brasil 2022"}},{"type":"Feature","geometry":{"type":"Point","coordinates":[-52.852712,-20.438402]},"properties":{"nome":"Núcleo Industrial II","municipio":"Água Clara","categoria":"Núcleo Rural","subcategoria":"","fonte_localidade":"IBGE Localidades do Brasil 2022"}},{"type":"Feature","geometry":{"type":"Point","coordinates":[-53.259613,-19.878573]},"properties":{"nome":"São Domingos","municipio":"Água Clara","categoria":"Povoado","subcategoria":"","fonte_localidade":"IBGE Localidades do Brasil 2022"}},{"type":"Feature","geometry":{"type":"Point","coordinates":[-55.20582,-23.175775]},"properties":{"nome":"Aldeia Indígena Limão Verde","municipio":"Amambai","categoria":"Localidade Indígena","subcategoria":"Agrupamento Indígena","fonte_localidade":"IBGE Localidades do Brasil 2022"}},{"type":"Feature","geometry":{"type":"Point","coordinates":[-55.195576,-23.152885]},"properties":{"nome":"Nossa Senhora Aparecida","municipio":"Amambai","categoria":"Povoado","subcategoria":"","fonte_localidade":"IBGE Localidades do Brasil 2022"}},{"type":"Feature","geometry":{"type":"Point","coordinates":[-55.196197,-23.066614]},"properties":{"nome":"Aldeia Indígena Amambai","municipio":"Amambai","categoria":"Localidade Indígena","subcategoria":"Agrupamento Indígena","fonte_localidade":"IBGE Localidades do Brasil 2022"}},{"type":"Feature","geometry":{"type":"Point","coordinates":[-54.915972,-23.053467]},"properties":{"nome":"Aldeia Indígena Jaguari","municipio":"Amambai","categoria":"Localidade Indígena","subcategoria":"Agrupamento Indígena","fonte_localidade":"IBGE Localidades do Brasil 2022"}},{"type":"Feature","geometry":{"type":"Point","coordinates":[-55.170822,-23.052892]},"properties":{"nome":"Aldeia Indígena Retomada Guapoy Mirim","municipio":"Amambai","categoria":"Localidade Indígena","subcategoria":"Agrupamento Indígena","fonte_localidade":"IBGE Localidades do Brasil 2022"}},{"type":"Feature","geometry":{"type":"Point","coordinates":[-55.239662,-23.086438]},"properties":{"nome":"Aldeia Indígena Jaguary","municipio":"Amambai","categoria":"Localidade Indígena","subcategoria":"Outras Localidades Indígenas","fonte_localidade":"IBGE Localidades do Brasil 2022"}},{"type":"Feature","geometry":{"type":"Point","coordinates":[-55.797036,-20.490505]},"properties":{"nome":"Aldeia Indígena Aldeinha","municipio":"Anastácio","categoria":"Localidade Indígena","subcategoria":"Agrupamento Indígena","fonte_localidade":"IBGE Localidades do Brasil 2022"}},{"type":"Feature","geometry":{"type":"Point","coordinates":[-55.664935,-20.826582]},"properties":{"nome":"Monjolinho","municipio":"Anastácio","categoria":"Outras Localidades","subcategoria":"","fonte_localidade":"IBGE Localidades do Brasil 2022"}},{"type":"Feature","geometry":{"type":"Point","coordinates":[-55.692984,-20.709151]},"properties":{"nome":"São Manoel","municipio":"Anastácio","categoria":"Outras Localidades","subcategoria":"","fonte_localidade":"IBGE Localidades do Brasil 2022"}},{"type":"Feature","geometry":{"type":"Point","coordinates":[-56.094685,-20.750119]},"properties":{"nome":"Pesqueiro do Rio Miranda","municipio":"Anastácio","categoria":"Outras Localidades","subcategoria":"","fonte_localidade":"IBGE Localidades do Brasil 2022"}},{"type":"Feature","geometry":{"type":"Point","coordinates":[-55.680687,-20.480384]},"properties":{"nome":"Portal do Peixe","municipio":"Anastácio","categoria":"Outras Localidades","subcategoria":"","fonte_localidade":"IBGE Localidades do Brasil 2022"}},{"type":"Feature","geometry":{"type":"Point","coordinates":[-55.799351,-20.489462]},"properties":{"nome":"Vila Umbelina","municipio":"Anastácio","categoria":"Localidade Indígena","subcategoria":"Outras Localidades Indígenas","fonte_localidade":"IBGE Localidades do Brasil 2022"}},{"type":"Feature","geometry":{"type":"Point","coordinates":[-55.790746,-20.496763]},"properties":{"nome":"Jardim Progresso","municipio":"Anastácio","categoria":"Localidade Indígena","subcategoria":"Outras Localidades Indígenas","fonte_localidade":"IBGE Localidades do Brasil 2022"}},{"type":"Feature","geometry":{"type":"Point","coordinates":[-52.511827,-22.011762]},"properties":{"nome":"Vila Formosa","municipio":"Anaurilândia","categoria":"Povoado","subcategoria":"","fonte_localidade":"IBGE Localidades do Brasil 2022"}},{"type":"Feature","geometry":{"type":"Point","coordinates":[-52.781093,-22.261362]},"properties":{"nome":"Condomínio Sinted","municipio":"Anaurilândia","categoria":"Outras Localidades","subcategoria":"","fonte_localidade":"IBGE Localidades do Brasil 2022"}},{"type":"Feature","geometry":{"type":"Point","coordinates":[-52.754689,-22.242898]},"properties":{"nome":"Recanto dos Pescadores","municipio":"Anaurilândia","categoria":"Outras Localidades","subcategoria":"","fonte_localidade":"IBGE Localidades do Brasil 2022"}},{"type":"Feature","geometry":{"type":"Point","coordinates":[-52.703137,-22.217207]},"properties":{"nome":"Residencial Ronda","municipio":"Anaurilândia","categoria":"Outras Localidades","subcategoria":"","fonte_localidade":"IBGE Localidades do Brasil 2022"}},{"type":"Feature","geometry":{"type":"Point","coordinates":[-54.071758,-22.051094]},"properties":{"nome":"Núcleo Habitacional da Usina Eldorado (ETH)","municipio":"Angélica","categoria":"Núcleo Rural","subcategoria":"","fonte_localidade":"IBGE Localidades do Brasil 2022"}},{"type":"Feature","geometry":{"type":"Point","coordinates":[-53.662605,-22.114968]},"properties":{"nome":"Fazenda Cerejo","municipio":"Angélica","categoria":"Outras Localidades","subcategoria":"","fonte_localidade":"IBGE Localidades do Brasil 2022"}},{"type":"Feature","geometry":{"type":"Point","coordinates":[-53.650743,-22.161432]},"properties":{"nome":"Fazenda Piraveve","municipio":"Angélica","categoria":"Outras Localidades","subcategoria":"","fonte_localidade":"IBGE Localidades do Brasil 2022"}},{"type":"Feature","geometry":{"type":"Point","coordinates":[-56.045263,-22.209006]},"properties":{"nome":"Aldeia Indígena Campestre","municipio":"Antônio João","categoria":"Localidade Indígena","subcategoria":"Agrupamento Indígena","fonte_localidade":"IBGE Localidades do Brasil 2022"}},{"type":"Feature","geometry":{"type":"Point","coordinates":[-56.05589,-22.212299]},"properties":{"nome":"Aldeia Indígena Marangatu","municipio":"Antônio João","categoria":"Localidade Indígena","subcategoria":"Agrupamento Indígena","fonte_localidade":"IBGE Localidades do Brasil 2022"}},{"type":"Feature","geometry":{"type":"Point","coordinates":[-56.046797,-22.205847]},"properties":{"nome":"Fazenda Cedro","municipio":"Antônio João","categoria":"Localidade Indígena","subcategoria":"Outras Localidades Indígenas","fonte_localidade":"IBGE Localidades do Brasil 2022"}},{"type":"Feature","geometry":{"type":"Point","coordinates":[-51.185915,-20.123694]},"properties":{"nome":"Chácaras Rio Quitéria","municipio":"Aparecida do Taboado","categoria":"Outras Localidades","subcategoria":"","fonte_localidade":"IBGE Localidades do Brasil 2022"}},{"type":"Feature","geometry":{"type":"Point","coordinates":[-51.29656,-20.202634]},"properties":{"nome":"Copo Sujo","municipio":"Aparecida do Taboado","categoria":"Outras Localidades","subcategoria":"","fonte_localidade":"IBGE Localidades do Brasil 2022"}},{"type":"Feature","geometry":{"type":"Point","coordinates":[-51.052334,-20.139934]},"properties":{"nome":"Loteamento Bom Jesus/ Lago Azul","municipio":"Aparecida do Taboado","categoria":"Lugarejo","subcategoria":"","fonte_localidade":"IBGE Localidades do Brasil 2022"}},{"type":"Feature","geometry":{"type":"Point","coordinates":[-51.041661,-20.017695]},"properties":{"nome":"Enseada Três Rios","municipio":"Aparecida do Taboado","categoria":"Lugarejo","subcategoria":"","fonte_localidade":"IBGE Localidades do Brasil 2022"}},{"type":"Feature","geometry":{"type":"Point","coordinates":[-51.180293,-20.117178]},"properties":{"nome":"Vila Rio Quitéria","municipio":"Aparecida do Taboado","categoria":"Outras Localidades","subcategoria":"","fonte_localidade":"IBGE Localidades do Brasil 2022"}},{"type":"Feature","geometry":{"type":"Point","coordinates":[-51.060909,-19.867746]},"properties":{"nome":"Associação Pescador da Mata","municipio":"Aparecida do Taboado","categoria":"Outras Localidades","subcategoria":"","fonte_localidade":"IBGE Localidades do Brasil 2022"}},{"type":"Feature","geometry":{"type":"Point","coordinates":[-56.093753,-20.28152]},"properties":{"nome":"Aldeia Indígena Imbirussu","municipio":"Aquidauana","categoria":"Localidade Indígena","subcategoria":"Agrupamento Indígena","fonte_localidade":"IBGE Localidades do Brasil 2022"}},{"type":"Feature","geometry":{"type":"Point","coordinates":[-56.076214,-20.270009]},"properties":{"nome":"Aldeia Indígena Lagoinha","municipio":"Aquidauana","categoria":"Localidade Indígena","subcategoria":"Agrupamento Indígena","fonte_localidade":"IBGE Localidades do Brasil 2022"}},{"type":"Feature","geometry":{"type":"Point","coordinates":[-56.069552,-20.274158]},"properties":{"nome":"Aldeia Indígena Morrinho","municipio":"Aquidauana","categoria":"Localidade Indígena","subcategoria":"Agrupamento Indígena","fonte_localidade":"IBGE Localidades do Brasil 2022"}},{"type":"Feature","geometry":{"type":"Point","coordinates":[-56.049333,-20.275671]},"properties":{"nome":"Aldeia Indígena Água Branca","municipio":"Aquidauana","categoria":"Localidade Indígena","subcategoria":"Agrupamento Indígena","fonte_localidade":"IBGE Localidades do Brasil 2022"}},{"type":"Feature","geometry":{"type":"Point","coordinates":[-56.065938,-20.254305]},"properties":{"nome":"Aldeia Indígena Bananal","municipio":"Aquidauana","categoria":"Povoado","subcategoria":"","fonte_localidade":"IBGE Localidades do Brasil 2022"}},{"type":"Feature","geometry":{"type":"Point","coordinates":[-56.065938,-20.254305]},"properties":{"nome":"Aldeia Indígena Bananal","municipio":"Aquidauana","categoria":"Localidade Indígena","subcategoria":"Agrupamento Indígena","fonte_localidade":"IBGE Localidades do Brasil 2022"}},{"type":"Feature","geometry":{"type":"Point","coordinates":[-55.758906,-20.443757]},"properties":{"nome":"Aldeia Indígena Tico Lipu","municipio":"Aquidauana","categoria":"Povoado","subcategoria":"","fonte_localidade":"IBGE Localidades do Brasil 2022"}},{"type":"Feature","geometry":{"type":"Point","coordinates":[-55.758906,-20.443757]},"properties":{"nome":"Aldeia Indígena Tico Lipu","municipio":"Aquidauana","categoria":"Localidade Indígena","subcategoria":"Agrupamento Indígena","fonte_localidade":"IBGE Localidades do Brasil 2022"}},{"type":"Feature","geometry":{"type":"Point","coordinates":[-55.483604,-20.463858]},"properties":{"nome":"Loteamento Pesqueiro da Serra","municipio":"Aquidauana","categoria":"Lugarejo","subcategoria":"","fonte_localidade":"IBGE Localidades do Brasil 2022"}},{"type":"Feature","geometry":{"type":"Point","coordinates":[-55.853186,-20.435314]},"properties":{"nome":"Estação Guia Lopes","municipio":"Aquidauana","categoria":"Lugarejo","subcategoria":"","fonte_localidade":"IBGE Localidades do Brasil 2022"}},{"type":"Feature","geometry":{"type":"Point","coordinates":[-56.047273,-20.232497]},"properties":{"nome":"Aldeia Indígena Ipegue","municipio":"Aquidauana","categoria":"Localidade Indígena","subcategoria":"Agrupamento Indígena","fonte_localidade":"IBGE Localidades do Brasil 2022"}},{"type":"Feature","geometry":{"type":"Point","coordinates":[-56.047273,-20.232497]},"properties":{"nome":"Aldeia Indígena Ipegue","municipio":"Aquidauana","categoria":"Povoado","subcategoria":"","fonte_localidade":"IBGE Localidades do Brasil 2022"}},{"type":"Feature","geometry":{"type":"Point","coordinates":[-56.025946,-20.223861]},"properties":{"nome":"Aldeia Indígena Colônia Nova","municipio":"Aquidauana","categoria":"Localidade Indígena","subcategoria":"Agrupamento Indígena","fonte_localidade":"IBGE Localidades do Brasil 2022"}},{"type":"Feature","geometry":{"type":"Point","coordinates":[-56.025946,-20.223861]},"properties":{"nome":"Aldeia Indígena Colônia Nova","municipio":"Aquidauana","categoria":"Povoado","subcategoria":"","fonte_localidade":"IBGE Localidades do Brasil 2022"}},{"type":"Feature","geometry":{"type":"Point","coordinates":[-55.687219,-20.326509]},"properties":{"nome":"Aldeia Indígena Limão Verde","municipio":"Aquidauana","categoria":"Localidade Indígena","subcategoria":"Agrupamento Indígena","fonte_localidade":"IBGE Localidades do Brasil 2022"}},{"type":"Feature","geometry":{"type":"Point","coordinates":[-55.704622,-20.352808]},"properties":{"nome":"Aldeia Indígena Córrego Seco/Cruzeiro","municipio":"Aquidauana","categoria":"Localidade Indígena","subcategoria":"Agrupamento Indígena","fonte_localidade":"IBGE Localidades do Brasil 2022"}},{"type":"Feature","geometry":{"type":"Point","coordinates":[-55.687387,-20.320479]},"properties":{"nome":"Aldeia Indígena Buritizinho","municipio":"Aquidauana","categoria":"Localidade Indígena","subcategoria":"Agrupamento Indígena","fonte_localidade":"IBGE Localidades do Brasil 2022"}},{"type":"Feature","geometry":{"type":"Point","coordinates":[-55.675642,-20.476792]},"properties":{"nome":"Loteamento Chácara Guanabara","municipio":"Aquidauana","categoria":"Outras Localidades","subcategoria":"","fonte_localidade":"IBGE Localidades do Brasil 2022"}},{"type":"Feature","geometry":{"type":"Point","coordinates":[-56.067236,-20.222444]},"properties":{"nome":"Aldeia Indígena Esperança","municipio":"Aquidauana","categoria":"Localidade Indígena","subcategoria":"Agrupamento Indígena","fonte_localidade":"IBGE Localidades do Brasil 2022"}},{"type":"Feature","geometry":{"type":"Point","coordinates":[-56.054287,-20.194179]},"properties":{"nome":"Aldeia Indígena Arara Azul","municipio":"Aquidauana","categoria":"Localidade Indígena","subcategoria":"Agrupamento Indígena","fonte_localidade":"IBGE Localidades do Brasil 2022"}},{"type":"Feature","geometry":{"type":"Point","coordinates":[-56.1013,-20.29122]},"properties":{"nome":"Aldeia Indígena Retomada da Ouro Preto","municipio":"Aquidauana","categoria":"Localidade Indígena","subcategoria":"Agrupamento Indígena","fonte_localidade":"IBGE Localidades do Brasil 2022"}},{"type":"Feature","geometry":{"type":"Point","coordinates":[-56.038106,-20.28867]},"properties":{"nome":"Aldeia Indígena Retomada Maria do Carmo","municipio":"Aquidauana","categoria":"Localidade Indígena","subcategoria":"Agrupamento Indígena","fonte_localidade":"IBGE Localidades do Brasil 2022"}},{"type":"Feature","geometry":{"type":"Point","coordinates":[-55.413012,-19.709573]},"properties":{"nome":"Fazenda Santana","municipio":"Aquidauana","categoria":"Outras Localidades","subcategoria":"","fonte_localidade":"IBGE Localidades do Brasil 2022"}},{"type":"Feature","geometry":{"type":"Point","coordinates":[-55.566687,-20.470516]},"properties":{"nome":"Comunidade Quilombola Furnas dos Baianos 1","municipio":"Aquidauana","categoria":"Localidade Quilombola","subcategoria":"Outras Localidades Quilombolas","fonte_localidade":"IBGE Localidades do Brasil 2022"}},{"type":"Feature","geometry":{"type":"Point","coordinates":[-55.6671,-20.3307]},"properties":{"nome":"Aldeia Indígena Recanto Buritizinho","municipio":"Aquidauana","categoria":"Localidade Indígena","subcategoria":"Outras Localidades Indígenas","fonte_localidade":"IBGE Localidades do Brasil 2022"}},{"type":"Feature","geometry":{"type":"Point","coordinates":[-56.0746,-20.2909]},"properties":{"nome":"Distrito de Taunay","municipio":"Aquidauana","categoria":"Localidade Indígena","subcategoria":"Outras Localidades Indígenas","fonte_localidade":"IBGE Localidades do Brasil 2022"}},{"type":"Feature","geometry":{"type":"Point","coordinates":[-55.58794,-23.025654]},"properties":{"nome":"Vila Marques","municipio":"Aral Moreira","categoria":"Povoado","subcategoria":"","fonte_localidade":"IBGE Localidades do Brasil 2022"}},{"type":"Feature","geometry":{"type":"Point","coordinates":[-55.484946,-22.74297]},"properties":{"nome":"São Luiz","municipio":"Aral Moreira","categoria":"Povoado","subcategoria":"","fonte_localidade":"IBGE Localidades do Brasil 2022"}},{"type":"Feature","geometry":{"type":"Point","coordinates":[-55.614701,-22.755603]},"properties":{"nome":"Agrovila do PA Santa Catarina","municipio":"Aral Moreira","categoria":"Povoado","subcategoria":"","fonte_localidade":"IBGE Localidades do Brasil 2022"}},{"type":"Feature","geometry":{"type":"Point","coordinates":[-55.614701,-22.755603]},"properties":{"nome":"Agrovila do PA Santa Catarina","municipio":"Aral Moreira","categoria":"Agrovila do PA","subcategoria":"","fonte_localidade":"IBGE Localidades do Brasil 2022"}},{"type":"Feature","geometry":{"type":"Point","coordinates":[-55.435092,-22.934093]},"properties":{"nome":"Rio Verde do Sul","municipio":"Aral Moreira","categoria":"Povoado","subcategoria":"","fonte_localidade":"IBGE Localidades do Brasil 2022"}},{"type":"Feature","geometry":{"type":"Point","coordinates":[-55.625659,-22.939943]},"properties":{"nome":"Aldeia Indígena Guarani Kaiowá","municipio":"Aral Moreira","categoria":"Localidade Indígena","subcategoria":"Agrupamento Indígena","fonte_localidade":"IBGE Localidades do Brasil 2022"}},{"type":"Feature","geometry":{"type":"Point","coordinates":[-55.495474,-23.06854]},"properties":{"nome":"Aldeia Indígena Guassuty","municipio":"Aral Moreira","categoria":"Localidade Indígena","subcategoria":"Agrupamento Indígena","fonte_localidade":"IBGE Localidades do Brasil 2022"}},{"type":"Feature","geometry":{"type":"Point","coordinates":[-55.387113,-22.787151]},"properties":{"nome":"Aldeia Indígena Tekoha Guaiviri","municipio":"Aral Moreira","categoria":"Localidade Indígena","subcategoria":"Agrupamento Indígena","fonte_localidade":"IBGE Localidades do Brasil 2022"}},{"type":"Feature","geometry":{"type":"Point","coordinates":[-55.536148,-23.21875]},"properties":{"nome":"Aldeia Indígena Cristino Potrero","municipio":"Aral Moreira","categoria":"Localidade Indígena","subcategoria":"Agrupamento Indígena","fonte_localidade":"IBGE Localidades do Brasil 2022"}},{"type":"Feature","geometry":{"type":"Point","coordinates":[-52.260545,-21.736006]},"properties":{"nome":"Recanto Piraretã e Agua Azul","municipio":"Bataguassu","categoria":"Lugarejo","subcategoria":"","fonte_localidade":"IBGE Localidades do Brasil 2022"}},{"type":"Feature","geometry":{"type":"Point","coordinates":[-52.456805,-21.736949]},"properties":{"nome":"Aldeia Indígena Sem Denominação","municipio":"Bataguassu","categoria":"Localidade Indígena","subcategoria":"Agrupamento Indígena","fonte_localidade":"IBGE Localidades do Brasil 2022"}},{"type":"Feature","geometry":{"type":"Point","coordinates":[-52.288006,-21.649647]},"properties":{"nome":"Loteamento de Lazer","municipio":"Bataguassu","categoria":"Outras Localidades","subcategoria":"","fonte_localidade":"IBGE Localidades do Brasil 2022"}},{"type":"Feature","geometry":{"type":"Point","coordinates":[-53.090262,-22.325609]},"properties":{"nome":"Fazenda Santa Ilidia","municipio":"Batayporã","categoria":"Outras Localidades","subcategoria":"","fonte_localidade":"IBGE Localidades do Brasil 2022"}},{"type":"Feature","geometry":{"type":"Point","coordinates":[-53.178446,-22.330195]},"properties":{"nome":"Núcleo Mercedina","municipio":"Batayporã","categoria":"Outras Localidades","subcategoria":"","fonte_localidade":"IBGE Localidades do Brasil 2022"}},{"type":"Feature","geometry":{"type":"Point","coordinates":[-53.192024,-22.355561]},"properties":{"nome":"Núcleo São Luiz","municipio":"Batayporã","categoria":"Outras Localidades","subcategoria":"","fonte_localidade":"IBGE Localidades do Brasil 2022"}},{"type":"Feature","geometry":{"type":"Point","coordinates":[-56.596371,-21.561047]},"properties":{"nome":"Calcário Bodoquena","municipio":"Bela Vista","categoria":"Outras Localidades","subcategoria":"","fonte_localidade":"IBGE Localidades do Brasil 2022"}},{"type":"Feature","geometry":{"type":"Point","coordinates":[-56.529867,-21.676081]},"properties":{"nome":"Tupanceretan","municipio":"Bela Vista","categoria":"Outras Localidades","subcategoria":"","fonte_localidade":"IBGE Localidades do Brasil 2022"}},{"type":"Feature","geometry":{"type":"Point","coordinates":[-56.057941,-22.009101]},"properties":{"nome":"Aldeia Indígena Pirakua","municipio":"Bela Vista","categoria":"Localidade Indígena","subcategoria":"Agrupamento Indígena","fonte_localidade":"IBGE Localidades do Brasil 2022"}},{"type":"Feature","geometry":{"type":"Point","coordinates":[-56.965774,-20.397555]},"properties":{"nome":"Aldeia Indígena Campina","municipio":"Bodoquena","categoria":"Localidade Indígena","subcategoria":"Agrupamento Indígena","fonte_localidade":"IBGE Localidades do Brasil 2022"}},{"type":"Feature","geometry":{"type":"Point","coordinates":[-56.712645,-20.756018]},"properties":{"nome":"Boca da Onça","municipio":"Bodoquena","categoria":"Outras Localidades","subcategoria":"","fonte_localidade":"IBGE Localidades do Brasil 2022"}},{"type":"Feature","geometry":{"type":"Point","coordinates":[-56.814415,-20.463841]},"properties":{"nome":"Região da Sumatra","municipio":"Bodoquena","categoria":"Localidade Indígena","subcategoria":"Outras Localidades Indígenas","fonte_localidade":"IBGE Localidades do Brasil 2022"}},{"type":"Feature","geometry":{"type":"Point","coordinates":[-56.899681,-20.476155]},"properties":{"nome":"Região da Pedra Branca","municipio":"Bodoquena","categoria":"Localidade Indígena","subcategoria":"Outras Localidades Indígenas","fonte_localidade":"IBGE Localidades do Brasil 2022"}},{"type":"Feature","geometry":{"type":"Point","coordinates":[-56.172997,-20.894694]},"properties":{"nome":"Loteamento Rio Miranda","municipio":"Bonito","categoria":"Outras Localidades","subcategoria":"","fonte_localidade":"IBGE Localidades do Brasil 2022"}},{"type":"Feature","geometry":{"type":"Point","coordinates":[-56.859956,-20.93214]},"properties":{"nome":"Guaicurus","municipio":"Bonito","categoria":"Povoado","subcategoria":"","fonte_localidade":"IBGE Localidades do Brasil 2022"}},{"type":"Feature","geometry":{"type":"Point","coordinates":[-56.094769,-20.762824]},"properties":{"nome":"Comunidade Quilombola Águas do Rio Miranda","municipio":"Bonito","categoria":"Localidade Quilombola","subcategoria":"Outras Localidades Quilombolas","fonte_localidade":"IBGE Localidades do Brasil 2022"}},{"type":"Feature","geometry":{"type":"Point","coordinates":[-51.986221,-21.182075]},"properties":{"nome":"Novo Porto João André","municipio":"Brasilândia","categoria":"Povoado","subcategoria":"","fonte_localidade":"IBGE Localidades do Brasil 2022"}},{"type":"Feature","geometry":{"type":"Point","coordinates":[-51.977174,-21.167689]},"properties":{"nome":"Beleza do Rio Verde","municipio":"Brasilândia","categoria":"Povoado","subcategoria":"","fonte_localidade":"IBGE Localidades do Brasil 2022"}},{"type":"Feature","geometry":{"type":"Point","coordinates":[-52.133096,-21.248827]},"properties":{"nome":"Aldeia Indígena Ofayé Xavante","municipio":"Brasilândia","categoria":"Localidade Indígena","subcategoria":"Agrupamento Indígena","fonte_localidade":"IBGE Localidades do Brasil 2022"}},{"type":"Feature","geometry":{"type":"Point","coordinates":[-52.179233,-21.477185]},"properties":{"nome":"Fazenda São José dos Jesuítas","municipio":"Brasilândia","categoria":"Outras Localidades","subcategoria":"","fonte_localidade":"IBGE Localidades do Brasil 2022"}},{"type":"Feature","geometry":{"type":"Point","coordinates":[-52.161811,-21.446001]},"properties":{"nome":"Fazenda Córrego Azul","municipio":"Brasilândia","categoria":"Outras Localidades","subcategoria":"","fonte_localidade":"IBGE Localidades do Brasil 2022"}},{"type":"Feature","geometry":{"type":"Point","coordinates":[-52.1561,-21.2724]},"properties":{"nome":"Aldeia Indígena Ofayé-Xavante 2","municipio":"Brasilândia","categoria":"Localidade Indígena","subcategoria":"Outras Localidades Indígenas","fonte_localidade":"IBGE Localidades do Brasil 2022"}},{"type":"Feature","geometry":{"type":"Point","coordinates":[-54.652875,-22.489521]},"properties":{"nome":"Aldeia Indígena Guyra-Roká","municipio":"Caarapó","categoria":"Localidade Indígena","subcategoria":"Agrupamento Indígena","fonte_localidade":"IBGE Localidades do Brasil 2022"}},{"type":"Feature","geometry":{"type":"Point","coordinates":[-54.652875,-22.489521]},"properties":{"nome":"Aldeia Indígena Guyra-Roká","municipio":"Caarapó","categoria":"Povoado","subcategoria":"","fonte_localidade":"IBGE Localidades do Brasil 2022"}},{"type":"Feature","geometry":{"type":"Point","coordinates":[-54.959365,-22.596782]},"properties":{"nome":"Aldeia Indígena Te Yi Kuê","municipio":"Caarapó","categoria":"Localidade Indígena","subcategoria":"Agrupamento Indígena","fonte_localidade":"IBGE Localidades do Brasil 2022"}},{"type":"Feature","geometry":{"type":"Point","coordinates":[-54.985811,-22.619357]},"properties":{"nome":"Aldeia Indígena Kunumi Verá","municipio":"Caarapó","categoria":"Localidade Indígena","subcategoria":"Agrupamento Indígena","fonte_localidade":"IBGE Localidades do Brasil 2022"}},{"type":"Feature","geometry":{"type":"Point","coordinates":[-54.965428,-22.618319]},"properties":{"nome":"Aldeia Indígena Teykue","municipio":"Caarapó","categoria":"Localidade Indígena","subcategoria":"Agrupamento Indígena","fonte_localidade":"IBGE Localidades do Brasil 2022"}},{"type":"Feature","geometry":{"type":"Point","coordinates":[-55.011333,-22.591291]},"properties":{"nome":"Aldeia Indígena Tekoha Guapoy","municipio":"Caarapó","categoria":"Localidade Indígena","subcategoria":"Agrupamento Indígena","fonte_localidade":"IBGE Localidades do Brasil 2022"}},{"type":"Feature","geometry":{"type":"Point","coordinates":[-54.930279,-22.616667]},"properties":{"nome":"Aldeia Indígena Ñandéva","municipio":"Caarapó","categoria":"Localidade Indígena","subcategoria":"Agrupamento Indígena","fonte_localidade":"IBGE Localidades do Brasil 2022"}},{"type":"Feature","geometry":{"type":"Point","coordinates":[-54.8989,-22.589944]},"properties":{"nome":"Aldeia Indígena Paï Pavyterã","municipio":"Caarapó","categoria":"Localidade Indígena","subcategoria":"Agrupamento Indígena","fonte_localidade":"IBGE Localidades do Brasil 2022"}},{"type":"Feature","geometry":{"type":"Point","coordinates":[-54.906238,-22.574704]},"properties":{"nome":"Aldeia Indígena Pay Tevy Terá","municipio":"Caarapó","categoria":"Localidade Indígena","subcategoria":"Outras Localidades Indígenas","fonte_localidade":"IBGE Localidades do Brasil 2022"}},{"type":"Feature","geometry":{"type":"Point","coordinates":[-54.182476,-19.345663]},"properties":{"nome":"Fazenda Nossa Senhora Aparecida - Pesqueiro","municipio":"Camapuã","categoria":"Outras Localidades","subcategoria":"","fonte_localidade":"IBGE Localidades do Brasil 2022"}},{"type":"Feature","geometry":{"type":"Point","coordinates":[-54.570235,-20.469447]},"properties":{"nome":"Aldeia Indígena Marçal de Souza","municipio":"Campo Grande","categoria":"Localidade Indígena","subcategoria":"Agrupamento Indígena","fonte_localidade":"IBGE Localidades do Brasil 2022"}},{"type":"Feature","geometry":{"type":"Point","coordinates":[-54.531444,-20.465741]},"properties":{"nome":"Aldeia Indígena Professor Darcy Ribeiro","municipio":"Campo Grande","categoria":"Localidade Indígena","subcategoria":"Agrupamento Indígena","fonte_localidade":"IBGE Localidades do Brasil 2022"}},{"type":"Feature","geometry":{"type":"Point","coordinates":[-54.577156,-20.372807]},"properties":{"nome":"Aldeia Indígena Água Bonita","municipio":"Campo Grande","categoria":"Localidade Indígena","subcategoria":"Agrupamento Indígena","fonte_localidade":"IBGE Localidades do Brasil 2022"}},{"type":"Feature","geometry":{"type":"Point","coordinates":[-54.577156,-20.372807]},"properties":{"nome":"Aldeia Indígena Água Bonita","municipio":"Campo Grande","categoria":"Povoado","subcategoria":"","fonte_localidade":"IBGE Localidades do Brasil 2022"}},{"type":"Feature","geometry":{"type":"Point","coordinates":[-54.734224,-20.483228]},"properties":{"nome":"Aldeia Indígena Jardim Inápolis","municipio":"Campo Grande","categoria":"Localidade Indígena","subcategoria":"Agrupamento Indígena","fonte_localidade":"IBGE Localidades do Brasil 2022"}},{"type":"Feature","geometry":{"type":"Point","coordinates":[-54.532421,-20.74211]},"properties":{"nome":"Comunidade Quilombola Buriti","municipio":"Campo Grande","categoria":"Povoado","subcategoria":"","fonte_localidade":"IBGE Localidades do Brasil 2022"}},{"type":"Feature","geometry":{"type":"Point","coordinates":[-54.532421,-20.74211]},"properties":{"nome":"Comunidade Quilombola Buriti","municipio":"Campo Grande","categoria":"Localidade Quilombola","subcategoria":"Agrupamento Quilombola","fonte_localidade":"IBGE Localidades do Brasil 2022"}},{"type":"Feature","geometry":{"type":"Point","coordinates":[-54.687065,-20.569773]},"properties":{"nome":"Loteamento Recreio","municipio":"Campo Grande","categoria":"Lugarejo","subcategoria":"","fonte_localidade":"IBGE Localidades do Brasil 2022"}},{"type":"Feature","geometry":{"type":"Point","coordinates":[-54.52112,-20.447884]},"properties":{"nome":"Aldeia Indígena Terena Água Funda","municipio":"Campo Grande","categoria":"Localidade Indígena","subcategoria":"Agrupamento Indígena","fonte_localidade":"IBGE Localidades do Brasil 2022"}},{"type":"Feature","geometry":{"type":"Point","coordinates":[-54.71375,-20.460079]},"properties":{"nome":"Aldeia Indígena Futuro das Crianças","municipio":"Campo Grande","categoria":"Localidade Indígena","subcategoria":"Agrupamento Indígena","fonte_localidade":"IBGE Localidades do Brasil 2022"}},{"type":"Feature","geometry":{"type":"Point","coordinates":[-54.709099,-20.459748]},"properties":{"nome":"Aldeia Indígena Parava","municipio":"Campo Grande","categoria":"Localidade Indígena","subcategoria":"Agrupamento Indígena","fonte_localidade":"IBGE Localidades do Brasil 2022"}},{"type":"Feature","geometry":{"type":"Point","coordinates":[-54.616744,-20.424684]},"properties":{"nome":"Comunidade Quilombola Tia Eva","municipio":"Campo Grande","categoria":"Localidade Quilombola","subcategoria":"Agrupamento Quilombola","fonte_localidade":"IBGE Localidades do Brasil 2022"}},{"type":"Feature","geometry":{"type":"Point","coordinates":[-54.630906,-20.494695]},"properties":{"nome":"Comunidade Quilombola São João Batista","municipio":"Campo Grande","categoria":"Localidade Quilombola","subcategoria":"Agrupamento Quilombola","fonte_localidade":"IBGE Localidades do Brasil 2022"}},{"type":"Feature","geometry":{"type":"Point","coordinates":[-54.575279,-20.375569]},"properties":{"nome":"Aldeia Indígena Vida Nova II","municipio":"Campo Grande","categoria":"Localidade Indígena","subcategoria":"Agrupamento Indígena","fonte_localidade":"IBGE Localidades do Brasil 2022"}},{"type":"Feature","geometry":{"type":"Point","coordinates":[-54.53174,-20.466761]},"properties":{"nome":"Aldeia Indígena Estrela do Amanhã","municipio":"Campo Grande","categoria":"Localidade Indígena","subcategoria":"Agrupamento Indígena","fonte_localidade":"IBGE Localidades do Brasil 2022"}},{"type":"Feature","geometry":{"type":"Point","coordinates":[-54.520952,-20.461434]},"properties":{"nome":"Aldeia Indígena Serraville","municipio":"Campo Grande","categoria":"Localidade Indígena","subcategoria":"Agrupamento Indígena","fonte_localidade":"IBGE Localidades do Brasil 2022"}},{"type":"Feature","geometry":{"type":"Point","coordinates":[-54.575535,-20.675017]},"properties":{"nome":"Chácaras das Mansões","municipio":"Campo Grande","categoria":"Povoado","subcategoria":"","fonte_localidade":"IBGE Localidades do Brasil 2022"}},{"type":"Feature","geometry":{"type":"Point","coordinates":[-54.606059,-20.57843]},"properties":{"nome":"Morada do Sol","municipio":"Campo Grande","categoria":"Lugarejo","subcategoria":"","fonte_localidade":"IBGE Localidades do Brasil 2022"}},{"type":"Feature","geometry":{"type":"Point","coordinates":[-54.467451,-20.492175]},"properties":{"nome":"Balneário Atlântico","municipio":"Campo Grande","categoria":"Outras Localidades","subcategoria":"","fonte_localidade":"IBGE Localidades do Brasil 2022"}},{"type":"Feature","geometry":{"type":"Point","coordinates":[-54.747586,-20.479521]},"properties":{"nome":"Comunidade Roda Velha","municipio":"Campo Grande","categoria":"Localidade Indígena","subcategoria":"Outras Localidades Indígenas","fonte_localidade":"IBGE Localidades do Brasil 2022"}},{"type":"Feature","geometry":{"type":"Point","coordinates":[-54.688664,-20.444448]},"properties":{"nome":"Comunidade Indígena Urbana Jardim Aeroporto","municipio":"Campo Grande","categoria":"Localidade Indígena","subcategoria":"Outras Localidades Indígenas","fonte_localidade":"IBGE Localidades do Brasil 2022"}},{"type":"Feature","geometry":{"type":"Point","coordinates":[-56.879536,-21.735978]},"properties":{"nome":"Alto Caracol","municipio":"Caracol","categoria":"Povoado","subcategoria":"","fonte_localidade":"IBGE Localidades do Brasil 2022"}},{"type":"Feature","geometry":{"type":"Point","coordinates":[-51.662198,-19.151467]},"properties":{"nome":"Santa Rita","municipio":"Cassilândia","categoria":"Povoado","subcategoria":"","fonte_localidade":"IBGE Localidades do Brasil 2022"}},{"type":"Feature","geometry":{"type":"Point","coordinates":[-52.12987,-19.006369]},"properties":{"nome":"Indústria da Seringa","municipio":"Cassilândia","categoria":"Núcleo Rural","subcategoria":"","fonte_localidade":"IBGE Localidades do Brasil 2022"}},{"type":"Feature","geometry":{"type":"Point","coordinates":[-52.921773,-18.770077]},"properties":{"nome":"Iaco Agrícola S.A.","municipio":"Chapadão do Sul","categoria":"Núcleo Rural","subcategoria":"","fonte_localidade":"IBGE Localidades do Brasil 2022"}},{"type":"Feature","geometry":{"type":"Point","coordinates":[-52.728001,-19.003529]},"properties":{"nome":"Pedra Branca","municipio":"Chapadão do Sul","categoria":"Outras Localidades","subcategoria":"","fonte_localidade":"IBGE Localidades do Brasil 2022"}},{"type":"Feature","geometry":{"type":"Point","coordinates":[-52.602396,-18.731077]},"properties":{"nome":"Fazenda Nossa Senhora do Carmo","municipio":"Chapadão do Sul","categoria":"Núcleo Rural","subcategoria":"","fonte_localidade":"IBGE Localidades do Brasil 2022"}},{"type":"Feature","geometry":{"type":"Point","coordinates":[-55.207292,-19.741634]},"properties":{"nome":"Taboco","municipio":"Corguinho","categoria":"Povoado","subcategoria":"","fonte_localidade":"IBGE Localidades do Brasil 2022"}},{"type":"Feature","geometry":{"type":"Point","coordinates":[-54.759114,-19.642495]},"properties":{"nome":"Fala Verdade","municipio":"Corguinho","categoria":"Povoado","subcategoria":"","fonte_localidade":"IBGE Localidades do Brasil 2022"}},{"type":"Feature","geometry":{"type":"Point","coordinates":[-54.890162,-19.943238]},"properties":{"nome":"Recanto dos Pintados","municipio":"Corguinho","categoria":"Povoado","subcategoria":"","fonte_localidade":"IBGE Localidades do Brasil 2022"}},{"type":"Feature","geometry":{"type":"Point","coordinates":[-55.171962,-19.925402]},"properties":{"nome":"Comunidade Zigurats","municipio":"Corguinho","categoria":"Núcleo Rural","subcategoria":"","fonte_localidade":"IBGE Localidades do Brasil 2022"}},{"type":"Feature","geometry":{"type":"Point","coordinates":[-55.147605,-19.911175]},"properties":{"nome":"Comunidade Quilombola Furnas da Boa Sorte","municipio":"Corguinho","categoria":"Localidade Quilombola","subcategoria":"Agrupamento Quilombola","fonte_localidade":"IBGE Localidades do Brasil 2022"}},{"type":"Feature","geometry":{"type":"Point","coordinates":[-55.15672,-19.896535]},"properties":{"nome":"Comunidade Projeto Portal","municipio":"Corguinho","categoria":"Lugarejo","subcategoria":"","fonte_localidade":"IBGE Localidades do Brasil 2022"}},{"type":"Feature","geometry":{"type":"Point","coordinates":[-55.346264,-23.261442]},"properties":{"nome":"Aldeia Indígena Kurussu Amba","municipio":"Coronel Sapucaia","categoria":"Localidade Indígena","subcategoria":"Agrupamento Indígena","fonte_localidade":"IBGE Localidades do Brasil 2022"}},{"type":"Feature","geometry":{"type":"Point","coordinates":[-55.435579,-23.21341]},"properties":{"nome":"Aldeia Indígena Taquaperi","municipio":"Coronel Sapucaia","categoria":"Localidade Indígena","subcategoria":"Agrupamento Indígena","fonte_localidade":"IBGE Localidades do Brasil 2022"}},{"type":"Feature","geometry":{"type":"Point","coordinates":[-55.322245,-23.281965]},"properties":{"nome":"Aldeia Indígena Kurussu Amba 2","municipio":"Coronel Sapucaia","categoria":"Localidade Indígena","subcategoria":"Agrupamento Indígena","fonte_localidade":"IBGE Localidades do Brasil 2022"}},{"type":"Feature","geometry":{"type":"Point","coordinates":[-55.305176,-23.298654]},"properties":{"nome":"Aldeia Indígena Kurussu Amba 3","municipio":"Coronel Sapucaia","categoria":"Localidade Indígena","subcategoria":"Agrupamento Indígena","fonte_localidade":"IBGE Localidades do Brasil 2022"}},{"type":"Feature","geometry":{"type":"Point","coordinates":[-55.455819,-23.21087]},"properties":{"nome":"Aldeia Indígena Retomada Tekoha Japara","municipio":"Coronel Sapucaia","categoria":"Localidade Indígena","subcategoria":"Agrupamento Indígena","fonte_localidade":"IBGE Localidades do Brasil 2022"}},{"type":"Feature","geometry":{"type":"Point","coordinates":[-57.741637,-17.588105]},"properties":{"nome":"Aldeia Indígena Uberaba","municipio":"Corumbá","categoria":"Localidade Indígena","subcategoria":"Agrupamento Indígena","fonte_localidade":"IBGE Localidades do Brasil 2022"}},{"type":"Feature","geometry":{"type":"Point","coordinates":[-57.235805,-19.257918]},"properties":{"nome":"Porto da Manga","municipio":"Corumbá","categoria":"Outras Localidades","subcategoria":"","fonte_localidade":"IBGE Localidades do Brasil 2022"}},{"type":"Feature","geometry":{"type":"Point","coordinates":[-57.416156,-19.463885]},"properties":{"nome":"Porto Morrinho","municipio":"Corumbá","categoria":"Outras Localidades","subcategoria":"","fonte_localidade":"IBGE Localidades do Brasil 2022"}},{"type":"Feature","geometry":{"type":"Point","coordinates":[-57.600478,-19.291646]},"properties":{"nome":"Maria Coelho","municipio":"Corumbá","categoria":"Outras Localidades","subcategoria":"","fonte_localidade":"IBGE Localidades do Brasil 2022"}},{"type":"Feature","geometry":{"type":"Point","coordinates":[-57.755728,-17.668605]},"properties":{"nome":"Destacamento Militar de Porto Índio","municipio":"Corumbá","categoria":"Outras Localidades","subcategoria":"","fonte_localidade":"IBGE Localidades do Brasil 2022"}},{"type":"Feature","geometry":{"type":"Point","coordinates":[-57.643146,-18.997602]},"properties":{"nome":"Comunidade Quilombola Campos Correia","municipio":"Corumbá","categoria":"Localidade Quilombola","subcategoria":"Outras Localidades Quilombolas","fonte_localidade":"IBGE Localidades do Brasil 2022"}},{"type":"Feature","geometry":{"type":"Point","coordinates":[-57.655254,-19.017045]},"properties":{"nome":"Comunidade Quilombola Maria Theodora Gonçalves de Paula","municipio":"Corumbá","categoria":"Localidade Quilombola","subcategoria":"Outras Localidades Quilombolas","fonte_localidade":"IBGE Localidades do Brasil 2022"}},{"type":"Feature","geometry":{"type":"Point","coordinates":[-57.643398,-18.996835]},"properties":{"nome":"Comunidade Quilombola Ribeirinha Família Osorio","municipio":"Corumbá","categoria":"Localidade Quilombola","subcategoria":"Outras Localidades Quilombolas","fonte_localidade":"IBGE Localidades do Brasil 2022"}},{"type":"Feature","geometry":{"type":"Point","coordinates":[-53.030134,-18.656612]},"properties":{"nome":"Iaco","municipio":"Costa Rica","categoria":"Outras Localidades","subcategoria":"","fonte_localidade":"IBGE Localidades do Brasil 2022"}},{"type":"Feature","geometry":{"type":"Point","coordinates":[-53.203893,-18.210745]},"properties":{"nome":"Fazenda Planalto","municipio":"Costa Rica","categoria":"Outras Localidades","subcategoria":"","fonte_localidade":"IBGE Localidades do Brasil 2022"}},{"type":"Feature","geometry":{"type":"Point","coordinates":[-53.012072,-18.526951]},"properties":{"nome":"Laje","municipio":"Costa Rica","categoria":"Povoado","subcategoria":"","fonte_localidade":"IBGE Localidades do Brasil 2022"}},{"type":"Feature","geometry":{"type":"Point","coordinates":[-54.675155,-18.498405]},"properties":{"nome":"Aldeia Pescador","municipio":"Coxim","categoria":"Outras Localidades","subcategoria":"","fonte_localidade":"IBGE Localidades do Brasil 2022"}},{"type":"Feature","geometry":{"type":"Point","coordinates":[-54.998839,-18.024303]},"properties":{"nome":"Fazenda Lambari","municipio":"Coxim","categoria":"Outras Localidades","subcategoria":"","fonte_localidade":"IBGE Localidades do Brasil 2022"}},{"type":"Feature","geometry":{"type":"Point","coordinates":[-54.685677,-18.032776]},"properties":{"nome":"Posto Pegoraro","municipio":"Coxim","categoria":"Outras Localidades","subcategoria":"","fonte_localidade":"IBGE Localidades do Brasil 2022"}},{"type":"Feature","geometry":{"type":"Point","coordinates":[-54.6539,-18.186863]},"properties":{"nome":"Posto Recreio","municipio":"Coxim","categoria":"Outras Localidades","subcategoria":"","fonte_localidade":"IBGE Localidades do Brasil 2022"}},{"type":"Feature","geometry":{"type":"Point","coordinates":[-55.494121,-20.742722]},"properties":{"nome":"Marcos Freire","municipio":"Dois Irmãos do Buriti","categoria":"Outras Localidades","subcategoria":"","fonte_localidade":"IBGE Localidades do Brasil 2022"}},{"type":"Feature","geometry":{"type":"Point","coordinates":[-55.179157,-20.857322]},"properties":{"nome":"Aldeia Indígena Buriti","municipio":"Dois Irmãos do Buriti","categoria":"Localidade Indígena","subcategoria":"Agrupamento Indígena","fonte_localidade":"IBGE Localidades do Brasil 2022"}},{"type":"Feature","geometry":{"type":"Point","coordinates":[-55.178402,-20.841285]},"properties":{"nome":"Aldeia Indígena Barreirinho","municipio":"Dois Irmãos do Buriti","categoria":"Localidade Indígena","subcategoria":"Agrupamento Indígena","fonte_localidade":"IBGE Localidades do Brasil 2022"}},{"type":"Feature","geometry":{"type":"Point","coordinates":[-55.187913,-20.843345]},"properties":{"nome":"Aldeia Indígena Oliveira","municipio":"Dois Irmãos do Buriti","categoria":"Localidade Indígena","subcategoria":"Agrupamento Indígena","fonte_localidade":"IBGE Localidades do Brasil 2022"}},{"type":"Feature","geometry":{"type":"Point","coordinates":[-55.190279,-20.869486]},"properties":{"nome":"Aldeia Indígena Recanto","municipio":"Dois Irmãos do Buriti","categoria":"Localidade Indígena","subcategoria":"Agrupamento Indígena","fonte_localidade":"IBGE Localidades do Brasil 2022"}},{"type":"Feature","geometry":{"type":"Point","coordinates":[-55.201414,-20.875547]},"properties":{"nome":"Aldeia Indígena Água Azul","municipio":"Dois Irmãos do Buriti","categoria":"Localidade Indígena","subcategoria":"Agrupamento Indígena","fonte_localidade":"IBGE Localidades do Brasil 2022"}},{"type":"Feature","geometry":{"type":"Point","coordinates":[-55.200927,-20.863144]},"properties":{"nome":"Aldeia Indígena Olho d'Água","municipio":"Dois Irmãos do Buriti","categoria":"Localidade Indígena","subcategoria":"Agrupamento Indígena","fonte_localidade":"IBGE Localidades do Brasil 2022"}},{"type":"Feature","geometry":{"type":"Point","coordinates":[-55.442873,-20.291911]},"properties":{"nome":"Fazenda Lageado","municipio":"Dois Irmãos do Buriti","categoria":"Outras Localidades","subcategoria":"","fonte_localidade":"IBGE Localidades do Brasil 2022"}},{"type":"Feature","geometry":{"type":"Point","coordinates":[-55.38353,-20.522456]},"properties":{"nome":"Corrente","municipio":"Dois Irmãos do Buriti","categoria":"Outras Localidades","subcategoria":"","fonte_localidade":"IBGE Localidades do Brasil 2022"}},{"type":"Feature","geometry":{"type":"Point","coordinates":[-54.590245,-22.046574]},"properties":{"nome":"Vila Muruim","municipio":"Douradina","categoria":"Outras Localidades","subcategoria":"","fonte_localidade":"IBGE Localidades do Brasil 2022"}},{"type":"Feature","geometry":{"type":"Point","coordinates":[-54.637565,-21.98155]},"properties":{"nome":"Aldeia Indígena Panambi / Lagoa Rica","municipio":"Douradina","categoria":"Localidade Indígena","subcategoria":"Agrupamento Indígena","fonte_localidade":"IBGE Localidades do Brasil 2022"}},{"type":"Feature","geometry":{"type":"Point","coordinates":[-54.536918,-21.943537]},"properties":{"nome":"Aldeia Indígena Tayasu Ygua","municipio":"Douradina","categoria":"Localidade Indígena","subcategoria":"Agrupamento Indígena","fonte_localidade":"IBGE Localidades do Brasil 2022"}},{"type":"Feature","geometry":{"type":"Point","coordinates":[-54.851459,-22.199086]},"properties":{"nome":"Aldeia Indígena Nhuvera","municipio":"Dourados","categoria":"Localidade Indígena","subcategoria":"Agrupamento Indígena","fonte_localidade":"IBGE Localidades do Brasil 2022"}},{"type":"Feature","geometry":{"type":"Point","coordinates":[-54.832043,-22.184294]},"properties":{"nome":"Aldeia Indígena Yvy Vera","municipio":"Dourados","categoria":"Localidade Indígena","subcategoria":"Agrupamento Indígena","fonte_localidade":"IBGE Localidades do Brasil 2022"}},{"type":"Feature","geometry":{"type":"Point","coordinates":[-54.96886,-22.168569]},"properties":{"nome":"Comunidade Quilombola Picadinha","municipio":"Dourados","categoria":"Localidade Quilombola","subcategoria":"Agrupamento Quilombola","fonte_localidade":"IBGE Localidades do Brasil 2022"}},{"type":"Feature","geometry":{"type":"Point","coordinates":[-54.674548,-22.122988]},"properties":{"nome":"Aldeia Indígena Panambizinho","municipio":"Dourados","categoria":"Localidade Indígena","subcategoria":"Agrupamento Indígena","fonte_localidade":"IBGE Localidades do Brasil 2022"}},{"type":"Feature","geometry":{"type":"Point","coordinates":[-54.815497,-22.181991]},"properties":{"nome":"Aldeia Indígena Jaguapiru","municipio":"Dourados","categoria":"Localidade Indígena","subcategoria":"Agrupamento Indígena","fonte_localidade":"IBGE Localidades do Brasil 2022"}},{"type":"Feature","geometry":{"type":"Point","coordinates":[-54.688806,-22.421072]},"properties":{"nome":"Aldeia Indígena Porto Cambira/Passo Piraju","municipio":"Dourados","categoria":"Localidade Indígena","subcategoria":"Agrupamento Indígena","fonte_localidade":"IBGE Localidades do Brasil 2022"}},{"type":"Feature","geometry":{"type":"Point","coordinates":[-54.769943,-22.249461]},"properties":{"nome":"Aldeia Indígena Nu Porã / N Porã","municipio":"Dourados","categoria":"Localidade Indígena","subcategoria":"Agrupamento Indígena","fonte_localidade":"IBGE Localidades do Brasil 2022"}},{"type":"Feature","geometry":{"type":"Point","coordinates":[-54.859855,-22.197887]},"properties":{"nome":"Aldeia Indígena Aratycuty","municipio":"Dourados","categoria":"Localidade Indígena","subcategoria":"Agrupamento Indígena","fonte_localidade":"IBGE Localidades do Brasil 2022"}},{"type":"Feature","geometry":{"type":"Point","coordinates":[-54.978685,-22.163385]},"properties":{"nome":"Comunidade Quilombola Dezideirio Felipe de Oliveira e Picadinha","municipio":"Dourados","categoria":"Localidade Quilombola","subcategoria":"Outras Localidades Quilombolas","fonte_localidade":"IBGE Localidades do Brasil 2022"}},{"type":"Feature","geometry":{"type":"Point","coordinates":[-54.87136,-22.254744]},"properties":{"nome":"Aldeia Indígena Apyka'i","municipio":"Dourados","categoria":"Localidade Indígena","subcategoria":"Outras Localidades Indígenas","fonte_localidade":"IBGE Localidades do Brasil 2022"}},{"type":"Feature","geometry":{"type":"Point","coordinates":[-54.786981,-22.197069]},"properties":{"nome":"Aldeia Indígena Caiuas","municipio":"Dourados","categoria":"Localidade Indígena","subcategoria":"Outras Localidades Indígenas","fonte_localidade":"IBGE Localidades do Brasil 2022"}},{"type":"Feature","geometry":{"type":"Point","coordinates":[-54.800785,-22.197262]},"properties":{"nome":"Aldeia Indígena Yvy Poty Rory","municipio":"Dourados","categoria":"Localidade Indígena","subcategoria":"Outras Localidades Indígenas","fonte_localidade":"IBGE Localidades do Brasil 2022"}},{"type":"Feature","geometry":{"type":"Point","coordinates":[-54.302351,-23.59085]},"properties":{"nome":"Aldeia Indígena Cerrito","municipio":"Eldorado","categoria":"Localidade Indígena","subcategoria":"Agrupamento Indígena","fonte_localidade":"IBGE Localidades do Brasil 2022"}},{"type":"Feature","geometry":{"type":"Point","coordinates":[-54.103589,-23.662546]},"properties":{"nome":"Fazenda Junqueira","municipio":"Eldorado","categoria":"Outras Localidades","subcategoria":"","fonte_localidade":"IBGE Localidades do Brasil 2022"}},{"type":"Feature","geometry":{"type":"Point","coordinates":[-53.732482,-18.986578]},"properties":{"nome":"Comunidade Quilombola Santa Tereza","municipio":"Figueirão","categoria":"Localidade Quilombola","subcategoria":"Outras Localidades Quilombolas","fonte_localidade":"IBGE Localidades do Brasil 2022"}},{"type":"Feature","geometry":{"type":"Point","coordinates":[-56.022275,-21.66028]},"properties":{"nome":"Aldeia Indígena Santa Teresa","municipio":"Guia Lopes da Laguna","categoria":"Localidade Indígena","subcategoria":"Outras Localidades Indígenas","fonte_localidade":"IBGE Localidades do Brasil 2022"}},{"type":"Feature","geometry":{"type":"Point","coordinates":[-54.5195,-23.166363]},"properties":{"nome":"Nossa Senhora Auxiliadora","municipio":"Iguatemi","categoria":"Povoado","subcategoria":"","fonte_localidade":"IBGE Localidades do Brasil 2022"}},{"type":"Feature","geometry":{"type":"Point","coordinates":[-54.738345,-23.5738]},"properties":{"nome":"Aldeia Indígena Pyelito","municipio":"Iguatemi","categoria":"Localidade Indígena","subcategoria":"Agrupamento Indígena","fonte_localidade":"IBGE Localidades do Brasil 2022"}},{"type":"Feature","geometry":{"type":"Point","coordinates":[-54.53709,-23.23948]},"properties":{"nome":"Fazenda Guaíba","municipio":"Iguatemi","categoria":"Outras Localidades","subcategoria":"","fonte_localidade":"IBGE Localidades do Brasil 2022"}},{"type":"Feature","geometry":{"type":"Point","coordinates":[-54.508512,-23.331088]},"properties":{"nome":"Fazenda Águas Claras","municipio":"Iguatemi","categoria":"Outras Localidades","subcategoria":"","fonte_localidade":"IBGE Localidades do Brasil 2022"}},{"type":"Feature","geometry":{"type":"Point","coordinates":[-54.815823,-23.504532]},"properties":{"nome":"Fazenda Retimar","municipio":"Iguatemi","categoria":"Outras Localidades","subcategoria":"","fonte_localidade":"IBGE Localidades do Brasil 2022"}},{"type":"Feature","geometry":{"type":"Point","coordinates":[-54.302629,-23.462248]},"properties":{"nome":"Fazenda Maragogipe","municipio":"Iguatemi","categoria":"Outras Localidades","subcategoria":"","fonte_localidade":"IBGE Localidades do Brasil 2022"}},{"type":"Feature","geometry":{"type":"Point","coordinates":[-54.585153,-23.382382]},"properties":{"nome":"Fazenda Três Irmãos","municipio":"Iguatemi","categoria":"Outras Localidades","subcategoria":"","fonte_localidade":"IBGE Localidades do Brasil 2022"}},{"type":"Feature","geometry":{"type":"Point","coordinates":[-54.571126,-23.6546]},"properties":{"nome":"Acampamento Sem Denominação","municipio":"Iguatemi","categoria":"Localidade Indígena","subcategoria":"Outras Localidades Indígenas","fonte_localidade":"IBGE Localidades do Brasil 2022"}},{"type":"Feature","geometry":{"type":"Point","coordinates":[-52.431427,-19.626177]},"properties":{"nome":"Loteamento Pesqueiro do Sucuriú","municipio":"Inocência","categoria":"Outras Localidades","subcategoria":"","fonte_localidade":"IBGE Localidades do Brasil 2022"}},{"type":"Feature","geometry":{"type":"Point","coordinates":[-54.856049,-21.937833]},"properties":{"nome":"Carumbé","municipio":"Itaporã","categoria":"Povoado","subcategoria":"","fonte_localidade":"IBGE Localidades do Brasil 2022"}},{"type":"Feature","geometry":{"type":"Point","coordinates":[-54.863729,-22.186105]},"properties":{"nome":"Aldeia Indígena Ñu Vera II","municipio":"Itaporã","categoria":"Localidade Indígena","subcategoria":"Agrupamento Indígena","fonte_localidade":"IBGE Localidades do Brasil 2022"}},{"type":"Feature","geometry":{"type":"Point","coordinates":[-54.688944,-21.877667]},"properties":{"nome":"Loteamento Bacuri","municipio":"Itaporã","categoria":"Outras Localidades","subcategoria":"","fonte_localidade":"IBGE Localidades do Brasil 2022"}},{"type":"Feature","geometry":{"type":"Point","coordinates":[-54.944048,-22.157576]},"properties":{"nome":"Comunidade Quilombola Picadinha","municipio":"Itaporã","categoria":"Localidade Quilombola","subcategoria":"Agrupamento Quilombola","fonte_localidade":"IBGE Localidades do Brasil 2022"}},{"type":"Feature","geometry":{"type":"Point","coordinates":[-54.852391,-22.167543]},"properties":{"nome":"Aldeia Indígena Bororó","municipio":"Itaporã","categoria":"Localidade Indígena","subcategoria":"Agrupamento Indígena","fonte_localidade":"IBGE Localidades do Brasil 2022"}},{"type":"Feature","geometry":{"type":"Point","coordinates":[-54.882825,-22.172169]},"properties":{"nome":"Aldeia Indígena Avaeté","municipio":"Itaporã","categoria":"Localidade Indígena","subcategoria":"Agrupamento Indígena","fonte_localidade":"IBGE Localidades do Brasil 2022"}},{"type":"Feature","geometry":{"type":"Point","coordinates":[-54.85879,-22.128002]},"properties":{"nome":"Itapotã","municipio":"Itaporã","categoria":"Localidade Indígena","subcategoria":"Outras Localidades Indígenas","fonte_localidade":"IBGE Localidades do Brasil 2022"}},{"type":"Feature","geometry":{"type":"Point","coordinates":[-54.193067,-23.490116]},"properties":{"nome":"Idaiá","municipio":"Itaquiraí","categoria":"Povoado","subcategoria":"","fonte_localidade":"IBGE Localidades do Brasil 2022"}},{"type":"Feature","geometry":{"type":"Point","coordinates":[-53.868983,-23.298306]},"properties":{"nome":"Assentamento Foz do Rio Amambaí","municipio":"Itaquiraí","categoria":"Outras Localidades","subcategoria":"","fonte_localidade":"IBGE Localidades do Brasil 2022"}},{"type":"Feature","geometry":{"type":"Point","coordinates":[-53.976466,-23.233876]},"properties":{"nome":"Assentamento Santo Antônio","municipio":"Itaquiraí","categoria":"Outras Localidades","subcategoria":"","fonte_localidade":"IBGE Localidades do Brasil 2022"}},{"type":"Feature","geometry":{"type":"Point","coordinates":[-54.030678,-23.225368]},"properties":{"nome":"Retiro Três de Maio Assentamento Santo Antônio","municipio":"Itaquiraí","categoria":"Outras Localidades","subcategoria":"","fonte_localidade":"IBGE Localidades do Brasil 2022"}},{"type":"Feature","geometry":{"type":"Point","coordinates":[-54.124903,-23.588303]},"properties":{"nome":"Fazenda Água Boa","municipio":"Itaquiraí","categoria":"Outras Localidades","subcategoria":"","fonte_localidade":"IBGE Localidades do Brasil 2022"}},{"type":"Feature","geometry":{"type":"Point","coordinates":[-54.03735,-23.562021]},"properties":{"nome":"Fazenda Baunilha","municipio":"Itaquiraí","categoria":"Outras Localidades","subcategoria":"","fonte_localidade":"IBGE Localidades do Brasil 2022"}},{"type":"Feature","geometry":{"type":"Point","coordinates":[-53.844015,-23.319619]},"properties":{"nome":"Colônia de Pescadores Beira Rio Foz do Rio Amambaí","municipio":"Itaquiraí","categoria":"Outras Localidades","subcategoria":"","fonte_localidade":"IBGE Localidades do Brasil 2022"}},{"type":"Feature","geometry":{"type":"Point","coordinates":[-53.844061,-23.318536]},"properties":{"nome":"Colônia de Pescadores Beira Rio Foz do Rio Amambaí II","municipio":"Itaquiraí","categoria":"Outras Localidades","subcategoria":"","fonte_localidade":"IBGE Localidades do Brasil 2022"}},{"type":"Feature","geometry":{"type":"Point","coordinates":[-54.001525,-23.477768]},"properties":{"nome":"Porto Santo Antônio","municipio":"Itaquiraí","categoria":"Outras Localidades","subcategoria":"","fonte_localidade":"IBGE Localidades do Brasil 2022"}},{"type":"Feature","geometry":{"type":"Point","coordinates":[-53.920198,-22.364256]},"properties":{"nome":"Vila Cristina","municipio":"Ivinhema","categoria":"Povoado","subcategoria":"","fonte_localidade":"IBGE Localidades do Brasil 2022"}},{"type":"Feature","geometry":{"type":"Point","coordinates":[-53.531049,-22.385909]},"properties":{"nome":"Apravina","municipio":"Ivinhema","categoria":"Outras Localidades","subcategoria":"","fonte_localidade":"IBGE Localidades do Brasil 2022"}},{"type":"Feature","geometry":{"type":"Point","coordinates":[-53.956879,-22.277266]},"properties":{"nome":"Núcleo Gleba Ouro Verde","municipio":"Ivinhema","categoria":"Outras Localidades","subcategoria":"","fonte_localidade":"IBGE Localidades do Brasil 2022"}},{"type":"Feature","geometry":{"type":"Point","coordinates":[-53.536822,-22.489163]},"properties":{"nome":"Núcleo Fazenda Santa Rosa","municipio":"Ivinhema","categoria":"Outras Localidades","subcategoria":"","fonte_localidade":"IBGE Localidades do Brasil 2022"}},{"type":"Feature","geometry":{"type":"Point","coordinates":[-54.591408,-23.763561]},"properties":{"nome":"Aldeia Indígena Yvy-Katu","municipio":"Japorã","categoria":"Localidade Indígena","subcategoria":"Agrupamento Indígena","fonte_localidade":"IBGE Localidades do Brasil 2022"}},{"type":"Feature","geometry":{"type":"Point","coordinates":[-54.518471,-23.778198]},"properties":{"nome":"Aldeia Indígena Yvy-Katu II","municipio":"Japorã","categoria":"Localidade Indígena","subcategoria":"Agrupamento Indígena","fonte_localidade":"IBGE Localidades do Brasil 2022"}},{"type":"Feature","geometry":{"type":"Point","coordinates":[-54.587885,-23.785173]},"properties":{"nome":"Aldeia Indígena Porto Lindo","municipio":"Japorã","categoria":"Localidade Indígena","subcategoria":"Agrupamento Indígena","fonte_localidade":"IBGE Localidades do Brasil 2022"}},{"type":"Feature","geometry":{"type":"Point","coordinates":[-54.671883,-23.764584]},"properties":{"nome":"PA Jacob Carlos Franciose","municipio":"Japorã","categoria":"Outras Localidades","subcategoria":"","fonte_localidade":"IBGE Localidades do Brasil 2022"}},{"type":"Feature","geometry":{"type":"Point","coordinates":[-54.589703,-20.225033]},"properties":{"nome":"Rochedinho","municipio":"Jaraguari","categoria":"Povoado","subcategoria":"","fonte_localidade":"IBGE Localidades do Brasil 2022"}},{"type":"Feature","geometry":{"type":"Point","coordinates":[-54.699852,-20.058537]},"properties":{"nome":"Aldeia Indígena Bálsamo","municipio":"Jaraguari","categoria":"Localidade Indígena","subcategoria":"Agrupamento Indígena","fonte_localidade":"IBGE Localidades do Brasil 2022"}},{"type":"Feature","geometry":{"type":"Point","coordinates":[-54.561712,-20.159427]},"properties":{"nome":"Comunidade Quilombola Furnas do Dionísio","municipio":"Jaraguari","categoria":"Localidade Quilombola","subcategoria":"Outras Localidades Quilombolas","fonte_localidade":"IBGE Localidades do Brasil 2022"}},{"type":"Feature","geometry":{"type":"Point","coordinates":[-56.167851,-21.569086]},"properties":{"nome":"Aldeia Indígena Laranjal","municipio":"Jardim","categoria":"Localidade Indígena","subcategoria":"Agrupamento Indígena","fonte_localidade":"IBGE Localidades do Brasil 2022"}},{"type":"Feature","geometry":{"type":"Point","coordinates":[-54.295218,-22.558247]},"properties":{"nome":"Nova Esperança","municipio":"Jateí","categoria":"Povoado","subcategoria":"","fonte_localidade":"IBGE Localidades do Brasil 2022"}},{"type":"Feature","geometry":{"type":"Point","coordinates":[-53.946862,-22.645601]},"properties":{"nome":"Assentamento Gleba Nova Esperança","municipio":"Jateí","categoria":"Outras Localidades","subcategoria":"","fonte_localidade":"IBGE Localidades do Brasil 2022"}},{"type":"Feature","geometry":{"type":"Point","coordinates":[-54.642122,-22.697152]},"properties":{"nome":"Aldeia Indígena Taquara","municipio":"Juti","categoria":"Localidade Indígena","subcategoria":"Agrupamento Indígena","fonte_localidade":"IBGE Localidades do Brasil 2022"}},{"type":"Feature","geometry":{"type":"Point","coordinates":[-54.606636,-22.922423]},"properties":{"nome":"Aldeia Indígena Jarará","municipio":"Juti","categoria":"Localidade Indígena","subcategoria":"Agrupamento Indígena","fonte_localidade":"IBGE Localidades do Brasil 2022"}},{"type":"Feature","geometry":{"type":"Point","coordinates":[-54.315936,-22.650551]},"properties":{"nome":"Fazenda São Luiz","municipio":"Juti","categoria":"Outras Localidades","subcategoria":"","fonte_localidade":"IBGE Localidades do Brasil 2022"}},{"type":"Feature","geometry":{"type":"Point","coordinates":[-57.631118,-19.15331]},"properties":{"nome":"Agrovila Urucum","municipio":"Ladário","categoria":"Outras Localidades","subcategoria":"","fonte_localidade":"IBGE Localidades do Brasil 2022"}},{"type":"Feature","geometry":{"type":"Point","coordinates":[-55.241705,-22.735425]},"properties":{"nome":"Bocajá","municipio":"Laguna Carapã","categoria":"Povoado","subcategoria":"","fonte_localidade":"IBGE Localidades do Brasil 2022"}},{"type":"Feature","geometry":{"type":"Point","coordinates":[-55.066172,-22.785743]},"properties":{"nome":"Campanário","municipio":"Laguna Carapã","categoria":"Núcleo Rural","subcategoria":"","fonte_localidade":"IBGE Localidades do Brasil 2022"}},{"type":"Feature","geometry":{"type":"Point","coordinates":[-55.112194,-22.847082]},"properties":{"nome":"Aldeia Indígena Rancho Jacaré","municipio":"Laguna Carapã","categoria":"Localidade Indígena","subcategoria":"Agrupamento Indígena","fonte_localidade":"IBGE Localidades do Brasil 2022"}},{"type":"Feature","geometry":{"type":"Point","coordinates":[-55.199617,-22.847959]},"properties":{"nome":"Aldeia Indígena Guaimbé","municipio":"Laguna Carapã","categoria":"Localidade Indígena","subcategoria":"Agrupamento Indígena","fonte_localidade":"IBGE Localidades do Brasil 2022"}},{"type":"Feature","geometry":{"type":"Point","coordinates":[-55.018119,-22.44233]},"properties":{"nome":"Povoado de Carapã","municipio":"Laguna Carapã","categoria":"Outras Localidades","subcategoria":"","fonte_localidade":"IBGE Localidades do Brasil 2022"}},{"type":"Feature","geometry":{"type":"Point","coordinates":[-55.4237,-21.338493]},"properties":{"nome":"Destilaria","municipio":"Maracaju","categoria":"Núcleo Rural","subcategoria":"","fonte_localidade":"IBGE Localidades do Brasil 2022"}},{"type":"Feature","geometry":{"type":"Point","coordinates":[-55.806623,-21.479965]},"properties":{"nome":"Aldeia Indígena Cerroy","municipio":"Maracaju","categoria":"Localidade Indígena","subcategoria":"Agrupamento Indígena","fonte_localidade":"IBGE Localidades do Brasil 2022"}},{"type":"Feature","geometry":{"type":"Point","coordinates":[-55.572691,-21.094911]},"properties":{"nome":"Santa Guilhermina","municipio":"Maracaju","categoria":"Outras Localidades","subcategoria":"","fonte_localidade":"IBGE Localidades do Brasil 2022"}},{"type":"Feature","geometry":{"type":"Point","coordinates":[-55.111296,-21.651039]},"properties":{"nome":"Aldeia Indígena Sucuriy","municipio":"Maracaju","categoria":"Localidade Indígena","subcategoria":"Agrupamento Indígena","fonte_localidade":"IBGE Localidades do Brasil 2022"}},{"type":"Feature","geometry":{"type":"Point","coordinates":[-55.644826,-21.248843]},"properties":{"nome":"Comunidade Quilombola Colônia São Miguel","municipio":"Maracaju","categoria":"Localidade Quilombola","subcategoria":"Agrupamento Quilombola","fonte_localidade":"IBGE Localidades do Brasil 2022"}},{"type":"Feature","geometry":{"type":"Point","coordinates":[-56.296646,-20.198235]},"properties":{"nome":"Aldeia Indígena Argola","municipio":"Miranda","categoria":"Localidade Indígena","subcategoria":"Agrupamento Indígena","fonte_localidade":"IBGE Localidades do Brasil 2022"}},{"type":"Feature","geometry":{"type":"Point","coordinates":[-56.296646,-20.198235]},"properties":{"nome":"Aldeia Indígena Argola","municipio":"Miranda","categoria":"Povoado","subcategoria":"","fonte_localidade":"IBGE Localidades do Brasil 2022"}},{"type":"Feature","geometry":{"type":"Point","coordinates":[-56.279193,-20.190829]},"properties":{"nome":"Aldeia Indígena Cachoeirinha","municipio":"Miranda","categoria":"Localidade Indígena","subcategoria":"Agrupamento Indígena","fonte_localidade":"IBGE Localidades do Brasil 2022"}},{"type":"Feature","geometry":{"type":"Point","coordinates":[-56.279193,-20.190829]},"properties":{"nome":"Aldeia Indígena Cachoeirinha","municipio":"Miranda","categoria":"Povoado","subcategoria":"","fonte_localidade":"IBGE Localidades do Brasil 2022"}},{"type":"Feature","geometry":{"type":"Point","coordinates":[-56.782316,-20.083765]},"properties":{"nome":"Fundação Bradesco","municipio":"Miranda","categoria":"Núcleo Rural","subcategoria":"","fonte_localidade":"IBGE Localidades do Brasil 2022"}},{"type":"Feature","geometry":{"type":"Point","coordinates":[-56.276294,-20.224771]},"properties":{"nome":"Aldeia Indígena Mãe Terra","municipio":"Miranda","categoria":"Localidade Indígena","subcategoria":"Agrupamento Indígena","fonte_localidade":"IBGE Localidades do Brasil 2022"}},{"type":"Feature","geometry":{"type":"Point","coordinates":[-56.358648,-20.252268]},"properties":{"nome":"Aldeia Indígena Moreira","municipio":"Miranda","categoria":"Povoado","subcategoria":"","fonte_localidade":"IBGE Localidades do Brasil 2022"}},{"type":"Feature","geometry":{"type":"Point","coordinates":[-56.358648,-20.252268]},"properties":{"nome":"Aldeia Indígena Moreira","municipio":"Miranda","categoria":"Localidade Indígena","subcategoria":"Agrupamento Indígena","fonte_localidade":"IBGE Localidades do Brasil 2022"}},{"type":"Feature","geometry":{"type":"Point","coordinates":[-56.365676,-20.258897]},"properties":{"nome":"Aldeia Indígena Passarinho","municipio":"Miranda","categoria":"Povoado","subcategoria":"","fonte_localidade":"IBGE Localidades do Brasil 2022"}},{"type":"Feature","geometry":{"type":"Point","coordinates":[-56.365676,-20.258897]},"properties":{"nome":"Aldeia Indígena Passarinho","municipio":"Miranda","categoria":"Localidade Indígena","subcategoria":"Agrupamento Indígena","fonte_localidade":"IBGE Localidades do Brasil 2022"}},{"type":"Feature","geometry":{"type":"Point","coordinates":[-56.284415,-20.562082]},"properties":{"nome":"Aldeia Indígena Lalima","municipio":"Miranda","categoria":"Localidade Indígena","subcategoria":"Agrupamento Indígena","fonte_localidade":"IBGE Localidades do Brasil 2022"}},{"type":"Feature","geometry":{"type":"Point","coordinates":[-56.284504,-20.176232]},"properties":{"nome":"Aldeia Indígena Morrinho","municipio":"Miranda","categoria":"Localidade Indígena","subcategoria":"Agrupamento Indígena","fonte_localidade":"IBGE Localidades do Brasil 2022"}},{"type":"Feature","geometry":{"type":"Point","coordinates":[-56.284504,-20.176232]},"properties":{"nome":"Aldeia Indígena Morrinho","municipio":"Miranda","categoria":"Povoado","subcategoria":"","fonte_localidade":"IBGE Localidades do Brasil 2022"}},{"type":"Feature","geometry":{"type":"Point","coordinates":[-56.136944,-20.367755]},"properties":{"nome":"Aldeia Indígena Nossa Senhora de Fátima","municipio":"Miranda","categoria":"Localidade Indígena","subcategoria":"Agrupamento Indígena","fonte_localidade":"IBGE Localidades do Brasil 2022"}},{"type":"Feature","geometry":{"type":"Point","coordinates":[-56.288433,-20.205657]},"properties":{"nome":"Aldeia Indígena Babaçu","municipio":"Miranda","categoria":"Povoado","subcategoria":"","fonte_localidade":"IBGE Localidades do Brasil 2022"}},{"type":"Feature","geometry":{"type":"Point","coordinates":[-56.288433,-20.205657]},"properties":{"nome":"Aldeia Indígena Babaçu","municipio":"Miranda","categoria":"Localidade Indígena","subcategoria":"Agrupamento Indígena","fonte_localidade":"IBGE Localidades do Brasil 2022"}},{"type":"Feature","geometry":{"type":"Point","coordinates":[-56.257324,-20.20118]},"properties":{"nome":"Aldeia Indígena Lagoinha","municipio":"Miranda","categoria":"Povoado","subcategoria":"","fonte_localidade":"IBGE Localidades do Brasil 2022"}},{"type":"Feature","geometry":{"type":"Point","coordinates":[-56.257324,-20.20118]},"properties":{"nome":"Aldeia Indígena Lagoinha","municipio":"Miranda","categoria":"Localidade Indígena","subcategoria":"Agrupamento Indígena","fonte_localidade":"IBGE Localidades do Brasil 2022"}},{"type":"Feature","geometry":{"type":"Point","coordinates":[-56.354454,-20.256248]},"properties":{"nome":"Aldeia Indígena Boa Esperança","municipio":"Miranda","categoria":"Localidade Indígena","subcategoria":"Agrupamento Indígena","fonte_localidade":"IBGE Localidades do Brasil 2022"}},{"type":"Feature","geometry":{"type":"Point","coordinates":[-56.307974,-19.96526]},"properties":{"nome":"Fazenda Caiman","municipio":"Miranda","categoria":"Outras Localidades","subcategoria":"","fonte_localidade":"IBGE Localidades do Brasil 2022"}},{"type":"Feature","geometry":{"type":"Point","coordinates":[-56.614914,-20.086192]},"properties":{"nome":"Fazenda San Francisco","municipio":"Miranda","categoria":"Outras Localidades","subcategoria":"","fonte_localidade":"IBGE Localidades do Brasil 2022"}},{"type":"Feature","geometry":{"type":"Point","coordinates":[-56.316196,-20.235534]},"properties":{"nome":"Duque Estrada","municipio":"Miranda","categoria":"Outras Localidades","subcategoria":"","fonte_localidade":"IBGE Localidades do Brasil 2022"}},{"type":"Feature","geometry":{"type":"Point","coordinates":[-56.7966,-20.100271]},"properties":{"nome":"Fazenda Bodoquena","municipio":"Miranda","categoria":"Outras Localidades","subcategoria":"","fonte_localidade":"IBGE Localidades do Brasil 2022"}},{"type":"Feature","geometry":{"type":"Point","coordinates":[-56.983683,-19.86827]},"properties":{"nome":"Fazenda Brpec","municipio":"Miranda","categoria":"Núcleo Rural","subcategoria":"","fonte_localidade":"IBGE Localidades do Brasil 2022"}},{"type":"Feature","geometry":{"type":"Point","coordinates":[-56.271929,-20.232482]},"properties":{"nome":"Aldeia Indígena Kaikoe","municipio":"Miranda","categoria":"Localidade Indígena","subcategoria":"Agrupamento Indígena","fonte_localidade":"IBGE Localidades do Brasil 2022"}},{"type":"Feature","geometry":{"type":"Point","coordinates":[-56.173349,-20.377667]},"properties":{"nome":"Fazenda Figueira","municipio":"Miranda","categoria":"Localidade Indígena","subcategoria":"Outras Localidades Indígenas","fonte_localidade":"IBGE Localidades do Brasil 2022"}},{"type":"Feature","geometry":{"type":"Point","coordinates":[-56.54385,-20.295428]},"properties":{"nome":"Fazenda Morrinho","municipio":"Miranda","categoria":"Localidade Indígena","subcategoria":"Outras Localidades Indígenas","fonte_localidade":"IBGE Localidades do Brasil 2022"}},{"type":"Feature","geometry":{"type":"Point","coordinates":[-56.373981,-20.265339]},"properties":{"nome":"Aldeia Indígena Imbiruçú","municipio":"Miranda","categoria":"Localidade Indígena","subcategoria":"Outras Localidades Indígenas","fonte_localidade":"IBGE Localidades do Brasil 2022"}},{"type":"Feature","geometry":{"type":"Point","coordinates":[-56.2745,-20.5613]},"properties":{"nome":"Terra Indígena Lalima","municipio":"Miranda","categoria":"Localidade Indígena","subcategoria":"Outras Localidades Indígenas","fonte_localidade":"IBGE Localidades do Brasil 2022"}},{"type":"Feature","geometry":{"type":"Point","coordinates":[-54.201888,-23.99895]},"properties":{"nome":"Porto Isabel","municipio":"Mundo Novo","categoria":"Lugarejo","subcategoria":"","fonte_localidade":"IBGE Localidades do Brasil 2022"}},{"type":"Feature","geometry":{"type":"Point","coordinates":[-54.327596,-24.003276]},"properties":{"nome":"Assentamento Estrela Oito","municipio":"Mundo Novo","categoria":"Lugarejo","subcategoria":"","fonte_localidade":"IBGE Localidades do Brasil 2022"}},{"type":"Feature","geometry":{"type":"Point","coordinates":[-54.325711,-24.001355]},"properties":{"nome":"Assentamento Novo Horizonte","municipio":"Mundo Novo","categoria":"Lugarejo","subcategoria":"","fonte_localidade":"IBGE Localidades do Brasil 2022"}},{"type":"Feature","geometry":{"type":"Point","coordinates":[-54.197383,-23.132436]},"properties":{"nome":"Usina","municipio":"Naviraí","categoria":"Povoado","subcategoria":"","fonte_localidade":"IBGE Localidades do Brasil 2022"}},{"type":"Feature","geometry":{"type":"Point","coordinates":[-53.71257,-23.257764]},"properties":{"nome":"Porto Caiuá","municipio":"Naviraí","categoria":"Povoado","subcategoria":"","fonte_localidade":"IBGE Localidades do Brasil 2022"}},{"type":"Feature","geometry":{"type":"Point","coordinates":[-54.301786,-23.016651]},"properties":{"nome":"Aldeia Indígena Kurupy","municipio":"Naviraí","categoria":"Localidade Indígena","subcategoria":"Agrupamento Indígena","fonte_localidade":"IBGE Localidades do Brasil 2022"}},{"type":"Feature","geometry":{"type":"Point","coordinates":[-54.283648,-22.900505]},"properties":{"nome":"Aldeia Indígena Araguai Juncal","municipio":"Naviraí","categoria":"Localidade Indígena","subcategoria":"Agrupamento Indígena","fonte_localidade":"IBGE Localidades do Brasil 2022"}},{"type":"Feature","geometry":{"type":"Point","coordinates":[-54.212469,-23.054806]},"properties":{"nome":"Aldeia Indígena Sem Denominação","municipio":"Naviraí","categoria":"Localidade Indígena","subcategoria":"Agrupamento Indígena","fonte_localidade":"IBGE Localidades do Brasil 2022"}},{"type":"Feature","geometry":{"type":"Point","coordinates":[-53.81541,-23.069112]},"properties":{"nome":"Fazenda Vaca Branca","municipio":"Naviraí","categoria":"Outras Localidades","subcategoria":"","fonte_localidade":"IBGE Localidades do Brasil 2022"}},{"type":"Feature","geometry":{"type":"Point","coordinates":[-54.258012,-23.086775]},"properties":{"nome":"Loteamento Bela Vista","municipio":"Naviraí","categoria":"Outras Localidades","subcategoria":"","fonte_localidade":"IBGE Localidades do Brasil 2022"}},{"type":"Feature","geometry":{"type":"Point","coordinates":[-55.801436,-20.821971]},"properties":{"nome":"Colônia Conceição","municipio":"Nioaque","categoria":"Povoado","subcategoria":"","fonte_localidade":"IBGE Localidades do Brasil 2022"}},{"type":"Feature","geometry":{"type":"Point","coordinates":[-55.814417,-21.168395]},"properties":{"nome":"Comunidade Quilombola Família Araújo","municipio":"Nioaque","categoria":"Localidade Quilombola","subcategoria":"Agrupamento Quilombola","fonte_localidade":"IBGE Localidades do Brasil 2022"}},{"type":"Feature","geometry":{"type":"Point","coordinates":[-55.81604,-21.168581]},"properties":{"nome":"Comunidade Quilombola Família Ribeiro","municipio":"Nioaque","categoria":"Localidade Quilombola","subcategoria":"Agrupamento Quilombola","fonte_localidade":"IBGE Localidades do Brasil 2022"}},{"type":"Feature","geometry":{"type":"Point","coordinates":[-55.772139,-21.161252]},"properties":{"nome":"Aldeia Indígena Cabeceira","municipio":"Nioaque","categoria":"Localidade Indígena","subcategoria":"Agrupamento Indígena","fonte_localidade":"IBGE Localidades do Brasil 2022"}},{"type":"Feature","geometry":{"type":"Point","coordinates":[-55.767511,-21.153062]},"properties":{"nome":"Aldeia Indígena Água Branca","municipio":"Nioaque","categoria":"Localidade Indígena","subcategoria":"Agrupamento Indígena","fonte_localidade":"IBGE Localidades do Brasil 2022"}},{"type":"Feature","geometry":{"type":"Point","coordinates":[-55.755092,-21.145921]},"properties":{"nome":"Aldeia Indígena Taboquinha","municipio":"Nioaque","categoria":"Localidade Indígena","subcategoria":"Agrupamento Indígena","fonte_localidade":"IBGE Localidades do Brasil 2022"}},{"type":"Feature","geometry":{"type":"Point","coordinates":[-55.722331,-21.147507]},"properties":{"nome":"Aldeia Indígena Brejão","municipio":"Nioaque","categoria":"Localidade Indígena","subcategoria":"Agrupamento Indígena","fonte_localidade":"IBGE Localidades do Brasil 2022"}},{"type":"Feature","geometry":{"type":"Point","coordinates":[-55.830402,-21.179751]},"properties":{"nome":"Comunidade Quilombola Família Cardoso","municipio":"Nioaque","categoria":"Localidade Quilombola","subcategoria":"Agrupamento Quilombola","fonte_localidade":"IBGE Localidades do Brasil 2022"}},{"type":"Feature","geometry":{"type":"Point","coordinates":[-55.815946,-20.917543]},"properties":{"nome":"Assentamento Colonia Conceicao","municipio":"Nioaque","categoria":"Localidade Indígena","subcategoria":"Outras Localidades Indígenas","fonte_localidade":"IBGE Localidades do Brasil 2022"}},{"type":"Feature","geometry":{"type":"Point","coordinates":[-55.829237,-21.173657]},"properties":{"nome":"Bairro Bahia","municipio":"Nioaque","categoria":"Localidade Indígena","subcategoria":"Outras Localidades Indígenas","fonte_localidade":"IBGE Localidades do Brasil 2022"}},{"type":"Feature","geometry":{"type":"Point","coordinates":[-55.808293,-21.162245]},"properties":{"nome":"Comunidade Quilombola Bulhoes","municipio":"Nioaque","categoria":"Localidade Quilombola","subcategoria":"Outras Localidades Quilombolas","fonte_localidade":"IBGE Localidades do Brasil 2022"}},{"type":"Feature","geometry":{"type":"Point","coordinates":[-55.839492,-21.174057]},"properties":{"nome":"Comunidade Quilombola Ribeirinhos Família Romano Martins da Conceição","municipio":"Nioaque","categoria":"Localidade Quilombola","subcategoria":"Outras Localidades Quilombolas","fonte_localidade":"IBGE Localidades do Brasil 2022"}},{"type":"Feature","geometry":{"type":"Point","coordinates":[-53.856221,-21.602286]},"properties":{"nome":"Lote 1","municipio":"Nova Alvorada do Sul","categoria":"Lugarejo","subcategoria":"","fonte_localidade":"IBGE Localidades do Brasil 2022"}},{"type":"Feature","geometry":{"type":"Point","coordinates":[-53.895547,-21.688874]},"properties":{"nome":"Vila PAM II - Travessão 5","municipio":"Nova Alvorada do Sul","categoria":"Outras Localidades","subcategoria":"","fonte_localidade":"IBGE Localidades do Brasil 2022"}},{"type":"Feature","geometry":{"type":"Point","coordinates":[-53.683895,-22.043049]},"properties":{"nome":"Marinas do Ivinhema","municipio":"Nova Andradina","categoria":"Outras Localidades","subcategoria":"","fonte_localidade":"IBGE Localidades do Brasil 2022"}},{"type":"Feature","geometry":{"type":"Point","coordinates":[-52.902967,-19.25116]},"properties":{"nome":"Fazenda São João","municipio":"Paraíso das Águas","categoria":"Outras Localidades","subcategoria":"","fonte_localidade":"IBGE Localidades do Brasil 2022"}},{"type":"Feature","geometry":{"type":"Point","coordinates":[-53.020699,-19.058037]},"properties":{"nome":"Condomínio Sucuriú","municipio":"Paraíso das Águas","categoria":"Outras Localidades","subcategoria":"","fonte_localidade":"IBGE Localidades do Brasil 2022"}},{"type":"Feature","geometry":{"type":"Point","coordinates":[-52.893396,-18.842594]},"properties":{"nome":"Iaco Agrícola S.A. - Fazenda Ribeirão","municipio":"Paraíso das Águas","categoria":"Núcleo Rural","subcategoria":"","fonte_localidade":"IBGE Localidades do Brasil 2022"}},{"type":"Feature","geometry":{"type":"Point","coordinates":[-51.038975,-19.625984]},"properties":{"nome":"Condomínio Arantes","municipio":"Paranaíba","categoria":"Núcleo Rural","subcategoria":"","fonte_localidade":"IBGE Localidades do Brasil 2022"}},{"type":"Feature","geometry":{"type":"Point","coordinates":[-51.060872,-19.654822]},"properties":{"nome":"Lagoa do Arerê","municipio":"Paranaíba","categoria":"Outras Localidades","subcategoria":"","fonte_localidade":"IBGE Localidades do Brasil 2022"}},{"type":"Feature","geometry":{"type":"Point","coordinates":[-51.046923,-19.67636]},"properties":{"nome":"Porto Alencastro","municipio":"Paranaíba","categoria":"Outras Localidades","subcategoria":"","fonte_localidade":"IBGE Localidades do Brasil 2022"}},{"type":"Feature","geometry":{"type":"Point","coordinates":[-55.399191,-23.934036]},"properties":{"nome":"Aldeia Indígena Potrero Guaçu","municipio":"Paranhos","categoria":"Localidade Indígena","subcategoria":"Agrupamento Indígena","fonte_localidade":"IBGE Localidades do Brasil 2022"}},{"type":"Feature","geometry":{"type":"Point","coordinates":[-55.252793,-23.690358]},"properties":{"nome":"Aldeia Indígena Arroio Cora","municipio":"Paranhos","categoria":"Localidade Indígena","subcategoria":"Agrupamento Indígena","fonte_localidade":"IBGE Localidades do Brasil 2022"}},{"type":"Feature","geometry":{"type":"Point","coordinates":[-55.387002,-23.918227]},"properties":{"nome":"Vila Taquaperi","municipio":"Paranhos","categoria":"Povoado","subcategoria":"","fonte_localidade":"IBGE Localidades do Brasil 2022"}},{"type":"Feature","geometry":{"type":"Point","coordinates":[-55.395352,-23.753811]},"properties":{"nome":"Aldeia Indígena Ypoy Triunfo","municipio":"Paranhos","categoria":"Localidade Indígena","subcategoria":"Agrupamento Indígena","fonte_localidade":"IBGE Localidades do Brasil 2022"}},{"type":"Feature","geometry":{"type":"Point","coordinates":[-55.27249,-23.911856]},"properties":{"nome":"São João do Jatobá","municipio":"Paranhos","categoria":"Outras Localidades","subcategoria":"","fonte_localidade":"IBGE Localidades do Brasil 2022"}},{"type":"Feature","geometry":{"type":"Point","coordinates":[-55.483861,-23.561953]},"properties":{"nome":"Aldeia Indígena Sete Cerros","municipio":"Paranhos","categoria":"Localidade Indígena","subcategoria":"Agrupamento Indígena","fonte_localidade":"IBGE Localidades do Brasil 2022"}},{"type":"Feature","geometry":{"type":"Point","coordinates":[-55.289242,-23.952237]},"properties":{"nome":"Aldeia Indígena Pirajuí","municipio":"Paranhos","categoria":"Localidade Indígena","subcategoria":"Agrupamento Indígena","fonte_localidade":"IBGE Localidades do Brasil 2022"}},{"type":"Feature","geometry":{"type":"Point","coordinates":[-55.178039,-23.769655]},"properties":{"nome":"Aldeia Indígena Paraguaçu ou Yvykuarusu","municipio":"Paranhos","categoria":"Localidade Indígena","subcategoria":"Agrupamento Indígena","fonte_localidade":"IBGE Localidades do Brasil 2022"}},{"type":"Feature","geometry":{"type":"Point","coordinates":[-54.513071,-18.080178]},"properties":{"nome":"Comunidade Quilombola Família Quintino","municipio":"Pedro Gomes","categoria":"Localidade Quilombola","subcategoria":"Agrupamento Quilombola","fonte_localidade":"IBGE Localidades do Brasil 2022"}},{"type":"Feature","geometry":{"type":"Point","coordinates":[-54.513071,-18.080178]},"properties":{"nome":"Comunidade Quilombola Família Quintino","municipio":"Pedro Gomes","categoria":"Lugarejo","subcategoria":"","fonte_localidade":"IBGE Localidades do Brasil 2022"}},{"type":"Feature","geometry":{"type":"Point","coordinates":[-55.272752,-22.369685]},"properties":{"nome":"Aldeia Indígena Lima Campo Jatayvary","municipio":"Ponta Porã","categoria":"Localidade Indígena","subcategoria":"Agrupamento Indígena","fonte_localidade":"IBGE Localidades do Brasil 2022"}},{"type":"Feature","geometry":{"type":"Point","coordinates":[-55.95883,-22.05074]},"properties":{"nome":"Aldeia Indígena Kokwei","municipio":"Ponta Porã","categoria":"Localidade Indígena","subcategoria":"Agrupamento Indígena","fonte_localidade":"IBGE Localidades do Brasil 2022"}},{"type":"Feature","geometry":{"type":"Point","coordinates":[-55.534986,-22.437702]},"properties":{"nome":"Fazenda Jotabasso","municipio":"Ponta Porã","categoria":"Outras Localidades","subcategoria":"","fonte_localidade":"IBGE Localidades do Brasil 2022"}},{"type":"Feature","geometry":{"type":"Point","coordinates":[-56.023976,-22.015053]},"properties":{"nome":"Aldeia Indígena Pirakua","municipio":"Ponta Porã","categoria":"Localidade Indígena","subcategoria":"Agrupamento Indígena","fonte_localidade":"IBGE Localidades do Brasil 2022"}},{"type":"Feature","geometry":{"type":"Point","coordinates":[-55.429974,-22.232204]},"properties":{"nome":"Grupo MST - Itamarati","municipio":"Ponta Porã","categoria":"Outras Localidades","subcategoria":"","fonte_localidade":"IBGE Localidades do Brasil 2022"}},{"type":"Feature","geometry":{"type":"Point","coordinates":[-55.413965,-22.251532]},"properties":{"nome":"Grupo AMFFI - Itamarati","municipio":"Ponta Porã","categoria":"Outras Localidades","subcategoria":"","fonte_localidade":"IBGE Localidades do Brasil 2022"}},{"type":"Feature","geometry":{"type":"Point","coordinates":[-56.961458,-20.433976]},"properties":{"nome":"Aldeia Indígena Alves de Barros","municipio":"Porto Murtinho","categoria":"Localidade Indígena","subcategoria":"Agrupamento Indígena","fonte_localidade":"IBGE Localidades do Brasil 2022"}},{"type":"Feature","geometry":{"type":"Point","coordinates":[-57.22375,-20.816819]},"properties":{"nome":"Aldeia Indígena Tomazia","municipio":"Porto Murtinho","categoria":"Localidade Indígena","subcategoria":"Agrupamento Indígena","fonte_localidade":"IBGE Localidades do Brasil 2022"}},{"type":"Feature","geometry":{"type":"Point","coordinates":[-57.346969,-20.726192]},"properties":{"nome":"Aldeia Indígena Barro Preto","municipio":"Porto Murtinho","categoria":"Localidade Indígena","subcategoria":"Agrupamento Indígena","fonte_localidade":"IBGE Localidades do Brasil 2022"}},{"type":"Feature","geometry":{"type":"Point","coordinates":[-56.947665,-20.67947]},"properties":{"nome":"Aldeia Indígena Córrego de Ouro","municipio":"Porto Murtinho","categoria":"Localidade Indígena","subcategoria":"Agrupamento Indígena","fonte_localidade":"IBGE Localidades do Brasil 2022"}},{"type":"Feature","geometry":{"type":"Point","coordinates":[-56.942643,-21.040328]},"properties":{"nome":"Aldeia Indígena São João","municipio":"Porto Murtinho","categoria":"Localidade Indígena","subcategoria":"Agrupamento Indígena","fonte_localidade":"IBGE Localidades do Brasil 2022"}},{"type":"Feature","geometry":{"type":"Point","coordinates":[-57.530242,-22.174118]},"properties":{"nome":"Cachoeira do Apa","municipio":"Porto Murtinho","categoria":"Outras Localidades","subcategoria":"","fonte_localidade":"IBGE Localidades do Brasil 2022"}},{"type":"Feature","geometry":{"type":"Point","coordinates":[-57.682386,-21.216155]},"properties":{"nome":"Fazenda Santa Ana","municipio":"Porto Murtinho","categoria":"Outras Localidades","subcategoria":"","fonte_localidade":"IBGE Localidades do Brasil 2022"}},{"type":"Feature","geometry":{"type":"Point","coordinates":[-57.040033,-21.19275]},"properties":{"nome":"Fazenda Santa Otília","municipio":"Porto Murtinho","categoria":"Outras Localidades","subcategoria":"","fonte_localidade":"IBGE Localidades do Brasil 2022"}},{"type":"Feature","geometry":{"type":"Point","coordinates":[-57.07942,-21.456327]},"properties":{"nome":"Fazenda Baguaçu","municipio":"Porto Murtinho","categoria":"Outras Localidades","subcategoria":"","fonte_localidade":"IBGE Localidades do Brasil 2022"}},{"type":"Feature","geometry":{"type":"Point","coordinates":[-57.870422,-21.68323]},"properties":{"nome":"Colônia Bocaiuval","municipio":"Porto Murtinho","categoria":"Outras Localidades","subcategoria":"","fonte_localidade":"IBGE Localidades do Brasil 2022"}},{"type":"Feature","geometry":{"type":"Point","coordinates":[-53.181409,-20.41212]},"properties":{"nome":"Posto Mutum","municipio":"Ribas do Rio Pardo","categoria":"Outras Localidades","subcategoria":"","fonte_localidade":"IBGE Localidades do Brasil 2022"}},{"type":"Feature","geometry":{"type":"Point","coordinates":[-53.282486,-21.152508]},"properties":{"nome":"Fazenda Modelo II","municipio":"Ribas do Rio Pardo","categoria":"Outras Localidades","subcategoria":"","fonte_localidade":"IBGE Localidades do Brasil 2022"}},{"type":"Feature","geometry":{"type":"Point","coordinates":[-54.714968,-21.509387]},"properties":{"nome":"Usina Passa Tempo","municipio":"Rio Brilhante","categoria":"Núcleo Rural","subcategoria":"","fonte_localidade":"IBGE Localidades do Brasil 2022"}},{"type":"Feature","geometry":{"type":"Point","coordinates":[-54.438196,-21.656529]},"properties":{"nome":"Aldeia Indígena Coquerito","municipio":"Rio Brilhante","categoria":"Localidade Indígena","subcategoria":"Agrupamento Indígena","fonte_localidade":"IBGE Localidades do Brasil 2022"}},{"type":"Feature","geometry":{"type":"Point","coordinates":[-54.531513,-21.884577]},"properties":{"nome":"Aldeia Indígena Laranjeira Nhanderu","municipio":"Rio Brilhante","categoria":"Localidade Indígena","subcategoria":"Agrupamento Indígena","fonte_localidade":"IBGE Localidades do Brasil 2022"}},{"type":"Feature","geometry":{"type":"Point","coordinates":[-54.865401,-21.586307]},"properties":{"nome":"Aldeia Indígena Sete Placas","municipio":"Rio Brilhante","categoria":"Localidade Indígena","subcategoria":"Agrupamento Indígena","fonte_localidade":"IBGE Localidades do Brasil 2022"}},{"type":"Feature","geometry":{"type":"Point","coordinates":[-54.923821,-21.608122]},"properties":{"nome":"Comunidade Quilombola Família Jarcem","municipio":"Rio Brilhante","categoria":"Localidade Quilombola","subcategoria":"Outras Localidades Quilombolas","fonte_localidade":"IBGE Localidades do Brasil 2022"}},{"type":"Feature","geometry":{"type":"Point","coordinates":[-55.007555,-19.491086]},"properties":{"nome":"São Francisco","municipio":"Rio Negro","categoria":"Povoado","subcategoria":"","fonte_localidade":"IBGE Localidades do Brasil 2022"}},{"type":"Feature","geometry":{"type":"Point","coordinates":[-54.955217,-19.431139]},"properties":{"nome":"Comunidade Quilombola Ourolândia","municipio":"Rio Negro","categoria":"Localidade Quilombola","subcategoria":"Agrupamento Quilombola","fonte_localidade":"IBGE Localidades do Brasil 2022"}},{"type":"Feature","geometry":{"type":"Point","coordinates":[-55.165354,-19.275176]},"properties":{"nome":"São Luiz","municipio":"Rio Verde de Mato Grosso","categoria":"Outras Localidades","subcategoria":"","fonte_localidade":"IBGE Localidades do Brasil 2022"}},{"type":"Feature","geometry":{"type":"Point","coordinates":[-54.916195,-18.939549]},"properties":{"nome":"Condomínio Recanto das Araras","municipio":"Rio Verde de Mato Grosso","categoria":"Outras Localidades","subcategoria":"","fonte_localidade":"IBGE Localidades do Brasil 2022"}},{"type":"Feature","geometry":{"type":"Point","coordinates":[-52.491298,-21.68517]},"properties":{"nome":"Porto Seguro","municipio":"Santa Rita do Pardo","categoria":"Lugarejo","subcategoria":"","fonte_localidade":"IBGE Localidades do Brasil 2022"}},{"type":"Feature","geometry":{"type":"Point","coordinates":[-52.395039,-21.488191]},"properties":{"nome":"Fazenda Santa Virgínia","municipio":"Santa Rita do Pardo","categoria":"Outras Localidades","subcategoria":"","fonte_localidade":"IBGE Localidades do Brasil 2022"}},{"type":"Feature","geometry":{"type":"Point","coordinates":[-54.741732,-23.848291]},"properties":{"nome":"Aldeia Indígena Sombrerito","municipio":"Sete Quedas","categoria":"Localidade Indígena","subcategoria":"Agrupamento Indígena","fonte_localidade":"IBGE Localidades do Brasil 2022"}},{"type":"Feature","geometry":{"type":"Point","coordinates":[-54.890364,-23.899617]},"properties":{"nome":"Vila Miguel","municipio":"Sete Quedas","categoria":"Povoado","subcategoria":"","fonte_localidade":"IBGE Localidades do Brasil 2022"}},{"type":"Feature","geometry":{"type":"Point","coordinates":[-54.938873,-23.961634]},"properties":{"nome":"Santa Luzia","municipio":"Sete Quedas","categoria":"Povoado","subcategoria":"","fonte_localidade":"IBGE Localidades do Brasil 2022"}},{"type":"Feature","geometry":{"type":"Point","coordinates":[-54.724948,-23.865352]},"properties":{"nome":"Vila Carioca","municipio":"Sete Quedas","categoria":"Outras Localidades","subcategoria":"","fonte_localidade":"IBGE Localidades do Brasil 2022"}},{"type":"Feature","geometry":{"type":"Point","coordinates":[-55.175873,-20.871189]},"properties":{"nome":"Aldeia Indígena Córrego do Meio","municipio":"Sidrolândia","categoria":"Localidade Indígena","subcategoria":"Agrupamento Indígena","fonte_localidade":"IBGE Localidades do Brasil 2022"}},{"type":"Feature","geometry":{"type":"Point","coordinates":[-55.175873,-20.871189]},"properties":{"nome":"Aldeia Indígena Córrego do Meio","municipio":"Sidrolândia","categoria":"Lugarejo","subcategoria":"","fonte_localidade":"IBGE Localidades do Brasil 2022"}},{"type":"Feature","geometry":{"type":"Point","coordinates":[-54.980036,-20.94013]},"properties":{"nome":"Aldeia Indígena Nova Tereré","municipio":"Sidrolândia","categoria":"Localidade Indígena","subcategoria":"Agrupamento Indígena","fonte_localidade":"IBGE Localidades do Brasil 2022"}},{"type":"Feature","geometry":{"type":"Point","coordinates":[-54.980315,-20.938529]},"properties":{"nome":"Aldeia Indígena Nova Nascente","municipio":"Sidrolândia","categoria":"Localidade Indígena","subcategoria":"Agrupamento Indígena","fonte_localidade":"IBGE Localidades do Brasil 2022"}},{"type":"Feature","geometry":{"type":"Point","coordinates":[-54.893909,-21.199005]},"properties":{"nome":"Agrovila do PA Capão Bonito I","municipio":"Sidrolândia","categoria":"Povoado","subcategoria":"","fonte_localidade":"IBGE Localidades do Brasil 2022"}},{"type":"Feature","geometry":{"type":"Point","coordinates":[-54.893909,-21.199005]},"properties":{"nome":"Agrovila do PA Capão Bonito I","municipio":"Sidrolândia","categoria":"Agrovila do PA","subcategoria":"","fonte_localidade":"IBGE Localidades do Brasil 2022"}},{"type":"Feature","geometry":{"type":"Point","coordinates":[-54.683428,-21.045863]},"properties":{"nome":"Cidade Viva Capão Seco","municipio":"Sidrolândia","categoria":"Povoado","subcategoria":"","fonte_localidade":"IBGE Localidades do Brasil 2022"}},{"type":"Feature","geometry":{"type":"Point","coordinates":[-54.976218,-20.938357]},"properties":{"nome":"Aldeia Indígena Tereré","municipio":"Sidrolândia","categoria":"Localidade Indígena","subcategoria":"Agrupamento Indígena","fonte_localidade":"IBGE Localidades do Brasil 2022"}},{"type":"Feature","geometry":{"type":"Point","coordinates":[-55.183725,-20.878194]},"properties":{"nome":"Aldeia Indígena Lagoinha","municipio":"Sidrolândia","categoria":"Localidade Indígena","subcategoria":"Agrupamento Indígena","fonte_localidade":"IBGE Localidades do Brasil 2022"}},{"type":"Feature","geometry":{"type":"Point","coordinates":[-55.183725,-20.878194]},"properties":{"nome":"Aldeia Indígena Lagoinha","municipio":"Sidrolândia","categoria":"Lugarejo","subcategoria":"","fonte_localidade":"IBGE Localidades do Brasil 2022"}},{"type":"Feature","geometry":{"type":"Point","coordinates":[-54.747966,-20.980176]},"properties":{"nome":"Loteamento Eldorado","municipio":"Sidrolândia","categoria":"Povoado","subcategoria":"","fonte_localidade":"IBGE Localidades do Brasil 2022"}},{"type":"Feature","geometry":{"type":"Point","coordinates":[-55.146754,-20.871623]},"properties":{"nome":"Aldeia Indígena 10 de Maio","municipio":"Sidrolândia","categoria":"Localidade Indígena","subcategoria":"Agrupamento Indígena","fonte_localidade":"IBGE Localidades do Brasil 2022"}},{"type":"Feature","geometry":{"type":"Point","coordinates":[-54.833118,-21.246366]},"properties":{"nome":"Agrovila Capão Bonito II","municipio":"Sidrolândia","categoria":"Outras Localidades","subcategoria":"","fonte_localidade":"IBGE Localidades do Brasil 2022"}},{"type":"Feature","geometry":{"type":"Point","coordinates":[-54.640048,-21.010623]},"properties":{"nome":"Jiboia","municipio":"Sidrolândia","categoria":"Outras Localidades","subcategoria":"","fonte_localidade":"IBGE Localidades do Brasil 2022"}},{"type":"Feature","geometry":{"type":"Point","coordinates":[-54.979103,-20.938839]},"properties":{"nome":"Aldeia Indígena Oliveira","municipio":"Sidrolândia","categoria":"Localidade Indígena","subcategoria":"Outras Localidades Indígenas","fonte_localidade":"IBGE Localidades do Brasil 2022"}},{"type":"Feature","geometry":{"type":"Point","coordinates":[-54.740709,-17.80292]},"properties":{"nome":"Chapadão","municipio":"Sonora","categoria":"Povoado","subcategoria":"","fonte_localidade":"IBGE Localidades do Brasil 2022"}},{"type":"Feature","geometry":{"type":"Point","coordinates":[-54.965036,-17.621196]},"properties":{"nome":"Comunidade Quilombola Família Bispo","municipio":"Sonora","categoria":"Localidade Quilombola","subcategoria":"Outras Localidades Quilombolas","fonte_localidade":"IBGE Localidades do Brasil 2022"}},{"type":"Feature","geometry":{"type":"Point","coordinates":[-54.77729,-23.592707]},"properties":{"nome":"Aldeia Indígena Sassoró","municipio":"Tacuru","categoria":"Localidade Indígena","subcategoria":"Agrupamento Indígena","fonte_localidade":"IBGE Localidades do Brasil 2022"}},{"type":"Feature","geometry":{"type":"Point","coordinates":[-54.947519,-23.716758]},"properties":{"nome":"Aldeia Indígena Jaguapiré","municipio":"Tacuru","categoria":"Localidade Indígena","subcategoria":"Agrupamento Indígena","fonte_localidade":"IBGE Localidades do Brasil 2022"}},{"type":"Feature","geometry":{"type":"Point","coordinates":[-54.792,-23.602]},"properties":{"nome":"Aldeia Indígena Sassoró / Ramada","municipio":"Tacuru","categoria":"Localidade Indígena","subcategoria":"Outras Localidades Indígenas","fonte_localidade":"IBGE Localidades do Brasil 2022"}},{"type":"Feature","geometry":{"type":"Point","coordinates":[-53.393371,-22.564418]},"properties":{"nome":"São João","municipio":"Taquarussu","categoria":"Outras Localidades","subcategoria":"","fonte_localidade":"IBGE Localidades do Brasil 2022"}},{"type":"Feature","geometry":{"type":"Point","coordinates":[-55.258221,-20.281903]},"properties":{"nome":"Recanto Nuara","municipio":"Terenos","categoria":"Povoado","subcategoria":"","fonte_localidade":"IBGE Localidades do Brasil 2022"}},{"type":"Feature","geometry":{"type":"Point","coordinates":[-54.835081,-20.465298]},"properties":{"nome":"Planalto Verde","municipio":"Terenos","categoria":"Lugarejo","subcategoria":"","fonte_localidade":"IBGE Localidades do Brasil 2022"}},{"type":"Feature","geometry":{"type":"Point","coordinates":[-55.085209,-20.175628]},"properties":{"nome":"Loteamento Ponte do Grego","municipio":"Terenos","categoria":"Lugarejo","subcategoria":"","fonte_localidade":"IBGE Localidades do Brasil 2022"}},{"type":"Feature","geometry":{"type":"Point","coordinates":[-55.071038,-20.161573]},"properties":{"nome":"Loteamento Paraíso","municipio":"Terenos","categoria":"Outras Localidades","subcategoria":"","fonte_localidade":"IBGE Localidades do Brasil 2022"}},{"type":"Feature","geometry":{"type":"Point","coordinates":[-55.242507,-20.294055]},"properties":{"nome":"Recanto Patury","municipio":"Terenos","categoria":"Outras Localidades","subcategoria":"","fonte_localidade":"IBGE Localidades do Brasil 2022"}},{"type":"Feature","geometry":{"type":"Point","coordinates":[-54.883749,-20.66192]},"properties":{"nome":"Santa Mônica","municipio":"Terenos","categoria":"Outras Localidades","subcategoria":"","fonte_localidade":"IBGE Localidades do Brasil 2022"}},{"type":"Feature","geometry":{"type":"Point","coordinates":[-55.005789,-20.690018]},"properties":{"nome":"Patagônia","municipio":"Terenos","categoria":"Outras Localidades","subcategoria":"","fonte_localidade":"IBGE Localidades do Brasil 2022"}},{"type":"Feature","geometry":{"type":"Point","coordinates":[-54.904795,-20.254317]},"properties":{"nome":"Comunidade Quilombola Arquiterc (Os Pretos)","municipio":"Terenos","categoria":"Localidade Quilombola","subcategoria":"Outras Localidades Quilombolas","fonte_localidade":"IBGE Localidades do Brasil 2022"}},{"type":"Feature","geometry":{"type":"Point","coordinates":[-51.797701,-20.645862]},"properties":{"nome":"Condomínio Retiro das Palmeiras","municipio":"Três Lagoas","categoria":"Lugarejo","subcategoria":"","fonte_localidade":"IBGE Localidades do Brasil 2022"}},{"type":"Feature","geometry":{"type":"Point","coordinates":[-51.876945,-20.565496]},"properties":{"nome":"Loteamento Maresias","municipio":"Três Lagoas","categoria":"Lugarejo","subcategoria":"","fonte_localidade":"IBGE Localidades do Brasil 2022"}},{"type":"Feature","geometry":{"type":"Point","coordinates":[-51.758921,-20.65493]},"properties":{"nome":"Ranchos do Sucuriú","municipio":"Três Lagoas","categoria":"Lugarejo","subcategoria":"","fonte_localidade":"IBGE Localidades do Brasil 2022"}},{"type":"Feature","geometry":{"type":"Point","coordinates":[-51.759673,-20.672915]},"properties":{"nome":"Barra do Sucuriú","municipio":"Três Lagoas","categoria":"Lugarejo","subcategoria":"","fonte_localidade":"IBGE Localidades do Brasil 2022"}},{"type":"Feature","geometry":{"type":"Point","coordinates":[-51.798331,-20.657601]},"properties":{"nome":"Oásis","municipio":"Três Lagoas","categoria":"Lugarejo","subcategoria":"","fonte_localidade":"IBGE Localidades do Brasil 2022"}},{"type":"Feature","geometry":{"type":"Point","coordinates":[-51.855957,-20.615716]},"properties":{"nome":"Água Tirada","municipio":"Três Lagoas","categoria":"Lugarejo","subcategoria":"","fonte_localidade":"IBGE Localidades do Brasil 2022"}},{"type":"Feature","geometry":{"type":"Point","coordinates":[-51.85147,-20.677129]},"properties":{"nome":"Loteamento Bom Jardim","municipio":"Três Lagoas","categoria":"Lugarejo","subcategoria":"","fonte_localidade":"IBGE Localidades do Brasil 2022"}},{"type":"Feature","geometry":{"type":"Point","coordinates":[-51.644459,-20.700484]},"properties":{"nome":"Loteamento Reviera","municipio":"Três Lagoas","categoria":"Outras Localidades","subcategoria":"","fonte_localidade":"IBGE Localidades do Brasil 2022"}},{"type":"Feature","geometry":{"type":"Point","coordinates":[-54.068976,-22.050472]},"properties":{"nome":"Ipezal","municipio":"Angélica","categoria":"Vila","subcategoria":"Urbana","fonte_localidade":"PIN MS / AGRAER"}},{"type":"Feature","geometry":{"type":"Point","coordinates":[-56.038565,-22.206673]},"properties":{"nome":"Campestre","municipio":"Antônio João","categoria":"Vila","subcategoria":"Urbana","fonte_localidade":"PIN MS / AGRAER"}},{"type":"Feature","geometry":{"type":"Point","coordinates":[-55.632748,-20.484081]},"properties":{"nome":"Camisão","municipio":"Aquidauana","categoria":"Vila","subcategoria":"Urbana","fonte_localidade":"PIN MS / AGRAER"}},{"type":"Feature","geometry":{"type":"Point","coordinates":[-55.537249,-20.47702]},"properties":{"nome":"Piraputanga","municipio":"Aquidauana","categoria":"Vila","subcategoria":"Urbana","fonte_localidade":"PIN MS / AGRAER"}},{"type":"Feature","geometry":{"type":"Point","coordinates":[-56.070629,-20.290808]},"properties":{"nome":"Taunay","municipio":"Aquidauana","categoria":"Vila","subcategoria":"Urbana","fonte_localidade":"PIN MS / AGRAER"}},{"type":"Feature","geometry":{"type":"Point","coordinates":[-56.066686,-20.253582]},"properties":{"nome":"Bananal","municipio":"Aquidauana","categoria":"Aldeia Indígena","subcategoria":"Rural","fonte_localidade":"PIN MS / AGRAER"}},{"type":"Feature","geometry":{"type":"Point","coordinates":[-56.096039,-20.280016]},"properties":{"nome":"Imbiruçu","municipio":"Aquidauana","categoria":"Aldeia Indígena","subcategoria":"Rural","fonte_localidade":"PIN MS / AGRAER"}},{"type":"Feature","geometry":{"type":"Point","coordinates":[-55.390631,-20.129594]},"properties":{"nome":"Cipolândia","municipio":"Aquidauana","categoria":"Vila","subcategoria":"Urbana","fonte_localidade":"PIN MS / AGRAER"}},{"type":"Feature","geometry":{"type":"Point","coordinates":[-55.587366,-23.027057]},"properties":{"nome":"Vila Marques","municipio":"Aral Moreira","categoria":"Povoado","subcategoria":"Rural","fonte_localidade":"PIN MS / AGRAER"}},{"type":"Feature","geometry":{"type":"Point","coordinates":[-55.485131,-22.742469]},"properties":{"nome":"São Luiz","municipio":"Aral Moreira","categoria":"Povoado","subcategoria":"Rural","fonte_localidade":"PIN MS / AGRAER"}},{"type":"Feature","geometry":{"type":"Point","coordinates":[-54.352226,-19.68018]},"properties":{"nome":"Cogonha","municipio":"Bandeirantes","categoria":"Vila","subcategoria":"Urbana","fonte_localidade":"PIN MS / AGRAER"}},{"type":"Feature","geometry":{"type":"Point","coordinates":[-52.261074,-21.7224]},"properties":{"nome":"Nova Porto XV","municipio":"Bataguassu","categoria":"Povoado","subcategoria":"Rural","fonte_localidade":"PIN MS / AGRAER"}},{"type":"Feature","geometry":{"type":"Point","coordinates":[-54.225282,-22.26583]},"properties":{"nome":"Lagoa Bonita","municipio":"Deodápolis","categoria":"Vila","subcategoria":"Urbana","fonte_localidade":"PIN MS / AGRAER"}},{"type":"Feature","geometry":{"type":"Point","coordinates":[-51.373421,-19.428085]},"properties":{"nome":"Raimundo","municipio":"Paranaíba","categoria":"Vila","subcategoria":"Urbana","fonte_localidade":"PIN MS / AGRAER"}},{"type":"Feature","geometry":{"type":"Point","coordinates":[-52.851427,-20.438921]},"properties":{"nome":"Núcleo Industrial II","municipio":"Água Clara","categoria":"Núcleo","subcategoria":"Rural","fonte_localidade":"PIN MS / AGRAER"}},{"type":"Feature","geometry":{"type":"Point","coordinates":[-52.887969,-20.415024]},"properties":{"nome":"Núcleo Industrial I - Uniflora","municipio":"Água Clara","categoria":"Vila","subcategoria":"Rural","fonte_localidade":"PIN MS / AGRAER"}},{"type":"Feature","geometry":{"type":"Point","coordinates":[-53.163849,-19.243187]},"properties":{"nome":"Bela Alvorada","municipio":"Água Clara","categoria":"Povoado","subcategoria":"Rural","fonte_localidade":"PIN MS / AGRAER"}},{"type":"Feature","geometry":{"type":"Point","coordinates":[-52.791737,-22.273464]},"properties":{"nome":"Condomínio Recanto do Lazer","municipio":"Anaurilândia","categoria":"Zona Industrial","subcategoria":"Urbana","fonte_localidade":"PIN MS / AGRAER"}},{"type":"Feature","geometry":{"type":"Point","coordinates":[-52.511615,-22.011244]},"properties":{"nome":"Vila Formosa","municipio":"Anaurilândia","categoria":"Povoado","subcategoria":"Rural","fonte_localidade":"PIN MS / AGRAER"}},{"type":"Feature","geometry":{"type":"Point","coordinates":[-55.432362,-20.451229]},"properties":{"nome":"Palmeiras","municipio":"Dois Irmãos do Buriti","categoria":"Vila","subcategoria":"Urbana","fonte_localidade":"PIN MS / AGRAER"}},{"type":"Feature","geometry":{"type":"Point","coordinates":[-55.426509,-20.454868]},"properties":{"nome":"Palmeiras","municipio":"Dois Irmãos do Buriti","categoria":"Vila","subcategoria":"Urbana","fonte_localidade":"PIN MS / AGRAER"}},{"type":"Feature","geometry":{"type":"Point","coordinates":[-54.568916,-22.081179]},"properties":{"nome":"Cruzaltina","municipio":"Douradina","categoria":"Vila","subcategoria":"Urbana","fonte_localidade":"PIN MS / AGRAER"}},{"type":"Feature","geometry":{"type":"Point","coordinates":[-54.589166,-21.998026]},"properties":{"nome":"Bocajá","municipio":"Douradina","categoria":"Vila","subcategoria":"Urbana","fonte_localidade":"PIN MS / AGRAER"}},{"type":"Feature","geometry":{"type":"Point","coordinates":[-54.776929,-22.309263]},"properties":{"nome":"Distrito Industrial","municipio":"Dourados","categoria":"Zona Industrial","subcategoria":"Urbana","fonte_localidade":"PIN MS / AGRAER"}},{"type":"Feature","geometry":{"type":"Point","coordinates":[-54.652364,-22.211732]},"properties":{"nome":"Indápolis","municipio":"Dourados","categoria":"Vila","subcategoria":"Urbana","fonte_localidade":"PIN MS / AGRAER"}},{"type":"Feature","geometry":{"type":"Point","coordinates":[-54.488512,-22.13967]},"properties":{"nome":"Guaçu","municipio":"Dourados","categoria":"Vila","subcategoria":"Urbana","fonte_localidade":"PIN MS / AGRAER"}},{"type":"Feature","geometry":{"type":"Point","coordinates":[-54.695369,-22.116161]},"properties":{"nome":"Panambi","municipio":"Dourados","categoria":"Vila","subcategoria":"Urbana","fonte_localidade":"PIN MS / AGRAER"}},{"type":"Feature","geometry":{"type":"Point","coordinates":[-54.506209,-22.08596]},"properties":{"nome":"Vila Formosa","municipio":"Dourados","categoria":"Vila","subcategoria":"Urbana","fonte_localidade":"PIN MS / AGRAER"}},{"type":"Feature","geometry":{"type":"Point","coordinates":[-55.350612,-22.086994]},"properties":{"nome":"Itaum","municipio":"Dourados","categoria":"Vila","subcategoria":"Urbana","fonte_localidade":"PIN MS / AGRAER"}},{"type":"Feature","geometry":{"type":"Point","coordinates":[-54.103963,-23.799104]},"properties":{"nome":"Morumbi","municipio":"Eldorado","categoria":"Povoado","subcategoria":"Urbana","fonte_localidade":"PIN MS / AGRAER"}},{"type":"Feature","geometry":{"type":"Point","coordinates":[-54.340621,-22.306293]},"properties":{"nome":"Culturama","municipio":"Fátima do Sul","categoria":"Vila","subcategoria":"Urbana","fonte_localidade":"PIN MS / AGRAER"}},{"type":"Feature","geometry":{"type":"Point","coordinates":[-54.159293,-22.492749]},"properties":{"nome":"Guaçulandia","municipio":"Glória de Dourados","categoria":"Vila","subcategoria":"Urbana","fonte_localidade":"PIN MS / AGRAER"}},{"type":"Feature","geometry":{"type":"Point","coordinates":[-56.897798,-20.535583]},"properties":{"nome":"Morraria do Sul","municipio":"Bodoquena","categoria":"Vila","subcategoria":"Urbana","fonte_localidade":"PIN MS / AGRAER"}},{"type":"Feature","geometry":{"type":"Point","coordinates":[-56.094101,-20.76258]},"properties":{"nome":"Águas de Miranda","municipio":"Bonito","categoria":"Vila","subcategoria":"Urbana","fonte_localidade":"PIN MS / AGRAER"}},{"type":"Feature","geometry":{"type":"Point","coordinates":[-52.327005,-21.466035]},"properties":{"nome":"Debrasa","municipio":"Brasilândia","categoria":"Vila","subcategoria":"Urbana","fonte_localidade":"PIN MS / AGRAER"}},{"type":"Feature","geometry":{"type":"Point","coordinates":[-54.757973,-22.498729]},"properties":{"nome":"Cristalina","municipio":"Caarapó","categoria":"Vila","subcategoria":"Urbana","fonte_localidade":"PIN MS / AGRAER"}},{"type":"Feature","geometry":{"type":"Point","coordinates":[-54.866049,-22.49536]},"properties":{"nome":"Nova América","municipio":"Caarapó","categoria":"Vila","subcategoria":"Urbana","fonte_localidade":"PIN MS / AGRAER"}},{"type":"Feature","geometry":{"type":"Point","coordinates":[-54.037447,-19.588713]},"properties":{"nome":"Lagoa de Sanguessuga","municipio":"Camapuã","categoria":"Povoado","subcategoria":"Rural","fonte_localidade":"PIN MS / AGRAER"}},{"type":"Feature","geometry":{"type":"Point","coordinates":[-54.50263,-20.978271]},"properties":{"nome":"Anhanduí","municipio":"Campo Grande","categoria":"Vila","subcategoria":"Urbana","fonte_localidade":"PIN MS / AGRAER"}},{"type":"Feature","geometry":{"type":"Point","coordinates":[-54.532772,-20.741208]},"properties":{"nome":"Comunidade Quilombola Buriti","municipio":"Campo Grande","categoria":"Lugarejo","subcategoria":"Rural","fonte_localidade":"PIN MS / AGRAER"}},{"type":"Feature","geometry":{"type":"Point","coordinates":[-54.739033,-20.481152]},"properties":{"nome":"Povoado Indubrasil","municipio":"Campo Grande","categoria":"Povoado","subcategoria":"Rural","fonte_localidade":"PIN MS / AGRAER"}},{"type":"Feature","geometry":{"type":"Point","coordinates":[-56.879718,-21.736406]},"properties":{"nome":"Povoado Alto Caracol","municipio":"Caracol","categoria":"Povoado","subcategoria":"Rural","fonte_localidade":"PIN MS / AGRAER"}},{"type":"Feature","geometry":{"type":"Point","coordinates":[-56.876002,-21.734107]},"properties":{"nome":"Glória Monteiro Scardin","municipio":"Caracol","categoria":"Zona Industrial","subcategoria":"Rural","fonte_localidade":"PIN MS / AGRAER"}},{"type":"Feature","geometry":{"type":"Point","coordinates":[-51.661634,-19.151465]},"properties":{"nome":"Santa Rita","municipio":"Cassilândia","categoria":"Povoado","subcategoria":"Rural","fonte_localidade":"PIN MS / AGRAER"}},{"type":"Feature","geometry":{"type":"Point","coordinates":[-52.368687,-18.99308]},"properties":{"nome":"Indaiá do Sul","municipio":"Cassilândia","categoria":"Vila","subcategoria":"Urbana","fonte_localidade":"PIN MS / AGRAER"}},{"type":"Feature","geometry":{"type":"Point","coordinates":[-55.20675,-19.741418]},"properties":{"nome":"Tabôco","municipio":"Corguinho","categoria":"Povoado","subcategoria":"Rural","fonte_localidade":"PIN MS / AGRAER"}},{"type":"Feature","geometry":{"type":"Point","coordinates":[-54.735195,-19.726487]},"properties":{"nome":"Baianópolis","municipio":"Corguinho","categoria":"Vila","subcategoria":"Urbana","fonte_localidade":"PIN MS / AGRAER"}},{"type":"Feature","geometry":{"type":"Point","coordinates":[-54.756285,-19.641088]},"properties":{"nome":"Fala Verdade","municipio":"Corguinho","categoria":"Povoado","subcategoria":"Rural","fonte_localidade":"PIN MS / AGRAER"}},{"type":"Feature","geometry":{"type":"Point","coordinates":[-57.792465,-19.918627]},"properties":{"nome":"Coimbra","municipio":"Corumbá","categoria":"Vila","subcategoria":"Urbana","fonte_localidade":"PIN MS / AGRAER"}},{"type":"Feature","geometry":{"type":"Point","coordinates":[-57.452173,-19.609891]},"properties":{"nome":"Porto Esperança","municipio":"Corumbá","categoria":"Vila","subcategoria":"Urbana","fonte_localidade":"PIN MS / AGRAER"}},{"type":"Feature","geometry":{"type":"Point","coordinates":[-53.012461,-19.023806]},"properties":{"nome":"Paraíso","municipio":"Costa Rica","categoria":"Vila","subcategoria":"Urbana","fonte_localidade":"PIN MS / AGRAER"}},{"type":"Feature","geometry":{"type":"Point","coordinates":[-54.61707,-22.134384]},"properties":{"nome":"Vila Vargas","municipio":"Dourados","categoria":"Vila","subcategoria":"Urbana","fonte_localidade":"PIN MS / AGRAER"}},{"type":"Feature","geometry":{"type":"Point","coordinates":[-52.701475,-19.318751]},"properties":{"nome":"Alto Sucuriú","municipio":"Água Clara","categoria":"Vila","subcategoria":"Urbana","fonte_localidade":"PIN MS / AGRAER"}},{"type":"Feature","geometry":{"type":"Point","coordinates":[-53.033564,-18.444172]},"properties":{"nome":"Baús","municipio":"Costa Rica","categoria":"Vila","subcategoria":"Urbana","fonte_localidade":"PIN MS / AGRAER"}},{"type":"Feature","geometry":{"type":"Point","coordinates":[-54.362577,-18.64992]},"properties":{"nome":"Jauru","municipio":"Coxim","categoria":"Vila","subcategoria":"Urbana","fonte_localidade":"PIN MS / AGRAER"}},{"type":"Feature","geometry":{"type":"Point","coordinates":[-54.630892,-18.562606]},"properties":{"nome":"São Romão","municipio":"Coxim","categoria":"Vila","subcategoria":"Urbana","fonte_localidade":"PIN MS / AGRAER"}},{"type":"Feature","geometry":{"type":"Point","coordinates":[-54.692546,-18.497161]},"properties":{"nome":"Taquari","municipio":"Coxim","categoria":"Vila","subcategoria":"Urbana","fonte_localidade":"PIN MS / AGRAER"}},{"type":"Feature","geometry":{"type":"Point","coordinates":[-54.124127,-22.173993]},"properties":{"nome":"Presidente Castelo","municipio":"Deodápolis","categoria":"Vila","subcategoria":"Urbana","fonte_localidade":"PIN MS / AGRAER"}},{"type":"Feature","geometry":{"type":"Point","coordinates":[-54.169208,-22.110874]},"properties":{"nome":"Vila União","municipio":"Deodápolis","categoria":"Vila","subcategoria":"Urbana","fonte_localidade":"PIN MS / AGRAER"}},{"type":"Feature","geometry":{"type":"Point","coordinates":[-54.190927,-22.072404]},"properties":{"nome":"Porto Vilma","municipio":"Deodápolis","categoria":"Vila","subcategoria":"Urbana","fonte_localidade":"PIN MS / AGRAER"}},{"type":"Feature","geometry":{"type":"Point","coordinates":[-56.782563,-20.084642]},"properties":{"nome":"Fundação Bradesco","municipio":"Miranda","categoria":"Núcleo","subcategoria":"Rural","fonte_localidade":"PIN MS / AGRAER"}},{"type":"Feature","geometry":{"type":"Point","coordinates":[-56.279032,-20.190671]},"properties":{"nome":"Aldeia Indígena Cachoeirinha","municipio":"Miranda","categoria":"Aldeia Indígena","subcategoria":"Rural","fonte_localidade":"PIN MS / AGRAER"}},{"type":"Feature","geometry":{"type":"Point","coordinates":[-54.201208,-23.131779]},"properties":{"nome":"Usina","municipio":"Naviraí","categoria":"Povoado","subcategoria":"Rural","fonte_localidade":"PIN MS / AGRAER"}},{"type":"Feature","geometry":{"type":"Point","coordinates":[-53.860826,-21.611814]},"properties":{"nome":"Pana","municipio":"Nova Alvorada do Sul","categoria":"Zona Industrial","subcategoria":"Urbana","fonte_localidade":"PIN MS / AGRAER"}},{"type":"Feature","geometry":{"type":"Point","coordinates":[-54.362049,-21.474619]},"properties":{"nome":"Loteamento Social Vacílio Dias","municipio":"Nova Alvorada do Sul","categoria":"Loteamento","subcategoria":"Urbana","fonte_localidade":"PIN MS / AGRAER"}},{"type":"Feature","geometry":{"type":"Point","coordinates":[-54.712636,-21.513261]},"properties":{"nome":"Usina Passa Tempo","municipio":"Rio Brilhante","categoria":"Povoado","subcategoria":"Rural","fonte_localidade":"PIN MS / AGRAER"}},{"type":"Feature","geometry":{"type":"Point","coordinates":[-55.007603,-19.490558]},"properties":{"nome":"Povoado São Francisco","municipio":"Rio Negro","categoria":"Povoado","subcategoria":"Rural","fonte_localidade":"PIN MS / AGRAER"}},{"type":"Feature","geometry":{"type":"Point","coordinates":[-54.964246,-19.292011]},"properties":{"nome":"Nova Esperança","municipio":"Rio Negro","categoria":"Vila","subcategoria":"Urbana","fonte_localidade":"PIN MS / AGRAER"}},{"type":"Feature","geometry":{"type":"Point","coordinates":[-54.427733,-19.473612]},"properties":{"nome":"Ponte Vermelha","municipio":"São Gabriel do Oeste","categoria":"Vila","subcategoria":"Urbana","fonte_localidade":"PIN MS / AGRAER"}},{"type":"Feature","geometry":{"type":"Point","coordinates":[-54.327455,-19.251986]},"properties":{"nome":"Areado","municipio":"São Gabriel do Oeste","categoria":"Vila","subcategoria":"Urbana","fonte_localidade":"PIN MS / AGRAER"}},{"type":"Feature","geometry":{"type":"Point","coordinates":[-54.370317,-21.430513]},"properties":{"nome":"Distrito Industrial Usina Santa Fé","municipio":"Nova Alvorada do Sul","categoria":"Zona Industrial","subcategoria":"Urbana","fonte_localidade":"PIN MS / AGRAER"}},{"type":"Feature","geometry":{"type":"Point","coordinates":[-53.264349,-21.760111]},"properties":{"nome":"Nova Casa Verde","municipio":"Nova Andradina","categoria":"Vila","subcategoria":"Urbana","fonte_localidade":"PIN MS / AGRAER"}},{"type":"Feature","geometry":{"type":"Point","coordinates":[-51.426545,-19.554517]},"properties":{"nome":"Alto Santana","municipio":"Paranaíba","categoria":"Vila","subcategoria":"Urbana","fonte_localidade":"PIN MS / AGRAER"}},{"type":"Feature","geometry":{"type":"Point","coordinates":[-51.691832,-19.326007]},"properties":{"nome":"Tamandaré","municipio":"Paranaíba","categoria":"Vila","subcategoria":"Urbana","fonte_localidade":"PIN MS / AGRAER"}},{"type":"Feature","geometry":{"type":"Point","coordinates":[-51.408599,-19.188106]},"properties":{"nome":"São João do Aporé","municipio":"Paranaíba","categoria":"Vila","subcategoria":"Urbana","fonte_localidade":"PIN MS / AGRAER"}},{"type":"Feature","geometry":{"type":"Point","coordinates":[-55.621971,-22.621183]},"properties":{"nome":"Sanga Puitã","municipio":"Ponta Porã","categoria":"Vila","subcategoria":"Urbana","fonte_localidade":"PIN MS / AGRAER"}},{"type":"Feature","geometry":{"type":"Point","coordinates":[-55.57873,-22.191383]},"properties":{"nome":"Itamarati","municipio":"Ponta Porã","categoria":"Núcleo","subcategoria":"Rural","fonte_localidade":"PIN MS / AGRAER"}},{"type":"Feature","geometry":{"type":"Point","coordinates":[-55.872907,-22.039782]},"properties":{"nome":"Cabeceira do Apa","municipio":"Ponta Porã","categoria":"Vila","subcategoria":"Urbana","fonte_localidade":"PIN MS / AGRAER"}},{"type":"Feature","geometry":{"type":"Point","coordinates":[-54.430117,-21.654056]},"properties":{"nome":"Prudêncio Thomaz","municipio":"Rio Brilhante","categoria":"Vila","subcategoria":"Urbana","fonte_localidade":"PIN MS / AGRAER"}},{"type":"Feature","geometry":{"type":"Point","coordinates":[-51.941934,-19.922346]},"properties":{"nome":"São Pedro","municipio":"Inocência","categoria":"Vila","subcategoria":"Urbana","fonte_localidade":"PIN MS / AGRAER"}},{"type":"Feature","geometry":{"type":"Point","coordinates":[-54.746143,-22.034303]},"properties":{"nome":"Montese","municipio":"Montese","categoria":"Cidade","subcategoria":"Urbana","fonte_localidade":"PIN MS / AGRAER"}},{"type":"Feature","geometry":{"type":"Point","coordinates":[-54.677031,-21.977115]},"properties":{"nome":"Piraporã","municipio":"Itaporã","categoria":"Vila","subcategoria":"Urbana","fonte_localidade":"PIN MS / AGRAER"}},{"type":"Feature","geometry":{"type":"Point","coordinates":[-54.707428,-21.913404]},"properties":{"nome":"Santa Terezinha","municipio":"Itaporã","categoria":"Vila","subcategoria":"Urbana","fonte_localidade":"PIN MS / AGRAER"}},{"type":"Feature","geometry":{"type":"Point","coordinates":[-53.593834,-22.384841]},"properties":{"nome":"Amandina","municipio":"Ivinhema","categoria":"Vila","subcategoria":"Urbana","fonte_localidade":"PIN MS / AGRAER"}},{"type":"Feature","geometry":{"type":"Point","coordinates":[-53.920611,-22.364857]},"properties":{"nome":"Povoado Vila Cristina","municipio":"Ivinhema","categoria":"Povoado","subcategoria":"Rural","fonte_localidade":"PIN MS / AGRAER"}},{"type":"Feature","geometry":{"type":"Point","coordinates":[-54.527806,-23.805383]},"properties":{"nome":"Jacareí","municipio":"Japorã","categoria":"Povoado","subcategoria":"Rural","fonte_localidade":"PIN MS / AGRAER"}},{"type":"Feature","geometry":{"type":"Point","coordinates":[-54.589506,-20.224231]},"properties":{"nome":"Rochedinho","municipio":"Jaguari","categoria":"Povoado","subcategoria":"Rural","fonte_localidade":"PIN MS / AGRAER"}},{"type":"Feature","geometry":{"type":"Point","coordinates":[-54.455938,-20.061035]},"properties":{"nome":"Bom Fim","municipio":"Jaraguari","categoria":"Vila","subcategoria":"Urbana","fonte_localidade":"PIN MS / AGRAER"}},{"type":"Feature","geometry":{"type":"Point","coordinates":[-54.295797,-22.558052]},"properties":{"nome":"Nova Esperança","municipio":"Jateí","categoria":"Povoado","subcategoria":"Rural","fonte_localidade":"PIN MS / AGRAER"}},{"type":"Feature","geometry":{"type":"Point","coordinates":[-55.066831,-22.784452]},"properties":{"nome":"Campanário","municipio":"Laguna Carapã","categoria":"Núcleo","subcategoria":"Rural","fonte_localidade":"PIN MS / AGRAER"}},{"type":"Feature","geometry":{"type":"Point","coordinates":[-55.241848,-22.735709]},"properties":{"nome":"Bocajá","municipio":"Laguna Carapã","categoria":"Povoado","subcategoria":"Rural","fonte_localidade":"PIN MS / AGRAER"}},{"type":"Feature","geometry":{"type":"Point","coordinates":[-55.505209,-21.730899]},"properties":{"nome":"Vista Alegre","municipio":"Maracaju","categoria":"Vila","subcategoria":"Urbana","fonte_localidade":"PIN MS / AGRAER"}},{"type":"Feature","geometry":{"type":"Point","coordinates":[-55.112223,-20.742618]},"properties":{"nome":"Quebra Côco","municipio":"Sidrolândia","categoria":"Vila","subcategoria":"Urbana","fonte_localidade":"PIN MS / AGRAER"}},{"type":"Feature","geometry":{"type":"Point","coordinates":[-52.055883,-20.790244]},"properties":{"nome":"Arapuá","municipio":"Três Lagoas","categoria":"Vila","subcategoria":"Urbana","fonte_localidade":"PIN MS / AGRAER"}},{"type":"Feature","geometry":{"type":"Point","coordinates":[-52.214539,-20.6047]},"properties":{"nome":"Garcias","municipio":"Três Lagoas","categoria":"Vila","subcategoria":"Urbana","fonte_localidade":"PIN MS / AGRAER"}},{"type":"Feature","geometry":{"type":"Point","coordinates":[-54.451813,-22.539118]},"properties":{"nome":"Vila Rica","municipio":"Vicentina","categoria":"Vila","subcategoria":"Urbana","fonte_localidade":"PIN MS / AGRAER"}},{"type":"Feature","geometry":{"type":"Point","coordinates":[-54.463032,-22.493225]},"properties":{"nome":"São José","municipio":"Vicentina","categoria":"Vila","subcategoria":"Urbana","fonte_localidade":"PIN MS / AGRAER"}},{"type":"Feature","geometry":{"type":"Point","coordinates":[-54.673128,-22.182614]},"properties":{"nome":"São Pedro","municipio":"Dourados","categoria":"Vila","subcategoria":"Urbana","fonte_localidade":"PIN MS / AGRAER"}},{"type":"Feature","geometry":{"type":"Point","coordinates":[-54.679654,-18.501553]},"properties":{"nome":"Taquari","municipio":"Coxim","categoria":"Vila","subcategoria":"Urbana","fonte_localidade":"PIN MS / AGRAER"}},{"type":"Feature","geometry":{"type":"Point","coordinates":[-57.487823,-18.036081]},"properties":{"nome":"Amolar","municipio":"Corumbá","categoria":"Vila","subcategoria":"Urbana","fonte_localidade":"PIN MS / AGRAER"}},{"type":"Feature","geometry":{"type":"Point","coordinates":[-56.074414,-20.268883]},"properties":{"nome":"Morrinho","municipio":"Aquidauana","categoria":"Aldeia Indígena","subcategoria":"Rural","fonte_localidade":"PIN MS / AGRAER"}},{"type":"Feature","geometry":{"type":"Point","coordinates":[-53.898954,-19.016359]},"properties":{"nome":"Pontinha do Cocho","municipio":"Camapuã","categoria":"Vila","subcategoria":"Urbana","fonte_localidade":"PIN MS / AGRAER"}},{"type":"Feature","geometry":{"type":"Point","coordinates":[-54.857056,-21.937329]},"properties":{"nome":"Carumbé","municipio":"Itaporã","categoria":"Povoado","subcategoria":"Rural","fonte_localidade":"PIN MS / AGRAER"}}],"atlas_metadata":{"fonte":"IBGE Localidades do Brasil 2022 + PIN MS / AGRAER","capturas":"IBGE e PIN materializados em 2026-08-10 no JOAJU","processamento_ita":"recorte IBGE por CD_UF=50 e centroides dos polígonos de aglomerados PIN MS"}}