{"type":"FeatureCollection","features":[{"type":"Feature","properties":{"CD_UF":50,"NM_UF":"Mato Grosso do Sul","CD_MUNIC":5000609,"NM_MUNIC":"Amambai","ID_LI":5000098,"CD_LI":5010038,"OCORRENCIA":1,"NM_LI":"Aldeia Indígena Jaguary","CD_SETOR":500060905000022,"SITUACAO":"Urbana","CD_SIT":1,"CD_TIPO":null,"CD_AGLOM":null,"NM_AGLOM":null,"CD_TI":null,"TI_FUNAI":null,"NM_TI":null,"FASE":null,"C_CR_FUNAI":null,"N_CR_FUNAI":null,"ALD_FUNAI":3104.0,"VAL_FUNAI":1.0,"ALD_SIASI":51019.0,"VAL_SIASI":1.0,"AMZ_LEG":null,"LAT":-23.08643780445541,"LONG":-55.23966228396932,"fonte":"IBGE, Censo Demográfico 2022, Localidades Indígenas, arquivo atualizado em 19/09/2025","url_fonte":"https://geoftp.ibge.gov.br/organizacao_do_territorio/estrutura_territorial/localidades/localidades_indigenas_2022/"},"geometry":{"coordinates":[-55.23966228396932,-23.08643780445541],"type":"Point"}},{"type":"Feature","properties":{"CD_UF":50,"NM_UF":"Mato Grosso do Sul","CD_MUNIC":5007208,"NM_MUNIC":"Rio Brilhante","ID_LI":5000467,"CD_LI":5010107,"OCORRENCIA":1,"NM_LI":"Aldeia Indígena Laranjeira Nhanderu","CD_SETOR":500720805000067,"SITUACAO":"Rural","CD_SIT":8,"CD_TIPO":5.0,"CD_AGLOM":500720800014.0,"NM_AGLOM":"Aldeia Indígena Laranjeira Nhanderu","CD_TI":null,"TI_FUNAI":null,"NM_TI":null,"FASE":null,"C_CR_FUNAI":null,"N_CR_FUNAI":null,"ALD_FUNAI":3176.0,"VAL_FUNAI":1.0,"ALD_SIASI":null,"VAL_SIASI":null,"AMZ_LEG":null,"LAT":-21.879892770740778,"LONG":-54.52929497064327,"fonte":"IBGE, Censo Demográfico 2022, Localidades Indígenas, arquivo atualizado em 19/09/2025","url_fonte":"https://geoftp.ibge.gov.br/organizacao_do_territorio/estrutura_territorial/localidades/localidades_indigenas_2022/"},"geometry":{"coordinates":[-54.52929497064327,-21.879892770740778],"type":"Point"}},{"type":"Feature","properties":{"CD_UF":50,"NM_UF":"Mato Grosso do Sul","CD_MUNIC":5005608,"NM_MUNIC":"Miranda","ID_LI":5000008,"CD_LI":5010031,"OCORRENCIA":1,"NM_LI":"Comunidade Indígena Boa Esperança","CD_SETOR":500560805000066,"SITUACAO":"Rural","CD_SIT":8,"CD_TIPO":5.0,"CD_AGLOM":500560800014.0,"NM_AGLOM":"Aldeia Indígena Boa Esperança","CD_TI":null,"TI_FUNAI":null,"NM_TI":null,"FASE":null,"C_CR_FUNAI":null,"N_CR_FUNAI":null,"ALD_FUNAI":null,"VAL_FUNAI":null,"ALD_SIASI":null,"VAL_SIASI":null,"AMZ_LEG":null,"LAT":-20.25738713892135,"LONG":-56.35487372222222,"fonte":"IBGE, Censo Demográfico 2022, Localidades Indígenas, arquivo atualizado em 19/09/2025","url_fonte":"https://geoftp.ibge.gov.br/organizacao_do_territorio/estrutura_territorial/localidades/localidades_indigenas_2022/"},"geometry":{"coordinates":[-56.35487372222222,-20.25738713892135],"type":"Point"}},{"type":"Feature","properties":{"CD_UF":50,"NM_UF":"Mato Grosso do Sul","CD_MUNIC":5002704,"NM_MUNIC":"Campo Grande","ID_LI":5000011,"CD_LI":5010098,"OCORRENCIA":1,"NM_LI":"Aldeia Indígena Água Bonita","CD_SETOR":500270405000015,"SITUACAO":"Rural","CD_SIT":5,"CD_TIPO":5.0,"CD_AGLOM":500270400004.0,"NM_AGLOM":"Aldeia Indígena Água Bonita","CD_TI":null,"TI_FUNAI":null,"NM_TI":null,"FASE":null,"C_CR_FUNAI":null,"N_CR_FUNAI":null,"ALD_FUNAI":null,"VAL_FUNAI":null,"ALD_SIASI":null,"VAL_SIASI":null,"AMZ_LEG":null,"LAT":-20.371685972254884,"LONG":-54.57630513888889,"fonte":"IBGE, Censo Demográfico 2022, Localidades Indígenas, arquivo atualizado em 19/09/2025","url_fonte":"https://geoftp.ibge.gov.br/organizacao_do_territorio/estrutura_territorial/localidades/localidades_indigenas_2022/"},"geometry":{"coordinates":[-54.57630513888889,-20.371685972254884],"type":"Point"}},{"type":"Feature","properties":{"CD_UF":50,"NM_UF":"Mato Grosso do Sul","CD_MUNIC":5001102,"NM_MUNIC":"Aquidauana","ID_LI":5000038,"CD_LI":5010122,"OCORRENCIA":1,"NM_LI":"Aldeia Indígena Tico Lipu","CD_SETOR":500110205000068,"SITUACAO":"Rural","CD_SIT":5,"CD_TIPO":5.0,"CD_AGLOM":500110200006.0,"NM_AGLOM":"Aldeia Indígena Tico Lipu","CD_TI":null,"TI_FUNAI":null,"NM_TI":null,"FASE":null,"C_CR_FUNAI":null,"N_CR_FUNAI":null,"ALD_FUNAI":null,"VAL_FUNAI":null,"ALD_SIASI":null,"VAL_SIASI":null,"AMZ_LEG":null,"LAT":-20.44409163892168,"LONG":-55.75855,"fonte":"IBGE, Censo Demográfico 2022, Localidades Indígenas, arquivo atualizado em 19/09/2025","url_fonte":"https://geoftp.ibge.gov.br/organizacao_do_territorio/estrutura_territorial/localidades/localidades_indigenas_2022/"},"geometry":{"coordinates":[-55.75855,-20.44409163892168],"type":"Point"}},{"type":"Feature","properties":{"CD_UF":50,"NM_UF":"Mato Grosso do Sul","CD_MUNIC":5003504,"NM_MUNIC":"Douradina","ID_LI":5000039,"CD_LI":5010049,"OCORRENCIA":1,"NM_LI":"Aldeia Indígena Panambi Lagoa Rica","CD_SETOR":500350410000004,"SITUACAO":"Rural","CD_SIT":8,"CD_TIPO":5.0,"CD_AGLOM":500350400002.0,"NM_AGLOM":"Aldeia Indígena Panambi / Lagoa Rica","CD_TI":null,"TI_FUNAI":null,"NM_TI":null,"FASE":null,"C_CR_FUNAI":null,"N_CR_FUNAI":null,"ALD_FUNAI":33.0,"VAL_FUNAI":1.0,"ALD_SIASI":null,"VAL_SIASI":null,"AMZ_LEG":null,"LAT":-21.987788694480003,"LONG":-54.64074213888889,"fonte":"IBGE, Censo Demográfico 2022, Localidades Indígenas, arquivo atualizado em 19/09/2025","url_fonte":"https://geoftp.ibge.gov.br/organizacao_do_territorio/estrutura_territorial/localidades/localidades_indigenas_2022/"},"geometry":{"coordinates":[-54.64074213888889,-21.987788694480003],"type":"Point"}},{"type":"Feature","properties":{"CD_UF":50,"NM_UF":"Mato Grosso do Sul","CD_MUNIC":5004304,"NM_MUNIC":"Iguatemi","ID_LI":5000064,"CD_LI":5010121,"OCORRENCIA":1,"NM_LI":"Aldeia Indígena Pyelito / Mbarakay","CD_SETOR":500430405000039,"SITUACAO":"Rural","CD_SIT":8,"CD_TIPO":5.0,"CD_AGLOM":500430400005.0,"NM_AGLOM":"Aldeia Indígena Pyelito","CD_TI":null,"TI_FUNAI":null,"NM_TI":null,"FASE":null,"C_CR_FUNAI":null,"N_CR_FUNAI":null,"ALD_FUNAI":null,"VAL_FUNAI":null,"ALD_SIASI":null,"VAL_SIASI":null,"AMZ_LEG":null,"LAT":-23.57339033337181,"LONG":-54.73775861111111,"fonte":"IBGE, Censo Demográfico 2022, Localidades Indígenas, arquivo atualizado em 19/09/2025","url_fonte":"https://geoftp.ibge.gov.br/organizacao_do_territorio/estrutura_territorial/localidades/localidades_indigenas_2022/"},"geometry":{"coordinates":[-54.73775861111111,-23.57339033337181],"type":"Point"}},{"type":"Feature","properties":{"CD_UF":50,"NM_UF":"Mato Grosso do Sul","CD_MUNIC":5004304,"NM_MUNIC":"Iguatemi","ID_LI":5000084,"CD_LI":5010121,"OCORRENCIA":2,"NM_LI":"Aldeia Indígena Pyelito / Mbarakay","CD_SETOR":500430405000039,"SITUACAO":"Rural","CD_SIT":8,"CD_TIPO":5.0,"CD_AGLOM":500430400005.0,"NM_AGLOM":"Aldeia Indígena Pyelito","CD_TI":null,"TI_FUNAI":null,"NM_TI":null,"FASE":null,"C_CR_FUNAI":null,"N_CR_FUNAI":null,"ALD_FUNAI":null,"VAL_FUNAI":null,"ALD_SIASI":null,"VAL_SIASI":null,"AMZ_LEG":null,"LAT":-23.570663888927356,"LONG":-54.73778194444444,"fonte":"IBGE, Censo Demográfico 2022, Localidades Indígenas, arquivo atualizado em 19/09/2025","url_fonte":"https://geoftp.ibge.gov.br/organizacao_do_territorio/estrutura_territorial/localidades/localidades_indigenas_2022/"},"geometry":{"coordinates":[-54.73778194444444,-23.570663888927356],"type":"Point"}},{"type":"Feature","properties":{"CD_UF":50,"NM_UF":"Mato Grosso do Sul","CD_MUNIC":5001243,"NM_MUNIC":"Aral Moreira","ID_LI":5000088,"CD_LI":5010050,"OCORRENCIA":1,"NM_LI":"Aldeia Indígena Cristino Potrero","CD_SETOR":500124305000033,"SITUACAO":"Rural","CD_SIT":8,"CD_TIPO":5.0,"CD_AGLOM":500124300011.0,"NM_AGLOM":"Aldeia Indígena Cristino Potrero","CD_TI":null,"TI_FUNAI":null,"NM_TI":null,"FASE":null,"C_CR_FUNAI":null,"N_CR_FUNAI":null,"ALD_FUNAI":null,"VAL_FUNAI":null,"ALD_SIASI":null,"VAL_SIASI":null,"AMZ_LEG":null,"LAT":-23.21648672226004,"LONG":-55.53330258333333,"fonte":"IBGE, Censo Demográfico 2022, Localidades Indígenas, arquivo atualizado em 19/09/2025","url_fonte":"https://geoftp.ibge.gov.br/organizacao_do_territorio/estrutura_territorial/localidades/localidades_indigenas_2022/"},"geometry":{"coordinates":[-55.53330258333333,-23.21648672226004],"type":"Point"}},{"type":"Feature","properties":{"CD_UF":50,"NM_UF":"Mato Grosso do Sul","CD_MUNIC":5000609,"NM_MUNIC":"Amambai","ID_LI":5000116,"CD_LI":5010111,"OCORRENCIA":1,"NM_LI":"Aldeia Indígena Guapo'y Mirim Tujury","CD_SETOR":500060905000105,"SITUACAO":"Rural","CD_SIT":8,"CD_TIPO":5.0,"CD_AGLOM":500060900009.0,"NM_AGLOM":"Aldeia Indígena Retomada Guapoy Mirim","CD_TI":null,"TI_FUNAI":null,"NM_TI":null,"FASE":null,"C_CR_FUNAI":null,"N_CR_FUNAI":null,"ALD_FUNAI":null,"VAL_FUNAI":null,"ALD_SIASI":null,"VAL_SIASI":null,"AMZ_LEG":null,"LAT":-23.051991694481952,"LONG":-55.17358402777778,"fonte":"IBGE, Censo Demográfico 2022, Localidades Indígenas, arquivo atualizado em 19/09/2025","url_fonte":"https://geoftp.ibge.gov.br/organizacao_do_territorio/estrutura_territorial/localidades/localidades_indigenas_2022/"},"geometry":{"coordinates":[-55.17358402777778,-23.051991694481952],"type":"Point"}},{"type":"Feature","properties":{"CD_UF":50,"NM_UF":"Mato Grosso do Sul","CD_MUNIC":5003504,"NM_MUNIC":"Douradina","ID_LI":5000118,"CD_LI":5010161,"OCORRENCIA":1,"NM_LI":"Aldeia Indígena Guyra Kamby","CD_SETOR":500350410000004,"SITUACAO":"Rural","CD_SIT":8,"CD_TIPO":5.0,"CD_AGLOM":500350400002.0,"NM_AGLOM":"Aldeia Indígena Panambi / Lagoa Rica","CD_TI":null,"TI_FUNAI":null,"NM_TI":null,"FASE":null,"C_CR_FUNAI":null,"N_CR_FUNAI":null,"ALD_FUNAI":null,"VAL_FUNAI":null,"ALD_SIASI":null,"VAL_SIASI":null,"AMZ_LEG":null,"LAT":-21.98282845976945,"LONG":-54.62326176751149,"fonte":"IBGE, Censo Demográfico 2022, Localidades Indígenas, arquivo atualizado em 19/09/2025","url_fonte":"https://geoftp.ibge.gov.br/organizacao_do_territorio/estrutura_territorial/localidades/localidades_indigenas_2022/"},"geometry":{"coordinates":[-54.62326176751149,-21.98282845976945],"type":"Point"}},{"type":"Feature","properties":{"CD_UF":50,"NM_UF":"Mato Grosso do Sul","CD_MUNIC":5003504,"NM_MUNIC":"Douradina","ID_LI":5000123,"CD_LI":5010049,"OCORRENCIA":2,"NM_LI":"Aldeia Indígena Panambi Lagoa Rica","CD_SETOR":500350410000004,"SITUACAO":"Rural","CD_SIT":8,"CD_TIPO":5.0,"CD_AGLOM":500350400002.0,"NM_AGLOM":"Aldeia Indígena Panambi / Lagoa Rica","CD_TI":null,"TI_FUNAI":null,"NM_TI":null,"FASE":null,"C_CR_FUNAI":null,"N_CR_FUNAI":null,"ALD_FUNAI":33.0,"VAL_FUNAI":1.0,"ALD_SIASI":null,"VAL_SIASI":null,"AMZ_LEG":null,"LAT":-21.98076233336888,"LONG":-54.641963833333335,"fonte":"IBGE, Censo Demográfico 2022, Localidades Indígenas, arquivo atualizado em 19/09/2025","url_fonte":"https://geoftp.ibge.gov.br/organizacao_do_territorio/estrutura_territorial/localidades/localidades_indigenas_2022/"},"geometry":{"coordinates":[-54.641963833333335,-21.98076233336888],"type":"Point"}},{"type":"Feature","properties":{"CD_UF":50,"NM_UF":"Mato Grosso do Sul","CD_MUNIC":5003504,"NM_MUNIC":"Douradina","ID_LI":5000130,"CD_LI":5010160,"OCORRENCIA":1,"NM_LI":"Aldeia Indígena Guaaroka","CD_SETOR":500350410000004,"SITUACAO":"Rural","CD_SIT":8,"CD_TIPO":5.0,"CD_AGLOM":500350400002.0,"NM_AGLOM":"Aldeia Indígena Panambi / Lagoa Rica","CD_TI":null,"TI_FUNAI":null,"NM_TI":null,"FASE":null,"C_CR_FUNAI":null,"N_CR_FUNAI":null,"ALD_FUNAI":null,"VAL_FUNAI":null,"ALD_SIASI":null,"VAL_SIASI":null,"AMZ_LEG":null,"LAT":-21.98997878137816,"LONG":-54.63125203466922,"fonte":"IBGE, Censo Demográfico 2022, Localidades Indígenas, arquivo atualizado em 19/09/2025","url_fonte":"https://geoftp.ibge.gov.br/organizacao_do_territorio/estrutura_territorial/localidades/localidades_indigenas_2022/"},"geometry":{"coordinates":[-54.63125203466922,-21.98997878137816],"type":"Point"}},{"type":"Feature","properties":{"CD_UF":50,"NM_UF":"Mato Grosso do Sul","CD_MUNIC":5004908,"NM_MUNIC":"Jaraguari","ID_LI":5000163,"CD_LI":5010155,"OCORRENCIA":1,"NM_LI":"Aldeia Indígena Bálsamo","CD_SETOR":500490810000008,"SITUACAO":"Rural","CD_SIT":8,"CD_TIPO":5.0,"CD_AGLOM":500490800003.0,"NM_AGLOM":"Aldeia Indígena Bálsamo","CD_TI":null,"TI_FUNAI":null,"NM_TI":null,"FASE":null,"C_CR_FUNAI":null,"N_CR_FUNAI":null,"ALD_FUNAI":null,"VAL_FUNAI":null,"ALD_SIASI":50262.0,"VAL_SIASI":2.0,"AMZ_LEG":null,"LAT":-20.058893722254336,"LONG":-54.70035277777778,"fonte":"IBGE, Censo Demográfico 2022, Localidades Indígenas, arquivo atualizado em 19/09/2025","url_fonte":"https://geoftp.ibge.gov.br/organizacao_do_territorio/estrutura_territorial/localidades/localidades_indigenas_2022/"},"geometry":{"coordinates":[-54.70035277777778,-20.058893722254336],"type":"Point"}},{"type":"Feature","properties":{"CD_UF":50,"NM_UF":"Mato Grosso do Sul","CD_MUNIC":5001243,"NM_MUNIC":"Aral Moreira","ID_LI":5000175,"CD_LI":5010150,"OCORRENCIA":1,"NM_LI":"Aldeia Indígena Tekoha Guaiviry","CD_SETOR":500124305000031,"SITUACAO":"Rural","CD_SIT":8,"CD_TIPO":5.0,"CD_AGLOM":500124300009.0,"NM_AGLOM":"Aldeia Indígena Tekoha Guaiviri","CD_TI":null,"TI_FUNAI":null,"NM_TI":null,"FASE":null,"C_CR_FUNAI":null,"N_CR_FUNAI":null,"ALD_FUNAI":null,"VAL_FUNAI":null,"ALD_SIASI":null,"VAL_SIASI":null,"AMZ_LEG":null,"LAT":-22.79175452781481,"LONG":-55.38763297222222,"fonte":"IBGE, Censo Demográfico 2022, Localidades Indígenas, arquivo atualizado em 19/09/2025","url_fonte":"https://geoftp.ibge.gov.br/organizacao_do_territorio/estrutura_territorial/localidades/localidades_indigenas_2022/"},"geometry":{"coordinates":[-55.38763297222222,-22.79175452781481],"type":"Point"}},{"type":"Feature","properties":{"CD_UF":50,"NM_UF":"Mato Grosso do Sul","CD_MUNIC":5004502,"NM_MUNIC":"Itaporã","ID_LI":5000179,"CD_LI":5010081,"OCORRENCIA":1,"NM_LI":"Comunidade Indígena Ñuvera Guassú 3","CD_SETOR":500450205000034,"SITUACAO":"Rural","CD_SIT":8,"CD_TIPO":5.0,"CD_AGLOM":500450200003.0,"NM_AGLOM":"Aldeia Indígena Ñu Vera II","CD_TI":null,"TI_FUNAI":null,"NM_TI":null,"FASE":null,"C_CR_FUNAI":null,"N_CR_FUNAI":null,"ALD_FUNAI":null,"VAL_FUNAI":null,"ALD_SIASI":null,"VAL_SIASI":null,"AMZ_LEG":null,"LAT":-22.193725083369277,"LONG":-54.860543972222224,"fonte":"IBGE, Censo Demográfico 2022, Localidades Indígenas, arquivo atualizado em 19/09/2025","url_fonte":"https://geoftp.ibge.gov.br/organizacao_do_territorio/estrutura_territorial/localidades/localidades_indigenas_2022/"},"geometry":{"coordinates":[-54.860543972222224,-22.193725083369277],"type":"Point"}},{"type":"Feature","properties":{"CD_UF":50,"NM_UF":"Mato Grosso do Sul","CD_MUNIC":5007208,"NM_MUNIC":"Rio Brilhante","ID_LI":5000235,"CD_LI":5010131,"OCORRENCIA":1,"NM_LI":"Aldeia Indígena Sete Placas","CD_SETOR":500720805000069,"SITUACAO":"Rural","CD_SIT":8,"CD_TIPO":5.0,"CD_AGLOM":500720800015.0,"NM_AGLOM":"Aldeia Indígena Sete Placas","CD_TI":null,"TI_FUNAI":null,"NM_TI":null,"FASE":null,"C_CR_FUNAI":null,"N_CR_FUNAI":null,"ALD_FUNAI":3178.0,"VAL_FUNAI":1.0,"ALD_SIASI":null,"VAL_SIASI":null,"AMZ_LEG":null,"LAT":-21.58597033336816,"LONG":-54.866145583333335,"fonte":"IBGE, Censo Demográfico 2022, Localidades Indígenas, arquivo atualizado em 19/09/2025","url_fonte":"https://geoftp.ibge.gov.br/organizacao_do_territorio/estrutura_territorial/localidades/localidades_indigenas_2022/"},"geometry":{"coordinates":[-54.866145583333335,-21.58597033336816],"type":"Point"}},{"type":"Feature","properties":{"CD_UF":50,"NM_UF":"Mato Grosso do Sul","CD_MUNIC":5004304,"NM_MUNIC":"Iguatemi","ID_LI":5000298,"CD_LI":5010121,"OCORRENCIA":3,"NM_LI":"Aldeia Indígena Pyelito / Mbarakay","CD_SETOR":500430405000039,"SITUACAO":"Rural","CD_SIT":8,"CD_TIPO":5.0,"CD_AGLOM":500430400005.0,"NM_AGLOM":"Aldeia Indígena Pyelito","CD_TI":null,"TI_FUNAI":null,"NM_TI":null,"FASE":null,"C_CR_FUNAI":null,"N_CR_FUNAI":null,"ALD_FUNAI":null,"VAL_FUNAI":null,"ALD_SIASI":null,"VAL_SIASI":null,"AMZ_LEG":null,"LAT":-23.578549361149594,"LONG":-54.73938944444445,"fonte":"IBGE, Censo Demográfico 2022, Localidades Indígenas, arquivo atualizado em 19/09/2025","url_fonte":"https://geoftp.ibge.gov.br/organizacao_do_territorio/estrutura_territorial/localidades/localidades_indigenas_2022/"},"geometry":{"coordinates":[-54.73938944444445,-23.578549361149594],"type":"Point"}},{"type":"Feature","properties":{"CD_UF":50,"NM_UF":"Mato Grosso do Sul","CD_MUNIC":5006606,"NM_MUNIC":"Ponta Porã","ID_LI":5000305,"CD_LI":5010033,"OCORRENCIA":1,"NM_LI":"Aldeia Indígena Kokwei","CD_SETOR":500660615000007,"SITUACAO":"Rural","CD_SIT":8,"CD_TIPO":5.0,"CD_AGLOM":500660600010.0,"NM_AGLOM":"Aldeia Indígena Kokwei","CD_TI":null,"TI_FUNAI":null,"NM_TI":null,"FASE":null,"C_CR_FUNAI":null,"N_CR_FUNAI":null,"ALD_FUNAI":null,"VAL_FUNAI":null,"ALD_SIASI":null,"VAL_SIASI":null,"AMZ_LEG":null,"LAT":-22.05234927781346,"LONG":-55.95793427777778,"fonte":"IBGE, Censo Demográfico 2022, Localidades Indígenas, arquivo atualizado em 19/09/2025","url_fonte":"https://geoftp.ibge.gov.br/organizacao_do_territorio/estrutura_territorial/localidades/localidades_indigenas_2022/"},"geometry":{"coordinates":[-55.95793427777778,-22.05234927781346],"type":"Point"}},{"type":"Feature","properties":{"CD_UF":50,"NM_UF":"Mato Grosso do Sul","CD_MUNIC":5005707,"NM_MUNIC":"Naviraí","ID_LI":5000311,"CD_LI":5010078,"OCORRENCIA":1,"NM_LI":"Aldeia Indígena Kurupy","CD_SETOR":500570705000144,"SITUACAO":"Rural","CD_SIT":8,"CD_TIPO":5.0,"CD_AGLOM":500570700004.0,"NM_AGLOM":"Aldeia Indígena Kurupy","CD_TI":null,"TI_FUNAI":null,"NM_TI":null,"FASE":null,"C_CR_FUNAI":null,"N_CR_FUNAI":null,"ALD_FUNAI":5036.0,"VAL_FUNAI":1.0,"ALD_SIASI":null,"VAL_SIASI":null,"AMZ_LEG":null,"LAT":-23.015007888926327,"LONG":-54.30428066666666,"fonte":"IBGE, Censo Demográfico 2022, Localidades Indígenas, arquivo atualizado em 19/09/2025","url_fonte":"https://geoftp.ibge.gov.br/organizacao_do_territorio/estrutura_territorial/localidades/localidades_indigenas_2022/"},"geometry":{"coordinates":[-54.30428066666666,-23.015007888926327],"type":"Point"}},{"type":"Feature","properties":{"CD_UF":50,"NM_UF":"Mato Grosso do Sul","CD_MUNIC":5006358,"NM_MUNIC":"Paranhos","ID_LI":5000312,"CD_LI":5010147,"OCORRENCIA":1,"NM_LI":"Aldeia Indígena Ypo'í Triunfo","CD_SETOR":500635805000028,"SITUACAO":"Rural","CD_SIT":8,"CD_TIPO":5.0,"CD_AGLOM":500635800008.0,"NM_AGLOM":"Aldeia Indígena Ypoy Triunfo","CD_TI":null,"TI_FUNAI":null,"NM_TI":null,"FASE":null,"C_CR_FUNAI":null,"N_CR_FUNAI":null,"ALD_FUNAI":null,"VAL_FUNAI":null,"ALD_SIASI":null,"VAL_SIASI":null,"AMZ_LEG":null,"LAT":-23.753048416705475,"LONG":-55.39320244444444,"fonte":"IBGE, Censo Demográfico 2022, Localidades Indígenas, arquivo atualizado em 19/09/2025","url_fonte":"https://geoftp.ibge.gov.br/organizacao_do_territorio/estrutura_territorial/localidades/localidades_indigenas_2022/"},"geometry":{"coordinates":[-55.39320244444444,-23.753048416705475],"type":"Point"}},{"type":"Feature","properties":{"CD_UF":50,"NM_UF":"Mato Grosso do Sul","CD_MUNIC":5003504,"NM_MUNIC":"Douradina","ID_LI":5000330,"CD_LI":5010049,"OCORRENCIA":3,"NM_LI":"Aldeia Indígena Panambi Lagoa Rica","CD_SETOR":500350410000004,"SITUACAO":"Rural","CD_SIT":8,"CD_TIPO":5.0,"CD_AGLOM":500350400002.0,"NM_AGLOM":"Aldeia Indígena Panambi / Lagoa Rica","CD_TI":null,"TI_FUNAI":null,"NM_TI":null,"FASE":null,"C_CR_FUNAI":null,"N_CR_FUNAI":null,"ALD_FUNAI":33.0,"VAL_FUNAI":1.0,"ALD_SIASI":null,"VAL_SIASI":null,"AMZ_LEG":null,"LAT":-21.988732166702228,"LONG":-54.64466433333333,"fonte":"IBGE, Censo Demográfico 2022, Localidades Indígenas, arquivo atualizado em 19/09/2025","url_fonte":"https://geoftp.ibge.gov.br/organizacao_do_territorio/estrutura_territorial/localidades/localidades_indigenas_2022/"},"geometry":{"coordinates":[-54.64466433333333,-21.988732166702228],"type":"Point"}},{"type":"Feature","properties":{"CD_UF":50,"NM_UF":"Mato Grosso do Sul","CD_MUNIC":5001243,"NM_MUNIC":"Aral Moreira","ID_LI":5000340,"CD_LI":5010150,"OCORRENCIA":2,"NM_LI":"Aldeia Indígena Tekoha Guaiviry","CD_SETOR":500124305000031,"SITUACAO":"Rural","CD_SIT":8,"CD_TIPO":5.0,"CD_AGLOM":500124300009.0,"NM_AGLOM":"Aldeia Indígena Tekoha Guaiviri","CD_TI":null,"TI_FUNAI":null,"NM_TI":null,"FASE":null,"C_CR_FUNAI":null,"N_CR_FUNAI":null,"ALD_FUNAI":null,"VAL_FUNAI":null,"ALD_SIASI":null,"VAL_SIASI":null,"AMZ_LEG":null,"LAT":-22.794715277814813,"LONG":-55.38264458333333,"fonte":"IBGE, Censo Demográfico 2022, Localidades Indígenas, arquivo atualizado em 19/09/2025","url_fonte":"https://geoftp.ibge.gov.br/organizacao_do_territorio/estrutura_territorial/localidades/localidades_indigenas_2022/"},"geometry":{"coordinates":[-55.38264458333333,-22.794715277814813],"type":"Point"}},{"type":"Feature","properties":{"CD_UF":50,"NM_UF":"Mato Grosso do Sul","CD_MUNIC":5003157,"NM_MUNIC":"Coronel Sapucaia","ID_LI":5000341,"CD_LI":5010115,"OCORRENCIA":1,"NM_LI":"Aldeia Indígena Kurussu Ambá 1","CD_SETOR":500315705000028,"SITUACAO":"Rural","CD_SIT":8,"CD_TIPO":5.0,"CD_AGLOM":500315700001.0,"NM_AGLOM":"Aldeia Indígena Kurussu Amba","CD_TI":null,"TI_FUNAI":null,"NM_TI":null,"FASE":null,"C_CR_FUNAI":null,"N_CR_FUNAI":null,"ALD_FUNAI":null,"VAL_FUNAI":null,"ALD_SIASI":null,"VAL_SIASI":null,"AMZ_LEG":null,"LAT":-23.261563305593448,"LONG":-55.346784972222224,"fonte":"IBGE, Censo Demográfico 2022, Localidades Indígenas, arquivo atualizado em 19/09/2025","url_fonte":"https://geoftp.ibge.gov.br/organizacao_do_territorio/estrutura_territorial/localidades/localidades_indigenas_2022/"},"geometry":{"coordinates":[-55.346784972222224,-23.261563305593448],"type":"Point"}},{"type":"Feature","properties":{"CD_UF":50,"NM_UF":"Mato Grosso do Sul","CD_MUNIC":5006358,"NM_MUNIC":"Paranhos","ID_LI":5000357,"CD_LI":5010147,"OCORRENCIA":2,"NM_LI":"Aldeia Indígena Ypo'í Triunfo","CD_SETOR":500635805000028,"SITUACAO":"Rural","CD_SIT":8,"CD_TIPO":5.0,"CD_AGLOM":500635800008.0,"NM_AGLOM":"Aldeia Indígena Ypoy Triunfo","CD_TI":null,"TI_FUNAI":null,"NM_TI":null,"FASE":null,"C_CR_FUNAI":null,"N_CR_FUNAI":null,"ALD_FUNAI":null,"VAL_FUNAI":null,"ALD_SIASI":null,"VAL_SIASI":null,"AMZ_LEG":null,"LAT":-23.75637866670548,"LONG":-55.392744388888886,"fonte":"IBGE, Censo Demográfico 2022, Localidades Indígenas, arquivo atualizado em 19/09/2025","url_fonte":"https://geoftp.ibge.gov.br/organizacao_do_territorio/estrutura_territorial/localidades/localidades_indigenas_2022/"},"geometry":{"coordinates":[-55.392744388888886,-23.75637866670548],"type":"Point"}},{"type":"Feature","properties":{"CD_UF":50,"NM_UF":"Mato Grosso do Sul","CD_MUNIC":5003504,"NM_MUNIC":"Douradina","ID_LI":5000376,"CD_LI":5010049,"OCORRENCIA":4,"NM_LI":"Aldeia Indígena Panambi Lagoa Rica","CD_SETOR":500350410000004,"SITUACAO":"Rural","CD_SIT":8,"CD_TIPO":5.0,"CD_AGLOM":500350400002.0,"NM_AGLOM":"Aldeia Indígena Panambi / Lagoa Rica","CD_TI":null,"TI_FUNAI":null,"NM_TI":null,"FASE":null,"C_CR_FUNAI":null,"N_CR_FUNAI":null,"ALD_FUNAI":33.0,"VAL_FUNAI":1.0,"ALD_SIASI":null,"VAL_SIASI":null,"AMZ_LEG":null,"LAT":-21.9673146058739,"LONG":-54.6343105803041,"fonte":"IBGE, Censo Demográfico 2022, Localidades Indígenas, arquivo atualizado em 19/09/2025","url_fonte":"https://geoftp.ibge.gov.br/organizacao_do_territorio/estrutura_territorial/localidades/localidades_indigenas_2022/"},"geometry":{"coordinates":[-54.6343105803041,-21.9673146058739],"type":"Point"}},{"type":"Feature","properties":{"CD_UF":50,"NM_UF":"Mato Grosso do Sul","CD_MUNIC":5003702,"NM_MUNIC":"Dourados","ID_LI":5000382,"CD_LI":5010063,"OCORRENCIA":1,"NM_LI":"Comunidade Indígena Nhuvera Aratycuty","CD_SETOR":500370205000486,"SITUACAO":"Rural","CD_SIT":8,"CD_TIPO":5.0,"CD_AGLOM":500370200011.0,"NM_AGLOM":"Aldeia Índigena Aratycuty","CD_TI":null,"TI_FUNAI":null,"NM_TI":null,"FASE":null,"C_CR_FUNAI":null,"N_CR_FUNAI":null,"ALD_FUNAI":null,"VAL_FUNAI":null,"ALD_SIASI":null,"VAL_SIASI":null,"AMZ_LEG":null,"LAT":-22.198739750035944,"LONG":-54.86251244444444,"fonte":"IBGE, Censo Demográfico 2022, Localidades Indígenas, arquivo atualizado em 19/09/2025","url_fonte":"https://geoftp.ibge.gov.br/organizacao_do_territorio/estrutura_territorial/localidades/localidades_indigenas_2022/"},"geometry":{"coordinates":[-54.86251244444444,-22.198739750035944],"type":"Point"}},{"type":"Feature","properties":{"CD_UF":50,"NM_UF":"Mato Grosso do Sul","CD_MUNIC":5003157,"NM_MUNIC":"Coronel Sapucaia","ID_LI":5000384,"CD_LI":5010051,"OCORRENCIA":1,"NM_LI":"Aldeia Indígena Tekoha Jopara","CD_SETOR":500315705000033,"SITUACAO":"Rural","CD_SIT":8,"CD_TIPO":5.0,"CD_AGLOM":500315700005.0,"NM_AGLOM":"Aldeia Indígena Retomada Tekoha Japara","CD_TI":null,"TI_FUNAI":null,"NM_TI":null,"FASE":null,"C_CR_FUNAI":null,"N_CR_FUNAI":null,"ALD_FUNAI":null,"VAL_FUNAI":null,"ALD_SIASI":null,"VAL_SIASI":null,"AMZ_LEG":null,"LAT":-23.21260663892669,"LONG":-55.45410333333334,"fonte":"IBGE, Censo Demográfico 2022, Localidades Indígenas, arquivo atualizado em 19/09/2025","url_fonte":"https://geoftp.ibge.gov.br/organizacao_do_territorio/estrutura_territorial/localidades/localidades_indigenas_2022/"},"geometry":{"coordinates":[-55.45410333333334,-23.21260663892669],"type":"Point"}},{"type":"Feature","properties":{"CD_UF":50,"NM_UF":"Mato Grosso do Sul","CD_MUNIC":5005400,"NM_MUNIC":"Maracaju","ID_LI":5000396,"CD_LI":5010003,"OCORRENCIA":1,"NM_LI":"Aldeia Indígena Serroy","CD_SETOR":500540005000055,"SITUACAO":"Rural","CD_SIT":8,"CD_TIPO":5.0,"CD_AGLOM":500540000006.0,"NM_AGLOM":"Aldeia Indígena Cerroy","CD_TI":null,"TI_FUNAI":null,"NM_TI":null,"FASE":null,"C_CR_FUNAI":null,"N_CR_FUNAI":null,"ALD_FUNAI":3179.0,"VAL_FUNAI":1.0,"ALD_SIASI":null,"VAL_SIASI":null,"AMZ_LEG":null,"LAT":-21.476293305590197,"LONG":-55.80555497222223,"fonte":"IBGE, Censo Demográfico 2022, Localidades Indígenas, arquivo atualizado em 19/09/2025","url_fonte":"https://geoftp.ibge.gov.br/organizacao_do_territorio/estrutura_territorial/localidades/localidades_indigenas_2022/"},"geometry":{"coordinates":[-55.80555497222223,-21.476293305590197],"type":"Point"}},{"type":"Feature","properties":{"CD_UF":50,"NM_UF":"Mato Grosso do Sul","CD_MUNIC":5005400,"NM_MUNIC":"Maracaju","ID_LI":5000397,"CD_LI":5010003,"OCORRENCIA":2,"NM_LI":"Aldeia Indígena Serroy","CD_SETOR":500540005000055,"SITUACAO":"Rural","CD_SIT":8,"CD_TIPO":5.0,"CD_AGLOM":500540000006.0,"NM_AGLOM":"Aldeia Indígena Cerroy","CD_TI":null,"TI_FUNAI":null,"NM_TI":null,"FASE":null,"C_CR_FUNAI":null,"N_CR_FUNAI":null,"ALD_FUNAI":3179.0,"VAL_FUNAI":1.0,"ALD_SIASI":null,"VAL_SIASI":null,"AMZ_LEG":null,"LAT":-21.4811983055902,"LONG":-55.808205,"fonte":"IBGE, Censo Demográfico 2022, Localidades Indígenas, arquivo atualizado em 19/09/2025","url_fonte":"https://geoftp.ibge.gov.br/organizacao_do_territorio/estrutura_territorial/localidades/localidades_indigenas_2022/"},"geometry":{"coordinates":[-55.808205,-21.4811983055902],"type":"Point"}},{"type":"Feature","properties":{"CD_UF":50,"NM_UF":"Mato Grosso do Sul","CD_MUNIC":5001243,"NM_MUNIC":"Aral Moreira","ID_LI":5000398,"CD_LI":5010150,"OCORRENCIA":3,"NM_LI":"Aldeia Indígena Tekoha Guaiviry","CD_SETOR":500124305000031,"SITUACAO":"Rural","CD_SIT":8,"CD_TIPO":5.0,"CD_AGLOM":500124300009.0,"NM_AGLOM":"Aldeia Indígena Tekoha Guaiviri","CD_TI":null,"TI_FUNAI":null,"NM_TI":null,"FASE":null,"C_CR_FUNAI":null,"N_CR_FUNAI":null,"ALD_FUNAI":null,"VAL_FUNAI":null,"ALD_SIASI":null,"VAL_SIASI":null,"AMZ_LEG":null,"LAT":-22.78930216670369,"LONG":-55.38933711111112,"fonte":"IBGE, Censo Demográfico 2022, Localidades Indígenas, arquivo atualizado em 19/09/2025","url_fonte":"https://geoftp.ibge.gov.br/organizacao_do_territorio/estrutura_territorial/localidades/localidades_indigenas_2022/"},"geometry":{"coordinates":[-55.38933711111112,-22.78930216670369],"type":"Point"}},{"type":"Feature","properties":{"CD_UF":50,"NM_UF":"Mato Grosso do Sul","CD_MUNIC":5004502,"NM_MUNIC":"Itaporã","ID_LI":5000409,"CD_LI":5010132,"OCORRENCIA":1,"NM_LI":"Comunidade Indígena Ñuvera Guassú 2","CD_SETOR":500450205000034,"SITUACAO":"Rural","CD_SIT":8,"CD_TIPO":5.0,"CD_AGLOM":500450200003.0,"NM_AGLOM":"Aldeia Indígena Ñu Vera II","CD_TI":null,"TI_FUNAI":null,"NM_TI":null,"FASE":null,"C_CR_FUNAI":null,"N_CR_FUNAI":null,"ALD_FUNAI":null,"VAL_FUNAI":null,"ALD_SIASI":null,"VAL_SIASI":null,"AMZ_LEG":null,"LAT":-22.177788777813685,"LONG":-54.8658145,"fonte":"IBGE, Censo Demográfico 2022, Localidades Indígenas, arquivo atualizado em 19/09/2025","url_fonte":"https://geoftp.ibge.gov.br/organizacao_do_territorio/estrutura_territorial/localidades/localidades_indigenas_2022/"},"geometry":{"coordinates":[-54.8658145,-22.177788777813685],"type":"Point"}},{"type":"Feature","properties":{"CD_UF":50,"NM_UF":"Mato Grosso do Sul","CD_MUNIC":5001243,"NM_MUNIC":"Aral Moreira","ID_LI":5000417,"CD_LI":5010050,"OCORRENCIA":2,"NM_LI":"Aldeia Indígena Cristino Potrero","CD_SETOR":500124305000033,"SITUACAO":"Rural","CD_SIT":8,"CD_TIPO":5.0,"CD_AGLOM":500124300011.0,"NM_AGLOM":"Aldeia Indígena Cristino Potrero","CD_TI":null,"TI_FUNAI":null,"NM_TI":null,"FASE":null,"C_CR_FUNAI":null,"N_CR_FUNAI":null,"ALD_FUNAI":null,"VAL_FUNAI":null,"ALD_SIASI":null,"VAL_SIASI":null,"AMZ_LEG":null,"LAT":-23.2216112778156,"LONG":-55.53880186111111,"fonte":"IBGE, Censo Demográfico 2022, Localidades Indígenas, arquivo atualizado em 19/09/2025","url_fonte":"https://geoftp.ibge.gov.br/organizacao_do_territorio/estrutura_territorial/localidades/localidades_indigenas_2022/"},"geometry":{"coordinates":[-55.53880186111111,-23.2216112778156],"type":"Point"}},{"type":"Feature","properties":{"CD_UF":50,"NM_UF":"Mato Grosso do Sul","CD_MUNIC":5003157,"NM_MUNIC":"Coronel Sapucaia","ID_LI":5000418,"CD_LI":5010051,"OCORRENCIA":2,"NM_LI":"Aldeia Indígena Tekoha Jopara","CD_SETOR":500315705000033,"SITUACAO":"Rural","CD_SIT":8,"CD_TIPO":5.0,"CD_AGLOM":500315700005.0,"NM_AGLOM":"Aldeia Indígena Retomada Tekoha Japara","CD_TI":null,"TI_FUNAI":null,"NM_TI":null,"FASE":null,"C_CR_FUNAI":null,"N_CR_FUNAI":null,"ALD_FUNAI":null,"VAL_FUNAI":null,"ALD_SIASI":null,"VAL_SIASI":null,"AMZ_LEG":null,"LAT":-23.21133833337113,"LONG":-55.46003663888889,"fonte":"IBGE, Censo Demográfico 2022, Localidades Indígenas, arquivo atualizado em 19/09/2025","url_fonte":"https://geoftp.ibge.gov.br/organizacao_do_territorio/estrutura_territorial/localidades/localidades_indigenas_2022/"},"geometry":{"coordinates":[-55.46003663888889,-23.21133833337113],"type":"Point"}},{"type":"Feature","properties":{"CD_UF":50,"NM_UF":"Mato Grosso do Sul","CD_MUNIC":5005806,"NM_MUNIC":"Nioaque","ID_LI":5000420,"CD_LI":5010061,"OCORRENCIA":1,"NM_LI":"Assentamento Colonia Conceicao","CD_SETOR":500580605000030,"SITUACAO":"Rural","CD_SIT":8,"CD_TIPO":null,"CD_AGLOM":null,"NM_AGLOM":null,"CD_TI":null,"TI_FUNAI":null,"NM_TI":null,"FASE":null,"C_CR_FUNAI":null,"N_CR_FUNAI":null,"ALD_FUNAI":null,"VAL_FUNAI":null,"ALD_SIASI":null,"VAL_SIASI":null,"AMZ_LEG":null,"LAT":-20.917543415513755,"LONG":-55.815945546084805,"fonte":"IBGE, Censo Demográfico 2022, Localidades Indígenas, arquivo atualizado em 19/09/2025","url_fonte":"https://geoftp.ibge.gov.br/organizacao_do_territorio/estrutura_territorial/localidades/localidades_indigenas_2022/"},"geometry":{"coordinates":[-55.815945546084805,-20.917543415513755],"type":"Point"}},{"type":"Feature","properties":{"CD_UF":50,"NM_UF":"Mato Grosso do Sul","CD_MUNIC":5002407,"NM_MUNIC":"Caarapó","ID_LI":5000421,"CD_LI":5010072,"OCORRENCIA":1,"NM_LI":"Aldeia Indígena Guapo'y","CD_SETOR":500240705000071,"SITUACAO":"Rural","CD_SIT":8,"CD_TIPO":5.0,"CD_AGLOM":500240700008.0,"NM_AGLOM":"Aldeia Indígena Tekoha Guapoy","CD_TI":null,"TI_FUNAI":null,"NM_TI":null,"FASE":null,"C_CR_FUNAI":null,"N_CR_FUNAI":null,"ALD_FUNAI":null,"VAL_FUNAI":null,"ALD_SIASI":null,"VAL_SIASI":null,"AMZ_LEG":null,"LAT":-22.58851617949949,"LONG":-55.01214540847041,"fonte":"IBGE, Censo Demográfico 2022, Localidades Indígenas, arquivo atualizado em 19/09/2025","url_fonte":"https://geoftp.ibge.gov.br/organizacao_do_territorio/estrutura_territorial/localidades/localidades_indigenas_2022/"},"geometry":{"coordinates":[-55.01214540847041,-22.58851617949949],"type":"Point"}},{"type":"Feature","properties":{"CD_UF":50,"NM_UF":"Mato Grosso do Sul","CD_MUNIC":5004106,"NM_MUNIC":"Guia Lopes da Laguna","ID_LI":5000423,"CD_LI":5010059,"OCORRENCIA":1,"NM_LI":"Aldeia Indígena Santa Teresa","CD_SETOR":500410605000018,"SITUACAO":"Rural","CD_SIT":8,"CD_TIPO":null,"CD_AGLOM":null,"NM_AGLOM":null,"CD_TI":null,"TI_FUNAI":null,"NM_TI":null,"FASE":null,"C_CR_FUNAI":null,"N_CR_FUNAI":null,"ALD_FUNAI":null,"VAL_FUNAI":null,"ALD_SIASI":null,"VAL_SIASI":null,"AMZ_LEG":null,"LAT":-21.660280414986417,"LONG":-56.02227468055555,"fonte":"IBGE, Censo Demográfico 2022, Localidades Indígenas, arquivo atualizado em 19/09/2025","url_fonte":"https://geoftp.ibge.gov.br/organizacao_do_territorio/estrutura_territorial/localidades/localidades_indigenas_2022/"},"geometry":{"coordinates":[-56.02227468055555,-21.660280414986417],"type":"Point"}},{"type":"Feature","properties":{"CD_UF":50,"NM_UF":"Mato Grosso do Sul","CD_MUNIC":5004304,"NM_MUNIC":"Iguatemi","ID_LI":5000424,"CD_LI":5010080,"OCORRENCIA":1,"NM_LI":"Acampamento Sem Denominação","CD_SETOR":500430405000021,"SITUACAO":"Rural","CD_SIT":8,"CD_TIPO":null,"CD_AGLOM":null,"NM_AGLOM":null,"CD_TI":null,"TI_FUNAI":null,"NM_TI":null,"FASE":null,"C_CR_FUNAI":null,"N_CR_FUNAI":null,"ALD_FUNAI":null,"VAL_FUNAI":null,"ALD_SIASI":null,"VAL_SIASI":null,"AMZ_LEG":null,"LAT":-23.65460005475719,"LONG":-54.57112590290743,"fonte":"IBGE, Censo Demográfico 2022, Localidades Indígenas, arquivo atualizado em 19/09/2025","url_fonte":"https://geoftp.ibge.gov.br/organizacao_do_territorio/estrutura_territorial/localidades/localidades_indigenas_2022/"},"geometry":{"coordinates":[-54.57112590290743,-23.65460005475719],"type":"Point"}},{"type":"Feature","properties":{"CD_UF":50,"NM_UF":"Mato Grosso do Sul","CD_MUNIC":5005707,"NM_MUNIC":"Naviraí","ID_LI":5000426,"CD_LI":5010078,"OCORRENCIA":2,"NM_LI":"Aldeia Indígena Kurupy","CD_SETOR":500570705000144,"SITUACAO":"Rural","CD_SIT":8,"CD_TIPO":5.0,"CD_AGLOM":500570700004.0,"NM_AGLOM":"Aldeia Indígena Kurupy","CD_TI":null,"TI_FUNAI":null,"NM_TI":null,"FASE":null,"C_CR_FUNAI":null,"N_CR_FUNAI":null,"ALD_FUNAI":5036.0,"VAL_FUNAI":1.0,"ALD_SIASI":null,"VAL_SIASI":null,"AMZ_LEG":null,"LAT":-23.02139198479305,"LONG":-54.29840458429816,"fonte":"IBGE, Censo Demográfico 2022, Localidades Indígenas, arquivo atualizado em 19/09/2025","url_fonte":"https://geoftp.ibge.gov.br/organizacao_do_territorio/estrutura_territorial/localidades/localidades_indigenas_2022/"},"geometry":{"coordinates":[-54.29840458429816,-23.02139198479305],"type":"Point"}},{"type":"Feature","properties":{"CD_UF":50,"NM_UF":"Mato Grosso do Sul","CD_MUNIC":5002407,"NM_MUNIC":"Caarapó","ID_LI":5000429,"CD_LI":5010012,"OCORRENCIA":1,"NM_LI":"Aldeia Indígena Kunumi Verá","CD_SETOR":500240705000061,"SITUACAO":"Rural","CD_SIT":8,"CD_TIPO":5.0,"CD_AGLOM":500240700006.0,"NM_AGLOM":"Aldeia Indígena Kunumi Verá","CD_TI":null,"TI_FUNAI":null,"NM_TI":null,"FASE":null,"C_CR_FUNAI":null,"N_CR_FUNAI":null,"ALD_FUNAI":null,"VAL_FUNAI":null,"ALD_SIASI":null,"VAL_SIASI":null,"AMZ_LEG":null,"LAT":-22.617678457310276,"LONG":-54.98541733649955,"fonte":"IBGE, Censo Demográfico 2022, Localidades Indígenas, arquivo atualizado em 19/09/2025","url_fonte":"https://geoftp.ibge.gov.br/organizacao_do_territorio/estrutura_territorial/localidades/localidades_indigenas_2022/"},"geometry":{"coordinates":[-54.98541733649955,-22.617678457310276],"type":"Point"}},{"type":"Feature","properties":{"CD_UF":50,"NM_UF":"Mato Grosso do Sul","CD_MUNIC":5002407,"NM_MUNIC":"Caarapó","ID_LI":5000430,"CD_LI":5010011,"OCORRENCIA":1,"NM_LI":"Aldeia Indígena Pindoroky","CD_SETOR":500240705000075,"SITUACAO":"Rural","CD_SIT":8,"CD_TIPO":5.0,"CD_AGLOM":500240700010.0,"NM_AGLOM":"Aldeia Indígena Paï Pavyterã","CD_TI":null,"TI_FUNAI":null,"NM_TI":null,"FASE":null,"C_CR_FUNAI":null,"N_CR_FUNAI":null,"ALD_FUNAI":419.0,"VAL_FUNAI":1.0,"ALD_SIASI":null,"VAL_SIASI":null,"AMZ_LEG":null,"LAT":-22.5630143604729,"LONG":-54.91888997222223,"fonte":"IBGE, Censo Demográfico 2022, Localidades Indígenas, arquivo atualizado em 19/09/2025","url_fonte":"https://geoftp.ibge.gov.br/organizacao_do_territorio/estrutura_territorial/localidades/localidades_indigenas_2022/"},"geometry":{"coordinates":[-54.91888997222223,-22.5630143604729],"type":"Point"}},{"type":"Feature","properties":{"CD_UF":50,"NM_UF":"Mato Grosso do Sul","CD_MUNIC":5002407,"NM_MUNIC":"Caarapó","ID_LI":5000431,"CD_LI":5010058,"OCORRENCIA":1,"NM_LI":"Aldeia Indígena Tekoha Ñandeva","CD_SETOR":500240705000073,"SITUACAO":"Rural","CD_SIT":8,"CD_TIPO":5.0,"CD_AGLOM":500240700009.0,"NM_AGLOM":"Aldeia Indígena Ñandéva","CD_TI":null,"TI_FUNAI":null,"NM_TI":null,"FASE":null,"C_CR_FUNAI":null,"N_CR_FUNAI":null,"ALD_FUNAI":null,"VAL_FUNAI":null,"ALD_SIASI":null,"VAL_SIASI":null,"AMZ_LEG":null,"LAT":-22.61244627713848,"LONG":-54.91398513888888,"fonte":"IBGE, Censo Demográfico 2022, Localidades Indígenas, arquivo atualizado em 19/09/2025","url_fonte":"https://geoftp.ibge.gov.br/organizacao_do_territorio/estrutura_territorial/localidades/localidades_indigenas_2022/"},"geometry":{"coordinates":[-54.91398513888888,-22.61244627713848],"type":"Point"}},{"type":"Feature","properties":{"CD_UF":50,"NM_UF":"Mato Grosso do Sul","CD_MUNIC":5003504,"NM_MUNIC":"Douradina","ID_LI":5000432,"CD_LI":5010076,"OCORRENCIA":1,"NM_LI":"Aldeia Indígena Tajassu Ygua","CD_SETOR":500350410000006,"SITUACAO":"Rural","CD_SIT":8,"CD_TIPO":5.0,"CD_AGLOM":500350400003.0,"NM_AGLOM":"Aldeia Indígena Tayasu Ygua","CD_TI":null,"TI_FUNAI":null,"NM_TI":null,"FASE":null,"C_CR_FUNAI":null,"N_CR_FUNAI":null,"ALD_FUNAI":null,"VAL_FUNAI":null,"ALD_SIASI":null,"VAL_SIASI":null,"AMZ_LEG":null,"LAT":-21.94083029098189,"LONG":-54.53561795836941,"fonte":"IBGE, Censo Demográfico 2022, Localidades Indígenas, arquivo atualizado em 19/09/2025","url_fonte":"https://geoftp.ibge.gov.br/organizacao_do_territorio/estrutura_territorial/localidades/localidades_indigenas_2022/"},"geometry":{"coordinates":[-54.53561795836941,-21.94083029098189],"type":"Point"}},{"type":"Feature","properties":{"CD_UF":50,"NM_UF":"Mato Grosso do Sul","CD_MUNIC":5002407,"NM_MUNIC":"Caarapó","ID_LI":5000433,"CD_LI":5010047,"OCORRENCIA":1,"NM_LI":"Aldeia Indígena Itaguá","CD_SETOR":500240705000075,"SITUACAO":"Rural","CD_SIT":8,"CD_TIPO":5.0,"CD_AGLOM":500240700010.0,"NM_AGLOM":"Aldeia Indígena Paï Pavyterã","CD_TI":null,"TI_FUNAI":null,"NM_TI":null,"FASE":null,"C_CR_FUNAI":null,"N_CR_FUNAI":null,"ALD_FUNAI":null,"VAL_FUNAI":null,"ALD_SIASI":null,"VAL_SIASI":null,"AMZ_LEG":null,"LAT":-22.58628155491683,"LONG":-54.900756,"fonte":"IBGE, Censo Demográfico 2022, Localidades Indígenas, arquivo atualizado em 19/09/2025","url_fonte":"https://geoftp.ibge.gov.br/organizacao_do_territorio/estrutura_territorial/localidades/localidades_indigenas_2022/"},"geometry":{"coordinates":[-54.900756,-22.58628155491683],"type":"Point"}},{"type":"Feature","properties":{"CD_UF":50,"NM_UF":"Mato Grosso do Sul","CD_MUNIC":5005608,"NM_MUNIC":"Miranda","ID_LI":5000435,"CD_LI":5010045,"OCORRENCIA":1,"NM_LI":"Fazenda Figueira","CD_SETOR":500560805000049,"SITUACAO":"Rural","CD_SIT":8,"CD_TIPO":null,"CD_AGLOM":null,"NM_AGLOM":null,"CD_TI":null,"TI_FUNAI":null,"NM_TI":null,"FASE":null,"C_CR_FUNAI":null,"N_CR_FUNAI":null,"ALD_FUNAI":null,"VAL_FUNAI":null,"ALD_SIASI":null,"VAL_SIASI":null,"AMZ_LEG":null,"LAT":-20.37766727718944,"LONG":-56.17334913888889,"fonte":"IBGE, Censo Demográfico 2022, Localidades Indígenas, arquivo atualizado em 19/09/2025","url_fonte":"https://geoftp.ibge.gov.br/organizacao_do_territorio/estrutura_territorial/localidades/localidades_indigenas_2022/"},"geometry":{"coordinates":[-56.17334913888889,-20.37766727718944],"type":"Point"}},{"type":"Feature","properties":{"CD_UF":50,"NM_UF":"Mato Grosso do Sul","CD_MUNIC":5002407,"NM_MUNIC":"Caarapó","ID_LI":5000436,"CD_LI":5010102,"OCORRENCIA":1,"NM_LI":"Aldeia Indígena Te'ýi Jusu","CD_SETOR":500240705000063,"SITUACAO":"Rural","CD_SIT":8,"CD_TIPO":5.0,"CD_AGLOM":500240700007.0,"NM_AGLOM":"Aldeia Indígena Teykue","CD_TI":null,"TI_FUNAI":null,"NM_TI":null,"FASE":null,"C_CR_FUNAI":null,"N_CR_FUNAI":null,"ALD_FUNAI":null,"VAL_FUNAI":null,"ALD_SIASI":null,"VAL_SIASI":null,"AMZ_LEG":null,"LAT":-22.61656686002237,"LONG":-54.96002097177266,"fonte":"IBGE, Censo Demográfico 2022, Localidades Indígenas, arquivo atualizado em 19/09/2025","url_fonte":"https://geoftp.ibge.gov.br/organizacao_do_territorio/estrutura_territorial/localidades/localidades_indigenas_2022/"},"geometry":{"coordinates":[-54.96002097177266,-22.61656686002237],"type":"Point"}},{"type":"Feature","properties":{"CD_UF":50,"NM_UF":"Mato Grosso do Sul","CD_MUNIC":5002159,"NM_MUNIC":"Bodoquena","ID_LI":5000439,"CD_LI":5010090,"OCORRENCIA":1,"NM_LI":"Região da Sumatra","CD_SETOR":500215910000004,"SITUACAO":"Rural","CD_SIT":8,"CD_TIPO":null,"CD_AGLOM":null,"NM_AGLOM":null,"CD_TI":null,"TI_FUNAI":null,"NM_TI":null,"FASE":null,"C_CR_FUNAI":null,"N_CR_FUNAI":null,"ALD_FUNAI":null,"VAL_FUNAI":null,"ALD_SIASI":null,"VAL_SIASI":null,"AMZ_LEG":null,"LAT":-20.4638412771874,"LONG":-56.81441511111111,"fonte":"IBGE, Censo Demográfico 2022, Localidades Indígenas, arquivo atualizado em 19/09/2025","url_fonte":"https://geoftp.ibge.gov.br/organizacao_do_territorio/estrutura_territorial/localidades/localidades_indigenas_2022/"},"geometry":{"coordinates":[-56.81441511111111,-20.4638412771874],"type":"Point"}},{"type":"Feature","properties":{"CD_UF":50,"NM_UF":"Mato Grosso do Sul","CD_MUNIC":5005608,"NM_MUNIC":"Miranda","ID_LI":5000440,"CD_LI":5010056,"OCORRENCIA":1,"NM_LI":"Fazenda Morrinho","CD_SETOR":500560805000029,"SITUACAO":"Rural","CD_SIT":8,"CD_TIPO":null,"CD_AGLOM":null,"NM_AGLOM":null,"CD_TI":null,"TI_FUNAI":null,"NM_TI":null,"FASE":null,"C_CR_FUNAI":null,"N_CR_FUNAI":null,"ALD_FUNAI":null,"VAL_FUNAI":null,"ALD_SIASI":null,"VAL_SIASI":null,"AMZ_LEG":null,"LAT":-20.29542802714794,"LONG":-56.54384991669943,"fonte":"IBGE, Censo Demográfico 2022, Localidades Indígenas, arquivo atualizado em 19/09/2025","url_fonte":"https://geoftp.ibge.gov.br/organizacao_do_territorio/estrutura_territorial/localidades/localidades_indigenas_2022/"},"geometry":{"coordinates":[-56.54384991669943,-20.29542802714794],"type":"Point"}},{"type":"Feature","properties":{"CD_UF":50,"NM_UF":"Mato Grosso do Sul","CD_MUNIC":5002159,"NM_MUNIC":"Bodoquena","ID_LI":5000441,"CD_LI":5010023,"OCORRENCIA":1,"NM_LI":"Região da Pedra Branca","CD_SETOR":500215910000004,"SITUACAO":"Rural","CD_SIT":8,"CD_TIPO":null,"CD_AGLOM":null,"NM_AGLOM":null,"CD_TI":null,"TI_FUNAI":null,"NM_TI":null,"FASE":null,"C_CR_FUNAI":null,"N_CR_FUNAI":null,"ALD_FUNAI":null,"VAL_FUNAI":null,"ALD_SIASI":null,"VAL_SIASI":null,"AMZ_LEG":null,"LAT":-20.476155416076,"LONG":-56.89968083333333,"fonte":"IBGE, Censo Demográfico 2022, Localidades Indígenas, arquivo atualizado em 19/09/2025","url_fonte":"https://geoftp.ibge.gov.br/organizacao_do_territorio/estrutura_territorial/localidades/localidades_indigenas_2022/"},"geometry":{"coordinates":[-56.89968083333333,-20.476155416076],"type":"Point"}},{"type":"Feature","properties":{"CD_UF":50,"NM_UF":"Mato Grosso do Sul","CD_MUNIC":5002407,"NM_MUNIC":"Caarapó","ID_LI":5000445,"CD_LI":5010096,"OCORRENCIA":1,"NM_LI":"Aldeia Indígena Pay Tevy Terá","CD_SETOR":500240705000074,"SITUACAO":"Rural","CD_SIT":8,"CD_TIPO":null,"CD_AGLOM":null,"NM_AGLOM":null,"CD_TI":null,"TI_FUNAI":null,"NM_TI":null,"FASE":null,"C_CR_FUNAI":null,"N_CR_FUNAI":null,"ALD_FUNAI":null,"VAL_FUNAI":null,"ALD_SIASI":null,"VAL_SIASI":null,"AMZ_LEG":null,"LAT":-22.574704,"LONG":-54.90623803333333,"fonte":"IBGE, Censo Demográfico 2022, Localidades Indígenas, arquivo atualizado em 19/09/2025","url_fonte":"https://geoftp.ibge.gov.br/organizacao_do_territorio/estrutura_territorial/localidades/localidades_indigenas_2022/"},"geometry":{"coordinates":[-54.90623803333333,-22.574704],"type":"Point"}},{"type":"Feature","properties":{"CD_UF":50,"NM_UF":"Mato Grosso do Sul","CD_MUNIC":5001904,"NM_MUNIC":"Bataguassu","ID_LI":5000457,"CD_LI":5010046,"OCORRENCIA":1,"NM_LI":"Assentamento Santa Paula","CD_SETOR":500190405000050,"SITUACAO":"Rural","CD_SIT":8,"CD_TIPO":5.0,"CD_AGLOM":500190400011.0,"NM_AGLOM":"Aldeia Indígena Sem Denominação","CD_TI":null,"TI_FUNAI":null,"NM_TI":null,"FASE":null,"C_CR_FUNAI":null,"N_CR_FUNAI":null,"ALD_FUNAI":null,"VAL_FUNAI":null,"ALD_SIASI":null,"VAL_SIASI":null,"AMZ_LEG":null,"LAT":-21.7369360229682,"LONG":-52.456772526156,"fonte":"IBGE, Censo Demográfico 2022, Localidades Indígenas, arquivo atualizado em 19/09/2025","url_fonte":"https://geoftp.ibge.gov.br/organizacao_do_territorio/estrutura_territorial/localidades/localidades_indigenas_2022/"},"geometry":{"coordinates":[-52.456772526156,-21.7369360229682],"type":"Point"}},{"type":"Feature","properties":{"CD_UF":50,"NM_UF":"Mato Grosso do Sul","CD_MUNIC":5003702,"NM_MUNIC":"Dourados","ID_LI":5000458,"CD_LI":5010079,"OCORRENCIA":1,"NM_LI":"Aldeia Indígena Passo Piraju","CD_SETOR":500370205000295,"SITUACAO":"Rural","CD_SIT":8,"CD_TIPO":5.0,"CD_AGLOM":500370200009.0,"NM_AGLOM":"Aldeia Indígena Porto Cambira/Passo Piraju","CD_TI":null,"TI_FUNAI":null,"NM_TI":null,"FASE":null,"C_CR_FUNAI":null,"N_CR_FUNAI":null,"ALD_FUNAI":3172.0,"VAL_FUNAI":1.0,"ALD_SIASI":null,"VAL_SIASI":null,"AMZ_LEG":null,"LAT":-22.422504166666663,"LONG":-54.69418048333333,"fonte":"IBGE, Censo Demográfico 2022, Localidades Indígenas, arquivo atualizado em 19/09/2025","url_fonte":"https://geoftp.ibge.gov.br/organizacao_do_territorio/estrutura_territorial/localidades/localidades_indigenas_2022/"},"geometry":{"coordinates":[-54.69418048333333,-22.422504166666663],"type":"Point"}},{"type":"Feature","properties":{"CD_UF":50,"NM_UF":"Mato Grosso do Sul","CD_MUNIC":5005707,"NM_MUNIC":"Naviraí","ID_LI":5000462,"CD_LI":5010118,"OCORRENCIA":1,"NM_LI":"Comunidade Indígena Araguaia Juncal","CD_SETOR":500570705000146,"SITUACAO":"Rural","CD_SIT":8,"CD_TIPO":5.0,"CD_AGLOM":500570700005.0,"NM_AGLOM":"Aldeia Indígena Araguai Juncal","CD_TI":null,"TI_FUNAI":null,"NM_TI":null,"FASE":null,"C_CR_FUNAI":null,"N_CR_FUNAI":null,"ALD_FUNAI":3183.0,"VAL_FUNAI":1.0,"ALD_SIASI":null,"VAL_SIASI":null,"AMZ_LEG":null,"LAT":-22.90050535,"LONG":-54.283648024909205,"fonte":"IBGE, Censo Demográfico 2022, Localidades Indígenas, arquivo atualizado em 19/09/2025","url_fonte":"https://geoftp.ibge.gov.br/organizacao_do_territorio/estrutura_territorial/localidades/localidades_indigenas_2022/"},"geometry":{"coordinates":[-54.283648024909205,-22.90050535],"type":"Point"}},{"type":"Feature","properties":{"CD_UF":50,"NM_UF":"Mato Grosso do Sul","CD_MUNIC":5003504,"NM_MUNIC":"Douradina","ID_LI":5000463,"CD_LI":5010158,"OCORRENCIA":1,"NM_LI":"Aldeia Indígena Itay Ka'aguruyusu","CD_SETOR":500350410000004,"SITUACAO":"Rural","CD_SIT":8,"CD_TIPO":5.0,"CD_AGLOM":500350400002.0,"NM_AGLOM":"Aldeia Indígena Panambi / Lagoa Rica","CD_TI":null,"TI_FUNAI":null,"NM_TI":null,"FASE":null,"C_CR_FUNAI":null,"N_CR_FUNAI":null,"ALD_FUNAI":null,"VAL_FUNAI":null,"ALD_SIASI":null,"VAL_SIASI":null,"AMZ_LEG":null,"LAT":-21.98286081497726,"LONG":-54.630903114706,"fonte":"IBGE, Censo Demográfico 2022, Localidades Indígenas, arquivo atualizado em 19/09/2025","url_fonte":"https://geoftp.ibge.gov.br/organizacao_do_territorio/estrutura_territorial/localidades/localidades_indigenas_2022/"},"geometry":{"coordinates":[-54.630903114706,-21.98286081497726],"type":"Point"}},{"type":"Feature","properties":{"CD_UF":50,"NM_UF":"Mato Grosso do Sul","CD_MUNIC":5003702,"NM_MUNIC":"Dourados","ID_LI":5000464,"CD_LI":5010016,"OCORRENCIA":1,"NM_LI":"Comunidade Indígena Ñuvera Guassú","CD_SETOR":500370205000429,"SITUACAO":"Rural","CD_SIT":8,"CD_TIPO":5.0,"CD_AGLOM":500370200004.0,"NM_AGLOM":"Aldeia Indígena Nhuvera","CD_TI":null,"TI_FUNAI":null,"NM_TI":null,"FASE":null,"C_CR_FUNAI":null,"N_CR_FUNAI":null,"ALD_FUNAI":3167.0,"VAL_FUNAI":1.0,"ALD_SIASI":null,"VAL_SIASI":null,"AMZ_LEG":null,"LAT":-22.19483115,"LONG":-54.85741989360028,"fonte":"IBGE, Censo Demográfico 2022, Localidades Indígenas, arquivo atualizado em 19/09/2025","url_fonte":"https://geoftp.ibge.gov.br/organizacao_do_territorio/estrutura_territorial/localidades/localidades_indigenas_2022/"},"geometry":{"coordinates":[-54.85741989360028,-22.19483115],"type":"Point"}},{"type":"Feature","properties":{"CD_UF":50,"NM_UF":"Mato Grosso do Sul","CD_MUNIC":5003702,"NM_MUNIC":"Dourados","ID_LI":5000468,"CD_LI":5010159,"OCORRENCIA":1,"NM_LI":"Aldeia Indígena Apyka'i","CD_SETOR":500370205000327,"SITUACAO":"Rural","CD_SIT":8,"CD_TIPO":null,"CD_AGLOM":null,"NM_AGLOM":null,"CD_TI":null,"TI_FUNAI":null,"NM_TI":null,"FASE":null,"C_CR_FUNAI":null,"N_CR_FUNAI":null,"ALD_FUNAI":null,"VAL_FUNAI":null,"ALD_SIASI":null,"VAL_SIASI":null,"AMZ_LEG":null,"LAT":-22.254744442229168,"LONG":-54.87136045359812,"fonte":"IBGE, Censo Demográfico 2022, Localidades Indígenas, arquivo atualizado em 19/09/2025","url_fonte":"https://geoftp.ibge.gov.br/organizacao_do_territorio/estrutura_territorial/localidades/localidades_indigenas_2022/"},"geometry":{"coordinates":[-54.87136045359812,-22.254744442229168],"type":"Point"}},{"type":"Feature","properties":{"CD_UF":50,"NM_UF":"Mato Grosso do Sul","CD_MUNIC":5003504,"NM_MUNIC":"Douradina","ID_LI":5000470,"CD_LI":5010049,"OCORRENCIA":5,"NM_LI":"Aldeia Indígena Panambi Lagoa Rica","CD_SETOR":500350410000004,"SITUACAO":"Rural","CD_SIT":8,"CD_TIPO":5.0,"CD_AGLOM":500350400002.0,"NM_AGLOM":"Aldeia Indígena Panambi / Lagoa Rica","CD_TI":null,"TI_FUNAI":null,"NM_TI":null,"FASE":null,"C_CR_FUNAI":null,"N_CR_FUNAI":null,"ALD_FUNAI":33.0,"VAL_FUNAI":1.0,"ALD_SIASI":null,"VAL_SIASI":null,"AMZ_LEG":null,"LAT":-21.993888888889,"LONG":-54.645,"fonte":"IBGE, Censo Demográfico 2022, Localidades Indígenas, arquivo atualizado em 19/09/2025","url_fonte":"https://geoftp.ibge.gov.br/organizacao_do_territorio/estrutura_territorial/localidades/localidades_indigenas_2022/"},"geometry":{"coordinates":[-54.645,-21.993888888889],"type":"Point"}},{"type":"Feature","properties":{"CD_UF":50,"NM_UF":"Mato Grosso do Sul","CD_MUNIC":5004502,"NM_MUNIC":"Itaporã","ID_LI":5000472,"CD_LI":5010128,"OCORRENCIA":1,"NM_LI":"Itapotã","CD_SETOR":500450205000042,"SITUACAO":"Rural","CD_SIT":8,"CD_TIPO":null,"CD_AGLOM":null,"NM_AGLOM":null,"CD_TI":null,"TI_FUNAI":null,"NM_TI":null,"FASE":null,"C_CR_FUNAI":null,"N_CR_FUNAI":null,"ALD_FUNAI":null,"VAL_FUNAI":null,"ALD_SIASI":null,"VAL_SIASI":null,"AMZ_LEG":null,"LAT":-22.12800198854029,"LONG":-54.85879011078561,"fonte":"IBGE, Censo Demográfico 2022, Localidades Indígenas, arquivo atualizado em 19/09/2025","url_fonte":"https://geoftp.ibge.gov.br/organizacao_do_territorio/estrutura_territorial/localidades/localidades_indigenas_2022/"},"geometry":{"coordinates":[-54.85879011078561,-22.12800198854029],"type":"Point"}},{"type":"Feature","properties":{"CD_UF":50,"NM_UF":"Mato Grosso do Sul","CD_MUNIC":5003157,"NM_MUNIC":"Coronel Sapucaia","ID_LI":5000473,"CD_LI":5010103,"OCORRENCIA":1,"NM_LI":"Aldeia Indígena Kurussu Ambá 3","CD_SETOR":500315705000030,"SITUACAO":"Rural","CD_SIT":8,"CD_TIPO":5.0,"CD_AGLOM":500315700004.0,"NM_AGLOM":"Aldeia Indígena Kurussu Amba 3","CD_TI":null,"TI_FUNAI":null,"NM_TI":null,"FASE":null,"C_CR_FUNAI":null,"N_CR_FUNAI":null,"ALD_FUNAI":null,"VAL_FUNAI":null,"ALD_SIASI":null,"VAL_SIASI":null,"AMZ_LEG":null,"LAT":-23.299391310557976,"LONG":-55.30533097868671,"fonte":"IBGE, Censo Demográfico 2022, Localidades Indígenas, arquivo atualizado em 19/09/2025","url_fonte":"https://geoftp.ibge.gov.br/organizacao_do_territorio/estrutura_territorial/localidades/localidades_indigenas_2022/"},"geometry":{"coordinates":[-55.30533097868671,-23.299391310557976],"type":"Point"}},{"type":"Feature","properties":{"CD_UF":50,"NM_UF":"Mato Grosso do Sul","CD_MUNIC":5005004,"NM_MUNIC":"Jardim","ID_LI":5000474,"CD_LI":5010114,"OCORRENCIA":1,"NM_LI":"Aldeia Indígena Laranjal","CD_SETOR":500500405000054,"SITUACAO":"Rural","CD_SIT":8,"CD_TIPO":5.0,"CD_AGLOM":500500400003.0,"NM_AGLOM":"Aldeia Indígena Laranjal","CD_TI":null,"TI_FUNAI":null,"NM_TI":null,"FASE":null,"C_CR_FUNAI":null,"N_CR_FUNAI":null,"ALD_FUNAI":3180.0,"VAL_FUNAI":1.0,"ALD_SIASI":null,"VAL_SIASI":null,"AMZ_LEG":null,"LAT":-21.570324019862543,"LONG":-56.1679716,"fonte":"IBGE, Censo Demográfico 2022, Localidades Indígenas, arquivo atualizado em 19/09/2025","url_fonte":"https://geoftp.ibge.gov.br/organizacao_do_territorio/estrutura_territorial/localidades/localidades_indigenas_2022/"},"geometry":{"coordinates":[-56.1679716,-21.570324019862543],"type":"Point"}},{"type":"Feature","properties":{"CD_UF":50,"NM_UF":"Mato Grosso do Sul","CD_MUNIC":5003157,"NM_MUNIC":"Coronel Sapucaia","ID_LI":5000477,"CD_LI":5010148,"OCORRENCIA":1,"NM_LI":"Aldeia Indígena Kurussu Ambá 2","CD_SETOR":500315705000031,"SITUACAO":"Rural","CD_SIT":8,"CD_TIPO":5.0,"CD_AGLOM":500315700003.0,"NM_AGLOM":"Aldeia Indígena Kurussu Amba 2","CD_TI":null,"TI_FUNAI":null,"NM_TI":null,"FASE":null,"C_CR_FUNAI":null,"N_CR_FUNAI":null,"ALD_FUNAI":null,"VAL_FUNAI":null,"ALD_SIASI":null,"VAL_SIASI":null,"AMZ_LEG":null,"LAT":-23.27800486433963,"LONG":-55.31956190164977,"fonte":"IBGE, Censo Demográfico 2022, Localidades Indígenas, arquivo atualizado em 19/09/2025","url_fonte":"https://geoftp.ibge.gov.br/organizacao_do_territorio/estrutura_territorial/localidades/localidades_indigenas_2022/"},"geometry":{"coordinates":[-55.31956190164977,-23.27800486433963],"type":"Point"}},{"type":"Feature","properties":{"CD_UF":50,"NM_UF":"Mato Grosso do Sul","CD_MUNIC":5007901,"NM_MUNIC":"Sidrolândia","ID_LI":5000478,"CD_LI":5010144,"OCORRENCIA":1,"NM_LI":"Aldeia Indígena Tereré","CD_SETOR":500790105000055,"SITUACAO":"Urbana","CD_SIT":1,"CD_TIPO":null,"CD_AGLOM":null,"NM_AGLOM":null,"CD_TI":null,"TI_FUNAI":null,"NM_TI":null,"FASE":null,"C_CR_FUNAI":null,"N_CR_FUNAI":null,"ALD_FUNAI":null,"VAL_FUNAI":null,"ALD_SIASI":null,"VAL_SIASI":null,"AMZ_LEG":null,"LAT":-20.93835669447812,"LONG":-54.97621822222222,"fonte":"IBGE, Censo Demográfico 2022, Localidades Indígenas, arquivo atualizado em 19/09/2025","url_fonte":"https://geoftp.ibge.gov.br/organizacao_do_territorio/estrutura_territorial/localidades/localidades_indigenas_2022/"},"geometry":{"coordinates":[-54.97621822222222,-20.93835669447812],"type":"Point"}},{"type":"Feature","properties":{"CD_UF":50,"NM_UF":"Mato Grosso do Sul","CD_MUNIC":5007901,"NM_MUNIC":"Sidrolândia","ID_LI":5000480,"CD_LI":5010095,"OCORRENCIA":1,"NM_LI":"Aldeia Indígena Oliveira","CD_SETOR":500790105000055,"SITUACAO":"Urbana","CD_SIT":1,"CD_TIPO":null,"CD_AGLOM":null,"NM_AGLOM":null,"CD_TI":null,"TI_FUNAI":null,"NM_TI":null,"FASE":null,"C_CR_FUNAI":null,"N_CR_FUNAI":null,"ALD_FUNAI":null,"VAL_FUNAI":null,"ALD_SIASI":null,"VAL_SIASI":null,"AMZ_LEG":null,"LAT":-20.938838611144785,"LONG":-54.97910344444445,"fonte":"IBGE, Censo Demográfico 2022, Localidades Indígenas, arquivo atualizado em 19/09/2025","url_fonte":"https://geoftp.ibge.gov.br/organizacao_do_territorio/estrutura_territorial/localidades/localidades_indigenas_2022/"},"geometry":{"coordinates":[-54.97910344444445,-20.938838611144785],"type":"Point"}},{"type":"Feature","properties":{"CD_UF":50,"NM_UF":"Mato Grosso do Sul","CD_MUNIC":5002704,"NM_MUNIC":"Campo Grande","ID_LI":5000481,"CD_LI":5010092,"OCORRENCIA":1,"NM_LI":"Aldeia Indígena Professor Darcy Ribeiro","CD_SETOR":500270405070170,"SITUACAO":"Urbana","CD_SIT":1,"CD_TIPO":5.0,"CD_AGLOM":500270400002.0,"NM_AGLOM":"Aldeia Indígena Professor Darcy Ribeiro","CD_TI":null,"TI_FUNAI":null,"NM_TI":null,"FASE":null,"C_CR_FUNAI":null,"N_CR_FUNAI":null,"ALD_FUNAI":null,"VAL_FUNAI":null,"ALD_SIASI":null,"VAL_SIASI":null,"AMZ_LEG":null,"LAT":-20.465655305588385,"LONG":-54.53143602777778,"fonte":"IBGE, Censo Demográfico 2022, Localidades Indígenas, arquivo atualizado em 19/09/2025","url_fonte":"https://geoftp.ibge.gov.br/organizacao_do_territorio/estrutura_territorial/localidades/localidades_indigenas_2022/"},"geometry":{"coordinates":[-54.53143602777778,-20.465655305588385],"type":"Point"}},{"type":"Feature","properties":{"CD_UF":50,"NM_UF":"Mato Grosso do Sul","CD_MUNIC":5002704,"NM_MUNIC":"Campo Grande","ID_LI":5000482,"CD_LI":5010105,"OCORRENCIA":1,"NM_LI":"Aldeia Indígena Estrela do Amanhã","CD_SETOR":500270405070171,"SITUACAO":"Urbana","CD_SIT":1,"CD_TIPO":5.0,"CD_AGLOM":500270400016.0,"NM_AGLOM":"Aldeia Indígena Estrela do Amanhã","CD_TI":null,"TI_FUNAI":null,"NM_TI":null,"FASE":null,"C_CR_FUNAI":null,"N_CR_FUNAI":null,"ALD_FUNAI":null,"VAL_FUNAI":null,"ALD_SIASI":null,"VAL_SIASI":null,"AMZ_LEG":null,"LAT":-20.4668486,"LONG":-54.531877638022905,"fonte":"IBGE, Censo Demográfico 2022, Localidades Indígenas, arquivo atualizado em 19/09/2025","url_fonte":"https://geoftp.ibge.gov.br/organizacao_do_territorio/estrutura_territorial/localidades/localidades_indigenas_2022/"},"geometry":{"coordinates":[-54.531877638022905,-20.4668486],"type":"Point"}},{"type":"Feature","properties":{"CD_UF":50,"NM_UF":"Mato Grosso do Sul","CD_MUNIC":5002704,"NM_MUNIC":"Campo Grande","ID_LI":5000483,"CD_LI":5010152,"OCORRENCIA":1,"NM_LI":"Aldeia Indígena Marçal de Souza","CD_SETOR":500270405120023,"SITUACAO":"Urbana","CD_SIT":1,"CD_TIPO":5.0,"CD_AGLOM":500270400001.0,"NM_AGLOM":"Aldeia Indígena Marçal de Souza","CD_TI":null,"TI_FUNAI":null,"NM_TI":null,"FASE":null,"C_CR_FUNAI":null,"N_CR_FUNAI":null,"ALD_FUNAI":null,"VAL_FUNAI":null,"ALD_SIASI":null,"VAL_SIASI":null,"AMZ_LEG":null,"LAT":-20.469033333366166,"LONG":-54.57012747222223,"fonte":"IBGE, Censo Demográfico 2022, Localidades Indígenas, arquivo atualizado em 19/09/2025","url_fonte":"https://geoftp.ibge.gov.br/organizacao_do_territorio/estrutura_territorial/localidades/localidades_indigenas_2022/"},"geometry":{"coordinates":[-54.57012747222223,-20.469033333366166],"type":"Point"}},{"type":"Feature","properties":{"CD_UF":50,"NM_UF":"Mato Grosso do Sul","CD_MUNIC":5007901,"NM_MUNIC":"Sidrolândia","ID_LI":5000486,"CD_LI":5010088,"OCORRENCIA":1,"NM_LI":"Aldeia Indígena Tereré 2","CD_SETOR":500790105000056,"SITUACAO":"Urbana","CD_SIT":1,"CD_TIPO":5.0,"CD_AGLOM":500790100020.0,"NM_AGLOM":"Aldeia Indígena Nova Tereré","CD_TI":null,"TI_FUNAI":null,"NM_TI":null,"FASE":null,"C_CR_FUNAI":null,"N_CR_FUNAI":null,"ALD_FUNAI":null,"VAL_FUNAI":null,"ALD_SIASI":null,"VAL_SIASI":null,"AMZ_LEG":null,"LAT":-20.940499611144787,"LONG":-54.98039961111111,"fonte":"IBGE, Censo Demográfico 2022, Localidades Indígenas, arquivo atualizado em 19/09/2025","url_fonte":"https://geoftp.ibge.gov.br/organizacao_do_territorio/estrutura_territorial/localidades/localidades_indigenas_2022/"},"geometry":{"coordinates":[-54.98039961111111,-20.940499611144787],"type":"Point"}},{"type":"Feature","properties":{"CD_UF":50,"NM_UF":"Mato Grosso do Sul","CD_MUNIC":5000708,"NM_MUNIC":"Anastácio","ID_LI":5000487,"CD_LI":5010024,"OCORRENCIA":1,"NM_LI":"Aldeia Indígena Aldeinha","CD_SETOR":500070805000007,"SITUACAO":"Urbana","CD_SIT":1,"CD_TIPO":5.0,"CD_AGLOM":500070800001.0,"NM_AGLOM":"Aldeia Indígena Aldeinha","CD_TI":null,"TI_FUNAI":null,"NM_TI":null,"FASE":null,"C_CR_FUNAI":null,"N_CR_FUNAI":null,"ALD_FUNAI":null,"VAL_FUNAI":null,"ALD_SIASI":null,"VAL_SIASI":null,"AMZ_LEG":null,"LAT":-20.49013038892176,"LONG":-55.79741858333334,"fonte":"IBGE, Censo Demográfico 2022, Localidades Indígenas, arquivo atualizado em 19/09/2025","url_fonte":"https://geoftp.ibge.gov.br/organizacao_do_territorio/estrutura_territorial/localidades/localidades_indigenas_2022/"},"geometry":{"coordinates":[-55.79741858333334,-20.49013038892176],"type":"Point"}},{"type":"Feature","properties":{"CD_UF":50,"NM_UF":"Mato Grosso do Sul","CD_MUNIC":5007901,"NM_MUNIC":"Sidrolândia","ID_LI":5000488,"CD_LI":5010138,"OCORRENCIA":1,"NM_LI":"Aldeia Indígena Nova Nascente","CD_SETOR":500790105000071,"SITUACAO":"Urbana","CD_SIT":1,"CD_TIPO":5.0,"CD_AGLOM":500790100021.0,"NM_AGLOM":"Aldeia Indígena Nova Nascente","CD_TI":null,"TI_FUNAI":null,"NM_TI":null,"FASE":null,"C_CR_FUNAI":null,"N_CR_FUNAI":null,"ALD_FUNAI":null,"VAL_FUNAI":null,"ALD_SIASI":null,"VAL_SIASI":null,"AMZ_LEG":null,"LAT":-20.938012916700337,"LONG":-54.97987591666666,"fonte":"IBGE, Censo Demográfico 2022, Localidades Indígenas, arquivo atualizado em 19/09/2025","url_fonte":"https://geoftp.ibge.gov.br/organizacao_do_territorio/estrutura_territorial/localidades/localidades_indigenas_2022/"},"geometry":{"coordinates":[-54.97987591666666,-20.938012916700337],"type":"Point"}},{"type":"Feature","properties":{"CD_UF":50,"NM_UF":"Mato Grosso do Sul","CD_MUNIC":5002704,"NM_MUNIC":"Campo Grande","ID_LI":5000489,"CD_LI":5010124,"OCORRENCIA":1,"NM_LI":"Comunidade Indígena Tarsila do Amaral","CD_SETOR":500270405080224,"SITUACAO":"Urbana","CD_SIT":1,"CD_TIPO":5.0,"CD_AGLOM":500270400015.0,"NM_AGLOM":"Aldeia Indígena Vida Nova II","CD_TI":null,"TI_FUNAI":null,"NM_TI":null,"FASE":null,"C_CR_FUNAI":null,"N_CR_FUNAI":null,"ALD_FUNAI":null,"VAL_FUNAI":null,"ALD_SIASI":null,"VAL_SIASI":null,"AMZ_LEG":null,"LAT":-20.375255694477115,"LONG":-54.57493630555555,"fonte":"IBGE, Censo Demográfico 2022, Localidades Indígenas, arquivo atualizado em 19/09/2025","url_fonte":"https://geoftp.ibge.gov.br/organizacao_do_territorio/estrutura_territorial/localidades/localidades_indigenas_2022/"},"geometry":{"coordinates":[-54.57493630555555,-20.375255694477115],"type":"Point"}},{"type":"Feature","properties":{"CD_UF":50,"NM_UF":"Mato Grosso do Sul","CD_MUNIC":5002704,"NM_MUNIC":"Campo Grande","ID_LI":5000490,"CD_LI":5010123,"OCORRENCIA":1,"NM_LI":"Aldeia Indígena Terena Água Funda","CD_SETOR":500270405070157,"SITUACAO":"Urbana","CD_SIT":1,"CD_TIPO":5.0,"CD_AGLOM":500270400009.0,"NM_AGLOM":"Aldeia Indígena Terena Água Funda","CD_TI":null,"TI_FUNAI":null,"NM_TI":null,"FASE":null,"C_CR_FUNAI":null,"N_CR_FUNAI":null,"ALD_FUNAI":null,"VAL_FUNAI":null,"ALD_SIASI":null,"VAL_SIASI":null,"AMZ_LEG":null,"LAT":-20.44798055558836,"LONG":-54.52113419444444,"fonte":"IBGE, Censo Demográfico 2022, Localidades Indígenas, arquivo atualizado em 19/09/2025","url_fonte":"https://geoftp.ibge.gov.br/organizacao_do_territorio/estrutura_territorial/localidades/localidades_indigenas_2022/"},"geometry":{"coordinates":[-54.52113419444444,-20.44798055558836],"type":"Point"}},{"type":"Feature","properties":{"CD_UF":50,"NM_UF":"Mato Grosso do Sul","CD_MUNIC":5003702,"NM_MUNIC":"Dourados","ID_LI":5000491,"CD_LI":5010016,"OCORRENCIA":2,"NM_LI":"Comunidade Indígena Ñuvera Guassú","CD_SETOR":500370205000386,"SITUACAO":"Urbana","CD_SIT":2,"CD_TIPO":5.0,"CD_AGLOM":500370200004.0,"NM_AGLOM":"Aldeia Indígena Nhuvera","CD_TI":null,"TI_FUNAI":null,"NM_TI":null,"FASE":null,"C_CR_FUNAI":null,"N_CR_FUNAI":null,"ALD_FUNAI":3167.0,"VAL_FUNAI":1.0,"ALD_SIASI":null,"VAL_SIASI":null,"AMZ_LEG":null,"LAT":-22.20062052781372,"LONG":-54.85187144444444,"fonte":"IBGE, Censo Demográfico 2022, Localidades Indígenas, arquivo atualizado em 19/09/2025","url_fonte":"https://geoftp.ibge.gov.br/organizacao_do_territorio/estrutura_territorial/localidades/localidades_indigenas_2022/"},"geometry":{"coordinates":[-54.85187144444444,-22.20062052781372],"type":"Point"}},{"type":"Feature","properties":{"CD_UF":50,"NM_UF":"Mato Grosso do Sul","CD_MUNIC":5002704,"NM_MUNIC":"Campo Grande","ID_LI":5000492,"CD_LI":5010077,"OCORRENCIA":1,"NM_LI":"Comunidade Indígena Vida Nova","CD_SETOR":500270405090165,"SITUACAO":"Urbana","CD_SIT":1,"CD_TIPO":5.0,"CD_AGLOM":500270400010.0,"NM_AGLOM":"Aldeia Indígena Futuro das Crianças","CD_TI":null,"TI_FUNAI":null,"NM_TI":null,"FASE":null,"C_CR_FUNAI":null,"N_CR_FUNAI":null,"ALD_FUNAI":null,"VAL_FUNAI":null,"ALD_SIASI":null,"VAL_SIASI":null,"AMZ_LEG":null,"LAT":-20.460502611143934,"LONG":-54.71383344444445,"fonte":"IBGE, Censo Demográfico 2022, Localidades Indígenas, arquivo atualizado em 19/09/2025","url_fonte":"https://geoftp.ibge.gov.br/organizacao_do_territorio/estrutura_territorial/localidades/localidades_indigenas_2022/"},"geometry":{"coordinates":[-54.71383344444445,-20.460502611143934],"type":"Point"}},{"type":"Feature","properties":{"CD_UF":50,"NM_UF":"Mato Grosso do Sul","CD_MUNIC":5002704,"NM_MUNIC":"Campo Grande","ID_LI":5000493,"CD_LI":5010157,"OCORRENCIA":1,"NM_LI":"Comunidade Indígena Paravá","CD_SETOR":500270405090167,"SITUACAO":"Urbana","CD_SIT":1,"CD_TIPO":5.0,"CD_AGLOM":500270400011.0,"NM_AGLOM":"Aldeia Indígena Parava","CD_TI":null,"TI_FUNAI":null,"NM_TI":null,"FASE":null,"C_CR_FUNAI":null,"N_CR_FUNAI":null,"ALD_FUNAI":null,"VAL_FUNAI":null,"ALD_SIASI":null,"VAL_SIASI":null,"AMZ_LEG":null,"LAT":-20.45977141669949,"LONG":-54.70940086111112,"fonte":"IBGE, Censo Demográfico 2022, Localidades Indígenas, arquivo atualizado em 19/09/2025","url_fonte":"https://geoftp.ibge.gov.br/organizacao_do_territorio/estrutura_territorial/localidades/localidades_indigenas_2022/"},"geometry":{"coordinates":[-54.70940086111112,-20.45977141669949],"type":"Point"}},{"type":"Feature","properties":{"CD_UF":50,"NM_UF":"Mato Grosso do Sul","CD_MUNIC":5002704,"NM_MUNIC":"Campo Grande","ID_LI":5000496,"CD_LI":5010009,"OCORRENCIA":1,"NM_LI":"Aldeia Indígena Jardim Inápolis","CD_SETOR":500270405090115,"SITUACAO":"Urbana","CD_SIT":1,"CD_TIPO":5.0,"CD_AGLOM":500270400006.0,"NM_AGLOM":"Aldeia Indígena Jardim Inápolis","CD_TI":null,"TI_FUNAI":null,"NM_TI":null,"FASE":null,"C_CR_FUNAI":null,"N_CR_FUNAI":null,"ALD_FUNAI":null,"VAL_FUNAI":null,"ALD_SIASI":null,"VAL_SIASI":null,"AMZ_LEG":null,"LAT":-20.48327936114397,"LONG":-54.73403719444445,"fonte":"IBGE, Censo Demográfico 2022, Localidades Indígenas, arquivo atualizado em 19/09/2025","url_fonte":"https://geoftp.ibge.gov.br/organizacao_do_territorio/estrutura_territorial/localidades/localidades_indigenas_2022/"},"geometry":{"coordinates":[-54.73403719444445,-20.48327936114397],"type":"Point"}},{"type":"Feature","properties":{"CD_UF":50,"NM_UF":"Mato Grosso do Sul","CD_MUNIC":5005608,"NM_MUNIC":"Miranda","ID_LI":5000498,"CD_LI":5010151,"OCORRENCIA":1,"NM_LI":"Aldeia Indígena Imbiruçú","CD_SETOR":500560805000018,"SITUACAO":"Urbana","CD_SIT":1,"CD_TIPO":null,"CD_AGLOM":null,"NM_AGLOM":null,"CD_TI":null,"TI_FUNAI":null,"NM_TI":null,"FASE":null,"C_CR_FUNAI":null,"N_CR_FUNAI":null,"ALD_FUNAI":null,"VAL_FUNAI":null,"ALD_SIASI":null,"VAL_SIASI":null,"AMZ_LEG":null,"LAT":-20.26533875003248,"LONG":-56.373980805555554,"fonte":"IBGE, Censo Demográfico 2022, Localidades Indígenas, arquivo atualizado em 19/09/2025","url_fonte":"https://geoftp.ibge.gov.br/organizacao_do_territorio/estrutura_territorial/localidades/localidades_indigenas_2022/"},"geometry":{"coordinates":[-56.373980805555554,-20.26533875003248],"type":"Point"}},{"type":"Feature","properties":{"CD_UF":50,"NM_UF":"Mato Grosso do Sul","CD_MUNIC":5003702,"NM_MUNIC":"Dourados","ID_LI":5000500,"CD_LI":5010106,"OCORRENCIA":1,"NM_LI":"Comunidade Indígena Boqueirão","CD_SETOR":500370205000386,"SITUACAO":"Urbana","CD_SIT":2,"CD_TIPO":5.0,"CD_AGLOM":500370200004.0,"NM_AGLOM":"Aldeia Indígena Nhuvera","CD_TI":null,"TI_FUNAI":null,"NM_TI":null,"FASE":null,"C_CR_FUNAI":null,"N_CR_FUNAI":null,"ALD_FUNAI":3166.0,"VAL_FUNAI":1.0,"ALD_SIASI":52570.0,"VAL_SIASI":2.0,"AMZ_LEG":null,"LAT":-22.201243916702616,"LONG":-54.84908322222222,"fonte":"IBGE, Censo Demográfico 2022, Localidades Indígenas, arquivo atualizado em 19/09/2025","url_fonte":"https://geoftp.ibge.gov.br/organizacao_do_territorio/estrutura_territorial/localidades/localidades_indigenas_2022/"},"geometry":{"coordinates":[-54.84908322222222,-22.201243916702616],"type":"Point"}},{"type":"Feature","properties":{"CD_UF":50,"NM_UF":"Mato Grosso do Sul","CD_MUNIC":5003702,"NM_MUNIC":"Dourados","ID_LI":5000505,"CD_LI":5010067,"OCORRENCIA":1,"NM_LI":"Aldeia Indígena Nu Porã","CD_SETOR":500370205000447,"SITUACAO":"Urbana","CD_SIT":2,"CD_TIPO":5.0,"CD_AGLOM":500370200010.0,"NM_AGLOM":"Aldeia Indígena Nu Porã / N Porã","CD_TI":null,"TI_FUNAI":null,"NM_TI":null,"FASE":null,"C_CR_FUNAI":null,"N_CR_FUNAI":null,"ALD_FUNAI":null,"VAL_FUNAI":null,"ALD_SIASI":null,"VAL_SIASI":null,"AMZ_LEG":null,"LAT":-22.25004444448048,"LONG":-54.76907725,"fonte":"IBGE, Censo Demográfico 2022, Localidades Indígenas, arquivo atualizado em 19/09/2025","url_fonte":"https://geoftp.ibge.gov.br/organizacao_do_territorio/estrutura_territorial/localidades/localidades_indigenas_2022/"},"geometry":{"coordinates":[-54.76907725,-22.25004444448048],"type":"Point"}},{"type":"Feature","properties":{"CD_UF":50,"NM_UF":"Mato Grosso do Sul","CD_MUNIC":5002704,"NM_MUNIC":"Campo Grande","ID_LI":5000506,"CD_LI":5010042,"OCORRENCIA":1,"NM_LI":"Aldeia Indígena Nova Canaã","CD_SETOR":500270405070173,"SITUACAO":"Urbana","CD_SIT":1,"CD_TIPO":5.0,"CD_AGLOM":500270400017.0,"NM_AGLOM":"Aldeia Indígena Serraville","CD_TI":null,"TI_FUNAI":null,"NM_TI":null,"FASE":null,"C_CR_FUNAI":null,"N_CR_FUNAI":null,"ALD_FUNAI":null,"VAL_FUNAI":null,"ALD_SIASI":null,"VAL_SIASI":null,"AMZ_LEG":null,"LAT":-20.461977000032828,"LONG":-54.52092136111112,"fonte":"IBGE, Censo Demográfico 2022, Localidades Indígenas, arquivo atualizado em 19/09/2025","url_fonte":"https://geoftp.ibge.gov.br/organizacao_do_territorio/estrutura_territorial/localidades/localidades_indigenas_2022/"},"geometry":{"coordinates":[-54.52092136111112,-20.461977000032828],"type":"Point"}},{"type":"Feature","properties":{"CD_UF":50,"NM_UF":"Mato Grosso do Sul","CD_MUNIC":5003702,"NM_MUNIC":"Dourados","ID_LI":5000511,"CD_LI":5010075,"OCORRENCIA":2,"NM_LI":"Aldeia Indígena Yvy Vera","CD_SETOR":500370205000441,"SITUACAO":"Urbana","CD_SIT":2,"CD_TIPO":5.0,"CD_AGLOM":500370200005.0,"NM_AGLOM":"Aldeia Indígena Yvy Vera","CD_TI":null,"TI_FUNAI":null,"NM_TI":null,"FASE":null,"C_CR_FUNAI":null,"N_CR_FUNAI":null,"ALD_FUNAI":null,"VAL_FUNAI":null,"ALD_SIASI":null,"VAL_SIASI":null,"AMZ_LEG":null,"LAT":-22.185411638924805,"LONG":-54.83501019444444,"fonte":"IBGE, Censo Demográfico 2022, Localidades Indígenas, arquivo atualizado em 19/09/2025","url_fonte":"https://geoftp.ibge.gov.br/organizacao_do_territorio/estrutura_territorial/localidades/localidades_indigenas_2022/"},"geometry":{"coordinates":[-54.83501019444444,-22.185411638924805],"type":"Point"}},{"type":"Feature","properties":{"CD_UF":50,"NM_UF":"Mato Grosso do Sul","CD_MUNIC":5002704,"NM_MUNIC":"Campo Grande","ID_LI":5000515,"CD_LI":5010039,"OCORRENCIA":1,"NM_LI":"Comunidade Roda Velha","CD_SETOR":500270405090215,"SITUACAO":"Urbana","CD_SIT":1,"CD_TIPO":null,"CD_AGLOM":null,"NM_AGLOM":null,"CD_TI":null,"TI_FUNAI":null,"NM_TI":null,"FASE":null,"C_CR_FUNAI":null,"N_CR_FUNAI":null,"ALD_FUNAI":null,"VAL_FUNAI":null,"ALD_SIASI":null,"VAL_SIASI":null,"AMZ_LEG":null,"LAT":-20.47952133333333,"LONG":-54.74758601666667,"fonte":"IBGE, Censo Demográfico 2022, Localidades Indígenas, arquivo atualizado em 19/09/2025","url_fonte":"https://geoftp.ibge.gov.br/organizacao_do_territorio/estrutura_territorial/localidades/localidades_indigenas_2022/"},"geometry":{"coordinates":[-54.74758601666667,-20.47952133333333],"type":"Point"}},{"type":"Feature","properties":{"CD_UF":50,"NM_UF":"Mato Grosso do Sul","CD_MUNIC":5002704,"NM_MUNIC":"Campo Grande","ID_LI":5000517,"CD_LI":5010137,"OCORRENCIA":1,"NM_LI":"Comunidade Indígena Urbana Jardim Aeroporto","CD_SETOR":500270405090127,"SITUACAO":"Urbana","CD_SIT":1,"CD_TIPO":null,"CD_AGLOM":null,"NM_AGLOM":null,"CD_TI":null,"TI_FUNAI":null,"NM_TI":null,"FASE":null,"C_CR_FUNAI":null,"N_CR_FUNAI":null,"ALD_FUNAI":null,"VAL_FUNAI":null,"ALD_SIASI":null,"VAL_SIASI":null,"AMZ_LEG":null,"LAT":-20.444447972255013,"LONG":-54.68866444444444,"fonte":"IBGE, Censo Demográfico 2022, Localidades Indígenas, arquivo atualizado em 19/09/2025","url_fonte":"https://geoftp.ibge.gov.br/organizacao_do_territorio/estrutura_territorial/localidades/localidades_indigenas_2022/"},"geometry":{"coordinates":[-54.68866444444444,-20.444447972255013],"type":"Point"}},{"type":"Feature","properties":{"CD_UF":50,"NM_UF":"Mato Grosso do Sul","CD_MUNIC":5005707,"NM_MUNIC":"Naviraí","ID_LI":5000518,"CD_LI":5010109,"OCORRENCIA":1,"NM_LI":"Comunidade Indígena Mboveriy","CD_SETOR":500570705000156,"SITUACAO":"Urbana","CD_SIT":1,"CD_TIPO":5.0,"CD_AGLOM":500570700006.0,"NM_AGLOM":"Aldeia Indígena Sem Denominação","CD_TI":null,"TI_FUNAI":null,"NM_TI":null,"FASE":null,"C_CR_FUNAI":null,"N_CR_FUNAI":null,"ALD_FUNAI":null,"VAL_FUNAI":null,"ALD_SIASI":null,"VAL_SIASI":null,"AMZ_LEG":null,"LAT":-23.056373333370846,"LONG":-54.21270166666666,"fonte":"IBGE, Censo Demográfico 2022, Localidades Indígenas, arquivo atualizado em 19/09/2025","url_fonte":"https://geoftp.ibge.gov.br/organizacao_do_territorio/estrutura_territorial/localidades/localidades_indigenas_2022/"},"geometry":{"coordinates":[-54.21270166666666,-23.056373333370846],"type":"Point"}},{"type":"Feature","properties":{"CD_UF":50,"NM_UF":"Mato Grosso do Sul","CD_MUNIC":5003702,"NM_MUNIC":"Dourados","ID_LI":5000525,"CD_LI":5010075,"OCORRENCIA":3,"NM_LI":"Aldeia Indígena Yvy Vera","CD_SETOR":500370205000441,"SITUACAO":"Urbana","CD_SIT":2,"CD_TIPO":5.0,"CD_AGLOM":500370200005.0,"NM_AGLOM":"Aldeia Indígena Yvy Vera","CD_TI":null,"TI_FUNAI":null,"NM_TI":null,"FASE":null,"C_CR_FUNAI":null,"N_CR_FUNAI":null,"ALD_FUNAI":null,"VAL_FUNAI":null,"ALD_SIASI":null,"VAL_SIASI":null,"AMZ_LEG":null,"LAT":-22.188649944480368,"LONG":-54.82751786111111,"fonte":"IBGE, Censo Demográfico 2022, Localidades Indígenas, arquivo atualizado em 19/09/2025","url_fonte":"https://geoftp.ibge.gov.br/organizacao_do_territorio/estrutura_territorial/localidades/localidades_indigenas_2022/"},"geometry":{"coordinates":[-54.82751786111111,-22.188649944480368],"type":"Point"}},{"type":"Feature","properties":{"CD_UF":50,"NM_UF":"Mato Grosso do Sul","CD_MUNIC":5005707,"NM_MUNIC":"Naviraí","ID_LI":5000530,"CD_LI":5010109,"OCORRENCIA":2,"NM_LI":"Comunidade Indígena Mboveriy","CD_SETOR":500570705000156,"SITUACAO":"Urbana","CD_SIT":1,"CD_TIPO":5.0,"CD_AGLOM":500570700006.0,"NM_AGLOM":"Aldeia Indígena Sem Denominação","CD_TI":null,"TI_FUNAI":null,"NM_TI":null,"FASE":null,"C_CR_FUNAI":null,"N_CR_FUNAI":null,"ALD_FUNAI":null,"VAL_FUNAI":null,"ALD_SIASI":null,"VAL_SIASI":null,"AMZ_LEG":null,"LAT":-23.05440830559307,"LONG":-54.211043333333336,"fonte":"IBGE, Censo Demográfico 2022, Localidades Indígenas, arquivo atualizado em 19/09/2025","url_fonte":"https://geoftp.ibge.gov.br/organizacao_do_territorio/estrutura_territorial/localidades/localidades_indigenas_2022/"},"geometry":{"coordinates":[-54.211043333333336,-23.05440830559307],"type":"Point"}},{"type":"Feature","properties":{"CD_UF":50,"NM_UF":"Mato Grosso do Sul","CD_MUNIC":5001243,"NM_MUNIC":"Aral Moreira","ID_LI":5000537,"CD_LI":5010113,"OCORRENCIA":1,"NM_LI":"Aldeia Indígena Guarani Kaiowá","CD_SETOR":500124305000029,"SITUACAO":"Urbana","CD_SIT":1,"CD_TIPO":5.0,"CD_AGLOM":500124300007.0,"NM_AGLOM":"Aldeia Indígena Guarani Kaiowá","CD_TI":null,"TI_FUNAI":null,"NM_TI":null,"FASE":null,"C_CR_FUNAI":null,"N_CR_FUNAI":null,"ALD_FUNAI":null,"VAL_FUNAI":null,"ALD_SIASI":null,"VAL_SIASI":null,"AMZ_LEG":null,"LAT":-22.939637916703965,"LONG":-55.62595833333333,"fonte":"IBGE, Censo Demográfico 2022, Localidades Indígenas, arquivo atualizado em 19/09/2025","url_fonte":"https://geoftp.ibge.gov.br/organizacao_do_territorio/estrutura_territorial/localidades/localidades_indigenas_2022/"},"geometry":{"coordinates":[-55.62595833333333,-22.939637916703965],"type":"Point"}},{"type":"Feature","properties":{"CD_UF":50,"NM_UF":"Mato Grosso do Sul","CD_MUNIC":5005707,"NM_MUNIC":"Naviraí","ID_LI":5000542,"CD_LI":5010100,"OCORRENCIA":1,"NM_LI":"Comunidade Indígena Romero Benites","CD_SETOR":500570705000152,"SITUACAO":"Urbana","CD_SIT":1,"CD_TIPO":5.0,"CD_AGLOM":500570700006.0,"NM_AGLOM":"Aldeia Indígena Sem Denominação","CD_TI":null,"TI_FUNAI":null,"NM_TI":null,"FASE":null,"C_CR_FUNAI":null,"N_CR_FUNAI":null,"ALD_FUNAI":null,"VAL_FUNAI":null,"ALD_SIASI":null,"VAL_SIASI":null,"AMZ_LEG":null,"LAT":-23.05355500003751,"LONG":-54.213031666666666,"fonte":"IBGE, Censo Demográfico 2022, Localidades Indígenas, arquivo atualizado em 19/09/2025","url_fonte":"https://geoftp.ibge.gov.br/organizacao_do_territorio/estrutura_territorial/localidades/localidades_indigenas_2022/"},"geometry":{"coordinates":[-54.213031666666666,-23.05355500003751],"type":"Point"}},{"type":"Feature","properties":{"CD_UF":50,"NM_UF":"Mato Grosso do Sul","CD_MUNIC":5000708,"NM_MUNIC":"Anastácio","ID_LI":5000544,"CD_LI":5010071,"OCORRENCIA":1,"NM_LI":"Vila Umbelina","CD_SETOR":500070805000005,"SITUACAO":"Urbana","CD_SIT":1,"CD_TIPO":null,"CD_AGLOM":null,"NM_AGLOM":null,"CD_TI":null,"TI_FUNAI":null,"NM_TI":null,"FASE":null,"C_CR_FUNAI":null,"N_CR_FUNAI":null,"ALD_FUNAI":null,"VAL_FUNAI":null,"ALD_SIASI":null,"VAL_SIASI":null,"AMZ_LEG":null,"LAT":-20.489462361143985,"LONG":-55.7993511111111,"fonte":"IBGE, Censo Demográfico 2022, Localidades Indígenas, arquivo atualizado em 19/09/2025","url_fonte":"https://geoftp.ibge.gov.br/organizacao_do_territorio/estrutura_territorial/localidades/localidades_indigenas_2022/"},"geometry":{"coordinates":[-55.7993511111111,-20.489462361143985],"type":"Point"}},{"type":"Feature","properties":{"CD_UF":50,"NM_UF":"Mato Grosso do Sul","CD_MUNIC":5002704,"NM_MUNIC":"Campo Grande","ID_LI":5000549,"CD_LI":5010124,"OCORRENCIA":2,"NM_LI":"Comunidade Indígena Tarsila do Amaral","CD_SETOR":500270405080222,"SITUACAO":"Urbana","CD_SIT":1,"CD_TIPO":5.0,"CD_AGLOM":500270400015.0,"NM_AGLOM":"Aldeia Indígena Vida Nova II","CD_TI":null,"TI_FUNAI":null,"NM_TI":null,"FASE":null,"C_CR_FUNAI":null,"N_CR_FUNAI":null,"ALD_FUNAI":null,"VAL_FUNAI":null,"ALD_SIASI":null,"VAL_SIASI":null,"AMZ_LEG":null,"LAT":-20.37728033336601,"LONG":-54.57593913888889,"fonte":"IBGE, Censo Demográfico 2022, Localidades Indígenas, arquivo atualizado em 19/09/2025","url_fonte":"https://geoftp.ibge.gov.br/organizacao_do_territorio/estrutura_territorial/localidades/localidades_indigenas_2022/"},"geometry":{"coordinates":[-54.57593913888889,-20.37728033336601],"type":"Point"}},{"type":"Feature","properties":{"CD_UF":50,"NM_UF":"Mato Grosso do Sul","CD_MUNIC":5007901,"NM_MUNIC":"Sidrolândia","ID_LI":5000553,"CD_LI":5010144,"OCORRENCIA":3,"NM_LI":"Aldeia Indígena Tereré","CD_SETOR":500790105000084,"SITUACAO":"Urbana","CD_SIT":1,"CD_TIPO":5.0,"CD_AGLOM":500790100024.0,"NM_AGLOM":"Aldeia Indígena Tereré","CD_TI":null,"TI_FUNAI":null,"NM_TI":null,"FASE":null,"C_CR_FUNAI":null,"N_CR_FUNAI":null,"ALD_FUNAI":null,"VAL_FUNAI":null,"ALD_SIASI":null,"VAL_SIASI":null,"AMZ_LEG":null,"LAT":-20.941266611144787,"LONG":-54.97940825,"fonte":"IBGE, Censo Demográfico 2022, Localidades Indígenas, arquivo atualizado em 19/09/2025","url_fonte":"https://geoftp.ibge.gov.br/organizacao_do_territorio/estrutura_territorial/localidades/localidades_indigenas_2022/"},"geometry":{"coordinates":[-54.97940825,-20.941266611144787],"type":"Point"}},{"type":"Feature","properties":{"CD_UF":50,"NM_UF":"Mato Grosso do Sul","CD_MUNIC":5003702,"NM_MUNIC":"Dourados","ID_LI":5000567,"CD_LI":5010075,"OCORRENCIA":4,"NM_LI":"Aldeia Indígena Yvy Vera","CD_SETOR":500370205000441,"SITUACAO":"Urbana","CD_SIT":2,"CD_TIPO":5.0,"CD_AGLOM":500370200005.0,"NM_AGLOM":"Aldeia Indígena Yvy Vera","CD_TI":null,"TI_FUNAI":null,"NM_TI":null,"FASE":null,"C_CR_FUNAI":null,"N_CR_FUNAI":null,"ALD_FUNAI":null,"VAL_FUNAI":null,"ALD_SIASI":null,"VAL_SIASI":null,"AMZ_LEG":null,"LAT":-22.18415330559148,"LONG":-54.82897580555556,"fonte":"IBGE, Censo Demográfico 2022, Localidades Indígenas, arquivo atualizado em 19/09/2025","url_fonte":"https://geoftp.ibge.gov.br/organizacao_do_territorio/estrutura_territorial/localidades/localidades_indigenas_2022/"},"geometry":{"coordinates":[-54.82897580555556,-22.18415330559148],"type":"Point"}},{"type":"Feature","properties":{"CD_UF":50,"NM_UF":"Mato Grosso do Sul","CD_MUNIC":5003702,"NM_MUNIC":"Dourados","ID_LI":5000575,"CD_LI":5010075,"OCORRENCIA":5,"NM_LI":"Aldeia Indígena Yvy Vera","CD_SETOR":500370205000441,"SITUACAO":"Urbana","CD_SIT":2,"CD_TIPO":5.0,"CD_AGLOM":500370200005.0,"NM_AGLOM":"Aldeia Indígena Yvy Vera","CD_TI":null,"TI_FUNAI":null,"NM_TI":null,"FASE":null,"C_CR_FUNAI":null,"N_CR_FUNAI":null,"ALD_FUNAI":null,"VAL_FUNAI":null,"ALD_SIASI":null,"VAL_SIASI":null,"AMZ_LEG":null,"LAT":-22.184301777813697,"LONG":-54.83188022222223,"fonte":"IBGE, Censo Demográfico 2022, Localidades Indígenas, arquivo atualizado em 19/09/2025","url_fonte":"https://geoftp.ibge.gov.br/organizacao_do_territorio/estrutura_territorial/localidades/localidades_indigenas_2022/"},"geometry":{"coordinates":[-54.83188022222223,-22.184301777813697],"type":"Point"}},{"type":"Feature","properties":{"CD_UF":50,"NM_UF":"Mato Grosso do Sul","CD_MUNIC":5002704,"NM_MUNIC":"Campo Grande","ID_LI":5000596,"CD_LI":5010137,"OCORRENCIA":2,"NM_LI":"Comunidade Indígena Urbana Jardim Aeroporto","CD_SETOR":500270405090127,"SITUACAO":"Urbana","CD_SIT":1,"CD_TIPO":null,"CD_AGLOM":null,"NM_AGLOM":null,"CD_TI":null,"TI_FUNAI":null,"NM_TI":null,"FASE":null,"C_CR_FUNAI":null,"N_CR_FUNAI":null,"ALD_FUNAI":null,"VAL_FUNAI":null,"ALD_SIASI":null,"VAL_SIASI":null,"AMZ_LEG":null,"LAT":-20.44441066669946,"LONG":-54.69093608333333,"fonte":"IBGE, Censo Demográfico 2022, Localidades Indígenas, arquivo atualizado em 19/09/2025","url_fonte":"https://geoftp.ibge.gov.br/organizacao_do_territorio/estrutura_territorial/localidades/localidades_indigenas_2022/"},"geometry":{"coordinates":[-54.69093608333333,-20.44441066669946],"type":"Point"}},{"type":"Feature","properties":{"CD_UF":50,"NM_UF":"Mato Grosso do Sul","CD_MUNIC":5002704,"NM_MUNIC":"Campo Grande","ID_LI":5000597,"CD_LI":5010124,"OCORRENCIA":3,"NM_LI":"Comunidade Indígena Tarsila do Amaral","CD_SETOR":500270405080306,"SITUACAO":"Urbana","CD_SIT":1,"CD_TIPO":null,"CD_AGLOM":null,"NM_AGLOM":null,"CD_TI":null,"TI_FUNAI":null,"NM_TI":null,"FASE":null,"C_CR_FUNAI":null,"N_CR_FUNAI":null,"ALD_FUNAI":null,"VAL_FUNAI":null,"ALD_SIASI":null,"VAL_SIASI":null,"AMZ_LEG":null,"LAT":-20.37847461114379,"LONG":-54.57405441666667,"fonte":"IBGE, Censo Demográfico 2022, Localidades Indígenas, arquivo atualizado em 19/09/2025","url_fonte":"https://geoftp.ibge.gov.br/organizacao_do_territorio/estrutura_territorial/localidades/localidades_indigenas_2022/"},"geometry":{"coordinates":[-54.57405441666667,-20.37847461114379],"type":"Point"}},{"type":"Feature","properties":{"CD_UF":50,"NM_UF":"Mato Grosso do Sul","CD_MUNIC":5003702,"NM_MUNIC":"Dourados","ID_LI":5000599,"CD_LI":5010032,"OCORRENCIA":5,"NM_LI":"Aldeia Indígena Bororó","CD_SETOR":500370205000386,"SITUACAO":"Urbana","CD_SIT":2,"CD_TIPO":5.0,"CD_AGLOM":500370200004.0,"NM_AGLOM":"Aldeia Indígena Nhuvera","CD_TI":null,"TI_FUNAI":null,"NM_TI":null,"FASE":null,"C_CR_FUNAI":null,"N_CR_FUNAI":null,"ALD_FUNAI":null,"VAL_FUNAI":null,"ALD_SIASI":49930.0,"VAL_SIASI":2.0,"AMZ_LEG":null,"LAT":-22.20170133336928,"LONG":-54.85092341666667,"fonte":"IBGE, Censo Demográfico 2022, Localidades Indígenas, arquivo atualizado em 19/09/2025","url_fonte":"https://geoftp.ibge.gov.br/organizacao_do_territorio/estrutura_territorial/localidades/localidades_indigenas_2022/"},"geometry":{"coordinates":[-54.85092341666667,-22.20170133336928],"type":"Point"}},{"type":"Feature","properties":{"CD_UF":50,"NM_UF":"Mato Grosso do Sul","CD_MUNIC":5003702,"NM_MUNIC":"Dourados","ID_LI":5000605,"CD_LI":5010075,"OCORRENCIA":6,"NM_LI":"Aldeia Indígena Yvy Vera","CD_SETOR":500370205000441,"SITUACAO":"Urbana","CD_SIT":2,"CD_TIPO":5.0,"CD_AGLOM":500370200005.0,"NM_AGLOM":"Aldeia Indígena Yvy Vera","CD_TI":null,"TI_FUNAI":null,"NM_TI":null,"FASE":null,"C_CR_FUNAI":null,"N_CR_FUNAI":null,"ALD_FUNAI":null,"VAL_FUNAI":null,"ALD_SIASI":null,"VAL_SIASI":null,"AMZ_LEG":null,"LAT":-22.186560638924814,"LONG":-54.8318573888889,"fonte":"IBGE, Censo Demográfico 2022, Localidades Indígenas, arquivo atualizado em 19/09/2025","url_fonte":"https://geoftp.ibge.gov.br/organizacao_do_territorio/estrutura_territorial/localidades/localidades_indigenas_2022/"},"geometry":{"coordinates":[-54.8318573888889,-22.186560638924814],"type":"Point"}},{"type":"Feature","properties":{"CD_UF":50,"NM_UF":"Mato Grosso do Sul","CD_MUNIC":5002704,"NM_MUNIC":"Campo Grande","ID_LI":5000614,"CD_LI":5010137,"OCORRENCIA":3,"NM_LI":"Comunidade Indígena Urbana Jardim Aeroporto","CD_SETOR":500270405090229,"SITUACAO":"Urbana","CD_SIT":1,"CD_TIPO":null,"CD_AGLOM":null,"NM_AGLOM":null,"CD_TI":null,"TI_FUNAI":null,"NM_TI":null,"FASE":null,"C_CR_FUNAI":null,"N_CR_FUNAI":null,"ALD_FUNAI":null,"VAL_FUNAI":null,"ALD_SIASI":null,"VAL_SIASI":null,"AMZ_LEG":null,"LAT":-20.440515277810565,"LONG":-54.69032997222222,"fonte":"IBGE, Censo Demográfico 2022, Localidades Indígenas, arquivo atualizado em 19/09/2025","url_fonte":"https://geoftp.ibge.gov.br/organizacao_do_territorio/estrutura_territorial/localidades/localidades_indigenas_2022/"},"geometry":{"coordinates":[-54.69032997222222,-20.440515277810565],"type":"Point"}},{"type":"Feature","properties":{"CD_UF":50,"NM_UF":"Mato Grosso do Sul","CD_MUNIC":5003702,"NM_MUNIC":"Dourados","ID_LI":5000673,"CD_LI":5010002,"OCORRENCIA":1,"NM_LI":"Aldeia Indígena Caiuas","CD_SETOR":500370205000316,"SITUACAO":"Urbana","CD_SIT":2,"CD_TIPO":null,"CD_AGLOM":null,"NM_AGLOM":null,"CD_TI":null,"TI_FUNAI":null,"NM_TI":null,"FASE":null,"C_CR_FUNAI":null,"N_CR_FUNAI":null,"ALD_FUNAI":null,"VAL_FUNAI":null,"ALD_SIASI":null,"VAL_SIASI":null,"AMZ_LEG":null,"LAT":-22.19706861114705,"LONG":-54.786980694444445,"fonte":"IBGE, Censo Demográfico 2022, Localidades Indígenas, arquivo atualizado em 19/09/2025","url_fonte":"https://geoftp.ibge.gov.br/organizacao_do_territorio/estrutura_territorial/localidades/localidades_indigenas_2022/"},"geometry":{"coordinates":[-54.786980694444445,-22.19706861114705],"type":"Point"}},{"type":"Feature","properties":{"CD_UF":50,"NM_UF":"Mato Grosso do Sul","CD_MUNIC":5005806,"NM_MUNIC":"Nioaque","ID_LI":5000674,"CD_LI":5010004,"OCORRENCIA":1,"NM_LI":"Bairro Bahia","CD_SETOR":500580605000048,"SITUACAO":"Urbana","CD_SIT":1,"CD_TIPO":null,"CD_AGLOM":null,"NM_AGLOM":null,"CD_TI":null,"TI_FUNAI":null,"NM_TI":null,"FASE":null,"C_CR_FUNAI":null,"N_CR_FUNAI":null,"ALD_FUNAI":null,"VAL_FUNAI":null,"ALD_SIASI":null,"VAL_SIASI":null,"AMZ_LEG":null,"LAT":-21.173657027811863,"LONG":-55.82923677777777,"fonte":"IBGE, Censo Demográfico 2022, Localidades Indígenas, arquivo atualizado em 19/09/2025","url_fonte":"https://geoftp.ibge.gov.br/organizacao_do_territorio/estrutura_territorial/localidades/localidades_indigenas_2022/"},"geometry":{"coordinates":[-55.82923677777777,-21.173657027811863],"type":"Point"}},{"type":"Feature","properties":{"CD_UF":50,"NM_UF":"Mato Grosso do Sul","CD_MUNIC":5003702,"NM_MUNIC":"Dourados","ID_LI":5000695,"CD_LI":5010074,"OCORRENCIA":1,"NM_LI":"Aldeia Indígena Yvy Poty Rory","CD_SETOR":500370205000316,"SITUACAO":"Urbana","CD_SIT":2,"CD_TIPO":null,"CD_AGLOM":null,"NM_AGLOM":null,"CD_TI":null,"TI_FUNAI":null,"NM_TI":null,"FASE":null,"C_CR_FUNAI":null,"N_CR_FUNAI":null,"ALD_FUNAI":null,"VAL_FUNAI":null,"ALD_SIASI":null,"VAL_SIASI":null,"AMZ_LEG":null,"LAT":-22.19726169448038,"LONG":-54.80078533333333,"fonte":"IBGE, Censo Demográfico 2022, Localidades Indígenas, arquivo atualizado em 19/09/2025","url_fonte":"https://geoftp.ibge.gov.br/organizacao_do_territorio/estrutura_territorial/localidades/localidades_indigenas_2022/"},"geometry":{"coordinates":[-54.80078533333333,-22.19726169448038],"type":"Point"}},{"type":"Feature","properties":{"CD_UF":50,"NM_UF":"Mato Grosso do Sul","CD_MUNIC":5007208,"NM_MUNIC":"Rio Brilhante","ID_LI":5000700,"CD_LI":5010149,"OCORRENCIA":1,"NM_LI":"Aldeia Indígena Coquerito","CD_SETOR":500720810000007,"SITUACAO":"Urbana","CD_SIT":1,"CD_TIPO":5.0,"CD_AGLOM":500720800012.0,"NM_AGLOM":"Aldeia Indígena Coquerito","CD_TI":null,"TI_FUNAI":null,"NM_TI":null,"FASE":null,"C_CR_FUNAI":null,"N_CR_FUNAI":null,"ALD_FUNAI":null,"VAL_FUNAI":null,"ALD_SIASI":null,"VAL_SIASI":null,"AMZ_LEG":null,"LAT":-21.657350694479405,"LONG":-54.43868063888889,"fonte":"IBGE, Censo Demográfico 2022, Localidades Indígenas, arquivo atualizado em 19/09/2025","url_fonte":"https://geoftp.ibge.gov.br/organizacao_do_territorio/estrutura_territorial/localidades/localidades_indigenas_2022/"},"geometry":{"coordinates":[-54.43868063888889,-21.657350694479405],"type":"Point"}},{"type":"Feature","properties":{"CD_UF":50,"NM_UF":"Mato Grosso do Sul","CD_MUNIC":5000708,"NM_MUNIC":"Anastácio","ID_LI":5000701,"CD_LI":5010112,"OCORRENCIA":1,"NM_LI":"Jardim Progresso","CD_SETOR":500070805000022,"SITUACAO":"Urbana","CD_SIT":1,"CD_TIPO":null,"CD_AGLOM":null,"NM_AGLOM":null,"CD_TI":null,"TI_FUNAI":null,"NM_TI":null,"FASE":null,"C_CR_FUNAI":null,"N_CR_FUNAI":null,"ALD_FUNAI":null,"VAL_FUNAI":null,"ALD_SIASI":null,"VAL_SIASI":null,"AMZ_LEG":null,"LAT":-20.496763222255108,"LONG":-55.79074644444445,"fonte":"IBGE, Censo Demográfico 2022, Localidades Indígenas, arquivo atualizado em 19/09/2025","url_fonte":"https://geoftp.ibge.gov.br/organizacao_do_territorio/estrutura_territorial/localidades/localidades_indigenas_2022/"},"geometry":{"coordinates":[-55.79074644444445,-20.496763222255108],"type":"Point"}},{"type":"Feature","properties":{"CD_UF":50,"NM_UF":"Mato Grosso do Sul","CD_MUNIC":5002308,"NM_MUNIC":"Brasilândia","ID_LI":5000703,"CD_LI":5010162,"OCORRENCIA":1,"NM_LI":"Aldeia Indígena Ofayé-Xavante 2","CD_SETOR":500230805000028,"SITUACAO":"Rural","CD_SIT":8,"CD_TIPO":null,"CD_AGLOM":null,"NM_AGLOM":null,"CD_TI":50168.0,"TI_FUNAI":31401.0,"NM_TI":"Ofayé-Xavante","FASE":"Declarada","C_CR_FUNAI":30202002004.0,"N_CR_FUNAI":"Campo Grande","ALD_FUNAI":null,"VAL_FUNAI":null,"ALD_SIASI":null,"VAL_SIASI":null,"AMZ_LEG":null,"LAT":-21.27244809657209,"LONG":-52.15606811785148,"fonte":"IBGE, Censo Demográfico 2022, Localidades Indígenas, arquivo atualizado em 19/09/2025","url_fonte":"https://geoftp.ibge.gov.br/organizacao_do_territorio/estrutura_territorial/localidades/localidades_indigenas_2022/"},"geometry":{"coordinates":[-52.15606811785148,-21.27244809657209],"type":"Point"}},{"type":"Feature","properties":{"CD_UF":50,"NM_UF":"Mato Grosso do Sul","CD_MUNIC":5002407,"NM_MUNIC":"Caarapó","ID_LI":5000054,"CD_LI":5010006,"OCORRENCIA":1,"NM_LI":"Aldeia Indígena Te'ýi Kuê","CD_SETOR":500240705000047,"SITUACAO":"Rural","CD_SIT":8,"CD_TIPO":5.0,"CD_AGLOM":500240700005.0,"NM_AGLOM":"Aldeia Indígena Te Yi Kuê","CD_TI":7293.0,"TI_FUNAI":7201.0,"NM_TI":"Caarapó","FASE":"Regularizada","C_CR_FUNAI":30202002011.0,"N_CR_FUNAI":"Dourados","ALD_FUNAI":418.0,"VAL_FUNAI":1.0,"ALD_SIASI":null,"VAL_SIASI":null,"AMZ_LEG":null,"LAT":-22.60886235732652,"LONG":-54.9295727886504,"fonte":"IBGE, Censo Demográfico 2022, Localidades Indígenas, arquivo atualizado em 19/09/2025","url_fonte":"https://geoftp.ibge.gov.br/organizacao_do_territorio/estrutura_territorial/localidades/localidades_indigenas_2022/"},"geometry":{"coordinates":[-54.9295727886504,-22.60886235732652],"type":"Point"}},{"type":"Feature","properties":{"CD_UF":50,"NM_UF":"Mato Grosso do Sul","CD_MUNIC":5007950,"NM_MUNIC":"Tacuru","ID_LI":5000058,"CD_LI":5010110,"OCORRENCIA":2,"NM_LI":"Aldeia Indígena Jaguapiré","CD_SETOR":500795005000015,"SITUACAO":"Rural","CD_SIT":8,"CD_TIPO":5.0,"CD_AGLOM":500795000005.0,"NM_AGLOM":"Aldeia Indígena Jaguapiré","CD_TI":43006.0,"TI_FUNAI":18101.0,"NM_TI":"Jaguapiré","FASE":"Regularizada","C_CR_FUNAI":30202002018.0,"N_CR_FUNAI":"Ponta Porã","ALD_FUNAI":3102.0,"VAL_FUNAI":1.0,"ALD_SIASI":null,"VAL_SIASI":null,"AMZ_LEG":null,"LAT":-23.70914375353257,"LONG":-54.95083816871757,"fonte":"IBGE, Censo Demográfico 2022, Localidades Indígenas, arquivo atualizado em 19/09/2025","url_fonte":"https://geoftp.ibge.gov.br/organizacao_do_territorio/estrutura_territorial/localidades/localidades_indigenas_2022/"},"geometry":{"coordinates":[-54.95083816871757,-23.70914375353257],"type":"Point"}},{"type":"Feature","properties":{"CD_UF":50,"NM_UF":"Mato Grosso do Sul","CD_MUNIC":5000609,"NM_MUNIC":"Amambai","ID_LI":5000075,"CD_LI":5010037,"OCORRENCIA":3,"NM_LI":"Aldeia Indígena Limão Verde","CD_SETOR":500060905000096,"SITUACAO":"Rural","CD_SIT":8,"CD_TIPO":5.0,"CD_AGLOM":500060900001.0,"NM_AGLOM":"Aldeia Indígena Limão Verde","CD_TI":7129.0,"TI_FUNAI":801.0,"NM_TI":"Aldeia Limão Verde","FASE":"Regularizada","C_CR_FUNAI":30202002018.0,"N_CR_FUNAI":"Ponta Porã","ALD_FUNAI":3073.0,"VAL_FUNAI":1.0,"ALD_SIASI":51838.0,"VAL_SIASI":1.0,"AMZ_LEG":null,"LAT":-23.171244014967865,"LONG":-55.21106092674319,"fonte":"IBGE, Censo Demográfico 2022, Localidades Indígenas, arquivo atualizado em 19/09/2025","url_fonte":"https://geoftp.ibge.gov.br/organizacao_do_territorio/estrutura_territorial/localidades/localidades_indigenas_2022/"},"geometry":{"coordinates":[-55.21106092674319,-23.171244014967865],"type":"Point"}},{"type":"Feature","properties":{"CD_UF":50,"NM_UF":"Mato Grosso do Sul","CD_MUNIC":5007950,"NM_MUNIC":"Tacuru","ID_LI":5000105,"CD_LI":5010110,"OCORRENCIA":4,"NM_LI":"Aldeia Indígena Jaguapiré","CD_SETOR":500795005000015,"SITUACAO":"Rural","CD_SIT":8,"CD_TIPO":5.0,"CD_AGLOM":500795000005.0,"NM_AGLOM":"Aldeia Indígena Jaguapiré","CD_TI":43006.0,"TI_FUNAI":18101.0,"NM_TI":"Jaguapiré","FASE":"Regularizada","C_CR_FUNAI":30202002018.0,"N_CR_FUNAI":"Ponta Porã","ALD_FUNAI":3102.0,"VAL_FUNAI":1.0,"ALD_SIASI":null,"VAL_SIASI":null,"AMZ_LEG":null,"LAT":-23.72215199405655,"LONG":-54.96406595760482,"fonte":"IBGE, Censo Demográfico 2022, Localidades Indígenas, arquivo atualizado em 19/09/2025","url_fonte":"https://geoftp.ibge.gov.br/organizacao_do_territorio/estrutura_territorial/localidades/localidades_indigenas_2022/"},"geometry":{"coordinates":[-54.96406595760482,-23.72215199405655],"type":"Point"}},{"type":"Feature","properties":{"CD_UF":50,"NM_UF":"Mato Grosso do Sul","CD_MUNIC":5004809,"NM_MUNIC":"Japorã","ID_LI":5000128,"CD_LI":5010108,"OCORRENCIA":4,"NM_LI":"Aldeia Indígena Porto Lindo / Jakarey","CD_SETOR":500480905000016,"SITUACAO":"Rural","CD_SIT":8,"CD_TIPO":5.0,"CD_AGLOM":500480900006.0,"NM_AGLOM":"Aldeia Indígena Porto Lindo","CD_TI":7196.0,"TI_FUNAI":36701.0,"NM_TI":"Porto Lindo","FASE":"Regularizada","C_CR_FUNAI":30202002018.0,"N_CR_FUNAI":"Ponta Porã","ALD_FUNAI":3099.0,"VAL_FUNAI":1.0,"ALD_SIASI":null,"VAL_SIASI":null,"AMZ_LEG":null,"LAT":-23.772555104430896,"LONG":-54.6095111501348,"fonte":"IBGE, Censo Demográfico 2022, Localidades Indígenas, arquivo atualizado em 19/09/2025","url_fonte":"https://geoftp.ibge.gov.br/organizacao_do_territorio/estrutura_territorial/localidades/localidades_indigenas_2022/"},"geometry":{"coordinates":[-54.6095111501348,-23.772555104430896],"type":"Point"}},{"type":"Feature","properties":{"CD_UF":50,"NM_UF":"Mato Grosso do Sul","CD_MUNIC":5002407,"NM_MUNIC":"Caarapó","ID_LI":5000142,"CD_LI":5010006,"OCORRENCIA":5,"NM_LI":"Aldeia Indígena Te'ýi Kuê","CD_SETOR":500240705000048,"SITUACAO":"Rural","CD_SIT":8,"CD_TIPO":5.0,"CD_AGLOM":500240700005.0,"NM_AGLOM":"Aldeia Indígena Te Yi Kuê","CD_TI":7293.0,"TI_FUNAI":7201.0,"NM_TI":"Caarapó","FASE":"Regularizada","C_CR_FUNAI":30202002011.0,"N_CR_FUNAI":"Dourados","ALD_FUNAI":418.0,"VAL_FUNAI":1.0,"ALD_SIASI":null,"VAL_SIASI":null,"AMZ_LEG":null,"LAT":-22.592159216099137,"LONG":-54.93652998455707,"fonte":"IBGE, Censo Demográfico 2022, Localidades Indígenas, arquivo atualizado em 19/09/2025","url_fonte":"https://geoftp.ibge.gov.br/organizacao_do_territorio/estrutura_territorial/localidades/localidades_indigenas_2022/"},"geometry":{"coordinates":[-54.93652998455707,-22.592159216099137],"type":"Point"}},{"type":"Feature","properties":{"CD_UF":50,"NM_UF":"Mato Grosso do Sul","CD_MUNIC":5006358,"NM_MUNIC":"Paranhos","ID_LI":5000150,"CD_LI":5010025,"OCORRENCIA":4,"NM_LI":"Aldeia Indígena Paraguaçu / Yvykuarusu","CD_SETOR":500635805000010,"SITUACAO":"Rural","CD_SIT":8,"CD_TIPO":5.0,"CD_AGLOM":500635800012.0,"NM_AGLOM":"Aldeia Indígena Paraguaçu ou Yvykuarusu","CD_TI":6530.0,"TI_FUNAI":43901.0,"NM_TI":"Takuaraty/Yvykuarusu","FASE":"Homologada","C_CR_FUNAI":30202002018.0,"N_CR_FUNAI":"Ponta Porã","ALD_FUNAI":3186.0,"VAL_FUNAI":1.0,"ALD_SIASI":null,"VAL_SIASI":null,"AMZ_LEG":null,"LAT":-23.76271831501279,"LONG":-55.16053491815516,"fonte":"IBGE, Censo Demográfico 2022, Localidades Indígenas, arquivo atualizado em 19/09/2025","url_fonte":"https://geoftp.ibge.gov.br/organizacao_do_territorio/estrutura_territorial/localidades/localidades_indigenas_2022/"},"geometry":{"coordinates":[-55.16053491815516,-23.76271831501279],"type":"Point"}},{"type":"Feature","properties":{"CD_UF":50,"NM_UF":"Mato Grosso do Sul","CD_MUNIC":5003157,"NM_MUNIC":"Coronel Sapucaia","ID_LI":5000164,"CD_LI":5010066,"OCORRENCIA":2,"NM_LI":"Aldeia Indígena Taquaperi","CD_SETOR":500315705000023,"SITUACAO":"Rural","CD_SIT":8,"CD_TIPO":5.0,"CD_AGLOM":500315700002.0,"NM_AGLOM":"Aldeia Indígena Taquaperi","CD_TI":7218.0,"TI_FUNAI":44101.0,"NM_TI":"Taquaperi","FASE":"Regularizada","C_CR_FUNAI":30202002018.0,"N_CR_FUNAI":"Ponta Porã","ALD_FUNAI":3109.0,"VAL_FUNAI":1.0,"ALD_SIASI":51841.0,"VAL_SIASI":1.0,"AMZ_LEG":null,"LAT":-23.206713212673357,"LONG":-55.44340213721891,"fonte":"IBGE, Censo Demográfico 2022, Localidades Indígenas, arquivo atualizado em 19/09/2025","url_fonte":"https://geoftp.ibge.gov.br/organizacao_do_territorio/estrutura_territorial/localidades/localidades_indigenas_2022/"},"geometry":{"coordinates":[-55.44340213721891,-23.206713212673357],"type":"Point"}},{"type":"Feature","properties":{"CD_UF":50,"NM_UF":"Mato Grosso do Sul","CD_MUNIC":5000609,"NM_MUNIC":"Amambai","ID_LI":5000166,"CD_LI":5010037,"OCORRENCIA":6,"NM_LI":"Aldeia Indígena Limão Verde","CD_SETOR":500060905000094,"SITUACAO":"Rural","CD_SIT":8,"CD_TIPO":5.0,"CD_AGLOM":500060900001.0,"NM_AGLOM":"Aldeia Indígena Limão Verde","CD_TI":7129.0,"TI_FUNAI":801.0,"NM_TI":"Aldeia Limão Verde","FASE":"Regularizada","C_CR_FUNAI":30202002018.0,"N_CR_FUNAI":"Ponta Porã","ALD_FUNAI":3073.0,"VAL_FUNAI":1.0,"ALD_SIASI":51838.0,"VAL_SIASI":1.0,"AMZ_LEG":null,"LAT":-23.16145322758262,"LONG":-55.2050868869827,"fonte":"IBGE, Censo Demográfico 2022, Localidades Indígenas, arquivo atualizado em 19/09/2025","url_fonte":"https://geoftp.ibge.gov.br/organizacao_do_territorio/estrutura_territorial/localidades/localidades_indigenas_2022/"},"geometry":{"coordinates":[-55.2050868869827,-23.16145322758262],"type":"Point"}},{"type":"Feature","properties":{"CD_UF":50,"NM_UF":"Mato Grosso do Sul","CD_MUNIC":5004809,"NM_MUNIC":"Japorã","ID_LI":5000168,"CD_LI":5010108,"OCORRENCIA":5,"NM_LI":"Aldeia Indígena Porto Lindo / Jakarey","CD_SETOR":500480905000015,"SITUACAO":"Rural","CD_SIT":8,"CD_TIPO":5.0,"CD_AGLOM":500480900006.0,"NM_AGLOM":"Aldeia Indígena Porto Lindo","CD_TI":7196.0,"TI_FUNAI":36701.0,"NM_TI":"Porto Lindo","FASE":"Regularizada","C_CR_FUNAI":30202002018.0,"N_CR_FUNAI":"Ponta Porã","ALD_FUNAI":3099.0,"VAL_FUNAI":1.0,"ALD_SIASI":null,"VAL_SIASI":null,"AMZ_LEG":null,"LAT":-23.799680921796217,"LONG":-54.59124643310879,"fonte":"IBGE, Censo Demográfico 2022, Localidades Indígenas, arquivo atualizado em 19/09/2025","url_fonte":"https://geoftp.ibge.gov.br/organizacao_do_territorio/estrutura_territorial/localidades/localidades_indigenas_2022/"},"geometry":{"coordinates":[-54.59124643310879,-23.799680921796217],"type":"Point"}},{"type":"Feature","properties":{"CD_UF":50,"NM_UF":"Mato Grosso do Sul","CD_MUNIC":5004809,"NM_MUNIC":"Japorã","ID_LI":5000171,"CD_LI":5010108,"OCORRENCIA":6,"NM_LI":"Aldeia Indígena Porto Lindo / Jakarey","CD_SETOR":500480905000005,"SITUACAO":"Rural","CD_SIT":8,"CD_TIPO":5.0,"CD_AGLOM":500480900006.0,"NM_AGLOM":"Aldeia Indígena Porto Lindo","CD_TI":7196.0,"TI_FUNAI":36701.0,"NM_TI":"Porto Lindo","FASE":"Regularizada","C_CR_FUNAI":30202002018.0,"N_CR_FUNAI":"Ponta Porã","ALD_FUNAI":3099.0,"VAL_FUNAI":1.0,"ALD_SIASI":null,"VAL_SIASI":null,"AMZ_LEG":null,"LAT":-23.79588330736507,"LONG":-54.58455539815868,"fonte":"IBGE, Censo Demográfico 2022, Localidades Indígenas, arquivo atualizado em 19/09/2025","url_fonte":"https://geoftp.ibge.gov.br/organizacao_do_territorio/estrutura_territorial/localidades/localidades_indigenas_2022/"},"geometry":{"coordinates":[-54.58455539815868,-23.79588330736507],"type":"Point"}},{"type":"Feature","properties":{"CD_UF":50,"NM_UF":"Mato Grosso do Sul","CD_MUNIC":5002407,"NM_MUNIC":"Caarapó","ID_LI":5000177,"CD_LI":5010006,"OCORRENCIA":8,"NM_LI":"Aldeia Indígena Te'ýi Kuê","CD_SETOR":500240705000048,"SITUACAO":"Rural","CD_SIT":8,"CD_TIPO":5.0,"CD_AGLOM":500240700005.0,"NM_AGLOM":"Aldeia Indígena Te Yi Kuê","CD_TI":7293.0,"TI_FUNAI":7201.0,"NM_TI":"Caarapó","FASE":"Regularizada","C_CR_FUNAI":30202002011.0,"N_CR_FUNAI":"Dourados","ALD_FUNAI":418.0,"VAL_FUNAI":1.0,"ALD_SIASI":null,"VAL_SIASI":null,"AMZ_LEG":null,"LAT":-22.59750187287134,"LONG":-54.94369266726266,"fonte":"IBGE, Censo Demográfico 2022, Localidades Indígenas, arquivo atualizado em 19/09/2025","url_fonte":"https://geoftp.ibge.gov.br/organizacao_do_territorio/estrutura_territorial/localidades/localidades_indigenas_2022/"},"geometry":{"coordinates":[-54.94369266726266,-22.59750187287134],"type":"Point"}},{"type":"Feature","properties":{"CD_UF":50,"NM_UF":"Mato Grosso do Sul","CD_MUNIC":5007950,"NM_MUNIC":"Tacuru","ID_LI":5000193,"CD_LI":5010110,"OCORRENCIA":8,"NM_LI":"Aldeia Indígena Jaguapiré","CD_SETOR":500795005000015,"SITUACAO":"Rural","CD_SIT":8,"CD_TIPO":5.0,"CD_AGLOM":500795000005.0,"NM_AGLOM":"Aldeia Indígena Jaguapiré","CD_TI":43006.0,"TI_FUNAI":18101.0,"NM_TI":"Jaguapiré","FASE":"Regularizada","C_CR_FUNAI":30202002018.0,"N_CR_FUNAI":"Ponta Porã","ALD_FUNAI":3102.0,"VAL_FUNAI":1.0,"ALD_SIASI":null,"VAL_SIASI":null,"AMZ_LEG":null,"LAT":-23.700306931910795,"LONG":-54.961047167609806,"fonte":"IBGE, Censo Demográfico 2022, Localidades Indígenas, arquivo atualizado em 19/09/2025","url_fonte":"https://geoftp.ibge.gov.br/organizacao_do_territorio/estrutura_territorial/localidades/localidades_indigenas_2022/"},"geometry":{"coordinates":[-54.961047167609806,-23.700306931910795],"type":"Point"}},{"type":"Feature","properties":{"CD_UF":50,"NM_UF":"Mato Grosso do Sul","CD_MUNIC":5000609,"NM_MUNIC":"Amambai","ID_LI":5000215,"CD_LI":5010037,"OCORRENCIA":8,"NM_LI":"Aldeia Indígena Limão Verde","CD_SETOR":500060905000093,"SITUACAO":"Rural","CD_SIT":8,"CD_TIPO":5.0,"CD_AGLOM":500060900001.0,"NM_AGLOM":"Aldeia Indígena Limão Verde","CD_TI":7129.0,"TI_FUNAI":801.0,"NM_TI":"Aldeia Limão Verde","FASE":"Regularizada","C_CR_FUNAI":30202002018.0,"N_CR_FUNAI":"Ponta Porã","ALD_FUNAI":3073.0,"VAL_FUNAI":1.0,"ALD_SIASI":51838.0,"VAL_SIASI":1.0,"AMZ_LEG":null,"LAT":-23.15680675221335,"LONG":-55.1956694770825,"fonte":"IBGE, Censo Demográfico 2022, Localidades Indígenas, arquivo atualizado em 19/09/2025","url_fonte":"https://geoftp.ibge.gov.br/organizacao_do_territorio/estrutura_territorial/localidades/localidades_indigenas_2022/"},"geometry":{"coordinates":[-55.1956694770825,-23.15680675221335],"type":"Point"}},{"type":"Feature","properties":{"CD_UF":50,"NM_UF":"Mato Grosso do Sul","CD_MUNIC":5001243,"NM_MUNIC":"Aral Moreira","ID_LI":5000260,"CD_LI":5010153,"OCORRENCIA":3,"NM_LI":"Aldeia Indígena Guasuty","CD_SETOR":500124305000013,"SITUACAO":"Rural","CD_SIT":8,"CD_TIPO":5.0,"CD_AGLOM":500124300008.0,"NM_AGLOM":"Aldeia Indígena Guassuty","CD_TI":6440.0,"TI_FUNAI":14901.0,"NM_TI":"Guasuti","FASE":"Regularizada","C_CR_FUNAI":30202002018.0,"N_CR_FUNAI":"Ponta Porã","ALD_FUNAI":3098.0,"VAL_FUNAI":1.0,"ALD_SIASI":51839.0,"VAL_SIASI":1.0,"AMZ_LEG":null,"LAT":-23.07759549509744,"LONG":-55.49007323842648,"fonte":"IBGE, Censo Demográfico 2022, Localidades Indígenas, arquivo atualizado em 19/09/2025","url_fonte":"https://geoftp.ibge.gov.br/organizacao_do_territorio/estrutura_territorial/localidades/localidades_indigenas_2022/"},"geometry":{"coordinates":[-55.49007323842648,-23.07759549509744],"type":"Point"}},{"type":"Feature","properties":{"CD_UF":50,"NM_UF":"Mato Grosso do Sul","CD_MUNIC":5003157,"NM_MUNIC":"Coronel Sapucaia","ID_LI":5000295,"CD_LI":5010066,"OCORRENCIA":9,"NM_LI":"Aldeia Indígena Taquaperi","CD_SETOR":500315705000024,"SITUACAO":"Rural","CD_SIT":8,"CD_TIPO":5.0,"CD_AGLOM":500315700002.0,"NM_AGLOM":"Aldeia Indígena Taquaperi","CD_TI":7218.0,"TI_FUNAI":44101.0,"NM_TI":"Taquaperi","FASE":"Regularizada","C_CR_FUNAI":30202002018.0,"N_CR_FUNAI":"Ponta Porã","ALD_FUNAI":3109.0,"VAL_FUNAI":1.0,"ALD_SIASI":51841.0,"VAL_SIASI":1.0,"AMZ_LEG":null,"LAT":-23.247768576400983,"LONG":-55.431309993052224,"fonte":"IBGE, Censo Demográfico 2022, Localidades Indígenas, arquivo atualizado em 19/09/2025","url_fonte":"https://geoftp.ibge.gov.br/organizacao_do_territorio/estrutura_territorial/localidades/localidades_indigenas_2022/"},"geometry":{"coordinates":[-55.431309993052224,-23.247768576400983],"type":"Point"}},{"type":"Feature","properties":{"CD_UF":50,"NM_UF":"Mato Grosso do Sul","CD_MUNIC":5003157,"NM_MUNIC":"Coronel Sapucaia","ID_LI":5000322,"CD_LI":5010066,"OCORRENCIA":11,"NM_LI":"Aldeia Indígena Taquaperi","CD_SETOR":500315705000024,"SITUACAO":"Rural","CD_SIT":8,"CD_TIPO":5.0,"CD_AGLOM":500315700002.0,"NM_AGLOM":"Aldeia Indígena Taquaperi","CD_TI":7218.0,"TI_FUNAI":44101.0,"NM_TI":"Taquaperi","FASE":"Regularizada","C_CR_FUNAI":30202002018.0,"N_CR_FUNAI":"Ponta Porã","ALD_FUNAI":3109.0,"VAL_FUNAI":1.0,"ALD_SIASI":51841.0,"VAL_SIASI":1.0,"AMZ_LEG":null,"LAT":-23.24146907614648,"LONG":-55.43225129768795,"fonte":"IBGE, Censo Demográfico 2022, Localidades Indígenas, arquivo atualizado em 19/09/2025","url_fonte":"https://geoftp.ibge.gov.br/organizacao_do_territorio/estrutura_territorial/localidades/localidades_indigenas_2022/"},"geometry":{"coordinates":[-55.43225129768795,-23.24146907614648],"type":"Point"}},{"type":"Feature","properties":{"CD_UF":50,"NM_UF":"Mato Grosso do Sul","CD_MUNIC":5003157,"NM_MUNIC":"Coronel Sapucaia","ID_LI":5000325,"CD_LI":5010066,"OCORRENCIA":12,"NM_LI":"Aldeia Indigena Taquaperi","CD_SETOR":500315705000024,"SITUACAO":"Rural","CD_SIT":8,"CD_TIPO":5.0,"CD_AGLOM":500315700002.0,"NM_AGLOM":"Aldeia Indígena Taquaperi","CD_TI":7218.0,"TI_FUNAI":44101.0,"NM_TI":"Taquaperi","FASE":"Regularizada","C_CR_FUNAI":30202002018.0,"N_CR_FUNAI":"Ponta Porã","ALD_FUNAI":3109.0,"VAL_FUNAI":1.0,"ALD_SIASI":51841.0,"VAL_SIASI":1.0,"AMZ_LEG":null,"LAT":-23.21648829927517,"LONG":-55.43970932672489,"fonte":"IBGE, Censo Demográfico 2022, Localidades Indígenas, arquivo atualizado em 19/09/2025","url_fonte":"https://geoftp.ibge.gov.br/organizacao_do_territorio/estrutura_territorial/localidades/localidades_indigenas_2022/"},"geometry":{"coordinates":[-55.43970932672489,-23.21648829927517],"type":"Point"}},{"type":"Feature","properties":{"CD_UF":50,"NM_UF":"Mato Grosso do Sul","CD_MUNIC":5000609,"NM_MUNIC":"Amambai","ID_LI":5000338,"CD_LI":5010037,"OCORRENCIA":12,"NM_LI":"Aldeia Indígena Limão Verde","CD_SETOR":500060905000094,"SITUACAO":"Rural","CD_SIT":8,"CD_TIPO":5.0,"CD_AGLOM":500060900001.0,"NM_AGLOM":"Aldeia Indígena Limão Verde","CD_TI":7129.0,"TI_FUNAI":801.0,"NM_TI":"Aldeia Limão Verde","FASE":"Regularizada","C_CR_FUNAI":30202002018.0,"N_CR_FUNAI":"Ponta Porã","ALD_FUNAI":3073.0,"VAL_FUNAI":1.0,"ALD_SIASI":51838.0,"VAL_SIASI":1.0,"AMZ_LEG":null,"LAT":-23.167676185666465,"LONG":-55.20367634981705,"fonte":"IBGE, Censo Demográfico 2022, Localidades Indígenas, arquivo atualizado em 19/09/2025","url_fonte":"https://geoftp.ibge.gov.br/organizacao_do_territorio/estrutura_territorial/localidades/localidades_indigenas_2022/"},"geometry":{"coordinates":[-55.20367634981705,-23.167676185666465],"type":"Point"}},{"type":"Feature","properties":{"CD_UF":50,"NM_UF":"Mato Grosso do Sul","CD_MUNIC":5006358,"NM_MUNIC":"Paranhos","ID_LI":5000369,"CD_LI":5010060,"OCORRENCIA":6,"NM_LI":"Aldeia Indígena Pirajuy","CD_SETOR":500635805000012,"SITUACAO":"Rural","CD_SIT":8,"CD_TIPO":5.0,"CD_AGLOM":500635800011.0,"NM_AGLOM":"Aldeia Indígena Pirajuí","CD_TI":7170.0,"TI_FUNAI":35901.0,"NM_TI":"Pirajuí","FASE":"Regularizada","C_CR_FUNAI":30202002018.0,"N_CR_FUNAI":"Ponta Porã","ALD_FUNAI":3111.0,"VAL_FUNAI":1.0,"ALD_SIASI":null,"VAL_SIASI":null,"AMZ_LEG":null,"LAT":-23.960836162360387,"LONG":-55.28998794776282,"fonte":"IBGE, Censo Demográfico 2022, Localidades Indígenas, arquivo atualizado em 19/09/2025","url_fonte":"https://geoftp.ibge.gov.br/organizacao_do_territorio/estrutura_territorial/localidades/localidades_indigenas_2022/"},"geometry":{"coordinates":[-55.28998794776282,-23.960836162360387],"type":"Point"}},{"type":"Feature","properties":{"CD_UF":50,"NM_UF":"Mato Grosso do Sul","CD_MUNIC":5006358,"NM_MUNIC":"Paranhos","ID_LI":5000371,"CD_LI":5010060,"OCORRENCIA":7,"NM_LI":"Aldeia Indígena Pirajuy","CD_SETOR":500635805000023,"SITUACAO":"Rural","CD_SIT":8,"CD_TIPO":5.0,"CD_AGLOM":500635800011.0,"NM_AGLOM":"Aldeia Indígena Pirajuí","CD_TI":7170.0,"TI_FUNAI":35901.0,"NM_TI":"Pirajuí","FASE":"Regularizada","C_CR_FUNAI":30202002018.0,"N_CR_FUNAI":"Ponta Porã","ALD_FUNAI":3111.0,"VAL_FUNAI":1.0,"ALD_SIASI":null,"VAL_SIASI":null,"AMZ_LEG":null,"LAT":-23.969811849486156,"LONG":-55.2762796256071,"fonte":"IBGE, Censo Demográfico 2022, Localidades Indígenas, arquivo atualizado em 19/09/2025","url_fonte":"https://geoftp.ibge.gov.br/organizacao_do_territorio/estrutura_territorial/localidades/localidades_indigenas_2022/"},"geometry":{"coordinates":[-55.2762796256071,-23.969811849486156],"type":"Point"}},{"type":"Feature","properties":{"CD_UF":50,"NM_UF":"Mato Grosso do Sul","CD_MUNIC":5002407,"NM_MUNIC":"Caarapó","ID_LI":5000387,"CD_LI":5010006,"OCORRENCIA":15,"NM_LI":"Aldeia Indígena Te'ýi Kuê","CD_SETOR":500240705000047,"SITUACAO":"Rural","CD_SIT":8,"CD_TIPO":5.0,"CD_AGLOM":500240700005.0,"NM_AGLOM":"Aldeia Indígena Te Yi Kuê","CD_TI":7293.0,"TI_FUNAI":7201.0,"NM_TI":"Caarapó","FASE":"Regularizada","C_CR_FUNAI":30202002011.0,"N_CR_FUNAI":"Dourados","ALD_FUNAI":418.0,"VAL_FUNAI":1.0,"ALD_SIASI":null,"VAL_SIASI":null,"AMZ_LEG":null,"LAT":-22.607159752421094,"LONG":-54.93861420780336,"fonte":"IBGE, Censo Demográfico 2022, Localidades Indígenas, arquivo atualizado em 19/09/2025","url_fonte":"https://geoftp.ibge.gov.br/organizacao_do_territorio/estrutura_territorial/localidades/localidades_indigenas_2022/"},"geometry":{"coordinates":[-54.93861420780336,-22.607159752421094],"type":"Point"}},{"type":"Feature","properties":{"CD_UF":50,"NM_UF":"Mato Grosso do Sul","CD_MUNIC":5003702,"NM_MUNIC":"Dourados","ID_LI":5000391,"CD_LI":5010145,"OCORRENCIA":3,"NM_LI":"Aldeia Indígena Jaicha Piru","CD_SETOR":500370205000435,"SITUACAO":"Rural","CD_SIT":8,"CD_TIPO":5.0,"CD_AGLOM":500370200008.0,"NM_AGLOM":"Aldeia Indígena Jaguapiru","CD_TI":7307.0,"TI_FUNAI":11101.0,"NM_TI":"Dourados","FASE":"Regularizada","C_CR_FUNAI":30202002011.0,"N_CR_FUNAI":"Dourados","ALD_FUNAI":37.0,"VAL_FUNAI":1.0,"ALD_SIASI":null,"VAL_SIASI":null,"AMZ_LEG":null,"LAT":-22.184938032487683,"LONG":-54.81732751427149,"fonte":"IBGE, Censo Demográfico 2022, Localidades Indígenas, arquivo atualizado em 19/09/2025","url_fonte":"https://geoftp.ibge.gov.br/organizacao_do_territorio/estrutura_territorial/localidades/localidades_indigenas_2022/"},"geometry":{"coordinates":[-54.81732751427149,-22.184938032487683],"type":"Point"}},{"type":"Feature","properties":{"CD_UF":50,"NM_UF":"Mato Grosso do Sul","CD_MUNIC":5006358,"NM_MUNIC":"Paranhos","ID_LI":5000443,"CD_LI":5010091,"OCORRENCIA":3,"NM_LI":"Aldeia Indígena Sete Cerros","CD_SETOR":500635805000008,"SITUACAO":"Rural","CD_SIT":8,"CD_TIPO":5.0,"CD_AGLOM":500635800010.0,"NM_AGLOM":"Aldeia Indígena Sete Cerros","CD_TI":6521.0,"TI_FUNAI":42901.0,"NM_TI":"Sete Cerros","FASE":"Homologada","C_CR_FUNAI":30202002018.0,"N_CR_FUNAI":"Ponta Porã","ALD_FUNAI":3110.0,"VAL_FUNAI":1.0,"ALD_SIASI":null,"VAL_SIASI":null,"AMZ_LEG":null,"LAT":-23.561778706954108,"LONG":-55.47223606713085,"fonte":"IBGE, Censo Demográfico 2022, Localidades Indígenas, arquivo atualizado em 19/09/2025","url_fonte":"https://geoftp.ibge.gov.br/organizacao_do_territorio/estrutura_territorial/localidades/localidades_indigenas_2022/"},"geometry":{"coordinates":[-55.47223606713085,-23.561778706954108],"type":"Point"}},{"type":"Feature","properties":{"CD_UF":50,"NM_UF":"Mato Grosso do Sul","CD_MUNIC":5002407,"NM_MUNIC":"Caarapó","ID_LI":5000449,"CD_LI":5010006,"OCORRENCIA":22,"NM_LI":"Aldeia Indígena Te'ýi Kuê","CD_SETOR":500240705000046,"SITUACAO":"Rural","CD_SIT":8,"CD_TIPO":5.0,"CD_AGLOM":500240700005.0,"NM_AGLOM":"Aldeia Indígena Te Yi Kuê","CD_TI":7293.0,"TI_FUNAI":7201.0,"NM_TI":"Caarapó","FASE":"Regularizada","C_CR_FUNAI":30202002011.0,"N_CR_FUNAI":"Dourados","ALD_FUNAI":418.0,"VAL_FUNAI":1.0,"ALD_SIASI":null,"VAL_SIASI":null,"AMZ_LEG":null,"LAT":-22.614293079869697,"LONG":-54.95238182333174,"fonte":"IBGE, Censo Demográfico 2022, Localidades Indígenas, arquivo atualizado em 19/09/2025","url_fonte":"https://geoftp.ibge.gov.br/organizacao_do_territorio/estrutura_territorial/localidades/localidades_indigenas_2022/"},"geometry":{"coordinates":[-54.95238182333174,-22.614293079869697],"type":"Point"}},{"type":"Feature","properties":{"CD_UF":50,"NM_UF":"Mato Grosso do Sul","CD_MUNIC":5001243,"NM_MUNIC":"Aral Moreira","ID_LI":5000451,"CD_LI":5010153,"OCORRENCIA":4,"NM_LI":"Aldeia Indígena Guasuty","CD_SETOR":500124305000013,"SITUACAO":"Rural","CD_SIT":8,"CD_TIPO":5.0,"CD_AGLOM":500124300008.0,"NM_AGLOM":"Aldeia Indígena Guassuty","CD_TI":6440.0,"TI_FUNAI":14901.0,"NM_TI":"Guasuti","FASE":"Regularizada","C_CR_FUNAI":30202002018.0,"N_CR_FUNAI":"Ponta Porã","ALD_FUNAI":3098.0,"VAL_FUNAI":1.0,"ALD_SIASI":51839.0,"VAL_SIASI":1.0,"AMZ_LEG":null,"LAT":-23.079425660606425,"LONG":-55.49828125343647,"fonte":"IBGE, Censo Demográfico 2022, Localidades Indígenas, arquivo atualizado em 19/09/2025","url_fonte":"https://geoftp.ibge.gov.br/organizacao_do_territorio/estrutura_territorial/localidades/localidades_indigenas_2022/"},"geometry":{"coordinates":[-55.49828125343647,-23.079425660606425],"type":"Point"}},{"type":"Feature","properties":{"CD_UF":50,"NM_UF":"Mato Grosso do Sul","CD_MUNIC":5006358,"NM_MUNIC":"Paranhos","ID_LI":5000453,"CD_LI":5010015,"OCORRENCIA":1,"NM_LI":"Aldeia Indígena Potrero Guasu","CD_SETOR":500635805000014,"SITUACAO":"Rural","CD_SIT":8,"CD_TIPO":5.0,"CD_AGLOM":500635800002.0,"NM_AGLOM":"Aldeia Indígena Potrero Guaçu","CD_TI":50646.0,"TI_FUNAI":37101.0,"NM_TI":"Potrero Guaçu","FASE":"Declarada","C_CR_FUNAI":30202002018.0,"N_CR_FUNAI":"Ponta Porã","ALD_FUNAI":3113.0,"VAL_FUNAI":1.0,"ALD_SIASI":null,"VAL_SIASI":null,"AMZ_LEG":null,"LAT":-23.93780393410519,"LONG":-55.40309744533435,"fonte":"IBGE, Censo Demográfico 2022, Localidades Indígenas, arquivo atualizado em 19/09/2025","url_fonte":"https://geoftp.ibge.gov.br/organizacao_do_territorio/estrutura_territorial/localidades/localidades_indigenas_2022/"},"geometry":{"coordinates":[-55.40309744533435,-23.93780393410519],"type":"Point"}},{"type":"Feature","properties":{"CD_UF":50,"NM_UF":"Mato Grosso do Sul","CD_MUNIC":5007950,"NM_MUNIC":"Tacuru","ID_LI":5000465,"CD_LI":5010082,"OCORRENCIA":2,"NM_LI":"Aldeia Indígena Sassoró / Ramada","CD_SETOR":500795005000019,"SITUACAO":"Rural","CD_SIT":8,"CD_TIPO":5.0,"CD_AGLOM":500795000004.0,"NM_AGLOM":"Aldeia Indígena Sassoró","CD_TI":7200.0,"TI_FUNAI":42201.0,"NM_TI":"Sassoró","FASE":"Regularizada","C_CR_FUNAI":30202002018.0,"N_CR_FUNAI":"Ponta Porã","ALD_FUNAI":null,"VAL_FUNAI":null,"ALD_SIASI":null,"VAL_SIASI":null,"AMZ_LEG":null,"LAT":-23.58780006686318,"LONG":-54.74979539843642,"fonte":"IBGE, Censo Demográfico 2022, Localidades Indígenas, arquivo atualizado em 19/09/2025","url_fonte":"https://geoftp.ibge.gov.br/organizacao_do_territorio/estrutura_territorial/localidades/localidades_indigenas_2022/"},"geometry":{"coordinates":[-54.74979539843642,-23.58780006686318],"type":"Point"}},{"type":"Feature","properties":{"CD_UF":50,"NM_UF":"Mato Grosso do Sul","CD_MUNIC":5001102,"NM_MUNIC":"Aquidauana","ID_LI":5000466,"CD_LI":5010119,"OCORRENCIA":7,"NM_LI":"Aldeia Indígena Água Branca","CD_SETOR":500110225000006,"SITUACAO":"Rural","CD_SIT":8,"CD_TIPO":5.0,"CD_AGLOM":500110200004.0,"NM_AGLOM":"Aldeia Indígena Água Branca","CD_TI":7250.0,"TI_FUNAI":44401.0,"NM_TI":"Taunay-Ipegue","FASE":"Regularizada","C_CR_FUNAI":30202002004.0,"N_CR_FUNAI":"Campo Grande","ALD_FUNAI":2976.0,"VAL_FUNAI":1.0,"ALD_SIASI":48456.0,"VAL_SIASI":2.0,"AMZ_LEG":null,"LAT":-20.280660333918064,"LONG":-56.05689696137061,"fonte":"IBGE, Censo Demográfico 2022, Localidades Indígenas, arquivo atualizado em 19/09/2025","url_fonte":"https://geoftp.ibge.gov.br/organizacao_do_territorio/estrutura_territorial/localidades/localidades_indigenas_2022/"},"geometry":{"coordinates":[-56.05689696137061,-20.280660333918064],"type":"Point"}},{"type":"Feature","properties":{"CD_UF":50,"NM_UF":"Mato Grosso do Sul","CD_MUNIC":5004809,"NM_MUNIC":"Japorã","ID_LI":5000469,"CD_LI":5010040,"OCORRENCIA":3,"NM_LI":"Aldeia Indígena Yvy-Katu","CD_SETOR":500480905000004,"SITUACAO":"Rural","CD_SIT":8,"CD_TIPO":null,"CD_AGLOM":null,"NM_AGLOM":null,"CD_TI":50739.0,"TI_FUNAI":36702.0,"NM_TI":"Yvy-Katu","FASE":"Declarada","C_CR_FUNAI":30202002018.0,"N_CR_FUNAI":"Ponta Porã","ALD_FUNAI":3100.0,"VAL_FUNAI":1.0,"ALD_SIASI":null,"VAL_SIASI":null,"AMZ_LEG":null,"LAT":-23.74924768222442,"LONG":-54.575561574617424,"fonte":"IBGE, Censo Demográfico 2022, Localidades Indígenas, arquivo atualizado em 19/09/2025","url_fonte":"https://geoftp.ibge.gov.br/organizacao_do_territorio/estrutura_territorial/localidades/localidades_indigenas_2022/"},"geometry":{"coordinates":[-54.575561574617424,-23.74924768222442],"type":"Point"}},{"type":"Feature","properties":{"CD_UF":50,"NM_UF":"Mato Grosso do Sul","CD_MUNIC":5003702,"NM_MUNIC":"Dourados","ID_LI":5000001,"CD_LI":5010094,"OCORRENCIA":1,"NM_LI":"Aldeia Indigena Jaguapiru","CD_SETOR":500370205000432,"SITUACAO":"Rural","CD_SIT":8,"CD_TIPO":5.0,"CD_AGLOM":500370200008.0,"NM_AGLOM":"Aldeia Indígena Jaguapiru","CD_TI":7307.0,"TI_FUNAI":11101.0,"NM_TI":"Dourados","FASE":"Regularizada","C_CR_FUNAI":30202002011.0,"N_CR_FUNAI":"Dourados","ALD_FUNAI":null,"VAL_FUNAI":null,"ALD_SIASI":50067.0,"VAL_SIASI":1.0,"AMZ_LEG":null,"LAT":-22.1701824,"LONG":-54.81867548362898,"fonte":"IBGE, Censo Demográfico 2022, Localidades Indígenas, arquivo atualizado em 19/09/2025","url_fonte":"https://geoftp.ibge.gov.br/organizacao_do_territorio/estrutura_territorial/localidades/localidades_indigenas_2022/"},"geometry":{"coordinates":[-54.81867548362898,-22.1701824],"type":"Point"}},{"type":"Feature","properties":{"CD_UF":50,"NM_UF":"Mato Grosso do Sul","CD_MUNIC":5003702,"NM_MUNIC":"Dourados","ID_LI":5000002,"CD_LI":5010094,"OCORRENCIA":2,"NM_LI":"Aldeia Indígena Jaguapiru","CD_SETOR":500370205000435,"SITUACAO":"Rural","CD_SIT":8,"CD_TIPO":5.0,"CD_AGLOM":500370200008.0,"NM_AGLOM":"Aldeia Indígena Jaguapiru","CD_TI":7307.0,"TI_FUNAI":11101.0,"NM_TI":"Dourados","FASE":"Regularizada","C_CR_FUNAI":30202002011.0,"N_CR_FUNAI":"Dourados","ALD_FUNAI":null,"VAL_FUNAI":null,"ALD_SIASI":50067.0,"VAL_SIASI":1.0,"AMZ_LEG":null,"LAT":-22.190798472258155,"LONG":-54.81713916666666,"fonte":"IBGE, Censo Demográfico 2022, Localidades Indígenas, arquivo atualizado em 19/09/2025","url_fonte":"https://geoftp.ibge.gov.br/organizacao_do_territorio/estrutura_territorial/localidades/localidades_indigenas_2022/"},"geometry":{"coordinates":[-54.81713916666666,-22.190798472258155],"type":"Point"}},{"type":"Feature","properties":{"CD_UF":50,"NM_UF":"Mato Grosso do Sul","CD_MUNIC":5003702,"NM_MUNIC":"Dourados","ID_LI":5000003,"CD_LI":5010094,"OCORRENCIA":3,"NM_LI":"Aldeia Indigena Jaguapiru","CD_SETOR":500370205000433,"SITUACAO":"Rural","CD_SIT":8,"CD_TIPO":5.0,"CD_AGLOM":500370200008.0,"NM_AGLOM":"Aldeia Indígena Jaguapiru","CD_TI":7307.0,"TI_FUNAI":11101.0,"NM_TI":"Dourados","FASE":"Regularizada","C_CR_FUNAI":30202002011.0,"N_CR_FUNAI":"Dourados","ALD_FUNAI":null,"VAL_FUNAI":null,"ALD_SIASI":50067.0,"VAL_SIASI":1.0,"AMZ_LEG":null,"LAT":-22.17409895,"LONG":-54.82405740200606,"fonte":"IBGE, Censo Demográfico 2022, Localidades Indígenas, arquivo atualizado em 19/09/2025","url_fonte":"https://geoftp.ibge.gov.br/organizacao_do_territorio/estrutura_territorial/localidades/localidades_indigenas_2022/"},"geometry":{"coordinates":[-54.82405740200606,-22.17409895],"type":"Point"}},{"type":"Feature","properties":{"CD_UF":50,"NM_UF":"Mato Grosso do Sul","CD_MUNIC":5000609,"NM_MUNIC":"Amambai","ID_LI":5000004,"CD_LI":5010136,"OCORRENCIA":1,"NM_LI":"Aldeia Indígena Amambai","CD_SETOR":500060905000097,"SITUACAO":"Rural","CD_SIT":8,"CD_TIPO":5.0,"CD_AGLOM":500060900007.0,"NM_AGLOM":"Aldeia Indígena Amambai","CD_TI":7188.0,"TI_FUNAI":1601.0,"NM_TI":"Amambai","FASE":"Regularizada","C_CR_FUNAI":30202002018.0,"N_CR_FUNAI":"Ponta Porã","ALD_FUNAI":3071.0,"VAL_FUNAI":1.0,"ALD_SIASI":null,"VAL_SIASI":null,"AMZ_LEG":null,"LAT":-23.059780194481966,"LONG":-55.21536341666667,"fonte":"IBGE, Censo Demográfico 2022, Localidades Indígenas, arquivo atualizado em 19/09/2025","url_fonte":"https://geoftp.ibge.gov.br/organizacao_do_territorio/estrutura_territorial/localidades/localidades_indigenas_2022/"},"geometry":{"coordinates":[-55.21536341666667,-23.059780194481966],"type":"Point"}},{"type":"Feature","properties":{"CD_UF":50,"NM_UF":"Mato Grosso do Sul","CD_MUNIC":5005608,"NM_MUNIC":"Miranda","ID_LI":5000005,"CD_LI":5010057,"OCORRENCIA":1,"NM_LI":"Aldeia Indígena Cachoeirinha","CD_SETOR":500560805000055,"SITUACAO":"Rural","CD_SIT":5,"CD_TIPO":5.0,"CD_AGLOM":500560800002.0,"NM_AGLOM":"Aldeia Indígena Cachoeirinha","CD_TI":7285.0,"TI_FUNAI":7701.0,"NM_TI":"Cachoeirinha","FASE":"Regularizada","C_CR_FUNAI":30202002004.0,"N_CR_FUNAI":"Campo Grande","ALD_FUNAI":2950.0,"VAL_FUNAI":1.0,"ALD_SIASI":49937.0,"VAL_SIASI":1.0,"AMZ_LEG":null,"LAT":-20.195434027810133,"LONG":-56.27835547222222,"fonte":"IBGE, Censo Demográfico 2022, Localidades Indígenas, arquivo atualizado em 19/09/2025","url_fonte":"https://geoftp.ibge.gov.br/organizacao_do_territorio/estrutura_territorial/localidades/localidades_indigenas_2022/"},"geometry":{"coordinates":[-56.27835547222222,-20.195434027810133],"type":"Point"}},{"type":"Feature","properties":{"CD_UF":50,"NM_UF":"Mato Grosso do Sul","CD_MUNIC":5005608,"NM_MUNIC":"Miranda","ID_LI":5000006,"CD_LI":5010069,"OCORRENCIA":1,"NM_LI":"Aldeia Indígena Moreira","CD_SETOR":500560805000061,"SITUACAO":"Rural","CD_SIT":5,"CD_TIPO":5.0,"CD_AGLOM":500560800007.0,"NM_AGLOM":"Aldeia Indígena Moreira","CD_TI":7269.0,"TI_FUNAI":35201.0,"NM_TI":"Pilad Rebuá","FASE":"Regularizada","C_CR_FUNAI":30202002004.0,"N_CR_FUNAI":"Campo Grande","ALD_FUNAI":2970.0,"VAL_FUNAI":1.0,"ALD_SIASI":51847.0,"VAL_SIASI":1.0,"AMZ_LEG":null,"LAT":-20.254298055588013,"LONG":-56.36869611111111,"fonte":"IBGE, Censo Demográfico 2022, Localidades Indígenas, arquivo atualizado em 19/09/2025","url_fonte":"https://geoftp.ibge.gov.br/organizacao_do_territorio/estrutura_territorial/localidades/localidades_indigenas_2022/"},"geometry":{"coordinates":[-56.36869611111111,-20.254298055588013],"type":"Point"}},{"type":"Feature","properties":{"CD_UF":50,"NM_UF":"Mato Grosso do Sul","CD_MUNIC":5000609,"NM_MUNIC":"Amambai","ID_LI":5000007,"CD_LI":5010136,"OCORRENCIA":2,"NM_LI":"Aldeia Indígena Amambai","CD_SETOR":500060905000102,"SITUACAO":"Rural","CD_SIT":8,"CD_TIPO":5.0,"CD_AGLOM":500060900007.0,"NM_AGLOM":"Aldeia Indígena Amambai","CD_TI":7188.0,"TI_FUNAI":1601.0,"NM_TI":"Amambai","FASE":"Regularizada","C_CR_FUNAI":30202002018.0,"N_CR_FUNAI":"Ponta Porã","ALD_FUNAI":3071.0,"VAL_FUNAI":1.0,"ALD_SIASI":null,"VAL_SIASI":null,"AMZ_LEG":null,"LAT":-23.06119388892641,"LONG":-55.20136061111111,"fonte":"IBGE, Censo Demográfico 2022, Localidades Indígenas, arquivo atualizado em 19/09/2025","url_fonte":"https://geoftp.ibge.gov.br/organizacao_do_territorio/estrutura_territorial/localidades/localidades_indigenas_2022/"},"geometry":{"coordinates":[-55.20136061111111,-23.06119388892641],"type":"Point"}},{"type":"Feature","properties":{"CD_UF":50,"NM_UF":"Mato Grosso do Sul","CD_MUNIC":5005608,"NM_MUNIC":"Miranda","ID_LI":5000009,"CD_LI":5010069,"OCORRENCIA":2,"NM_LI":"Aldeia Indígena Moreira","CD_SETOR":500560805000061,"SITUACAO":"Rural","CD_SIT":5,"CD_TIPO":5.0,"CD_AGLOM":500560800007.0,"NM_AGLOM":"Aldeia Indígena Moreira","CD_TI":7269.0,"TI_FUNAI":35201.0,"NM_TI":"Pilad Rebuá","FASE":"Regularizada","C_CR_FUNAI":30202002004.0,"N_CR_FUNAI":"Campo Grande","ALD_FUNAI":2970.0,"VAL_FUNAI":1.0,"ALD_SIASI":51847.0,"VAL_SIASI":1.0,"AMZ_LEG":null,"LAT":-20.251752361143566,"LONG":-56.35931727777778,"fonte":"IBGE, Censo Demográfico 2022, Localidades Indígenas, arquivo atualizado em 19/09/2025","url_fonte":"https://geoftp.ibge.gov.br/organizacao_do_territorio/estrutura_territorial/localidades/localidades_indigenas_2022/"},"geometry":{"coordinates":[-56.35931727777778,-20.251752361143566],"type":"Point"}},{"type":"Feature","properties":{"CD_UF":50,"NM_UF":"Mato Grosso do Sul","CD_MUNIC":5004502,"NM_MUNIC":"Itaporã","ID_LI":5000010,"CD_LI":5010021,"OCORRENCIA":1,"NM_LI":"Aldeia Indígena Bororó","CD_SETOR":500450205000037,"SITUACAO":"Rural","CD_SIT":8,"CD_TIPO":5.0,"CD_AGLOM":500450200006.0,"NM_AGLOM":"Aldeia Indígena Bororó","CD_TI":7307.0,"TI_FUNAI":11101.0,"NM_TI":"Dourados","FASE":"Regularizada","C_CR_FUNAI":30202002011.0,"N_CR_FUNAI":"Dourados","ALD_FUNAI":38.0,"VAL_FUNAI":1.0,"ALD_SIASI":null,"VAL_SIASI":null,"AMZ_LEG":null,"LAT":-22.161666666667,"LONG":-54.863611111111,"fonte":"IBGE, Censo Demográfico 2022, Localidades Indígenas, arquivo atualizado em 19/09/2025","url_fonte":"https://geoftp.ibge.gov.br/organizacao_do_territorio/estrutura_territorial/localidades/localidades_indigenas_2022/"},"geometry":{"coordinates":[-54.863611111111,-22.161666666667],"type":"Point"}},{"type":"Feature","properties":{"CD_UF":50,"NM_UF":"Mato Grosso do Sul","CD_MUNIC":5005608,"NM_MUNIC":"Miranda","ID_LI":5000012,"CD_LI":5010086,"OCORRENCIA":1,"NM_LI":"Aldeia Indígena Passarinho","CD_SETOR":500560805000059,"SITUACAO":"Rural","CD_SIT":5,"CD_TIPO":5.0,"CD_AGLOM":500560800008.0,"NM_AGLOM":"Aldeia Indígena Passarinho","CD_TI":7269.0,"TI_FUNAI":35201.0,"NM_TI":"Pilad Rebuá","FASE":"Regularizada","C_CR_FUNAI":30202002004.0,"N_CR_FUNAI":"Campo Grande","ALD_FUNAI":null,"VAL_FUNAI":null,"ALD_SIASI":51848.0,"VAL_SIASI":1.0,"AMZ_LEG":null,"LAT":-20.260243027810247,"LONG":-56.36679661111112,"fonte":"IBGE, Censo Demográfico 2022, Localidades Indígenas, arquivo atualizado em 19/09/2025","url_fonte":"https://geoftp.ibge.gov.br/organizacao_do_territorio/estrutura_territorial/localidades/localidades_indigenas_2022/"},"geometry":{"coordinates":[-56.36679661111112,-20.260243027810247],"type":"Point"}},{"type":"Feature","properties":{"CD_UF":50,"NM_UF":"Mato Grosso do Sul","CD_MUNIC":5003488,"NM_MUNIC":"Dois Irmãos do Buriti","ID_LI":5000013,"CD_LI":5010017,"OCORRENCIA":1,"NM_LI":"Aldeia Indígena Buriti","CD_SETOR":500348805000022,"SITUACAO":"Rural","CD_SIT":8,"CD_TIPO":5.0,"CD_AGLOM":500348800006.0,"NM_AGLOM":"Aldeia Indígena Buriti","CD_TI":50157.0,"TI_FUNAI":7001.0,"NM_TI":"Buriti","FASE":"Regularizada","C_CR_FUNAI":30202002004.0,"N_CR_FUNAI":"Campo Grande","ALD_FUNAI":null,"VAL_FUNAI":null,"ALD_SIASI":null,"VAL_SIASI":null,"AMZ_LEG":null,"LAT":-20.858219500033528,"LONG":-55.17821211111112,"fonte":"IBGE, Censo Demográfico 2022, Localidades Indígenas, arquivo atualizado em 19/09/2025","url_fonte":"https://geoftp.ibge.gov.br/organizacao_do_territorio/estrutura_territorial/localidades/localidades_indigenas_2022/"},"geometry":{"coordinates":[-55.17821211111112,-20.858219500033528],"type":"Point"}},{"type":"Feature","properties":{"CD_UF":50,"NM_UF":"Mato Grosso do Sul","CD_MUNIC":5003702,"NM_MUNIC":"Dourados","ID_LI":5000014,"CD_LI":5010032,"OCORRENCIA":1,"NM_LI":"Aldeia Indígena Bororó","CD_SETOR":500370205000437,"SITUACAO":"Rural","CD_SIT":8,"CD_TIPO":5.0,"CD_AGLOM":500370200008.0,"NM_AGLOM":"Aldeia Indígena Jaguapiru","CD_TI":7307.0,"TI_FUNAI":11101.0,"NM_TI":"Dourados","FASE":"Regularizada","C_CR_FUNAI":30202002011.0,"N_CR_FUNAI":"Dourados","ALD_FUNAI":null,"VAL_FUNAI":null,"ALD_SIASI":49930.0,"VAL_SIASI":2.0,"AMZ_LEG":null,"LAT":-22.19172058336926,"LONG":-54.85502383333333,"fonte":"IBGE, Censo Demográfico 2022, Localidades Indígenas, arquivo atualizado em 19/09/2025","url_fonte":"https://geoftp.ibge.gov.br/organizacao_do_territorio/estrutura_territorial/localidades/localidades_indigenas_2022/"},"geometry":{"coordinates":[-54.85502383333333,-22.19172058336926],"type":"Point"}},{"type":"Feature","properties":{"CD_UF":50,"NM_UF":"Mato Grosso do Sul","CD_MUNIC":5001102,"NM_MUNIC":"Aquidauana","ID_LI":5000015,"CD_LI":5010156,"OCORRENCIA":1,"NM_LI":"Aldeia Indígena Ipegue","CD_SETOR":500110225000020,"SITUACAO":"Rural","CD_SIT":5,"CD_TIPO":5.0,"CD_AGLOM":500110200009.0,"NM_AGLOM":"Aldeia Indígena Ipegue","CD_TI":7250.0,"TI_FUNAI":44401.0,"NM_TI":"Taunay-Ipegue","FASE":"Regularizada","C_CR_FUNAI":30202002004.0,"N_CR_FUNAI":"Campo Grande","ALD_FUNAI":2972.0,"VAL_FUNAI":1.0,"ALD_SIASI":51165.0,"VAL_SIASI":2.0,"AMZ_LEG":null,"LAT":-20.2326472778102,"LONG":-56.04670138888889,"fonte":"IBGE, Censo Demográfico 2022, Localidades Indígenas, arquivo atualizado em 19/09/2025","url_fonte":"https://geoftp.ibge.gov.br/organizacao_do_territorio/estrutura_territorial/localidades/localidades_indigenas_2022/"},"geometry":{"coordinates":[-56.04670138888889,-20.2326472778102],"type":"Point"}},{"type":"Feature","properties":{"CD_UF":50,"NM_UF":"Mato Grosso do Sul","CD_MUNIC":5001102,"NM_MUNIC":"Aquidauana","ID_LI":5000016,"CD_LI":5010135,"OCORRENCIA":1,"NM_LI":"Aldeia Indígena Bananal","CD_SETOR":500110225000018,"SITUACAO":"Rural","CD_SIT":5,"CD_TIPO":5.0,"CD_AGLOM":500110200005.0,"NM_AGLOM":"Aldeia Indígena Bananal","CD_TI":7250.0,"TI_FUNAI":44401.0,"NM_TI":"Taunay-Ipegue","FASE":"Regularizada","C_CR_FUNAI":30202002004.0,"N_CR_FUNAI":"Campo Grande","ALD_FUNAI":null,"VAL_FUNAI":null,"ALD_SIASI":51017.0,"VAL_SIASI":2.0,"AMZ_LEG":null,"LAT":-20.24960097225467,"LONG":-56.06768586111111,"fonte":"IBGE, Censo Demográfico 2022, Localidades Indígenas, arquivo atualizado em 19/09/2025","url_fonte":"https://geoftp.ibge.gov.br/organizacao_do_territorio/estrutura_territorial/localidades/localidades_indigenas_2022/"},"geometry":{"coordinates":[-56.06768586111111,-20.24960097225467],"type":"Point"}},{"type":"Feature","properties":{"CD_UF":50,"NM_UF":"Mato Grosso do Sul","CD_MUNIC":5005608,"NM_MUNIC":"Miranda","ID_LI":5000017,"CD_LI":5010086,"OCORRENCIA":2,"NM_LI":"Aldeia Indígena Passarinho","CD_SETOR":500560805000059,"SITUACAO":"Rural","CD_SIT":5,"CD_TIPO":5.0,"CD_AGLOM":500560800008.0,"NM_AGLOM":"Aldeia Indígena Passarinho","CD_TI":7269.0,"TI_FUNAI":35201.0,"NM_TI":"Pilad Rebuá","FASE":"Regularizada","C_CR_FUNAI":30202002004.0,"N_CR_FUNAI":"Campo Grande","ALD_FUNAI":null,"VAL_FUNAI":null,"ALD_SIASI":51848.0,"VAL_SIASI":1.0,"AMZ_LEG":null,"LAT":-20.25769430558801,"LONG":-56.361856805555554,"fonte":"IBGE, Censo Demográfico 2022, Localidades Indígenas, arquivo atualizado em 19/09/2025","url_fonte":"https://geoftp.ibge.gov.br/organizacao_do_territorio/estrutura_territorial/localidades/localidades_indigenas_2022/"},"geometry":{"coordinates":[-56.361856805555554,-20.25769430558801],"type":"Point"}},{"type":"Feature","properties":{"CD_UF":50,"NM_UF":"Mato Grosso do Sul","CD_MUNIC":5007901,"NM_MUNIC":"Sidrolândia","ID_LI":5000018,"CD_LI":5010019,"OCORRENCIA":1,"NM_LI":"Aldeia Córrego do Meio","CD_SETOR":500790105000076,"SITUACAO":"Rural","CD_SIT":7,"CD_TIPO":5.0,"CD_AGLOM":500790100003.0,"NM_AGLOM":"Aldeia Indígena Córrego do Meio","CD_TI":50157.0,"TI_FUNAI":7001.0,"NM_TI":"Buriti","FASE":"Regularizada","C_CR_FUNAI":30202002004.0,"N_CR_FUNAI":"Campo Grande","ALD_FUNAI":null,"VAL_FUNAI":null,"ALD_SIASI":null,"VAL_SIASI":null,"AMZ_LEG":null,"LAT":-20.869345416700213,"LONG":-55.17746136111111,"fonte":"IBGE, Censo Demográfico 2022, Localidades Indígenas, arquivo atualizado em 19/09/2025","url_fonte":"https://geoftp.ibge.gov.br/organizacao_do_territorio/estrutura_territorial/localidades/localidades_indigenas_2022/"},"geometry":{"coordinates":[-55.17746136111111,-20.869345416700213],"type":"Point"}},{"type":"Feature","properties":{"CD_UF":50,"NM_UF":"Mato Grosso do Sul","CD_MUNIC":5001102,"NM_MUNIC":"Aquidauana","ID_LI":5000019,"CD_LI":5010087,"OCORRENCIA":1,"NM_LI":"Aldeia Indígena Lagoinha","CD_SETOR":500110225000004,"SITUACAO":"Rural","CD_SIT":8,"CD_TIPO":5.0,"CD_AGLOM":500110200002.0,"NM_AGLOM":"Aldeia Indígena Lagoinha","CD_TI":7250.0,"TI_FUNAI":44401.0,"NM_TI":"Taunay-Ipegue","FASE":"Regularizada","C_CR_FUNAI":30202002004.0,"N_CR_FUNAI":"Campo Grande","ALD_FUNAI":2974.0,"VAL_FUNAI":2.0,"ALD_SIASI":51020.0,"VAL_SIASI":2.0,"AMZ_LEG":null,"LAT":-20.27053626112196,"LONG":-56.07494172538519,"fonte":"IBGE, Censo Demográfico 2022, Localidades Indígenas, arquivo atualizado em 19/09/2025","url_fonte":"https://geoftp.ibge.gov.br/organizacao_do_territorio/estrutura_territorial/localidades/localidades_indigenas_2022/"},"geometry":{"coordinates":[-56.07494172538519,-20.27053626112196],"type":"Point"}},{"type":"Feature","properties":{"CD_UF":50,"NM_UF":"Mato Grosso do Sul","CD_MUNIC":5000609,"NM_MUNIC":"Amambai","ID_LI":5000020,"CD_LI":5010037,"OCORRENCIA":1,"NM_LI":"Aldeia Indígena Limão Verde","CD_SETOR":500060905000095,"SITUACAO":"Rural","CD_SIT":8,"CD_TIPO":5.0,"CD_AGLOM":500060900001.0,"NM_AGLOM":"Aldeia Indígena Limão Verde","CD_TI":7129.0,"TI_FUNAI":801.0,"NM_TI":"Aldeia Limão Verde","FASE":"Regularizada","C_CR_FUNAI":30202002018.0,"N_CR_FUNAI":"Ponta Porã","ALD_FUNAI":3073.0,"VAL_FUNAI":1.0,"ALD_SIASI":51838.0,"VAL_SIASI":1.0,"AMZ_LEG":null,"LAT":-23.1869666667,"LONG":-55.2077416667,"fonte":"IBGE, Censo Demográfico 2022, Localidades Indígenas, arquivo atualizado em 19/09/2025","url_fonte":"https://geoftp.ibge.gov.br/organizacao_do_territorio/estrutura_territorial/localidades/localidades_indigenas_2022/"},"geometry":{"coordinates":[-55.2077416667,-23.1869666667],"type":"Point"}},{"type":"Feature","properties":{"CD_UF":50,"NM_UF":"Mato Grosso do Sul","CD_MUNIC":5000609,"NM_MUNIC":"Amambai","ID_LI":5000021,"CD_LI":5010037,"OCORRENCIA":2,"NM_LI":"Aldeia Indígena Limão Verde","CD_SETOR":500060905000095,"SITUACAO":"Rural","CD_SIT":8,"CD_TIPO":5.0,"CD_AGLOM":500060900001.0,"NM_AGLOM":"Aldeia Indígena Limão Verde","CD_TI":7129.0,"TI_FUNAI":801.0,"NM_TI":"Aldeia Limão Verde","FASE":"Regularizada","C_CR_FUNAI":30202002018.0,"N_CR_FUNAI":"Ponta Porã","ALD_FUNAI":3073.0,"VAL_FUNAI":1.0,"ALD_SIASI":51838.0,"VAL_SIASI":1.0,"AMZ_LEG":null,"LAT":-23.19099300003776,"LONG":-55.20780775,"fonte":"IBGE, Censo Demográfico 2022, Localidades Indígenas, arquivo atualizado em 19/09/2025","url_fonte":"https://geoftp.ibge.gov.br/organizacao_do_territorio/estrutura_territorial/localidades/localidades_indigenas_2022/"},"geometry":{"coordinates":[-55.20780775,-23.19099300003776],"type":"Point"}},{"type":"Feature","properties":{"CD_UF":50,"NM_UF":"Mato Grosso do Sul","CD_MUNIC":5005608,"NM_MUNIC":"Miranda","ID_LI":5000022,"CD_LI":5010028,"OCORRENCIA":1,"NM_LI":"Aldeia Indígena Argola","CD_SETOR":500560805000053,"SITUACAO":"Rural","CD_SIT":5,"CD_TIPO":5.0,"CD_AGLOM":500560800001.0,"NM_AGLOM":"Aldeia Indígena Argola","CD_TI":7285.0,"TI_FUNAI":7701.0,"NM_TI":"Cachoeirinha","FASE":"Regularizada","C_CR_FUNAI":30202002004.0,"N_CR_FUNAI":"Campo Grande","ALD_FUNAI":2951.0,"VAL_FUNAI":1.0,"ALD_SIASI":49936.0,"VAL_SIASI":1.0,"AMZ_LEG":null,"LAT":-20.200168611143475,"LONG":-56.29777502777778,"fonte":"IBGE, Censo Demográfico 2022, Localidades Indígenas, arquivo atualizado em 19/09/2025","url_fonte":"https://geoftp.ibge.gov.br/organizacao_do_territorio/estrutura_territorial/localidades/localidades_indigenas_2022/"},"geometry":{"coordinates":[-56.29777502777778,-20.200168611143475],"type":"Point"}},{"type":"Feature","properties":{"CD_UF":50,"NM_UF":"Mato Grosso do Sul","CD_MUNIC":5005608,"NM_MUNIC":"Miranda","ID_LI":5000023,"CD_LI":5010143,"OCORRENCIA":1,"NM_LI":"Aldeia Indígena Lalima","CD_SETOR":500560805000052,"SITUACAO":"Rural","CD_SIT":8,"CD_TIPO":5.0,"CD_AGLOM":500560800009.0,"NM_AGLOM":"Aldeia Indígena Lalima","CD_TI":7277.0,"TI_FUNAI":25101.0,"NM_TI":"Lalima","FASE":"Regularizada","C_CR_FUNAI":30202002004.0,"N_CR_FUNAI":"Campo Grande","ALD_FUNAI":2960.0,"VAL_FUNAI":1.0,"ALD_SIASI":49938.0,"VAL_SIASI":1.0,"AMZ_LEG":null,"LAT":-20.56629397225524,"LONG":-56.28464569444444,"fonte":"IBGE, Censo Demográfico 2022, Localidades Indígenas, arquivo atualizado em 19/09/2025","url_fonte":"https://geoftp.ibge.gov.br/organizacao_do_territorio/estrutura_territorial/localidades/localidades_indigenas_2022/"},"geometry":{"coordinates":[-56.28464569444444,-20.56629397225524],"type":"Point"}},{"type":"Feature","properties":{"CD_UF":50,"NM_UF":"Mato Grosso do Sul","CD_MUNIC":5003488,"NM_MUNIC":"Dois Irmãos do Buriti","ID_LI":5000024,"CD_LI":5010093,"OCORRENCIA":1,"NM_LI":"Aldeia Indígena Água Azul","CD_SETOR":500348805000026,"SITUACAO":"Rural","CD_SIT":8,"CD_TIPO":5.0,"CD_AGLOM":500348800010.0,"NM_AGLOM":"Aldeia Indígena Água Azul","CD_TI":50157.0,"TI_FUNAI":7001.0,"NM_TI":"Buriti","FASE":"Regularizada","C_CR_FUNAI":30202002004.0,"N_CR_FUNAI":"Campo Grande","ALD_FUNAI":null,"VAL_FUNAI":null,"ALD_SIASI":null,"VAL_SIASI":null,"AMZ_LEG":null,"LAT":-20.876127611144668,"LONG":-55.20038980555556,"fonte":"IBGE, Censo Demográfico 2022, Localidades Indígenas, arquivo atualizado em 19/09/2025","url_fonte":"https://geoftp.ibge.gov.br/organizacao_do_territorio/estrutura_territorial/localidades/localidades_indigenas_2022/"},"geometry":{"coordinates":[-55.20038980555556,-20.876127611144668],"type":"Point"}},{"type":"Feature","properties":{"CD_UF":50,"NM_UF":"Mato Grosso do Sul","CD_MUNIC":5000609,"NM_MUNIC":"Amambai","ID_LI":5000025,"CD_LI":5010136,"OCORRENCIA":3,"NM_LI":"Aldeia Indígena Amambai","CD_SETOR":500060905000086,"SITUACAO":"Rural","CD_SIT":8,"CD_TIPO":5.0,"CD_AGLOM":500060900007.0,"NM_AGLOM":"Aldeia Indígena Amambai","CD_TI":7188.0,"TI_FUNAI":1601.0,"NM_TI":"Amambai","FASE":"Regularizada","C_CR_FUNAI":30202002018.0,"N_CR_FUNAI":"Ponta Porã","ALD_FUNAI":3071.0,"VAL_FUNAI":1.0,"ALD_SIASI":null,"VAL_SIASI":null,"AMZ_LEG":null,"LAT":-23.077042416704224,"LONG":-55.19635377777779,"fonte":"IBGE, Censo Demográfico 2022, Localidades Indígenas, arquivo atualizado em 19/09/2025","url_fonte":"https://geoftp.ibge.gov.br/organizacao_do_territorio/estrutura_territorial/localidades/localidades_indigenas_2022/"},"geometry":{"coordinates":[-55.19635377777779,-23.077042416704224],"type":"Point"}},{"type":"Feature","properties":{"CD_UF":50,"NM_UF":"Mato Grosso do Sul","CD_MUNIC":5007901,"NM_MUNIC":"Sidrolândia","ID_LI":5000026,"CD_LI":5010141,"OCORRENCIA":1,"NM_LI":"Aldeia Indígena Lagoinha","CD_SETOR":500790105000077,"SITUACAO":"Rural","CD_SIT":7,"CD_TIPO":5.0,"CD_AGLOM":500790100025.0,"NM_AGLOM":"Aldeia Indígena Lagoinha","CD_TI":50157.0,"TI_FUNAI":7001.0,"NM_TI":"Buriti","FASE":"Regularizada","C_CR_FUNAI":30202002004.0,"N_CR_FUNAI":"Campo Grande","ALD_FUNAI":null,"VAL_FUNAI":null,"ALD_SIASI":null,"VAL_SIASI":null,"AMZ_LEG":null,"LAT":-20.876856944478003,"LONG":-55.18394541666667,"fonte":"IBGE, Censo Demográfico 2022, Localidades Indígenas, arquivo atualizado em 19/09/2025","url_fonte":"https://geoftp.ibge.gov.br/organizacao_do_territorio/estrutura_territorial/localidades/localidades_indigenas_2022/"},"geometry":{"coordinates":[-55.18394541666667,-20.876856944478003],"type":"Point"}},{"type":"Feature","properties":{"CD_UF":50,"NM_UF":"Mato Grosso do Sul","CD_MUNIC":5000609,"NM_MUNIC":"Amambai","ID_LI":5000027,"CD_LI":5010136,"OCORRENCIA":4,"NM_LI":"Aldeia Indígena Amambai","CD_SETOR":500060905000086,"SITUACAO":"Rural","CD_SIT":8,"CD_TIPO":5.0,"CD_AGLOM":500060900007.0,"NM_AGLOM":"Aldeia Indígena Amambai","CD_TI":7188.0,"TI_FUNAI":1601.0,"NM_TI":"Amambai","FASE":"Regularizada","C_CR_FUNAI":30202002018.0,"N_CR_FUNAI":"Ponta Porã","ALD_FUNAI":3071.0,"VAL_FUNAI":1.0,"ALD_SIASI":null,"VAL_SIASI":null,"AMZ_LEG":null,"LAT":-23.079743194482,"LONG":-55.190728666666665,"fonte":"IBGE, Censo Demográfico 2022, Localidades Indígenas, arquivo atualizado em 19/09/2025","url_fonte":"https://geoftp.ibge.gov.br/organizacao_do_territorio/estrutura_territorial/localidades/localidades_indigenas_2022/"},"geometry":{"coordinates":[-55.190728666666665,-23.079743194482],"type":"Point"}},{"type":"Feature","properties":{"CD_UF":50,"NM_UF":"Mato Grosso do Sul","CD_MUNIC":5001102,"NM_MUNIC":"Aquidauana","ID_LI":5000028,"CD_LI":5010119,"OCORRENCIA":1,"NM_LI":"Aldeia Indígena Água Branca","CD_SETOR":500110225000006,"SITUACAO":"Rural","CD_SIT":8,"CD_TIPO":5.0,"CD_AGLOM":500110200004.0,"NM_AGLOM":"Aldeia Indígena Água Branca","CD_TI":7250.0,"TI_FUNAI":44401.0,"NM_TI":"Taunay-Ipegue","FASE":"Regularizada","C_CR_FUNAI":30202002004.0,"N_CR_FUNAI":"Campo Grande","ALD_FUNAI":2976.0,"VAL_FUNAI":1.0,"ALD_SIASI":48456.0,"VAL_SIASI":2.0,"AMZ_LEG":null,"LAT":-20.27545002781028,"LONG":-56.0484795,"fonte":"IBGE, Censo Demográfico 2022, Localidades Indígenas, arquivo atualizado em 19/09/2025","url_fonte":"https://geoftp.ibge.gov.br/organizacao_do_territorio/estrutura_territorial/localidades/localidades_indigenas_2022/"},"geometry":{"coordinates":[-56.0484795,-20.27545002781028],"type":"Point"}},{"type":"Feature","properties":{"CD_UF":50,"NM_UF":"Mato Grosso do Sul","CD_MUNIC":5001102,"NM_MUNIC":"Aquidauana","ID_LI":5000029,"CD_LI":5010119,"OCORRENCIA":2,"NM_LI":"Aldeia Indígena Água Branca","CD_SETOR":500110225000006,"SITUACAO":"Rural","CD_SIT":8,"CD_TIPO":5.0,"CD_AGLOM":500110200004.0,"NM_AGLOM":"Aldeia Indígena Água Branca","CD_TI":7250.0,"TI_FUNAI":44401.0,"NM_TI":"Taunay-Ipegue","FASE":"Regularizada","C_CR_FUNAI":30202002004.0,"N_CR_FUNAI":"Campo Grande","ALD_FUNAI":2976.0,"VAL_FUNAI":1.0,"ALD_SIASI":48456.0,"VAL_SIASI":2.0,"AMZ_LEG":null,"LAT":-20.2728472222,"LONG":-56.0441694444,"fonte":"IBGE, Censo Demográfico 2022, Localidades Indígenas, arquivo atualizado em 19/09/2025","url_fonte":"https://geoftp.ibge.gov.br/organizacao_do_territorio/estrutura_territorial/localidades/localidades_indigenas_2022/"},"geometry":{"coordinates":[-56.0441694444,-20.2728472222],"type":"Point"}},{"type":"Feature","properties":{"CD_UF":50,"NM_UF":"Mato Grosso do Sul","CD_MUNIC":5001102,"NM_MUNIC":"Aquidauana","ID_LI":5000030,"CD_LI":5010129,"OCORRENCIA":1,"NM_LI":"Aldeia Indígena Limão Verde","CD_SETOR":500110205000053,"SITUACAO":"Rural","CD_SIT":8,"CD_TIPO":5.0,"CD_AGLOM":500110200012.0,"NM_AGLOM":"Aldeia Indígena Limão Verde","CD_TI":7242.0,"TI_FUNAI":25701.0,"NM_TI":"Limão Verde","FASE":"Regularizada","C_CR_FUNAI":30202002004.0,"N_CR_FUNAI":"Campo Grande","ALD_FUNAI":2962.0,"VAL_FUNAI":1.0,"ALD_SIASI":null,"VAL_SIASI":null,"AMZ_LEG":null,"LAT":-20.325873583365915,"LONG":-55.68525911111112,"fonte":"IBGE, Censo Demográfico 2022, Localidades Indígenas, arquivo atualizado em 19/09/2025","url_fonte":"https://geoftp.ibge.gov.br/organizacao_do_territorio/estrutura_territorial/localidades/localidades_indigenas_2022/"},"geometry":{"coordinates":[-55.68525911111112,-20.325873583365915],"type":"Point"}},{"type":"Feature","properties":{"CD_UF":50,"NM_UF":"Mato Grosso do Sul","CD_MUNIC":5006903,"NM_MUNIC":"Porto Murtinho","ID_LI":5000031,"CD_LI":5010134,"OCORRENCIA":1,"NM_LI":"Aldeia Indígena Tomásia","CD_SETOR":500690305000040,"SITUACAO":"Rural","CD_SIT":8,"CD_TIPO":5.0,"CD_AGLOM":500690300003.0,"NM_AGLOM":"Aldeia Indígena Tomazia","CD_TI":3328.0,"TI_FUNAI":20001.0,"NM_TI":"Kadiwéu","FASE":"Regularizada","C_CR_FUNAI":30202002004.0,"N_CR_FUNAI":"Campo Grande","ALD_FUNAI":2958.0,"VAL_FUNAI":1.0,"ALD_SIASI":49941.0,"VAL_SIASI":2.0,"AMZ_LEG":null,"LAT":-20.81615163892234,"LONG":-57.22338830555556,"fonte":"IBGE, Censo Demográfico 2022, Localidades Indígenas, arquivo atualizado em 19/09/2025","url_fonte":"https://geoftp.ibge.gov.br/organizacao_do_territorio/estrutura_territorial/localidades/localidades_indigenas_2022/"},"geometry":{"coordinates":[-57.22338830555556,-20.81615163892234],"type":"Point"}},{"type":"Feature","properties":{"CD_UF":50,"NM_UF":"Mato Grosso do Sul","CD_MUNIC":5006358,"NM_MUNIC":"Paranhos","ID_LI":5000032,"CD_LI":5010060,"OCORRENCIA":1,"NM_LI":"Aldeia Indígena Pirajuy","CD_SETOR":500635805000012,"SITUACAO":"Rural","CD_SIT":8,"CD_TIPO":5.0,"CD_AGLOM":500635800011.0,"NM_AGLOM":"Aldeia Indígena Pirajuí","CD_TI":7170.0,"TI_FUNAI":35901.0,"NM_TI":"Pirajuí","FASE":"Regularizada","C_CR_FUNAI":30202002018.0,"N_CR_FUNAI":"Ponta Porã","ALD_FUNAI":3111.0,"VAL_FUNAI":1.0,"ALD_SIASI":null,"VAL_SIASI":null,"AMZ_LEG":null,"LAT":-23.945272277816944,"LONG":-55.30002091666666,"fonte":"IBGE, Censo Demográfico 2022, Localidades Indígenas, arquivo atualizado em 19/09/2025","url_fonte":"https://geoftp.ibge.gov.br/organizacao_do_territorio/estrutura_territorial/localidades/localidades_indigenas_2022/"},"geometry":{"coordinates":[-55.30002091666666,-23.945272277816944],"type":"Point"}},{"type":"Feature","properties":{"CD_UF":50,"NM_UF":"Mato Grosso do Sul","CD_MUNIC":5005608,"NM_MUNIC":"Miranda","ID_LI":5000033,"CD_LI":5010143,"OCORRENCIA":2,"NM_LI":"Aldeia Indígena Lalima","CD_SETOR":500560805000051,"SITUACAO":"Rural","CD_SIT":8,"CD_TIPO":5.0,"CD_AGLOM":500560800009.0,"NM_AGLOM":"Aldeia Indígena Lalima","CD_TI":7277.0,"TI_FUNAI":25101.0,"NM_TI":"Lalima","FASE":"Regularizada","C_CR_FUNAI":30202002004.0,"N_CR_FUNAI":"Campo Grande","ALD_FUNAI":2960.0,"VAL_FUNAI":1.0,"ALD_SIASI":49938.0,"VAL_SIASI":1.0,"AMZ_LEG":null,"LAT":-20.56197011114411,"LONG":-56.28647336111111,"fonte":"IBGE, Censo Demográfico 2022, Localidades Indígenas, arquivo atualizado em 19/09/2025","url_fonte":"https://geoftp.ibge.gov.br/organizacao_do_territorio/estrutura_territorial/localidades/localidades_indigenas_2022/"},"geometry":{"coordinates":[-56.28647336111111,-20.56197011114411],"type":"Point"}},{"type":"Feature","properties":{"CD_UF":50,"NM_UF":"Mato Grosso do Sul","CD_MUNIC":5005806,"NM_MUNIC":"Nioaque","ID_LI":5000034,"CD_LI":5010053,"OCORRENCIA":1,"NM_LI":"Aldeia Indígena Cabeceira","CD_SETOR":500580605000043,"SITUACAO":"Rural","CD_SIT":8,"CD_TIPO":5.0,"CD_AGLOM":500580600014.0,"NM_AGLOM":"Aldeia Indígena Cabeceira","CD_TI":7234.0,"TI_FUNAI":30601.0,"NM_TI":"Nioaque","FASE":"Regularizada","C_CR_FUNAI":30202002004.0,"N_CR_FUNAI":"Campo Grande","ALD_FUNAI":2968.0,"VAL_FUNAI":1.0,"ALD_SIASI":null,"VAL_SIASI":null,"AMZ_LEG":null,"LAT":-21.162318777811848,"LONG":-55.77698461111111,"fonte":"IBGE, Censo Demográfico 2022, Localidades Indígenas, arquivo atualizado em 19/09/2025","url_fonte":"https://geoftp.ibge.gov.br/organizacao_do_territorio/estrutura_territorial/localidades/localidades_indigenas_2022/"},"geometry":{"coordinates":[-55.77698461111111,-21.162318777811848],"type":"Point"}},{"type":"Feature","properties":{"CD_UF":50,"NM_UF":"Mato Grosso do Sul","CD_MUNIC":5005608,"NM_MUNIC":"Miranda","ID_LI":5000035,"CD_LI":5010028,"OCORRENCIA":2,"NM_LI":"Aldeia Indígena Argola","CD_SETOR":500560805000053,"SITUACAO":"Rural","CD_SIT":5,"CD_TIPO":5.0,"CD_AGLOM":500560800001.0,"NM_AGLOM":"Aldeia Indígena Argola","CD_TI":7285.0,"TI_FUNAI":7701.0,"NM_TI":"Cachoeirinha","FASE":"Regularizada","C_CR_FUNAI":30202002004.0,"N_CR_FUNAI":"Campo Grande","ALD_FUNAI":2951.0,"VAL_FUNAI":1.0,"ALD_SIASI":49936.0,"VAL_SIASI":1.0,"AMZ_LEG":null,"LAT":-20.192672694476787,"LONG":-56.29369586111111,"fonte":"IBGE, Censo Demográfico 2022, Localidades Indígenas, arquivo atualizado em 19/09/2025","url_fonte":"https://geoftp.ibge.gov.br/organizacao_do_territorio/estrutura_territorial/localidades/localidades_indigenas_2022/"},"geometry":{"coordinates":[-56.29369586111111,-20.192672694476787],"type":"Point"}},{"type":"Feature","properties":{"CD_UF":50,"NM_UF":"Mato Grosso do Sul","CD_MUNIC":5003488,"NM_MUNIC":"Dois Irmãos do Buriti","ID_LI":5000036,"CD_LI":5010126,"OCORRENCIA":1,"NM_LI":"Aldeia Indígena Recanto","CD_SETOR":500348805000025,"SITUACAO":"Rural","CD_SIT":8,"CD_TIPO":5.0,"CD_AGLOM":500348800009.0,"NM_AGLOM":"Aldeia Indígena Recanto","CD_TI":50157.0,"TI_FUNAI":7001.0,"NM_TI":"Buriti","FASE":"Regularizada","C_CR_FUNAI":30202002004.0,"N_CR_FUNAI":"Campo Grande","ALD_FUNAI":null,"VAL_FUNAI":null,"ALD_SIASI":null,"VAL_SIASI":null,"AMZ_LEG":null,"LAT":-20.869702333366885,"LONG":-55.18973025,"fonte":"IBGE, Censo Demográfico 2022, Localidades Indígenas, arquivo atualizado em 19/09/2025","url_fonte":"https://geoftp.ibge.gov.br/organizacao_do_territorio/estrutura_territorial/localidades/localidades_indigenas_2022/"},"geometry":{"coordinates":[-55.18973025,-20.869702333366885],"type":"Point"}},{"type":"Feature","properties":{"CD_UF":50,"NM_UF":"Mato Grosso do Sul","CD_MUNIC":5005806,"NM_MUNIC":"Nioaque","ID_LI":5000037,"CD_LI":5010116,"OCORRENCIA":1,"NM_LI":"Aldeia Indígena Taboquinha","CD_SETOR":500580605000045,"SITUACAO":"Rural","CD_SIT":8,"CD_TIPO":5.0,"CD_AGLOM":500580600016.0,"NM_AGLOM":"Aldeia Indígena Taboquinha","CD_TI":7234.0,"TI_FUNAI":30601.0,"NM_TI":"Nioaque","FASE":"Regularizada","C_CR_FUNAI":30202002004.0,"N_CR_FUNAI":"Campo Grande","ALD_FUNAI":2967.0,"VAL_FUNAI":1.0,"ALD_SIASI":null,"VAL_SIASI":null,"AMZ_LEG":null,"LAT":-21.14680591670072,"LONG":-55.75810741666668,"fonte":"IBGE, Censo Demográfico 2022, Localidades Indígenas, arquivo atualizado em 19/09/2025","url_fonte":"https://geoftp.ibge.gov.br/organizacao_do_territorio/estrutura_territorial/localidades/localidades_indigenas_2022/"},"geometry":{"coordinates":[-55.75810741666668,-21.14680591670072],"type":"Point"}},{"type":"Feature","properties":{"CD_UF":50,"NM_UF":"Mato Grosso do Sul","CD_MUNIC":5005608,"NM_MUNIC":"Miranda","ID_LI":5000040,"CD_LI":5010143,"OCORRENCIA":3,"NM_LI":"Aldeia Indígena Lalima","CD_SETOR":500560805000052,"SITUACAO":"Rural","CD_SIT":8,"CD_TIPO":5.0,"CD_AGLOM":500560800009.0,"NM_AGLOM":"Aldeia Indígena Lalima","CD_TI":7277.0,"TI_FUNAI":25101.0,"NM_TI":"Lalima","FASE":"Regularizada","C_CR_FUNAI":30202002004.0,"N_CR_FUNAI":"Campo Grande","ALD_FUNAI":2960.0,"VAL_FUNAI":1.0,"ALD_SIASI":49938.0,"VAL_SIASI":1.0,"AMZ_LEG":null,"LAT":-20.552183250032986,"LONG":-56.281799333333325,"fonte":"IBGE, Censo Demográfico 2022, Localidades Indígenas, arquivo atualizado em 19/09/2025","url_fonte":"https://geoftp.ibge.gov.br/organizacao_do_territorio/estrutura_territorial/localidades/localidades_indigenas_2022/"},"geometry":{"coordinates":[-56.281799333333325,-20.552183250032986],"type":"Point"}},{"type":"Feature","properties":{"CD_UF":50,"NM_UF":"Mato Grosso do Sul","CD_MUNIC":5006358,"NM_MUNIC":"Paranhos","ID_LI":5000041,"CD_LI":5010060,"OCORRENCIA":2,"NM_LI":"Aldeia Indígena Pirajuy","CD_SETOR":500635805000012,"SITUACAO":"Rural","CD_SIT":8,"CD_TIPO":5.0,"CD_AGLOM":500635800011.0,"NM_AGLOM":"Aldeia Indígena Pirajuí","CD_TI":7170.0,"TI_FUNAI":35901.0,"NM_TI":"Pirajuí","FASE":"Regularizada","C_CR_FUNAI":30202002018.0,"N_CR_FUNAI":"Ponta Porã","ALD_FUNAI":3111.0,"VAL_FUNAI":1.0,"ALD_SIASI":null,"VAL_SIASI":null,"AMZ_LEG":null,"LAT":-23.932178527816923,"LONG":-55.293613416666666,"fonte":"IBGE, Censo Demográfico 2022, Localidades Indígenas, arquivo atualizado em 19/09/2025","url_fonte":"https://geoftp.ibge.gov.br/organizacao_do_territorio/estrutura_territorial/localidades/localidades_indigenas_2022/"},"geometry":{"coordinates":[-55.293613416666666,-23.932178527816923],"type":"Point"}},{"type":"Feature","properties":{"CD_UF":50,"NM_UF":"Mato Grosso do Sul","CD_MUNIC":5005608,"NM_MUNIC":"Miranda","ID_LI":5000042,"CD_LI":5010001,"OCORRENCIA":1,"NM_LI":"Aldeia Indígena Morrinho","CD_SETOR":500560805000056,"SITUACAO":"Rural","CD_SIT":5,"CD_TIPO":5.0,"CD_AGLOM":500560800010.0,"NM_AGLOM":"Aldeia Indígena Morrinho","CD_TI":7285.0,"TI_FUNAI":7701.0,"NM_TI":"Cachoeirinha","FASE":"Regularizada","C_CR_FUNAI":30202002004.0,"N_CR_FUNAI":"Campo Grande","ALD_FUNAI":2949.0,"VAL_FUNAI":1.0,"ALD_SIASI":51489.0,"VAL_SIASI":1.0,"AMZ_LEG":null,"LAT":-20.174403166698983,"LONG":-56.28414872222221,"fonte":"IBGE, Censo Demográfico 2022, Localidades Indígenas, arquivo atualizado em 19/09/2025","url_fonte":"https://geoftp.ibge.gov.br/organizacao_do_territorio/estrutura_territorial/localidades/localidades_indigenas_2022/"},"geometry":{"coordinates":[-56.28414872222221,-20.174403166698983],"type":"Point"}},{"type":"Feature","properties":{"CD_UF":50,"NM_UF":"Mato Grosso do Sul","CD_MUNIC":5000906,"NM_MUNIC":"Antônio João","ID_LI":5000043,"CD_LI":5010070,"OCORRENCIA":1,"NM_LI":"Aldeia Ñanderu Marangatu","CD_SETOR":500090610000005,"SITUACAO":"Rural","CD_SIT":8,"CD_TIPO":5.0,"CD_AGLOM":500090600002.0,"NM_AGLOM":"Aldeia Indígena Marangatu","CD_TI":50166.0,"TI_FUNAI":30301.0,"NM_TI":"Ñande Ru Marangatu","FASE":"Declarada","C_CR_FUNAI":30202002018.0,"N_CR_FUNAI":"Ponta Porã","ALD_FUNAI":3184.0,"VAL_FUNAI":1.0,"ALD_SIASI":49928.0,"VAL_SIASI":1.0,"AMZ_LEG":null,"LAT":-22.21147863892485,"LONG":-56.05618777777778,"fonte":"IBGE, Censo Demográfico 2022, Localidades Indígenas, arquivo atualizado em 19/09/2025","url_fonte":"https://geoftp.ibge.gov.br/organizacao_do_territorio/estrutura_territorial/localidades/localidades_indigenas_2022/"},"geometry":{"coordinates":[-56.05618777777778,-22.21147863892485],"type":"Point"}},{"type":"Feature","properties":{"CD_UF":50,"NM_UF":"Mato Grosso do Sul","CD_MUNIC":5005806,"NM_MUNIC":"Nioaque","ID_LI":5000044,"CD_LI":5010018,"OCORRENCIA":1,"NM_LI":"Aldeia Indígena Brejão","CD_SETOR":500580605000046,"SITUACAO":"Rural","CD_SIT":8,"CD_TIPO":5.0,"CD_AGLOM":500580600017.0,"NM_AGLOM":"Aldeia Indígena Brejão","CD_TI":7234.0,"TI_FUNAI":30601.0,"NM_TI":"Nioaque","FASE":"Regularizada","C_CR_FUNAI":30202002004.0,"N_CR_FUNAI":"Campo Grande","ALD_FUNAI":2964.0,"VAL_FUNAI":1.0,"ALD_SIASI":null,"VAL_SIASI":null,"AMZ_LEG":null,"LAT":-21.14508000003405,"LONG":-55.721876027777775,"fonte":"IBGE, Censo Demográfico 2022, Localidades Indígenas, arquivo atualizado em 19/09/2025","url_fonte":"https://geoftp.ibge.gov.br/organizacao_do_territorio/estrutura_territorial/localidades/localidades_indigenas_2022/"},"geometry":{"coordinates":[-55.721876027777775,-21.14508000003405],"type":"Point"}},{"type":"Feature","properties":{"CD_UF":50,"NM_UF":"Mato Grosso do Sul","CD_MUNIC":5005608,"NM_MUNIC":"Miranda","ID_LI":5000045,"CD_LI":5010104,"OCORRENCIA":1,"NM_LI":"Aldeia Indígena Babaçú","CD_SETOR":500560805000063,"SITUACAO":"Rural","CD_SIT":5,"CD_TIPO":5.0,"CD_AGLOM":500560800012.0,"NM_AGLOM":"Aldeia Indígena Babaçu","CD_TI":7285.0,"TI_FUNAI":7701.0,"NM_TI":"Cachoeirinha","FASE":"Regularizada","C_CR_FUNAI":30202002004.0,"N_CR_FUNAI":"Campo Grande","ALD_FUNAI":null,"VAL_FUNAI":null,"ALD_SIASI":51846.0,"VAL_SIASI":1.0,"AMZ_LEG":null,"LAT":-20.206371333365706,"LONG":-56.2915625,"fonte":"IBGE, Censo Demográfico 2022, Localidades Indígenas, arquivo atualizado em 19/09/2025","url_fonte":"https://geoftp.ibge.gov.br/organizacao_do_territorio/estrutura_territorial/localidades/localidades_indigenas_2022/"},"geometry":{"coordinates":[-56.2915625,-20.206371333365706],"type":"Point"}},{"type":"Feature","properties":{"CD_UF":50,"NM_UF":"Mato Grosso do Sul","CD_MUNIC":5003157,"NM_MUNIC":"Coronel Sapucaia","ID_LI":5000046,"CD_LI":5010066,"OCORRENCIA":1,"NM_LI":"Aldeia Indígena Taquaperi","CD_SETOR":500315705000026,"SITUACAO":"Rural","CD_SIT":8,"CD_TIPO":5.0,"CD_AGLOM":500315700002.0,"NM_AGLOM":"Aldeia Indígena Taquaperi","CD_TI":7218.0,"TI_FUNAI":44101.0,"NM_TI":"Taquaperi","FASE":"Regularizada","C_CR_FUNAI":30202002018.0,"N_CR_FUNAI":"Ponta Porã","ALD_FUNAI":3109.0,"VAL_FUNAI":1.0,"ALD_SIASI":51841.0,"VAL_SIASI":1.0,"AMZ_LEG":null,"LAT":-23.202295000037783,"LONG":-55.42243830555556,"fonte":"IBGE, Censo Demográfico 2022, Localidades Indígenas, arquivo atualizado em 19/09/2025","url_fonte":"https://geoftp.ibge.gov.br/organizacao_do_territorio/estrutura_territorial/localidades/localidades_indigenas_2022/"},"geometry":{"coordinates":[-55.42243830555556,-23.202295000037783],"type":"Point"}},{"type":"Feature","properties":{"CD_UF":50,"NM_UF":"Mato Grosso do Sul","CD_MUNIC":5005608,"NM_MUNIC":"Miranda","ID_LI":5000047,"CD_LI":5010143,"OCORRENCIA":4,"NM_LI":"Aldeia Indígena Lalima","CD_SETOR":500560805000051,"SITUACAO":"Rural","CD_SIT":8,"CD_TIPO":5.0,"CD_AGLOM":500560800009.0,"NM_AGLOM":"Aldeia Indígena Lalima","CD_TI":7277.0,"TI_FUNAI":25101.0,"NM_TI":"Lalima","FASE":"Regularizada","C_CR_FUNAI":30202002004.0,"N_CR_FUNAI":"Campo Grande","ALD_FUNAI":2960.0,"VAL_FUNAI":1.0,"ALD_SIASI":49938.0,"VAL_SIASI":1.0,"AMZ_LEG":null,"LAT":-20.565946527810787,"LONG":-56.28857075,"fonte":"IBGE, Censo Demográfico 2022, Localidades Indígenas, arquivo atualizado em 19/09/2025","url_fonte":"https://geoftp.ibge.gov.br/organizacao_do_territorio/estrutura_territorial/localidades/localidades_indigenas_2022/"},"geometry":{"coordinates":[-56.28857075,-20.565946527810787],"type":"Point"}},{"type":"Feature","properties":{"CD_UF":50,"NM_UF":"Mato Grosso do Sul","CD_MUNIC":5001102,"NM_MUNIC":"Aquidauana","ID_LI":5000048,"CD_LI":5010048,"OCORRENCIA":1,"NM_LI":"Aldeia Indígena Colônia Nova","CD_SETOR":500110225000022,"SITUACAO":"Rural","CD_SIT":5,"CD_TIPO":5.0,"CD_AGLOM":500110200010.0,"NM_AGLOM":"Aldeia Indígena Colônia Nova","CD_TI":7250.0,"TI_FUNAI":44401.0,"NM_TI":"Taunay-Ipegue","FASE":"Regularizada","C_CR_FUNAI":30202002004.0,"N_CR_FUNAI":"Campo Grande","ALD_FUNAI":null,"VAL_FUNAI":null,"ALD_SIASI":50143.0,"VAL_SIASI":2.0,"AMZ_LEG":null,"LAT":-20.221699444476844,"LONG":-56.02515983333333,"fonte":"IBGE, Censo Demográfico 2022, Localidades Indígenas, arquivo atualizado em 19/09/2025","url_fonte":"https://geoftp.ibge.gov.br/organizacao_do_territorio/estrutura_territorial/localidades/localidades_indigenas_2022/"},"geometry":{"coordinates":[-56.02515983333333,-20.221699444476844],"type":"Point"}},{"type":"Feature","properties":{"CD_UF":50,"NM_UF":"Mato Grosso do Sul","CD_MUNIC":5005608,"NM_MUNIC":"Miranda","ID_LI":5000049,"CD_LI":5010104,"OCORRENCIA":2,"NM_LI":"Aldeia Indígena Babaçú","CD_SETOR":500560805000063,"SITUACAO":"Rural","CD_SIT":5,"CD_TIPO":5.0,"CD_AGLOM":500560800012.0,"NM_AGLOM":"Aldeia Indígena Babaçu","CD_TI":7285.0,"TI_FUNAI":7701.0,"NM_TI":"Cachoeirinha","FASE":"Regularizada","C_CR_FUNAI":30202002004.0,"N_CR_FUNAI":"Campo Grande","ALD_FUNAI":null,"VAL_FUNAI":null,"ALD_SIASI":51846.0,"VAL_SIASI":1.0,"AMZ_LEG":null,"LAT":-20.202435972254587,"LONG":-56.28595536111112,"fonte":"IBGE, Censo Demográfico 2022, Localidades Indígenas, arquivo atualizado em 19/09/2025","url_fonte":"https://geoftp.ibge.gov.br/organizacao_do_territorio/estrutura_territorial/localidades/localidades_indigenas_2022/"},"geometry":{"coordinates":[-56.28595536111112,-20.202435972254587],"type":"Point"}},{"type":"Feature","properties":{"CD_UF":50,"NM_UF":"Mato Grosso do Sul","CD_MUNIC":5003488,"NM_MUNIC":"Dois Irmãos do Buriti","ID_LI":5000050,"CD_LI":5010142,"OCORRENCIA":1,"NM_LI":"Aldeia Indígena Barreirinho","CD_SETOR":500348805000023,"SITUACAO":"Rural","CD_SIT":8,"CD_TIPO":5.0,"CD_AGLOM":500348800007.0,"NM_AGLOM":"Aldeia Indígena Barreirinho","CD_TI":50157.0,"TI_FUNAI":7001.0,"NM_TI":"Buriti","FASE":"Regularizada","C_CR_FUNAI":30202002004.0,"N_CR_FUNAI":"Campo Grande","ALD_FUNAI":null,"VAL_FUNAI":null,"ALD_SIASI":null,"VAL_SIASI":null,"AMZ_LEG":null,"LAT":-20.84200486114461,"LONG":-55.17931858333333,"fonte":"IBGE, Censo Demográfico 2022, Localidades Indígenas, arquivo atualizado em 19/09/2025","url_fonte":"https://geoftp.ibge.gov.br/organizacao_do_territorio/estrutura_territorial/localidades/localidades_indigenas_2022/"},"geometry":{"coordinates":[-55.17931858333333,-20.84200486114461],"type":"Point"}},{"type":"Feature","properties":{"CD_UF":50,"NM_UF":"Mato Grosso do Sul","CD_MUNIC":5005608,"NM_MUNIC":"Miranda","ID_LI":5000051,"CD_LI":5010086,"OCORRENCIA":3,"NM_LI":"Aldeia Indígena Passarinho","CD_SETOR":500560805000059,"SITUACAO":"Rural","CD_SIT":5,"CD_TIPO":5.0,"CD_AGLOM":500560800008.0,"NM_AGLOM":"Aldeia Indígena Passarinho","CD_TI":7269.0,"TI_FUNAI":35201.0,"NM_TI":"Pilad Rebuá","FASE":"Regularizada","C_CR_FUNAI":30202002004.0,"N_CR_FUNAI":"Campo Grande","ALD_FUNAI":null,"VAL_FUNAI":null,"ALD_SIASI":51848.0,"VAL_SIASI":1.0,"AMZ_LEG":null,"LAT":-20.258764444476917,"LONG":-56.35916958333333,"fonte":"IBGE, Censo Demográfico 2022, Localidades Indígenas, arquivo atualizado em 19/09/2025","url_fonte":"https://geoftp.ibge.gov.br/organizacao_do_territorio/estrutura_territorial/localidades/localidades_indigenas_2022/"},"geometry":{"coordinates":[-56.35916958333333,-20.258764444476917],"type":"Point"}},{"type":"Feature","properties":{"CD_UF":50,"NM_UF":"Mato Grosso do Sul","CD_MUNIC":5006358,"NM_MUNIC":"Paranhos","ID_LI":5000052,"CD_LI":5010060,"OCORRENCIA":3,"NM_LI":"Aldeia Indígena Pirajuy","CD_SETOR":500635805000012,"SITUACAO":"Rural","CD_SIT":8,"CD_TIPO":5.0,"CD_AGLOM":500635800011.0,"NM_AGLOM":"Aldeia Indígena Pirajuí","CD_TI":7170.0,"TI_FUNAI":35901.0,"NM_TI":"Pirajuí","FASE":"Regularizada","C_CR_FUNAI":30202002018.0,"N_CR_FUNAI":"Ponta Porã","ALD_FUNAI":3111.0,"VAL_FUNAI":1.0,"ALD_SIASI":null,"VAL_SIASI":null,"AMZ_LEG":null,"LAT":-23.949106194483623,"LONG":-55.30130347222222,"fonte":"IBGE, Censo Demográfico 2022, Localidades Indígenas, arquivo atualizado em 19/09/2025","url_fonte":"https://geoftp.ibge.gov.br/organizacao_do_territorio/estrutura_territorial/localidades/localidades_indigenas_2022/"},"geometry":{"coordinates":[-55.30130347222222,-23.949106194483623],"type":"Point"}},{"type":"Feature","properties":{"CD_UF":50,"NM_UF":"Mato Grosso do Sul","CD_MUNIC":5001243,"NM_MUNIC":"Aral Moreira","ID_LI":5000053,"CD_LI":5010153,"OCORRENCIA":1,"NM_LI":"Aldeia Indígena Guasuty","CD_SETOR":500124305000013,"SITUACAO":"Rural","CD_SIT":8,"CD_TIPO":5.0,"CD_AGLOM":500124300008.0,"NM_AGLOM":"Aldeia Indígena Guassuty","CD_TI":6440.0,"TI_FUNAI":14901.0,"NM_TI":"Guasuti","FASE":"Regularizada","C_CR_FUNAI":30202002018.0,"N_CR_FUNAI":"Ponta Porã","ALD_FUNAI":3098.0,"VAL_FUNAI":1.0,"ALD_SIASI":51839.0,"VAL_SIASI":1.0,"AMZ_LEG":null,"LAT":-23.05993016670419,"LONG":-55.49328833333334,"fonte":"IBGE, Censo Demográfico 2022, Localidades Indígenas, arquivo atualizado em 19/09/2025","url_fonte":"https://geoftp.ibge.gov.br/organizacao_do_territorio/estrutura_territorial/localidades/localidades_indigenas_2022/"},"geometry":{"coordinates":[-55.49328833333334,-23.05993016670419],"type":"Point"}},{"type":"Feature","properties":{"CD_UF":50,"NM_UF":"Mato Grosso do Sul","CD_MUNIC":5005608,"NM_MUNIC":"Miranda","ID_LI":5000055,"CD_LI":5010120,"OCORRENCIA":1,"NM_LI":"Aldeia Indígena Lagoinha","CD_SETOR":500560805000064,"SITUACAO":"Rural","CD_SIT":5,"CD_TIPO":5.0,"CD_AGLOM":500560800013.0,"NM_AGLOM":"Aldeia Indígena Lagoinha","CD_TI":7285.0,"TI_FUNAI":7701.0,"NM_TI":"Cachoeirinha","FASE":"Regularizada","C_CR_FUNAI":30202002004.0,"N_CR_FUNAI":"Campo Grande","ALD_FUNAI":2953.0,"VAL_FUNAI":1.0,"ALD_SIASI":50271.0,"VAL_SIASI":1.0,"AMZ_LEG":null,"LAT":-20.201177166699026,"LONG":-56.25872152777779,"fonte":"IBGE, Censo Demográfico 2022, Localidades Indígenas, arquivo atualizado em 19/09/2025","url_fonte":"https://geoftp.ibge.gov.br/organizacao_do_territorio/estrutura_territorial/localidades/localidades_indigenas_2022/"},"geometry":{"coordinates":[-56.25872152777779,-20.201177166699026],"type":"Point"}},{"type":"Feature","properties":{"CD_UF":50,"NM_UF":"Mato Grosso do Sul","CD_MUNIC":5007950,"NM_MUNIC":"Tacuru","ID_LI":5000056,"CD_LI":5010110,"OCORRENCIA":1,"NM_LI":"Aldeia Indígena Jaguapiré","CD_SETOR":500795005000015,"SITUACAO":"Rural","CD_SIT":8,"CD_TIPO":5.0,"CD_AGLOM":500795000005.0,"NM_AGLOM":"Aldeia Indígena Jaguapiré","CD_TI":43006.0,"TI_FUNAI":18101.0,"NM_TI":"Jaguapiré","FASE":"Regularizada","C_CR_FUNAI":30202002018.0,"N_CR_FUNAI":"Ponta Porã","ALD_FUNAI":3102.0,"VAL_FUNAI":1.0,"ALD_SIASI":null,"VAL_SIASI":null,"AMZ_LEG":null,"LAT":-23.733443333372108,"LONG":-54.93544663888889,"fonte":"IBGE, Censo Demográfico 2022, Localidades Indígenas, arquivo atualizado em 19/09/2025","url_fonte":"https://geoftp.ibge.gov.br/organizacao_do_territorio/estrutura_territorial/localidades/localidades_indigenas_2022/"},"geometry":{"coordinates":[-54.93544663888889,-23.733443333372108],"type":"Point"}},{"type":"Feature","properties":{"CD_UF":50,"NM_UF":"Mato Grosso do Sul","CD_MUNIC":5002407,"NM_MUNIC":"Caarapó","ID_LI":5000057,"CD_LI":5010006,"OCORRENCIA":2,"NM_LI":"Aldeia Indígena Te'ýi Kuê","CD_SETOR":500240720000007,"SITUACAO":"Rural","CD_SIT":8,"CD_TIPO":5.0,"CD_AGLOM":500240700005.0,"NM_AGLOM":"Aldeia Indígena Te Yi Kuê","CD_TI":7293.0,"TI_FUNAI":7201.0,"NM_TI":"Caarapó","FASE":"Regularizada","C_CR_FUNAI":30202002011.0,"N_CR_FUNAI":"Dourados","ALD_FUNAI":418.0,"VAL_FUNAI":1.0,"ALD_SIASI":null,"VAL_SIASI":null,"AMZ_LEG":null,"LAT":-22.593587111147777,"LONG":-54.95695233333333,"fonte":"IBGE, Censo Demográfico 2022, Localidades Indígenas, arquivo atualizado em 19/09/2025","url_fonte":"https://geoftp.ibge.gov.br/organizacao_do_territorio/estrutura_territorial/localidades/localidades_indigenas_2022/"},"geometry":{"coordinates":[-54.95695233333333,-22.593587111147777],"type":"Point"}},{"type":"Feature","properties":{"CD_UF":50,"NM_UF":"Mato Grosso do Sul","CD_MUNIC":5006358,"NM_MUNIC":"Paranhos","ID_LI":5000060,"CD_LI":5010025,"OCORRENCIA":1,"NM_LI":"Aldeia Indígena Paraguaçu / Yvykuarusu","CD_SETOR":500635805000010,"SITUACAO":"Rural","CD_SIT":8,"CD_TIPO":5.0,"CD_AGLOM":500635800012.0,"NM_AGLOM":"Aldeia Indígena Paraguaçu ou Yvykuarusu","CD_TI":6530.0,"TI_FUNAI":43901.0,"NM_TI":"Takuaraty/Yvykuarusu","FASE":"Homologada","C_CR_FUNAI":30202002018.0,"N_CR_FUNAI":"Ponta Porã","ALD_FUNAI":3186.0,"VAL_FUNAI":1.0,"ALD_SIASI":null,"VAL_SIASI":null,"AMZ_LEG":null,"LAT":-23.764716583372163,"LONG":-55.18241527777778,"fonte":"IBGE, Censo Demográfico 2022, Localidades Indígenas, arquivo atualizado em 19/09/2025","url_fonte":"https://geoftp.ibge.gov.br/organizacao_do_territorio/estrutura_territorial/localidades/localidades_indigenas_2022/"},"geometry":{"coordinates":[-55.18241527777778,-23.764716583372163],"type":"Point"}},{"type":"Feature","properties":{"CD_UF":50,"NM_UF":"Mato Grosso do Sul","CD_MUNIC":5007950,"NM_MUNIC":"Tacuru","ID_LI":5000061,"CD_LI":5010034,"OCORRENCIA":1,"NM_LI":"Aldeia Indígena Sassoró","CD_SETOR":500795005000019,"SITUACAO":"Rural","CD_SIT":8,"CD_TIPO":5.0,"CD_AGLOM":500795000004.0,"NM_AGLOM":"Aldeia Indígena Sassoró","CD_TI":7200.0,"TI_FUNAI":42201.0,"NM_TI":"Sassoró","FASE":"Regularizada","C_CR_FUNAI":30202002018.0,"N_CR_FUNAI":"Ponta Porã","ALD_FUNAI":3101.0,"VAL_FUNAI":1.0,"ALD_SIASI":null,"VAL_SIASI":null,"AMZ_LEG":null,"LAT":-23.58071522226071,"LONG":-54.77952019444445,"fonte":"IBGE, Censo Demográfico 2022, Localidades Indígenas, arquivo atualizado em 19/09/2025","url_fonte":"https://geoftp.ibge.gov.br/organizacao_do_territorio/estrutura_territorial/localidades/localidades_indigenas_2022/"},"geometry":{"coordinates":[-54.77952019444445,-23.58071522226071],"type":"Point"}},{"type":"Feature","properties":{"CD_UF":50,"NM_UF":"Mato Grosso do Sul","CD_MUNIC":5005806,"NM_MUNIC":"Nioaque","ID_LI":5000062,"CD_LI":5010053,"OCORRENCIA":2,"NM_LI":"Aldeia Indígena Cabeceira","CD_SETOR":500580605000043,"SITUACAO":"Rural","CD_SIT":8,"CD_TIPO":5.0,"CD_AGLOM":500580600014.0,"NM_AGLOM":"Aldeia Indígena Cabeceira","CD_TI":7234.0,"TI_FUNAI":30601.0,"NM_TI":"Nioaque","FASE":"Regularizada","C_CR_FUNAI":30202002004.0,"N_CR_FUNAI":"Campo Grande","ALD_FUNAI":2968.0,"VAL_FUNAI":1.0,"ALD_SIASI":null,"VAL_SIASI":null,"AMZ_LEG":null,"LAT":-21.15707002781184,"LONG":-55.77161594444444,"fonte":"IBGE, Censo Demográfico 2022, Localidades Indígenas, arquivo atualizado em 19/09/2025","url_fonte":"https://geoftp.ibge.gov.br/organizacao_do_territorio/estrutura_territorial/localidades/localidades_indigenas_2022/"},"geometry":{"coordinates":[-55.77161594444444,-21.15707002781184],"type":"Point"}},{"type":"Feature","properties":{"CD_UF":50,"NM_UF":"Mato Grosso do Sul","CD_MUNIC":5004809,"NM_MUNIC":"Japorã","ID_LI":5000063,"CD_LI":5010108,"OCORRENCIA":1,"NM_LI":"Aldeia Indígena Porto Lindo / Jakarey","CD_SETOR":500480905000005,"SITUACAO":"Rural","CD_SIT":8,"CD_TIPO":5.0,"CD_AGLOM":500480900006.0,"NM_AGLOM":"Aldeia Indígena Porto Lindo","CD_TI":7196.0,"TI_FUNAI":36701.0,"NM_TI":"Porto Lindo","FASE":"Regularizada","C_CR_FUNAI":30202002018.0,"N_CR_FUNAI":"Ponta Porã","ALD_FUNAI":3099.0,"VAL_FUNAI":1.0,"ALD_SIASI":null,"VAL_SIASI":null,"AMZ_LEG":null,"LAT":-23.78903000003887,"LONG":-54.58564283333333,"fonte":"IBGE, Censo Demográfico 2022, Localidades Indígenas, arquivo atualizado em 19/09/2025","url_fonte":"https://geoftp.ibge.gov.br/organizacao_do_territorio/estrutura_territorial/localidades/localidades_indigenas_2022/"},"geometry":{"coordinates":[-54.58564283333333,-23.78903000003887],"type":"Point"}},{"type":"Feature","properties":{"CD_UF":50,"NM_UF":"Mato Grosso do Sul","CD_MUNIC":5001102,"NM_MUNIC":"Aquidauana","ID_LI":5000065,"CD_LI":5010129,"OCORRENCIA":2,"NM_LI":"Aldeia Indígena Limão Verde","CD_SETOR":500110205000053,"SITUACAO":"Rural","CD_SIT":8,"CD_TIPO":5.0,"CD_AGLOM":500110200012.0,"NM_AGLOM":"Aldeia Indígena Limão Verde","CD_TI":7242.0,"TI_FUNAI":25701.0,"NM_TI":"Limão Verde","FASE":"Regularizada","C_CR_FUNAI":30202002004.0,"N_CR_FUNAI":"Campo Grande","ALD_FUNAI":2962.0,"VAL_FUNAI":1.0,"ALD_SIASI":null,"VAL_SIASI":null,"AMZ_LEG":null,"LAT":-20.328375805588145,"LONG":-55.6862265,"fonte":"IBGE, Censo Demográfico 2022, Localidades Indígenas, arquivo atualizado em 19/09/2025","url_fonte":"https://geoftp.ibge.gov.br/organizacao_do_territorio/estrutura_territorial/localidades/localidades_indigenas_2022/"},"geometry":{"coordinates":[-55.6862265,-20.328375805588145],"type":"Point"}},{"type":"Feature","properties":{"CD_UF":50,"NM_UF":"Mato Grosso do Sul","CD_MUNIC":5001102,"NM_MUNIC":"Aquidauana","ID_LI":5000066,"CD_LI":5010089,"OCORRENCIA":1,"NM_LI":"Aldeia Indígena Córrego Seco","CD_SETOR":500110205000064,"SITUACAO":"Rural","CD_SIT":8,"CD_TIPO":5.0,"CD_AGLOM":500110200013.0,"NM_AGLOM":"Aldeia Indígena Córrego Seco/Cruzeiro","CD_TI":7242.0,"TI_FUNAI":25701.0,"NM_TI":"Limão Verde","FASE":"Regularizada","C_CR_FUNAI":30202002004.0,"N_CR_FUNAI":"Campo Grande","ALD_FUNAI":2963.0,"VAL_FUNAI":1.0,"ALD_SIASI":null,"VAL_SIASI":null,"AMZ_LEG":null,"LAT":-20.35955425003264,"LONG":-55.69647452777778,"fonte":"IBGE, Censo Demográfico 2022, Localidades Indígenas, arquivo atualizado em 19/09/2025","url_fonte":"https://geoftp.ibge.gov.br/organizacao_do_territorio/estrutura_territorial/localidades/localidades_indigenas_2022/"},"geometry":{"coordinates":[-55.69647452777778,-20.35955425003264],"type":"Point"}},{"type":"Feature","properties":{"CD_UF":50,"NM_UF":"Mato Grosso do Sul","CD_MUNIC":5005608,"NM_MUNIC":"Miranda","ID_LI":5000067,"CD_LI":5010069,"OCORRENCIA":3,"NM_LI":"Aldeia Indígena Moreira","CD_SETOR":500560805000061,"SITUACAO":"Rural","CD_SIT":5,"CD_TIPO":5.0,"CD_AGLOM":500560800007.0,"NM_AGLOM":"Aldeia Indígena Moreira","CD_TI":7269.0,"TI_FUNAI":35201.0,"NM_TI":"Pilad Rebuá","FASE":"Regularizada","C_CR_FUNAI":30202002004.0,"N_CR_FUNAI":"Campo Grande","ALD_FUNAI":2970.0,"VAL_FUNAI":1.0,"ALD_SIASI":51847.0,"VAL_SIASI":1.0,"AMZ_LEG":null,"LAT":-20.254968027810232,"LONG":-56.36093786111111,"fonte":"IBGE, Censo Demográfico 2022, Localidades Indígenas, arquivo atualizado em 19/09/2025","url_fonte":"https://geoftp.ibge.gov.br/organizacao_do_territorio/estrutura_territorial/localidades/localidades_indigenas_2022/"},"geometry":{"coordinates":[-56.36093786111111,-20.254968027810232],"type":"Point"}},{"type":"Feature","properties":{"CD_UF":50,"NM_UF":"Mato Grosso do Sul","CD_MUNIC":5005806,"NM_MUNIC":"Nioaque","ID_LI":5000068,"CD_LI":5010018,"OCORRENCIA":2,"NM_LI":"Aldeia Indígena Brejão","CD_SETOR":500580605000046,"SITUACAO":"Rural","CD_SIT":8,"CD_TIPO":5.0,"CD_AGLOM":500580600017.0,"NM_AGLOM":"Aldeia Indígena Brejão","CD_TI":7234.0,"TI_FUNAI":30601.0,"NM_TI":"Nioaque","FASE":"Regularizada","C_CR_FUNAI":30202002004.0,"N_CR_FUNAI":"Campo Grande","ALD_FUNAI":2964.0,"VAL_FUNAI":1.0,"ALD_SIASI":null,"VAL_SIASI":null,"AMZ_LEG":null,"LAT":-21.151233750034056,"LONG":-55.71760158333333,"fonte":"IBGE, Censo Demográfico 2022, Localidades Indígenas, arquivo atualizado em 19/09/2025","url_fonte":"https://geoftp.ibge.gov.br/organizacao_do_territorio/estrutura_territorial/localidades/localidades_indigenas_2022/"},"geometry":{"coordinates":[-55.71760158333333,-21.151233750034056],"type":"Point"}},{"type":"Feature","properties":{"CD_UF":50,"NM_UF":"Mato Grosso do Sul","CD_MUNIC":5004502,"NM_MUNIC":"Itaporã","ID_LI":5000069,"CD_LI":5010021,"OCORRENCIA":2,"NM_LI":"Aldeia Indígena Bororó","CD_SETOR":500450205000039,"SITUACAO":"Rural","CD_SIT":8,"CD_TIPO":5.0,"CD_AGLOM":500450200006.0,"NM_AGLOM":"Aldeia Indígena Bororó","CD_TI":7307.0,"TI_FUNAI":11101.0,"NM_TI":"Dourados","FASE":"Regularizada","C_CR_FUNAI":30202002011.0,"N_CR_FUNAI":"Dourados","ALD_FUNAI":38.0,"VAL_FUNAI":1.0,"ALD_SIASI":null,"VAL_SIASI":null,"AMZ_LEG":null,"LAT":-22.169505638924782,"LONG":-54.85671086111111,"fonte":"IBGE, Censo Demográfico 2022, Localidades Indígenas, arquivo atualizado em 19/09/2025","url_fonte":"https://geoftp.ibge.gov.br/organizacao_do_territorio/estrutura_territorial/localidades/localidades_indigenas_2022/"},"geometry":{"coordinates":[-54.85671086111111,-22.169505638924782],"type":"Point"}},{"type":"Feature","properties":{"CD_UF":50,"NM_UF":"Mato Grosso do Sul","CD_MUNIC":5006903,"NM_MUNIC":"Porto Murtinho","ID_LI":5000070,"CD_LI":5010101,"OCORRENCIA":1,"NM_LI":"Aldeia Indígena Alves de Barros","CD_SETOR":500690305000038,"SITUACAO":"Rural","CD_SIT":8,"CD_TIPO":5.0,"CD_AGLOM":500690300002.0,"NM_AGLOM":"Aldeia Indígena Alves de Barros","CD_TI":3328.0,"TI_FUNAI":20001.0,"NM_TI":"Kadiwéu","FASE":"Regularizada","C_CR_FUNAI":30202002004.0,"N_CR_FUNAI":"Campo Grande","ALD_FUNAI":2959.0,"VAL_FUNAI":1.0,"ALD_SIASI":null,"VAL_SIASI":null,"AMZ_LEG":null,"LAT":-20.434939694477222,"LONG":-56.95847808333333,"fonte":"IBGE, Censo Demográfico 2022, Localidades Indígenas, arquivo atualizado em 19/09/2025","url_fonte":"https://geoftp.ibge.gov.br/organizacao_do_territorio/estrutura_territorial/localidades/localidades_indigenas_2022/"},"geometry":{"coordinates":[-56.95847808333333,-20.434939694477222],"type":"Point"}},{"type":"Feature","properties":{"CD_UF":50,"NM_UF":"Mato Grosso do Sul","CD_MUNIC":5000609,"NM_MUNIC":"Amambai","ID_LI":5000071,"CD_LI":5010136,"OCORRENCIA":5,"NM_LI":"Aldeia Indígena Amambai","CD_SETOR":500060905000079,"SITUACAO":"Rural","CD_SIT":8,"CD_TIPO":5.0,"CD_AGLOM":500060900007.0,"NM_AGLOM":"Aldeia Indígena Amambai","CD_TI":7188.0,"TI_FUNAI":1601.0,"NM_TI":"Amambai","FASE":"Regularizada","C_CR_FUNAI":30202002018.0,"N_CR_FUNAI":"Ponta Porã","ALD_FUNAI":3071.0,"VAL_FUNAI":1.0,"ALD_SIASI":null,"VAL_SIASI":null,"AMZ_LEG":null,"LAT":-23.06117330559308,"LONG":-55.192537083333335,"fonte":"IBGE, Censo Demográfico 2022, Localidades Indígenas, arquivo atualizado em 19/09/2025","url_fonte":"https://geoftp.ibge.gov.br/organizacao_do_territorio/estrutura_territorial/localidades/localidades_indigenas_2022/"},"geometry":{"coordinates":[-55.192537083333335,-23.06117330559308],"type":"Point"}},{"type":"Feature","properties":{"CD_UF":50,"NM_UF":"Mato Grosso do Sul","CD_MUNIC":5004809,"NM_MUNIC":"Japorã","ID_LI":5000072,"CD_LI":5010108,"OCORRENCIA":2,"NM_LI":"Aldeia Indígena Porto Lindo / Jakarey","CD_SETOR":500480905000016,"SITUACAO":"Rural","CD_SIT":8,"CD_TIPO":5.0,"CD_AGLOM":500480900006.0,"NM_AGLOM":"Aldeia Indígena Porto Lindo","CD_TI":7196.0,"TI_FUNAI":36701.0,"NM_TI":"Porto Lindo","FASE":"Regularizada","C_CR_FUNAI":30202002018.0,"N_CR_FUNAI":"Ponta Porã","ALD_FUNAI":3099.0,"VAL_FUNAI":1.0,"ALD_SIASI":null,"VAL_SIASI":null,"AMZ_LEG":null,"LAT":-23.77844163892775,"LONG":-54.592933333333335,"fonte":"IBGE, Censo Demográfico 2022, Localidades Indígenas, arquivo atualizado em 19/09/2025","url_fonte":"https://geoftp.ibge.gov.br/organizacao_do_territorio/estrutura_territorial/localidades/localidades_indigenas_2022/"},"geometry":{"coordinates":[-54.592933333333335,-23.77844163892775],"type":"Point"}},{"type":"Feature","properties":{"CD_UF":50,"NM_UF":"Mato Grosso do Sul","CD_MUNIC":5006903,"NM_MUNIC":"Porto Murtinho","ID_LI":5000073,"CD_LI":5010065,"OCORRENCIA":1,"NM_LI":"Aldeia Indígena Barro Preto","CD_SETOR":500690305000041,"SITUACAO":"Rural","CD_SIT":8,"CD_TIPO":5.0,"CD_AGLOM":500690300004.0,"NM_AGLOM":"Aldeia Indígena Barro Preto","CD_TI":3328.0,"TI_FUNAI":20001.0,"NM_TI":"Kadiwéu","FASE":"Regularizada","C_CR_FUNAI":30202002004.0,"N_CR_FUNAI":"Campo Grande","ALD_FUNAI":2957.0,"VAL_FUNAI":1.0,"ALD_SIASI":51851.0,"VAL_SIASI":2.0,"AMZ_LEG":null,"LAT":-20.726574972255516,"LONG":-57.34663333333333,"fonte":"IBGE, Censo Demográfico 2022, Localidades Indígenas, arquivo atualizado em 19/09/2025","url_fonte":"https://geoftp.ibge.gov.br/organizacao_do_territorio/estrutura_territorial/localidades/localidades_indigenas_2022/"},"geometry":{"coordinates":[-57.34663333333333,-20.726574972255516],"type":"Point"}},{"type":"Feature","properties":{"CD_UF":50,"NM_UF":"Mato Grosso do Sul","CD_MUNIC":5000609,"NM_MUNIC":"Amambai","ID_LI":5000074,"CD_LI":5010136,"OCORRENCIA":6,"NM_LI":"Aldeia Indígena Amambai","CD_SETOR":500060905000080,"SITUACAO":"Rural","CD_SIT":8,"CD_TIPO":5.0,"CD_AGLOM":500060900007.0,"NM_AGLOM":"Aldeia Indígena Amambai","CD_TI":7188.0,"TI_FUNAI":1601.0,"NM_TI":"Amambai","FASE":"Regularizada","C_CR_FUNAI":30202002018.0,"N_CR_FUNAI":"Ponta Porã","ALD_FUNAI":3071.0,"VAL_FUNAI":1.0,"ALD_SIASI":null,"VAL_SIASI":null,"AMZ_LEG":null,"LAT":-23.051934527815284,"LONG":-55.18195358333334,"fonte":"IBGE, Censo Demográfico 2022, Localidades Indígenas, arquivo atualizado em 19/09/2025","url_fonte":"https://geoftp.ibge.gov.br/organizacao_do_territorio/estrutura_territorial/localidades/localidades_indigenas_2022/"},"geometry":{"coordinates":[-55.18195358333334,-23.051934527815284],"type":"Point"}},{"type":"Feature","properties":{"CD_UF":50,"NM_UF":"Mato Grosso do Sul","CD_MUNIC":5006358,"NM_MUNIC":"Paranhos","ID_LI":5000076,"CD_LI":5010025,"OCORRENCIA":2,"NM_LI":"Aldeia Indígena Paraguaçu / Yvykuarusu","CD_SETOR":500635805000010,"SITUACAO":"Rural","CD_SIT":8,"CD_TIPO":5.0,"CD_AGLOM":500635800012.0,"NM_AGLOM":"Aldeia Indígena Paraguaçu ou Yvykuarusu","CD_TI":6530.0,"TI_FUNAI":43901.0,"NM_TI":"Takuaraty/Yvykuarusu","FASE":"Homologada","C_CR_FUNAI":30202002018.0,"N_CR_FUNAI":"Ponta Porã","ALD_FUNAI":3186.0,"VAL_FUNAI":1.0,"ALD_SIASI":null,"VAL_SIASI":null,"AMZ_LEG":null,"LAT":-23.77139608337217,"LONG":-55.18492297222223,"fonte":"IBGE, Censo Demográfico 2022, Localidades Indígenas, arquivo atualizado em 19/09/2025","url_fonte":"https://geoftp.ibge.gov.br/organizacao_do_territorio/estrutura_territorial/localidades/localidades_indigenas_2022/"},"geometry":{"coordinates":[-55.18492297222223,-23.77139608337217],"type":"Point"}},{"type":"Feature","properties":{"CD_UF":50,"NM_UF":"Mato Grosso do Sul","CD_MUNIC":5007950,"NM_MUNIC":"Tacuru","ID_LI":5000077,"CD_LI":5010034,"OCORRENCIA":2,"NM_LI":"Aldeia Indígena Sassoró","CD_SETOR":500795005000019,"SITUACAO":"Rural","CD_SIT":8,"CD_TIPO":5.0,"CD_AGLOM":500795000004.0,"NM_AGLOM":"Aldeia Indígena Sassoró","CD_TI":7200.0,"TI_FUNAI":42201.0,"NM_TI":"Sassoró","FASE":"Regularizada","C_CR_FUNAI":30202002018.0,"N_CR_FUNAI":"Ponta Porã","ALD_FUNAI":3101.0,"VAL_FUNAI":1.0,"ALD_SIASI":null,"VAL_SIASI":null,"AMZ_LEG":null,"LAT":-23.59751311114963,"LONG":-54.7693085277778,"fonte":"IBGE, Censo Demográfico 2022, Localidades Indígenas, arquivo atualizado em 19/09/2025","url_fonte":"https://geoftp.ibge.gov.br/organizacao_do_territorio/estrutura_territorial/localidades/localidades_indigenas_2022/"},"geometry":{"coordinates":[-54.7693085277778,-23.59751311114963],"type":"Point"}},{"type":"Feature","properties":{"CD_UF":50,"NM_UF":"Mato Grosso do Sul","CD_MUNIC":5007950,"NM_MUNIC":"Tacuru","ID_LI":5000078,"CD_LI":5010034,"OCORRENCIA":3,"NM_LI":"Aldeia Indígena Sassoró","CD_SETOR":500795005000019,"SITUACAO":"Rural","CD_SIT":8,"CD_TIPO":5.0,"CD_AGLOM":500795000004.0,"NM_AGLOM":"Aldeia Indígena Sassoró","CD_TI":7200.0,"TI_FUNAI":42201.0,"NM_TI":"Sassoró","FASE":"Regularizada","C_CR_FUNAI":30202002018.0,"N_CR_FUNAI":"Ponta Porã","ALD_FUNAI":3101.0,"VAL_FUNAI":1.0,"ALD_SIASI":null,"VAL_SIASI":null,"AMZ_LEG":null,"LAT":-23.588015972260724,"LONG":-54.77667252777778,"fonte":"IBGE, Censo Demográfico 2022, Localidades Indígenas, arquivo atualizado em 19/09/2025","url_fonte":"https://geoftp.ibge.gov.br/organizacao_do_territorio/estrutura_territorial/localidades/localidades_indigenas_2022/"},"geometry":{"coordinates":[-54.77667252777778,-23.588015972260724],"type":"Point"}},{"type":"Feature","properties":{"CD_UF":50,"NM_UF":"Mato Grosso do Sul","CD_MUNIC":5001102,"NM_MUNIC":"Aquidauana","ID_LI":5000079,"CD_LI":5010008,"OCORRENCIA":1,"NM_LI":"Aldeia Indígena Buritizinho","CD_SETOR":500110205000070,"SITUACAO":"Rural","CD_SIT":8,"CD_TIPO":5.0,"CD_AGLOM":500110200014.0,"NM_AGLOM":"Aldeia Indígena Buritizinho","CD_TI":7242.0,"TI_FUNAI":25701.0,"NM_TI":"Limão Verde","FASE":"Regularizada","C_CR_FUNAI":30202002004.0,"N_CR_FUNAI":"Campo Grande","ALD_FUNAI":2961.0,"VAL_FUNAI":1.0,"ALD_SIASI":null,"VAL_SIASI":null,"AMZ_LEG":null,"LAT":-20.321450555588136,"LONG":-55.69109133333333,"fonte":"IBGE, Censo Demográfico 2022, Localidades Indígenas, arquivo atualizado em 19/09/2025","url_fonte":"https://geoftp.ibge.gov.br/organizacao_do_territorio/estrutura_territorial/localidades/localidades_indigenas_2022/"},"geometry":{"coordinates":[-55.69109133333333,-20.321450555588136],"type":"Point"}},{"type":"Feature","properties":{"CD_UF":50,"NM_UF":"Mato Grosso do Sul","CD_MUNIC":5001102,"NM_MUNIC":"Aquidauana","ID_LI":5000080,"CD_LI":5010119,"OCORRENCIA":3,"NM_LI":"Aldeia Indígena Água Branca","CD_SETOR":500110225000006,"SITUACAO":"Rural","CD_SIT":8,"CD_TIPO":5.0,"CD_AGLOM":500110200004.0,"NM_AGLOM":"Aldeia Indígena Água Branca","CD_TI":7250.0,"TI_FUNAI":44401.0,"NM_TI":"Taunay-Ipegue","FASE":"Regularizada","C_CR_FUNAI":30202002004.0,"N_CR_FUNAI":"Campo Grande","ALD_FUNAI":2976.0,"VAL_FUNAI":1.0,"ALD_SIASI":48456.0,"VAL_SIASI":2.0,"AMZ_LEG":null,"LAT":-20.27987188892139,"LONG":-56.04927541666667,"fonte":"IBGE, Censo Demográfico 2022, Localidades Indígenas, arquivo atualizado em 19/09/2025","url_fonte":"https://geoftp.ibge.gov.br/organizacao_do_territorio/estrutura_territorial/localidades/localidades_indigenas_2022/"},"geometry":{"coordinates":[-56.04927541666667,-20.27987188892139],"type":"Point"}},{"type":"Feature","properties":{"CD_UF":50,"NM_UF":"Mato Grosso do Sul","CD_MUNIC":5003488,"NM_MUNIC":"Dois Irmãos do Buriti","ID_LI":5000081,"CD_LI":5010054,"OCORRENCIA":1,"NM_LI":"Aldeia Indígena Olho d'Água","CD_SETOR":500348805000027,"SITUACAO":"Rural","CD_SIT":8,"CD_TIPO":5.0,"CD_AGLOM":500348800011.0,"NM_AGLOM":"Aldeia Indígena Olho Dágua","CD_TI":50157.0,"TI_FUNAI":7001.0,"NM_TI":"Buriti","FASE":"Regularizada","C_CR_FUNAI":30202002004.0,"N_CR_FUNAI":"Campo Grande","ALD_FUNAI":null,"VAL_FUNAI":null,"ALD_SIASI":null,"VAL_SIASI":null,"AMZ_LEG":null,"LAT":-20.86108869447797,"LONG":-55.20504322222222,"fonte":"IBGE, Censo Demográfico 2022, Localidades Indígenas, arquivo atualizado em 19/09/2025","url_fonte":"https://geoftp.ibge.gov.br/organizacao_do_territorio/estrutura_territorial/localidades/localidades_indigenas_2022/"},"geometry":{"coordinates":[-55.20504322222222,-20.86108869447797],"type":"Point"}},{"type":"Feature","properties":{"CD_UF":50,"NM_UF":"Mato Grosso do Sul","CD_MUNIC":5007950,"NM_MUNIC":"Tacuru","ID_LI":5000082,"CD_LI":5010110,"OCORRENCIA":3,"NM_LI":"Aldeia Indígena Jaguapiré","CD_SETOR":500795005000015,"SITUACAO":"Rural","CD_SIT":8,"CD_TIPO":5.0,"CD_AGLOM":500795000005.0,"NM_AGLOM":"Aldeia Indígena Jaguapiré","CD_TI":43006.0,"TI_FUNAI":18101.0,"NM_TI":"Jaguapiré","FASE":"Regularizada","C_CR_FUNAI":30202002018.0,"N_CR_FUNAI":"Ponta Porã","ALD_FUNAI":3102.0,"VAL_FUNAI":1.0,"ALD_SIASI":null,"VAL_SIASI":null,"AMZ_LEG":null,"LAT":-23.72524330559431,"LONG":-54.94490997222223,"fonte":"IBGE, Censo Demográfico 2022, Localidades Indígenas, arquivo atualizado em 19/09/2025","url_fonte":"https://geoftp.ibge.gov.br/organizacao_do_territorio/estrutura_territorial/localidades/localidades_indigenas_2022/"},"geometry":{"coordinates":[-54.94490997222223,-23.72524330559431],"type":"Point"}},{"type":"Feature","properties":{"CD_UF":50,"NM_UF":"Mato Grosso do Sul","CD_MUNIC":5002100,"NM_MUNIC":"Bela Vista","ID_LI":5000083,"CD_LI":5010027,"OCORRENCIA":1,"NM_LI":"Aldeia Indígena Pirakua","CD_SETOR":500210005000029,"SITUACAO":"Rural","CD_SIT":8,"CD_TIPO":5.0,"CD_AGLOM":500210000009.0,"NM_AGLOM":"Aldeia Indígena Pirakua","CD_TI":7161.0,"TI_FUNAI":36001.0,"NM_TI":"Pirakua","FASE":"Regularizada","C_CR_FUNAI":30202002018.0,"N_CR_FUNAI":"Ponta Porã","ALD_FUNAI":null,"VAL_FUNAI":null,"ALD_SIASI":50066.0,"VAL_SIASI":1.0,"AMZ_LEG":null,"LAT":-22.015796027813387,"LONG":-56.07291375,"fonte":"IBGE, Censo Demográfico 2022, Localidades Indígenas, arquivo atualizado em 19/09/2025","url_fonte":"https://geoftp.ibge.gov.br/organizacao_do_territorio/estrutura_territorial/localidades/localidades_indigenas_2022/"},"geometry":{"coordinates":[-56.07291375,-22.015796027813387],"type":"Point"}},{"type":"Feature","properties":{"CD_UF":50,"NM_UF":"Mato Grosso do Sul","CD_MUNIC":5000906,"NM_MUNIC":"Antônio João","ID_LI":5000085,"CD_LI":5010070,"OCORRENCIA":2,"NM_LI":"Aldeia Ñanderu Marangatu","CD_SETOR":500090610000006,"SITUACAO":"Rural","CD_SIT":8,"CD_TIPO":null,"CD_AGLOM":500090600002.0,"NM_AGLOM":"Aldeia Indígena Marangatu","CD_TI":50166.0,"TI_FUNAI":30301.0,"NM_TI":"Ñande Ru Marangatu","FASE":"Declarada","C_CR_FUNAI":30202002018.0,"N_CR_FUNAI":"Ponta Porã","ALD_FUNAI":3184.0,"VAL_FUNAI":1.0,"ALD_SIASI":49928.0,"VAL_SIASI":1.0,"AMZ_LEG":null,"LAT":-22.240031472258234,"LONG":-56.06079736111111,"fonte":"IBGE, Censo Demográfico 2022, Localidades Indígenas, arquivo atualizado em 19/09/2025","url_fonte":"https://geoftp.ibge.gov.br/organizacao_do_territorio/estrutura_territorial/localidades/localidades_indigenas_2022/"},"geometry":{"coordinates":[-56.06079736111111,-22.240031472258234],"type":"Point"}},{"type":"Feature","properties":{"CD_UF":50,"NM_UF":"Mato Grosso do Sul","CD_MUNIC":5000609,"NM_MUNIC":"Amambai","ID_LI":5000086,"CD_LI":5010136,"OCORRENCIA":7,"NM_LI":"Aldeia Indígena Amambai","CD_SETOR":500060905000099,"SITUACAO":"Rural","CD_SIT":8,"CD_TIPO":5.0,"CD_AGLOM":500060900007.0,"NM_AGLOM":"Aldeia Indígena Amambai","CD_TI":7188.0,"TI_FUNAI":1601.0,"NM_TI":"Amambai","FASE":"Regularizada","C_CR_FUNAI":30202002018.0,"N_CR_FUNAI":"Ponta Porã","ALD_FUNAI":3071.0,"VAL_FUNAI":1.0,"ALD_SIASI":null,"VAL_SIASI":null,"AMZ_LEG":null,"LAT":-23.08550511114868,"LONG":-55.18735644444445,"fonte":"IBGE, Censo Demográfico 2022, Localidades Indígenas, arquivo atualizado em 19/09/2025","url_fonte":"https://geoftp.ibge.gov.br/organizacao_do_territorio/estrutura_territorial/localidades/localidades_indigenas_2022/"},"geometry":{"coordinates":[-55.18735644444445,-23.08550511114868],"type":"Point"}},{"type":"Feature","properties":{"CD_UF":50,"NM_UF":"Mato Grosso do Sul","CD_MUNIC":5000609,"NM_MUNIC":"Amambai","ID_LI":5000087,"CD_LI":5010037,"OCORRENCIA":4,"NM_LI":"Aldeia Indígena Limão Verde","CD_SETOR":500060905000095,"SITUACAO":"Rural","CD_SIT":8,"CD_TIPO":5.0,"CD_AGLOM":500060900001.0,"NM_AGLOM":"Aldeia Indígena Limão Verde","CD_TI":7129.0,"TI_FUNAI":801.0,"NM_TI":"Aldeia Limão Verde","FASE":"Regularizada","C_CR_FUNAI":30202002018.0,"N_CR_FUNAI":"Ponta Porã","ALD_FUNAI":3073.0,"VAL_FUNAI":1.0,"ALD_SIASI":51838.0,"VAL_SIASI":1.0,"AMZ_LEG":null,"LAT":-23.174287777815508,"LONG":-55.20599544444445,"fonte":"IBGE, Censo Demográfico 2022, Localidades Indígenas, arquivo atualizado em 19/09/2025","url_fonte":"https://geoftp.ibge.gov.br/organizacao_do_territorio/estrutura_territorial/localidades/localidades_indigenas_2022/"},"geometry":{"coordinates":[-55.20599544444445,-23.174287777815508],"type":"Point"}},{"type":"Feature","properties":{"CD_UF":50,"NM_UF":"Mato Grosso do Sul","CD_MUNIC":5007950,"NM_MUNIC":"Tacuru","ID_LI":5000089,"CD_LI":5010034,"OCORRENCIA":4,"NM_LI":"Aldeia Indígena Sassoró","CD_SETOR":500795005000012,"SITUACAO":"Rural","CD_SIT":8,"CD_TIPO":5.0,"CD_AGLOM":500795000004.0,"NM_AGLOM":"Aldeia Indígena Sassoró","CD_TI":7200.0,"TI_FUNAI":42201.0,"NM_TI":"Sassoró","FASE":"Regularizada","C_CR_FUNAI":30202002018.0,"N_CR_FUNAI":"Ponta Porã","ALD_FUNAI":3101.0,"VAL_FUNAI":1.0,"ALD_SIASI":null,"VAL_SIASI":null,"AMZ_LEG":null,"LAT":-23.584736666705165,"LONG":-54.78382666666667,"fonte":"IBGE, Censo Demográfico 2022, Localidades Indígenas, arquivo atualizado em 19/09/2025","url_fonte":"https://geoftp.ibge.gov.br/organizacao_do_territorio/estrutura_territorial/localidades/localidades_indigenas_2022/"},"geometry":{"coordinates":[-54.78382666666667,-23.584736666705165],"type":"Point"}},{"type":"Feature","properties":{"CD_UF":50,"NM_UF":"Mato Grosso do Sul","CD_MUNIC":5000609,"NM_MUNIC":"Amambai","ID_LI":5000090,"CD_LI":5010136,"OCORRENCIA":8,"NM_LI":"Aldeia Indígena Amambai","CD_SETOR":500060905000080,"SITUACAO":"Rural","CD_SIT":8,"CD_TIPO":5.0,"CD_AGLOM":500060900007.0,"NM_AGLOM":"Aldeia Indígena Amambai","CD_TI":7188.0,"TI_FUNAI":1601.0,"NM_TI":"Amambai","FASE":"Regularizada","C_CR_FUNAI":30202002018.0,"N_CR_FUNAI":"Ponta Porã","ALD_FUNAI":3071.0,"VAL_FUNAI":1.0,"ALD_SIASI":null,"VAL_SIASI":null,"AMZ_LEG":null,"LAT":-23.046030250037497,"LONG":-55.17974111111111,"fonte":"IBGE, Censo Demográfico 2022, Localidades Indígenas, arquivo atualizado em 19/09/2025","url_fonte":"https://geoftp.ibge.gov.br/organizacao_do_territorio/estrutura_territorial/localidades/localidades_indigenas_2022/"},"geometry":{"coordinates":[-55.17974111111111,-23.046030250037497],"type":"Point"}},{"type":"Feature","properties":{"CD_UF":50,"NM_UF":"Mato Grosso do Sul","CD_MUNIC":5001243,"NM_MUNIC":"Aral Moreira","ID_LI":5000091,"CD_LI":5010153,"OCORRENCIA":2,"NM_LI":"Aldeia Indígena Guasuty","CD_SETOR":500124305000013,"SITUACAO":"Rural","CD_SIT":8,"CD_TIPO":5.0,"CD_AGLOM":500124300008.0,"NM_AGLOM":"Aldeia Indígena Guassuty","CD_TI":6440.0,"TI_FUNAI":14901.0,"NM_TI":"Guasuti","FASE":"Regularizada","C_CR_FUNAI":30202002018.0,"N_CR_FUNAI":"Ponta Porã","ALD_FUNAI":3098.0,"VAL_FUNAI":1.0,"ALD_SIASI":51839.0,"VAL_SIASI":1.0,"AMZ_LEG":null,"LAT":-23.06616111114864,"LONG":-55.49306158333334,"fonte":"IBGE, Censo Demográfico 2022, Localidades Indígenas, arquivo atualizado em 19/09/2025","url_fonte":"https://geoftp.ibge.gov.br/organizacao_do_territorio/estrutura_territorial/localidades/localidades_indigenas_2022/"},"geometry":{"coordinates":[-55.49306158333334,-23.06616111114864],"type":"Point"}},{"type":"Feature","properties":{"CD_UF":50,"NM_UF":"Mato Grosso do Sul","CD_MUNIC":5000609,"NM_MUNIC":"Amambai","ID_LI":5000092,"CD_LI":5010136,"OCORRENCIA":9,"NM_LI":"Aldeia Indígena Amambai","CD_SETOR":500060905000101,"SITUACAO":"Rural","CD_SIT":8,"CD_TIPO":5.0,"CD_AGLOM":500060900007.0,"NM_AGLOM":"Aldeia Indígena Amambai","CD_TI":7188.0,"TI_FUNAI":1601.0,"NM_TI":"Amambai","FASE":"Regularizada","C_CR_FUNAI":30202002018.0,"N_CR_FUNAI":"Ponta Porã","ALD_FUNAI":3071.0,"VAL_FUNAI":1.0,"ALD_SIASI":null,"VAL_SIASI":null,"AMZ_LEG":null,"LAT":-23.094087583370914,"LONG":-55.181761638888894,"fonte":"IBGE, Censo Demográfico 2022, Localidades Indígenas, arquivo atualizado em 19/09/2025","url_fonte":"https://geoftp.ibge.gov.br/organizacao_do_territorio/estrutura_territorial/localidades/localidades_indigenas_2022/"},"geometry":{"coordinates":[-55.181761638888894,-23.094087583370914],"type":"Point"}},{"type":"Feature","properties":{"CD_UF":50,"NM_UF":"Mato Grosso do Sul","CD_MUNIC":5004809,"NM_MUNIC":"Japorã","ID_LI":5000093,"CD_LI":5010108,"OCORRENCIA":3,"NM_LI":"Aldeia Indígena Porto Lindo / Jakarey","CD_SETOR":500480905000005,"SITUACAO":"Rural","CD_SIT":8,"CD_TIPO":5.0,"CD_AGLOM":500480900006.0,"NM_AGLOM":"Aldeia Indígena Porto Lindo","CD_TI":7196.0,"TI_FUNAI":36701.0,"NM_TI":"Porto Lindo","FASE":"Regularizada","C_CR_FUNAI":30202002018.0,"N_CR_FUNAI":"Ponta Porã","ALD_FUNAI":3099.0,"VAL_FUNAI":1.0,"ALD_SIASI":null,"VAL_SIASI":null,"AMZ_LEG":null,"LAT":-23.78964675003888,"LONG":-54.58155394444444,"fonte":"IBGE, Censo Demográfico 2022, Localidades Indígenas, arquivo atualizado em 19/09/2025","url_fonte":"https://geoftp.ibge.gov.br/organizacao_do_territorio/estrutura_territorial/localidades/localidades_indigenas_2022/"},"geometry":{"coordinates":[-54.58155394444444,-23.78964675003888],"type":"Point"}},{"type":"Feature","properties":{"CD_UF":50,"NM_UF":"Mato Grosso do Sul","CD_MUNIC":5003488,"NM_MUNIC":"Dois Irmãos do Buriti","ID_LI":5000094,"CD_LI":5010127,"OCORRENCIA":1,"NM_LI":"Aldeia Indigena Oliveira","CD_SETOR":500348805000024,"SITUACAO":"Rural","CD_SIT":8,"CD_TIPO":5.0,"CD_AGLOM":500348800008.0,"NM_AGLOM":"Aldeia Indígena Oliveira","CD_TI":50157.0,"TI_FUNAI":7001.0,"NM_TI":"Buriti","FASE":"Regularizada","C_CR_FUNAI":30202002004.0,"N_CR_FUNAI":"Campo Grande","ALD_FUNAI":null,"VAL_FUNAI":null,"ALD_SIASI":null,"VAL_SIASI":null,"AMZ_LEG":null,"LAT":-20.8431432038188,"LONG":-55.1900402223457,"fonte":"IBGE, Censo Demográfico 2022, Localidades Indígenas, arquivo atualizado em 19/09/2025","url_fonte":"https://geoftp.ibge.gov.br/organizacao_do_territorio/estrutura_territorial/localidades/localidades_indigenas_2022/"},"geometry":{"coordinates":[-55.1900402223457,-20.8431432038188],"type":"Point"}},{"type":"Feature","properties":{"CD_UF":50,"NM_UF":"Mato Grosso do Sul","CD_MUNIC":5005608,"NM_MUNIC":"Miranda","ID_LI":5000095,"CD_LI":5010104,"OCORRENCIA":3,"NM_LI":"Aldeia Indígena Babaçú","CD_SETOR":500560805000063,"SITUACAO":"Rural","CD_SIT":5,"CD_TIPO":5.0,"CD_AGLOM":500560800012.0,"NM_AGLOM":"Aldeia Indígena Babaçu","CD_TI":7285.0,"TI_FUNAI":7701.0,"NM_TI":"Cachoeirinha","FASE":"Regularizada","C_CR_FUNAI":30202002004.0,"N_CR_FUNAI":"Campo Grande","ALD_FUNAI":null,"VAL_FUNAI":null,"ALD_SIASI":51846.0,"VAL_SIASI":1.0,"AMZ_LEG":null,"LAT":-20.21070175003238,"LONG":-56.2919786388889,"fonte":"IBGE, Censo Demográfico 2022, Localidades Indígenas, arquivo atualizado em 19/09/2025","url_fonte":"https://geoftp.ibge.gov.br/organizacao_do_territorio/estrutura_territorial/localidades/localidades_indigenas_2022/"},"geometry":{"coordinates":[-56.2919786388889,-20.21070175003238],"type":"Point"}},{"type":"Feature","properties":{"CD_UF":50,"NM_UF":"Mato Grosso do Sul","CD_MUNIC":5005608,"NM_MUNIC":"Miranda","ID_LI":5000096,"CD_LI":5010140,"OCORRENCIA":1,"NM_LI":"Aldeia Indígena Mãe Terra","CD_SETOR":500560805000045,"SITUACAO":"Rural","CD_SIT":8,"CD_TIPO":5.0,"CD_AGLOM":500560800006.0,"NM_AGLOM":"Aldeia Indígena Mãe Terra","CD_TI":50724.0,"TI_FUNAI":7702.0,"NM_TI":"Cachoeirinha","FASE":"Declarada","C_CR_FUNAI":30202002004.0,"N_CR_FUNAI":"Campo Grande","ALD_FUNAI":null,"VAL_FUNAI":null,"ALD_SIASI":47361.0,"VAL_SIASI":1.0,"AMZ_LEG":null,"LAT":-20.221505166699064,"LONG":-56.278094083333336,"fonte":"IBGE, Censo Demográfico 2022, Localidades Indígenas, arquivo atualizado em 19/09/2025","url_fonte":"https://geoftp.ibge.gov.br/organizacao_do_territorio/estrutura_territorial/localidades/localidades_indigenas_2022/"},"geometry":{"coordinates":[-56.278094083333336,-20.221505166699064],"type":"Point"}},{"type":"Feature","properties":{"CD_UF":50,"NM_UF":"Mato Grosso do Sul","CD_MUNIC":5005608,"NM_MUNIC":"Miranda","ID_LI":5000097,"CD_LI":5010028,"OCORRENCIA":3,"NM_LI":"Aldeia Indígena Argola","CD_SETOR":500560805000053,"SITUACAO":"Rural","CD_SIT":5,"CD_TIPO":5.0,"CD_AGLOM":500560800001.0,"NM_AGLOM":"Aldeia Indígena Argola","CD_TI":7285.0,"TI_FUNAI":7701.0,"NM_TI":"Cachoeirinha","FASE":"Regularizada","C_CR_FUNAI":30202002004.0,"N_CR_FUNAI":"Campo Grande","ALD_FUNAI":2951.0,"VAL_FUNAI":1.0,"ALD_SIASI":49936.0,"VAL_SIASI":1.0,"AMZ_LEG":null,"LAT":-20.205204361143483,"LONG":-56.30135241666667,"fonte":"IBGE, Censo Demográfico 2022, Localidades Indígenas, arquivo atualizado em 19/09/2025","url_fonte":"https://geoftp.ibge.gov.br/organizacao_do_territorio/estrutura_territorial/localidades/localidades_indigenas_2022/"},"geometry":{"coordinates":[-56.30135241666667,-20.205204361143483],"type":"Point"}},{"type":"Feature","properties":{"CD_UF":50,"NM_UF":"Mato Grosso do Sul","CD_MUNIC":5005608,"NM_MUNIC":"Miranda","ID_LI":5000099,"CD_LI":5010086,"OCORRENCIA":4,"NM_LI":"Aldeia Indígena Passarinho","CD_SETOR":500560805000059,"SITUACAO":"Rural","CD_SIT":5,"CD_TIPO":5.0,"CD_AGLOM":500560800008.0,"NM_AGLOM":"Aldeia Indígena Passarinho","CD_TI":7269.0,"TI_FUNAI":35201.0,"NM_TI":"Pilad Rebuá","FASE":"Regularizada","C_CR_FUNAI":30202002004.0,"N_CR_FUNAI":"Campo Grande","ALD_FUNAI":null,"VAL_FUNAI":null,"ALD_SIASI":51848.0,"VAL_SIASI":1.0,"AMZ_LEG":null,"LAT":-20.261027666699132,"LONG":-56.35818425,"fonte":"IBGE, Censo Demográfico 2022, Localidades Indígenas, arquivo atualizado em 19/09/2025","url_fonte":"https://geoftp.ibge.gov.br/organizacao_do_territorio/estrutura_territorial/localidades/localidades_indigenas_2022/"},"geometry":{"coordinates":[-56.35818425,-20.261027666699132],"type":"Point"}},{"type":"Feature","properties":{"CD_UF":50,"NM_UF":"Mato Grosso do Sul","CD_MUNIC":5007950,"NM_MUNIC":"Tacuru","ID_LI":5000100,"CD_LI":5010034,"OCORRENCIA":5,"NM_LI":"Aldeia Indígena Sassoró","CD_SETOR":500795005000012,"SITUACAO":"Rural","CD_SIT":8,"CD_TIPO":5.0,"CD_AGLOM":500795000004.0,"NM_AGLOM":"Aldeia Indígena Sassoró","CD_TI":7200.0,"TI_FUNAI":42201.0,"NM_TI":"Sassoró","FASE":"Regularizada","C_CR_FUNAI":30202002018.0,"N_CR_FUNAI":"Ponta Porã","ALD_FUNAI":3101.0,"VAL_FUNAI":1.0,"ALD_SIASI":null,"VAL_SIASI":null,"AMZ_LEG":null,"LAT":-23.592718305594065,"LONG":-54.79102830555556,"fonte":"IBGE, Censo Demográfico 2022, Localidades Indígenas, arquivo atualizado em 19/09/2025","url_fonte":"https://geoftp.ibge.gov.br/organizacao_do_territorio/estrutura_territorial/localidades/localidades_indigenas_2022/"},"geometry":{"coordinates":[-54.79102830555556,-23.592718305594065],"type":"Point"}},{"type":"Feature","properties":{"CD_UF":50,"NM_UF":"Mato Grosso do Sul","CD_MUNIC":5004502,"NM_MUNIC":"Itaporã","ID_LI":5000101,"CD_LI":5010021,"OCORRENCIA":3,"NM_LI":"Aldeia Indígena Bororó","CD_SETOR":500450205000035,"SITUACAO":"Rural","CD_SIT":8,"CD_TIPO":5.0,"CD_AGLOM":500450200006.0,"NM_AGLOM":"Aldeia Indígena Bororó","CD_TI":7307.0,"TI_FUNAI":11101.0,"NM_TI":"Dourados","FASE":"Regularizada","C_CR_FUNAI":30202002011.0,"N_CR_FUNAI":"Dourados","ALD_FUNAI":38.0,"VAL_FUNAI":1.0,"ALD_SIASI":null,"VAL_SIASI":null,"AMZ_LEG":null,"LAT":-22.1655118351574,"LONG":-54.8398612892098,"fonte":"IBGE, Censo Demográfico 2022, Localidades Indígenas, arquivo atualizado em 19/09/2025","url_fonte":"https://geoftp.ibge.gov.br/organizacao_do_territorio/estrutura_territorial/localidades/localidades_indigenas_2022/"},"geometry":{"coordinates":[-54.8398612892098,-22.1655118351574],"type":"Point"}},{"type":"Feature","properties":{"CD_UF":50,"NM_UF":"Mato Grosso do Sul","CD_MUNIC":5000609,"NM_MUNIC":"Amambai","ID_LI":5000102,"CD_LI":5010037,"OCORRENCIA":5,"NM_LI":"Aldeia Indígena Limão Verde","CD_SETOR":500060905000096,"SITUACAO":"Rural","CD_SIT":8,"CD_TIPO":5.0,"CD_AGLOM":500060900001.0,"NM_AGLOM":"Aldeia Indígena Limão Verde","CD_TI":7129.0,"TI_FUNAI":801.0,"NM_TI":"Aldeia Limão Verde","FASE":"Regularizada","C_CR_FUNAI":30202002018.0,"N_CR_FUNAI":"Ponta Porã","ALD_FUNAI":3073.0,"VAL_FUNAI":1.0,"ALD_SIASI":51838.0,"VAL_SIASI":1.0,"AMZ_LEG":null,"LAT":-23.181803638926635,"LONG":-55.213896194444445,"fonte":"IBGE, Censo Demográfico 2022, Localidades Indígenas, arquivo atualizado em 19/09/2025","url_fonte":"https://geoftp.ibge.gov.br/organizacao_do_territorio/estrutura_territorial/localidades/localidades_indigenas_2022/"},"geometry":{"coordinates":[-55.213896194444445,-23.181803638926635],"type":"Point"}},{"type":"Feature","properties":{"CD_UF":50,"NM_UF":"Mato Grosso do Sul","CD_MUNIC":5006358,"NM_MUNIC":"Paranhos","ID_LI":5000103,"CD_LI":5010025,"OCORRENCIA":3,"NM_LI":"Aldeia Indígena Paraguaçu / Yvykuarusu","CD_SETOR":500635805000010,"SITUACAO":"Rural","CD_SIT":8,"CD_TIPO":5.0,"CD_AGLOM":500635800012.0,"NM_AGLOM":"Aldeia Indígena Paraguaçu ou Yvykuarusu","CD_TI":6530.0,"TI_FUNAI":43901.0,"NM_TI":"Takuaraty/Yvykuarusu","FASE":"Homologada","C_CR_FUNAI":30202002018.0,"N_CR_FUNAI":"Ponta Porã","ALD_FUNAI":3186.0,"VAL_FUNAI":1.0,"ALD_SIASI":null,"VAL_SIASI":null,"AMZ_LEG":null,"LAT":-23.777661222261077,"LONG":-55.17943080555556,"fonte":"IBGE, Censo Demográfico 2022, Localidades Indígenas, arquivo atualizado em 19/09/2025","url_fonte":"https://geoftp.ibge.gov.br/organizacao_do_territorio/estrutura_territorial/localidades/localidades_indigenas_2022/"},"geometry":{"coordinates":[-55.17943080555556,-23.777661222261077],"type":"Point"}},{"type":"Feature","properties":{"CD_UF":50,"NM_UF":"Mato Grosso do Sul","CD_MUNIC":5000609,"NM_MUNIC":"Amambai","ID_LI":5000104,"CD_LI":5010136,"OCORRENCIA":10,"NM_LI":"Aldeia Indígena Amambai","CD_SETOR":500060905000100,"SITUACAO":"Rural","CD_SIT":8,"CD_TIPO":5.0,"CD_AGLOM":500060900007.0,"NM_AGLOM":"Aldeia Indígena Amambai","CD_TI":7188.0,"TI_FUNAI":1601.0,"NM_TI":"Amambai","FASE":"Regularizada","C_CR_FUNAI":30202002018.0,"N_CR_FUNAI":"Ponta Porã","ALD_FUNAI":3071.0,"VAL_FUNAI":1.0,"ALD_SIASI":null,"VAL_SIASI":null,"AMZ_LEG":null,"LAT":-23.084099277815348,"LONG":-55.18352933333333,"fonte":"IBGE, Censo Demográfico 2022, Localidades Indígenas, arquivo atualizado em 19/09/2025","url_fonte":"https://geoftp.ibge.gov.br/organizacao_do_territorio/estrutura_territorial/localidades/localidades_indigenas_2022/"},"geometry":{"coordinates":[-55.18352933333333,-23.084099277815348],"type":"Point"}},{"type":"Feature","properties":{"CD_UF":50,"NM_UF":"Mato Grosso do Sul","CD_MUNIC":5004502,"NM_MUNIC":"Itaporã","ID_LI":5000106,"CD_LI":5010021,"OCORRENCIA":4,"NM_LI":"Aldeia Indígena Bororó","CD_SETOR":500450205000037,"SITUACAO":"Rural","CD_SIT":8,"CD_TIPO":5.0,"CD_AGLOM":500450200006.0,"NM_AGLOM":"Aldeia Indígena Bororó","CD_TI":7307.0,"TI_FUNAI":11101.0,"NM_TI":"Dourados","FASE":"Regularizada","C_CR_FUNAI":30202002011.0,"N_CR_FUNAI":"Dourados","ALD_FUNAI":38.0,"VAL_FUNAI":1.0,"ALD_SIASI":null,"VAL_SIASI":null,"AMZ_LEG":null,"LAT":-22.1527122948969,"LONG":-54.8665868659032,"fonte":"IBGE, Censo Demográfico 2022, Localidades Indígenas, arquivo atualizado em 19/09/2025","url_fonte":"https://geoftp.ibge.gov.br/organizacao_do_territorio/estrutura_territorial/localidades/localidades_indigenas_2022/"},"geometry":{"coordinates":[-54.8665868659032,-22.1527122948969],"type":"Point"}},{"type":"Feature","properties":{"CD_UF":50,"NM_UF":"Mato Grosso do Sul","CD_MUNIC":5007950,"NM_MUNIC":"Tacuru","ID_LI":5000107,"CD_LI":5010034,"OCORRENCIA":6,"NM_LI":"Aldeia Indígena Sassoró","CD_SETOR":500795005000019,"SITUACAO":"Rural","CD_SIT":8,"CD_TIPO":5.0,"CD_AGLOM":500795000004.0,"NM_AGLOM":"Aldeia Indígena Sassoró","CD_TI":7200.0,"TI_FUNAI":42201.0,"NM_TI":"Sassoró","FASE":"Regularizada","C_CR_FUNAI":30202002018.0,"N_CR_FUNAI":"Ponta Porã","ALD_FUNAI":3101.0,"VAL_FUNAI":1.0,"ALD_SIASI":null,"VAL_SIASI":null,"AMZ_LEG":null,"LAT":-23.59119175003851,"LONG":-54.77676013888889,"fonte":"IBGE, Censo Demográfico 2022, Localidades Indígenas, arquivo atualizado em 19/09/2025","url_fonte":"https://geoftp.ibge.gov.br/organizacao_do_territorio/estrutura_territorial/localidades/localidades_indigenas_2022/"},"geometry":{"coordinates":[-54.77676013888889,-23.59119175003851],"type":"Point"}},{"type":"Feature","properties":{"CD_UF":50,"NM_UF":"Mato Grosso do Sul","CD_MUNIC":5002407,"NM_MUNIC":"Caarapó","ID_LI":5000108,"CD_LI":5010006,"OCORRENCIA":3,"NM_LI":"Aldeia Indígena Te'ýi Kuê","CD_SETOR":500240705000046,"SITUACAO":"Rural","CD_SIT":8,"CD_TIPO":5.0,"CD_AGLOM":500240700005.0,"NM_AGLOM":"Aldeia Indígena Te Yi Kuê","CD_TI":7293.0,"TI_FUNAI":7201.0,"NM_TI":"Caarapó","FASE":"Regularizada","C_CR_FUNAI":30202002011.0,"N_CR_FUNAI":"Dourados","ALD_FUNAI":418.0,"VAL_FUNAI":1.0,"ALD_SIASI":null,"VAL_SIASI":null,"AMZ_LEG":null,"LAT":-22.59249702781444,"LONG":-54.966484,"fonte":"IBGE, Censo Demográfico 2022, Localidades Indígenas, arquivo atualizado em 19/09/2025","url_fonte":"https://geoftp.ibge.gov.br/organizacao_do_territorio/estrutura_territorial/localidades/localidades_indigenas_2022/"},"geometry":{"coordinates":[-54.966484,-22.59249702781444],"type":"Point"}},{"type":"Feature","properties":{"CD_UF":50,"NM_UF":"Mato Grosso do Sul","CD_MUNIC":5001102,"NM_MUNIC":"Aquidauana","ID_LI":5000109,"CD_LI":5010026,"OCORRENCIA":1,"NM_LI":"Aldeia Indígena Imbirussu","CD_SETOR":500110225000003,"SITUACAO":"Rural","CD_SIT":8,"CD_TIPO":5.0,"CD_AGLOM":500110200001.0,"NM_AGLOM":"Aldeia Indígena Imbirussu","CD_TI":7250.0,"TI_FUNAI":44401.0,"NM_TI":"Taunay-Ipegue","FASE":"Regularizada","C_CR_FUNAI":30202002004.0,"N_CR_FUNAI":"Campo Grande","ALD_FUNAI":null,"VAL_FUNAI":null,"ALD_SIASI":51166.0,"VAL_SIASI":2.0,"AMZ_LEG":null,"LAT":-20.2807127540951,"LONG":-56.0948015841966,"fonte":"IBGE, Censo Demográfico 2022, Localidades Indígenas, arquivo atualizado em 19/09/2025","url_fonte":"https://geoftp.ibge.gov.br/organizacao_do_territorio/estrutura_territorial/localidades/localidades_indigenas_2022/"},"geometry":{"coordinates":[-56.0948015841966,-20.2807127540951],"type":"Point"}},{"type":"Feature","properties":{"CD_UF":50,"NM_UF":"Mato Grosso do Sul","CD_MUNIC":5005152,"NM_MUNIC":"Juti","ID_LI":5000110,"CD_LI":5010125,"OCORRENCIA":1,"NM_LI":"Aldeia Indígena Jarará","CD_SETOR":500515205000005,"SITUACAO":"Rural","CD_SIT":8,"CD_TIPO":5.0,"CD_AGLOM":500515200004.0,"NM_AGLOM":"Aldeia Indígena Jarará","CD_TI":6475.0,"TI_FUNAI":18901.0,"NM_TI":"Jarara","FASE":"Homologada","C_CR_FUNAI":30202002011.0,"N_CR_FUNAI":"Dourados","ALD_FUNAI":32.0,"VAL_FUNAI":1.0,"ALD_SIASI":null,"VAL_SIASI":null,"AMZ_LEG":null,"LAT":-22.919702777815044,"LONG":-54.60370336111111,"fonte":"IBGE, Censo Demográfico 2022, Localidades Indígenas, arquivo atualizado em 19/09/2025","url_fonte":"https://geoftp.ibge.gov.br/organizacao_do_territorio/estrutura_territorial/localidades/localidades_indigenas_2022/"},"geometry":{"coordinates":[-54.60370336111111,-22.919702777815044],"type":"Point"}},{"type":"Feature","properties":{"CD_UF":50,"NM_UF":"Mato Grosso do Sul","CD_MUNIC":5000609,"NM_MUNIC":"Amambai","ID_LI":5000111,"CD_LI":5010136,"OCORRENCIA":11,"NM_LI":"Aldeia Indígena Amambai","CD_SETOR":500060905000078,"SITUACAO":"Rural","CD_SIT":8,"CD_TIPO":5.0,"CD_AGLOM":500060900007.0,"NM_AGLOM":"Aldeia Indígena Amambai","CD_TI":7188.0,"TI_FUNAI":1601.0,"NM_TI":"Amambai","FASE":"Regularizada","C_CR_FUNAI":30202002018.0,"N_CR_FUNAI":"Ponta Porã","ALD_FUNAI":3071.0,"VAL_FUNAI":1.0,"ALD_SIASI":null,"VAL_SIASI":null,"AMZ_LEG":null,"LAT":-23.075520777815328,"LONG":-55.16624386111111,"fonte":"IBGE, Censo Demográfico 2022, Localidades Indígenas, arquivo atualizado em 19/09/2025","url_fonte":"https://geoftp.ibge.gov.br/organizacao_do_territorio/estrutura_territorial/localidades/localidades_indigenas_2022/"},"geometry":{"coordinates":[-55.16624386111111,-23.075520777815328],"type":"Point"}},{"type":"Feature","properties":{"CD_UF":50,"NM_UF":"Mato Grosso do Sul","CD_MUNIC":5005608,"NM_MUNIC":"Miranda","ID_LI":5000112,"CD_LI":5010104,"OCORRENCIA":4,"NM_LI":"Aldeia Indígena Babaçú","CD_SETOR":500560805000063,"SITUACAO":"Rural","CD_SIT":5,"CD_TIPO":5.0,"CD_AGLOM":500560800012.0,"NM_AGLOM":"Aldeia Indígena Babaçu","CD_TI":7285.0,"TI_FUNAI":7701.0,"NM_TI":"Cachoeirinha","FASE":"Regularizada","C_CR_FUNAI":30202002004.0,"N_CR_FUNAI":"Campo Grande","ALD_FUNAI":null,"VAL_FUNAI":null,"ALD_SIASI":51846.0,"VAL_SIASI":1.0,"AMZ_LEG":null,"LAT":-20.20359519447681,"LONG":-56.2925021388889,"fonte":"IBGE, Censo Demográfico 2022, Localidades Indígenas, arquivo atualizado em 19/09/2025","url_fonte":"https://geoftp.ibge.gov.br/organizacao_do_territorio/estrutura_territorial/localidades/localidades_indigenas_2022/"},"geometry":{"coordinates":[-56.2925021388889,-20.20359519447681],"type":"Point"}},{"type":"Feature","properties":{"CD_UF":50,"NM_UF":"Mato Grosso do Sul","CD_MUNIC":5003702,"NM_MUNIC":"Dourados","ID_LI":5000113,"CD_LI":5010032,"OCORRENCIA":2,"NM_LI":"Aldeia Indígena Bororó","CD_SETOR":500370205000436,"SITUACAO":"Rural","CD_SIT":8,"CD_TIPO":5.0,"CD_AGLOM":500370200008.0,"NM_AGLOM":"Aldeia Indígena Jaguapiru","CD_TI":7307.0,"TI_FUNAI":11101.0,"NM_TI":"Dourados","FASE":"Regularizada","C_CR_FUNAI":30202002011.0,"N_CR_FUNAI":"Dourados","ALD_FUNAI":null,"VAL_FUNAI":null,"ALD_SIASI":49930.0,"VAL_SIASI":2.0,"AMZ_LEG":null,"LAT":-22.184180638924808,"LONG":-54.84178480555556,"fonte":"IBGE, Censo Demográfico 2022, Localidades Indígenas, arquivo atualizado em 19/09/2025","url_fonte":"https://geoftp.ibge.gov.br/organizacao_do_territorio/estrutura_territorial/localidades/localidades_indigenas_2022/"},"geometry":{"coordinates":[-54.84178480555556,-22.184180638924808],"type":"Point"}},{"type":"Feature","properties":{"CD_UF":50,"NM_UF":"Mato Grosso do Sul","CD_MUNIC":5001102,"NM_MUNIC":"Aquidauana","ID_LI":5000114,"CD_LI":5010135,"OCORRENCIA":2,"NM_LI":"Aldeia Indígena Bananal","CD_SETOR":500110225000018,"SITUACAO":"Rural","CD_SIT":5,"CD_TIPO":5.0,"CD_AGLOM":500110200005.0,"NM_AGLOM":"Aldeia Indígena Bananal","CD_TI":7250.0,"TI_FUNAI":44401.0,"NM_TI":"Taunay-Ipegue","FASE":"Regularizada","C_CR_FUNAI":30202002004.0,"N_CR_FUNAI":"Campo Grande","ALD_FUNAI":null,"VAL_FUNAI":null,"ALD_SIASI":51017.0,"VAL_SIASI":2.0,"AMZ_LEG":null,"LAT":-20.2485915130684,"LONG":-56.0650733735761,"fonte":"IBGE, Censo Demográfico 2022, Localidades Indígenas, arquivo atualizado em 19/09/2025","url_fonte":"https://geoftp.ibge.gov.br/organizacao_do_territorio/estrutura_territorial/localidades/localidades_indigenas_2022/"},"geometry":{"coordinates":[-56.0650733735761,-20.2485915130684],"type":"Point"}},{"type":"Feature","properties":{"CD_UF":50,"NM_UF":"Mato Grosso do Sul","CD_MUNIC":5003702,"NM_MUNIC":"Dourados","ID_LI":5000115,"CD_LI":5010075,"OCORRENCIA":1,"NM_LI":"Aldeia Indígena Yvy Vera","CD_SETOR":500370205000434,"SITUACAO":"Rural","CD_SIT":8,"CD_TIPO":5.0,"CD_AGLOM":500370200008.0,"NM_AGLOM":"Aldeia Indígena Jaguapiru","CD_TI":7307.0,"TI_FUNAI":11101.0,"NM_TI":"Dourados","FASE":"Regularizada","C_CR_FUNAI":30202002011.0,"N_CR_FUNAI":"Dourados","ALD_FUNAI":null,"VAL_FUNAI":null,"ALD_SIASI":null,"VAL_SIASI":null,"AMZ_LEG":null,"LAT":-22.179918277813684,"LONG":-54.83046777777778,"fonte":"IBGE, Censo Demográfico 2022, Localidades Indígenas, arquivo atualizado em 19/09/2025","url_fonte":"https://geoftp.ibge.gov.br/organizacao_do_territorio/estrutura_territorial/localidades/localidades_indigenas_2022/"},"geometry":{"coordinates":[-54.83046777777778,-22.179918277813684],"type":"Point"}},{"type":"Feature","properties":{"CD_UF":50,"NM_UF":"Mato Grosso do Sul","CD_MUNIC":5006903,"NM_MUNIC":"Porto Murtinho","ID_LI":5000117,"CD_LI":5010101,"OCORRENCIA":2,"NM_LI":"Aldeia Indígena Alves de Barros","CD_SETOR":500690305000038,"SITUACAO":"Rural","CD_SIT":8,"CD_TIPO":5.0,"CD_AGLOM":500690300002.0,"NM_AGLOM":"Aldeia Indígena Alves de Barros","CD_TI":3328.0,"TI_FUNAI":20001.0,"NM_TI":"Kadiwéu","FASE":"Regularizada","C_CR_FUNAI":30202002004.0,"N_CR_FUNAI":"Campo Grande","ALD_FUNAI":2959.0,"VAL_FUNAI":1.0,"ALD_SIASI":null,"VAL_SIASI":null,"AMZ_LEG":null,"LAT":-20.432222802971456,"LONG":-56.964169216661496,"fonte":"IBGE, Censo Demográfico 2022, Localidades Indígenas, arquivo atualizado em 19/09/2025","url_fonte":"https://geoftp.ibge.gov.br/organizacao_do_territorio/estrutura_territorial/localidades/localidades_indigenas_2022/"},"geometry":{"coordinates":[-56.964169216661496,-20.432222802971456],"type":"Point"}},{"type":"Feature","properties":{"CD_UF":50,"NM_UF":"Mato Grosso do Sul","CD_MUNIC":5005251,"NM_MUNIC":"Laguna Carapã","ID_LI":5000119,"CD_LI":5010013,"OCORRENCIA":1,"NM_LI":"Aldeia Indígena Guaimbé","CD_SETOR":500525105000011,"SITUACAO":"Rural","CD_SIT":8,"CD_TIPO":5.0,"CD_AGLOM":500525100004.0,"NM_AGLOM":"Aldeia Indígena Guaimbé","CD_TI":7137.0,"TI_FUNAI":13701.0,"NM_TI":"Guaimbé","FASE":"Regularizada","C_CR_FUNAI":30202002018.0,"N_CR_FUNAI":"Ponta Porã","ALD_FUNAI":null,"VAL_FUNAI":null,"ALD_SIASI":null,"VAL_SIASI":null,"AMZ_LEG":null,"LAT":-22.845629805592683,"LONG":-55.19529855555555,"fonte":"IBGE, Censo Demográfico 2022, Localidades Indígenas, arquivo atualizado em 19/09/2025","url_fonte":"https://geoftp.ibge.gov.br/organizacao_do_territorio/estrutura_territorial/localidades/localidades_indigenas_2022/"},"geometry":{"coordinates":[-55.19529855555555,-22.845629805592683],"type":"Point"}},{"type":"Feature","properties":{"CD_UF":50,"NM_UF":"Mato Grosso do Sul","CD_MUNIC":5000609,"NM_MUNIC":"Amambai","ID_LI":5000120,"CD_LI":5010136,"OCORRENCIA":12,"NM_LI":"Aldeia Indígena Amambai","CD_SETOR":500060905000081,"SITUACAO":"Rural","CD_SIT":8,"CD_TIPO":5.0,"CD_AGLOM":500060900007.0,"NM_AGLOM":"Aldeia Indígena Amambai","CD_TI":7188.0,"TI_FUNAI":1601.0,"NM_TI":"Amambai","FASE":"Regularizada","C_CR_FUNAI":30202002018.0,"N_CR_FUNAI":"Ponta Porã","ALD_FUNAI":3071.0,"VAL_FUNAI":1.0,"ALD_SIASI":null,"VAL_SIASI":null,"AMZ_LEG":null,"LAT":-23.04815286114861,"LONG":-55.19008177777778,"fonte":"IBGE, Censo Demográfico 2022, Localidades Indígenas, arquivo atualizado em 19/09/2025","url_fonte":"https://geoftp.ibge.gov.br/organizacao_do_territorio/estrutura_territorial/localidades/localidades_indigenas_2022/"},"geometry":{"coordinates":[-55.19008177777778,-23.04815286114861],"type":"Point"}},{"type":"Feature","properties":{"CD_UF":50,"NM_UF":"Mato Grosso do Sul","CD_MUNIC":5005608,"NM_MUNIC":"Miranda","ID_LI":5000121,"CD_LI":5010143,"OCORRENCIA":5,"NM_LI":"Aldeia Indígena Lalima","CD_SETOR":500560805000052,"SITUACAO":"Rural","CD_SIT":8,"CD_TIPO":5.0,"CD_AGLOM":500560800009.0,"NM_AGLOM":"Aldeia Indígena Lalima","CD_TI":7277.0,"TI_FUNAI":25101.0,"NM_TI":"Lalima","FASE":"Regularizada","C_CR_FUNAI":30202002004.0,"N_CR_FUNAI":"Campo Grande","ALD_FUNAI":2960.0,"VAL_FUNAI":1.0,"ALD_SIASI":49938.0,"VAL_SIASI":1.0,"AMZ_LEG":null,"LAT":-20.55594241669965,"LONG":-56.28196761111112,"fonte":"IBGE, Censo Demográfico 2022, Localidades Indígenas, arquivo atualizado em 19/09/2025","url_fonte":"https://geoftp.ibge.gov.br/organizacao_do_territorio/estrutura_territorial/localidades/localidades_indigenas_2022/"},"geometry":{"coordinates":[-56.28196761111112,-20.55594241669965],"type":"Point"}},{"type":"Feature","properties":{"CD_UF":50,"NM_UF":"Mato Grosso do Sul","CD_MUNIC":5001102,"NM_MUNIC":"Aquidauana","ID_LI":5000122,"CD_LI":5010068,"OCORRENCIA":1,"NM_LI":"Aldeia Indígena Esperança","CD_SETOR":500110225000024,"SITUACAO":"Rural","CD_SIT":8,"CD_TIPO":5.0,"CD_AGLOM":500110200016.0,"NM_AGLOM":"Aldeia Indígena Esperança","CD_TI":50750.0,"TI_FUNAI":44402.0,"NM_TI":"Taunay/Ipegue","FASE":"Declarada","C_CR_FUNAI":30202002004.0,"N_CR_FUNAI":"Campo Grande","ALD_FUNAI":null,"VAL_FUNAI":null,"ALD_SIASI":null,"VAL_SIASI":null,"AMZ_LEG":null,"LAT":-20.223345944476847,"LONG":-56.06776116666666,"fonte":"IBGE, Censo Demográfico 2022, Localidades Indígenas, arquivo atualizado em 19/09/2025","url_fonte":"https://geoftp.ibge.gov.br/organizacao_do_territorio/estrutura_territorial/localidades/localidades_indigenas_2022/"},"geometry":{"coordinates":[-56.06776116666666,-20.223345944476847],"type":"Point"}},{"type":"Feature","properties":{"CD_UF":50,"NM_UF":"Mato Grosso do Sul","CD_MUNIC":5003488,"NM_MUNIC":"Dois Irmãos do Buriti","ID_LI":5000124,"CD_LI":5010126,"OCORRENCIA":2,"NM_LI":"Aldeia Indígena Recanto","CD_SETOR":500348805000025,"SITUACAO":"Rural","CD_SIT":8,"CD_TIPO":5.0,"CD_AGLOM":500348800009.0,"NM_AGLOM":"Aldeia Indígena Recanto","CD_TI":50157.0,"TI_FUNAI":7001.0,"NM_TI":"Buriti","FASE":"Regularizada","C_CR_FUNAI":30202002004.0,"N_CR_FUNAI":"Campo Grande","ALD_FUNAI":null,"VAL_FUNAI":null,"ALD_SIASI":null,"VAL_SIASI":null,"AMZ_LEG":null,"LAT":-20.867939416700214,"LONG":-55.187142666666674,"fonte":"IBGE, Censo Demográfico 2022, Localidades Indígenas, arquivo atualizado em 19/09/2025","url_fonte":"https://geoftp.ibge.gov.br/organizacao_do_territorio/estrutura_territorial/localidades/localidades_indigenas_2022/"},"geometry":{"coordinates":[-55.187142666666674,-20.867939416700214],"type":"Point"}},{"type":"Feature","properties":{"CD_UF":50,"NM_UF":"Mato Grosso do Sul","CD_MUNIC":5003702,"NM_MUNIC":"Dourados","ID_LI":5000125,"CD_LI":5010032,"OCORRENCIA":3,"NM_LI":"Aldeia Indígena Bororó","CD_SETOR":500370205000436,"SITUACAO":"Rural","CD_SIT":8,"CD_TIPO":5.0,"CD_AGLOM":500370200008.0,"NM_AGLOM":"Aldeia Indígena Jaguapiru","CD_TI":7307.0,"TI_FUNAI":11101.0,"NM_TI":"Dourados","FASE":"Regularizada","C_CR_FUNAI":30202002011.0,"N_CR_FUNAI":"Dourados","ALD_FUNAI":null,"VAL_FUNAI":null,"ALD_SIASI":49930.0,"VAL_SIASI":2.0,"AMZ_LEG":null,"LAT":-22.1885920039498,"LONG":-54.8442638112486,"fonte":"IBGE, Censo Demográfico 2022, Localidades Indígenas, arquivo atualizado em 19/09/2025","url_fonte":"https://geoftp.ibge.gov.br/organizacao_do_territorio/estrutura_territorial/localidades/localidades_indigenas_2022/"},"geometry":{"coordinates":[-54.8442638112486,-22.1885920039498],"type":"Point"}},{"type":"Feature","properties":{"CD_UF":50,"NM_UF":"Mato Grosso do Sul","CD_MUNIC":5006903,"NM_MUNIC":"Porto Murtinho","ID_LI":5000126,"CD_LI":5010101,"OCORRENCIA":3,"NM_LI":"Aldeia Indígena Alves de Barros","CD_SETOR":500690305000038,"SITUACAO":"Rural","CD_SIT":8,"CD_TIPO":5.0,"CD_AGLOM":500690300002.0,"NM_AGLOM":"Aldeia Indígena Alves de Barros","CD_TI":3328.0,"TI_FUNAI":20001.0,"NM_TI":"Kadiwéu","FASE":"Regularizada","C_CR_FUNAI":30202002004.0,"N_CR_FUNAI":"Campo Grande","ALD_FUNAI":2959.0,"VAL_FUNAI":1.0,"ALD_SIASI":null,"VAL_SIASI":null,"AMZ_LEG":null,"LAT":-20.437998472255003,"LONG":-56.96337563888889,"fonte":"IBGE, Censo Demográfico 2022, Localidades Indígenas, arquivo atualizado em 19/09/2025","url_fonte":"https://geoftp.ibge.gov.br/organizacao_do_territorio/estrutura_territorial/localidades/localidades_indigenas_2022/"},"geometry":{"coordinates":[-56.96337563888889,-20.437998472255003],"type":"Point"}},{"type":"Feature","properties":{"CD_UF":50,"NM_UF":"Mato Grosso do Sul","CD_MUNIC":5003488,"NM_MUNIC":"Dois Irmãos do Buriti","ID_LI":5000127,"CD_LI":5010017,"OCORRENCIA":2,"NM_LI":"Aldeia Indígena Buriti","CD_SETOR":500348805000025,"SITUACAO":"Rural","CD_SIT":8,"CD_TIPO":5.0,"CD_AGLOM":500348800009.0,"NM_AGLOM":"Aldeia Indígena Recanto","CD_TI":50157.0,"TI_FUNAI":7001.0,"NM_TI":"Buriti","FASE":"Regularizada","C_CR_FUNAI":30202002004.0,"N_CR_FUNAI":"Campo Grande","ALD_FUNAI":null,"VAL_FUNAI":null,"ALD_SIASI":null,"VAL_SIASI":null,"AMZ_LEG":null,"LAT":-20.866971444477983,"LONG":-55.18531630555555,"fonte":"IBGE, Censo Demográfico 2022, Localidades Indígenas, arquivo atualizado em 19/09/2025","url_fonte":"https://geoftp.ibge.gov.br/organizacao_do_territorio/estrutura_territorial/localidades/localidades_indigenas_2022/"},"geometry":{"coordinates":[-55.18531630555555,-20.866971444477983],"type":"Point"}},{"type":"Feature","properties":{"CD_UF":50,"NM_UF":"Mato Grosso do Sul","CD_MUNIC":5001102,"NM_MUNIC":"Aquidauana","ID_LI":5000129,"CD_LI":5010097,"OCORRENCIA":1,"NM_LI":"Aldeia Indígena Morrinho","CD_SETOR":500110225000005,"SITUACAO":"Rural","CD_SIT":8,"CD_TIPO":5.0,"CD_AGLOM":500110200003.0,"NM_AGLOM":"Aldeia Indígena Morrinho","CD_TI":7250.0,"TI_FUNAI":44401.0,"NM_TI":"Taunay-Ipegue","FASE":"Regularizada","C_CR_FUNAI":30202002004.0,"N_CR_FUNAI":"Campo Grande","ALD_FUNAI":null,"VAL_FUNAI":null,"ALD_SIASI":47735.0,"VAL_SIASI":1.0,"AMZ_LEG":null,"LAT":-20.27561063892138,"LONG":-56.07177347222222,"fonte":"IBGE, Censo Demográfico 2022, Localidades Indígenas, arquivo atualizado em 19/09/2025","url_fonte":"https://geoftp.ibge.gov.br/organizacao_do_territorio/estrutura_territorial/localidades/localidades_indigenas_2022/"},"geometry":{"coordinates":[-56.07177347222222,-20.27561063892138],"type":"Point"}},{"type":"Feature","properties":{"CD_UF":50,"NM_UF":"Mato Grosso do Sul","CD_MUNIC":5005608,"NM_MUNIC":"Miranda","ID_LI":5000131,"CD_LI":5010001,"OCORRENCIA":2,"NM_LI":"Aldeia Indígena Morrinho","CD_SETOR":500560805000056,"SITUACAO":"Rural","CD_SIT":5,"CD_TIPO":5.0,"CD_AGLOM":500560800010.0,"NM_AGLOM":"Aldeia Indígena Morrinho","CD_TI":7285.0,"TI_FUNAI":7701.0,"NM_TI":"Cachoeirinha","FASE":"Regularizada","C_CR_FUNAI":30202002004.0,"N_CR_FUNAI":"Campo Grande","ALD_FUNAI":2949.0,"VAL_FUNAI":1.0,"ALD_SIASI":51489.0,"VAL_SIASI":1.0,"AMZ_LEG":null,"LAT":-20.17203641669898,"LONG":-56.28452661111111,"fonte":"IBGE, Censo Demográfico 2022, Localidades Indígenas, arquivo atualizado em 19/09/2025","url_fonte":"https://geoftp.ibge.gov.br/organizacao_do_territorio/estrutura_territorial/localidades/localidades_indigenas_2022/"},"geometry":{"coordinates":[-56.28452661111111,-20.17203641669898],"type":"Point"}},{"type":"Feature","properties":{"CD_UF":50,"NM_UF":"Mato Grosso do Sul","CD_MUNIC":5000609,"NM_MUNIC":"Amambai","ID_LI":5000132,"CD_LI":5010136,"OCORRENCIA":13,"NM_LI":"Aldeia Indígena Amambai","CD_SETOR":500060905000078,"SITUACAO":"Rural","CD_SIT":8,"CD_TIPO":5.0,"CD_AGLOM":500060900007.0,"NM_AGLOM":"Aldeia Indígena Amambai","CD_TI":7188.0,"TI_FUNAI":1601.0,"NM_TI":"Amambai","FASE":"Regularizada","C_CR_FUNAI":30202002018.0,"N_CR_FUNAI":"Ponta Porã","ALD_FUNAI":3071.0,"VAL_FUNAI":1.0,"ALD_SIASI":null,"VAL_SIASI":null,"AMZ_LEG":null,"LAT":-23.07502011114866,"LONG":-55.181590416666666,"fonte":"IBGE, Censo Demográfico 2022, Localidades Indígenas, arquivo atualizado em 19/09/2025","url_fonte":"https://geoftp.ibge.gov.br/organizacao_do_territorio/estrutura_territorial/localidades/localidades_indigenas_2022/"},"geometry":{"coordinates":[-55.181590416666666,-23.07502011114866],"type":"Point"}},{"type":"Feature","properties":{"CD_UF":50,"NM_UF":"Mato Grosso do Sul","CD_MUNIC":5007950,"NM_MUNIC":"Tacuru","ID_LI":5000133,"CD_LI":5010082,"OCORRENCIA":1,"NM_LI":"Aldeia Indígena Sassoró / Ramada","CD_SETOR":500795005000013,"SITUACAO":"Rural","CD_SIT":8,"CD_TIPO":5.0,"CD_AGLOM":500795000004.0,"NM_AGLOM":"Aldeia Indígena Sassoró","CD_TI":7200.0,"TI_FUNAI":42201.0,"NM_TI":"Sassoró","FASE":"Regularizada","C_CR_FUNAI":30202002018.0,"N_CR_FUNAI":"Ponta Porã","ALD_FUNAI":null,"VAL_FUNAI":null,"ALD_SIASI":null,"VAL_SIASI":null,"AMZ_LEG":null,"LAT":-23.6019651427689,"LONG":-54.7919585047671,"fonte":"IBGE, Censo Demográfico 2022, Localidades Indígenas, arquivo atualizado em 19/09/2025","url_fonte":"https://geoftp.ibge.gov.br/organizacao_do_territorio/estrutura_territorial/localidades/localidades_indigenas_2022/"},"geometry":{"coordinates":[-54.7919585047671,-23.6019651427689],"type":"Point"}},{"type":"Feature","properties":{"CD_UF":50,"NM_UF":"Mato Grosso do Sul","CD_MUNIC":5002407,"NM_MUNIC":"Caarapó","ID_LI":5000134,"CD_LI":5010006,"OCORRENCIA":4,"NM_LI":"Aldeia Indígena Te'ýi Kuê","CD_SETOR":500240720000007,"SITUACAO":"Rural","CD_SIT":8,"CD_TIPO":5.0,"CD_AGLOM":500240700005.0,"NM_AGLOM":"Aldeia Indígena Te Yi Kuê","CD_TI":7293.0,"TI_FUNAI":7201.0,"NM_TI":"Caarapó","FASE":"Regularizada","C_CR_FUNAI":30202002011.0,"N_CR_FUNAI":"Dourados","ALD_FUNAI":418.0,"VAL_FUNAI":1.0,"ALD_SIASI":null,"VAL_SIASI":null,"AMZ_LEG":null,"LAT":-22.594549277814444,"LONG":-54.95425069444445,"fonte":"IBGE, Censo Demográfico 2022, Localidades Indígenas, arquivo atualizado em 19/09/2025","url_fonte":"https://geoftp.ibge.gov.br/organizacao_do_territorio/estrutura_territorial/localidades/localidades_indigenas_2022/"},"geometry":{"coordinates":[-54.95425069444445,-22.594549277814444],"type":"Point"}},{"type":"Feature","properties":{"CD_UF":50,"NM_UF":"Mato Grosso do Sul","CD_MUNIC":5006903,"NM_MUNIC":"Porto Murtinho","ID_LI":5000135,"CD_LI":5010130,"OCORRENCIA":1,"NM_LI":"Aldeia Indígena Córrego de Ouro","CD_SETOR":500690305000042,"SITUACAO":"Rural","CD_SIT":8,"CD_TIPO":5.0,"CD_AGLOM":500690300005.0,"NM_AGLOM":"Aldeia Indígena Córrego de Ouro","CD_TI":3328.0,"TI_FUNAI":20001.0,"NM_TI":"Kadiwéu","FASE":"Regularizada","C_CR_FUNAI":30202002004.0,"N_CR_FUNAI":"Campo Grande","ALD_FUNAI":2955.0,"VAL_FUNAI":1.0,"ALD_SIASI":null,"VAL_SIASI":null,"AMZ_LEG":null,"LAT":-20.67874663892209,"LONG":-56.94779163888889,"fonte":"IBGE, Censo Demográfico 2022, Localidades Indígenas, arquivo atualizado em 19/09/2025","url_fonte":"https://geoftp.ibge.gov.br/organizacao_do_territorio/estrutura_territorial/localidades/localidades_indigenas_2022/"},"geometry":{"coordinates":[-56.94779163888889,-20.67874663892209],"type":"Point"}},{"type":"Feature","properties":{"CD_UF":50,"NM_UF":"Mato Grosso do Sul","CD_MUNIC":5003702,"NM_MUNIC":"Dourados","ID_LI":5000136,"CD_LI":5010094,"OCORRENCIA":4,"NM_LI":"Aldeia Indigena Jaguapiru","CD_SETOR":500370205000434,"SITUACAO":"Rural","CD_SIT":8,"CD_TIPO":5.0,"CD_AGLOM":500370200008.0,"NM_AGLOM":"Aldeia Indígena Jaguapiru","CD_TI":7307.0,"TI_FUNAI":11101.0,"NM_TI":"Dourados","FASE":"Regularizada","C_CR_FUNAI":30202002011.0,"N_CR_FUNAI":"Dourados","ALD_FUNAI":null,"VAL_FUNAI":null,"ALD_SIASI":50067.0,"VAL_SIASI":1.0,"AMZ_LEG":null,"LAT":-22.1764700844925,"LONG":-54.8369329628045,"fonte":"IBGE, Censo Demográfico 2022, Localidades Indígenas, arquivo atualizado em 19/09/2025","url_fonte":"https://geoftp.ibge.gov.br/organizacao_do_territorio/estrutura_territorial/localidades/localidades_indigenas_2022/"},"geometry":{"coordinates":[-54.8369329628045,-22.1764700844925],"type":"Point"}},{"type":"Feature","properties":{"CD_UF":50,"NM_UF":"Mato Grosso do Sul","CD_MUNIC":5007950,"NM_MUNIC":"Tacuru","ID_LI":5000137,"CD_LI":5010110,"OCORRENCIA":5,"NM_LI":"Aldeia Indígena Jaguapiré","CD_SETOR":500795005000015,"SITUACAO":"Rural","CD_SIT":8,"CD_TIPO":5.0,"CD_AGLOM":500795000005.0,"NM_AGLOM":"Aldeia Indígena Jaguapiré","CD_TI":43006.0,"TI_FUNAI":18101.0,"NM_TI":"Jaguapiré","FASE":"Regularizada","C_CR_FUNAI":30202002018.0,"N_CR_FUNAI":"Ponta Porã","ALD_FUNAI":3102.0,"VAL_FUNAI":1.0,"ALD_SIASI":null,"VAL_SIASI":null,"AMZ_LEG":null,"LAT":-23.71732166670541,"LONG":-54.945888333333336,"fonte":"IBGE, Censo Demográfico 2022, Localidades Indígenas, arquivo atualizado em 19/09/2025","url_fonte":"https://geoftp.ibge.gov.br/organizacao_do_territorio/estrutura_territorial/localidades/localidades_indigenas_2022/"},"geometry":{"coordinates":[-54.945888333333336,-23.71732166670541],"type":"Point"}},{"type":"Feature","properties":{"CD_UF":50,"NM_UF":"Mato Grosso do Sul","CD_MUNIC":5004502,"NM_MUNIC":"Itaporã","ID_LI":5000138,"CD_LI":5010021,"OCORRENCIA":5,"NM_LI":"Aldeia Indígena Bororó","CD_SETOR":500450205000038,"SITUACAO":"Rural","CD_SIT":8,"CD_TIPO":5.0,"CD_AGLOM":500450200006.0,"NM_AGLOM":"Aldeia Indígena Bororó","CD_TI":7307.0,"TI_FUNAI":11101.0,"NM_TI":"Dourados","FASE":"Regularizada","C_CR_FUNAI":30202002011.0,"N_CR_FUNAI":"Dourados","ALD_FUNAI":38.0,"VAL_FUNAI":1.0,"ALD_SIASI":null,"VAL_SIASI":null,"AMZ_LEG":null,"LAT":-22.167392722258107,"LONG":-54.87041330555556,"fonte":"IBGE, Censo Demográfico 2022, Localidades Indígenas, arquivo atualizado em 19/09/2025","url_fonte":"https://geoftp.ibge.gov.br/organizacao_do_territorio/estrutura_territorial/localidades/localidades_indigenas_2022/"},"geometry":{"coordinates":[-54.87041330555556,-22.167392722258107],"type":"Point"}},{"type":"Feature","properties":{"CD_UF":50,"NM_UF":"Mato Grosso do Sul","CD_MUNIC":5005806,"NM_MUNIC":"Nioaque","ID_LI":5000139,"CD_LI":5010018,"OCORRENCIA":3,"NM_LI":"Aldeia Indígena Brejão","CD_SETOR":500580605000046,"SITUACAO":"Rural","CD_SIT":8,"CD_TIPO":5.0,"CD_AGLOM":500580600017.0,"NM_AGLOM":"Aldeia Indígena Brejão","CD_TI":7234.0,"TI_FUNAI":30601.0,"NM_TI":"Nioaque","FASE":"Regularizada","C_CR_FUNAI":30202002004.0,"N_CR_FUNAI":"Campo Grande","ALD_FUNAI":2964.0,"VAL_FUNAI":1.0,"ALD_SIASI":null,"VAL_SIASI":null,"AMZ_LEG":null,"LAT":-21.15152330558961,"LONG":-55.72195094444445,"fonte":"IBGE, Censo Demográfico 2022, Localidades Indígenas, arquivo atualizado em 19/09/2025","url_fonte":"https://geoftp.ibge.gov.br/organizacao_do_territorio/estrutura_territorial/localidades/localidades_indigenas_2022/"},"geometry":{"coordinates":[-55.72195094444445,-21.15152330558961],"type":"Point"}},{"type":"Feature","properties":{"CD_UF":50,"NM_UF":"Mato Grosso do Sul","CD_MUNIC":5005608,"NM_MUNIC":"Miranda","ID_LI":5000140,"CD_LI":5010143,"OCORRENCIA":6,"NM_LI":"Aldeia Indígena Lalima","CD_SETOR":500560805000052,"SITUACAO":"Rural","CD_SIT":8,"CD_TIPO":5.0,"CD_AGLOM":500560800009.0,"NM_AGLOM":"Aldeia Indígena Lalima","CD_TI":7277.0,"TI_FUNAI":25101.0,"NM_TI":"Lalima","FASE":"Regularizada","C_CR_FUNAI":30202002004.0,"N_CR_FUNAI":"Campo Grande","ALD_FUNAI":2960.0,"VAL_FUNAI":1.0,"ALD_SIASI":49938.0,"VAL_SIASI":1.0,"AMZ_LEG":null,"LAT":-20.558065888921885,"LONG":-56.28390847222222,"fonte":"IBGE, Censo Demográfico 2022, Localidades Indígenas, arquivo atualizado em 19/09/2025","url_fonte":"https://geoftp.ibge.gov.br/organizacao_do_territorio/estrutura_territorial/localidades/localidades_indigenas_2022/"},"geometry":{"coordinates":[-56.28390847222222,-20.558065888921885],"type":"Point"}},{"type":"Feature","properties":{"CD_UF":50,"NM_UF":"Mato Grosso do Sul","CD_MUNIC":5003488,"NM_MUNIC":"Dois Irmãos do Buriti","ID_LI":5000141,"CD_LI":5010017,"OCORRENCIA":3,"NM_LI":"Aldeia Indígena Buriti","CD_SETOR":500348805000022,"SITUACAO":"Rural","CD_SIT":8,"CD_TIPO":5.0,"CD_AGLOM":500348800006.0,"NM_AGLOM":"Aldeia Indígena Buriti","CD_TI":50157.0,"TI_FUNAI":7001.0,"NM_TI":"Buriti","FASE":"Regularizada","C_CR_FUNAI":30202002004.0,"N_CR_FUNAI":"Campo Grande","ALD_FUNAI":null,"VAL_FUNAI":null,"ALD_SIASI":null,"VAL_SIASI":null,"AMZ_LEG":null,"LAT":-20.854359666700187,"LONG":-55.17423386111111,"fonte":"IBGE, Censo Demográfico 2022, Localidades Indígenas, arquivo atualizado em 19/09/2025","url_fonte":"https://geoftp.ibge.gov.br/organizacao_do_territorio/estrutura_territorial/localidades/localidades_indigenas_2022/"},"geometry":{"coordinates":[-55.17423386111111,-20.854359666700187],"type":"Point"}},{"type":"Feature","properties":{"CD_UF":50,"NM_UF":"Mato Grosso do Sul","CD_MUNIC":5000609,"NM_MUNIC":"Amambai","ID_LI":5000143,"CD_LI":5010136,"OCORRENCIA":14,"NM_LI":"Aldeia Indígena Amambai","CD_SETOR":500060905000078,"SITUACAO":"Rural","CD_SIT":8,"CD_TIPO":5.0,"CD_AGLOM":500060900007.0,"NM_AGLOM":"Aldeia Indígena Amambai","CD_TI":7188.0,"TI_FUNAI":1601.0,"NM_TI":"Amambai","FASE":"Regularizada","C_CR_FUNAI":30202002018.0,"N_CR_FUNAI":"Ponta Porã","ALD_FUNAI":3071.0,"VAL_FUNAI":1.0,"ALD_SIASI":null,"VAL_SIASI":null,"AMZ_LEG":null,"LAT":-23.070553861148653,"LONG":-55.17868822222223,"fonte":"IBGE, Censo Demográfico 2022, Localidades Indígenas, arquivo atualizado em 19/09/2025","url_fonte":"https://geoftp.ibge.gov.br/organizacao_do_territorio/estrutura_territorial/localidades/localidades_indigenas_2022/"},"geometry":{"coordinates":[-55.17868822222223,-23.070553861148653],"type":"Point"}},{"type":"Feature","properties":{"CD_UF":50,"NM_UF":"Mato Grosso do Sul","CD_MUNIC":5007950,"NM_MUNIC":"Tacuru","ID_LI":5000144,"CD_LI":5010110,"OCORRENCIA":6,"NM_LI":"Aldeia Indígena Jaguapiré","CD_SETOR":500795005000015,"SITUACAO":"Rural","CD_SIT":8,"CD_TIPO":5.0,"CD_AGLOM":500795000005.0,"NM_AGLOM":"Aldeia Indígena Jaguapiré","CD_TI":43006.0,"TI_FUNAI":18101.0,"NM_TI":"Jaguapiré","FASE":"Regularizada","C_CR_FUNAI":30202002018.0,"N_CR_FUNAI":"Ponta Porã","ALD_FUNAI":3102.0,"VAL_FUNAI":1.0,"ALD_SIASI":null,"VAL_SIASI":null,"AMZ_LEG":null,"LAT":-23.72703833337209,"LONG":-54.94045,"fonte":"IBGE, Censo Demográfico 2022, Localidades Indígenas, arquivo atualizado em 19/09/2025","url_fonte":"https://geoftp.ibge.gov.br/organizacao_do_territorio/estrutura_territorial/localidades/localidades_indigenas_2022/"},"geometry":{"coordinates":[-54.94045,-23.72703833337209],"type":"Point"}},{"type":"Feature","properties":{"CD_UF":50,"NM_UF":"Mato Grosso do Sul","CD_MUNIC":5000609,"NM_MUNIC":"Amambai","ID_LI":5000145,"CD_LI":5010136,"OCORRENCIA":15,"NM_LI":"Aldeia Indígena Amambai","CD_SETOR":500060905000085,"SITUACAO":"Rural","CD_SIT":8,"CD_TIPO":5.0,"CD_AGLOM":500060900007.0,"NM_AGLOM":"Aldeia Indígena Amambai","CD_TI":7188.0,"TI_FUNAI":1601.0,"NM_TI":"Amambai","FASE":"Regularizada","C_CR_FUNAI":30202002018.0,"N_CR_FUNAI":"Ponta Porã","ALD_FUNAI":3071.0,"VAL_FUNAI":1.0,"ALD_SIASI":null,"VAL_SIASI":null,"AMZ_LEG":null,"LAT":-23.08241563892645,"LONG":-55.20019561111111,"fonte":"IBGE, Censo Demográfico 2022, Localidades Indígenas, arquivo atualizado em 19/09/2025","url_fonte":"https://geoftp.ibge.gov.br/organizacao_do_territorio/estrutura_territorial/localidades/localidades_indigenas_2022/"},"geometry":{"coordinates":[-55.20019561111111,-23.08241563892645],"type":"Point"}},{"type":"Feature","properties":{"CD_UF":50,"NM_UF":"Mato Grosso do Sul","CD_MUNIC":5001102,"NM_MUNIC":"Aquidauana","ID_LI":5000146,"CD_LI":5010097,"OCORRENCIA":2,"NM_LI":"Aldeia Indígena Morrinho","CD_SETOR":500110225000005,"SITUACAO":"Rural","CD_SIT":8,"CD_TIPO":5.0,"CD_AGLOM":500110200003.0,"NM_AGLOM":"Aldeia Indígena Morrinho","CD_TI":7250.0,"TI_FUNAI":44401.0,"NM_TI":"Taunay-Ipegue","FASE":"Regularizada","C_CR_FUNAI":30202002004.0,"N_CR_FUNAI":"Campo Grande","ALD_FUNAI":null,"VAL_FUNAI":null,"ALD_SIASI":47735.0,"VAL_SIASI":1.0,"AMZ_LEG":null,"LAT":-20.274374361143607,"LONG":-56.067180694444446,"fonte":"IBGE, Censo Demográfico 2022, Localidades Indígenas, arquivo atualizado em 19/09/2025","url_fonte":"https://geoftp.ibge.gov.br/organizacao_do_territorio/estrutura_territorial/localidades/localidades_indigenas_2022/"},"geometry":{"coordinates":[-56.067180694444446,-20.274374361143607],"type":"Point"}},{"type":"Feature","properties":{"CD_UF":50,"NM_UF":"Mato Grosso do Sul","CD_MUNIC":5002407,"NM_MUNIC":"Caarapó","ID_LI":5000147,"CD_LI":5010006,"OCORRENCIA":6,"NM_LI":"Aldeia Indígena Te'ýi Kuê","CD_SETOR":500240705000046,"SITUACAO":"Rural","CD_SIT":8,"CD_TIPO":5.0,"CD_AGLOM":500240700005.0,"NM_AGLOM":"Aldeia Indígena Te Yi Kuê","CD_TI":7293.0,"TI_FUNAI":7201.0,"NM_TI":"Caarapó","FASE":"Regularizada","C_CR_FUNAI":30202002011.0,"N_CR_FUNAI":"Dourados","ALD_FUNAI":418.0,"VAL_FUNAI":1.0,"ALD_SIASI":null,"VAL_SIASI":null,"AMZ_LEG":null,"LAT":-22.60659991670336,"LONG":-54.95985111111112,"fonte":"IBGE, Censo Demográfico 2022, Localidades Indígenas, arquivo atualizado em 19/09/2025","url_fonte":"https://geoftp.ibge.gov.br/organizacao_do_territorio/estrutura_territorial/localidades/localidades_indigenas_2022/"},"geometry":{"coordinates":[-54.95985111111112,-22.60659991670336],"type":"Point"}},{"type":"Feature","properties":{"CD_UF":50,"NM_UF":"Mato Grosso do Sul","CD_MUNIC":5001102,"NM_MUNIC":"Aquidauana","ID_LI":5000148,"CD_LI":5010129,"OCORRENCIA":3,"NM_LI":"Aldeia Indígena Limão Verde","CD_SETOR":500110205000053,"SITUACAO":"Rural","CD_SIT":8,"CD_TIPO":5.0,"CD_AGLOM":500110200012.0,"NM_AGLOM":"Aldeia Indígena Limão Verde","CD_TI":7242.0,"TI_FUNAI":25701.0,"NM_TI":"Limão Verde","FASE":"Regularizada","C_CR_FUNAI":30202002004.0,"N_CR_FUNAI":"Campo Grande","ALD_FUNAI":2962.0,"VAL_FUNAI":1.0,"ALD_SIASI":null,"VAL_SIASI":null,"AMZ_LEG":null,"LAT":-20.325090361143687,"LONG":-55.67813508333333,"fonte":"IBGE, Censo Demográfico 2022, Localidades Indígenas, arquivo atualizado em 19/09/2025","url_fonte":"https://geoftp.ibge.gov.br/organizacao_do_territorio/estrutura_territorial/localidades/localidades_indigenas_2022/"},"geometry":{"coordinates":[-55.67813508333333,-20.325090361143687],"type":"Point"}},{"type":"Feature","properties":{"CD_UF":50,"NM_UF":"Mato Grosso do Sul","CD_MUNIC":5000609,"NM_MUNIC":"Amambai","ID_LI":5000149,"CD_LI":5010136,"OCORRENCIA":16,"NM_LI":"Aldeia Indígena Amambai","CD_SETOR":500060905000078,"SITUACAO":"Rural","CD_SIT":8,"CD_TIPO":5.0,"CD_AGLOM":500060900007.0,"NM_AGLOM":"Aldeia Indígena Amambai","CD_TI":7188.0,"TI_FUNAI":1601.0,"NM_TI":"Amambai","FASE":"Regularizada","C_CR_FUNAI":30202002018.0,"N_CR_FUNAI":"Ponta Porã","ALD_FUNAI":3071.0,"VAL_FUNAI":1.0,"ALD_SIASI":null,"VAL_SIASI":null,"AMZ_LEG":null,"LAT":-23.078681527815338,"LONG":-55.167806722222224,"fonte":"IBGE, Censo Demográfico 2022, Localidades Indígenas, arquivo atualizado em 19/09/2025","url_fonte":"https://geoftp.ibge.gov.br/organizacao_do_territorio/estrutura_territorial/localidades/localidades_indigenas_2022/"},"geometry":{"coordinates":[-55.167806722222224,-23.078681527815338],"type":"Point"}},{"type":"Feature","properties":{"CD_UF":50,"NM_UF":"Mato Grosso do Sul","CD_MUNIC":5001102,"NM_MUNIC":"Aquidauana","ID_LI":5000151,"CD_LI":5010008,"OCORRENCIA":2,"NM_LI":"Aldeia Indígena Buritizinho","CD_SETOR":500110205000070,"SITUACAO":"Rural","CD_SIT":8,"CD_TIPO":5.0,"CD_AGLOM":500110200014.0,"NM_AGLOM":"Aldeia Indígena Buritizinho","CD_TI":7242.0,"TI_FUNAI":25701.0,"NM_TI":"Limão Verde","FASE":"Regularizada","C_CR_FUNAI":30202002004.0,"N_CR_FUNAI":"Campo Grande","ALD_FUNAI":2961.0,"VAL_FUNAI":1.0,"ALD_SIASI":null,"VAL_SIASI":null,"AMZ_LEG":null,"LAT":-20.320787500032573,"LONG":-55.67812961111111,"fonte":"IBGE, Censo Demográfico 2022, Localidades Indígenas, arquivo atualizado em 19/09/2025","url_fonte":"https://geoftp.ibge.gov.br/organizacao_do_territorio/estrutura_territorial/localidades/localidades_indigenas_2022/"},"geometry":{"coordinates":[-55.67812961111111,-20.320787500032573],"type":"Point"}},{"type":"Feature","properties":{"CD_UF":50,"NM_UF":"Mato Grosso do Sul","CD_MUNIC":5005608,"NM_MUNIC":"Miranda","ID_LI":5000152,"CD_LI":5010104,"OCORRENCIA":5,"NM_LI":"Aldeia Indígena Babaçú","CD_SETOR":500560805000063,"SITUACAO":"Rural","CD_SIT":5,"CD_TIPO":5.0,"CD_AGLOM":500560800012.0,"NM_AGLOM":"Aldeia Indígena Babaçu","CD_TI":7285.0,"TI_FUNAI":7701.0,"NM_TI":"Cachoeirinha","FASE":"Regularizada","C_CR_FUNAI":30202002004.0,"N_CR_FUNAI":"Campo Grande","ALD_FUNAI":null,"VAL_FUNAI":null,"ALD_SIASI":51846.0,"VAL_SIASI":1.0,"AMZ_LEG":null,"LAT":-20.21262922225461,"LONG":-56.29780511111111,"fonte":"IBGE, Censo Demográfico 2022, Localidades Indígenas, arquivo atualizado em 19/09/2025","url_fonte":"https://geoftp.ibge.gov.br/organizacao_do_territorio/estrutura_territorial/localidades/localidades_indigenas_2022/"},"geometry":{"coordinates":[-56.29780511111111,-20.21262922225461],"type":"Point"}},{"type":"Feature","properties":{"CD_UF":50,"NM_UF":"Mato Grosso do Sul","CD_MUNIC":5005152,"NM_MUNIC":"Juti","ID_LI":5000153,"CD_LI":5010125,"OCORRENCIA":2,"NM_LI":"Aldeia Indígena Jarará","CD_SETOR":500515205000005,"SITUACAO":"Rural","CD_SIT":8,"CD_TIPO":5.0,"CD_AGLOM":500515200004.0,"NM_AGLOM":"Aldeia Indígena Jarará","CD_TI":6475.0,"TI_FUNAI":18901.0,"NM_TI":"Jarara","FASE":"Homologada","C_CR_FUNAI":30202002011.0,"N_CR_FUNAI":"Dourados","ALD_FUNAI":32.0,"VAL_FUNAI":1.0,"ALD_SIASI":null,"VAL_SIASI":null,"AMZ_LEG":null,"LAT":-22.923304305592826,"LONG":-54.60595336111111,"fonte":"IBGE, Censo Demográfico 2022, Localidades Indígenas, arquivo atualizado em 19/09/2025","url_fonte":"https://geoftp.ibge.gov.br/organizacao_do_territorio/estrutura_territorial/localidades/localidades_indigenas_2022/"},"geometry":{"coordinates":[-54.60595336111111,-22.923304305592826],"type":"Point"}},{"type":"Feature","properties":{"CD_UF":50,"NM_UF":"Mato Grosso do Sul","CD_MUNIC":5005608,"NM_MUNIC":"Miranda","ID_LI":5000154,"CD_LI":5010001,"OCORRENCIA":3,"NM_LI":"Aldeia Indígena Morrinho","CD_SETOR":500560805000056,"SITUACAO":"Rural","CD_SIT":5,"CD_TIPO":5.0,"CD_AGLOM":500560800010.0,"NM_AGLOM":"Aldeia Indígena Morrinho","CD_TI":7285.0,"TI_FUNAI":7701.0,"NM_TI":"Cachoeirinha","FASE":"Regularizada","C_CR_FUNAI":30202002004.0,"N_CR_FUNAI":"Campo Grande","ALD_FUNAI":2949.0,"VAL_FUNAI":1.0,"ALD_SIASI":51489.0,"VAL_SIASI":1.0,"AMZ_LEG":null,"LAT":-20.17931869447677,"LONG":-56.282457944444445,"fonte":"IBGE, Censo Demográfico 2022, Localidades Indígenas, arquivo atualizado em 19/09/2025","url_fonte":"https://geoftp.ibge.gov.br/organizacao_do_territorio/estrutura_territorial/localidades/localidades_indigenas_2022/"},"geometry":{"coordinates":[-56.282457944444445,-20.17931869447677],"type":"Point"}},{"type":"Feature","properties":{"CD_UF":50,"NM_UF":"Mato Grosso do Sul","CD_MUNIC":5002407,"NM_MUNIC":"Caarapó","ID_LI":5000155,"CD_LI":5010006,"OCORRENCIA":7,"NM_LI":"Aldeia Indígena Te'ýi Kuê","CD_SETOR":500240720000006,"SITUACAO":"Rural","CD_SIT":8,"CD_TIPO":5.0,"CD_AGLOM":500240700005.0,"NM_AGLOM":"Aldeia Indígena Te Yi Kuê","CD_TI":7293.0,"TI_FUNAI":7201.0,"NM_TI":"Caarapó","FASE":"Regularizada","C_CR_FUNAI":30202002011.0,"N_CR_FUNAI":"Dourados","ALD_FUNAI":418.0,"VAL_FUNAI":1.0,"ALD_SIASI":null,"VAL_SIASI":null,"AMZ_LEG":null,"LAT":-22.589462250036657,"LONG":-54.973319,"fonte":"IBGE, Censo Demográfico 2022, Localidades Indígenas, arquivo atualizado em 19/09/2025","url_fonte":"https://geoftp.ibge.gov.br/organizacao_do_territorio/estrutura_territorial/localidades/localidades_indigenas_2022/"},"geometry":{"coordinates":[-54.973319,-22.589462250036657],"type":"Point"}},{"type":"Feature","properties":{"CD_UF":50,"NM_UF":"Mato Grosso do Sul","CD_MUNIC":5001102,"NM_MUNIC":"Aquidauana","ID_LI":5000156,"CD_LI":5010097,"OCORRENCIA":3,"NM_LI":"Aldeia Indígena Morrinho","CD_SETOR":500110225000005,"SITUACAO":"Rural","CD_SIT":8,"CD_TIPO":5.0,"CD_AGLOM":500110200003.0,"NM_AGLOM":"Aldeia Indígena Morrinho","CD_TI":7250.0,"TI_FUNAI":44401.0,"NM_TI":"Taunay-Ipegue","FASE":"Regularizada","C_CR_FUNAI":30202002004.0,"N_CR_FUNAI":"Campo Grande","ALD_FUNAI":null,"VAL_FUNAI":null,"ALD_SIASI":47735.0,"VAL_SIASI":1.0,"AMZ_LEG":null,"LAT":-20.2699221111436,"LONG":-56.07086561111111,"fonte":"IBGE, Censo Demográfico 2022, Localidades Indígenas, arquivo atualizado em 19/09/2025","url_fonte":"https://geoftp.ibge.gov.br/organizacao_do_territorio/estrutura_territorial/localidades/localidades_indigenas_2022/"},"geometry":{"coordinates":[-56.07086561111111,-20.2699221111436],"type":"Point"}},{"type":"Feature","properties":{"CD_UF":50,"NM_UF":"Mato Grosso do Sul","CD_MUNIC":5003702,"NM_MUNIC":"Dourados","ID_LI":5000157,"CD_LI":5010117,"OCORRENCIA":1,"NM_LI":"Aldeia Indígena Panambizinho","CD_SETOR":500370230000003,"SITUACAO":"Rural","CD_SIT":8,"CD_TIPO":5.0,"CD_AGLOM":500370200007.0,"NM_AGLOM":"Aldeia Indígena Panambizinho","CD_TI":6491.0,"TI_FUNAI":32101.0,"NM_TI":"Panambizinho","FASE":"Regularizada","C_CR_FUNAI":30202002011.0,"N_CR_FUNAI":"Dourados","ALD_FUNAI":34.0,"VAL_FUNAI":1.0,"ALD_SIASI":47271.0,"VAL_SIASI":2.0,"AMZ_LEG":null,"LAT":-22.11882144448024,"LONG":-54.68491555555556,"fonte":"IBGE, Censo Demográfico 2022, Localidades Indígenas, arquivo atualizado em 19/09/2025","url_fonte":"https://geoftp.ibge.gov.br/organizacao_do_territorio/estrutura_territorial/localidades/localidades_indigenas_2022/"},"geometry":{"coordinates":[-54.68491555555556,-22.11882144448024],"type":"Point"}},{"type":"Feature","properties":{"CD_UF":50,"NM_UF":"Mato Grosso do Sul","CD_MUNIC":5004502,"NM_MUNIC":"Itaporã","ID_LI":5000158,"CD_LI":5010021,"OCORRENCIA":6,"NM_LI":"Aldeia Indígena Bororó","CD_SETOR":500450205000038,"SITUACAO":"Rural","CD_SIT":8,"CD_TIPO":5.0,"CD_AGLOM":500450200006.0,"NM_AGLOM":"Aldeia Indígena Bororó","CD_TI":7307.0,"TI_FUNAI":11101.0,"NM_TI":"Dourados","FASE":"Regularizada","C_CR_FUNAI":30202002011.0,"N_CR_FUNAI":"Dourados","ALD_FUNAI":38.0,"VAL_FUNAI":1.0,"ALD_SIASI":null,"VAL_SIASI":null,"AMZ_LEG":null,"LAT":-22.1620175665055,"LONG":-54.8730780190722,"fonte":"IBGE, Censo Demográfico 2022, Localidades Indígenas, arquivo atualizado em 19/09/2025","url_fonte":"https://geoftp.ibge.gov.br/organizacao_do_territorio/estrutura_territorial/localidades/localidades_indigenas_2022/"},"geometry":{"coordinates":[-54.8730780190722,-22.1620175665055],"type":"Point"}},{"type":"Feature","properties":{"CD_UF":50,"NM_UF":"Mato Grosso do Sul","CD_MUNIC":5003702,"NM_MUNIC":"Dourados","ID_LI":5000159,"CD_LI":5010094,"OCORRENCIA":5,"NM_LI":"Aldeia Indigena Jaguapiru","CD_SETOR":500370205000438,"SITUACAO":"Rural","CD_SIT":8,"CD_TIPO":5.0,"CD_AGLOM":500370200008.0,"NM_AGLOM":"Aldeia Indígena Jaguapiru","CD_TI":7307.0,"TI_FUNAI":11101.0,"NM_TI":"Dourados","FASE":"Regularizada","C_CR_FUNAI":30202002011.0,"N_CR_FUNAI":"Dourados","ALD_FUNAI":null,"VAL_FUNAI":null,"ALD_SIASI":50067.0,"VAL_SIASI":1.0,"AMZ_LEG":null,"LAT":-22.1910172797274,"LONG":-54.8038759296569,"fonte":"IBGE, Censo Demográfico 2022, Localidades Indígenas, arquivo atualizado em 19/09/2025","url_fonte":"https://geoftp.ibge.gov.br/organizacao_do_territorio/estrutura_territorial/localidades/localidades_indigenas_2022/"},"geometry":{"coordinates":[-54.8038759296569,-22.1910172797274],"type":"Point"}},{"type":"Feature","properties":{"CD_UF":50,"NM_UF":"Mato Grosso do Sul","CD_MUNIC":5005608,"NM_MUNIC":"Miranda","ID_LI":5000160,"CD_LI":5010140,"OCORRENCIA":2,"NM_LI":"Aldeia Indígena Mãe Terra","CD_SETOR":500560805000045,"SITUACAO":"Rural","CD_SIT":8,"CD_TIPO":5.0,"CD_AGLOM":500560800006.0,"NM_AGLOM":"Aldeia Indígena Mãe Terra","CD_TI":50724.0,"TI_FUNAI":7702.0,"NM_TI":"Cachoeirinha","FASE":"Declarada","C_CR_FUNAI":30202002004.0,"N_CR_FUNAI":"Campo Grande","ALD_FUNAI":null,"VAL_FUNAI":null,"ALD_SIASI":47361.0,"VAL_SIASI":1.0,"AMZ_LEG":null,"LAT":-20.225445472254627,"LONG":-56.27864402777777,"fonte":"IBGE, Censo Demográfico 2022, Localidades Indígenas, arquivo atualizado em 19/09/2025","url_fonte":"https://geoftp.ibge.gov.br/organizacao_do_territorio/estrutura_territorial/localidades/localidades_indigenas_2022/"},"geometry":{"coordinates":[-56.27864402777777,-20.225445472254627],"type":"Point"}},{"type":"Feature","properties":{"CD_UF":50,"NM_UF":"Mato Grosso do Sul","CD_MUNIC":5004502,"NM_MUNIC":"Itaporã","ID_LI":5000161,"CD_LI":5010021,"OCORRENCIA":7,"NM_LI":"Aldeia Indígena Bororó","CD_SETOR":500450205000041,"SITUACAO":"Rural","CD_SIT":8,"CD_TIPO":5.0,"CD_AGLOM":500450200006.0,"NM_AGLOM":"Aldeia Indígena Bororó","CD_TI":7307.0,"TI_FUNAI":11101.0,"NM_TI":"Dourados","FASE":"Regularizada","C_CR_FUNAI":30202002011.0,"N_CR_FUNAI":"Dourados","ALD_FUNAI":38.0,"VAL_FUNAI":1.0,"ALD_SIASI":null,"VAL_SIASI":null,"AMZ_LEG":null,"LAT":-22.174174333369223,"LONG":-54.86435888888889,"fonte":"IBGE, Censo Demográfico 2022, Localidades Indígenas, arquivo atualizado em 19/09/2025","url_fonte":"https://geoftp.ibge.gov.br/organizacao_do_territorio/estrutura_territorial/localidades/localidades_indigenas_2022/"},"geometry":{"coordinates":[-54.86435888888889,-22.174174333369223],"type":"Point"}},{"type":"Feature","properties":{"CD_UF":50,"NM_UF":"Mato Grosso do Sul","CD_MUNIC":5005608,"NM_MUNIC":"Miranda","ID_LI":5000162,"CD_LI":5010104,"OCORRENCIA":6,"NM_LI":"Aldeia Indígena Babaçú","CD_SETOR":500560805000063,"SITUACAO":"Rural","CD_SIT":5,"CD_TIPO":5.0,"CD_AGLOM":500560800012.0,"NM_AGLOM":"Aldeia Indígena Babaçu","CD_TI":7285.0,"TI_FUNAI":7701.0,"NM_TI":"Cachoeirinha","FASE":"Regularizada","C_CR_FUNAI":30202002004.0,"N_CR_FUNAI":"Campo Grande","ALD_FUNAI":null,"VAL_FUNAI":null,"ALD_SIASI":51846.0,"VAL_SIASI":1.0,"AMZ_LEG":null,"LAT":-20.198352833365693,"LONG":-56.28486686111111,"fonte":"IBGE, Censo Demográfico 2022, Localidades Indígenas, arquivo atualizado em 19/09/2025","url_fonte":"https://geoftp.ibge.gov.br/organizacao_do_territorio/estrutura_territorial/localidades/localidades_indigenas_2022/"},"geometry":{"coordinates":[-56.28486686111111,-20.198352833365693],"type":"Point"}},{"type":"Feature","properties":{"CD_UF":50,"NM_UF":"Mato Grosso do Sul","CD_MUNIC":5007950,"NM_MUNIC":"Tacuru","ID_LI":5000165,"CD_LI":5010034,"OCORRENCIA":7,"NM_LI":"Aldeia Indígena Sassoró","CD_SETOR":500795005000012,"SITUACAO":"Rural","CD_SIT":8,"CD_TIPO":5.0,"CD_AGLOM":500795000004.0,"NM_AGLOM":"Aldeia Indígena Sassoró","CD_TI":7200.0,"TI_FUNAI":42201.0,"NM_TI":"Sassoró","FASE":"Regularizada","C_CR_FUNAI":30202002018.0,"N_CR_FUNAI":"Ponta Porã","ALD_FUNAI":3101.0,"VAL_FUNAI":1.0,"ALD_SIASI":null,"VAL_SIASI":null,"AMZ_LEG":null,"LAT":-23.58673330559405,"LONG":-54.77945663888889,"fonte":"IBGE, Censo Demográfico 2022, Localidades Indígenas, arquivo atualizado em 19/09/2025","url_fonte":"https://geoftp.ibge.gov.br/organizacao_do_territorio/estrutura_territorial/localidades/localidades_indigenas_2022/"},"geometry":{"coordinates":[-54.77945663888889,-23.58673330559405],"type":"Point"}},{"type":"Feature","properties":{"CD_UF":50,"NM_UF":"Mato Grosso do Sul","CD_MUNIC":5003702,"NM_MUNIC":"Dourados","ID_LI":5000167,"CD_LI":5010117,"OCORRENCIA":2,"NM_LI":"Aldeia Indígena Panambizinho","CD_SETOR":500370230000003,"SITUACAO":"Rural","CD_SIT":8,"CD_TIPO":5.0,"CD_AGLOM":500370200007.0,"NM_AGLOM":"Aldeia Indígena Panambizinho","CD_TI":6491.0,"TI_FUNAI":32101.0,"NM_TI":"Panambizinho","FASE":"Regularizada","C_CR_FUNAI":30202002011.0,"N_CR_FUNAI":"Dourados","ALD_FUNAI":34.0,"VAL_FUNAI":1.0,"ALD_SIASI":47271.0,"VAL_SIASI":2.0,"AMZ_LEG":null,"LAT":-22.1142921111469,"LONG":-54.68164741666666,"fonte":"IBGE, Censo Demográfico 2022, Localidades Indígenas, arquivo atualizado em 19/09/2025","url_fonte":"https://geoftp.ibge.gov.br/organizacao_do_territorio/estrutura_territorial/localidades/localidades_indigenas_2022/"},"geometry":{"coordinates":[-54.68164741666666,-22.1142921111469],"type":"Point"}},{"type":"Feature","properties":{"CD_UF":50,"NM_UF":"Mato Grosso do Sul","CD_MUNIC":5003157,"NM_MUNIC":"Coronel Sapucaia","ID_LI":5000169,"CD_LI":5010066,"OCORRENCIA":3,"NM_LI":"Aldeia Indígena Taquaperi","CD_SETOR":500315705000025,"SITUACAO":"Rural","CD_SIT":8,"CD_TIPO":5.0,"CD_AGLOM":500315700002.0,"NM_AGLOM":"Aldeia Indígena Taquaperi","CD_TI":7218.0,"TI_FUNAI":44101.0,"NM_TI":"Taquaperi","FASE":"Regularizada","C_CR_FUNAI":30202002018.0,"N_CR_FUNAI":"Ponta Porã","ALD_FUNAI":3109.0,"VAL_FUNAI":1.0,"ALD_SIASI":51841.0,"VAL_SIASI":1.0,"AMZ_LEG":null,"LAT":-23.20508000003779,"LONG":-55.42925997222222,"fonte":"IBGE, Censo Demográfico 2022, Localidades Indígenas, arquivo atualizado em 19/09/2025","url_fonte":"https://geoftp.ibge.gov.br/organizacao_do_territorio/estrutura_territorial/localidades/localidades_indigenas_2022/"},"geometry":{"coordinates":[-55.42925997222222,-23.20508000003779],"type":"Point"}},{"type":"Feature","properties":{"CD_UF":50,"NM_UF":"Mato Grosso do Sul","CD_MUNIC":5005608,"NM_MUNIC":"Miranda","ID_LI":5000170,"CD_LI":5010140,"OCORRENCIA":3,"NM_LI":"Aldeia Indígena Mãe Terra","CD_SETOR":500560805000045,"SITUACAO":"Rural","CD_SIT":8,"CD_TIPO":5.0,"CD_AGLOM":500560800006.0,"NM_AGLOM":"Aldeia Indígena Mãe Terra","CD_TI":50724.0,"TI_FUNAI":7702.0,"NM_TI":"Cachoeirinha","FASE":"Declarada","C_CR_FUNAI":30202002004.0,"N_CR_FUNAI":"Campo Grande","ALD_FUNAI":null,"VAL_FUNAI":null,"ALD_SIASI":47361.0,"VAL_SIASI":1.0,"AMZ_LEG":null,"LAT":-20.22999683336575,"LONG":-56.26510288888889,"fonte":"IBGE, Censo Demográfico 2022, Localidades Indígenas, arquivo atualizado em 19/09/2025","url_fonte":"https://geoftp.ibge.gov.br/organizacao_do_territorio/estrutura_territorial/localidades/localidades_indigenas_2022/"},"geometry":{"coordinates":[-56.26510288888889,-20.22999683336575],"type":"Point"}},{"type":"Feature","properties":{"CD_UF":50,"NM_UF":"Mato Grosso do Sul","CD_MUNIC":5000609,"NM_MUNIC":"Amambai","ID_LI":5000172,"CD_LI":5010136,"OCORRENCIA":17,"NM_LI":"Aldeia Indígena Amambai","CD_SETOR":500060905000101,"SITUACAO":"Rural","CD_SIT":8,"CD_TIPO":5.0,"CD_AGLOM":500060900007.0,"NM_AGLOM":"Aldeia Indígena Amambai","CD_TI":7188.0,"TI_FUNAI":1601.0,"NM_TI":"Amambai","FASE":"Regularizada","C_CR_FUNAI":30202002018.0,"N_CR_FUNAI":"Ponta Porã","ALD_FUNAI":3071.0,"VAL_FUNAI":1.0,"ALD_SIASI":null,"VAL_SIASI":null,"AMZ_LEG":null,"LAT":-23.095602638926472,"LONG":-55.17983527777778,"fonte":"IBGE, Censo Demográfico 2022, Localidades Indígenas, arquivo atualizado em 19/09/2025","url_fonte":"https://geoftp.ibge.gov.br/organizacao_do_territorio/estrutura_territorial/localidades/localidades_indigenas_2022/"},"geometry":{"coordinates":[-55.17983527777778,-23.095602638926472],"type":"Point"}},{"type":"Feature","properties":{"CD_UF":50,"NM_UF":"Mato Grosso do Sul","CD_MUNIC":5007950,"NM_MUNIC":"Tacuru","ID_LI":5000173,"CD_LI":5010034,"OCORRENCIA":8,"NM_LI":"Aldeia Indígena Sassoró","CD_SETOR":500795005000013,"SITUACAO":"Rural","CD_SIT":8,"CD_TIPO":5.0,"CD_AGLOM":500795000004.0,"NM_AGLOM":"Aldeia Indígena Sassoró","CD_TI":7200.0,"TI_FUNAI":42201.0,"NM_TI":"Sassoró","FASE":"Regularizada","C_CR_FUNAI":30202002018.0,"N_CR_FUNAI":"Ponta Porã","ALD_FUNAI":3101.0,"VAL_FUNAI":1.0,"ALD_SIASI":null,"VAL_SIASI":null,"AMZ_LEG":null,"LAT":-23.59472622226074,"LONG":-54.78064419444444,"fonte":"IBGE, Censo Demográfico 2022, Localidades Indígenas, arquivo atualizado em 19/09/2025","url_fonte":"https://geoftp.ibge.gov.br/organizacao_do_territorio/estrutura_territorial/localidades/localidades_indigenas_2022/"},"geometry":{"coordinates":[-54.78064419444444,-23.59472622226074],"type":"Point"}},{"type":"Feature","properties":{"CD_UF":50,"NM_UF":"Mato Grosso do Sul","CD_MUNIC":5004809,"NM_MUNIC":"Japorã","ID_LI":5000174,"CD_LI":5010108,"OCORRENCIA":7,"NM_LI":"Aldeia Indígena Porto Lindo / Jakarey","CD_SETOR":500480905000017,"SITUACAO":"Rural","CD_SIT":8,"CD_TIPO":5.0,"CD_AGLOM":500480900006.0,"NM_AGLOM":"Aldeia Indígena Porto Lindo","CD_TI":7196.0,"TI_FUNAI":36701.0,"NM_TI":"Porto Lindo","FASE":"Regularizada","C_CR_FUNAI":30202002018.0,"N_CR_FUNAI":"Ponta Porã","ALD_FUNAI":3099.0,"VAL_FUNAI":1.0,"ALD_SIASI":null,"VAL_SIASI":null,"AMZ_LEG":null,"LAT":-23.77840886114997,"LONG":-54.58223369444445,"fonte":"IBGE, Censo Demográfico 2022, Localidades Indígenas, arquivo atualizado em 19/09/2025","url_fonte":"https://geoftp.ibge.gov.br/organizacao_do_territorio/estrutura_territorial/localidades/localidades_indigenas_2022/"},"geometry":{"coordinates":[-54.58223369444445,-23.77840886114997],"type":"Point"}},{"type":"Feature","properties":{"CD_UF":50,"NM_UF":"Mato Grosso do Sul","CD_MUNIC":5003488,"NM_MUNIC":"Dois Irmãos do Buriti","ID_LI":5000176,"CD_LI":5010017,"OCORRENCIA":4,"NM_LI":"Aldeia Indígena Buriti","CD_SETOR":500348805000022,"SITUACAO":"Rural","CD_SIT":8,"CD_TIPO":5.0,"CD_AGLOM":500348800006.0,"NM_AGLOM":"Aldeia Indígena Buriti","CD_TI":50157.0,"TI_FUNAI":7001.0,"NM_TI":"Buriti","FASE":"Regularizada","C_CR_FUNAI":30202002004.0,"N_CR_FUNAI":"Campo Grande","ALD_FUNAI":null,"VAL_FUNAI":null,"ALD_SIASI":null,"VAL_SIASI":null,"AMZ_LEG":null,"LAT":-20.86058711114464,"LONG":-55.16940886111112,"fonte":"IBGE, Censo Demográfico 2022, Localidades Indígenas, arquivo atualizado em 19/09/2025","url_fonte":"https://geoftp.ibge.gov.br/organizacao_do_territorio/estrutura_territorial/localidades/localidades_indigenas_2022/"},"geometry":{"coordinates":[-55.16940886111112,-20.86058711114464],"type":"Point"}},{"type":"Feature","properties":{"CD_UF":50,"NM_UF":"Mato Grosso do Sul","CD_MUNIC":5003702,"NM_MUNIC":"Dourados","ID_LI":5000178,"CD_LI":5010145,"OCORRENCIA":1,"NM_LI":"Aldeia Indígena Jaicha Piru","CD_SETOR":500370205000434,"SITUACAO":"Rural","CD_SIT":8,"CD_TIPO":5.0,"CD_AGLOM":500370200008.0,"NM_AGLOM":"Aldeia Indígena Jaguapiru","CD_TI":7307.0,"TI_FUNAI":11101.0,"NM_TI":"Dourados","FASE":"Regularizada","C_CR_FUNAI":30202002011.0,"N_CR_FUNAI":"Dourados","ALD_FUNAI":37.0,"VAL_FUNAI":1.0,"ALD_SIASI":null,"VAL_SIASI":null,"AMZ_LEG":null,"LAT":-22.174809333369232,"LONG":-54.83056811111111,"fonte":"IBGE, Censo Demográfico 2022, Localidades Indígenas, arquivo atualizado em 19/09/2025","url_fonte":"https://geoftp.ibge.gov.br/organizacao_do_territorio/estrutura_territorial/localidades/localidades_indigenas_2022/"},"geometry":{"coordinates":[-54.83056811111111,-22.174809333369232],"type":"Point"}},{"type":"Feature","properties":{"CD_UF":50,"NM_UF":"Mato Grosso do Sul","CD_MUNIC":5005608,"NM_MUNIC":"Miranda","ID_LI":5000180,"CD_LI":5010104,"OCORRENCIA":7,"NM_LI":"Aldeia Indígena Babaçú","CD_SETOR":500560805000063,"SITUACAO":"Rural","CD_SIT":5,"CD_TIPO":5.0,"CD_AGLOM":500560800012.0,"NM_AGLOM":"Aldeia Indígena Babaçu","CD_TI":7285.0,"TI_FUNAI":7701.0,"NM_TI":"Cachoeirinha","FASE":"Regularizada","C_CR_FUNAI":30202002004.0,"N_CR_FUNAI":"Campo Grande","ALD_FUNAI":null,"VAL_FUNAI":null,"ALD_SIASI":51846.0,"VAL_SIASI":1.0,"AMZ_LEG":null,"LAT":-20.20918713892127,"LONG":-56.28609183333333,"fonte":"IBGE, Censo Demográfico 2022, Localidades Indígenas, arquivo atualizado em 19/09/2025","url_fonte":"https://geoftp.ibge.gov.br/organizacao_do_territorio/estrutura_territorial/localidades/localidades_indigenas_2022/"},"geometry":{"coordinates":[-56.28609183333333,-20.20918713892127],"type":"Point"}},{"type":"Feature","properties":{"CD_UF":50,"NM_UF":"Mato Grosso do Sul","CD_MUNIC":5005608,"NM_MUNIC":"Miranda","ID_LI":5000181,"CD_LI":5010057,"OCORRENCIA":2,"NM_LI":"Aldeia Indígena Cachoeirinha","CD_SETOR":500560805000055,"SITUACAO":"Rural","CD_SIT":5,"CD_TIPO":5.0,"CD_AGLOM":500560800002.0,"NM_AGLOM":"Aldeia Indígena Cachoeirinha","CD_TI":7285.0,"TI_FUNAI":7701.0,"NM_TI":"Cachoeirinha","FASE":"Regularizada","C_CR_FUNAI":30202002004.0,"N_CR_FUNAI":"Campo Grande","ALD_FUNAI":2950.0,"VAL_FUNAI":1.0,"ALD_SIASI":49937.0,"VAL_SIASI":1.0,"AMZ_LEG":null,"LAT":-20.19618172225458,"LONG":-56.27522294444444,"fonte":"IBGE, Censo Demográfico 2022, Localidades Indígenas, arquivo atualizado em 19/09/2025","url_fonte":"https://geoftp.ibge.gov.br/organizacao_do_territorio/estrutura_territorial/localidades/localidades_indigenas_2022/"},"geometry":{"coordinates":[-56.27522294444444,-20.19618172225458],"type":"Point"}},{"type":"Feature","properties":{"CD_UF":50,"NM_UF":"Mato Grosso do Sul","CD_MUNIC":5004502,"NM_MUNIC":"Itaporã","ID_LI":5000182,"CD_LI":5010021,"OCORRENCIA":8,"NM_LI":"Aldeia Indígena Bororó","CD_SETOR":500450205000041,"SITUACAO":"Rural","CD_SIT":8,"CD_TIPO":5.0,"CD_AGLOM":500450200006.0,"NM_AGLOM":"Aldeia Indígena Bororó","CD_TI":7307.0,"TI_FUNAI":11101.0,"NM_TI":"Dourados","FASE":"Regularizada","C_CR_FUNAI":30202002011.0,"N_CR_FUNAI":"Dourados","ALD_FUNAI":38.0,"VAL_FUNAI":1.0,"ALD_SIASI":null,"VAL_SIASI":null,"AMZ_LEG":null,"LAT":-22.168269861147,"LONG":-54.87412475,"fonte":"IBGE, Censo Demográfico 2022, Localidades Indígenas, arquivo atualizado em 19/09/2025","url_fonte":"https://geoftp.ibge.gov.br/organizacao_do_territorio/estrutura_territorial/localidades/localidades_indigenas_2022/"},"geometry":{"coordinates":[-54.87412475,-22.168269861147],"type":"Point"}},{"type":"Feature","properties":{"CD_UF":50,"NM_UF":"Mato Grosso do Sul","CD_MUNIC":5000609,"NM_MUNIC":"Amambai","ID_LI":5000183,"CD_LI":5010136,"OCORRENCIA":18,"NM_LI":"Aldeia Indígena Amambai","CD_SETOR":500060905000079,"SITUACAO":"Rural","CD_SIT":8,"CD_TIPO":5.0,"CD_AGLOM":500060900007.0,"NM_AGLOM":"Aldeia Indígena Amambai","CD_TI":7188.0,"TI_FUNAI":1601.0,"NM_TI":"Amambai","FASE":"Regularizada","C_CR_FUNAI":30202002018.0,"N_CR_FUNAI":"Ponta Porã","ALD_FUNAI":3071.0,"VAL_FUNAI":1.0,"ALD_SIASI":null,"VAL_SIASI":null,"AMZ_LEG":null,"LAT":-23.074255750037544,"LONG":-55.1591255,"fonte":"IBGE, Censo Demográfico 2022, Localidades Indígenas, arquivo atualizado em 19/09/2025","url_fonte":"https://geoftp.ibge.gov.br/organizacao_do_territorio/estrutura_territorial/localidades/localidades_indigenas_2022/"},"geometry":{"coordinates":[-55.1591255,-23.074255750037544],"type":"Point"}},{"type":"Feature","properties":{"CD_UF":50,"NM_UF":"Mato Grosso do Sul","CD_MUNIC":5002159,"NM_MUNIC":"Bodoquena","ID_LI":5000184,"CD_LI":5010055,"OCORRENCIA":1,"NM_LI":"Aldeia Indígena Campina","CD_SETOR":500215910000007,"SITUACAO":"Rural","CD_SIT":8,"CD_TIPO":5.0,"CD_AGLOM":500215900004.0,"NM_AGLOM":"Aldeia Indígena Campina","CD_TI":3328.0,"TI_FUNAI":20001.0,"NM_TI":"Kadiwéu","FASE":"Regularizada","C_CR_FUNAI":30202002004.0,"N_CR_FUNAI":"Campo Grande","ALD_FUNAI":null,"VAL_FUNAI":null,"ALD_SIASI":null,"VAL_SIASI":null,"AMZ_LEG":null,"LAT":-20.39721883336604,"LONG":-56.961170277777775,"fonte":"IBGE, Censo Demográfico 2022, Localidades Indígenas, arquivo atualizado em 19/09/2025","url_fonte":"https://geoftp.ibge.gov.br/organizacao_do_territorio/estrutura_territorial/localidades/localidades_indigenas_2022/"},"geometry":{"coordinates":[-56.961170277777775,-20.39721883336604],"type":"Point"}},{"type":"Feature","properties":{"CD_UF":50,"NM_UF":"Mato Grosso do Sul","CD_MUNIC":5007950,"NM_MUNIC":"Tacuru","ID_LI":5000185,"CD_LI":5010034,"OCORRENCIA":9,"NM_LI":"Aldeia Indígena Sassoró","CD_SETOR":500795005000012,"SITUACAO":"Rural","CD_SIT":8,"CD_TIPO":5.0,"CD_AGLOM":500795000004.0,"NM_AGLOM":"Aldeia Indígena Sassoró","CD_TI":7200.0,"TI_FUNAI":42201.0,"NM_TI":"Sassoró","FASE":"Regularizada","C_CR_FUNAI":30202002018.0,"N_CR_FUNAI":"Ponta Porã","ALD_FUNAI":3101.0,"VAL_FUNAI":1.0,"ALD_SIASI":null,"VAL_SIASI":null,"AMZ_LEG":null,"LAT":-23.58992497226072,"LONG":-54.78899997222222,"fonte":"IBGE, Censo Demográfico 2022, Localidades Indígenas, arquivo atualizado em 19/09/2025","url_fonte":"https://geoftp.ibge.gov.br/organizacao_do_territorio/estrutura_territorial/localidades/localidades_indigenas_2022/"},"geometry":{"coordinates":[-54.78899997222222,-23.58992497226072],"type":"Point"}},{"type":"Feature","properties":{"CD_UF":50,"NM_UF":"Mato Grosso do Sul","CD_MUNIC":5007950,"NM_MUNIC":"Tacuru","ID_LI":5000186,"CD_LI":5010034,"OCORRENCIA":10,"NM_LI":"Aldeia Indígena Sassoró","CD_SETOR":500795005000012,"SITUACAO":"Rural","CD_SIT":8,"CD_TIPO":5.0,"CD_AGLOM":500795000004.0,"NM_AGLOM":"Aldeia Indígena Sassoró","CD_TI":7200.0,"TI_FUNAI":42201.0,"NM_TI":"Sassoró","FASE":"Regularizada","C_CR_FUNAI":30202002018.0,"N_CR_FUNAI":"Ponta Porã","ALD_FUNAI":3101.0,"VAL_FUNAI":1.0,"ALD_SIASI":null,"VAL_SIASI":null,"AMZ_LEG":null,"LAT":-23.58788166670517,"LONG":-54.78531830555556,"fonte":"IBGE, Censo Demográfico 2022, Localidades Indígenas, arquivo atualizado em 19/09/2025","url_fonte":"https://geoftp.ibge.gov.br/organizacao_do_territorio/estrutura_territorial/localidades/localidades_indigenas_2022/"},"geometry":{"coordinates":[-54.78531830555556,-23.58788166670517],"type":"Point"}},{"type":"Feature","properties":{"CD_UF":50,"NM_UF":"Mato Grosso do Sul","CD_MUNIC":5005608,"NM_MUNIC":"Miranda","ID_LI":5000187,"CD_LI":5010069,"OCORRENCIA":4,"NM_LI":"Aldeia Indígena Moreira","CD_SETOR":500560805000062,"SITUACAO":"Rural","CD_SIT":5,"CD_TIPO":5.0,"CD_AGLOM":500560800007.0,"NM_AGLOM":"Aldeia Indígena Moreira","CD_TI":7269.0,"TI_FUNAI":35201.0,"NM_TI":"Pilad Rebuá","FASE":"Regularizada","C_CR_FUNAI":30202002004.0,"N_CR_FUNAI":"Campo Grande","ALD_FUNAI":2970.0,"VAL_FUNAI":1.0,"ALD_SIASI":51847.0,"VAL_SIASI":1.0,"AMZ_LEG":null,"LAT":-20.248205916699117,"LONG":-56.36366533333333,"fonte":"IBGE, Censo Demográfico 2022, Localidades Indígenas, arquivo atualizado em 19/09/2025","url_fonte":"https://geoftp.ibge.gov.br/organizacao_do_territorio/estrutura_territorial/localidades/localidades_indigenas_2022/"},"geometry":{"coordinates":[-56.36366533333333,-20.248205916699117],"type":"Point"}},{"type":"Feature","properties":{"CD_UF":50,"NM_UF":"Mato Grosso do Sul","CD_MUNIC":5000609,"NM_MUNIC":"Amambai","ID_LI":5000188,"CD_LI":5010136,"OCORRENCIA":19,"NM_LI":"Aldeia Indígena Amambai","CD_SETOR":500060905000081,"SITUACAO":"Rural","CD_SIT":8,"CD_TIPO":5.0,"CD_AGLOM":500060900007.0,"NM_AGLOM":"Aldeia Indígena Amambai","CD_TI":7188.0,"TI_FUNAI":1601.0,"NM_TI":"Amambai","FASE":"Regularizada","C_CR_FUNAI":30202002018.0,"N_CR_FUNAI":"Ponta Porã","ALD_FUNAI":3071.0,"VAL_FUNAI":1.0,"ALD_SIASI":null,"VAL_SIASI":null,"AMZ_LEG":null,"LAT":-23.04884522225973,"LONG":-55.19728413888889,"fonte":"IBGE, Censo Demográfico 2022, Localidades Indígenas, arquivo atualizado em 19/09/2025","url_fonte":"https://geoftp.ibge.gov.br/organizacao_do_territorio/estrutura_territorial/localidades/localidades_indigenas_2022/"},"geometry":{"coordinates":[-55.19728413888889,-23.04884522225973],"type":"Point"}},{"type":"Feature","properties":{"CD_UF":50,"NM_UF":"Mato Grosso do Sul","CD_MUNIC":5007950,"NM_MUNIC":"Tacuru","ID_LI":5000189,"CD_LI":5010110,"OCORRENCIA":7,"NM_LI":"Aldeia Indígena Jaguapiré","CD_SETOR":500795005000015,"SITUACAO":"Rural","CD_SIT":8,"CD_TIPO":5.0,"CD_AGLOM":500795000005.0,"NM_AGLOM":"Aldeia Indígena Jaguapiré","CD_TI":43006.0,"TI_FUNAI":18101.0,"NM_TI":"Jaguapiré","FASE":"Regularizada","C_CR_FUNAI":30202002018.0,"N_CR_FUNAI":"Ponta Porã","ALD_FUNAI":3102.0,"VAL_FUNAI":1.0,"ALD_SIASI":null,"VAL_SIASI":null,"AMZ_LEG":null,"LAT":-23.722264972260977,"LONG":-54.93895833333334,"fonte":"IBGE, Censo Demográfico 2022, Localidades Indígenas, arquivo atualizado em 19/09/2025","url_fonte":"https://geoftp.ibge.gov.br/organizacao_do_territorio/estrutura_territorial/localidades/localidades_indigenas_2022/"},"geometry":{"coordinates":[-54.93895833333334,-23.722264972260977],"type":"Point"}},{"type":"Feature","properties":{"CD_UF":50,"NM_UF":"Mato Grosso do Sul","CD_MUNIC":5005608,"NM_MUNIC":"Miranda","ID_LI":5000190,"CD_LI":5010104,"OCORRENCIA":8,"NM_LI":"Aldeia Indígena Babaçú","CD_SETOR":500560805000063,"SITUACAO":"Rural","CD_SIT":5,"CD_TIPO":5.0,"CD_AGLOM":500560800012.0,"NM_AGLOM":"Aldeia Indígena Babaçu","CD_TI":7285.0,"TI_FUNAI":7701.0,"NM_TI":"Cachoeirinha","FASE":"Regularizada","C_CR_FUNAI":30202002004.0,"N_CR_FUNAI":"Campo Grande","ALD_FUNAI":null,"VAL_FUNAI":null,"ALD_SIASI":51846.0,"VAL_SIASI":1.0,"AMZ_LEG":null,"LAT":-20.206132333365705,"LONG":-56.28612008333333,"fonte":"IBGE, Censo Demográfico 2022, Localidades Indígenas, arquivo atualizado em 19/09/2025","url_fonte":"https://geoftp.ibge.gov.br/organizacao_do_territorio/estrutura_territorial/localidades/localidades_indigenas_2022/"},"geometry":{"coordinates":[-56.28612008333333,-20.206132333365705],"type":"Point"}},{"type":"Feature","properties":{"CD_UF":50,"NM_UF":"Mato Grosso do Sul","CD_MUNIC":5004809,"NM_MUNIC":"Japorã","ID_LI":5000191,"CD_LI":5010108,"OCORRENCIA":8,"NM_LI":"Aldeia Indígena Porto Lindo / Jakarey","CD_SETOR":500480905000017,"SITUACAO":"Rural","CD_SIT":8,"CD_TIPO":5.0,"CD_AGLOM":500480900006.0,"NM_AGLOM":"Aldeia Indígena Porto Lindo","CD_TI":7196.0,"TI_FUNAI":36701.0,"NM_TI":"Porto Lindo","FASE":"Regularizada","C_CR_FUNAI":30202002018.0,"N_CR_FUNAI":"Ponta Porã","ALD_FUNAI":3099.0,"VAL_FUNAI":1.0,"ALD_SIASI":null,"VAL_SIASI":null,"AMZ_LEG":null,"LAT":-23.778684218304,"LONG":-54.5770014363262,"fonte":"IBGE, Censo Demográfico 2022, Localidades Indígenas, arquivo atualizado em 19/09/2025","url_fonte":"https://geoftp.ibge.gov.br/organizacao_do_territorio/estrutura_territorial/localidades/localidades_indigenas_2022/"},"geometry":{"coordinates":[-54.5770014363262,-23.778684218304],"type":"Point"}},{"type":"Feature","properties":{"CD_UF":50,"NM_UF":"Mato Grosso do Sul","CD_MUNIC":5005608,"NM_MUNIC":"Miranda","ID_LI":5000192,"CD_LI":5010001,"OCORRENCIA":4,"NM_LI":"Aldeia Indígena Morrinho","CD_SETOR":500560805000056,"SITUACAO":"Rural","CD_SIT":5,"CD_TIPO":5.0,"CD_AGLOM":500560800010.0,"NM_AGLOM":"Aldeia Indígena Morrinho","CD_TI":7285.0,"TI_FUNAI":7701.0,"NM_TI":"Cachoeirinha","FASE":"Regularizada","C_CR_FUNAI":30202002004.0,"N_CR_FUNAI":"Campo Grande","ALD_FUNAI":2949.0,"VAL_FUNAI":1.0,"ALD_SIASI":51489.0,"VAL_SIASI":1.0,"AMZ_LEG":null,"LAT":-20.176919416698983,"LONG":-56.28220280555556,"fonte":"IBGE, Censo Demográfico 2022, Localidades Indígenas, arquivo atualizado em 19/09/2025","url_fonte":"https://geoftp.ibge.gov.br/organizacao_do_territorio/estrutura_territorial/localidades/localidades_indigenas_2022/"},"geometry":{"coordinates":[-56.28220280555556,-20.176919416698983],"type":"Point"}},{"type":"Feature","properties":{"CD_UF":50,"NM_UF":"Mato Grosso do Sul","CD_MUNIC":5000609,"NM_MUNIC":"Amambai","ID_LI":5000194,"CD_LI":5010037,"OCORRENCIA":7,"NM_LI":"Aldeia Indígena Limão Verde","CD_SETOR":500060905000094,"SITUACAO":"Rural","CD_SIT":8,"CD_TIPO":5.0,"CD_AGLOM":500060900001.0,"NM_AGLOM":"Aldeia Indígena Limão Verde","CD_TI":7129.0,"TI_FUNAI":801.0,"NM_TI":"Aldeia Limão Verde","FASE":"Regularizada","C_CR_FUNAI":30202002018.0,"N_CR_FUNAI":"Ponta Porã","ALD_FUNAI":3073.0,"VAL_FUNAI":1.0,"ALD_SIASI":51838.0,"VAL_SIASI":1.0,"AMZ_LEG":null,"LAT":-23.17579397225996,"LONG":-55.20189163888889,"fonte":"IBGE, Censo Demográfico 2022, Localidades Indígenas, arquivo atualizado em 19/09/2025","url_fonte":"https://geoftp.ibge.gov.br/organizacao_do_territorio/estrutura_territorial/localidades/localidades_indigenas_2022/"},"geometry":{"coordinates":[-55.20189163888889,-23.17579397225996],"type":"Point"}},{"type":"Feature","properties":{"CD_UF":50,"NM_UF":"Mato Grosso do Sul","CD_MUNIC":5001102,"NM_MUNIC":"Aquidauana","ID_LI":5000195,"CD_LI":5010156,"OCORRENCIA":2,"NM_LI":"Aldeia Indígena Ipegue","CD_SETOR":500110225000020,"SITUACAO":"Rural","CD_SIT":5,"CD_TIPO":5.0,"CD_AGLOM":500110200009.0,"NM_AGLOM":"Aldeia Indígena Ipegue","CD_TI":7250.0,"TI_FUNAI":44401.0,"NM_TI":"Taunay-Ipegue","FASE":"Regularizada","C_CR_FUNAI":30202002004.0,"N_CR_FUNAI":"Campo Grande","ALD_FUNAI":2972.0,"VAL_FUNAI":1.0,"ALD_SIASI":51165.0,"VAL_SIASI":2.0,"AMZ_LEG":null,"LAT":-20.23804683336576,"LONG":-56.045205333333335,"fonte":"IBGE, Censo Demográfico 2022, Localidades Indígenas, arquivo atualizado em 19/09/2025","url_fonte":"https://geoftp.ibge.gov.br/organizacao_do_territorio/estrutura_territorial/localidades/localidades_indigenas_2022/"},"geometry":{"coordinates":[-56.045205333333335,-20.23804683336576],"type":"Point"}},{"type":"Feature","properties":{"CD_UF":50,"NM_UF":"Mato Grosso do Sul","CD_MUNIC":5000906,"NM_MUNIC":"Antônio João","ID_LI":5000196,"CD_LI":5010070,"OCORRENCIA":3,"NM_LI":"Aldeia Ñanderu Marangatu","CD_SETOR":500090610000005,"SITUACAO":"Rural","CD_SIT":8,"CD_TIPO":5.0,"CD_AGLOM":500090600002.0,"NM_AGLOM":"Aldeia Indígena Marangatu","CD_TI":50166.0,"TI_FUNAI":30301.0,"NM_TI":"Ñande Ru Marangatu","FASE":"Declarada","C_CR_FUNAI":30202002018.0,"N_CR_FUNAI":"Ponta Porã","ALD_FUNAI":3184.0,"VAL_FUNAI":1.0,"ALD_SIASI":49928.0,"VAL_SIASI":1.0,"AMZ_LEG":null,"LAT":-22.21831144448042,"LONG":-56.05646355555555,"fonte":"IBGE, Censo Demográfico 2022, Localidades Indígenas, arquivo atualizado em 19/09/2025","url_fonte":"https://geoftp.ibge.gov.br/organizacao_do_territorio/estrutura_territorial/localidades/localidades_indigenas_2022/"},"geometry":{"coordinates":[-56.05646355555555,-22.21831144448042],"type":"Point"}},{"type":"Feature","properties":{"CD_UF":50,"NM_UF":"Mato Grosso do Sul","CD_MUNIC":5005608,"NM_MUNIC":"Miranda","ID_LI":5000197,"CD_LI":5010057,"OCORRENCIA":3,"NM_LI":"Aldeia Indígena Cachoeirinha","CD_SETOR":500560805000054,"SITUACAO":"Rural","CD_SIT":5,"CD_TIPO":5.0,"CD_AGLOM":500560800002.0,"NM_AGLOM":"Aldeia Indígena Cachoeirinha","CD_TI":7285.0,"TI_FUNAI":7701.0,"NM_TI":"Cachoeirinha","FASE":"Regularizada","C_CR_FUNAI":30202002004.0,"N_CR_FUNAI":"Campo Grande","ALD_FUNAI":2950.0,"VAL_FUNAI":1.0,"ALD_SIASI":49937.0,"VAL_SIASI":1.0,"AMZ_LEG":null,"LAT":-20.190482111143456,"LONG":-56.28575361111111,"fonte":"IBGE, Censo Demográfico 2022, Localidades Indígenas, arquivo atualizado em 19/09/2025","url_fonte":"https://geoftp.ibge.gov.br/organizacao_do_territorio/estrutura_territorial/localidades/localidades_indigenas_2022/"},"geometry":{"coordinates":[-56.28575361111111,-20.190482111143456],"type":"Point"}},{"type":"Feature","properties":{"CD_UF":50,"NM_UF":"Mato Grosso do Sul","CD_MUNIC":5007901,"NM_MUNIC":"Sidrolândia","ID_LI":5000198,"CD_LI":5010073,"OCORRENCIA":1,"NM_LI":"Aldeia Indígena 10 de Maio","CD_SETOR":500790105000083,"SITUACAO":"Rural","CD_SIT":8,"CD_TIPO":5.0,"CD_AGLOM":500790100027.0,"NM_AGLOM":"Aldeia Indígena 10 de Maio","CD_TI":50781.0,"TI_FUNAI":7002.0,"NM_TI":"Buriti","FASE":"Declarada","C_CR_FUNAI":30202002004.0,"N_CR_FUNAI":"Campo Grande","ALD_FUNAI":null,"VAL_FUNAI":null,"ALD_SIASI":null,"VAL_SIASI":null,"AMZ_LEG":null,"LAT":-20.86935838892243,"LONG":-55.14736613888889,"fonte":"IBGE, Censo Demográfico 2022, Localidades Indígenas, arquivo atualizado em 19/09/2025","url_fonte":"https://geoftp.ibge.gov.br/organizacao_do_territorio/estrutura_territorial/localidades/localidades_indigenas_2022/"},"geometry":{"coordinates":[-55.14736613888889,-20.86935838892243],"type":"Point"}},{"type":"Feature","properties":{"CD_UF":50,"NM_UF":"Mato Grosso do Sul","CD_MUNIC":5007950,"NM_MUNIC":"Tacuru","ID_LI":5000199,"CD_LI":5010110,"OCORRENCIA":9,"NM_LI":"Aldeia Indígena Jaguapiré","CD_SETOR":500795005000015,"SITUACAO":"Rural","CD_SIT":8,"CD_TIPO":5.0,"CD_AGLOM":500795000005.0,"NM_AGLOM":"Aldeia Indígena Jaguapiré","CD_TI":43006.0,"TI_FUNAI":18101.0,"NM_TI":"Jaguapiré","FASE":"Regularizada","C_CR_FUNAI":30202002018.0,"N_CR_FUNAI":"Ponta Porã","ALD_FUNAI":3102.0,"VAL_FUNAI":1.0,"ALD_SIASI":null,"VAL_SIASI":null,"AMZ_LEG":null,"LAT":-23.71990163892764,"LONG":-54.93447833333334,"fonte":"IBGE, Censo Demográfico 2022, Localidades Indígenas, arquivo atualizado em 19/09/2025","url_fonte":"https://geoftp.ibge.gov.br/organizacao_do_territorio/estrutura_territorial/localidades/localidades_indigenas_2022/"},"geometry":{"coordinates":[-54.93447833333334,-23.71990163892764],"type":"Point"}},{"type":"Feature","properties":{"CD_UF":50,"NM_UF":"Mato Grosso do Sul","CD_MUNIC":5005608,"NM_MUNIC":"Miranda","ID_LI":5000200,"CD_LI":5010104,"OCORRENCIA":9,"NM_LI":"Aldeia Indígena Babaçú","CD_SETOR":500560805000063,"SITUACAO":"Rural","CD_SIT":5,"CD_TIPO":5.0,"CD_AGLOM":500560800012.0,"NM_AGLOM":"Aldeia Indígena Babaçu","CD_TI":7285.0,"TI_FUNAI":7701.0,"NM_TI":"Cachoeirinha","FASE":"Regularizada","C_CR_FUNAI":30202002004.0,"N_CR_FUNAI":"Campo Grande","ALD_FUNAI":null,"VAL_FUNAI":null,"ALD_SIASI":51846.0,"VAL_SIASI":1.0,"AMZ_LEG":null,"LAT":-20.203477805587923,"LONG":-56.28012172222222,"fonte":"IBGE, Censo Demográfico 2022, Localidades Indígenas, arquivo atualizado em 19/09/2025","url_fonte":"https://geoftp.ibge.gov.br/organizacao_do_territorio/estrutura_territorial/localidades/localidades_indigenas_2022/"},"geometry":{"coordinates":[-56.28012172222222,-20.203477805587923],"type":"Point"}},{"type":"Feature","properties":{"CD_UF":50,"NM_UF":"Mato Grosso do Sul","CD_MUNIC":5005806,"NM_MUNIC":"Nioaque","ID_LI":5000201,"CD_LI":5010083,"OCORRENCIA":1,"NM_LI":"Aldeia Indígena Água Branca","CD_SETOR":500580605000044,"SITUACAO":"Rural","CD_SIT":8,"CD_TIPO":5.0,"CD_AGLOM":500580600015.0,"NM_AGLOM":"Aldeia Indígena Água Branca","CD_TI":7234.0,"TI_FUNAI":30601.0,"NM_TI":"Nioaque","FASE":"Regularizada","C_CR_FUNAI":30202002004.0,"N_CR_FUNAI":"Campo Grande","ALD_FUNAI":null,"VAL_FUNAI":null,"ALD_SIASI":null,"VAL_SIASI":null,"AMZ_LEG":null,"LAT":-21.156798416700727,"LONG":-55.76385233333333,"fonte":"IBGE, Censo Demográfico 2022, Localidades Indígenas, arquivo atualizado em 19/09/2025","url_fonte":"https://geoftp.ibge.gov.br/organizacao_do_territorio/estrutura_territorial/localidades/localidades_indigenas_2022/"},"geometry":{"coordinates":[-55.76385233333333,-21.156798416700727],"type":"Point"}},{"type":"Feature","properties":{"CD_UF":50,"NM_UF":"Mato Grosso do Sul","CD_MUNIC":5003488,"NM_MUNIC":"Dois Irmãos do Buriti","ID_LI":5000203,"CD_LI":5010054,"OCORRENCIA":2,"NM_LI":"Aldeia Indígena Olho d'Água","CD_SETOR":500348805000027,"SITUACAO":"Rural","CD_SIT":8,"CD_TIPO":5.0,"CD_AGLOM":500348800011.0,"NM_AGLOM":"Aldeia Indígena Olho Dágua","CD_TI":50157.0,"TI_FUNAI":7001.0,"NM_TI":"Buriti","FASE":"Regularizada","C_CR_FUNAI":30202002004.0,"N_CR_FUNAI":"Campo Grande","ALD_FUNAI":null,"VAL_FUNAI":null,"ALD_SIASI":null,"VAL_SIASI":null,"AMZ_LEG":null,"LAT":-20.86004130558908,"LONG":-55.20030555555556,"fonte":"IBGE, Censo Demográfico 2022, Localidades Indígenas, arquivo atualizado em 19/09/2025","url_fonte":"https://geoftp.ibge.gov.br/organizacao_do_territorio/estrutura_territorial/localidades/localidades_indigenas_2022/"},"geometry":{"coordinates":[-55.20030555555556,-20.86004130558908],"type":"Point"}},{"type":"Feature","properties":{"CD_UF":50,"NM_UF":"Mato Grosso do Sul","CD_MUNIC":5003488,"NM_MUNIC":"Dois Irmãos do Buriti","ID_LI":5000204,"CD_LI":5010126,"OCORRENCIA":3,"NM_LI":"Aldeia Indígena Recanto","CD_SETOR":500348805000025,"SITUACAO":"Rural","CD_SIT":8,"CD_TIPO":5.0,"CD_AGLOM":500348800009.0,"NM_AGLOM":"Aldeia Indígena Recanto","CD_TI":50157.0,"TI_FUNAI":7001.0,"NM_TI":"Buriti","FASE":"Regularizada","C_CR_FUNAI":30202002004.0,"N_CR_FUNAI":"Campo Grande","ALD_FUNAI":null,"VAL_FUNAI":null,"ALD_SIASI":null,"VAL_SIASI":null,"AMZ_LEG":null,"LAT":-20.867038972255767,"LONG":-55.18979458333333,"fonte":"IBGE, Censo Demográfico 2022, Localidades Indígenas, arquivo atualizado em 19/09/2025","url_fonte":"https://geoftp.ibge.gov.br/organizacao_do_territorio/estrutura_territorial/localidades/localidades_indigenas_2022/"},"geometry":{"coordinates":[-55.18979458333333,-20.867038972255767],"type":"Point"}},{"type":"Feature","properties":{"CD_UF":50,"NM_UF":"Mato Grosso do Sul","CD_MUNIC":5005806,"NM_MUNIC":"Nioaque","ID_LI":5000205,"CD_LI":5010083,"OCORRENCIA":2,"NM_LI":"Aldeia Indígena Água Branca","CD_SETOR":500580605000044,"SITUACAO":"Rural","CD_SIT":8,"CD_TIPO":5.0,"CD_AGLOM":500580600015.0,"NM_AGLOM":"Aldeia Indígena Água Branca","CD_TI":7234.0,"TI_FUNAI":30601.0,"NM_TI":"Nioaque","FASE":"Regularizada","C_CR_FUNAI":30202002004.0,"N_CR_FUNAI":"Campo Grande","ALD_FUNAI":null,"VAL_FUNAI":null,"ALD_SIASI":null,"VAL_SIASI":null,"AMZ_LEG":null,"LAT":-21.147652416700712,"LONG":-55.768471194444444,"fonte":"IBGE, Censo Demográfico 2022, Localidades Indígenas, arquivo atualizado em 19/09/2025","url_fonte":"https://geoftp.ibge.gov.br/organizacao_do_territorio/estrutura_territorial/localidades/localidades_indigenas_2022/"},"geometry":{"coordinates":[-55.768471194444444,-21.147652416700712],"type":"Point"}},{"type":"Feature","properties":{"CD_UF":50,"NM_UF":"Mato Grosso do Sul","CD_MUNIC":5005806,"NM_MUNIC":"Nioaque","ID_LI":5000206,"CD_LI":5010083,"OCORRENCIA":3,"NM_LI":"Aldeia Indígena Água Branca","CD_SETOR":500580605000044,"SITUACAO":"Rural","CD_SIT":8,"CD_TIPO":5.0,"CD_AGLOM":500580600015.0,"NM_AGLOM":"Aldeia Indígena Água Branca","CD_TI":7234.0,"TI_FUNAI":30601.0,"NM_TI":"Nioaque","FASE":"Regularizada","C_CR_FUNAI":30202002004.0,"N_CR_FUNAI":"Campo Grande","ALD_FUNAI":null,"VAL_FUNAI":null,"ALD_SIASI":null,"VAL_SIASI":null,"AMZ_LEG":null,"LAT":-21.153075250034053,"LONG":-55.763567305555554,"fonte":"IBGE, Censo Demográfico 2022, Localidades Indígenas, arquivo atualizado em 19/09/2025","url_fonte":"https://geoftp.ibge.gov.br/organizacao_do_territorio/estrutura_territorial/localidades/localidades_indigenas_2022/"},"geometry":{"coordinates":[-55.763567305555554,-21.153075250034053],"type":"Point"}},{"type":"Feature","properties":{"CD_UF":50,"NM_UF":"Mato Grosso do Sul","CD_MUNIC":5001102,"NM_MUNIC":"Aquidauana","ID_LI":5000207,"CD_LI":5010099,"OCORRENCIA":1,"NM_LI":"Aldeia Indígena Ouro Preto","CD_SETOR":500110225000027,"SITUACAO":"Rural","CD_SIT":8,"CD_TIPO":5.0,"CD_AGLOM":500110200018.0,"NM_AGLOM":"Aldeia Indígena Retomada da Ouro Preto","CD_TI":50750.0,"TI_FUNAI":44402.0,"NM_TI":"Taunay/Ipegue","FASE":"Declarada","C_CR_FUNAI":30202002004.0,"N_CR_FUNAI":"Campo Grande","ALD_FUNAI":null,"VAL_FUNAI":null,"ALD_SIASI":null,"VAL_SIASI":null,"AMZ_LEG":null,"LAT":-20.291092333365853,"LONG":-56.10008194444445,"fonte":"IBGE, Censo Demográfico 2022, Localidades Indígenas, arquivo atualizado em 19/09/2025","url_fonte":"https://geoftp.ibge.gov.br/organizacao_do_territorio/estrutura_territorial/localidades/localidades_indigenas_2022/"},"geometry":{"coordinates":[-56.10008194444445,-20.291092333365853],"type":"Point"}},{"type":"Feature","properties":{"CD_UF":50,"NM_UF":"Mato Grosso do Sul","CD_MUNIC":5000609,"NM_MUNIC":"Amambai","ID_LI":5000208,"CD_LI":5010136,"OCORRENCIA":20,"NM_LI":"Aldeia Indígena Amambai","CD_SETOR":500060905000086,"SITUACAO":"Rural","CD_SIT":8,"CD_TIPO":5.0,"CD_AGLOM":500060900007.0,"NM_AGLOM":"Aldeia Indígena Amambai","CD_TI":7188.0,"TI_FUNAI":1601.0,"NM_TI":"Amambai","FASE":"Regularizada","C_CR_FUNAI":30202002018.0,"N_CR_FUNAI":"Ponta Porã","ALD_FUNAI":3071.0,"VAL_FUNAI":1.0,"ALD_SIASI":null,"VAL_SIASI":null,"AMZ_LEG":null,"LAT":-23.077891916704218,"LONG":-55.199691055555554,"fonte":"IBGE, Censo Demográfico 2022, Localidades Indígenas, arquivo atualizado em 19/09/2025","url_fonte":"https://geoftp.ibge.gov.br/organizacao_do_territorio/estrutura_territorial/localidades/localidades_indigenas_2022/"},"geometry":{"coordinates":[-55.199691055555554,-23.077891916704218],"type":"Point"}},{"type":"Feature","properties":{"CD_UF":50,"NM_UF":"Mato Grosso do Sul","CD_MUNIC":5000609,"NM_MUNIC":"Amambai","ID_LI":5000209,"CD_LI":5010136,"OCORRENCIA":21,"NM_LI":"Aldeia Indígena Amambai","CD_SETOR":500060905000079,"SITUACAO":"Rural","CD_SIT":8,"CD_TIPO":5.0,"CD_AGLOM":500060900007.0,"NM_AGLOM":"Aldeia Indígena Amambai","CD_TI":7188.0,"TI_FUNAI":1601.0,"NM_TI":"Amambai","FASE":"Regularizada","C_CR_FUNAI":30202002018.0,"N_CR_FUNAI":"Ponta Porã","ALD_FUNAI":3071.0,"VAL_FUNAI":1.0,"ALD_SIASI":null,"VAL_SIASI":null,"AMZ_LEG":null,"LAT":-23.05966533337085,"LONG":-55.18749375,"fonte":"IBGE, Censo Demográfico 2022, Localidades Indígenas, arquivo atualizado em 19/09/2025","url_fonte":"https://geoftp.ibge.gov.br/organizacao_do_territorio/estrutura_territorial/localidades/localidades_indigenas_2022/"},"geometry":{"coordinates":[-55.18749375,-23.05966533337085],"type":"Point"}},{"type":"Feature","properties":{"CD_UF":50,"NM_UF":"Mato Grosso do Sul","CD_MUNIC":5000609,"NM_MUNIC":"Amambai","ID_LI":5000210,"CD_LI":5010136,"OCORRENCIA":22,"NM_LI":"Aldeia Indígena Amambai","CD_SETOR":500060905000100,"SITUACAO":"Rural","CD_SIT":8,"CD_TIPO":5.0,"CD_AGLOM":500060900007.0,"NM_AGLOM":"Aldeia Indígena Amambai","CD_TI":7188.0,"TI_FUNAI":1601.0,"NM_TI":"Amambai","FASE":"Regularizada","C_CR_FUNAI":30202002018.0,"N_CR_FUNAI":"Ponta Porã","ALD_FUNAI":3071.0,"VAL_FUNAI":1.0,"ALD_SIASI":null,"VAL_SIASI":null,"AMZ_LEG":null,"LAT":-23.08197513892645,"LONG":-55.179166027777775,"fonte":"IBGE, Censo Demográfico 2022, Localidades Indígenas, arquivo atualizado em 19/09/2025","url_fonte":"https://geoftp.ibge.gov.br/organizacao_do_territorio/estrutura_territorial/localidades/localidades_indigenas_2022/"},"geometry":{"coordinates":[-55.179166027777775,-23.08197513892645],"type":"Point"}},{"type":"Feature","properties":{"CD_UF":50,"NM_UF":"Mato Grosso do Sul","CD_MUNIC":5001102,"NM_MUNIC":"Aquidauana","ID_LI":5000211,"CD_LI":5010135,"OCORRENCIA":3,"NM_LI":"Aldeia Indígena Bananal","CD_SETOR":500110225000018,"SITUACAO":"Rural","CD_SIT":5,"CD_TIPO":5.0,"CD_AGLOM":500110200005.0,"NM_AGLOM":"Aldeia Indígena Bananal","CD_TI":7250.0,"TI_FUNAI":44401.0,"NM_TI":"Taunay-Ipegue","FASE":"Regularizada","C_CR_FUNAI":30202002004.0,"N_CR_FUNAI":"Campo Grande","ALD_FUNAI":null,"VAL_FUNAI":null,"ALD_SIASI":51017.0,"VAL_SIASI":2.0,"AMZ_LEG":null,"LAT":-20.245889277810218,"LONG":-56.06767133333333,"fonte":"IBGE, Censo Demográfico 2022, Localidades Indígenas, arquivo atualizado em 19/09/2025","url_fonte":"https://geoftp.ibge.gov.br/organizacao_do_territorio/estrutura_territorial/localidades/localidades_indigenas_2022/"},"geometry":{"coordinates":[-56.06767133333333,-20.245889277810218],"type":"Point"}},{"type":"Feature","properties":{"CD_UF":50,"NM_UF":"Mato Grosso do Sul","CD_MUNIC":5000906,"NM_MUNIC":"Antônio João","ID_LI":5000212,"CD_LI":5010070,"OCORRENCIA":4,"NM_LI":"Aldeia Ñanderu Marangatu","CD_SETOR":500090605000019,"SITUACAO":"Rural","CD_SIT":8,"CD_TIPO":null,"CD_AGLOM":500090600002.0,"NM_AGLOM":"Aldeia Indígena Marangatu","CD_TI":50166.0,"TI_FUNAI":30301.0,"NM_TI":"Ñande Ru Marangatu","FASE":"Declarada","C_CR_FUNAI":30202002018.0,"N_CR_FUNAI":"Ponta Porã","ALD_FUNAI":3184.0,"VAL_FUNAI":1.0,"ALD_SIASI":49928.0,"VAL_SIASI":1.0,"AMZ_LEG":null,"LAT":-22.196051916702608,"LONG":-55.97796594444444,"fonte":"IBGE, Censo Demográfico 2022, Localidades Indígenas, arquivo atualizado em 19/09/2025","url_fonte":"https://geoftp.ibge.gov.br/organizacao_do_territorio/estrutura_territorial/localidades/localidades_indigenas_2022/"},"geometry":{"coordinates":[-55.97796594444444,-22.196051916702608],"type":"Point"}},{"type":"Feature","properties":{"CD_UF":50,"NM_UF":"Mato Grosso do Sul","CD_MUNIC":5005608,"NM_MUNIC":"Miranda","ID_LI":5000213,"CD_LI":5010143,"OCORRENCIA":7,"NM_LI":"Aldeia Indígena Lalima","CD_SETOR":500560805000052,"SITUACAO":"Rural","CD_SIT":8,"CD_TIPO":5.0,"CD_AGLOM":500560800009.0,"NM_AGLOM":"Aldeia Indígena Lalima","CD_TI":7277.0,"TI_FUNAI":25101.0,"NM_TI":"Lalima","FASE":"Regularizada","C_CR_FUNAI":30202002004.0,"N_CR_FUNAI":"Campo Grande","ALD_FUNAI":2960.0,"VAL_FUNAI":1.0,"ALD_SIASI":49938.0,"VAL_SIASI":1.0,"AMZ_LEG":null,"LAT":-20.554327611144103,"LONG":-56.27878836111111,"fonte":"IBGE, Censo Demográfico 2022, Localidades Indígenas, arquivo atualizado em 19/09/2025","url_fonte":"https://geoftp.ibge.gov.br/organizacao_do_territorio/estrutura_territorial/localidades/localidades_indigenas_2022/"},"geometry":{"coordinates":[-56.27878836111111,-20.554327611144103],"type":"Point"}},{"type":"Feature","properties":{"CD_UF":50,"NM_UF":"Mato Grosso do Sul","CD_MUNIC":5005608,"NM_MUNIC":"Miranda","ID_LI":5000214,"CD_LI":5010028,"OCORRENCIA":4,"NM_LI":"Aldeia Indígena Argola","CD_SETOR":500560805000053,"SITUACAO":"Rural","CD_SIT":5,"CD_TIPO":5.0,"CD_AGLOM":500560800001.0,"NM_AGLOM":"Aldeia Indígena Argola","CD_TI":7285.0,"TI_FUNAI":7701.0,"NM_TI":"Cachoeirinha","FASE":"Regularizada","C_CR_FUNAI":30202002004.0,"N_CR_FUNAI":"Campo Grande","ALD_FUNAI":2951.0,"VAL_FUNAI":1.0,"ALD_SIASI":49936.0,"VAL_SIASI":1.0,"AMZ_LEG":null,"LAT":-20.202703250032368,"LONG":-56.30225966666666,"fonte":"IBGE, Censo Demográfico 2022, Localidades Indígenas, arquivo atualizado em 19/09/2025","url_fonte":"https://geoftp.ibge.gov.br/organizacao_do_territorio/estrutura_territorial/localidades/localidades_indigenas_2022/"},"geometry":{"coordinates":[-56.30225966666666,-20.202703250032368],"type":"Point"}},{"type":"Feature","properties":{"CD_UF":50,"NM_UF":"Mato Grosso do Sul","CD_MUNIC":5001102,"NM_MUNIC":"Aquidauana","ID_LI":5000216,"CD_LI":5010135,"OCORRENCIA":4,"NM_LI":"Aldeia Indígena Bananal","CD_SETOR":500110225000019,"SITUACAO":"Rural","CD_SIT":5,"CD_TIPO":5.0,"CD_AGLOM":500110200005.0,"NM_AGLOM":"Aldeia Indígena Bananal","CD_TI":7250.0,"TI_FUNAI":44401.0,"NM_TI":"Taunay-Ipegue","FASE":"Regularizada","C_CR_FUNAI":30202002004.0,"N_CR_FUNAI":"Campo Grande","ALD_FUNAI":null,"VAL_FUNAI":null,"ALD_SIASI":51017.0,"VAL_SIASI":2.0,"AMZ_LEG":null,"LAT":-20.260000944476907,"LONG":-56.062500444444446,"fonte":"IBGE, Censo Demográfico 2022, Localidades Indígenas, arquivo atualizado em 19/09/2025","url_fonte":"https://geoftp.ibge.gov.br/organizacao_do_territorio/estrutura_territorial/localidades/localidades_indigenas_2022/"},"geometry":{"coordinates":[-56.062500444444446,-20.260000944476907],"type":"Point"}},{"type":"Feature","properties":{"CD_UF":50,"NM_UF":"Mato Grosso do Sul","CD_MUNIC":5001102,"NM_MUNIC":"Aquidauana","ID_LI":5000217,"CD_LI":5010135,"OCORRENCIA":5,"NM_LI":"Aldeia Indígena Bananal","CD_SETOR":500110225000019,"SITUACAO":"Rural","CD_SIT":5,"CD_TIPO":5.0,"CD_AGLOM":500110200005.0,"NM_AGLOM":"Aldeia Indígena Bananal","CD_TI":7250.0,"TI_FUNAI":44401.0,"NM_TI":"Taunay-Ipegue","FASE":"Regularizada","C_CR_FUNAI":30202002004.0,"N_CR_FUNAI":"Campo Grande","ALD_FUNAI":null,"VAL_FUNAI":null,"ALD_SIASI":51017.0,"VAL_SIASI":2.0,"AMZ_LEG":null,"LAT":-20.2538776944769,"LONG":-56.06627341666668,"fonte":"IBGE, Censo Demográfico 2022, Localidades Indígenas, arquivo atualizado em 19/09/2025","url_fonte":"https://geoftp.ibge.gov.br/organizacao_do_territorio/estrutura_territorial/localidades/localidades_indigenas_2022/"},"geometry":{"coordinates":[-56.06627341666668,-20.2538776944769],"type":"Point"}},{"type":"Feature","properties":{"CD_UF":50,"NM_UF":"Mato Grosso do Sul","CD_MUNIC":5004502,"NM_MUNIC":"Itaporã","ID_LI":5000218,"CD_LI":5010021,"OCORRENCIA":9,"NM_LI":"Aldeia Indigena Bororo","CD_SETOR":500450205000037,"SITUACAO":"Rural","CD_SIT":8,"CD_TIPO":5.0,"CD_AGLOM":500450200006.0,"NM_AGLOM":"Aldeia Indígena Bororó","CD_TI":7307.0,"TI_FUNAI":11101.0,"NM_TI":"Dourados","FASE":"Regularizada","C_CR_FUNAI":30202002011.0,"N_CR_FUNAI":"Dourados","ALD_FUNAI":38.0,"VAL_FUNAI":1.0,"ALD_SIASI":null,"VAL_SIASI":null,"AMZ_LEG":null,"LAT":-22.1550567073421,"LONG":-54.8648544150986,"fonte":"IBGE, Censo Demográfico 2022, Localidades Indígenas, arquivo atualizado em 19/09/2025","url_fonte":"https://geoftp.ibge.gov.br/organizacao_do_territorio/estrutura_territorial/localidades/localidades_indigenas_2022/"},"geometry":{"coordinates":[-54.8648544150986,-22.1550567073421],"type":"Point"}},{"type":"Feature","properties":{"CD_UF":50,"NM_UF":"Mato Grosso do Sul","CD_MUNIC":5000906,"NM_MUNIC":"Antônio João","ID_LI":5000219,"CD_LI":5010070,"OCORRENCIA":5,"NM_LI":"Aldeia Ñanderu Marangatu","CD_SETOR":500090605000019,"SITUACAO":"Rural","CD_SIT":8,"CD_TIPO":null,"CD_AGLOM":500090600002.0,"NM_AGLOM":"Aldeia Indígena Marangatu","CD_TI":50166.0,"TI_FUNAI":30301.0,"NM_TI":"Ñande Ru Marangatu","FASE":"Declarada","C_CR_FUNAI":30202002018.0,"N_CR_FUNAI":"Ponta Porã","ALD_FUNAI":3184.0,"VAL_FUNAI":1.0,"ALD_SIASI":49928.0,"VAL_SIASI":1.0,"AMZ_LEG":null,"LAT":-22.19839366670261,"LONG":-55.97789927777779,"fonte":"IBGE, Censo Demográfico 2022, Localidades Indígenas, arquivo atualizado em 19/09/2025","url_fonte":"https://geoftp.ibge.gov.br/organizacao_do_territorio/estrutura_territorial/localidades/localidades_indigenas_2022/"},"geometry":{"coordinates":[-55.97789927777779,-22.19839366670261],"type":"Point"}},{"type":"Feature","properties":{"CD_UF":50,"NM_UF":"Mato Grosso do Sul","CD_MUNIC":5007703,"NM_MUNIC":"Sete Quedas","ID_LI":5000220,"CD_LI":5010133,"OCORRENCIA":1,"NM_LI":"Aldeia Indígena Sombrerito","CD_SETOR":500770305000016,"SITUACAO":"Rural","CD_SIT":8,"CD_TIPO":5.0,"CD_AGLOM":500770300001.0,"NM_AGLOM":"Aldeia Indígena Sombrerito","CD_TI":50645.0,"TI_FUNAI":55001.0,"NM_TI":"Sombrerito","FASE":"Declarada","C_CR_FUNAI":30202002018.0,"N_CR_FUNAI":"Ponta Porã","ALD_FUNAI":3103.0,"VAL_FUNAI":1.0,"ALD_SIASI":null,"VAL_SIASI":null,"AMZ_LEG":null,"LAT":-23.84937844448343,"LONG":-54.74175147222222,"fonte":"IBGE, Censo Demográfico 2022, Localidades Indígenas, arquivo atualizado em 19/09/2025","url_fonte":"https://geoftp.ibge.gov.br/organizacao_do_territorio/estrutura_territorial/localidades/localidades_indigenas_2022/"},"geometry":{"coordinates":[-54.74175147222222,-23.84937844448343],"type":"Point"}},{"type":"Feature","properties":{"CD_UF":50,"NM_UF":"Mato Grosso do Sul","CD_MUNIC":5002407,"NM_MUNIC":"Caarapó","ID_LI":5000221,"CD_LI":5010006,"OCORRENCIA":9,"NM_LI":"Aldeia Indígena Te'ýi Kuê","CD_SETOR":500240720000007,"SITUACAO":"Rural","CD_SIT":8,"CD_TIPO":5.0,"CD_AGLOM":500240700005.0,"NM_AGLOM":"Aldeia Indígena Te Yi Kuê","CD_TI":7293.0,"TI_FUNAI":7201.0,"NM_TI":"Caarapó","FASE":"Regularizada","C_CR_FUNAI":30202002011.0,"N_CR_FUNAI":"Dourados","ALD_FUNAI":418.0,"VAL_FUNAI":1.0,"ALD_SIASI":null,"VAL_SIASI":null,"AMZ_LEG":null,"LAT":-22.588023944481098,"LONG":-54.96070525,"fonte":"IBGE, Censo Demográfico 2022, Localidades Indígenas, arquivo atualizado em 19/09/2025","url_fonte":"https://geoftp.ibge.gov.br/organizacao_do_territorio/estrutura_territorial/localidades/localidades_indigenas_2022/"},"geometry":{"coordinates":[-54.96070525,-22.588023944481098],"type":"Point"}},{"type":"Feature","properties":{"CD_UF":50,"NM_UF":"Mato Grosso do Sul","CD_MUNIC":5007950,"NM_MUNIC":"Tacuru","ID_LI":5000222,"CD_LI":5010110,"OCORRENCIA":10,"NM_LI":"Aldeia Indígena Jaguapiré","CD_SETOR":500795005000015,"SITUACAO":"Rural","CD_SIT":8,"CD_TIPO":5.0,"CD_AGLOM":500795000005.0,"NM_AGLOM":"Aldeia Indígena Jaguapiré","CD_TI":43006.0,"TI_FUNAI":18101.0,"NM_TI":"Jaguapiré","FASE":"Regularizada","C_CR_FUNAI":30202002018.0,"N_CR_FUNAI":"Ponta Porã","ALD_FUNAI":3102.0,"VAL_FUNAI":1.0,"ALD_SIASI":null,"VAL_SIASI":null,"AMZ_LEG":null,"LAT":-23.714371638927624,"LONG":-54.949488333333335,"fonte":"IBGE, Censo Demográfico 2022, Localidades Indígenas, arquivo atualizado em 19/09/2025","url_fonte":"https://geoftp.ibge.gov.br/organizacao_do_territorio/estrutura_territorial/localidades/localidades_indigenas_2022/"},"geometry":{"coordinates":[-54.949488333333335,-23.714371638927624],"type":"Point"}},{"type":"Feature","properties":{"CD_UF":50,"NM_UF":"Mato Grosso do Sul","CD_MUNIC":5001102,"NM_MUNIC":"Aquidauana","ID_LI":5000223,"CD_LI":5010007,"OCORRENCIA":1,"NM_LI":"Aldeia Indígena Arara Azul Fazendinha","CD_SETOR":500110225000026,"SITUACAO":"Rural","CD_SIT":8,"CD_TIPO":5.0,"CD_AGLOM":500110200017.0,"NM_AGLOM":"Aldeia Indígena Arara Azul","CD_TI":50750.0,"TI_FUNAI":44402.0,"NM_TI":"Taunay/Ipegue","FASE":"Declarada","C_CR_FUNAI":30202002004.0,"N_CR_FUNAI":"Campo Grande","ALD_FUNAI":null,"VAL_FUNAI":null,"ALD_SIASI":null,"VAL_SIASI":null,"AMZ_LEG":null,"LAT":-20.19315636114346,"LONG":-56.05371636111112,"fonte":"IBGE, Censo Demográfico 2022, Localidades Indígenas, arquivo atualizado em 19/09/2025","url_fonte":"https://geoftp.ibge.gov.br/organizacao_do_territorio/estrutura_territorial/localidades/localidades_indigenas_2022/"},"geometry":{"coordinates":[-56.05371636111112,-20.19315636114346],"type":"Point"}},{"type":"Feature","properties":{"CD_UF":50,"NM_UF":"Mato Grosso do Sul","CD_MUNIC":5006903,"NM_MUNIC":"Porto Murtinho","ID_LI":5000224,"CD_LI":5010035,"OCORRENCIA":1,"NM_LI":"Aldeia Indígena São João","CD_SETOR":500690305000044,"SITUACAO":"Rural","CD_SIT":8,"CD_TIPO":5.0,"CD_AGLOM":500690300006.0,"NM_AGLOM":"Aldeia Indígena São João","CD_TI":3328.0,"TI_FUNAI":20001.0,"NM_TI":"Kadiwéu","FASE":"Regularizada","C_CR_FUNAI":30202002004.0,"N_CR_FUNAI":"Campo Grande","ALD_FUNAI":null,"VAL_FUNAI":null,"ALD_SIASI":null,"VAL_SIASI":null,"AMZ_LEG":null,"LAT":-21.03972500003385,"LONG":-56.95273333333334,"fonte":"IBGE, Censo Demográfico 2022, Localidades Indígenas, arquivo atualizado em 19/09/2025","url_fonte":"https://geoftp.ibge.gov.br/organizacao_do_territorio/estrutura_territorial/localidades/localidades_indigenas_2022/"},"geometry":{"coordinates":[-56.95273333333334,-21.03972500003385],"type":"Point"}},{"type":"Feature","properties":{"CD_UF":50,"NM_UF":"Mato Grosso do Sul","CD_MUNIC":5003488,"NM_MUNIC":"Dois Irmãos do Buriti","ID_LI":5000225,"CD_LI":5010005,"OCORRENCIA":1,"NM_LI":"Aldeia Indígena André","CD_SETOR":500348805000022,"SITUACAO":"Rural","CD_SIT":8,"CD_TIPO":5.0,"CD_AGLOM":500348800006.0,"NM_AGLOM":"Aldeia Indígena Buriti","CD_TI":50157.0,"TI_FUNAI":7001.0,"NM_TI":"Buriti","FASE":"Regularizada","C_CR_FUNAI":30202002004.0,"N_CR_FUNAI":"Campo Grande","ALD_FUNAI":null,"VAL_FUNAI":null,"ALD_SIASI":null,"VAL_SIASI":null,"AMZ_LEG":null,"LAT":-20.85451808336685,"LONG":-55.20173972222222,"fonte":"IBGE, Censo Demográfico 2022, Localidades Indígenas, arquivo atualizado em 19/09/2025","url_fonte":"https://geoftp.ibge.gov.br/organizacao_do_territorio/estrutura_territorial/localidades/localidades_indigenas_2022/"},"geometry":{"coordinates":[-55.20173972222222,-20.85451808336685],"type":"Point"}},{"type":"Feature","properties":{"CD_UF":50,"NM_UF":"Mato Grosso do Sul","CD_MUNIC":5003702,"NM_MUNIC":"Dourados","ID_LI":5000226,"CD_LI":5010145,"OCORRENCIA":2,"NM_LI":"Aldeia Indígena Jaicha Piru","CD_SETOR":500370205000434,"SITUACAO":"Rural","CD_SIT":8,"CD_TIPO":5.0,"CD_AGLOM":500370200008.0,"NM_AGLOM":"Aldeia Indígena Jaguapiru","CD_TI":7307.0,"TI_FUNAI":11101.0,"NM_TI":"Dourados","FASE":"Regularizada","C_CR_FUNAI":30202002011.0,"N_CR_FUNAI":"Dourados","ALD_FUNAI":37.0,"VAL_FUNAI":1.0,"ALD_SIASI":null,"VAL_SIASI":null,"AMZ_LEG":null,"LAT":-22.173215861147007,"LONG":-54.83552400000001,"fonte":"IBGE, Censo Demográfico 2022, Localidades Indígenas, arquivo atualizado em 19/09/2025","url_fonte":"https://geoftp.ibge.gov.br/organizacao_do_territorio/estrutura_territorial/localidades/localidades_indigenas_2022/"},"geometry":{"coordinates":[-54.83552400000001,-22.173215861147007],"type":"Point"}},{"type":"Feature","properties":{"CD_UF":50,"NM_UF":"Mato Grosso do Sul","CD_MUNIC":5003207,"NM_MUNIC":"Corumbá","ID_LI":5000227,"CD_LI":5010036,"OCORRENCIA":1,"NM_LI":"Aldeia Indígena Uberaba","CD_SETOR":500320715000003,"SITUACAO":"Rural","CD_SIT":8,"CD_TIPO":5.0,"CD_AGLOM":500320700012.0,"NM_AGLOM":"Aldeia Indígena Uberaba","CD_TI":6289.0,"TI_FUNAI":15001.0,"NM_TI":"Guató","FASE":"Regularizada","C_CR_FUNAI":30202002004.0,"N_CR_FUNAI":"Campo Grande","ALD_FUNAI":1257.0,"VAL_FUNAI":1.0,"ALD_SIASI":50273.0,"VAL_SIASI":1.0,"AMZ_LEG":null,"LAT":-17.576230722250035,"LONG":-57.74242702777778,"fonte":"IBGE, Censo Demográfico 2022, Localidades Indígenas, arquivo atualizado em 19/09/2025","url_fonte":"https://geoftp.ibge.gov.br/organizacao_do_territorio/estrutura_territorial/localidades/localidades_indigenas_2022/"},"geometry":{"coordinates":[-57.74242702777778,-17.576230722250035],"type":"Point"}},{"type":"Feature","properties":{"CD_UF":50,"NM_UF":"Mato Grosso do Sul","CD_MUNIC":5005608,"NM_MUNIC":"Miranda","ID_LI":5000228,"CD_LI":5010104,"OCORRENCIA":10,"NM_LI":"Aldeia Indígena Babaçú","CD_SETOR":500560805000063,"SITUACAO":"Rural","CD_SIT":5,"CD_TIPO":5.0,"CD_AGLOM":500560800012.0,"NM_AGLOM":"Aldeia Indígena Babaçu","CD_TI":7285.0,"TI_FUNAI":7701.0,"NM_TI":"Cachoeirinha","FASE":"Regularizada","C_CR_FUNAI":30202002004.0,"N_CR_FUNAI":"Campo Grande","ALD_FUNAI":null,"VAL_FUNAI":null,"ALD_SIASI":51846.0,"VAL_SIASI":1.0,"AMZ_LEG":null,"LAT":-20.200245111143477,"LONG":-56.28938186111111,"fonte":"IBGE, Censo Demográfico 2022, Localidades Indígenas, arquivo atualizado em 19/09/2025","url_fonte":"https://geoftp.ibge.gov.br/organizacao_do_territorio/estrutura_territorial/localidades/localidades_indigenas_2022/"},"geometry":{"coordinates":[-56.28938186111111,-20.200245111143477],"type":"Point"}},{"type":"Feature","properties":{"CD_UF":50,"NM_UF":"Mato Grosso do Sul","CD_MUNIC":5003488,"NM_MUNIC":"Dois Irmãos do Buriti","ID_LI":5000229,"CD_LI":5010017,"OCORRENCIA":5,"NM_LI":"Aldeia Indígena Buriti","CD_SETOR":500348805000022,"SITUACAO":"Rural","CD_SIT":8,"CD_TIPO":5.0,"CD_AGLOM":500348800006.0,"NM_AGLOM":"Aldeia Indígena Buriti","CD_TI":50157.0,"TI_FUNAI":7001.0,"NM_TI":"Buriti","FASE":"Regularizada","C_CR_FUNAI":30202002004.0,"N_CR_FUNAI":"Campo Grande","ALD_FUNAI":null,"VAL_FUNAI":null,"ALD_SIASI":null,"VAL_SIASI":null,"AMZ_LEG":null,"LAT":-20.864145388922424,"LONG":-55.18101080555556,"fonte":"IBGE, Censo Demográfico 2022, Localidades Indígenas, arquivo atualizado em 19/09/2025","url_fonte":"https://geoftp.ibge.gov.br/organizacao_do_territorio/estrutura_territorial/localidades/localidades_indigenas_2022/"},"geometry":{"coordinates":[-55.18101080555556,-20.864145388922424],"type":"Point"}},{"type":"Feature","properties":{"CD_UF":50,"NM_UF":"Mato Grosso do Sul","CD_MUNIC":5004502,"NM_MUNIC":"Itaporã","ID_LI":5000230,"CD_LI":5010021,"OCORRENCIA":10,"NM_LI":"Aldeia Indígena Bororó","CD_SETOR":500450205000036,"SITUACAO":"Rural","CD_SIT":8,"CD_TIPO":5.0,"CD_AGLOM":500450200006.0,"NM_AGLOM":"Aldeia Indígena Bororó","CD_TI":7307.0,"TI_FUNAI":11101.0,"NM_TI":"Dourados","FASE":"Regularizada","C_CR_FUNAI":30202002011.0,"N_CR_FUNAI":"Dourados","ALD_FUNAI":38.0,"VAL_FUNAI":1.0,"ALD_SIASI":null,"VAL_SIASI":null,"AMZ_LEG":null,"LAT":-22.156424333369195,"LONG":-54.853965,"fonte":"IBGE, Censo Demográfico 2022, Localidades Indígenas, arquivo atualizado em 19/09/2025","url_fonte":"https://geoftp.ibge.gov.br/organizacao_do_territorio/estrutura_territorial/localidades/localidades_indigenas_2022/"},"geometry":{"coordinates":[-54.853965,-22.156424333369195],"type":"Point"}},{"type":"Feature","properties":{"CD_UF":50,"NM_UF":"Mato Grosso do Sul","CD_MUNIC":5000609,"NM_MUNIC":"Amambai","ID_LI":5000231,"CD_LI":5010136,"OCORRENCIA":23,"NM_LI":"Aldeia Indígena Amambai","CD_SETOR":500060905000081,"SITUACAO":"Rural","CD_SIT":8,"CD_TIPO":5.0,"CD_AGLOM":500060900007.0,"NM_AGLOM":"Aldeia Indígena Amambai","CD_TI":7188.0,"TI_FUNAI":1601.0,"NM_TI":"Amambai","FASE":"Regularizada","C_CR_FUNAI":30202002018.0,"N_CR_FUNAI":"Ponta Porã","ALD_FUNAI":3071.0,"VAL_FUNAI":1.0,"ALD_SIASI":null,"VAL_SIASI":null,"AMZ_LEG":null,"LAT":-23.050343861148612,"LONG":-55.20550780555556,"fonte":"IBGE, Censo Demográfico 2022, Localidades Indígenas, arquivo atualizado em 19/09/2025","url_fonte":"https://geoftp.ibge.gov.br/organizacao_do_territorio/estrutura_territorial/localidades/localidades_indigenas_2022/"},"geometry":{"coordinates":[-55.20550780555556,-23.050343861148612],"type":"Point"}},{"type":"Feature","properties":{"CD_UF":50,"NM_UF":"Mato Grosso do Sul","CD_MUNIC":5007950,"NM_MUNIC":"Tacuru","ID_LI":5000232,"CD_LI":5010034,"OCORRENCIA":11,"NM_LI":"Aldeia Indígena Sassoró","CD_SETOR":500795005000019,"SITUACAO":"Rural","CD_SIT":8,"CD_TIPO":5.0,"CD_AGLOM":500795000004.0,"NM_AGLOM":"Aldeia Indígena Sassoró","CD_TI":7200.0,"TI_FUNAI":42201.0,"NM_TI":"Sassoró","FASE":"Regularizada","C_CR_FUNAI":30202002018.0,"N_CR_FUNAI":"Ponta Porã","ALD_FUNAI":3101.0,"VAL_FUNAI":1.0,"ALD_SIASI":null,"VAL_SIASI":null,"AMZ_LEG":null,"LAT":-23.59299830559407,"LONG":-54.77445,"fonte":"IBGE, Censo Demográfico 2022, Localidades Indígenas, arquivo atualizado em 19/09/2025","url_fonte":"https://geoftp.ibge.gov.br/organizacao_do_territorio/estrutura_territorial/localidades/localidades_indigenas_2022/"},"geometry":{"coordinates":[-54.77445,-23.59299830559407],"type":"Point"}},{"type":"Feature","properties":{"CD_UF":50,"NM_UF":"Mato Grosso do Sul","CD_MUNIC":5003157,"NM_MUNIC":"Coronel Sapucaia","ID_LI":5000233,"CD_LI":5010066,"OCORRENCIA":4,"NM_LI":"Aldeia Indígena Taquaperi","CD_SETOR":500315705000025,"SITUACAO":"Rural","CD_SIT":8,"CD_TIPO":5.0,"CD_AGLOM":500315700002.0,"NM_AGLOM":"Aldeia Indígena Taquaperi","CD_TI":7218.0,"TI_FUNAI":44101.0,"NM_TI":"Taquaperi","FASE":"Regularizada","C_CR_FUNAI":30202002018.0,"N_CR_FUNAI":"Ponta Porã","ALD_FUNAI":3109.0,"VAL_FUNAI":1.0,"ALD_SIASI":51841.0,"VAL_SIASI":1.0,"AMZ_LEG":null,"LAT":-23.195948333371103,"LONG":-55.433081666666666,"fonte":"IBGE, Censo Demográfico 2022, Localidades Indígenas, arquivo atualizado em 19/09/2025","url_fonte":"https://geoftp.ibge.gov.br/organizacao_do_territorio/estrutura_territorial/localidades/localidades_indigenas_2022/"},"geometry":{"coordinates":[-55.433081666666666,-23.195948333371103],"type":"Point"}},{"type":"Feature","properties":{"CD_UF":50,"NM_UF":"Mato Grosso do Sul","CD_MUNIC":5006903,"NM_MUNIC":"Porto Murtinho","ID_LI":5000234,"CD_LI":5010101,"OCORRENCIA":4,"NM_LI":"Aldeia Indígena Alves de Barros","CD_SETOR":500690305000038,"SITUACAO":"Rural","CD_SIT":8,"CD_TIPO":5.0,"CD_AGLOM":500690300002.0,"NM_AGLOM":"Aldeia Indígena Alves de Barros","CD_TI":3328.0,"TI_FUNAI":20001.0,"NM_TI":"Kadiwéu","FASE":"Regularizada","C_CR_FUNAI":30202002004.0,"N_CR_FUNAI":"Campo Grande","ALD_FUNAI":2959.0,"VAL_FUNAI":1.0,"ALD_SIASI":null,"VAL_SIASI":null,"AMZ_LEG":null,"LAT":-20.43273588892166,"LONG":-56.9554335,"fonte":"IBGE, Censo Demográfico 2022, Localidades Indígenas, arquivo atualizado em 19/09/2025","url_fonte":"https://geoftp.ibge.gov.br/organizacao_do_territorio/estrutura_territorial/localidades/localidades_indigenas_2022/"},"geometry":{"coordinates":[-56.9554335,-20.43273588892166],"type":"Point"}},{"type":"Feature","properties":{"CD_UF":50,"NM_UF":"Mato Grosso do Sul","CD_MUNIC":5003751,"NM_MUNIC":"Eldorado","ID_LI":5000236,"CD_LI":5010139,"OCORRENCIA":1,"NM_LI":"Aldeia Indígena Cerrito","CD_SETOR":500375110000006,"SITUACAO":"Rural","CD_SIT":8,"CD_TIPO":5.0,"CD_AGLOM":500375100002.0,"NM_AGLOM":"Aldeia Indígena Cerrito","CD_TI":43007.0,"TI_FUNAI":9901.0,"NM_TI":"Cerrito","FASE":"Regularizada","C_CR_FUNAI":30202002018.0,"N_CR_FUNAI":"Ponta Porã","ALD_FUNAI":3075.0,"VAL_FUNAI":1.0,"ALD_SIASI":49931.0,"VAL_SIASI":1.0,"AMZ_LEG":null,"LAT":-23.580415222260708,"LONG":-54.30215916666667,"fonte":"IBGE, Censo Demográfico 2022, Localidades Indígenas, arquivo atualizado em 19/09/2025","url_fonte":"https://geoftp.ibge.gov.br/organizacao_do_territorio/estrutura_territorial/localidades/localidades_indigenas_2022/"},"geometry":{"coordinates":[-54.30215916666667,-23.580415222260708],"type":"Point"}},{"type":"Feature","properties":{"CD_UF":50,"NM_UF":"Mato Grosso do Sul","CD_MUNIC":5007950,"NM_MUNIC":"Tacuru","ID_LI":5000237,"CD_LI":5010034,"OCORRENCIA":12,"NM_LI":"Aldeia Indígena Sassoró","CD_SETOR":500795005000013,"SITUACAO":"Rural","CD_SIT":8,"CD_TIPO":5.0,"CD_AGLOM":500795000004.0,"NM_AGLOM":"Aldeia Indígena Sassoró","CD_TI":7200.0,"TI_FUNAI":42201.0,"NM_TI":"Sassoró","FASE":"Regularizada","C_CR_FUNAI":30202002018.0,"N_CR_FUNAI":"Ponta Porã","ALD_FUNAI":3101.0,"VAL_FUNAI":1.0,"ALD_SIASI":null,"VAL_SIASI":null,"AMZ_LEG":null,"LAT":-23.59813833337185,"LONG":-54.77905666666667,"fonte":"IBGE, Censo Demográfico 2022, Localidades Indígenas, arquivo atualizado em 19/09/2025","url_fonte":"https://geoftp.ibge.gov.br/organizacao_do_territorio/estrutura_territorial/localidades/localidades_indigenas_2022/"},"geometry":{"coordinates":[-54.77905666666667,-23.59813833337185],"type":"Point"}},{"type":"Feature","properties":{"CD_UF":50,"NM_UF":"Mato Grosso do Sul","CD_MUNIC":5003488,"NM_MUNIC":"Dois Irmãos do Buriti","ID_LI":5000238,"CD_LI":5010054,"OCORRENCIA":3,"NM_LI":"Aldeia Indígena Olho d'Água","CD_SETOR":500348805000027,"SITUACAO":"Rural","CD_SIT":8,"CD_TIPO":5.0,"CD_AGLOM":500348800011.0,"NM_AGLOM":"Aldeia Indígena Olho Dágua","CD_TI":50157.0,"TI_FUNAI":7001.0,"NM_TI":"Buriti","FASE":"Regularizada","C_CR_FUNAI":30202002004.0,"N_CR_FUNAI":"Campo Grande","ALD_FUNAI":null,"VAL_FUNAI":null,"ALD_SIASI":null,"VAL_SIASI":null,"AMZ_LEG":null,"LAT":-20.867200444477984,"LONG":-55.20390133333333,"fonte":"IBGE, Censo Demográfico 2022, Localidades Indígenas, arquivo atualizado em 19/09/2025","url_fonte":"https://geoftp.ibge.gov.br/organizacao_do_territorio/estrutura_territorial/localidades/localidades_indigenas_2022/"},"geometry":{"coordinates":[-55.20390133333333,-20.867200444477984],"type":"Point"}},{"type":"Feature","properties":{"CD_UF":50,"NM_UF":"Mato Grosso do Sul","CD_MUNIC":5006903,"NM_MUNIC":"Porto Murtinho","ID_LI":5000239,"CD_LI":5010101,"OCORRENCIA":5,"NM_LI":"Aldeia Indígena Alves de Barros","CD_SETOR":500690305000038,"SITUACAO":"Rural","CD_SIT":8,"CD_TIPO":5.0,"CD_AGLOM":500690300002.0,"NM_AGLOM":"Aldeia Indígena Alves de Barros","CD_TI":3328.0,"TI_FUNAI":20001.0,"NM_TI":"Kadiwéu","FASE":"Regularizada","C_CR_FUNAI":30202002004.0,"N_CR_FUNAI":"Campo Grande","ALD_FUNAI":2959.0,"VAL_FUNAI":1.0,"ALD_SIASI":null,"VAL_SIASI":null,"AMZ_LEG":null,"LAT":-20.42804811114388,"LONG":-56.95804994444445,"fonte":"IBGE, Censo Demográfico 2022, Localidades Indígenas, arquivo atualizado em 19/09/2025","url_fonte":"https://geoftp.ibge.gov.br/organizacao_do_territorio/estrutura_territorial/localidades/localidades_indigenas_2022/"},"geometry":{"coordinates":[-56.95804994444445,-20.42804811114388],"type":"Point"}},{"type":"Feature","properties":{"CD_UF":50,"NM_UF":"Mato Grosso do Sul","CD_MUNIC":5003702,"NM_MUNIC":"Dourados","ID_LI":5000240,"CD_LI":5010032,"OCORRENCIA":4,"NM_LI":"Aldeia Indígena Bororó","CD_SETOR":500370205000436,"SITUACAO":"Rural","CD_SIT":8,"CD_TIPO":5.0,"CD_AGLOM":500370200008.0,"NM_AGLOM":"Aldeia Indígena Jaguapiru","CD_TI":7307.0,"TI_FUNAI":11101.0,"NM_TI":"Dourados","FASE":"Regularizada","C_CR_FUNAI":30202002011.0,"N_CR_FUNAI":"Dourados","ALD_FUNAI":null,"VAL_FUNAI":null,"ALD_SIASI":49930.0,"VAL_SIASI":2.0,"AMZ_LEG":null,"LAT":-22.18751938892481,"LONG":-54.84724225,"fonte":"IBGE, Censo Demográfico 2022, Localidades Indígenas, arquivo atualizado em 19/09/2025","url_fonte":"https://geoftp.ibge.gov.br/organizacao_do_territorio/estrutura_territorial/localidades/localidades_indigenas_2022/"},"geometry":{"coordinates":[-54.84724225,-22.18751938892481],"type":"Point"}},{"type":"Feature","properties":{"CD_UF":50,"NM_UF":"Mato Grosso do Sul","CD_MUNIC":5002407,"NM_MUNIC":"Caarapó","ID_LI":5000241,"CD_LI":5010006,"OCORRENCIA":10,"NM_LI":"Aldeia Indígena Te'ýi Kuê","CD_SETOR":500240720000007,"SITUACAO":"Rural","CD_SIT":8,"CD_TIPO":5.0,"CD_AGLOM":500240700005.0,"NM_AGLOM":"Aldeia Indígena Te Yi Kuê","CD_TI":7293.0,"TI_FUNAI":7201.0,"NM_TI":"Caarapó","FASE":"Regularizada","C_CR_FUNAI":30202002011.0,"N_CR_FUNAI":"Dourados","ALD_FUNAI":418.0,"VAL_FUNAI":1.0,"ALD_SIASI":null,"VAL_SIASI":null,"AMZ_LEG":null,"LAT":-22.58312836114775,"LONG":-54.96814666666667,"fonte":"IBGE, Censo Demográfico 2022, Localidades Indígenas, arquivo atualizado em 19/09/2025","url_fonte":"https://geoftp.ibge.gov.br/organizacao_do_territorio/estrutura_territorial/localidades/localidades_indigenas_2022/"},"geometry":{"coordinates":[-54.96814666666667,-22.58312836114775],"type":"Point"}},{"type":"Feature","properties":{"CD_UF":50,"NM_UF":"Mato Grosso do Sul","CD_MUNIC":5004809,"NM_MUNIC":"Japorã","ID_LI":5000242,"CD_LI":5010108,"OCORRENCIA":9,"NM_LI":"Aldeia Indígena Porto Lindo / Jakarey","CD_SETOR":500480905000016,"SITUACAO":"Rural","CD_SIT":8,"CD_TIPO":5.0,"CD_AGLOM":500480900006.0,"NM_AGLOM":"Aldeia Indígena Porto Lindo","CD_TI":7196.0,"TI_FUNAI":36701.0,"NM_TI":"Porto Lindo","FASE":"Regularizada","C_CR_FUNAI":30202002018.0,"N_CR_FUNAI":"Ponta Porã","ALD_FUNAI":3099.0,"VAL_FUNAI":1.0,"ALD_SIASI":null,"VAL_SIASI":null,"AMZ_LEG":null,"LAT":-23.78311333337219,"LONG":-54.59777830555556,"fonte":"IBGE, Censo Demográfico 2022, Localidades Indígenas, arquivo atualizado em 19/09/2025","url_fonte":"https://geoftp.ibge.gov.br/organizacao_do_territorio/estrutura_territorial/localidades/localidades_indigenas_2022/"},"geometry":{"coordinates":[-54.59777830555556,-23.78311333337219],"type":"Point"}},{"type":"Feature","properties":{"CD_UF":50,"NM_UF":"Mato Grosso do Sul","CD_MUNIC":5001102,"NM_MUNIC":"Aquidauana","ID_LI":5000243,"CD_LI":5010068,"OCORRENCIA":2,"NM_LI":"Aldeia Indígena Esperança","CD_SETOR":500110225000024,"SITUACAO":"Rural","CD_SIT":8,"CD_TIPO":5.0,"CD_AGLOM":500110200016.0,"NM_AGLOM":"Aldeia Indígena Esperança","CD_TI":50750.0,"TI_FUNAI":44402.0,"NM_TI":"Taunay/Ipegue","FASE":"Declarada","C_CR_FUNAI":30202002004.0,"N_CR_FUNAI":"Campo Grande","ALD_FUNAI":null,"VAL_FUNAI":null,"ALD_SIASI":null,"VAL_SIASI":null,"AMZ_LEG":null,"LAT":-20.220213527810174,"LONG":-56.06774152777778,"fonte":"IBGE, Censo Demográfico 2022, Localidades Indígenas, arquivo atualizado em 19/09/2025","url_fonte":"https://geoftp.ibge.gov.br/organizacao_do_territorio/estrutura_territorial/localidades/localidades_indigenas_2022/"},"geometry":{"coordinates":[-56.06774152777778,-20.220213527810174],"type":"Point"}},{"type":"Feature","properties":{"CD_UF":50,"NM_UF":"Mato Grosso do Sul","CD_MUNIC":5006903,"NM_MUNIC":"Porto Murtinho","ID_LI":5000244,"CD_LI":5010035,"OCORRENCIA":2,"NM_LI":"Aldeia Indígena São João","CD_SETOR":500690305000044,"SITUACAO":"Rural","CD_SIT":8,"CD_TIPO":5.0,"CD_AGLOM":500690300006.0,"NM_AGLOM":"Aldeia Indígena São João","CD_TI":3328.0,"TI_FUNAI":20001.0,"NM_TI":"Kadiwéu","FASE":"Regularizada","C_CR_FUNAI":30202002004.0,"N_CR_FUNAI":"Campo Grande","ALD_FUNAI":null,"VAL_FUNAI":null,"ALD_SIASI":null,"VAL_SIASI":null,"AMZ_LEG":null,"LAT":-21.031964388922727,"LONG":-56.950169555555554,"fonte":"IBGE, Censo Demográfico 2022, Localidades Indígenas, arquivo atualizado em 19/09/2025","url_fonte":"https://geoftp.ibge.gov.br/organizacao_do_territorio/estrutura_territorial/localidades/localidades_indigenas_2022/"},"geometry":{"coordinates":[-56.950169555555554,-21.031964388922727],"type":"Point"}},{"type":"Feature","properties":{"CD_UF":50,"NM_UF":"Mato Grosso do Sul","CD_MUNIC":5000609,"NM_MUNIC":"Amambai","ID_LI":5000245,"CD_LI":5010136,"OCORRENCIA":24,"NM_LI":"Aldeia Indígena Amambai","CD_SETOR":500060905000081,"SITUACAO":"Rural","CD_SIT":8,"CD_TIPO":5.0,"CD_AGLOM":500060900007.0,"NM_AGLOM":"Aldeia Indígena Amambai","CD_TI":7188.0,"TI_FUNAI":1601.0,"NM_TI":"Amambai","FASE":"Regularizada","C_CR_FUNAI":30202002018.0,"N_CR_FUNAI":"Ponta Porã","ALD_FUNAI":3071.0,"VAL_FUNAI":1.0,"ALD_SIASI":null,"VAL_SIASI":null,"AMZ_LEG":null,"LAT":-23.04975280559305,"LONG":-55.19437369444444,"fonte":"IBGE, Censo Demográfico 2022, Localidades Indígenas, arquivo atualizado em 19/09/2025","url_fonte":"https://geoftp.ibge.gov.br/organizacao_do_territorio/estrutura_territorial/localidades/localidades_indigenas_2022/"},"geometry":{"coordinates":[-55.19437369444444,-23.04975280559305],"type":"Point"}},{"type":"Feature","properties":{"CD_UF":50,"NM_UF":"Mato Grosso do Sul","CD_MUNIC":5000609,"NM_MUNIC":"Amambai","ID_LI":5000246,"CD_LI":5010136,"OCORRENCIA":25,"NM_LI":"Aldeia Indígena Amambai","CD_SETOR":500060905000080,"SITUACAO":"Rural","CD_SIT":8,"CD_TIPO":5.0,"CD_AGLOM":500060900007.0,"NM_AGLOM":"Aldeia Indígena Amambai","CD_TI":7188.0,"TI_FUNAI":1601.0,"NM_TI":"Amambai","FASE":"Regularizada","C_CR_FUNAI":30202002018.0,"N_CR_FUNAI":"Ponta Porã","ALD_FUNAI":3071.0,"VAL_FUNAI":1.0,"ALD_SIASI":null,"VAL_SIASI":null,"AMZ_LEG":null,"LAT":-23.055427333370847,"LONG":-55.17958627777777,"fonte":"IBGE, Censo Demográfico 2022, Localidades Indígenas, arquivo atualizado em 19/09/2025","url_fonte":"https://geoftp.ibge.gov.br/organizacao_do_territorio/estrutura_territorial/localidades/localidades_indigenas_2022/"},"geometry":{"coordinates":[-55.17958627777777,-23.055427333370847],"type":"Point"}},{"type":"Feature","properties":{"CD_UF":50,"NM_UF":"Mato Grosso do Sul","CD_MUNIC":5000609,"NM_MUNIC":"Amambai","ID_LI":5000247,"CD_LI":5010136,"OCORRENCIA":26,"NM_LI":"Aldeia Indígena Amambai","CD_SETOR":500060905000102,"SITUACAO":"Rural","CD_SIT":8,"CD_TIPO":5.0,"CD_AGLOM":500060900007.0,"NM_AGLOM":"Aldeia Indígena Amambai","CD_TI":7188.0,"TI_FUNAI":1601.0,"NM_TI":"Amambai","FASE":"Regularizada","C_CR_FUNAI":30202002018.0,"N_CR_FUNAI":"Ponta Porã","ALD_FUNAI":3071.0,"VAL_FUNAI":1.0,"ALD_SIASI":null,"VAL_SIASI":null,"AMZ_LEG":null,"LAT":-23.059384638926414,"LONG":-55.19524091666667,"fonte":"IBGE, Censo Demográfico 2022, Localidades Indígenas, arquivo atualizado em 19/09/2025","url_fonte":"https://geoftp.ibge.gov.br/organizacao_do_territorio/estrutura_territorial/localidades/localidades_indigenas_2022/"},"geometry":{"coordinates":[-55.19524091666667,-23.059384638926414],"type":"Point"}},{"type":"Feature","properties":{"CD_UF":50,"NM_UF":"Mato Grosso do Sul","CD_MUNIC":5000609,"NM_MUNIC":"Amambai","ID_LI":5000248,"CD_LI":5010037,"OCORRENCIA":9,"NM_LI":"Aldeia Indígena Limão Verde","CD_SETOR":500060905000096,"SITUACAO":"Rural","CD_SIT":8,"CD_TIPO":5.0,"CD_AGLOM":500060900001.0,"NM_AGLOM":"Aldeia Indígena Limão Verde","CD_TI":7129.0,"TI_FUNAI":801.0,"NM_TI":"Aldeia Limão Verde","FASE":"Regularizada","C_CR_FUNAI":30202002018.0,"N_CR_FUNAI":"Ponta Porã","ALD_FUNAI":3073.0,"VAL_FUNAI":1.0,"ALD_SIASI":51838.0,"VAL_SIASI":1.0,"AMZ_LEG":null,"LAT":-23.1874026944822,"LONG":-55.216172416666666,"fonte":"IBGE, Censo Demográfico 2022, Localidades Indígenas, arquivo atualizado em 19/09/2025","url_fonte":"https://geoftp.ibge.gov.br/organizacao_do_territorio/estrutura_territorial/localidades/localidades_indigenas_2022/"},"geometry":{"coordinates":[-55.216172416666666,-23.1874026944822],"type":"Point"}},{"type":"Feature","properties":{"CD_UF":50,"NM_UF":"Mato Grosso do Sul","CD_MUNIC":5003157,"NM_MUNIC":"Coronel Sapucaia","ID_LI":5000249,"CD_LI":5010066,"OCORRENCIA":5,"NM_LI":"Aldeia Indígena Taquaperi","CD_SETOR":500315705000025,"SITUACAO":"Rural","CD_SIT":8,"CD_TIPO":5.0,"CD_AGLOM":500315700002.0,"NM_AGLOM":"Aldeia Indígena Taquaperi","CD_TI":7218.0,"TI_FUNAI":44101.0,"NM_TI":"Taquaperi","FASE":"Regularizada","C_CR_FUNAI":30202002018.0,"N_CR_FUNAI":"Ponta Porã","ALD_FUNAI":3109.0,"VAL_FUNAI":1.0,"ALD_SIASI":51841.0,"VAL_SIASI":1.0,"AMZ_LEG":null,"LAT":-23.19728997226,"LONG":-55.428176666666666,"fonte":"IBGE, Censo Demográfico 2022, Localidades Indígenas, arquivo atualizado em 19/09/2025","url_fonte":"https://geoftp.ibge.gov.br/organizacao_do_territorio/estrutura_territorial/localidades/localidades_indigenas_2022/"},"geometry":{"coordinates":[-55.428176666666666,-23.19728997226],"type":"Point"}},{"type":"Feature","properties":{"CD_UF":50,"NM_UF":"Mato Grosso do Sul","CD_MUNIC":5000609,"NM_MUNIC":"Amambai","ID_LI":5000250,"CD_LI":5010136,"OCORRENCIA":27,"NM_LI":"Aldeia Indígena Amambai","CD_SETOR":500060905000085,"SITUACAO":"Rural","CD_SIT":8,"CD_TIPO":5.0,"CD_AGLOM":500060900007.0,"NM_AGLOM":"Aldeia Indígena Amambai","CD_TI":7188.0,"TI_FUNAI":1601.0,"NM_TI":"Amambai","FASE":"Regularizada","C_CR_FUNAI":30202002018.0,"N_CR_FUNAI":"Ponta Porã","ALD_FUNAI":3071.0,"VAL_FUNAI":1.0,"ALD_SIASI":null,"VAL_SIASI":null,"AMZ_LEG":null,"LAT":-23.06822980559309,"LONG":-55.2071485,"fonte":"IBGE, Censo Demográfico 2022, Localidades Indígenas, arquivo atualizado em 19/09/2025","url_fonte":"https://geoftp.ibge.gov.br/organizacao_do_territorio/estrutura_territorial/localidades/localidades_indigenas_2022/"},"geometry":{"coordinates":[-55.2071485,-23.06822980559309],"type":"Point"}},{"type":"Feature","properties":{"CD_UF":50,"NM_UF":"Mato Grosso do Sul","CD_MUNIC":5000609,"NM_MUNIC":"Amambai","ID_LI":5000251,"CD_LI":5010136,"OCORRENCIA":28,"NM_LI":"Aldeia Indígena Amambai","CD_SETOR":500060905000102,"SITUACAO":"Rural","CD_SIT":8,"CD_TIPO":5.0,"CD_AGLOM":500060900007.0,"NM_AGLOM":"Aldeia Indígena Amambai","CD_TI":7188.0,"TI_FUNAI":1601.0,"NM_TI":"Amambai","FASE":"Regularizada","C_CR_FUNAI":30202002018.0,"N_CR_FUNAI":"Ponta Porã","ALD_FUNAI":3071.0,"VAL_FUNAI":1.0,"ALD_SIASI":null,"VAL_SIASI":null,"AMZ_LEG":null,"LAT":-23.060662527815303,"LONG":-55.21007636111111,"fonte":"IBGE, Censo Demográfico 2022, Localidades Indígenas, arquivo atualizado em 19/09/2025","url_fonte":"https://geoftp.ibge.gov.br/organizacao_do_territorio/estrutura_territorial/localidades/localidades_indigenas_2022/"},"geometry":{"coordinates":[-55.21007636111111,-23.060662527815303],"type":"Point"}},{"type":"Feature","properties":{"CD_UF":50,"NM_UF":"Mato Grosso do Sul","CD_MUNIC":5004502,"NM_MUNIC":"Itaporã","ID_LI":5000252,"CD_LI":5010021,"OCORRENCIA":11,"NM_LI":"Aldeia Indígena Bororó","CD_SETOR":500450205000037,"SITUACAO":"Rural","CD_SIT":8,"CD_TIPO":5.0,"CD_AGLOM":500450200006.0,"NM_AGLOM":"Aldeia Indígena Bororó","CD_TI":7307.0,"TI_FUNAI":11101.0,"NM_TI":"Dourados","FASE":"Regularizada","C_CR_FUNAI":30202002011.0,"N_CR_FUNAI":"Dourados","ALD_FUNAI":38.0,"VAL_FUNAI":1.0,"ALD_SIASI":null,"VAL_SIASI":null,"AMZ_LEG":null,"LAT":-22.1583272361989,"LONG":-54.8823108502126,"fonte":"IBGE, Censo Demográfico 2022, Localidades Indígenas, arquivo atualizado em 19/09/2025","url_fonte":"https://geoftp.ibge.gov.br/organizacao_do_territorio/estrutura_territorial/localidades/localidades_indigenas_2022/"},"geometry":{"coordinates":[-54.8823108502126,-22.1583272361989],"type":"Point"}},{"type":"Feature","properties":{"CD_UF":50,"NM_UF":"Mato Grosso do Sul","CD_MUNIC":5000609,"NM_MUNIC":"Amambai","ID_LI":5000253,"CD_LI":5010136,"OCORRENCIA":29,"NM_LI":"Aldeia Indígena Amambai","CD_SETOR":500060905000081,"SITUACAO":"Rural","CD_SIT":8,"CD_TIPO":5.0,"CD_AGLOM":500060900007.0,"NM_AGLOM":"Aldeia Indígena Amambai","CD_TI":7188.0,"TI_FUNAI":1601.0,"NM_TI":"Amambai","FASE":"Regularizada","C_CR_FUNAI":30202002018.0,"N_CR_FUNAI":"Ponta Porã","ALD_FUNAI":3071.0,"VAL_FUNAI":1.0,"ALD_SIASI":null,"VAL_SIASI":null,"AMZ_LEG":null,"LAT":-23.052134722259726,"LONG":-55.19809191666667,"fonte":"IBGE, Censo Demográfico 2022, Localidades Indígenas, arquivo atualizado em 19/09/2025","url_fonte":"https://geoftp.ibge.gov.br/organizacao_do_territorio/estrutura_territorial/localidades/localidades_indigenas_2022/"},"geometry":{"coordinates":[-55.19809191666667,-23.052134722259726],"type":"Point"}},{"type":"Feature","properties":{"CD_UF":50,"NM_UF":"Mato Grosso do Sul","CD_MUNIC":5000609,"NM_MUNIC":"Amambai","ID_LI":5000254,"CD_LI":5010136,"OCORRENCIA":30,"NM_LI":"Aldeia Indígena Amambai","CD_SETOR":500060905000101,"SITUACAO":"Rural","CD_SIT":8,"CD_TIPO":5.0,"CD_AGLOM":500060900007.0,"NM_AGLOM":"Aldeia Indígena Amambai","CD_TI":7188.0,"TI_FUNAI":1601.0,"NM_TI":"Amambai","FASE":"Regularizada","C_CR_FUNAI":30202002018.0,"N_CR_FUNAI":"Ponta Porã","ALD_FUNAI":3071.0,"VAL_FUNAI":1.0,"ALD_SIASI":null,"VAL_SIASI":null,"AMZ_LEG":null,"LAT":-23.08790811114868,"LONG":-55.18281819444444,"fonte":"IBGE, Censo Demográfico 2022, Localidades Indígenas, arquivo atualizado em 19/09/2025","url_fonte":"https://geoftp.ibge.gov.br/organizacao_do_territorio/estrutura_territorial/localidades/localidades_indigenas_2022/"},"geometry":{"coordinates":[-55.18281819444444,-23.08790811114868],"type":"Point"}},{"type":"Feature","properties":{"CD_UF":50,"NM_UF":"Mato Grosso do Sul","CD_MUNIC":5006606,"NM_MUNIC":"Ponta Porã","ID_LI":5000255,"CD_LI":5010029,"OCORRENCIA":1,"NM_LI":"Aldeia Indígena Lima Campo","CD_SETOR":500660605000014,"SITUACAO":"Rural","CD_SIT":8,"CD_TIPO":5.0,"CD_AGLOM":500660600006.0,"NM_AGLOM":"Aldeia Indígena Lima Campo Jatayvary","CD_TI":50643.0,"TI_FUNAI":25601.0,"NM_TI":"Jatayvari","FASE":"Declarada","C_CR_FUNAI":30202002018.0,"N_CR_FUNAI":"Ponta Porã","ALD_FUNAI":null,"VAL_FUNAI":null,"ALD_SIASI":49872.0,"VAL_SIASI":1.0,"AMZ_LEG":null,"LAT":-22.369721500036256,"LONG":-55.27319002777777,"fonte":"IBGE, Censo Demográfico 2022, Localidades Indígenas, arquivo atualizado em 19/09/2025","url_fonte":"https://geoftp.ibge.gov.br/organizacao_do_territorio/estrutura_territorial/localidades/localidades_indigenas_2022/"},"geometry":{"coordinates":[-55.27319002777777,-22.369721500036256],"type":"Point"}},{"type":"Feature","properties":{"CD_UF":50,"NM_UF":"Mato Grosso do Sul","CD_MUNIC":5000609,"NM_MUNIC":"Amambai","ID_LI":5000256,"CD_LI":5010038,"OCORRENCIA":2,"NM_LI":"Aldeia Indígena Jaguary","CD_SETOR":500060905000040,"SITUACAO":"Rural","CD_SIT":8,"CD_TIPO":5.0,"CD_AGLOM":500060900008.0,"NM_AGLOM":"Aldeia Indígena Jaguari","CD_TI":43005.0,"TI_FUNAI":18201.0,"NM_TI":"Jaguari","FASE":"Regularizada","C_CR_FUNAI":30202002018.0,"N_CR_FUNAI":"Ponta Porã","ALD_FUNAI":3104.0,"VAL_FUNAI":1.0,"ALD_SIASI":51019.0,"VAL_SIASI":1.0,"AMZ_LEG":null,"LAT":-23.047414388926388,"LONG":-54.913346777777775,"fonte":"IBGE, Censo Demográfico 2022, Localidades Indígenas, arquivo atualizado em 19/09/2025","url_fonte":"https://geoftp.ibge.gov.br/organizacao_do_territorio/estrutura_territorial/localidades/localidades_indigenas_2022/"},"geometry":{"coordinates":[-54.913346777777775,-23.047414388926388],"type":"Point"}},{"type":"Feature","properties":{"CD_UF":50,"NM_UF":"Mato Grosso do Sul","CD_MUNIC":5002407,"NM_MUNIC":"Caarapó","ID_LI":5000257,"CD_LI":5010006,"OCORRENCIA":11,"NM_LI":"Aldeia Indígena Te'ýi Kuê","CD_SETOR":500240705000046,"SITUACAO":"Rural","CD_SIT":8,"CD_TIPO":5.0,"CD_AGLOM":500240700005.0,"NM_AGLOM":"Aldeia Indígena Te Yi Kuê","CD_TI":7293.0,"TI_FUNAI":7201.0,"NM_TI":"Caarapó","FASE":"Regularizada","C_CR_FUNAI":30202002011.0,"N_CR_FUNAI":"Dourados","ALD_FUNAI":418.0,"VAL_FUNAI":1.0,"ALD_SIASI":null,"VAL_SIASI":null,"AMZ_LEG":null,"LAT":-22.599073638925564,"LONG":-54.960124694444445,"fonte":"IBGE, Censo Demográfico 2022, Localidades Indígenas, arquivo atualizado em 19/09/2025","url_fonte":"https://geoftp.ibge.gov.br/organizacao_do_territorio/estrutura_territorial/localidades/localidades_indigenas_2022/"},"geometry":{"coordinates":[-54.960124694444445,-22.599073638925564],"type":"Point"}},{"type":"Feature","properties":{"CD_UF":50,"NM_UF":"Mato Grosso do Sul","CD_MUNIC":5000609,"NM_MUNIC":"Amambai","ID_LI":5000258,"CD_LI":5010037,"OCORRENCIA":10,"NM_LI":"Aldeia Indígena Limão Verde","CD_SETOR":500060905000096,"SITUACAO":"Rural","CD_SIT":8,"CD_TIPO":5.0,"CD_AGLOM":500060900001.0,"NM_AGLOM":"Aldeia Indígena Limão Verde","CD_TI":7129.0,"TI_FUNAI":801.0,"NM_TI":"Aldeia Limão Verde","FASE":"Regularizada","C_CR_FUNAI":30202002018.0,"N_CR_FUNAI":"Ponta Porã","ALD_FUNAI":3073.0,"VAL_FUNAI":1.0,"ALD_SIASI":51838.0,"VAL_SIASI":1.0,"AMZ_LEG":null,"LAT":-23.19263463892665,"LONG":-55.21097675,"fonte":"IBGE, Censo Demográfico 2022, Localidades Indígenas, arquivo atualizado em 19/09/2025","url_fonte":"https://geoftp.ibge.gov.br/organizacao_do_territorio/estrutura_territorial/localidades/localidades_indigenas_2022/"},"geometry":{"coordinates":[-55.21097675,-23.19263463892665],"type":"Point"}},{"type":"Feature","properties":{"CD_UF":50,"NM_UF":"Mato Grosso do Sul","CD_MUNIC":5003488,"NM_MUNIC":"Dois Irmãos do Buriti","ID_LI":5000259,"CD_LI":5010017,"OCORRENCIA":6,"NM_LI":"Aldeia Indigena Buriti","CD_SETOR":500348805000022,"SITUACAO":"Rural","CD_SIT":8,"CD_TIPO":5.0,"CD_AGLOM":500348800006.0,"NM_AGLOM":"Aldeia Indígena Buriti","CD_TI":50157.0,"TI_FUNAI":7001.0,"NM_TI":"Buriti","FASE":"Regularizada","C_CR_FUNAI":30202002004.0,"N_CR_FUNAI":"Campo Grande","ALD_FUNAI":null,"VAL_FUNAI":null,"ALD_SIASI":null,"VAL_SIASI":null,"AMZ_LEG":null,"LAT":-20.859751821569,"LONG":-55.1729020848315,"fonte":"IBGE, Censo Demográfico 2022, Localidades Indígenas, arquivo atualizado em 19/09/2025","url_fonte":"https://geoftp.ibge.gov.br/organizacao_do_territorio/estrutura_territorial/localidades/localidades_indigenas_2022/"},"geometry":{"coordinates":[-55.1729020848315,-20.859751821569],"type":"Point"}},{"type":"Feature","properties":{"CD_UF":50,"NM_UF":"Mato Grosso do Sul","CD_MUNIC":5000609,"NM_MUNIC":"Amambai","ID_LI":5000261,"CD_LI":5010136,"OCORRENCIA":31,"NM_LI":"Aldeia Indígena Amambai","CD_SETOR":500060905000079,"SITUACAO":"Rural","CD_SIT":8,"CD_TIPO":5.0,"CD_AGLOM":500060900007.0,"NM_AGLOM":"Aldeia Indígena Amambai","CD_TI":7188.0,"TI_FUNAI":1601.0,"NM_TI":"Amambai","FASE":"Regularizada","C_CR_FUNAI":30202002018.0,"N_CR_FUNAI":"Ponta Porã","ALD_FUNAI":3071.0,"VAL_FUNAI":1.0,"ALD_SIASI":null,"VAL_SIASI":null,"AMZ_LEG":null,"LAT":-23.062905527815307,"LONG":-55.17870944444444,"fonte":"IBGE, Censo Demográfico 2022, Localidades Indígenas, arquivo atualizado em 19/09/2025","url_fonte":"https://geoftp.ibge.gov.br/organizacao_do_territorio/estrutura_territorial/localidades/localidades_indigenas_2022/"},"geometry":{"coordinates":[-55.17870944444444,-23.062905527815307],"type":"Point"}},{"type":"Feature","properties":{"CD_UF":50,"NM_UF":"Mato Grosso do Sul","CD_MUNIC":5005608,"NM_MUNIC":"Miranda","ID_LI":5000262,"CD_LI":5010104,"OCORRENCIA":11,"NM_LI":"Aldeia Indígena Babaçú","CD_SETOR":500560805000063,"SITUACAO":"Rural","CD_SIT":5,"CD_TIPO":5.0,"CD_AGLOM":500560800012.0,"NM_AGLOM":"Aldeia Indígena Babaçu","CD_TI":50724.0,"TI_FUNAI":7702.0,"NM_TI":"Cachoeirinha","FASE":"Declarada","C_CR_FUNAI":30202002004.0,"N_CR_FUNAI":"Campo Grande","ALD_FUNAI":null,"VAL_FUNAI":null,"ALD_SIASI":51846.0,"VAL_SIASI":1.0,"AMZ_LEG":null,"LAT":-20.20704766669904,"LONG":-56.28022566666667,"fonte":"IBGE, Censo Demográfico 2022, Localidades Indígenas, arquivo atualizado em 19/09/2025","url_fonte":"https://geoftp.ibge.gov.br/organizacao_do_territorio/estrutura_territorial/localidades/localidades_indigenas_2022/"},"geometry":{"coordinates":[-56.28022566666667,-20.20704766669904],"type":"Point"}},{"type":"Feature","properties":{"CD_UF":50,"NM_UF":"Mato Grosso do Sul","CD_MUNIC":5001102,"NM_MUNIC":"Aquidauana","ID_LI":5000263,"CD_LI":5010119,"OCORRENCIA":4,"NM_LI":"Aldeia Indígena Água Branca","CD_SETOR":500110225000006,"SITUACAO":"Rural","CD_SIT":8,"CD_TIPO":5.0,"CD_AGLOM":500110200004.0,"NM_AGLOM":"Aldeia Indígena Água Branca","CD_TI":7250.0,"TI_FUNAI":44401.0,"NM_TI":"Taunay-Ipegue","FASE":"Regularizada","C_CR_FUNAI":30202002004.0,"N_CR_FUNAI":"Campo Grande","ALD_FUNAI":2976.0,"VAL_FUNAI":1.0,"ALD_SIASI":48456.0,"VAL_SIASI":2.0,"AMZ_LEG":null,"LAT":-20.2732769538814,"LONG":-56.0538075422925,"fonte":"IBGE, Censo Demográfico 2022, Localidades Indígenas, arquivo atualizado em 19/09/2025","url_fonte":"https://geoftp.ibge.gov.br/organizacao_do_territorio/estrutura_territorial/localidades/localidades_indigenas_2022/"},"geometry":{"coordinates":[-56.0538075422925,-20.2732769538814],"type":"Point"}},{"type":"Feature","properties":{"CD_UF":50,"NM_UF":"Mato Grosso do Sul","CD_MUNIC":5001102,"NM_MUNIC":"Aquidauana","ID_LI":5000264,"CD_LI":5010135,"OCORRENCIA":6,"NM_LI":"Aldeia Indígena Bananal","CD_SETOR":500110225000019,"SITUACAO":"Rural","CD_SIT":5,"CD_TIPO":5.0,"CD_AGLOM":500110200005.0,"NM_AGLOM":"Aldeia Indígena Bananal","CD_TI":7250.0,"TI_FUNAI":44401.0,"NM_TI":"Taunay-Ipegue","FASE":"Regularizada","C_CR_FUNAI":30202002004.0,"N_CR_FUNAI":"Campo Grande","ALD_FUNAI":null,"VAL_FUNAI":null,"ALD_SIASI":51017.0,"VAL_SIASI":2.0,"AMZ_LEG":null,"LAT":-20.258478222254688,"LONG":-56.05498561111112,"fonte":"IBGE, Censo Demográfico 2022, Localidades Indígenas, arquivo atualizado em 19/09/2025","url_fonte":"https://geoftp.ibge.gov.br/organizacao_do_territorio/estrutura_territorial/localidades/localidades_indigenas_2022/"},"geometry":{"coordinates":[-56.05498561111112,-20.258478222254688],"type":"Point"}},{"type":"Feature","properties":{"CD_UF":50,"NM_UF":"Mato Grosso do Sul","CD_MUNIC":5006358,"NM_MUNIC":"Paranhos","ID_LI":5000265,"CD_LI":5010010,"OCORRENCIA":1,"NM_LI":"Aldeia Indígena Arroio Kora","CD_SETOR":500635805000015,"SITUACAO":"Rural","CD_SIT":8,"CD_TIPO":5.0,"CD_AGLOM":500635800004.0,"NM_AGLOM":"Aldeia Indígena Arroio Cora","CD_TI":50644.0,"TI_FUNAI":4401.0,"NM_TI":"Arroio-Korá","FASE":"Homologada","C_CR_FUNAI":30202002018.0,"N_CR_FUNAI":"Ponta Porã","ALD_FUNAI":3074.0,"VAL_FUNAI":1.0,"ALD_SIASI":null,"VAL_SIASI":null,"AMZ_LEG":null,"LAT":-23.678410250038667,"LONG":-55.25043155555556,"fonte":"IBGE, Censo Demográfico 2022, Localidades Indígenas, arquivo atualizado em 19/09/2025","url_fonte":"https://geoftp.ibge.gov.br/organizacao_do_territorio/estrutura_territorial/localidades/localidades_indigenas_2022/"},"geometry":{"coordinates":[-55.25043155555556,-23.678410250038667],"type":"Point"}},{"type":"Feature","properties":{"CD_UF":50,"NM_UF":"Mato Grosso do Sul","CD_MUNIC":5001102,"NM_MUNIC":"Aquidauana","ID_LI":5000266,"CD_LI":5010008,"OCORRENCIA":3,"NM_LI":"Aldeia Indígena Buritizinho","CD_SETOR":500110205000070,"SITUACAO":"Rural","CD_SIT":8,"CD_TIPO":5.0,"CD_AGLOM":500110200014.0,"NM_AGLOM":"Aldeia Indígena Buritizinho","CD_TI":7242.0,"TI_FUNAI":25701.0,"NM_TI":"Limão Verde","FASE":"Regularizada","C_CR_FUNAI":30202002004.0,"N_CR_FUNAI":"Campo Grande","ALD_FUNAI":2961.0,"VAL_FUNAI":1.0,"ALD_SIASI":null,"VAL_SIASI":null,"AMZ_LEG":null,"LAT":-20.32260380558813,"LONG":-55.68249980555556,"fonte":"IBGE, Censo Demográfico 2022, Localidades Indígenas, arquivo atualizado em 19/09/2025","url_fonte":"https://geoftp.ibge.gov.br/organizacao_do_territorio/estrutura_territorial/localidades/localidades_indigenas_2022/"},"geometry":{"coordinates":[-55.68249980555556,-20.32260380558813],"type":"Point"}},{"type":"Feature","properties":{"CD_UF":50,"NM_UF":"Mato Grosso do Sul","CD_MUNIC":5004809,"NM_MUNIC":"Japorã","ID_LI":5000267,"CD_LI":5010108,"OCORRENCIA":10,"NM_LI":"Aldeia Indígena Porto Lindo / Jakarey","CD_SETOR":500480905000017,"SITUACAO":"Rural","CD_SIT":8,"CD_TIPO":5.0,"CD_AGLOM":500480900006.0,"NM_AGLOM":"Aldeia Indígena Porto Lindo","CD_TI":7196.0,"TI_FUNAI":36701.0,"NM_TI":"Porto Lindo","FASE":"Regularizada","C_CR_FUNAI":30202002018.0,"N_CR_FUNAI":"Ponta Porã","ALD_FUNAI":3099.0,"VAL_FUNAI":1.0,"ALD_SIASI":null,"VAL_SIASI":null,"AMZ_LEG":null,"LAT":-23.787465388927764,"LONG":-54.58028738888889,"fonte":"IBGE, Censo Demográfico 2022, Localidades Indígenas, arquivo atualizado em 19/09/2025","url_fonte":"https://geoftp.ibge.gov.br/organizacao_do_territorio/estrutura_territorial/localidades/localidades_indigenas_2022/"},"geometry":{"coordinates":[-54.58028738888889,-23.787465388927764],"type":"Point"}},{"type":"Feature","properties":{"CD_UF":50,"NM_UF":"Mato Grosso do Sul","CD_MUNIC":5007950,"NM_MUNIC":"Tacuru","ID_LI":5000268,"CD_LI":5010034,"OCORRENCIA":13,"NM_LI":"Aldeia Indígena Sassoró","CD_SETOR":500795005000019,"SITUACAO":"Rural","CD_SIT":8,"CD_TIPO":5.0,"CD_AGLOM":500795000004.0,"NM_AGLOM":"Aldeia Indígena Sassoró","CD_TI":7200.0,"TI_FUNAI":42201.0,"NM_TI":"Sassoró","FASE":"Regularizada","C_CR_FUNAI":30202002018.0,"N_CR_FUNAI":"Ponta Porã","ALD_FUNAI":3101.0,"VAL_FUNAI":1.0,"ALD_SIASI":null,"VAL_SIASI":null,"AMZ_LEG":null,"LAT":-23.5858167500385,"LONG":-54.772959416666666,"fonte":"IBGE, Censo Demográfico 2022, Localidades Indígenas, arquivo atualizado em 19/09/2025","url_fonte":"https://geoftp.ibge.gov.br/organizacao_do_territorio/estrutura_territorial/localidades/localidades_indigenas_2022/"},"geometry":{"coordinates":[-54.772959416666666,-23.5858167500385],"type":"Point"}},{"type":"Feature","properties":{"CD_UF":50,"NM_UF":"Mato Grosso do Sul","CD_MUNIC":5001102,"NM_MUNIC":"Aquidauana","ID_LI":5000269,"CD_LI":5010156,"OCORRENCIA":3,"NM_LI":"Aldeia Indígena Ipegue","CD_SETOR":500110225000020,"SITUACAO":"Rural","CD_SIT":5,"CD_TIPO":5.0,"CD_AGLOM":500110200009.0,"NM_AGLOM":"Aldeia Indígena Ipegue","CD_TI":7250.0,"TI_FUNAI":44401.0,"NM_TI":"Taunay-Ipegue","FASE":"Regularizada","C_CR_FUNAI":30202002004.0,"N_CR_FUNAI":"Campo Grande","ALD_FUNAI":2972.0,"VAL_FUNAI":1.0,"ALD_SIASI":51165.0,"VAL_SIASI":2.0,"AMZ_LEG":null,"LAT":-20.23089519447686,"LONG":-56.05397983333333,"fonte":"IBGE, Censo Demográfico 2022, Localidades Indígenas, arquivo atualizado em 19/09/2025","url_fonte":"https://geoftp.ibge.gov.br/organizacao_do_territorio/estrutura_territorial/localidades/localidades_indigenas_2022/"},"geometry":{"coordinates":[-56.05397983333333,-20.23089519447686],"type":"Point"}},{"type":"Feature","properties":{"CD_UF":50,"NM_UF":"Mato Grosso do Sul","CD_MUNIC":5007950,"NM_MUNIC":"Tacuru","ID_LI":5000270,"CD_LI":5010110,"OCORRENCIA":11,"NM_LI":"Aldeia Indígena Jaguapiré","CD_SETOR":500795005000015,"SITUACAO":"Rural","CD_SIT":8,"CD_TIPO":5.0,"CD_AGLOM":500795000005.0,"NM_AGLOM":"Aldeia Indígena Jaguapiré","CD_TI":43006.0,"TI_FUNAI":18101.0,"NM_TI":"Jaguapiré","FASE":"Regularizada","C_CR_FUNAI":30202002018.0,"N_CR_FUNAI":"Ponta Porã","ALD_FUNAI":3102.0,"VAL_FUNAI":1.0,"ALD_SIASI":null,"VAL_SIASI":null,"AMZ_LEG":null,"LAT":-23.7202383055943,"LONG":-54.93702997222221,"fonte":"IBGE, Censo Demográfico 2022, Localidades Indígenas, arquivo atualizado em 19/09/2025","url_fonte":"https://geoftp.ibge.gov.br/organizacao_do_territorio/estrutura_territorial/localidades/localidades_indigenas_2022/"},"geometry":{"coordinates":[-54.93702997222221,-23.7202383055943],"type":"Point"}},{"type":"Feature","properties":{"CD_UF":50,"NM_UF":"Mato Grosso do Sul","CD_MUNIC":5005251,"NM_MUNIC":"Laguna Carapã","ID_LI":5000271,"CD_LI":5010013,"OCORRENCIA":2,"NM_LI":"Aldeia Indígena Guaimbé","CD_SETOR":500525105000011,"SITUACAO":"Rural","CD_SIT":8,"CD_TIPO":5.0,"CD_AGLOM":500525100004.0,"NM_AGLOM":"Aldeia Indígena Guaimbé","CD_TI":7137.0,"TI_FUNAI":13701.0,"NM_TI":"Guaimbé","FASE":"Regularizada","C_CR_FUNAI":30202002018.0,"N_CR_FUNAI":"Ponta Porã","ALD_FUNAI":null,"VAL_FUNAI":null,"ALD_SIASI":null,"VAL_SIASI":null,"AMZ_LEG":null,"LAT":-22.84458655559268,"LONG":-55.20395736111112,"fonte":"IBGE, Censo Demográfico 2022, Localidades Indígenas, arquivo atualizado em 19/09/2025","url_fonte":"https://geoftp.ibge.gov.br/organizacao_do_territorio/estrutura_territorial/localidades/localidades_indigenas_2022/"},"geometry":{"coordinates":[-55.20395736111112,-22.84458655559268],"type":"Point"}},{"type":"Feature","properties":{"CD_UF":50,"NM_UF":"Mato Grosso do Sul","CD_MUNIC":5005608,"NM_MUNIC":"Miranda","ID_LI":5000272,"CD_LI":5010143,"OCORRENCIA":8,"NM_LI":"Aldeia Indígena Lalima","CD_SETOR":500560805000046,"SITUACAO":"Rural","CD_SIT":8,"CD_TIPO":5.0,"CD_AGLOM":500560800009.0,"NM_AGLOM":"Aldeia Indígena Lalima","CD_TI":7277.0,"TI_FUNAI":25101.0,"NM_TI":"Lalima","FASE":"Regularizada","C_CR_FUNAI":30202002004.0,"N_CR_FUNAI":"Campo Grande","ALD_FUNAI":2960.0,"VAL_FUNAI":1.0,"ALD_SIASI":49938.0,"VAL_SIASI":1.0,"AMZ_LEG":null,"LAT":-20.567034777810797,"LONG":-56.295401472222224,"fonte":"IBGE, Censo Demográfico 2022, Localidades Indígenas, arquivo atualizado em 19/09/2025","url_fonte":"https://geoftp.ibge.gov.br/organizacao_do_territorio/estrutura_territorial/localidades/localidades_indigenas_2022/"},"geometry":{"coordinates":[-56.295401472222224,-20.567034777810797],"type":"Point"}},{"type":"Feature","properties":{"CD_UF":50,"NM_UF":"Mato Grosso do Sul","CD_MUNIC":5005251,"NM_MUNIC":"Laguna Carapã","ID_LI":5000273,"CD_LI":5010154,"OCORRENCIA":1,"NM_LI":"Aldeia Indígena Rancho Jacaré","CD_SETOR":500525105000010,"SITUACAO":"Rural","CD_SIT":8,"CD_TIPO":5.0,"CD_AGLOM":500525100003.0,"NM_AGLOM":"Aldeia Indígena Rancho Jacaré","CD_TI":7145.0,"TI_FUNAI":37801.0,"NM_TI":"Rancho Jacaré","FASE":"Regularizada","C_CR_FUNAI":30202002018.0,"N_CR_FUNAI":"Ponta Porã","ALD_FUNAI":null,"VAL_FUNAI":null,"ALD_SIASI":null,"VAL_SIASI":null,"AMZ_LEG":null,"LAT":-22.84509966670379,"LONG":-55.11448877777777,"fonte":"IBGE, Censo Demográfico 2022, Localidades Indígenas, arquivo atualizado em 19/09/2025","url_fonte":"https://geoftp.ibge.gov.br/organizacao_do_territorio/estrutura_territorial/localidades/localidades_indigenas_2022/"},"geometry":{"coordinates":[-55.11448877777777,-22.84509966670379],"type":"Point"}},{"type":"Feature","properties":{"CD_UF":50,"NM_UF":"Mato Grosso do Sul","CD_MUNIC":5005251,"NM_MUNIC":"Laguna Carapã","ID_LI":5000274,"CD_LI":5010154,"OCORRENCIA":2,"NM_LI":"Aldeia Indígena Rancho Jacaré","CD_SETOR":500525105000010,"SITUACAO":"Rural","CD_SIT":8,"CD_TIPO":5.0,"CD_AGLOM":500525100003.0,"NM_AGLOM":"Aldeia Indígena Rancho Jacaré","CD_TI":7145.0,"TI_FUNAI":37801.0,"NM_TI":"Rancho Jacaré","FASE":"Regularizada","C_CR_FUNAI":30202002018.0,"N_CR_FUNAI":"Ponta Porã","ALD_FUNAI":null,"VAL_FUNAI":null,"ALD_SIASI":null,"VAL_SIASI":null,"AMZ_LEG":null,"LAT":-22.84863997225936,"LONG":-55.123890277777775,"fonte":"IBGE, Censo Demográfico 2022, Localidades Indígenas, arquivo atualizado em 19/09/2025","url_fonte":"https://geoftp.ibge.gov.br/organizacao_do_territorio/estrutura_territorial/localidades/localidades_indigenas_2022/"},"geometry":{"coordinates":[-55.123890277777775,-22.84863997225936],"type":"Point"}},{"type":"Feature","properties":{"CD_UF":50,"NM_UF":"Mato Grosso do Sul","CD_MUNIC":5003157,"NM_MUNIC":"Coronel Sapucaia","ID_LI":5000275,"CD_LI":5010066,"OCORRENCIA":6,"NM_LI":"Aldeia Indígena Taquaperi","CD_SETOR":500315705000025,"SITUACAO":"Rural","CD_SIT":8,"CD_TIPO":5.0,"CD_AGLOM":500315700002.0,"NM_AGLOM":"Aldeia Indígena Taquaperi","CD_TI":7218.0,"TI_FUNAI":44101.0,"NM_TI":"Taquaperi","FASE":"Regularizada","C_CR_FUNAI":30202002018.0,"N_CR_FUNAI":"Ponta Porã","ALD_FUNAI":3109.0,"VAL_FUNAI":1.0,"ALD_SIASI":51841.0,"VAL_SIASI":1.0,"AMZ_LEG":null,"LAT":-23.19472166670443,"LONG":-55.428003333333336,"fonte":"IBGE, Censo Demográfico 2022, Localidades Indígenas, arquivo atualizado em 19/09/2025","url_fonte":"https://geoftp.ibge.gov.br/organizacao_do_territorio/estrutura_territorial/localidades/localidades_indigenas_2022/"},"geometry":{"coordinates":[-55.428003333333336,-23.19472166670443],"type":"Point"}},{"type":"Feature","properties":{"CD_UF":50,"NM_UF":"Mato Grosso do Sul","CD_MUNIC":5000609,"NM_MUNIC":"Amambai","ID_LI":5000276,"CD_LI":5010136,"OCORRENCIA":32,"NM_LI":"Aldeia Indígena Amambai","CD_SETOR":500060905000101,"SITUACAO":"Rural","CD_SIT":8,"CD_TIPO":5.0,"CD_AGLOM":500060900007.0,"NM_AGLOM":"Aldeia Indígena Amambai","CD_TI":7188.0,"TI_FUNAI":1601.0,"NM_TI":"Amambai","FASE":"Regularizada","C_CR_FUNAI":30202002018.0,"N_CR_FUNAI":"Ponta Porã","ALD_FUNAI":3071.0,"VAL_FUNAI":1.0,"ALD_SIASI":null,"VAL_SIASI":null,"AMZ_LEG":null,"LAT":-23.087140111148685,"LONG":-55.185634944444445,"fonte":"IBGE, Censo Demográfico 2022, Localidades Indígenas, arquivo atualizado em 19/09/2025","url_fonte":"https://geoftp.ibge.gov.br/organizacao_do_territorio/estrutura_territorial/localidades/localidades_indigenas_2022/"},"geometry":{"coordinates":[-55.185634944444445,-23.087140111148685],"type":"Point"}},{"type":"Feature","properties":{"CD_UF":50,"NM_UF":"Mato Grosso do Sul","CD_MUNIC":5005251,"NM_MUNIC":"Laguna Carapã","ID_LI":5000277,"CD_LI":5010013,"OCORRENCIA":3,"NM_LI":"Aldeia Indígena Guaimbé","CD_SETOR":500525105000011,"SITUACAO":"Rural","CD_SIT":8,"CD_TIPO":5.0,"CD_AGLOM":500525100004.0,"NM_AGLOM":"Aldeia Indígena Guaimbé","CD_TI":7137.0,"TI_FUNAI":13701.0,"NM_TI":"Guaimbé","FASE":"Regularizada","C_CR_FUNAI":30202002018.0,"N_CR_FUNAI":"Ponta Porã","ALD_FUNAI":null,"VAL_FUNAI":null,"ALD_SIASI":null,"VAL_SIASI":null,"AMZ_LEG":null,"LAT":-22.856140750037145,"LONG":-55.189072388888896,"fonte":"IBGE, Censo Demográfico 2022, Localidades Indígenas, arquivo atualizado em 19/09/2025","url_fonte":"https://geoftp.ibge.gov.br/organizacao_do_territorio/estrutura_territorial/localidades/localidades_indigenas_2022/"},"geometry":{"coordinates":[-55.189072388888896,-22.856140750037145],"type":"Point"}},{"type":"Feature","properties":{"CD_UF":50,"NM_UF":"Mato Grosso do Sul","CD_MUNIC":5003488,"NM_MUNIC":"Dois Irmãos do Buriti","ID_LI":5000278,"CD_LI":5010017,"OCORRENCIA":7,"NM_LI":"Aldeia Indígena Buriti","CD_SETOR":500348805000022,"SITUACAO":"Rural","CD_SIT":8,"CD_TIPO":5.0,"CD_AGLOM":500348800006.0,"NM_AGLOM":"Aldeia Indígena Buriti","CD_TI":50157.0,"TI_FUNAI":7001.0,"NM_TI":"Buriti","FASE":"Regularizada","C_CR_FUNAI":30202002004.0,"N_CR_FUNAI":"Campo Grande","ALD_FUNAI":null,"VAL_FUNAI":null,"ALD_SIASI":null,"VAL_SIASI":null,"AMZ_LEG":null,"LAT":-20.8544542778113,"LONG":-55.17104766666667,"fonte":"IBGE, Censo Demográfico 2022, Localidades Indígenas, arquivo atualizado em 19/09/2025","url_fonte":"https://geoftp.ibge.gov.br/organizacao_do_territorio/estrutura_territorial/localidades/localidades_indigenas_2022/"},"geometry":{"coordinates":[-55.17104766666667,-20.8544542778113],"type":"Point"}},{"type":"Feature","properties":{"CD_UF":50,"NM_UF":"Mato Grosso do Sul","CD_MUNIC":5005251,"NM_MUNIC":"Laguna Carapã","ID_LI":5000279,"CD_LI":5010013,"OCORRENCIA":4,"NM_LI":"Aldeia Indígena Guaimbé","CD_SETOR":500525105000011,"SITUACAO":"Rural","CD_SIT":8,"CD_TIPO":5.0,"CD_AGLOM":500525100004.0,"NM_AGLOM":"Aldeia Indígena Guaimbé","CD_TI":7137.0,"TI_FUNAI":13701.0,"NM_TI":"Guaimbé","FASE":"Regularizada","C_CR_FUNAI":30202002018.0,"N_CR_FUNAI":"Ponta Porã","ALD_FUNAI":null,"VAL_FUNAI":null,"ALD_SIASI":null,"VAL_SIASI":null,"AMZ_LEG":null,"LAT":-22.85035013892602,"LONG":-55.20834047222223,"fonte":"IBGE, Censo Demográfico 2022, Localidades Indígenas, arquivo atualizado em 19/09/2025","url_fonte":"https://geoftp.ibge.gov.br/organizacao_do_territorio/estrutura_territorial/localidades/localidades_indigenas_2022/"},"geometry":{"coordinates":[-55.20834047222223,-22.85035013892602],"type":"Point"}},{"type":"Feature","properties":{"CD_UF":50,"NM_UF":"Mato Grosso do Sul","CD_MUNIC":5000609,"NM_MUNIC":"Amambai","ID_LI":5000280,"CD_LI":5010136,"OCORRENCIA":33,"NM_LI":"Aldeia Indígena Amambai","CD_SETOR":500060905000078,"SITUACAO":"Rural","CD_SIT":8,"CD_TIPO":5.0,"CD_AGLOM":500060900007.0,"NM_AGLOM":"Aldeia Indígena Amambai","CD_TI":7188.0,"TI_FUNAI":1601.0,"NM_TI":"Amambai","FASE":"Regularizada","C_CR_FUNAI":30202002018.0,"N_CR_FUNAI":"Ponta Porã","ALD_FUNAI":3071.0,"VAL_FUNAI":1.0,"ALD_SIASI":null,"VAL_SIASI":null,"AMZ_LEG":null,"LAT":-23.074038444481992,"LONG":-55.17056569444444,"fonte":"IBGE, Censo Demográfico 2022, Localidades Indígenas, arquivo atualizado em 19/09/2025","url_fonte":"https://geoftp.ibge.gov.br/organizacao_do_territorio/estrutura_territorial/localidades/localidades_indigenas_2022/"},"geometry":{"coordinates":[-55.17056569444444,-23.074038444481992],"type":"Point"}},{"type":"Feature","properties":{"CD_UF":50,"NM_UF":"Mato Grosso do Sul","CD_MUNIC":5007950,"NM_MUNIC":"Tacuru","ID_LI":5000281,"CD_LI":5010034,"OCORRENCIA":14,"NM_LI":"Aldeia Indígena Sassoró","CD_SETOR":500795005000019,"SITUACAO":"Rural","CD_SIT":8,"CD_TIPO":5.0,"CD_AGLOM":500795000004.0,"NM_AGLOM":"Aldeia Indígena Sassoró","CD_TI":7200.0,"TI_FUNAI":42201.0,"NM_TI":"Sassoró","FASE":"Regularizada","C_CR_FUNAI":30202002018.0,"N_CR_FUNAI":"Ponta Porã","ALD_FUNAI":3101.0,"VAL_FUNAI":1.0,"ALD_SIASI":null,"VAL_SIASI":null,"AMZ_LEG":null,"LAT":-23.587158333371832,"LONG":-54.76967497222222,"fonte":"IBGE, Censo Demográfico 2022, Localidades Indígenas, arquivo atualizado em 19/09/2025","url_fonte":"https://geoftp.ibge.gov.br/organizacao_do_territorio/estrutura_territorial/localidades/localidades_indigenas_2022/"},"geometry":{"coordinates":[-54.76967497222222,-23.587158333371832],"type":"Point"}},{"type":"Feature","properties":{"CD_UF":50,"NM_UF":"Mato Grosso do Sul","CD_MUNIC":5001102,"NM_MUNIC":"Aquidauana","ID_LI":5000282,"CD_LI":5010008,"OCORRENCIA":4,"NM_LI":"Aldeia Indígena Buritizinho","CD_SETOR":500110205000070,"SITUACAO":"Rural","CD_SIT":8,"CD_TIPO":5.0,"CD_AGLOM":500110200014.0,"NM_AGLOM":"Aldeia Indígena Buritizinho","CD_TI":7242.0,"TI_FUNAI":25701.0,"NM_TI":"Limão Verde","FASE":"Regularizada","C_CR_FUNAI":30202002004.0,"N_CR_FUNAI":"Campo Grande","ALD_FUNAI":2961.0,"VAL_FUNAI":1.0,"ALD_SIASI":null,"VAL_SIASI":null,"AMZ_LEG":null,"LAT":-20.3179593926161,"LONG":-55.6769234837751,"fonte":"IBGE, Censo Demográfico 2022, Localidades Indígenas, arquivo atualizado em 19/09/2025","url_fonte":"https://geoftp.ibge.gov.br/organizacao_do_territorio/estrutura_territorial/localidades/localidades_indigenas_2022/"},"geometry":{"coordinates":[-55.6769234837751,-20.3179593926161],"type":"Point"}},{"type":"Feature","properties":{"CD_UF":50,"NM_UF":"Mato Grosso do Sul","CD_MUNIC":5005806,"NM_MUNIC":"Nioaque","ID_LI":5000283,"CD_LI":5010053,"OCORRENCIA":3,"NM_LI":"Aldeia Indígena Cabeceira","CD_SETOR":500580605000043,"SITUACAO":"Rural","CD_SIT":8,"CD_TIPO":5.0,"CD_AGLOM":500580600014.0,"NM_AGLOM":"Aldeia Indígena Cabeceira","CD_TI":7234.0,"TI_FUNAI":30601.0,"NM_TI":"Nioaque","FASE":"Regularizada","C_CR_FUNAI":30202002004.0,"N_CR_FUNAI":"Campo Grande","ALD_FUNAI":2968.0,"VAL_FUNAI":1.0,"ALD_SIASI":null,"VAL_SIASI":null,"AMZ_LEG":null,"LAT":-21.164121305589635,"LONG":-55.771253944444446,"fonte":"IBGE, Censo Demográfico 2022, Localidades Indígenas, arquivo atualizado em 19/09/2025","url_fonte":"https://geoftp.ibge.gov.br/organizacao_do_territorio/estrutura_territorial/localidades/localidades_indigenas_2022/"},"geometry":{"coordinates":[-55.771253944444446,-21.164121305589635],"type":"Point"}},{"type":"Feature","properties":{"CD_UF":50,"NM_UF":"Mato Grosso do Sul","CD_MUNIC":5002407,"NM_MUNIC":"Caarapó","ID_LI":5000284,"CD_LI":5010084,"OCORRENCIA":1,"NM_LI":"Aldeia Indígena Guyraroká","CD_SETOR":500240710000006,"SITUACAO":"Rural","CD_SIT":5,"CD_TIPO":5.0,"CD_AGLOM":500240700002.0,"NM_AGLOM":"Aldeia Indígena Guyra-Roká","CD_TI":50648.0,"TI_FUNAI":15101.0,"NM_TI":"Guyraroká","FASE":"Declarada","C_CR_FUNAI":30202002011.0,"N_CR_FUNAI":"Dourados","ALD_FUNAI":30.0,"VAL_FUNAI":1.0,"ALD_SIASI":47312.0,"VAL_SIASI":1.0,"AMZ_LEG":null,"LAT":-22.48968016670314,"LONG":-54.65265147222223,"fonte":"IBGE, Censo Demográfico 2022, Localidades Indígenas, arquivo atualizado em 19/09/2025","url_fonte":"https://geoftp.ibge.gov.br/organizacao_do_territorio/estrutura_territorial/localidades/localidades_indigenas_2022/"},"geometry":{"coordinates":[-54.65265147222223,-22.48968016670314],"type":"Point"}},{"type":"Feature","properties":{"CD_UF":50,"NM_UF":"Mato Grosso do Sul","CD_MUNIC":5006358,"NM_MUNIC":"Paranhos","ID_LI":5000285,"CD_LI":5010025,"OCORRENCIA":5,"NM_LI":"Aldeia Indígena Paraguaçu / Yvykuarusu","CD_SETOR":500635805000010,"SITUACAO":"Rural","CD_SIT":8,"CD_TIPO":5.0,"CD_AGLOM":500635800012.0,"NM_AGLOM":"Aldeia Indígena Paraguaçu ou Yvykuarusu","CD_TI":6530.0,"TI_FUNAI":43901.0,"NM_TI":"Takuaraty/Yvykuarusu","FASE":"Homologada","C_CR_FUNAI":30202002018.0,"N_CR_FUNAI":"Ponta Porã","ALD_FUNAI":3186.0,"VAL_FUNAI":1.0,"ALD_SIASI":null,"VAL_SIASI":null,"AMZ_LEG":null,"LAT":-23.783374722261087,"LONG":-55.17747966666668,"fonte":"IBGE, Censo Demográfico 2022, Localidades Indígenas, arquivo atualizado em 19/09/2025","url_fonte":"https://geoftp.ibge.gov.br/organizacao_do_territorio/estrutura_territorial/localidades/localidades_indigenas_2022/"},"geometry":{"coordinates":[-55.17747966666668,-23.783374722261087],"type":"Point"}},{"type":"Feature","properties":{"CD_UF":50,"NM_UF":"Mato Grosso do Sul","CD_MUNIC":5006358,"NM_MUNIC":"Paranhos","ID_LI":5000286,"CD_LI":5010025,"OCORRENCIA":6,"NM_LI":"Aldeia Indígena Paraguaçu / Yvykuarusu","CD_SETOR":500635805000010,"SITUACAO":"Rural","CD_SIT":8,"CD_TIPO":5.0,"CD_AGLOM":500635800012.0,"NM_AGLOM":"Aldeia Indígena Paraguaçu ou Yvykuarusu","CD_TI":6530.0,"TI_FUNAI":43901.0,"NM_TI":"Takuaraty/Yvykuarusu","FASE":"Homologada","C_CR_FUNAI":30202002018.0,"N_CR_FUNAI":"Ponta Porã","ALD_FUNAI":3186.0,"VAL_FUNAI":1.0,"ALD_SIASI":null,"VAL_SIASI":null,"AMZ_LEG":null,"LAT":-23.776287805594407,"LONG":-55.17239838888889,"fonte":"IBGE, Censo Demográfico 2022, Localidades Indígenas, arquivo atualizado em 19/09/2025","url_fonte":"https://geoftp.ibge.gov.br/organizacao_do_territorio/estrutura_territorial/localidades/localidades_indigenas_2022/"},"geometry":{"coordinates":[-55.17239838888889,-23.776287805594407],"type":"Point"}},{"type":"Feature","properties":{"CD_UF":50,"NM_UF":"Mato Grosso do Sul","CD_MUNIC":5003488,"NM_MUNIC":"Dois Irmãos do Buriti","ID_LI":5000287,"CD_LI":5010017,"OCORRENCIA":8,"NM_LI":"Aldeia Indígena Buriti","CD_SETOR":500348805000022,"SITUACAO":"Rural","CD_SIT":8,"CD_TIPO":5.0,"CD_AGLOM":500348800006.0,"NM_AGLOM":"Aldeia Indígena Buriti","CD_TI":50157.0,"TI_FUNAI":7001.0,"NM_TI":"Buriti","FASE":"Regularizada","C_CR_FUNAI":30202002004.0,"N_CR_FUNAI":"Campo Grande","ALD_FUNAI":null,"VAL_FUNAI":null,"ALD_SIASI":null,"VAL_SIASI":null,"AMZ_LEG":null,"LAT":-20.861946805589085,"LONG":-55.18209030555556,"fonte":"IBGE, Censo Demográfico 2022, Localidades Indígenas, arquivo atualizado em 19/09/2025","url_fonte":"https://geoftp.ibge.gov.br/organizacao_do_territorio/estrutura_territorial/localidades/localidades_indigenas_2022/"},"geometry":{"coordinates":[-55.18209030555556,-20.861946805589085],"type":"Point"}},{"type":"Feature","properties":{"CD_UF":50,"NM_UF":"Mato Grosso do Sul","CD_MUNIC":5003488,"NM_MUNIC":"Dois Irmãos do Buriti","ID_LI":5000288,"CD_LI":5010017,"OCORRENCIA":9,"NM_LI":"Aldeia Indígena Buriti","CD_SETOR":500348805000022,"SITUACAO":"Rural","CD_SIT":8,"CD_TIPO":5.0,"CD_AGLOM":500348800006.0,"NM_AGLOM":"Aldeia Indígena Buriti","CD_TI":50157.0,"TI_FUNAI":7001.0,"NM_TI":"Buriti","FASE":"Regularizada","C_CR_FUNAI":30202002004.0,"N_CR_FUNAI":"Campo Grande","ALD_FUNAI":null,"VAL_FUNAI":null,"ALD_SIASI":null,"VAL_SIASI":null,"AMZ_LEG":null,"LAT":-20.86285719447798,"LONG":-55.17545225,"fonte":"IBGE, Censo Demográfico 2022, Localidades Indígenas, arquivo atualizado em 19/09/2025","url_fonte":"https://geoftp.ibge.gov.br/organizacao_do_territorio/estrutura_territorial/localidades/localidades_indigenas_2022/"},"geometry":{"coordinates":[-55.17545225,-20.86285719447798],"type":"Point"}},{"type":"Feature","properties":{"CD_UF":50,"NM_UF":"Mato Grosso do Sul","CD_MUNIC":5000906,"NM_MUNIC":"Antônio João","ID_LI":5000289,"CD_LI":5010070,"OCORRENCIA":6,"NM_LI":"Aldeia Ñanderu Marangatu","CD_SETOR":500090610000006,"SITUACAO":"Rural","CD_SIT":8,"CD_TIPO":null,"CD_AGLOM":500090600002.0,"NM_AGLOM":"Aldeia Indígena Marangatu","CD_TI":50166.0,"TI_FUNAI":30301.0,"NM_TI":"Ñande Ru Marangatu","FASE":"Declarada","C_CR_FUNAI":30202002018.0,"N_CR_FUNAI":"Ponta Porã","ALD_FUNAI":3184.0,"VAL_FUNAI":1.0,"ALD_SIASI":49928.0,"VAL_SIASI":1.0,"AMZ_LEG":null,"LAT":-22.252965666702707,"LONG":-56.07498833333334,"fonte":"IBGE, Censo Demográfico 2022, Localidades Indígenas, arquivo atualizado em 19/09/2025","url_fonte":"https://geoftp.ibge.gov.br/organizacao_do_territorio/estrutura_territorial/localidades/localidades_indigenas_2022/"},"geometry":{"coordinates":[-56.07498833333334,-22.252965666702707],"type":"Point"}},{"type":"Feature","properties":{"CD_UF":50,"NM_UF":"Mato Grosso do Sul","CD_MUNIC":5001102,"NM_MUNIC":"Aquidauana","ID_LI":5000290,"CD_LI":5010026,"OCORRENCIA":2,"NM_LI":"Aldeia Indígena Imbirussu","CD_SETOR":500110225000004,"SITUACAO":"Rural","CD_SIT":8,"CD_TIPO":5.0,"CD_AGLOM":500110200002.0,"NM_AGLOM":"Aldeia Indígena Lagoinha","CD_TI":7250.0,"TI_FUNAI":44401.0,"NM_TI":"Taunay-Ipegue","FASE":"Regularizada","C_CR_FUNAI":30202002004.0,"N_CR_FUNAI":"Campo Grande","ALD_FUNAI":null,"VAL_FUNAI":null,"ALD_SIASI":51166.0,"VAL_SIASI":2.0,"AMZ_LEG":null,"LAT":-20.27003091669915,"LONG":-56.10015238888889,"fonte":"IBGE, Censo Demográfico 2022, Localidades Indígenas, arquivo atualizado em 19/09/2025","url_fonte":"https://geoftp.ibge.gov.br/organizacao_do_territorio/estrutura_territorial/localidades/localidades_indigenas_2022/"},"geometry":{"coordinates":[-56.10015238888889,-20.27003091669915],"type":"Point"}},{"type":"Feature","properties":{"CD_UF":50,"NM_UF":"Mato Grosso do Sul","CD_MUNIC":5006358,"NM_MUNIC":"Paranhos","ID_LI":5000291,"CD_LI":5010010,"OCORRENCIA":2,"NM_LI":"Aldeia Indígena Arroio Kora","CD_SETOR":500635805000015,"SITUACAO":"Rural","CD_SIT":8,"CD_TIPO":5.0,"CD_AGLOM":500635800004.0,"NM_AGLOM":"Aldeia Indígena Arroio Cora","CD_TI":50644.0,"TI_FUNAI":4401.0,"NM_TI":"Arroio-Korá","FASE":"Homologada","C_CR_FUNAI":30202002018.0,"N_CR_FUNAI":"Ponta Porã","ALD_FUNAI":3074.0,"VAL_FUNAI":1.0,"ALD_SIASI":null,"VAL_SIASI":null,"AMZ_LEG":null,"LAT":-23.701857333372047,"LONG":-55.25306438888889,"fonte":"IBGE, Censo Demográfico 2022, Localidades Indígenas, arquivo atualizado em 19/09/2025","url_fonte":"https://geoftp.ibge.gov.br/organizacao_do_territorio/estrutura_territorial/localidades/localidades_indigenas_2022/"},"geometry":{"coordinates":[-55.25306438888889,-23.701857333372047],"type":"Point"}},{"type":"Feature","properties":{"CD_UF":50,"NM_UF":"Mato Grosso do Sul","CD_MUNIC":5003157,"NM_MUNIC":"Coronel Sapucaia","ID_LI":5000292,"CD_LI":5010066,"OCORRENCIA":7,"NM_LI":"Aldeia Indígena Taquaperi","CD_SETOR":500315705000026,"SITUACAO":"Rural","CD_SIT":8,"CD_TIPO":5.0,"CD_AGLOM":500315700002.0,"NM_AGLOM":"Aldeia Indígena Taquaperi","CD_TI":7218.0,"TI_FUNAI":44101.0,"NM_TI":"Taquaperi","FASE":"Regularizada","C_CR_FUNAI":30202002018.0,"N_CR_FUNAI":"Ponta Porã","ALD_FUNAI":3109.0,"VAL_FUNAI":1.0,"ALD_SIASI":51841.0,"VAL_SIASI":1.0,"AMZ_LEG":null,"LAT":-23.21227830559336,"LONG":-55.42384833333334,"fonte":"IBGE, Censo Demográfico 2022, Localidades Indígenas, arquivo atualizado em 19/09/2025","url_fonte":"https://geoftp.ibge.gov.br/organizacao_do_territorio/estrutura_territorial/localidades/localidades_indigenas_2022/"},"geometry":{"coordinates":[-55.42384833333334,-23.21227830559336],"type":"Point"}},{"type":"Feature","properties":{"CD_UF":50,"NM_UF":"Mato Grosso do Sul","CD_MUNIC":5003157,"NM_MUNIC":"Coronel Sapucaia","ID_LI":5000293,"CD_LI":5010066,"OCORRENCIA":8,"NM_LI":"Aldeia Indígena Taquaperi","CD_SETOR":500315705000025,"SITUACAO":"Rural","CD_SIT":8,"CD_TIPO":5.0,"CD_AGLOM":500315700002.0,"NM_AGLOM":"Aldeia Indígena Taquaperi","CD_TI":7218.0,"TI_FUNAI":44101.0,"NM_TI":"Taquaperi","FASE":"Regularizada","C_CR_FUNAI":30202002018.0,"N_CR_FUNAI":"Ponta Porã","ALD_FUNAI":3109.0,"VAL_FUNAI":1.0,"ALD_SIASI":51841.0,"VAL_SIASI":1.0,"AMZ_LEG":null,"LAT":-23.215137111148916,"LONG":-55.43161700000001,"fonte":"IBGE, Censo Demográfico 2022, Localidades Indígenas, arquivo atualizado em 19/09/2025","url_fonte":"https://geoftp.ibge.gov.br/organizacao_do_territorio/estrutura_territorial/localidades/localidades_indigenas_2022/"},"geometry":{"coordinates":[-55.43161700000001,-23.215137111148916],"type":"Point"}},{"type":"Feature","properties":{"CD_UF":50,"NM_UF":"Mato Grosso do Sul","CD_MUNIC":5000609,"NM_MUNIC":"Amambai","ID_LI":5000294,"CD_LI":5010136,"OCORRENCIA":34,"NM_LI":"Aldeia Indígena Amambai","CD_SETOR":500060905000079,"SITUACAO":"Rural","CD_SIT":8,"CD_TIPO":5.0,"CD_AGLOM":500060900007.0,"NM_AGLOM":"Aldeia Indígena Amambai","CD_TI":7188.0,"TI_FUNAI":1601.0,"NM_TI":"Amambai","FASE":"Regularizada","C_CR_FUNAI":30202002018.0,"N_CR_FUNAI":"Ponta Porã","ALD_FUNAI":3071.0,"VAL_FUNAI":1.0,"ALD_SIASI":null,"VAL_SIASI":null,"AMZ_LEG":null,"LAT":-23.07033486114865,"LONG":-55.16517486111111,"fonte":"IBGE, Censo Demográfico 2022, Localidades Indígenas, arquivo atualizado em 19/09/2025","url_fonte":"https://geoftp.ibge.gov.br/organizacao_do_territorio/estrutura_territorial/localidades/localidades_indigenas_2022/"},"geometry":{"coordinates":[-55.16517486111111,-23.07033486114865],"type":"Point"}},{"type":"Feature","properties":{"CD_UF":50,"NM_UF":"Mato Grosso do Sul","CD_MUNIC":5003488,"NM_MUNIC":"Dois Irmãos do Buriti","ID_LI":5000296,"CD_LI":5010017,"OCORRENCIA":10,"NM_LI":"Aldeia Indígena Buriti","CD_SETOR":500348805000024,"SITUACAO":"Rural","CD_SIT":8,"CD_TIPO":5.0,"CD_AGLOM":500348800008.0,"NM_AGLOM":"Aldeia Indígena Oliveira","CD_TI":50157.0,"TI_FUNAI":7001.0,"NM_TI":"Buriti","FASE":"Regularizada","C_CR_FUNAI":30202002004.0,"N_CR_FUNAI":"Campo Grande","ALD_FUNAI":null,"VAL_FUNAI":null,"ALD_SIASI":null,"VAL_SIASI":null,"AMZ_LEG":null,"LAT":-20.8503008889224,"LONG":-55.18656602777778,"fonte":"IBGE, Censo Demográfico 2022, Localidades Indígenas, arquivo atualizado em 19/09/2025","url_fonte":"https://geoftp.ibge.gov.br/organizacao_do_territorio/estrutura_territorial/localidades/localidades_indigenas_2022/"},"geometry":{"coordinates":[-55.18656602777778,-20.8503008889224],"type":"Point"}},{"type":"Feature","properties":{"CD_UF":50,"NM_UF":"Mato Grosso do Sul","CD_MUNIC":5007901,"NM_MUNIC":"Sidrolândia","ID_LI":5000297,"CD_LI":5010141,"OCORRENCIA":2,"NM_LI":"Aldeia Indígena Lagoinha","CD_SETOR":500790105000077,"SITUACAO":"Rural","CD_SIT":7,"CD_TIPO":5.0,"CD_AGLOM":500790100025.0,"NM_AGLOM":"Aldeia Indígena Lagoinha","CD_TI":50157.0,"TI_FUNAI":7001.0,"NM_TI":"Buriti","FASE":"Regularizada","C_CR_FUNAI":30202002004.0,"N_CR_FUNAI":"Campo Grande","ALD_FUNAI":null,"VAL_FUNAI":null,"ALD_SIASI":null,"VAL_SIASI":null,"AMZ_LEG":null,"LAT":-20.880453222255788,"LONG":-55.18162483333333,"fonte":"IBGE, Censo Demográfico 2022, Localidades Indígenas, arquivo atualizado em 19/09/2025","url_fonte":"https://geoftp.ibge.gov.br/organizacao_do_territorio/estrutura_territorial/localidades/localidades_indigenas_2022/"},"geometry":{"coordinates":[-55.18162483333333,-20.880453222255788],"type":"Point"}},{"type":"Feature","properties":{"CD_UF":50,"NM_UF":"Mato Grosso do Sul","CD_MUNIC":5001102,"NM_MUNIC":"Aquidauana","ID_LI":5000299,"CD_LI":5010135,"OCORRENCIA":7,"NM_LI":"Aldeia Indígena Bananal","CD_SETOR":500110225000018,"SITUACAO":"Rural","CD_SIT":5,"CD_TIPO":5.0,"CD_AGLOM":500110200005.0,"NM_AGLOM":"Aldeia Indígena Bananal","CD_TI":7250.0,"TI_FUNAI":44401.0,"NM_TI":"Taunay-Ipegue","FASE":"Regularizada","C_CR_FUNAI":30202002004.0,"N_CR_FUNAI":"Campo Grande","ALD_FUNAI":null,"VAL_FUNAI":null,"ALD_SIASI":51017.0,"VAL_SIASI":2.0,"AMZ_LEG":null,"LAT":-20.257201750032458,"LONG":-56.07282880555557,"fonte":"IBGE, Censo Demográfico 2022, Localidades Indígenas, arquivo atualizado em 19/09/2025","url_fonte":"https://geoftp.ibge.gov.br/organizacao_do_territorio/estrutura_territorial/localidades/localidades_indigenas_2022/"},"geometry":{"coordinates":[-56.07282880555557,-20.257201750032458],"type":"Point"}},{"type":"Feature","properties":{"CD_UF":50,"NM_UF":"Mato Grosso do Sul","CD_MUNIC":5001102,"NM_MUNIC":"Aquidauana","ID_LI":5000300,"CD_LI":5010014,"OCORRENCIA":1,"NM_LI":"Aldeia Indígena Cruzeiro","CD_SETOR":500110205000064,"SITUACAO":"Rural","CD_SIT":8,"CD_TIPO":5.0,"CD_AGLOM":500110200013.0,"NM_AGLOM":"Aldeia Indígena Córrego Seco/Cruzeiro","CD_TI":7242.0,"TI_FUNAI":25701.0,"NM_TI":"Limão Verde","FASE":"Regularizada","C_CR_FUNAI":30202002004.0,"N_CR_FUNAI":"Campo Grande","ALD_FUNAI":null,"VAL_FUNAI":null,"ALD_SIASI":null,"VAL_SIASI":null,"AMZ_LEG":null,"LAT":-20.33723858336594,"LONG":-55.70713355555556,"fonte":"IBGE, Censo Demográfico 2022, Localidades Indígenas, arquivo atualizado em 19/09/2025","url_fonte":"https://geoftp.ibge.gov.br/organizacao_do_territorio/estrutura_territorial/localidades/localidades_indigenas_2022/"},"geometry":{"coordinates":[-55.70713355555556,-20.33723858336594],"type":"Point"}},{"type":"Feature","properties":{"CD_UF":50,"NM_UF":"Mato Grosso do Sul","CD_MUNIC":5002407,"NM_MUNIC":"Caarapó","ID_LI":5000301,"CD_LI":5010006,"OCORRENCIA":12,"NM_LI":"Aldeia Indígena Te'ýi Kuê","CD_SETOR":500240705000046,"SITUACAO":"Rural","CD_SIT":8,"CD_TIPO":5.0,"CD_AGLOM":500240700005.0,"NM_AGLOM":"Aldeia Indígena Te Yi Kuê","CD_TI":7293.0,"TI_FUNAI":7201.0,"NM_TI":"Caarapó","FASE":"Regularizada","C_CR_FUNAI":30202002011.0,"N_CR_FUNAI":"Dourados","ALD_FUNAI":418.0,"VAL_FUNAI":1.0,"ALD_SIASI":null,"VAL_SIASI":null,"AMZ_LEG":null,"LAT":-22.60185302781446,"LONG":-54.95734602777778,"fonte":"IBGE, Censo Demográfico 2022, Localidades Indígenas, arquivo atualizado em 19/09/2025","url_fonte":"https://geoftp.ibge.gov.br/organizacao_do_territorio/estrutura_territorial/localidades/localidades_indigenas_2022/"},"geometry":{"coordinates":[-54.95734602777778,-22.60185302781446],"type":"Point"}},{"type":"Feature","properties":{"CD_UF":50,"NM_UF":"Mato Grosso do Sul","CD_MUNIC":5003157,"NM_MUNIC":"Coronel Sapucaia","ID_LI":5000302,"CD_LI":5010066,"OCORRENCIA":10,"NM_LI":"Aldeia Indígena Taquaperi","CD_SETOR":500315705000025,"SITUACAO":"Rural","CD_SIT":8,"CD_TIPO":5.0,"CD_AGLOM":500315700002.0,"NM_AGLOM":"Aldeia Indígena Taquaperi","CD_TI":7218.0,"TI_FUNAI":44101.0,"NM_TI":"Taquaperi","FASE":"Regularizada","C_CR_FUNAI":30202002018.0,"N_CR_FUNAI":"Ponta Porã","ALD_FUNAI":3109.0,"VAL_FUNAI":1.0,"ALD_SIASI":51841.0,"VAL_SIASI":1.0,"AMZ_LEG":null,"LAT":-23.20235163892667,"LONG":-55.43365166666667,"fonte":"IBGE, Censo Demográfico 2022, Localidades Indígenas, arquivo atualizado em 19/09/2025","url_fonte":"https://geoftp.ibge.gov.br/organizacao_do_territorio/estrutura_territorial/localidades/localidades_indigenas_2022/"},"geometry":{"coordinates":[-55.43365166666667,-23.20235163892667],"type":"Point"}},{"type":"Feature","properties":{"CD_UF":50,"NM_UF":"Mato Grosso do Sul","CD_MUNIC":5005608,"NM_MUNIC":"Miranda","ID_LI":5000303,"CD_LI":5010143,"OCORRENCIA":9,"NM_LI":"Aldeia Indígena Lalima","CD_SETOR":500560805000051,"SITUACAO":"Rural","CD_SIT":8,"CD_TIPO":5.0,"CD_AGLOM":500560800009.0,"NM_AGLOM":"Aldeia Indígena Lalima","CD_TI":7277.0,"TI_FUNAI":25101.0,"NM_TI":"Lalima","FASE":"Regularizada","C_CR_FUNAI":30202002004.0,"N_CR_FUNAI":"Campo Grande","ALD_FUNAI":2960.0,"VAL_FUNAI":1.0,"ALD_SIASI":49938.0,"VAL_SIASI":1.0,"AMZ_LEG":null,"LAT":-20.551843250032988,"LONG":-56.28655141666667,"fonte":"IBGE, Censo Demográfico 2022, Localidades Indígenas, arquivo atualizado em 19/09/2025","url_fonte":"https://geoftp.ibge.gov.br/organizacao_do_territorio/estrutura_territorial/localidades/localidades_indigenas_2022/"},"geometry":{"coordinates":[-56.28655141666667,-20.551843250032988],"type":"Point"}},{"type":"Feature","properties":{"CD_UF":50,"NM_UF":"Mato Grosso do Sul","CD_MUNIC":5007901,"NM_MUNIC":"Sidrolândia","ID_LI":5000304,"CD_LI":5010019,"OCORRENCIA":2,"NM_LI":"Aldeia Córrego do Meio","CD_SETOR":500790105000076,"SITUACAO":"Rural","CD_SIT":7,"CD_TIPO":5.0,"CD_AGLOM":500790100003.0,"NM_AGLOM":"Aldeia Indígena Córrego do Meio","CD_TI":50157.0,"TI_FUNAI":7001.0,"NM_TI":"Buriti","FASE":"Regularizada","C_CR_FUNAI":30202002004.0,"N_CR_FUNAI":"Campo Grande","ALD_FUNAI":null,"VAL_FUNAI":null,"ALD_SIASI":null,"VAL_SIASI":null,"AMZ_LEG":null,"LAT":-20.872808055589108,"LONG":-55.170037916666665,"fonte":"IBGE, Censo Demográfico 2022, Localidades Indígenas, arquivo atualizado em 19/09/2025","url_fonte":"https://geoftp.ibge.gov.br/organizacao_do_territorio/estrutura_territorial/localidades/localidades_indigenas_2022/"},"geometry":{"coordinates":[-55.170037916666665,-20.872808055589108],"type":"Point"}},{"type":"Feature","properties":{"CD_UF":50,"NM_UF":"Mato Grosso do Sul","CD_MUNIC":5005608,"NM_MUNIC":"Miranda","ID_LI":5000306,"CD_LI":5010143,"OCORRENCIA":10,"NM_LI":"Aldeia Indígena Lalima","CD_SETOR":500560805000046,"SITUACAO":"Rural","CD_SIT":8,"CD_TIPO":5.0,"CD_AGLOM":500560800009.0,"NM_AGLOM":"Aldeia Indígena Lalima","CD_TI":7277.0,"TI_FUNAI":25101.0,"NM_TI":"Lalima","FASE":"Regularizada","C_CR_FUNAI":30202002004.0,"N_CR_FUNAI":"Campo Grande","ALD_FUNAI":2960.0,"VAL_FUNAI":1.0,"ALD_SIASI":49938.0,"VAL_SIASI":1.0,"AMZ_LEG":null,"LAT":-20.568898361144125,"LONG":-56.29224930555556,"fonte":"IBGE, Censo Demográfico 2022, Localidades Indígenas, arquivo atualizado em 19/09/2025","url_fonte":"https://geoftp.ibge.gov.br/organizacao_do_territorio/estrutura_territorial/localidades/localidades_indigenas_2022/"},"geometry":{"coordinates":[-56.29224930555556,-20.568898361144125],"type":"Point"}},{"type":"Feature","properties":{"CD_UF":50,"NM_UF":"Mato Grosso do Sul","CD_MUNIC":5005608,"NM_MUNIC":"Miranda","ID_LI":5000307,"CD_LI":5010143,"OCORRENCIA":11,"NM_LI":"Aldeia Indígena Lalima","CD_SETOR":500560805000052,"SITUACAO":"Rural","CD_SIT":8,"CD_TIPO":5.0,"CD_AGLOM":500560800009.0,"NM_AGLOM":"Aldeia Indígena Lalima","CD_TI":7277.0,"TI_FUNAI":25101.0,"NM_TI":"Lalima","FASE":"Regularizada","C_CR_FUNAI":30202002004.0,"N_CR_FUNAI":"Campo Grande","ALD_FUNAI":2960.0,"VAL_FUNAI":1.0,"ALD_SIASI":49938.0,"VAL_SIASI":1.0,"AMZ_LEG":null,"LAT":-20.56728588892189,"LONG":-56.279034583333335,"fonte":"IBGE, Censo Demográfico 2022, Localidades Indígenas, arquivo atualizado em 19/09/2025","url_fonte":"https://geoftp.ibge.gov.br/organizacao_do_territorio/estrutura_territorial/localidades/localidades_indigenas_2022/"},"geometry":{"coordinates":[-56.279034583333335,-20.56728588892189],"type":"Point"}},{"type":"Feature","properties":{"CD_UF":50,"NM_UF":"Mato Grosso do Sul","CD_MUNIC":5001102,"NM_MUNIC":"Aquidauana","ID_LI":5000308,"CD_LI":5010089,"OCORRENCIA":2,"NM_LI":"Aldeia Indígena Córrego Seco","CD_SETOR":500110205000064,"SITUACAO":"Rural","CD_SIT":8,"CD_TIPO":5.0,"CD_AGLOM":500110200013.0,"NM_AGLOM":"Aldeia Indígena Córrego Seco/Cruzeiro","CD_TI":7242.0,"TI_FUNAI":25701.0,"NM_TI":"Limão Verde","FASE":"Regularizada","C_CR_FUNAI":30202002004.0,"N_CR_FUNAI":"Campo Grande","ALD_FUNAI":2963.0,"VAL_FUNAI":1.0,"ALD_SIASI":null,"VAL_SIASI":null,"AMZ_LEG":null,"LAT":-20.35637736114375,"LONG":-55.69218158333333,"fonte":"IBGE, Censo Demográfico 2022, Localidades Indígenas, arquivo atualizado em 19/09/2025","url_fonte":"https://geoftp.ibge.gov.br/organizacao_do_territorio/estrutura_territorial/localidades/localidades_indigenas_2022/"},"geometry":{"coordinates":[-55.69218158333333,-20.35637736114375],"type":"Point"}},{"type":"Feature","properties":{"CD_UF":50,"NM_UF":"Mato Grosso do Sul","CD_MUNIC":5004502,"NM_MUNIC":"Itaporã","ID_LI":5000309,"CD_LI":5010021,"OCORRENCIA":12,"NM_LI":"Aldeia Indígena Bororó","CD_SETOR":500450205000036,"SITUACAO":"Rural","CD_SIT":8,"CD_TIPO":5.0,"CD_AGLOM":500450200006.0,"NM_AGLOM":"Aldeia Indígena Bororó","CD_TI":7307.0,"TI_FUNAI":11101.0,"NM_TI":"Dourados","FASE":"Regularizada","C_CR_FUNAI":30202002011.0,"N_CR_FUNAI":"Dourados","ALD_FUNAI":38.0,"VAL_FUNAI":1.0,"ALD_SIASI":null,"VAL_SIASI":null,"AMZ_LEG":null,"LAT":-22.159893722258094,"LONG":-54.85260836111111,"fonte":"IBGE, Censo Demográfico 2022, Localidades Indígenas, arquivo atualizado em 19/09/2025","url_fonte":"https://geoftp.ibge.gov.br/organizacao_do_territorio/estrutura_territorial/localidades/localidades_indigenas_2022/"},"geometry":{"coordinates":[-54.85260836111111,-22.159893722258094],"type":"Point"}},{"type":"Feature","properties":{"CD_UF":50,"NM_UF":"Mato Grosso do Sul","CD_MUNIC":5003488,"NM_MUNIC":"Dois Irmãos do Buriti","ID_LI":5000310,"CD_LI":5010054,"OCORRENCIA":4,"NM_LI":"Aldeia Indígena Olho d'Água","CD_SETOR":500348805000027,"SITUACAO":"Rural","CD_SIT":8,"CD_TIPO":5.0,"CD_AGLOM":500348800011.0,"NM_AGLOM":"Aldeia Indígena Olho Dágua","CD_TI":50157.0,"TI_FUNAI":7001.0,"NM_TI":"Buriti","FASE":"Regularizada","C_CR_FUNAI":30202002004.0,"N_CR_FUNAI":"Campo Grande","ALD_FUNAI":null,"VAL_FUNAI":null,"ALD_SIASI":null,"VAL_SIASI":null,"AMZ_LEG":null,"LAT":-20.868627777811326,"LONG":-55.20083838888889,"fonte":"IBGE, Censo Demográfico 2022, Localidades Indígenas, arquivo atualizado em 19/09/2025","url_fonte":"https://geoftp.ibge.gov.br/organizacao_do_territorio/estrutura_territorial/localidades/localidades_indigenas_2022/"},"geometry":{"coordinates":[-55.20083838888889,-20.868627777811326],"type":"Point"}},{"type":"Feature","properties":{"CD_UF":50,"NM_UF":"Mato Grosso do Sul","CD_MUNIC":5007950,"NM_MUNIC":"Tacuru","ID_LI":5000313,"CD_LI":5010110,"OCORRENCIA":12,"NM_LI":"Aldeia Indígena Jaguapiré","CD_SETOR":500795005000015,"SITUACAO":"Rural","CD_SIT":8,"CD_TIPO":5.0,"CD_AGLOM":500795000005.0,"NM_AGLOM":"Aldeia Indígena Jaguapiré","CD_TI":43006.0,"TI_FUNAI":18101.0,"NM_TI":"Jaguapiré","FASE":"Regularizada","C_CR_FUNAI":30202002018.0,"N_CR_FUNAI":"Ponta Porã","ALD_FUNAI":3102.0,"VAL_FUNAI":1.0,"ALD_SIASI":null,"VAL_SIASI":null,"AMZ_LEG":null,"LAT":-23.73091497226099,"LONG":-54.93722330555556,"fonte":"IBGE, Censo Demográfico 2022, Localidades Indígenas, arquivo atualizado em 19/09/2025","url_fonte":"https://geoftp.ibge.gov.br/organizacao_do_territorio/estrutura_territorial/localidades/localidades_indigenas_2022/"},"geometry":{"coordinates":[-54.93722330555556,-23.73091497226099],"type":"Point"}},{"type":"Feature","properties":{"CD_UF":50,"NM_UF":"Mato Grosso do Sul","CD_MUNIC":5001102,"NM_MUNIC":"Aquidauana","ID_LI":5000314,"CD_LI":5010129,"OCORRENCIA":4,"NM_LI":"Aldeia Indígena Limão Verde","CD_SETOR":500110205000053,"SITUACAO":"Rural","CD_SIT":8,"CD_TIPO":5.0,"CD_AGLOM":500110200012.0,"NM_AGLOM":"Aldeia Indígena Limão Verde","CD_TI":7242.0,"TI_FUNAI":25701.0,"NM_TI":"Limão Verde","FASE":"Regularizada","C_CR_FUNAI":30202002004.0,"N_CR_FUNAI":"Campo Grande","ALD_FUNAI":2962.0,"VAL_FUNAI":1.0,"ALD_SIASI":null,"VAL_SIASI":null,"AMZ_LEG":null,"LAT":-20.326265805588143,"LONG":-55.68825588888889,"fonte":"IBGE, Censo Demográfico 2022, Localidades Indígenas, arquivo atualizado em 19/09/2025","url_fonte":"https://geoftp.ibge.gov.br/organizacao_do_territorio/estrutura_territorial/localidades/localidades_indigenas_2022/"},"geometry":{"coordinates":[-55.68825588888889,-20.326265805588143],"type":"Point"}},{"type":"Feature","properties":{"CD_UF":50,"NM_UF":"Mato Grosso do Sul","CD_MUNIC":5006903,"NM_MUNIC":"Porto Murtinho","ID_LI":5000315,"CD_LI":5010035,"OCORRENCIA":3,"NM_LI":"Aldeia Indígena São João","CD_SETOR":500690305000044,"SITUACAO":"Rural","CD_SIT":8,"CD_TIPO":5.0,"CD_AGLOM":500690300006.0,"NM_AGLOM":"Aldeia Indígena São João","CD_TI":3328.0,"TI_FUNAI":20001.0,"NM_TI":"Kadiwéu","FASE":"Regularizada","C_CR_FUNAI":30202002004.0,"N_CR_FUNAI":"Campo Grande","ALD_FUNAI":null,"VAL_FUNAI":null,"ALD_SIASI":null,"VAL_SIASI":null,"AMZ_LEG":null,"LAT":-21.04612000003386,"LONG":-56.93580333333334,"fonte":"IBGE, Censo Demográfico 2022, Localidades Indígenas, arquivo atualizado em 19/09/2025","url_fonte":"https://geoftp.ibge.gov.br/organizacao_do_territorio/estrutura_territorial/localidades/localidades_indigenas_2022/"},"geometry":{"coordinates":[-56.93580333333334,-21.04612000003386],"type":"Point"}},{"type":"Feature","properties":{"CD_UF":50,"NM_UF":"Mato Grosso do Sul","CD_MUNIC":5005251,"NM_MUNIC":"Laguna Carapã","ID_LI":5000316,"CD_LI":5010013,"OCORRENCIA":5,"NM_LI":"Aldeia Indígena Guaimbé","CD_SETOR":500525105000011,"SITUACAO":"Rural","CD_SIT":8,"CD_TIPO":5.0,"CD_AGLOM":500525100004.0,"NM_AGLOM":"Aldeia Indígena Guaimbé","CD_TI":7137.0,"TI_FUNAI":13701.0,"NM_TI":"Guaimbé","FASE":"Regularizada","C_CR_FUNAI":30202002018.0,"N_CR_FUNAI":"Ponta Porã","ALD_FUNAI":null,"VAL_FUNAI":null,"ALD_SIASI":null,"VAL_SIASI":null,"AMZ_LEG":null,"LAT":-22.849180805592688,"LONG":-55.196087,"fonte":"IBGE, Censo Demográfico 2022, Localidades Indígenas, arquivo atualizado em 19/09/2025","url_fonte":"https://geoftp.ibge.gov.br/organizacao_do_territorio/estrutura_territorial/localidades/localidades_indigenas_2022/"},"geometry":{"coordinates":[-55.196087,-22.849180805592688],"type":"Point"}},{"type":"Feature","properties":{"CD_UF":50,"NM_UF":"Mato Grosso do Sul","CD_MUNIC":5003488,"NM_MUNIC":"Dois Irmãos do Buriti","ID_LI":5000317,"CD_LI":5010017,"OCORRENCIA":11,"NM_LI":"Aldeia Indígena Buriti","CD_SETOR":500348805000022,"SITUACAO":"Rural","CD_SIT":8,"CD_TIPO":5.0,"CD_AGLOM":500348800006.0,"NM_AGLOM":"Aldeia Indígena Buriti","CD_TI":50157.0,"TI_FUNAI":7001.0,"NM_TI":"Buriti","FASE":"Regularizada","C_CR_FUNAI":30202002004.0,"N_CR_FUNAI":"Campo Grande","ALD_FUNAI":null,"VAL_FUNAI":null,"ALD_SIASI":null,"VAL_SIASI":null,"AMZ_LEG":null,"LAT":-20.849729972255734,"LONG":-55.17475705555555,"fonte":"IBGE, Censo Demográfico 2022, Localidades Indígenas, arquivo atualizado em 19/09/2025","url_fonte":"https://geoftp.ibge.gov.br/organizacao_do_territorio/estrutura_territorial/localidades/localidades_indigenas_2022/"},"geometry":{"coordinates":[-55.17475705555555,-20.849729972255734],"type":"Point"}},{"type":"Feature","properties":{"CD_UF":50,"NM_UF":"Mato Grosso do Sul","CD_MUNIC":5003488,"NM_MUNIC":"Dois Irmãos do Buriti","ID_LI":5000318,"CD_LI":5010054,"OCORRENCIA":5,"NM_LI":"Aldeia Indígena Olho d'Água","CD_SETOR":500348805000027,"SITUACAO":"Rural","CD_SIT":8,"CD_TIPO":5.0,"CD_AGLOM":500348800011.0,"NM_AGLOM":"Aldeia Indígena Olho Dágua","CD_TI":50157.0,"TI_FUNAI":7001.0,"NM_TI":"Buriti","FASE":"Regularizada","C_CR_FUNAI":30202002004.0,"N_CR_FUNAI":"Campo Grande","ALD_FUNAI":null,"VAL_FUNAI":null,"ALD_SIASI":null,"VAL_SIASI":null,"AMZ_LEG":null,"LAT":-20.86200922225576,"LONG":-55.19789516666667,"fonte":"IBGE, Censo Demográfico 2022, Localidades Indígenas, arquivo atualizado em 19/09/2025","url_fonte":"https://geoftp.ibge.gov.br/organizacao_do_territorio/estrutura_territorial/localidades/localidades_indigenas_2022/"},"geometry":{"coordinates":[-55.19789516666667,-20.86200922225576],"type":"Point"}},{"type":"Feature","properties":{"CD_UF":50,"NM_UF":"Mato Grosso do Sul","CD_MUNIC":5004502,"NM_MUNIC":"Itaporã","ID_LI":5000319,"CD_LI":5010021,"OCORRENCIA":13,"NM_LI":"Aldeia Indígena Bororó","CD_SETOR":500450205000037,"SITUACAO":"Rural","CD_SIT":8,"CD_TIPO":5.0,"CD_AGLOM":500450200006.0,"NM_AGLOM":"Aldeia Indígena Bororó","CD_TI":7307.0,"TI_FUNAI":11101.0,"NM_TI":"Dourados","FASE":"Regularizada","C_CR_FUNAI":30202002011.0,"N_CR_FUNAI":"Dourados","ALD_FUNAI":38.0,"VAL_FUNAI":1.0,"ALD_SIASI":null,"VAL_SIASI":null,"AMZ_LEG":null,"LAT":-22.15336686114697,"LONG":-54.86273991666668,"fonte":"IBGE, Censo Demográfico 2022, Localidades Indígenas, arquivo atualizado em 19/09/2025","url_fonte":"https://geoftp.ibge.gov.br/organizacao_do_territorio/estrutura_territorial/localidades/localidades_indigenas_2022/"},"geometry":{"coordinates":[-54.86273991666668,-22.15336686114697],"type":"Point"}},{"type":"Feature","properties":{"CD_UF":50,"NM_UF":"Mato Grosso do Sul","CD_MUNIC":5006606,"NM_MUNIC":"Ponta Porã","ID_LI":5000320,"CD_LI":5010029,"OCORRENCIA":2,"NM_LI":"Aldeia Indígena Lima Campo","CD_SETOR":500660605000014,"SITUACAO":"Rural","CD_SIT":8,"CD_TIPO":5.0,"CD_AGLOM":500660600006.0,"NM_AGLOM":"Aldeia Indígena Lima Campo Jatayvary","CD_TI":50643.0,"TI_FUNAI":25601.0,"NM_TI":"Jatayvari","FASE":"Declarada","C_CR_FUNAI":30202002018.0,"N_CR_FUNAI":"Ponta Porã","ALD_FUNAI":null,"VAL_FUNAI":null,"ALD_SIASI":49872.0,"VAL_SIASI":1.0,"AMZ_LEG":null,"LAT":-22.356931222258456,"LONG":-55.28025377777779,"fonte":"IBGE, Censo Demográfico 2022, Localidades Indígenas, arquivo atualizado em 19/09/2025","url_fonte":"https://geoftp.ibge.gov.br/organizacao_do_territorio/estrutura_territorial/localidades/localidades_indigenas_2022/"},"geometry":{"coordinates":[-55.28025377777779,-22.356931222258456],"type":"Point"}},{"type":"Feature","properties":{"CD_UF":50,"NM_UF":"Mato Grosso do Sul","CD_MUNIC":5006903,"NM_MUNIC":"Porto Murtinho","ID_LI":5000321,"CD_LI":5010101,"OCORRENCIA":6,"NM_LI":"Aldeia Indígena Alves de Barros","CD_SETOR":500690305000038,"SITUACAO":"Rural","CD_SIT":8,"CD_TIPO":5.0,"CD_AGLOM":500690300002.0,"NM_AGLOM":"Aldeia Indígena Alves de Barros","CD_TI":3328.0,"TI_FUNAI":20001.0,"NM_TI":"Kadiwéu","FASE":"Regularizada","C_CR_FUNAI":30202002004.0,"N_CR_FUNAI":"Campo Grande","ALD_FUNAI":2959.0,"VAL_FUNAI":1.0,"ALD_SIASI":null,"VAL_SIASI":null,"AMZ_LEG":null,"LAT":-20.426430333366092,"LONG":-56.95409272222222,"fonte":"IBGE, Censo Demográfico 2022, Localidades Indígenas, arquivo atualizado em 19/09/2025","url_fonte":"https://geoftp.ibge.gov.br/organizacao_do_territorio/estrutura_territorial/localidades/localidades_indigenas_2022/"},"geometry":{"coordinates":[-56.95409272222222,-20.426430333366092],"type":"Point"}},{"type":"Feature","properties":{"CD_UF":50,"NM_UF":"Mato Grosso do Sul","CD_MUNIC":5000609,"NM_MUNIC":"Amambai","ID_LI":5000323,"CD_LI":5010136,"OCORRENCIA":35,"NM_LI":"Aldeia Indígena Amambai","CD_SETOR":500060905000078,"SITUACAO":"Rural","CD_SIT":8,"CD_TIPO":5.0,"CD_AGLOM":500060900007.0,"NM_AGLOM":"Aldeia Indígena Amambai","CD_TI":7188.0,"TI_FUNAI":1601.0,"NM_TI":"Amambai","FASE":"Regularizada","C_CR_FUNAI":30202002018.0,"N_CR_FUNAI":"Ponta Porã","ALD_FUNAI":3071.0,"VAL_FUNAI":1.0,"ALD_SIASI":null,"VAL_SIASI":null,"AMZ_LEG":null,"LAT":-23.07389411114866,"LONG":-55.17619186111112,"fonte":"IBGE, Censo Demográfico 2022, Localidades Indígenas, arquivo atualizado em 19/09/2025","url_fonte":"https://geoftp.ibge.gov.br/organizacao_do_territorio/estrutura_territorial/localidades/localidades_indigenas_2022/"},"geometry":{"coordinates":[-55.17619186111112,-23.07389411114866],"type":"Point"}},{"type":"Feature","properties":{"CD_UF":50,"NM_UF":"Mato Grosso do Sul","CD_MUNIC":5000609,"NM_MUNIC":"Amambai","ID_LI":5000324,"CD_LI":5010136,"OCORRENCIA":36,"NM_LI":"Aldeia Indígena Amambai","CD_SETOR":500060905000079,"SITUACAO":"Rural","CD_SIT":8,"CD_TIPO":5.0,"CD_AGLOM":500060900007.0,"NM_AGLOM":"Aldeia Indígena Amambai","CD_TI":7188.0,"TI_FUNAI":1601.0,"NM_TI":"Amambai","FASE":"Regularizada","C_CR_FUNAI":30202002018.0,"N_CR_FUNAI":"Ponta Porã","ALD_FUNAI":3071.0,"VAL_FUNAI":1.0,"ALD_SIASI":null,"VAL_SIASI":null,"AMZ_LEG":null,"LAT":-23.07325927781533,"LONG":-55.162872166666666,"fonte":"IBGE, Censo Demográfico 2022, Localidades Indígenas, arquivo atualizado em 19/09/2025","url_fonte":"https://geoftp.ibge.gov.br/organizacao_do_territorio/estrutura_territorial/localidades/localidades_indigenas_2022/"},"geometry":{"coordinates":[-55.162872166666666,-23.07325927781533],"type":"Point"}},{"type":"Feature","properties":{"CD_UF":50,"NM_UF":"Mato Grosso do Sul","CD_MUNIC":5001102,"NM_MUNIC":"Aquidauana","ID_LI":5000326,"CD_LI":5010135,"OCORRENCIA":8,"NM_LI":"Aldeia Indígena Bananal","CD_SETOR":500110225000019,"SITUACAO":"Rural","CD_SIT":5,"CD_TIPO":5.0,"CD_AGLOM":500110200005.0,"NM_AGLOM":"Aldeia Indígena Bananal","CD_TI":7250.0,"TI_FUNAI":44401.0,"NM_TI":"Taunay-Ipegue","FASE":"Regularizada","C_CR_FUNAI":30202002004.0,"N_CR_FUNAI":"Campo Grande","ALD_FUNAI":null,"VAL_FUNAI":null,"ALD_SIASI":51017.0,"VAL_SIASI":2.0,"AMZ_LEG":null,"LAT":-20.258326500032464,"LONG":-56.0505985,"fonte":"IBGE, Censo Demográfico 2022, Localidades Indígenas, arquivo atualizado em 19/09/2025","url_fonte":"https://geoftp.ibge.gov.br/organizacao_do_territorio/estrutura_territorial/localidades/localidades_indigenas_2022/"},"geometry":{"coordinates":[-56.0505985,-20.258326500032464],"type":"Point"}},{"type":"Feature","properties":{"CD_UF":50,"NM_UF":"Mato Grosso do Sul","CD_MUNIC":5005251,"NM_MUNIC":"Laguna Carapã","ID_LI":5000327,"CD_LI":5010154,"OCORRENCIA":3,"NM_LI":"Aldeia Indígena Rancho Jacaré","CD_SETOR":500525105000010,"SITUACAO":"Rural","CD_SIT":8,"CD_TIPO":5.0,"CD_AGLOM":500525100003.0,"NM_AGLOM":"Aldeia Indígena Rancho Jacaré","CD_TI":7145.0,"TI_FUNAI":37801.0,"NM_TI":"Rancho Jacaré","FASE":"Regularizada","C_CR_FUNAI":30202002018.0,"N_CR_FUNAI":"Ponta Porã","ALD_FUNAI":null,"VAL_FUNAI":null,"ALD_SIASI":null,"VAL_SIASI":null,"AMZ_LEG":null,"LAT":-22.845282666703792,"LONG":-55.10307011111111,"fonte":"IBGE, Censo Demográfico 2022, Localidades Indígenas, arquivo atualizado em 19/09/2025","url_fonte":"https://geoftp.ibge.gov.br/organizacao_do_territorio/estrutura_territorial/localidades/localidades_indigenas_2022/"},"geometry":{"coordinates":[-55.10307011111111,-22.845282666703792],"type":"Point"}},{"type":"Feature","properties":{"CD_UF":50,"NM_UF":"Mato Grosso do Sul","CD_MUNIC":5000906,"NM_MUNIC":"Antônio João","ID_LI":5000328,"CD_LI":5010070,"OCORRENCIA":7,"NM_LI":"Aldeia Ñanderu Marangatu","CD_SETOR":500090610000006,"SITUACAO":"Rural","CD_SIT":8,"CD_TIPO":null,"CD_AGLOM":500090600002.0,"NM_AGLOM":"Aldeia Indígena Marangatu","CD_TI":50166.0,"TI_FUNAI":30301.0,"NM_TI":"Ñande Ru Marangatu","FASE":"Declarada","C_CR_FUNAI":30202002018.0,"N_CR_FUNAI":"Ponta Porã","ALD_FUNAI":3184.0,"VAL_FUNAI":1.0,"ALD_SIASI":49928.0,"VAL_SIASI":1.0,"AMZ_LEG":null,"LAT":-22.23790605559157,"LONG":-56.07213436111111,"fonte":"IBGE, Censo Demográfico 2022, Localidades Indígenas, arquivo atualizado em 19/09/2025","url_fonte":"https://geoftp.ibge.gov.br/organizacao_do_territorio/estrutura_territorial/localidades/localidades_indigenas_2022/"},"geometry":{"coordinates":[-56.07213436111111,-22.23790605559157],"type":"Point"}},{"type":"Feature","properties":{"CD_UF":50,"NM_UF":"Mato Grosso do Sul","CD_MUNIC":5005806,"NM_MUNIC":"Nioaque","ID_LI":5000329,"CD_LI":5010018,"OCORRENCIA":4,"NM_LI":"Aldeia Indígena Brejão","CD_SETOR":500580605000046,"SITUACAO":"Rural","CD_SIT":8,"CD_TIPO":5.0,"CD_AGLOM":500580600017.0,"NM_AGLOM":"Aldeia Indígena Brejão","CD_TI":7234.0,"TI_FUNAI":30601.0,"NM_TI":"Nioaque","FASE":"Regularizada","C_CR_FUNAI":30202002004.0,"N_CR_FUNAI":"Campo Grande","ALD_FUNAI":2964.0,"VAL_FUNAI":1.0,"ALD_SIASI":null,"VAL_SIASI":null,"AMZ_LEG":null,"LAT":-21.15108963892294,"LONG":-55.713774055555554,"fonte":"IBGE, Censo Demográfico 2022, Localidades Indígenas, arquivo atualizado em 19/09/2025","url_fonte":"https://geoftp.ibge.gov.br/organizacao_do_territorio/estrutura_territorial/localidades/localidades_indigenas_2022/"},"geometry":{"coordinates":[-55.713774055555554,-21.15108963892294],"type":"Point"}},{"type":"Feature","properties":{"CD_UF":50,"NM_UF":"Mato Grosso do Sul","CD_MUNIC":5006358,"NM_MUNIC":"Paranhos","ID_LI":5000331,"CD_LI":5010060,"OCORRENCIA":4,"NM_LI":"Aldeia Indígena Pirajuy","CD_SETOR":500635805000023,"SITUACAO":"Rural","CD_SIT":8,"CD_TIPO":5.0,"CD_AGLOM":500635800011.0,"NM_AGLOM":"Aldeia Indígena Pirajuí","CD_TI":7170.0,"TI_FUNAI":35901.0,"NM_TI":"Pirajuí","FASE":"Regularizada","C_CR_FUNAI":30202002018.0,"N_CR_FUNAI":"Ponta Porã","ALD_FUNAI":3111.0,"VAL_FUNAI":1.0,"ALD_SIASI":null,"VAL_SIASI":null,"AMZ_LEG":null,"LAT":-23.933994805594704,"LONG":-55.29080616666667,"fonte":"IBGE, Censo Demográfico 2022, Localidades Indígenas, arquivo atualizado em 19/09/2025","url_fonte":"https://geoftp.ibge.gov.br/organizacao_do_territorio/estrutura_territorial/localidades/localidades_indigenas_2022/"},"geometry":{"coordinates":[-55.29080616666667,-23.933994805594704],"type":"Point"}},{"type":"Feature","properties":{"CD_UF":50,"NM_UF":"Mato Grosso do Sul","CD_MUNIC":5006358,"NM_MUNIC":"Paranhos","ID_LI":5000332,"CD_LI":5010010,"OCORRENCIA":3,"NM_LI":"Aldeia Indígena Arroio Kora","CD_SETOR":500635805000015,"SITUACAO":"Rural","CD_SIT":8,"CD_TIPO":5.0,"CD_AGLOM":500635800004.0,"NM_AGLOM":"Aldeia Indígena Arroio Cora","CD_TI":50644.0,"TI_FUNAI":4401.0,"NM_TI":"Arroio-Korá","FASE":"Homologada","C_CR_FUNAI":30202002018.0,"N_CR_FUNAI":"Ponta Porã","ALD_FUNAI":3074.0,"VAL_FUNAI":1.0,"ALD_SIASI":null,"VAL_SIASI":null,"AMZ_LEG":null,"LAT":-23.675808472260883,"LONG":-55.23322647222222,"fonte":"IBGE, Censo Demográfico 2022, Localidades Indígenas, arquivo atualizado em 19/09/2025","url_fonte":"https://geoftp.ibge.gov.br/organizacao_do_territorio/estrutura_territorial/localidades/localidades_indigenas_2022/"},"geometry":{"coordinates":[-55.23322647222222,-23.675808472260883],"type":"Point"}},{"type":"Feature","properties":{"CD_UF":50,"NM_UF":"Mato Grosso do Sul","CD_MUNIC":5006358,"NM_MUNIC":"Paranhos","ID_LI":5000333,"CD_LI":5010060,"OCORRENCIA":5,"NM_LI":"Aldeia Indígena Pirajuy","CD_SETOR":500635805000023,"SITUACAO":"Rural","CD_SIT":8,"CD_TIPO":5.0,"CD_AGLOM":500635800011.0,"NM_AGLOM":"Aldeia Indígena Pirajuí","CD_TI":7170.0,"TI_FUNAI":35901.0,"NM_TI":"Pirajuí","FASE":"Regularizada","C_CR_FUNAI":30202002018.0,"N_CR_FUNAI":"Ponta Porã","ALD_FUNAI":3111.0,"VAL_FUNAI":1.0,"ALD_SIASI":null,"VAL_SIASI":null,"AMZ_LEG":null,"LAT":-23.94096291670583,"LONG":-55.28768775,"fonte":"IBGE, Censo Demográfico 2022, Localidades Indígenas, arquivo atualizado em 19/09/2025","url_fonte":"https://geoftp.ibge.gov.br/organizacao_do_territorio/estrutura_territorial/localidades/localidades_indigenas_2022/"},"geometry":{"coordinates":[-55.28768775,-23.94096291670583],"type":"Point"}},{"type":"Feature","properties":{"CD_UF":50,"NM_UF":"Mato Grosso do Sul","CD_MUNIC":5006358,"NM_MUNIC":"Paranhos","ID_LI":5000334,"CD_LI":5010025,"OCORRENCIA":7,"NM_LI":"Aldeia Indígena Paraguaçu / Yvykuarusu","CD_SETOR":500635805000010,"SITUACAO":"Rural","CD_SIT":8,"CD_TIPO":5.0,"CD_AGLOM":500635800012.0,"NM_AGLOM":"Aldeia Indígena Paraguaçu ou Yvykuarusu","CD_TI":6530.0,"TI_FUNAI":43901.0,"NM_TI":"Takuaraty/Yvykuarusu","FASE":"Homologada","C_CR_FUNAI":30202002018.0,"N_CR_FUNAI":"Ponta Porã","ALD_FUNAI":3186.0,"VAL_FUNAI":1.0,"ALD_SIASI":null,"VAL_SIASI":null,"AMZ_LEG":null,"LAT":-23.788086083372203,"LONG":-55.18671613888889,"fonte":"IBGE, Censo Demográfico 2022, Localidades Indígenas, arquivo atualizado em 19/09/2025","url_fonte":"https://geoftp.ibge.gov.br/organizacao_do_territorio/estrutura_territorial/localidades/localidades_indigenas_2022/"},"geometry":{"coordinates":[-55.18671613888889,-23.788086083372203],"type":"Point"}},{"type":"Feature","properties":{"CD_UF":50,"NM_UF":"Mato Grosso do Sul","CD_MUNIC":5002407,"NM_MUNIC":"Caarapó","ID_LI":5000335,"CD_LI":5010006,"OCORRENCIA":13,"NM_LI":"Aldeia Indígena Te'ýi Kuê","CD_SETOR":500240705000046,"SITUACAO":"Rural","CD_SIT":8,"CD_TIPO":5.0,"CD_AGLOM":500240700005.0,"NM_AGLOM":"Aldeia Indígena Te Yi Kuê","CD_TI":7293.0,"TI_FUNAI":7201.0,"NM_TI":"Caarapó","FASE":"Regularizada","C_CR_FUNAI":30202002011.0,"N_CR_FUNAI":"Dourados","ALD_FUNAI":418.0,"VAL_FUNAI":1.0,"ALD_SIASI":null,"VAL_SIASI":null,"AMZ_LEG":null,"LAT":-22.59261794448111,"LONG":-54.97599761111111,"fonte":"IBGE, Censo Demográfico 2022, Localidades Indígenas, arquivo atualizado em 19/09/2025","url_fonte":"https://geoftp.ibge.gov.br/organizacao_do_territorio/estrutura_territorial/localidades/localidades_indigenas_2022/"},"geometry":{"coordinates":[-54.97599761111111,-22.59261794448111],"type":"Point"}},{"type":"Feature","properties":{"CD_UF":50,"NM_UF":"Mato Grosso do Sul","CD_MUNIC":5001102,"NM_MUNIC":"Aquidauana","ID_LI":5000336,"CD_LI":5010119,"OCORRENCIA":5,"NM_LI":"Aldeia Indígena Água Branca","CD_SETOR":500110225000006,"SITUACAO":"Rural","CD_SIT":8,"CD_TIPO":5.0,"CD_AGLOM":500110200004.0,"NM_AGLOM":"Aldeia Indígena Água Branca","CD_TI":7250.0,"TI_FUNAI":44401.0,"NM_TI":"Taunay-Ipegue","FASE":"Regularizada","C_CR_FUNAI":30202002004.0,"N_CR_FUNAI":"Campo Grande","ALD_FUNAI":2976.0,"VAL_FUNAI":1.0,"ALD_SIASI":48456.0,"VAL_SIASI":2.0,"AMZ_LEG":null,"LAT":-20.279874083365836,"LONG":-56.05444216666666,"fonte":"IBGE, Censo Demográfico 2022, Localidades Indígenas, arquivo atualizado em 19/09/2025","url_fonte":"https://geoftp.ibge.gov.br/organizacao_do_territorio/estrutura_territorial/localidades/localidades_indigenas_2022/"},"geometry":{"coordinates":[-56.05444216666666,-20.279874083365836],"type":"Point"}},{"type":"Feature","properties":{"CD_UF":50,"NM_UF":"Mato Grosso do Sul","CD_MUNIC":5000609,"NM_MUNIC":"Amambai","ID_LI":5000337,"CD_LI":5010037,"OCORRENCIA":11,"NM_LI":"Aldeia Indígena Limão Verde","CD_SETOR":500060905000096,"SITUACAO":"Rural","CD_SIT":8,"CD_TIPO":5.0,"CD_AGLOM":500060900001.0,"NM_AGLOM":"Aldeia Indígena Limão Verde","CD_TI":7129.0,"TI_FUNAI":801.0,"NM_TI":"Aldeia Limão Verde","FASE":"Regularizada","C_CR_FUNAI":30202002018.0,"N_CR_FUNAI":"Ponta Porã","ALD_FUNAI":3073.0,"VAL_FUNAI":1.0,"ALD_SIASI":51838.0,"VAL_SIASI":1.0,"AMZ_LEG":null,"LAT":-23.188545805593314,"LONG":-55.210784833333335,"fonte":"IBGE, Censo Demográfico 2022, Localidades Indígenas, arquivo atualizado em 19/09/2025","url_fonte":"https://geoftp.ibge.gov.br/organizacao_do_territorio/estrutura_territorial/localidades/localidades_indigenas_2022/"},"geometry":{"coordinates":[-55.210784833333335,-23.188545805593314],"type":"Point"}},{"type":"Feature","properties":{"CD_UF":50,"NM_UF":"Mato Grosso do Sul","CD_MUNIC":5003488,"NM_MUNIC":"Dois Irmãos do Buriti","ID_LI":5000339,"CD_LI":5010017,"OCORRENCIA":12,"NM_LI":"Aldeia Indígena Buriti","CD_SETOR":500348805000022,"SITUACAO":"Rural","CD_SIT":8,"CD_TIPO":5.0,"CD_AGLOM":500348800006.0,"NM_AGLOM":"Aldeia Indígena Buriti","CD_TI":50157.0,"TI_FUNAI":7001.0,"NM_TI":"Buriti","FASE":"Regularizada","C_CR_FUNAI":30202002004.0,"N_CR_FUNAI":"Campo Grande","ALD_FUNAI":null,"VAL_FUNAI":null,"ALD_SIASI":null,"VAL_SIASI":null,"AMZ_LEG":null,"LAT":-20.85336808336685,"LONG":-55.182957944444446,"fonte":"IBGE, Censo Demográfico 2022, Localidades Indígenas, arquivo atualizado em 19/09/2025","url_fonte":"https://geoftp.ibge.gov.br/organizacao_do_territorio/estrutura_territorial/localidades/localidades_indigenas_2022/"},"geometry":{"coordinates":[-55.182957944444446,-20.85336808336685],"type":"Point"}},{"type":"Feature","properties":{"CD_UF":50,"NM_UF":"Mato Grosso do Sul","CD_MUNIC":5005400,"NM_MUNIC":"Maracaju","ID_LI":5000342,"CD_LI":5010020,"OCORRENCIA":1,"NM_LI":"Aldeia Indígena Sucuriy","CD_SETOR":500540005000031,"SITUACAO":"Rural","CD_SIT":8,"CD_TIPO":5.0,"CD_AGLOM":500540000008.0,"NM_AGLOM":"Aldeia Indígena Sucuriy","CD_TI":50171.0,"TI_FUNAI":43401.0,"NM_TI":"Sucuriy","FASE":"Regularizada","C_CR_FUNAI":30202002011.0,"N_CR_FUNAI":"Dourados","ALD_FUNAI":35.0,"VAL_FUNAI":1.0,"ALD_SIASI":null,"VAL_SIASI":null,"AMZ_LEG":null,"LAT":-21.648612916701616,"LONG":-55.11297172222221,"fonte":"IBGE, Censo Demográfico 2022, Localidades Indígenas, arquivo atualizado em 19/09/2025","url_fonte":"https://geoftp.ibge.gov.br/organizacao_do_territorio/estrutura_territorial/localidades/localidades_indigenas_2022/"},"geometry":{"coordinates":[-55.11297172222221,-21.648612916701616],"type":"Point"}},{"type":"Feature","properties":{"CD_UF":50,"NM_UF":"Mato Grosso do Sul","CD_MUNIC":5005251,"NM_MUNIC":"Laguna Carapã","ID_LI":5000343,"CD_LI":5010013,"OCORRENCIA":6,"NM_LI":"Aldeia Indígena Guaimbé","CD_SETOR":500525105000011,"SITUACAO":"Rural","CD_SIT":8,"CD_TIPO":5.0,"CD_AGLOM":500525100004.0,"NM_AGLOM":"Aldeia Indígena Guaimbé","CD_TI":7137.0,"TI_FUNAI":13701.0,"NM_TI":"Guaimbé","FASE":"Regularizada","C_CR_FUNAI":30202002018.0,"N_CR_FUNAI":"Ponta Porã","ALD_FUNAI":null,"VAL_FUNAI":null,"ALD_SIASI":null,"VAL_SIASI":null,"AMZ_LEG":null,"LAT":-22.840808583370453,"LONG":-55.197820694444445,"fonte":"IBGE, Censo Demográfico 2022, Localidades Indígenas, arquivo atualizado em 19/09/2025","url_fonte":"https://geoftp.ibge.gov.br/organizacao_do_territorio/estrutura_territorial/localidades/localidades_indigenas_2022/"},"geometry":{"coordinates":[-55.197820694444445,-22.840808583370453],"type":"Point"}},{"type":"Feature","properties":{"CD_UF":50,"NM_UF":"Mato Grosso do Sul","CD_MUNIC":5005608,"NM_MUNIC":"Miranda","ID_LI":5000344,"CD_LI":5010120,"OCORRENCIA":2,"NM_LI":"Aldeia Indígena Lagoinha","CD_SETOR":500560805000064,"SITUACAO":"Rural","CD_SIT":5,"CD_TIPO":5.0,"CD_AGLOM":500560800013.0,"NM_AGLOM":"Aldeia Indígena Lagoinha","CD_TI":7285.0,"TI_FUNAI":7701.0,"NM_TI":"Cachoeirinha","FASE":"Regularizada","C_CR_FUNAI":30202002004.0,"N_CR_FUNAI":"Campo Grande","ALD_FUNAI":2953.0,"VAL_FUNAI":1.0,"ALD_SIASI":50271.0,"VAL_SIASI":1.0,"AMZ_LEG":null,"LAT":-20.198155000032354,"LONG":-56.25241997222222,"fonte":"IBGE, Censo Demográfico 2022, Localidades Indígenas, arquivo atualizado em 19/09/2025","url_fonte":"https://geoftp.ibge.gov.br/organizacao_do_territorio/estrutura_territorial/localidades/localidades_indigenas_2022/"},"geometry":{"coordinates":[-56.25241997222222,-20.198155000032354],"type":"Point"}},{"type":"Feature","properties":{"CD_UF":50,"NM_UF":"Mato Grosso do Sul","CD_MUNIC":5000609,"NM_MUNIC":"Amambai","ID_LI":5000345,"CD_LI":5010038,"OCORRENCIA":3,"NM_LI":"Aldeia Indígena Jaguary","CD_SETOR":500060905000040,"SITUACAO":"Rural","CD_SIT":8,"CD_TIPO":5.0,"CD_AGLOM":500060900008.0,"NM_AGLOM":"Aldeia Indígena Jaguari","CD_TI":43005.0,"TI_FUNAI":18201.0,"NM_TI":"Jaguari","FASE":"Regularizada","C_CR_FUNAI":30202002018.0,"N_CR_FUNAI":"Ponta Porã","ALD_FUNAI":3104.0,"VAL_FUNAI":1.0,"ALD_SIASI":51019.0,"VAL_SIASI":1.0,"AMZ_LEG":null,"LAT":-23.059369500037523,"LONG":-54.91484230555556,"fonte":"IBGE, Censo Demográfico 2022, Localidades Indígenas, arquivo atualizado em 19/09/2025","url_fonte":"https://geoftp.ibge.gov.br/organizacao_do_territorio/estrutura_territorial/localidades/localidades_indigenas_2022/"},"geometry":{"coordinates":[-54.91484230555556,-23.059369500037523],"type":"Point"}},{"type":"Feature","properties":{"CD_UF":50,"NM_UF":"Mato Grosso do Sul","CD_MUNIC":5005806,"NM_MUNIC":"Nioaque","ID_LI":5000346,"CD_LI":5010083,"OCORRENCIA":4,"NM_LI":"Aldeia Indígena Água Branca","CD_SETOR":500580605000044,"SITUACAO":"Rural","CD_SIT":8,"CD_TIPO":5.0,"CD_AGLOM":500580600015.0,"NM_AGLOM":"Aldeia Indígena Água Branca","CD_TI":7234.0,"TI_FUNAI":30601.0,"NM_TI":"Nioaque","FASE":"Regularizada","C_CR_FUNAI":30202002004.0,"N_CR_FUNAI":"Campo Grande","ALD_FUNAI":null,"VAL_FUNAI":null,"ALD_SIASI":null,"VAL_SIASI":null,"AMZ_LEG":null,"LAT":-21.151349861145167,"LONG":-55.76931511111111,"fonte":"IBGE, Censo Demográfico 2022, Localidades Indígenas, arquivo atualizado em 19/09/2025","url_fonte":"https://geoftp.ibge.gov.br/organizacao_do_territorio/estrutura_territorial/localidades/localidades_indigenas_2022/"},"geometry":{"coordinates":[-55.76931511111111,-21.151349861145167],"type":"Point"}},{"type":"Feature","properties":{"CD_UF":50,"NM_UF":"Mato Grosso do Sul","CD_MUNIC":5002407,"NM_MUNIC":"Caarapó","ID_LI":5000347,"CD_LI":5010006,"OCORRENCIA":14,"NM_LI":"Aldeia Indígena Te'ýi Kuê","CD_SETOR":500240720000006,"SITUACAO":"Rural","CD_SIT":8,"CD_TIPO":5.0,"CD_AGLOM":500240700005.0,"NM_AGLOM":"Aldeia Indígena Te Yi Kuê","CD_TI":7293.0,"TI_FUNAI":7201.0,"NM_TI":"Caarapó","FASE":"Regularizada","C_CR_FUNAI":30202002011.0,"N_CR_FUNAI":"Dourados","ALD_FUNAI":418.0,"VAL_FUNAI":1.0,"ALD_SIASI":null,"VAL_SIASI":null,"AMZ_LEG":null,"LAT":-22.5872529716768,"LONG":-54.996539944429,"fonte":"IBGE, Censo Demográfico 2022, Localidades Indígenas, arquivo atualizado em 19/09/2025","url_fonte":"https://geoftp.ibge.gov.br/organizacao_do_territorio/estrutura_territorial/localidades/localidades_indigenas_2022/"},"geometry":{"coordinates":[-54.996539944429,-22.5872529716768],"type":"Point"}},{"type":"Feature","properties":{"CD_UF":50,"NM_UF":"Mato Grosso do Sul","CD_MUNIC":5006358,"NM_MUNIC":"Paranhos","ID_LI":5000348,"CD_LI":5010010,"OCORRENCIA":4,"NM_LI":"Aldeia Indígena Arroio Kora","CD_SETOR":500635805000015,"SITUACAO":"Rural","CD_SIT":8,"CD_TIPO":5.0,"CD_AGLOM":500635800004.0,"NM_AGLOM":"Aldeia Indígena Arroio Cora","CD_TI":50644.0,"TI_FUNAI":4401.0,"NM_TI":"Arroio-Korá","FASE":"Homologada","C_CR_FUNAI":30202002018.0,"N_CR_FUNAI":"Ponta Porã","ALD_FUNAI":3074.0,"VAL_FUNAI":1.0,"ALD_SIASI":null,"VAL_SIASI":null,"AMZ_LEG":null,"LAT":-23.692100805594247,"LONG":-55.26153605555555,"fonte":"IBGE, Censo Demográfico 2022, Localidades Indígenas, arquivo atualizado em 19/09/2025","url_fonte":"https://geoftp.ibge.gov.br/organizacao_do_territorio/estrutura_territorial/localidades/localidades_indigenas_2022/"},"geometry":{"coordinates":[-55.26153605555555,-23.692100805594247],"type":"Point"}},{"type":"Feature","properties":{"CD_UF":50,"NM_UF":"Mato Grosso do Sul","CD_MUNIC":5006358,"NM_MUNIC":"Paranhos","ID_LI":5000349,"CD_LI":5010010,"OCORRENCIA":5,"NM_LI":"Aldeia Indígena Arroio Kora","CD_SETOR":500635805000015,"SITUACAO":"Rural","CD_SIT":8,"CD_TIPO":5.0,"CD_AGLOM":500635800004.0,"NM_AGLOM":"Aldeia Indígena Arroio Cora","CD_TI":50644.0,"TI_FUNAI":4401.0,"NM_TI":"Arroio-Korá","FASE":"Homologada","C_CR_FUNAI":30202002018.0,"N_CR_FUNAI":"Ponta Porã","ALD_FUNAI":3074.0,"VAL_FUNAI":1.0,"ALD_SIASI":null,"VAL_SIASI":null,"AMZ_LEG":null,"LAT":-23.68079836114979,"LONG":-55.24274341666667,"fonte":"IBGE, Censo Demográfico 2022, Localidades Indígenas, arquivo atualizado em 19/09/2025","url_fonte":"https://geoftp.ibge.gov.br/organizacao_do_territorio/estrutura_territorial/localidades/localidades_indigenas_2022/"},"geometry":{"coordinates":[-55.24274341666667,-23.68079836114979],"type":"Point"}},{"type":"Feature","properties":{"CD_UF":50,"NM_UF":"Mato Grosso do Sul","CD_MUNIC":5000609,"NM_MUNIC":"Amambai","ID_LI":5000350,"CD_LI":5010136,"OCORRENCIA":37,"NM_LI":"Aldeia Indígena Amambai","CD_SETOR":500060905000078,"SITUACAO":"Rural","CD_SIT":8,"CD_TIPO":5.0,"CD_AGLOM":500060900007.0,"NM_AGLOM":"Aldeia Indígena Amambai","CD_TI":7188.0,"TI_FUNAI":1601.0,"NM_TI":"Amambai","FASE":"Regularizada","C_CR_FUNAI":30202002018.0,"N_CR_FUNAI":"Ponta Porã","ALD_FUNAI":3071.0,"VAL_FUNAI":1.0,"ALD_SIASI":null,"VAL_SIASI":null,"AMZ_LEG":null,"LAT":-23.07811555559311,"LONG":-55.1714128611111,"fonte":"IBGE, Censo Demográfico 2022, Localidades Indígenas, arquivo atualizado em 19/09/2025","url_fonte":"https://geoftp.ibge.gov.br/organizacao_do_territorio/estrutura_territorial/localidades/localidades_indigenas_2022/"},"geometry":{"coordinates":[-55.1714128611111,-23.07811555559311],"type":"Point"}},{"type":"Feature","properties":{"CD_UF":50,"NM_UF":"Mato Grosso do Sul","CD_MUNIC":5004809,"NM_MUNIC":"Japorã","ID_LI":5000351,"CD_LI":5010040,"OCORRENCIA":1,"NM_LI":"Aldeia Indígena Yvy-Katu","CD_SETOR":500480905000004,"SITUACAO":"Rural","CD_SIT":8,"CD_TIPO":null,"CD_AGLOM":500480900004.0,"NM_AGLOM":"Aldeia Indígena Yvy-Katu","CD_TI":50739.0,"TI_FUNAI":36702.0,"NM_TI":"Yvy-Katu","FASE":"Declarada","C_CR_FUNAI":30202002018.0,"N_CR_FUNAI":"Ponta Porã","ALD_FUNAI":3100.0,"VAL_FUNAI":1.0,"ALD_SIASI":null,"VAL_SIASI":null,"AMZ_LEG":null,"LAT":-23.777347388927744,"LONG":-54.509608166666666,"fonte":"IBGE, Censo Demográfico 2022, Localidades Indígenas, arquivo atualizado em 19/09/2025","url_fonte":"https://geoftp.ibge.gov.br/organizacao_do_territorio/estrutura_territorial/localidades/localidades_indigenas_2022/"},"geometry":{"coordinates":[-54.509608166666666,-23.777347388927744],"type":"Point"}},{"type":"Feature","properties":{"CD_UF":50,"NM_UF":"Mato Grosso do Sul","CD_MUNIC":5007950,"NM_MUNIC":"Tacuru","ID_LI":5000352,"CD_LI":5010034,"OCORRENCIA":15,"NM_LI":"Aldeia Indígena Sassoró","CD_SETOR":500795005000013,"SITUACAO":"Rural","CD_SIT":8,"CD_TIPO":5.0,"CD_AGLOM":500795000004.0,"NM_AGLOM":"Aldeia Indígena Sassoró","CD_TI":7200.0,"TI_FUNAI":42201.0,"NM_TI":"Sassoró","FASE":"Regularizada","C_CR_FUNAI":30202002018.0,"N_CR_FUNAI":"Ponta Porã","ALD_FUNAI":3101.0,"VAL_FUNAI":1.0,"ALD_SIASI":null,"VAL_SIASI":null,"AMZ_LEG":null,"LAT":-23.60071333337186,"LONG":-54.776005,"fonte":"IBGE, Censo Demográfico 2022, Localidades Indígenas, arquivo atualizado em 19/09/2025","url_fonte":"https://geoftp.ibge.gov.br/organizacao_do_territorio/estrutura_territorial/localidades/localidades_indigenas_2022/"},"geometry":{"coordinates":[-54.776005,-23.60071333337186],"type":"Point"}},{"type":"Feature","properties":{"CD_UF":50,"NM_UF":"Mato Grosso do Sul","CD_MUNIC":5007950,"NM_MUNIC":"Tacuru","ID_LI":5000353,"CD_LI":5010034,"OCORRENCIA":16,"NM_LI":"Aldeia Indígena Sassoró","CD_SETOR":500795005000019,"SITUACAO":"Rural","CD_SIT":8,"CD_TIPO":5.0,"CD_AGLOM":500795000004.0,"NM_AGLOM":"Aldeia Indígena Sassoró","CD_TI":7200.0,"TI_FUNAI":42201.0,"NM_TI":"Sassoró","FASE":"Regularizada","C_CR_FUNAI":30202002018.0,"N_CR_FUNAI":"Ponta Porã","ALD_FUNAI":3101.0,"VAL_FUNAI":1.0,"ALD_SIASI":null,"VAL_SIASI":null,"AMZ_LEG":null,"LAT":-23.58184180559405,"LONG":-54.7750253888889,"fonte":"IBGE, Censo Demográfico 2022, Localidades Indígenas, arquivo atualizado em 19/09/2025","url_fonte":"https://geoftp.ibge.gov.br/organizacao_do_territorio/estrutura_territorial/localidades/localidades_indigenas_2022/"},"geometry":{"coordinates":[-54.7750253888889,-23.58184180559405],"type":"Point"}},{"type":"Feature","properties":{"CD_UF":50,"NM_UF":"Mato Grosso do Sul","CD_MUNIC":5005608,"NM_MUNIC":"Miranda","ID_LI":5000354,"CD_LI":5010104,"OCORRENCIA":12,"NM_LI":"Aldeia Indígena Babaçú","CD_SETOR":500560805000063,"SITUACAO":"Rural","CD_SIT":5,"CD_TIPO":5.0,"CD_AGLOM":500560800012.0,"NM_AGLOM":"Aldeia Indígena Babaçu","CD_TI":7285.0,"TI_FUNAI":7701.0,"NM_TI":"Cachoeirinha","FASE":"Regularizada","C_CR_FUNAI":30202002004.0,"N_CR_FUNAI":"Campo Grande","ALD_FUNAI":null,"VAL_FUNAI":null,"ALD_SIASI":51846.0,"VAL_SIASI":1.0,"AMZ_LEG":null,"LAT":-20.2069664722546,"LONG":-56.283831388888885,"fonte":"IBGE, Censo Demográfico 2022, Localidades Indígenas, arquivo atualizado em 19/09/2025","url_fonte":"https://geoftp.ibge.gov.br/organizacao_do_territorio/estrutura_territorial/localidades/localidades_indigenas_2022/"},"geometry":{"coordinates":[-56.283831388888885,-20.2069664722546],"type":"Point"}},{"type":"Feature","properties":{"CD_UF":50,"NM_UF":"Mato Grosso do Sul","CD_MUNIC":5004502,"NM_MUNIC":"Itaporã","ID_LI":5000355,"CD_LI":5010021,"OCORRENCIA":14,"NM_LI":"Aldeia Indígena Bororó","CD_SETOR":500450205000041,"SITUACAO":"Rural","CD_SIT":8,"CD_TIPO":5.0,"CD_AGLOM":500450200006.0,"NM_AGLOM":"Aldeia Indígena Bororó","CD_TI":7307.0,"TI_FUNAI":11101.0,"NM_TI":"Dourados","FASE":"Regularizada","C_CR_FUNAI":30202002011.0,"N_CR_FUNAI":"Dourados","ALD_FUNAI":38.0,"VAL_FUNAI":1.0,"ALD_SIASI":null,"VAL_SIASI":null,"AMZ_LEG":null,"LAT":-22.16555713892477,"LONG":-54.87462250000001,"fonte":"IBGE, Censo Demográfico 2022, Localidades Indígenas, arquivo atualizado em 19/09/2025","url_fonte":"https://geoftp.ibge.gov.br/organizacao_do_territorio/estrutura_territorial/localidades/localidades_indigenas_2022/"},"geometry":{"coordinates":[-54.87462250000001,-22.16555713892477],"type":"Point"}},{"type":"Feature","properties":{"CD_UF":50,"NM_UF":"Mato Grosso do Sul","CD_MUNIC":5004502,"NM_MUNIC":"Itaporã","ID_LI":5000356,"CD_LI":5010021,"OCORRENCIA":15,"NM_LI":"Aldeia Indigena Bororo","CD_SETOR":500450205000039,"SITUACAO":"Rural","CD_SIT":8,"CD_TIPO":5.0,"CD_AGLOM":500450200006.0,"NM_AGLOM":"Aldeia Indígena Bororó","CD_TI":7307.0,"TI_FUNAI":11101.0,"NM_TI":"Dourados","FASE":"Regularizada","C_CR_FUNAI":30202002011.0,"N_CR_FUNAI":"Dourados","ALD_FUNAI":38.0,"VAL_FUNAI":1.0,"ALD_SIASI":null,"VAL_SIASI":null,"AMZ_LEG":null,"LAT":-22.1751951567968,"LONG":-54.8463019353494,"fonte":"IBGE, Censo Demográfico 2022, Localidades Indígenas, arquivo atualizado em 19/09/2025","url_fonte":"https://geoftp.ibge.gov.br/organizacao_do_territorio/estrutura_territorial/localidades/localidades_indigenas_2022/"},"geometry":{"coordinates":[-54.8463019353494,-22.1751951567968],"type":"Point"}},{"type":"Feature","properties":{"CD_UF":50,"NM_UF":"Mato Grosso do Sul","CD_MUNIC":5006358,"NM_MUNIC":"Paranhos","ID_LI":5000358,"CD_LI":5010091,"OCORRENCIA":1,"NM_LI":"Aldeia Indígena Sete Cerros","CD_SETOR":500635805000008,"SITUACAO":"Rural","CD_SIT":8,"CD_TIPO":5.0,"CD_AGLOM":500635800010.0,"NM_AGLOM":"Aldeia Indígena Sete Cerros","CD_TI":6521.0,"TI_FUNAI":42901.0,"NM_TI":"Sete Cerros","FASE":"Homologada","C_CR_FUNAI":30202002018.0,"N_CR_FUNAI":"Ponta Porã","ALD_FUNAI":3110.0,"VAL_FUNAI":1.0,"ALD_SIASI":null,"VAL_SIASI":null,"AMZ_LEG":null,"LAT":-23.577370777816256,"LONG":-55.49716761111111,"fonte":"IBGE, Censo Demográfico 2022, Localidades Indígenas, arquivo atualizado em 19/09/2025","url_fonte":"https://geoftp.ibge.gov.br/organizacao_do_territorio/estrutura_territorial/localidades/localidades_indigenas_2022/"},"geometry":{"coordinates":[-55.49716761111111,-23.577370777816256],"type":"Point"}},{"type":"Feature","properties":{"CD_UF":50,"NM_UF":"Mato Grosso do Sul","CD_MUNIC":5006358,"NM_MUNIC":"Paranhos","ID_LI":5000359,"CD_LI":5010025,"OCORRENCIA":8,"NM_LI":"Aldeia Indígena Paraguaçu / Yvykuarusu","CD_SETOR":500635805000010,"SITUACAO":"Rural","CD_SIT":8,"CD_TIPO":5.0,"CD_AGLOM":500635800012.0,"NM_AGLOM":"Aldeia Indígena Paraguaçu ou Yvykuarusu","CD_TI":6530.0,"TI_FUNAI":43901.0,"NM_TI":"Takuaraty/Yvykuarusu","FASE":"Homologada","C_CR_FUNAI":30202002018.0,"N_CR_FUNAI":"Ponta Porã","ALD_FUNAI":3186.0,"VAL_FUNAI":1.0,"ALD_SIASI":null,"VAL_SIASI":null,"AMZ_LEG":null,"LAT":-23.770342222261068,"LONG":-55.17484947222222,"fonte":"IBGE, Censo Demográfico 2022, Localidades Indígenas, arquivo atualizado em 19/09/2025","url_fonte":"https://geoftp.ibge.gov.br/organizacao_do_territorio/estrutura_territorial/localidades/localidades_indigenas_2022/"},"geometry":{"coordinates":[-55.17484947222222,-23.770342222261068],"type":"Point"}},{"type":"Feature","properties":{"CD_UF":50,"NM_UF":"Mato Grosso do Sul","CD_MUNIC":5004809,"NM_MUNIC":"Japorã","ID_LI":5000360,"CD_LI":5010040,"OCORRENCIA":2,"NM_LI":"Aldeia Indígena Yvy-Katu","CD_SETOR":500480905000010,"SITUACAO":"Rural","CD_SIT":8,"CD_TIPO":5.0,"CD_AGLOM":500480900004.0,"NM_AGLOM":"Aldeia Indígena Yvy-Katu","CD_TI":50739.0,"TI_FUNAI":36702.0,"NM_TI":"Yvy-Katu","FASE":"Declarada","C_CR_FUNAI":30202002018.0,"N_CR_FUNAI":"Ponta Porã","ALD_FUNAI":3100.0,"VAL_FUNAI":1.0,"ALD_SIASI":null,"VAL_SIASI":null,"AMZ_LEG":null,"LAT":-23.7697083055944,"LONG":-54.592043333333336,"fonte":"IBGE, Censo Demográfico 2022, Localidades Indígenas, arquivo atualizado em 19/09/2025","url_fonte":"https://geoftp.ibge.gov.br/organizacao_do_territorio/estrutura_territorial/localidades/localidades_indigenas_2022/"},"geometry":{"coordinates":[-54.592043333333336,-23.7697083055944],"type":"Point"}},{"type":"Feature","properties":{"CD_UF":50,"NM_UF":"Mato Grosso do Sul","CD_MUNIC":5007950,"NM_MUNIC":"Tacuru","ID_LI":5000361,"CD_LI":5010110,"OCORRENCIA":13,"NM_LI":"Aldeia Indígena Jaguapiré","CD_SETOR":500795005000015,"SITUACAO":"Rural","CD_SIT":8,"CD_TIPO":5.0,"CD_AGLOM":500795000005.0,"NM_AGLOM":"Aldeia Indígena Jaguapiré","CD_TI":43006.0,"TI_FUNAI":18101.0,"NM_TI":"Jaguapiré","FASE":"Regularizada","C_CR_FUNAI":30202002018.0,"N_CR_FUNAI":"Ponta Porã","ALD_FUNAI":3102.0,"VAL_FUNAI":1.0,"ALD_SIASI":null,"VAL_SIASI":null,"AMZ_LEG":null,"LAT":-23.720326638927634,"LONG":-54.944721666666666,"fonte":"IBGE, Censo Demográfico 2022, Localidades Indígenas, arquivo atualizado em 19/09/2025","url_fonte":"https://geoftp.ibge.gov.br/organizacao_do_territorio/estrutura_territorial/localidades/localidades_indigenas_2022/"},"geometry":{"coordinates":[-54.944721666666666,-23.720326638927634],"type":"Point"}},{"type":"Feature","properties":{"CD_UF":50,"NM_UF":"Mato Grosso do Sul","CD_MUNIC":5005608,"NM_MUNIC":"Miranda","ID_LI":5000362,"CD_LI":5010146,"OCORRENCIA":1,"NM_LI":"Aldeia Kaikoe","CD_SETOR":500560805000071,"SITUACAO":"Rural","CD_SIT":8,"CD_TIPO":5.0,"CD_AGLOM":500560800021.0,"NM_AGLOM":"Aldeia Indígena Kaikoe","CD_TI":50724.0,"TI_FUNAI":7702.0,"NM_TI":"Cachoeirinha","FASE":"Declarada","C_CR_FUNAI":30202002004.0,"N_CR_FUNAI":"Campo Grande","ALD_FUNAI":null,"VAL_FUNAI":null,"ALD_SIASI":null,"VAL_SIASI":null,"AMZ_LEG":null,"LAT":-20.232497638921306,"LONG":-56.271719,"fonte":"IBGE, Censo Demográfico 2022, Localidades Indígenas, arquivo atualizado em 19/09/2025","url_fonte":"https://geoftp.ibge.gov.br/organizacao_do_territorio/estrutura_territorial/localidades/localidades_indigenas_2022/"},"geometry":{"coordinates":[-56.271719,-20.232497638921306],"type":"Point"}},{"type":"Feature","properties":{"CD_UF":50,"NM_UF":"Mato Grosso do Sul","CD_MUNIC":5005251,"NM_MUNIC":"Laguna Carapã","ID_LI":5000363,"CD_LI":5010013,"OCORRENCIA":7,"NM_LI":"Aldeia Indígena Guaimbé","CD_SETOR":500525105000011,"SITUACAO":"Rural","CD_SIT":8,"CD_TIPO":5.0,"CD_AGLOM":500525100004.0,"NM_AGLOM":"Aldeia Indígena Guaimbé","CD_TI":7137.0,"TI_FUNAI":13701.0,"NM_TI":"Guaimbé","FASE":"Regularizada","C_CR_FUNAI":30202002018.0,"N_CR_FUNAI":"Ponta Porã","ALD_FUNAI":null,"VAL_FUNAI":null,"ALD_SIASI":null,"VAL_SIASI":null,"AMZ_LEG":null,"LAT":-22.848381361148245,"LONG":-55.20520536111111,"fonte":"IBGE, Censo Demográfico 2022, Localidades Indígenas, arquivo atualizado em 19/09/2025","url_fonte":"https://geoftp.ibge.gov.br/organizacao_do_territorio/estrutura_territorial/localidades/localidades_indigenas_2022/"},"geometry":{"coordinates":[-55.20520536111111,-22.848381361148245],"type":"Point"}},{"type":"Feature","properties":{"CD_UF":50,"NM_UF":"Mato Grosso do Sul","CD_MUNIC":5003157,"NM_MUNIC":"Coronel Sapucaia","ID_LI":5000364,"CD_LI":5010066,"OCORRENCIA":13,"NM_LI":"Aldeia Indígena Taquaperi","CD_SETOR":500315705000026,"SITUACAO":"Rural","CD_SIT":8,"CD_TIPO":5.0,"CD_AGLOM":500315700002.0,"NM_AGLOM":"Aldeia Indígena Taquaperi","CD_TI":7218.0,"TI_FUNAI":44101.0,"NM_TI":"Taquaperi","FASE":"Regularizada","C_CR_FUNAI":30202002018.0,"N_CR_FUNAI":"Ponta Porã","ALD_FUNAI":3109.0,"VAL_FUNAI":1.0,"ALD_SIASI":51841.0,"VAL_SIASI":1.0,"AMZ_LEG":null,"LAT":-23.1933633333711,"LONG":-55.422638305555566,"fonte":"IBGE, Censo Demográfico 2022, Localidades Indígenas, arquivo atualizado em 19/09/2025","url_fonte":"https://geoftp.ibge.gov.br/organizacao_do_territorio/estrutura_territorial/localidades/localidades_indigenas_2022/"},"geometry":{"coordinates":[-55.422638305555566,-23.1933633333711],"type":"Point"}},{"type":"Feature","properties":{"CD_UF":50,"NM_UF":"Mato Grosso do Sul","CD_MUNIC":5007950,"NM_MUNIC":"Tacuru","ID_LI":5000365,"CD_LI":5010034,"OCORRENCIA":17,"NM_LI":"Aldeia Indígena Sassoró","CD_SETOR":500795005000019,"SITUACAO":"Rural","CD_SIT":8,"CD_TIPO":5.0,"CD_AGLOM":500795000004.0,"NM_AGLOM":"Aldeia Indígena Sassoró","CD_TI":7200.0,"TI_FUNAI":42201.0,"NM_TI":"Sassoró","FASE":"Regularizada","C_CR_FUNAI":30202002018.0,"N_CR_FUNAI":"Ponta Porã","ALD_FUNAI":3101.0,"VAL_FUNAI":1.0,"ALD_SIASI":null,"VAL_SIASI":null,"AMZ_LEG":null,"LAT":-23.582628111149603,"LONG":-54.77119855555556,"fonte":"IBGE, Censo Demográfico 2022, Localidades Indígenas, arquivo atualizado em 19/09/2025","url_fonte":"https://geoftp.ibge.gov.br/organizacao_do_territorio/estrutura_territorial/localidades/localidades_indigenas_2022/"},"geometry":{"coordinates":[-54.77119855555556,-23.582628111149603],"type":"Point"}},{"type":"Feature","properties":{"CD_UF":50,"NM_UF":"Mato Grosso do Sul","CD_MUNIC":5004809,"NM_MUNIC":"Japorã","ID_LI":5000366,"CD_LI":5010108,"OCORRENCIA":11,"NM_LI":"Aldeia Indígena Porto Lindo / Jakarey","CD_SETOR":500480905000015,"SITUACAO":"Rural","CD_SIT":8,"CD_TIPO":5.0,"CD_AGLOM":500480900006.0,"NM_AGLOM":"Aldeia Indígena Porto Lindo","CD_TI":7196.0,"TI_FUNAI":36701.0,"NM_TI":"Porto Lindo","FASE":"Regularizada","C_CR_FUNAI":30202002018.0,"N_CR_FUNAI":"Ponta Porã","ALD_FUNAI":3099.0,"VAL_FUNAI":1.0,"ALD_SIASI":null,"VAL_SIASI":null,"AMZ_LEG":null,"LAT":-23.790248305594435,"LONG":-54.596105916666666,"fonte":"IBGE, Censo Demográfico 2022, Localidades Indígenas, arquivo atualizado em 19/09/2025","url_fonte":"https://geoftp.ibge.gov.br/organizacao_do_territorio/estrutura_territorial/localidades/localidades_indigenas_2022/"},"geometry":{"coordinates":[-54.596105916666666,-23.790248305594435],"type":"Point"}},{"type":"Feature","properties":{"CD_UF":50,"NM_UF":"Mato Grosso do Sul","CD_MUNIC":5004502,"NM_MUNIC":"Itaporã","ID_LI":5000368,"CD_LI":5010021,"OCORRENCIA":16,"NM_LI":"Aldeia Indígena Bororó","CD_SETOR":500450205000036,"SITUACAO":"Rural","CD_SIT":8,"CD_TIPO":5.0,"CD_AGLOM":500450200006.0,"NM_AGLOM":"Aldeia Indígena Bororó","CD_TI":7307.0,"TI_FUNAI":11101.0,"NM_TI":"Dourados","FASE":"Regularizada","C_CR_FUNAI":30202002011.0,"N_CR_FUNAI":"Dourados","ALD_FUNAI":38.0,"VAL_FUNAI":1.0,"ALD_SIASI":null,"VAL_SIASI":null,"AMZ_LEG":null,"LAT":-22.15078402781364,"LONG":-54.857335444444445,"fonte":"IBGE, Censo Demográfico 2022, Localidades Indígenas, arquivo atualizado em 19/09/2025","url_fonte":"https://geoftp.ibge.gov.br/organizacao_do_territorio/estrutura_territorial/localidades/localidades_indigenas_2022/"},"geometry":{"coordinates":[-54.857335444444445,-22.15078402781364],"type":"Point"}},{"type":"Feature","properties":{"CD_UF":50,"NM_UF":"Mato Grosso do Sul","CD_MUNIC":5004502,"NM_MUNIC":"Itaporã","ID_LI":5000370,"CD_LI":5010021,"OCORRENCIA":17,"NM_LI":"Aldeia Indígena Bororó","CD_SETOR":500450205000041,"SITUACAO":"Rural","CD_SIT":8,"CD_TIPO":5.0,"CD_AGLOM":500450200006.0,"NM_AGLOM":"Aldeia Indígena Bororó","CD_TI":7307.0,"TI_FUNAI":11101.0,"NM_TI":"Dourados","FASE":"Regularizada","C_CR_FUNAI":30202002011.0,"N_CR_FUNAI":"Dourados","ALD_FUNAI":38.0,"VAL_FUNAI":1.0,"ALD_SIASI":null,"VAL_SIASI":null,"AMZ_LEG":null,"LAT":-22.170070111147,"LONG":-54.86951058333333,"fonte":"IBGE, Censo Demográfico 2022, Localidades Indígenas, arquivo atualizado em 19/09/2025","url_fonte":"https://geoftp.ibge.gov.br/organizacao_do_territorio/estrutura_territorial/localidades/localidades_indigenas_2022/"},"geometry":{"coordinates":[-54.86951058333333,-22.170070111147],"type":"Point"}},{"type":"Feature","properties":{"CD_UF":50,"NM_UF":"Mato Grosso do Sul","CD_MUNIC":5004502,"NM_MUNIC":"Itaporã","ID_LI":5000372,"CD_LI":5010021,"OCORRENCIA":18,"NM_LI":"Aldeia Indigena Bororo","CD_SETOR":500450205000038,"SITUACAO":"Rural","CD_SIT":8,"CD_TIPO":5.0,"CD_AGLOM":500450200006.0,"NM_AGLOM":"Aldeia Indígena Bororó","CD_TI":7307.0,"TI_FUNAI":11101.0,"NM_TI":"Dourados","FASE":"Regularizada","C_CR_FUNAI":30202002011.0,"N_CR_FUNAI":"Dourados","ALD_FUNAI":38.0,"VAL_FUNAI":1.0,"ALD_SIASI":null,"VAL_SIASI":null,"AMZ_LEG":null,"LAT":-22.1710258063699,"LONG":-54.86274376003811,"fonte":"IBGE, Censo Demográfico 2022, Localidades Indígenas, arquivo atualizado em 19/09/2025","url_fonte":"https://geoftp.ibge.gov.br/organizacao_do_territorio/estrutura_territorial/localidades/localidades_indigenas_2022/"},"geometry":{"coordinates":[-54.86274376003811,-22.1710258063699],"type":"Point"}},{"type":"Feature","properties":{"CD_UF":50,"NM_UF":"Mato Grosso do Sul","CD_MUNIC":5006358,"NM_MUNIC":"Paranhos","ID_LI":5000373,"CD_LI":5010010,"OCORRENCIA":6,"NM_LI":"Aldeia Indígena Arroio Kora","CD_SETOR":500635805000015,"SITUACAO":"Rural","CD_SIT":8,"CD_TIPO":5.0,"CD_AGLOM":500635800004.0,"NM_AGLOM":"Aldeia Indígena Arroio Cora","CD_TI":50644.0,"TI_FUNAI":4401.0,"NM_TI":"Arroio-Korá","FASE":"Homologada","C_CR_FUNAI":30202002018.0,"N_CR_FUNAI":"Ponta Porã","ALD_FUNAI":3074.0,"VAL_FUNAI":1.0,"ALD_SIASI":null,"VAL_SIASI":null,"AMZ_LEG":null,"LAT":-23.699085388927596,"LONG":-55.25679461111111,"fonte":"IBGE, Censo Demográfico 2022, Localidades Indígenas, arquivo atualizado em 19/09/2025","url_fonte":"https://geoftp.ibge.gov.br/organizacao_do_territorio/estrutura_territorial/localidades/localidades_indigenas_2022/"},"geometry":{"coordinates":[-55.25679461111111,-23.699085388927596],"type":"Point"}},{"type":"Feature","properties":{"CD_UF":50,"NM_UF":"Mato Grosso do Sul","CD_MUNIC":5000906,"NM_MUNIC":"Antônio João","ID_LI":5000374,"CD_LI":5010070,"OCORRENCIA":8,"NM_LI":"Aldeia Ñanderu Marangatu","CD_SETOR":500090610000006,"SITUACAO":"Rural","CD_SIT":8,"CD_TIPO":null,"CD_AGLOM":500090600002.0,"NM_AGLOM":"Aldeia Indígena Marangatu","CD_TI":50166.0,"TI_FUNAI":30301.0,"NM_TI":"Ñande Ru Marangatu","FASE":"Declarada","C_CR_FUNAI":30202002018.0,"N_CR_FUNAI":"Ponta Porã","ALD_FUNAI":3184.0,"VAL_FUNAI":1.0,"ALD_SIASI":49928.0,"VAL_SIASI":1.0,"AMZ_LEG":null,"LAT":-22.205490638924843,"LONG":-56.03095838888889,"fonte":"IBGE, Censo Demográfico 2022, Localidades Indígenas, arquivo atualizado em 19/09/2025","url_fonte":"https://geoftp.ibge.gov.br/organizacao_do_territorio/estrutura_territorial/localidades/localidades_indigenas_2022/"},"geometry":{"coordinates":[-56.03095838888889,-22.205490638924843],"type":"Point"}},{"type":"Feature","properties":{"CD_UF":50,"NM_UF":"Mato Grosso do Sul","CD_MUNIC":5000906,"NM_MUNIC":"Antônio João","ID_LI":5000377,"CD_LI":5010070,"OCORRENCIA":9,"NM_LI":"Aldeia Ñanderu Marangatu","CD_SETOR":500090610000006,"SITUACAO":"Rural","CD_SIT":8,"CD_TIPO":null,"CD_AGLOM":500090600002.0,"NM_AGLOM":"Aldeia Indígena Marangatu","CD_TI":50166.0,"TI_FUNAI":30301.0,"NM_TI":"Ñande Ru Marangatu","FASE":"Declarada","C_CR_FUNAI":30202002018.0,"N_CR_FUNAI":"Ponta Porã","ALD_FUNAI":3184.0,"VAL_FUNAI":1.0,"ALD_SIASI":49928.0,"VAL_SIASI":1.0,"AMZ_LEG":null,"LAT":-22.20315844448039,"LONG":-56.02602977777779,"fonte":"IBGE, Censo Demográfico 2022, Localidades Indígenas, arquivo atualizado em 19/09/2025","url_fonte":"https://geoftp.ibge.gov.br/organizacao_do_territorio/estrutura_territorial/localidades/localidades_indigenas_2022/"},"geometry":{"coordinates":[-56.02602977777779,-22.20315844448039],"type":"Point"}},{"type":"Feature","properties":{"CD_UF":50,"NM_UF":"Mato Grosso do Sul","CD_MUNIC":5003488,"NM_MUNIC":"Dois Irmãos do Buriti","ID_LI":5000378,"CD_LI":5010005,"OCORRENCIA":2,"NM_LI":"Aldeia Indígena André","CD_SETOR":500348805000022,"SITUACAO":"Rural","CD_SIT":8,"CD_TIPO":5.0,"CD_AGLOM":500348800006.0,"NM_AGLOM":"Aldeia Indígena Buriti","CD_TI":50157.0,"TI_FUNAI":7001.0,"NM_TI":"Buriti","FASE":"Regularizada","C_CR_FUNAI":30202002004.0,"N_CR_FUNAI":"Campo Grande","ALD_FUNAI":null,"VAL_FUNAI":null,"ALD_SIASI":null,"VAL_SIASI":null,"AMZ_LEG":null,"LAT":-20.85125419447796,"LONG":-55.202497055555554,"fonte":"IBGE, Censo Demográfico 2022, Localidades Indígenas, arquivo atualizado em 19/09/2025","url_fonte":"https://geoftp.ibge.gov.br/organizacao_do_territorio/estrutura_territorial/localidades/localidades_indigenas_2022/"},"geometry":{"coordinates":[-55.202497055555554,-20.85125419447796],"type":"Point"}},{"type":"Feature","properties":{"CD_UF":50,"NM_UF":"Mato Grosso do Sul","CD_MUNIC":5002159,"NM_MUNIC":"Bodoquena","ID_LI":5000379,"CD_LI":5010055,"OCORRENCIA":2,"NM_LI":"Aldeia Indígena Campina","CD_SETOR":500215910000007,"SITUACAO":"Rural","CD_SIT":8,"CD_TIPO":5.0,"CD_AGLOM":500215900004.0,"NM_AGLOM":"Aldeia Indígena Campina","CD_TI":3328.0,"TI_FUNAI":20001.0,"NM_TI":"Kadiwéu","FASE":"Regularizada","C_CR_FUNAI":30202002004.0,"N_CR_FUNAI":"Campo Grande","ALD_FUNAI":null,"VAL_FUNAI":null,"ALD_SIASI":null,"VAL_SIASI":null,"AMZ_LEG":null,"LAT":-20.396116055588266,"LONG":-56.96391266666667,"fonte":"IBGE, Censo Demográfico 2022, Localidades Indígenas, arquivo atualizado em 19/09/2025","url_fonte":"https://geoftp.ibge.gov.br/organizacao_do_territorio/estrutura_territorial/localidades/localidades_indigenas_2022/"},"geometry":{"coordinates":[-56.96391266666667,-20.396116055588266],"type":"Point"}},{"type":"Feature","properties":{"CD_UF":50,"NM_UF":"Mato Grosso do Sul","CD_MUNIC":5003488,"NM_MUNIC":"Dois Irmãos do Buriti","ID_LI":5000380,"CD_LI":5010126,"OCORRENCIA":4,"NM_LI":"Aldeia Indígena Recanto","CD_SETOR":500348805000025,"SITUACAO":"Rural","CD_SIT":8,"CD_TIPO":5.0,"CD_AGLOM":500348800009.0,"NM_AGLOM":"Aldeia Indígena Recanto","CD_TI":50157.0,"TI_FUNAI":7001.0,"NM_TI":"Buriti","FASE":"Regularizada","C_CR_FUNAI":30202002004.0,"N_CR_FUNAI":"Campo Grande","ALD_FUNAI":null,"VAL_FUNAI":null,"ALD_SIASI":null,"VAL_SIASI":null,"AMZ_LEG":null,"LAT":-20.868146361144657,"LONG":-55.19395766666667,"fonte":"IBGE, Censo Demográfico 2022, Localidades Indígenas, arquivo atualizado em 19/09/2025","url_fonte":"https://geoftp.ibge.gov.br/organizacao_do_territorio/estrutura_territorial/localidades/localidades_indigenas_2022/"},"geometry":{"coordinates":[-55.19395766666667,-20.868146361144657],"type":"Point"}},{"type":"Feature","properties":{"CD_UF":50,"NM_UF":"Mato Grosso do Sul","CD_MUNIC":5003157,"NM_MUNIC":"Coronel Sapucaia","ID_LI":5000381,"CD_LI":5010066,"OCORRENCIA":14,"NM_LI":"Aldeia Indigena Taquaperi","CD_SETOR":500315705000025,"SITUACAO":"Rural","CD_SIT":8,"CD_TIPO":5.0,"CD_AGLOM":500315700002.0,"NM_AGLOM":"Aldeia Indígena Taquaperi","CD_TI":7218.0,"TI_FUNAI":44101.0,"NM_TI":"Taquaperi","FASE":"Regularizada","C_CR_FUNAI":30202002018.0,"N_CR_FUNAI":"Ponta Porã","ALD_FUNAI":3109.0,"VAL_FUNAI":1.0,"ALD_SIASI":51841.0,"VAL_SIASI":1.0,"AMZ_LEG":null,"LAT":-23.2186325237491,"LONG":-55.4347536453478,"fonte":"IBGE, Censo Demográfico 2022, Localidades Indígenas, arquivo atualizado em 19/09/2025","url_fonte":"https://geoftp.ibge.gov.br/organizacao_do_territorio/estrutura_territorial/localidades/localidades_indigenas_2022/"},"geometry":{"coordinates":[-55.4347536453478,-23.2186325237491],"type":"Point"}},{"type":"Feature","properties":{"CD_UF":50,"NM_UF":"Mato Grosso do Sul","CD_MUNIC":5005608,"NM_MUNIC":"Miranda","ID_LI":5000383,"CD_LI":5010143,"OCORRENCIA":12,"NM_LI":"Aldeia Indígena Lalima","CD_SETOR":500560805000051,"SITUACAO":"Rural","CD_SIT":8,"CD_TIPO":5.0,"CD_AGLOM":500560800009.0,"NM_AGLOM":"Aldeia Indígena Lalima","CD_TI":7277.0,"TI_FUNAI":25101.0,"NM_TI":"Lalima","FASE":"Regularizada","C_CR_FUNAI":30202002004.0,"N_CR_FUNAI":"Campo Grande","ALD_FUNAI":2960.0,"VAL_FUNAI":1.0,"ALD_SIASI":49938.0,"VAL_SIASI":1.0,"AMZ_LEG":null,"LAT":-20.55861869447744,"LONG":-56.289556222222224,"fonte":"IBGE, Censo Demográfico 2022, Localidades Indígenas, arquivo atualizado em 19/09/2025","url_fonte":"https://geoftp.ibge.gov.br/organizacao_do_territorio/estrutura_territorial/localidades/localidades_indigenas_2022/"},"geometry":{"coordinates":[-56.289556222222224,-20.55861869447744],"type":"Point"}},{"type":"Feature","properties":{"CD_UF":50,"NM_UF":"Mato Grosso do Sul","CD_MUNIC":5003157,"NM_MUNIC":"Coronel Sapucaia","ID_LI":5000385,"CD_LI":5010066,"OCORRENCIA":15,"NM_LI":"Aldeia Indígena Taquaperi","CD_SETOR":500315705000026,"SITUACAO":"Rural","CD_SIT":8,"CD_TIPO":5.0,"CD_AGLOM":500315700002.0,"NM_AGLOM":"Aldeia Indígena Taquaperi","CD_TI":7218.0,"TI_FUNAI":44101.0,"NM_TI":"Taquaperi","FASE":"Regularizada","C_CR_FUNAI":30202002018.0,"N_CR_FUNAI":"Ponta Porã","ALD_FUNAI":3109.0,"VAL_FUNAI":1.0,"ALD_SIASI":51841.0,"VAL_SIASI":1.0,"AMZ_LEG":null,"LAT":-23.19409997225999,"LONG":-55.42017663888889,"fonte":"IBGE, Censo Demográfico 2022, Localidades Indígenas, arquivo atualizado em 19/09/2025","url_fonte":"https://geoftp.ibge.gov.br/organizacao_do_territorio/estrutura_territorial/localidades/localidades_indigenas_2022/"},"geometry":{"coordinates":[-55.42017663888889,-23.19409997225999],"type":"Point"}},{"type":"Feature","properties":{"CD_UF":50,"NM_UF":"Mato Grosso do Sul","CD_MUNIC":5000609,"NM_MUNIC":"Amambai","ID_LI":5000386,"CD_LI":5010037,"OCORRENCIA":13,"NM_LI":"Aldeia Indígena Limão Verde","CD_SETOR":500060905000095,"SITUACAO":"Rural","CD_SIT":8,"CD_TIPO":5.0,"CD_AGLOM":500060900001.0,"NM_AGLOM":"Aldeia Indígena Limão Verde","CD_TI":7129.0,"TI_FUNAI":801.0,"NM_TI":"Aldeia Limão Verde","FASE":"Regularizada","C_CR_FUNAI":30202002018.0,"N_CR_FUNAI":"Ponta Porã","ALD_FUNAI":3073.0,"VAL_FUNAI":1.0,"ALD_SIASI":51838.0,"VAL_SIASI":1.0,"AMZ_LEG":null,"LAT":-23.18071994448219,"LONG":-55.20223955555556,"fonte":"IBGE, Censo Demográfico 2022, Localidades Indígenas, arquivo atualizado em 19/09/2025","url_fonte":"https://geoftp.ibge.gov.br/organizacao_do_territorio/estrutura_territorial/localidades/localidades_indigenas_2022/"},"geometry":{"coordinates":[-55.20223955555556,-23.18071994448219],"type":"Point"}},{"type":"Feature","properties":{"CD_UF":50,"NM_UF":"Mato Grosso do Sul","CD_MUNIC":5002407,"NM_MUNIC":"Caarapó","ID_LI":5000388,"CD_LI":5010006,"OCORRENCIA":16,"NM_LI":"Aldeia Indígena Te'ýi Kuê","CD_SETOR":500240705000045,"SITUACAO":"Rural","CD_SIT":8,"CD_TIPO":5.0,"CD_AGLOM":500240700005.0,"NM_AGLOM":"Aldeia Indígena Te Yi Kuê","CD_TI":7293.0,"TI_FUNAI":7201.0,"NM_TI":"Caarapó","FASE":"Regularizada","C_CR_FUNAI":30202002011.0,"N_CR_FUNAI":"Dourados","ALD_FUNAI":418.0,"VAL_FUNAI":1.0,"ALD_SIASI":null,"VAL_SIASI":null,"AMZ_LEG":null,"LAT":-22.5923105482974,"LONG":-54.9966897757589,"fonte":"IBGE, Censo Demográfico 2022, Localidades Indígenas, arquivo atualizado em 19/09/2025","url_fonte":"https://geoftp.ibge.gov.br/organizacao_do_territorio/estrutura_territorial/localidades/localidades_indigenas_2022/"},"geometry":{"coordinates":[-54.9966897757589,-22.5923105482974],"type":"Point"}},{"type":"Feature","properties":{"CD_UF":50,"NM_UF":"Mato Grosso do Sul","CD_MUNIC":5002407,"NM_MUNIC":"Caarapó","ID_LI":5000389,"CD_LI":5010006,"OCORRENCIA":17,"NM_LI":"Aldeia Indígena Te'ýi Kuê","CD_SETOR":500240705000046,"SITUACAO":"Rural","CD_SIT":8,"CD_TIPO":5.0,"CD_AGLOM":500240700005.0,"NM_AGLOM":"Aldeia Indígena Te Yi Kuê","CD_TI":7293.0,"TI_FUNAI":7201.0,"NM_TI":"Caarapó","FASE":"Regularizada","C_CR_FUNAI":30202002011.0,"N_CR_FUNAI":"Dourados","ALD_FUNAI":418.0,"VAL_FUNAI":1.0,"ALD_SIASI":null,"VAL_SIASI":null,"AMZ_LEG":null,"LAT":-22.60501444448113,"LONG":-54.96565702777779,"fonte":"IBGE, Censo Demográfico 2022, Localidades Indígenas, arquivo atualizado em 19/09/2025","url_fonte":"https://geoftp.ibge.gov.br/organizacao_do_territorio/estrutura_territorial/localidades/localidades_indigenas_2022/"},"geometry":{"coordinates":[-54.96565702777779,-22.60501444448113],"type":"Point"}},{"type":"Feature","properties":{"CD_UF":50,"NM_UF":"Mato Grosso do Sul","CD_MUNIC":5006358,"NM_MUNIC":"Paranhos","ID_LI":5000390,"CD_LI":5010010,"OCORRENCIA":7,"NM_LI":"Aldeia Indígena Arroio Kora","CD_SETOR":500635805000015,"SITUACAO":"Rural","CD_SIT":8,"CD_TIPO":5.0,"CD_AGLOM":500635800004.0,"NM_AGLOM":"Aldeia Indígena Arroio Cora","CD_TI":50644.0,"TI_FUNAI":4401.0,"NM_TI":"Arroio-Korá","FASE":"Homologada","C_CR_FUNAI":30202002018.0,"N_CR_FUNAI":"Ponta Porã","ALD_FUNAI":3074.0,"VAL_FUNAI":1.0,"ALD_SIASI":null,"VAL_SIASI":null,"AMZ_LEG":null,"LAT":-23.692023583372027,"LONG":-55.25131252777778,"fonte":"IBGE, Censo Demográfico 2022, Localidades Indígenas, arquivo atualizado em 19/09/2025","url_fonte":"https://geoftp.ibge.gov.br/organizacao_do_territorio/estrutura_territorial/localidades/localidades_indigenas_2022/"},"geometry":{"coordinates":[-55.25131252777778,-23.692023583372027],"type":"Point"}},{"type":"Feature","properties":{"CD_UF":50,"NM_UF":"Mato Grosso do Sul","CD_MUNIC":5007901,"NM_MUNIC":"Sidrolândia","ID_LI":5000392,"CD_LI":5010073,"OCORRENCIA":2,"NM_LI":"Aldeia Indígena 10 de Maio","CD_SETOR":500790105000083,"SITUACAO":"Rural","CD_SIT":8,"CD_TIPO":5.0,"CD_AGLOM":500790100027.0,"NM_AGLOM":"Aldeia Indígena 10 de Maio","CD_TI":50781.0,"TI_FUNAI":7002.0,"NM_TI":"Buriti","FASE":"Declarada","C_CR_FUNAI":30202002004.0,"N_CR_FUNAI":"Campo Grande","ALD_FUNAI":null,"VAL_FUNAI":null,"ALD_SIASI":null,"VAL_SIASI":null,"AMZ_LEG":null,"LAT":-20.872523166700223,"LONG":-55.144755,"fonte":"IBGE, Censo Demográfico 2022, Localidades Indígenas, arquivo atualizado em 19/09/2025","url_fonte":"https://geoftp.ibge.gov.br/organizacao_do_territorio/estrutura_territorial/localidades/localidades_indigenas_2022/"},"geometry":{"coordinates":[-55.144755,-20.872523166700223],"type":"Point"}},{"type":"Feature","properties":{"CD_UF":50,"NM_UF":"Mato Grosso do Sul","CD_MUNIC":5007901,"NM_MUNIC":"Sidrolândia","ID_LI":5000393,"CD_LI":5010073,"OCORRENCIA":3,"NM_LI":"Aldeia Indígena 10 de Maio","CD_SETOR":500790105000083,"SITUACAO":"Rural","CD_SIT":8,"CD_TIPO":5.0,"CD_AGLOM":500790100027.0,"NM_AGLOM":"Aldeia Indígena 10 de Maio","CD_TI":50781.0,"TI_FUNAI":7002.0,"NM_TI":"Buriti","FASE":"Declarada","C_CR_FUNAI":30202002004.0,"N_CR_FUNAI":"Campo Grande","ALD_FUNAI":null,"VAL_FUNAI":null,"ALD_SIASI":null,"VAL_SIASI":null,"AMZ_LEG":null,"LAT":-20.87338766670022,"LONG":-55.1471955,"fonte":"IBGE, Censo Demográfico 2022, Localidades Indígenas, arquivo atualizado em 19/09/2025","url_fonte":"https://geoftp.ibge.gov.br/organizacao_do_territorio/estrutura_territorial/localidades/localidades_indigenas_2022/"},"geometry":{"coordinates":[-55.1471955,-20.87338766670022],"type":"Point"}},{"type":"Feature","properties":{"CD_UF":50,"NM_UF":"Mato Grosso do Sul","CD_MUNIC":5001102,"NM_MUNIC":"Aquidauana","ID_LI":5000394,"CD_LI":5010135,"OCORRENCIA":9,"NM_LI":"Aldeia Indígena Bananal","CD_SETOR":500110225000019,"SITUACAO":"Rural","CD_SIT":5,"CD_TIPO":5.0,"CD_AGLOM":500110200005.0,"NM_AGLOM":"Aldeia Indígena Bananal","CD_TI":7250.0,"TI_FUNAI":44401.0,"NM_TI":"Taunay-Ipegue","FASE":"Regularizada","C_CR_FUNAI":30202002004.0,"N_CR_FUNAI":"Campo Grande","ALD_FUNAI":null,"VAL_FUNAI":null,"ALD_SIASI":51017.0,"VAL_SIASI":2.0,"AMZ_LEG":null,"LAT":-20.255504333365792,"LONG":-56.059972,"fonte":"IBGE, Censo Demográfico 2022, Localidades Indígenas, arquivo atualizado em 19/09/2025","url_fonte":"https://geoftp.ibge.gov.br/organizacao_do_territorio/estrutura_territorial/localidades/localidades_indigenas_2022/"},"geometry":{"coordinates":[-56.059972,-20.255504333365792],"type":"Point"}},{"type":"Feature","properties":{"CD_UF":50,"NM_UF":"Mato Grosso do Sul","CD_MUNIC":5001102,"NM_MUNIC":"Aquidauana","ID_LI":5000395,"CD_LI":5010062,"OCORRENCIA":1,"NM_LI":"Aldeia Indígena Maria do Carmo","CD_SETOR":500110225000029,"SITUACAO":"Rural","CD_SIT":8,"CD_TIPO":5.0,"CD_AGLOM":500110200019.0,"NM_AGLOM":"Aldeia Indígena Retomada Maria do Carmo","CD_TI":50750.0,"TI_FUNAI":44402.0,"NM_TI":"Taunay/Ipegue","FASE":"Declarada","C_CR_FUNAI":30202002004.0,"N_CR_FUNAI":"Campo Grande","ALD_FUNAI":null,"VAL_FUNAI":null,"ALD_SIASI":null,"VAL_SIASI":null,"AMZ_LEG":null,"LAT":-20.288805638921406,"LONG":-56.03738802777779,"fonte":"IBGE, Censo Demográfico 2022, Localidades Indígenas, arquivo atualizado em 19/09/2025","url_fonte":"https://geoftp.ibge.gov.br/organizacao_do_territorio/estrutura_territorial/localidades/localidades_indigenas_2022/"},"geometry":{"coordinates":[-56.03738802777779,-20.288805638921406],"type":"Point"}},{"type":"Feature","properties":{"CD_UF":50,"NM_UF":"Mato Grosso do Sul","CD_MUNIC":5003157,"NM_MUNIC":"Coronel Sapucaia","ID_LI":5000399,"CD_LI":5010066,"OCORRENCIA":16,"NM_LI":"Aldeia Indígena Taquaperi","CD_SETOR":500315705000025,"SITUACAO":"Rural","CD_SIT":8,"CD_TIPO":5.0,"CD_AGLOM":500315700002.0,"NM_AGLOM":"Aldeia Indígena Taquaperi","CD_TI":7218.0,"TI_FUNAI":44101.0,"NM_TI":"Taquaperi","FASE":"Regularizada","C_CR_FUNAI":30202002018.0,"N_CR_FUNAI":"Ponta Porã","ALD_FUNAI":3109.0,"VAL_FUNAI":1.0,"ALD_SIASI":51841.0,"VAL_SIASI":1.0,"AMZ_LEG":null,"LAT":-23.208283305593355,"LONG":-55.43444830555555,"fonte":"IBGE, Censo Demográfico 2022, Localidades Indígenas, arquivo atualizado em 19/09/2025","url_fonte":"https://geoftp.ibge.gov.br/organizacao_do_territorio/estrutura_territorial/localidades/localidades_indigenas_2022/"},"geometry":{"coordinates":[-55.43444830555555,-23.208283305593355],"type":"Point"}},{"type":"Feature","properties":{"CD_UF":50,"NM_UF":"Mato Grosso do Sul","CD_MUNIC":5005251,"NM_MUNIC":"Laguna Carapã","ID_LI":5000400,"CD_LI":5010154,"OCORRENCIA":4,"NM_LI":"Aldeia Indígena Rancho Jacaré","CD_SETOR":500525105000010,"SITUACAO":"Rural","CD_SIT":8,"CD_TIPO":5.0,"CD_AGLOM":500525100003.0,"NM_AGLOM":"Aldeia Indígena Rancho Jacaré","CD_TI":7145.0,"TI_FUNAI":37801.0,"NM_TI":"Rancho Jacaré","FASE":"Regularizada","C_CR_FUNAI":30202002018.0,"N_CR_FUNAI":"Ponta Porã","ALD_FUNAI":null,"VAL_FUNAI":null,"ALD_SIASI":null,"VAL_SIASI":null,"AMZ_LEG":null,"LAT":-22.84579466670379,"LONG":-55.106614833333325,"fonte":"IBGE, Censo Demográfico 2022, Localidades Indígenas, arquivo atualizado em 19/09/2025","url_fonte":"https://geoftp.ibge.gov.br/organizacao_do_territorio/estrutura_territorial/localidades/localidades_indigenas_2022/"},"geometry":{"coordinates":[-55.106614833333325,-22.84579466670379],"type":"Point"}},{"type":"Feature","properties":{"CD_UF":50,"NM_UF":"Mato Grosso do Sul","CD_MUNIC":5000609,"NM_MUNIC":"Amambai","ID_LI":5000401,"CD_LI":5010136,"OCORRENCIA":38,"NM_LI":"Aldeia Indígena Amambai","CD_SETOR":500060905000080,"SITUACAO":"Rural","CD_SIT":8,"CD_TIPO":5.0,"CD_AGLOM":500060900007.0,"NM_AGLOM":"Aldeia Indígena Amambai","CD_TI":7188.0,"TI_FUNAI":1601.0,"NM_TI":"Amambai","FASE":"Regularizada","C_CR_FUNAI":30202002018.0,"N_CR_FUNAI":"Ponta Porã","ALD_FUNAI":3071.0,"VAL_FUNAI":1.0,"ALD_SIASI":null,"VAL_SIASI":null,"AMZ_LEG":null,"LAT":-23.0468465561329,"LONG":-55.1858825530422,"fonte":"IBGE, Censo Demográfico 2022, Localidades Indígenas, arquivo atualizado em 19/09/2025","url_fonte":"https://geoftp.ibge.gov.br/organizacao_do_territorio/estrutura_territorial/localidades/localidades_indigenas_2022/"},"geometry":{"coordinates":[-55.1858825530422,-23.0468465561329],"type":"Point"}},{"type":"Feature","properties":{"CD_UF":50,"NM_UF":"Mato Grosso do Sul","CD_MUNIC":5000609,"NM_MUNIC":"Amambai","ID_LI":5000402,"CD_LI":5010136,"OCORRENCIA":39,"NM_LI":"Aldeia Indígena Amambai","CD_SETOR":500060905000084,"SITUACAO":"Rural","CD_SIT":8,"CD_TIPO":5.0,"CD_AGLOM":500060900007.0,"NM_AGLOM":"Aldeia Indígena Amambai","CD_TI":7188.0,"TI_FUNAI":1601.0,"NM_TI":"Amambai","FASE":"Regularizada","C_CR_FUNAI":30202002018.0,"N_CR_FUNAI":"Ponta Porã","ALD_FUNAI":3071.0,"VAL_FUNAI":1.0,"ALD_SIASI":null,"VAL_SIASI":null,"AMZ_LEG":null,"LAT":-23.0740232793536,"LONG":-55.186132197697,"fonte":"IBGE, Censo Demográfico 2022, Localidades Indígenas, arquivo atualizado em 19/09/2025","url_fonte":"https://geoftp.ibge.gov.br/organizacao_do_territorio/estrutura_territorial/localidades/localidades_indigenas_2022/"},"geometry":{"coordinates":[-55.186132197697,-23.0740232793536],"type":"Point"}},{"type":"Feature","properties":{"CD_UF":50,"NM_UF":"Mato Grosso do Sul","CD_MUNIC":5000609,"NM_MUNIC":"Amambai","ID_LI":5000403,"CD_LI":5010136,"OCORRENCIA":40,"NM_LI":"Aldeia Indígena Amambai","CD_SETOR":500060905000078,"SITUACAO":"Rural","CD_SIT":8,"CD_TIPO":5.0,"CD_AGLOM":500060900007.0,"NM_AGLOM":"Aldeia Indígena Amambai","CD_TI":7188.0,"TI_FUNAI":1601.0,"NM_TI":"Amambai","FASE":"Regularizada","C_CR_FUNAI":30202002018.0,"N_CR_FUNAI":"Ponta Porã","ALD_FUNAI":3071.0,"VAL_FUNAI":1.0,"ALD_SIASI":null,"VAL_SIASI":null,"AMZ_LEG":null,"LAT":-23.0790539567551,"LONG":-55.1817133744062,"fonte":"IBGE, Censo Demográfico 2022, Localidades Indígenas, arquivo atualizado em 19/09/2025","url_fonte":"https://geoftp.ibge.gov.br/organizacao_do_territorio/estrutura_territorial/localidades/localidades_indigenas_2022/"},"geometry":{"coordinates":[-55.1817133744062,-23.0790539567551],"type":"Point"}},{"type":"Feature","properties":{"CD_UF":50,"NM_UF":"Mato Grosso do Sul","CD_MUNIC":5005608,"NM_MUNIC":"Miranda","ID_LI":5000404,"CD_LI":5010146,"OCORRENCIA":2,"NM_LI":"Aldeia Kaikoe","CD_SETOR":500560805000070,"SITUACAO":"Rural","CD_SIT":8,"CD_TIPO":null,"CD_AGLOM":null,"NM_AGLOM":null,"CD_TI":50724.0,"TI_FUNAI":7702.0,"NM_TI":"Cachoeirinha","FASE":"Declarada","C_CR_FUNAI":30202002004.0,"N_CR_FUNAI":"Campo Grande","ALD_FUNAI":null,"VAL_FUNAI":null,"ALD_SIASI":null,"VAL_SIASI":null,"AMZ_LEG":null,"LAT":-20.21439497225461,"LONG":-56.265459972222224,"fonte":"IBGE, Censo Demográfico 2022, Localidades Indígenas, arquivo atualizado em 19/09/2025","url_fonte":"https://geoftp.ibge.gov.br/organizacao_do_territorio/estrutura_territorial/localidades/localidades_indigenas_2022/"},"geometry":{"coordinates":[-56.265459972222224,-20.21439497225461],"type":"Point"}},{"type":"Feature","properties":{"CD_UF":50,"NM_UF":"Mato Grosso do Sul","CD_MUNIC":5001102,"NM_MUNIC":"Aquidauana","ID_LI":5000405,"CD_LI":5010119,"OCORRENCIA":6,"NM_LI":"Aldeia Indígena Água Branca","CD_SETOR":500110225000006,"SITUACAO":"Rural","CD_SIT":8,"CD_TIPO":5.0,"CD_AGLOM":500110200004.0,"NM_AGLOM":"Aldeia Indígena Água Branca","CD_TI":7250.0,"TI_FUNAI":44401.0,"NM_TI":"Taunay-Ipegue","FASE":"Regularizada","C_CR_FUNAI":30202002004.0,"N_CR_FUNAI":"Campo Grande","ALD_FUNAI":2976.0,"VAL_FUNAI":1.0,"ALD_SIASI":48456.0,"VAL_SIASI":2.0,"AMZ_LEG":null,"LAT":-20.277996166699165,"LONG":-56.04563069444444,"fonte":"IBGE, Censo Demográfico 2022, Localidades Indígenas, arquivo atualizado em 19/09/2025","url_fonte":"https://geoftp.ibge.gov.br/organizacao_do_territorio/estrutura_territorial/localidades/localidades_indigenas_2022/"},"geometry":{"coordinates":[-56.04563069444444,-20.277996166699165],"type":"Point"}},{"type":"Feature","properties":{"CD_UF":50,"NM_UF":"Mato Grosso do Sul","CD_MUNIC":5001102,"NM_MUNIC":"Aquidauana","ID_LI":5000406,"CD_LI":5010008,"OCORRENCIA":5,"NM_LI":"Aldeia Indígena Buritizinho","CD_SETOR":500110205000070,"SITUACAO":"Rural","CD_SIT":8,"CD_TIPO":5.0,"CD_AGLOM":500110200014.0,"NM_AGLOM":"Aldeia Indígena Buritizinho","CD_TI":7242.0,"TI_FUNAI":25701.0,"NM_TI":"Limão Verde","FASE":"Regularizada","C_CR_FUNAI":30202002004.0,"N_CR_FUNAI":"Campo Grande","ALD_FUNAI":2961.0,"VAL_FUNAI":1.0,"ALD_SIASI":null,"VAL_SIASI":null,"AMZ_LEG":null,"LAT":-20.31974238892146,"LONG":-55.68825394444445,"fonte":"IBGE, Censo Demográfico 2022, Localidades Indígenas, arquivo atualizado em 19/09/2025","url_fonte":"https://geoftp.ibge.gov.br/organizacao_do_territorio/estrutura_territorial/localidades/localidades_indigenas_2022/"},"geometry":{"coordinates":[-55.68825394444445,-20.31974238892146],"type":"Point"}},{"type":"Feature","properties":{"CD_UF":50,"NM_UF":"Mato Grosso do Sul","CD_MUNIC":5000609,"NM_MUNIC":"Amambai","ID_LI":5000407,"CD_LI":5010037,"OCORRENCIA":14,"NM_LI":"Aldeia Indígena Limão Verde","CD_SETOR":500060905000096,"SITUACAO":"Rural","CD_SIT":8,"CD_TIPO":5.0,"CD_AGLOM":500060900001.0,"NM_AGLOM":"Aldeia Indígena Limão Verde","CD_TI":7129.0,"TI_FUNAI":801.0,"NM_TI":"Aldeia Limão Verde","FASE":"Regularizada","C_CR_FUNAI":30202002018.0,"N_CR_FUNAI":"Ponta Porã","ALD_FUNAI":3073.0,"VAL_FUNAI":1.0,"ALD_SIASI":51838.0,"VAL_SIASI":1.0,"AMZ_LEG":null,"LAT":-23.175996305593287,"LONG":-55.21313905555556,"fonte":"IBGE, Censo Demográfico 2022, Localidades Indígenas, arquivo atualizado em 19/09/2025","url_fonte":"https://geoftp.ibge.gov.br/organizacao_do_territorio/estrutura_territorial/localidades/localidades_indigenas_2022/"},"geometry":{"coordinates":[-55.21313905555556,-23.175996305593287],"type":"Point"}},{"type":"Feature","properties":{"CD_UF":50,"NM_UF":"Mato Grosso do Sul","CD_MUNIC":5002308,"NM_MUNIC":"Brasilândia","ID_LI":5000408,"CD_LI":5010052,"OCORRENCIA":1,"NM_LI":"Aldeia Indígena Ofayé Xavante","CD_SETOR":500230805000010,"SITUACAO":"Rural","CD_SIT":8,"CD_TIPO":5.0,"CD_AGLOM":500230800007.0,"NM_AGLOM":"Aldeia Indígena Ofayé Xavante","CD_TI":50735.0,"TI_FUNAI":31402.0,"NM_TI":"Ofayé-Xavante","FASE":"Regularizada","C_CR_FUNAI":30202002004.0,"N_CR_FUNAI":"Campo Grande","ALD_FUNAI":2271.0,"VAL_FUNAI":1.0,"ALD_SIASI":49929.0,"VAL_SIASI":1.0,"AMZ_LEG":null,"LAT":-21.246667666700887,"LONG":-52.13252466666667,"fonte":"IBGE, Censo Demográfico 2022, Localidades Indígenas, arquivo atualizado em 19/09/2025","url_fonte":"https://geoftp.ibge.gov.br/organizacao_do_territorio/estrutura_territorial/localidades/localidades_indigenas_2022/"},"geometry":{"coordinates":[-52.13252466666667,-21.246667666700887],"type":"Point"}},{"type":"Feature","properties":{"CD_UF":50,"NM_UF":"Mato Grosso do Sul","CD_MUNIC":5006358,"NM_MUNIC":"Paranhos","ID_LI":5000410,"CD_LI":5010091,"OCORRENCIA":2,"NM_LI":"Aldeia Indígena Sete Cerros","CD_SETOR":500635805000008,"SITUACAO":"Rural","CD_SIT":8,"CD_TIPO":5.0,"CD_AGLOM":500635800010.0,"NM_AGLOM":"Aldeia Indígena Sete Cerros","CD_TI":6521.0,"TI_FUNAI":42901.0,"NM_TI":"Sete Cerros","FASE":"Homologada","C_CR_FUNAI":30202002018.0,"N_CR_FUNAI":"Ponta Porã","ALD_FUNAI":3110.0,"VAL_FUNAI":1.0,"ALD_SIASI":null,"VAL_SIASI":null,"AMZ_LEG":null,"LAT":-23.5682550833718,"LONG":-55.49470005555556,"fonte":"IBGE, Censo Demográfico 2022, Localidades Indígenas, arquivo atualizado em 19/09/2025","url_fonte":"https://geoftp.ibge.gov.br/organizacao_do_territorio/estrutura_territorial/localidades/localidades_indigenas_2022/"},"geometry":{"coordinates":[-55.49470005555556,-23.5682550833718],"type":"Point"}},{"type":"Feature","properties":{"CD_UF":50,"NM_UF":"Mato Grosso do Sul","CD_MUNIC":5004809,"NM_MUNIC":"Japorã","ID_LI":5000411,"CD_LI":5010108,"OCORRENCIA":12,"NM_LI":"Aldeia Indígena Porto Lindo / Jakarey","CD_SETOR":500480905000016,"SITUACAO":"Rural","CD_SIT":8,"CD_TIPO":5.0,"CD_AGLOM":500480900006.0,"NM_AGLOM":"Aldeia Indígena Porto Lindo","CD_TI":7196.0,"TI_FUNAI":36701.0,"NM_TI":"Porto Lindo","FASE":"Regularizada","C_CR_FUNAI":30202002018.0,"N_CR_FUNAI":"Ponta Porã","ALD_FUNAI":3099.0,"VAL_FUNAI":1.0,"ALD_SIASI":null,"VAL_SIASI":null,"AMZ_LEG":null,"LAT":-23.78294666670553,"LONG":-54.59083663888889,"fonte":"IBGE, Censo Demográfico 2022, Localidades Indígenas, arquivo atualizado em 19/09/2025","url_fonte":"https://geoftp.ibge.gov.br/organizacao_do_territorio/estrutura_territorial/localidades/localidades_indigenas_2022/"},"geometry":{"coordinates":[-54.59083663888889,-23.78294666670553],"type":"Point"}},{"type":"Feature","properties":{"CD_UF":50,"NM_UF":"Mato Grosso do Sul","CD_MUNIC":5004502,"NM_MUNIC":"Itaporã","ID_LI":5000412,"CD_LI":5010021,"OCORRENCIA":19,"NM_LI":"Aldeia Indígena Bororó","CD_SETOR":500450205000036,"SITUACAO":"Rural","CD_SIT":8,"CD_TIPO":5.0,"CD_AGLOM":500450200006.0,"NM_AGLOM":"Aldeia Indígena Bororó","CD_TI":7307.0,"TI_FUNAI":11101.0,"NM_TI":"Dourados","FASE":"Regularizada","C_CR_FUNAI":30202002011.0,"N_CR_FUNAI":"Dourados","ALD_FUNAI":38.0,"VAL_FUNAI":1.0,"ALD_SIASI":null,"VAL_SIASI":null,"AMZ_LEG":null,"LAT":-22.160853583369203,"LONG":-54.85958444444444,"fonte":"IBGE, Censo Demográfico 2022, Localidades Indígenas, arquivo atualizado em 19/09/2025","url_fonte":"https://geoftp.ibge.gov.br/organizacao_do_territorio/estrutura_territorial/localidades/localidades_indigenas_2022/"},"geometry":{"coordinates":[-54.85958444444444,-22.160853583369203],"type":"Point"}},{"type":"Feature","properties":{"CD_UF":50,"NM_UF":"Mato Grosso do Sul","CD_MUNIC":5006606,"NM_MUNIC":"Ponta Porã","ID_LI":5000413,"CD_LI":5010029,"OCORRENCIA":3,"NM_LI":"Aldeia Indígena Lima Campo","CD_SETOR":500660605000014,"SITUACAO":"Rural","CD_SIT":8,"CD_TIPO":5.0,"CD_AGLOM":500660600006.0,"NM_AGLOM":"Aldeia Indígena Lima Campo Jatayvary","CD_TI":50643.0,"TI_FUNAI":25601.0,"NM_TI":"Jatayvari","FASE":"Declarada","C_CR_FUNAI":30202002018.0,"N_CR_FUNAI":"Ponta Porã","ALD_FUNAI":null,"VAL_FUNAI":null,"ALD_SIASI":49872.0,"VAL_SIASI":1.0,"AMZ_LEG":null,"LAT":-22.373191388925157,"LONG":-55.27060883333333,"fonte":"IBGE, Censo Demográfico 2022, Localidades Indígenas, arquivo atualizado em 19/09/2025","url_fonte":"https://geoftp.ibge.gov.br/organizacao_do_territorio/estrutura_territorial/localidades/localidades_indigenas_2022/"},"geometry":{"coordinates":[-55.27060883333333,-22.373191388925157],"type":"Point"}},{"type":"Feature","properties":{"CD_UF":50,"NM_UF":"Mato Grosso do Sul","CD_MUNIC":5006903,"NM_MUNIC":"Porto Murtinho","ID_LI":5000414,"CD_LI":5010101,"OCORRENCIA":7,"NM_LI":"Aldeia Indígena Alves de Barros","CD_SETOR":500690305000038,"SITUACAO":"Rural","CD_SIT":8,"CD_TIPO":5.0,"CD_AGLOM":500690300002.0,"NM_AGLOM":"Aldeia Indígena Alves de Barros","CD_TI":3328.0,"TI_FUNAI":20001.0,"NM_TI":"Kadiwéu","FASE":"Regularizada","C_CR_FUNAI":30202002004.0,"N_CR_FUNAI":"Campo Grande","ALD_FUNAI":2959.0,"VAL_FUNAI":1.0,"ALD_SIASI":null,"VAL_SIASI":null,"AMZ_LEG":null,"LAT":-20.43832652781056,"LONG":-56.95752869444444,"fonte":"IBGE, Censo Demográfico 2022, Localidades Indígenas, arquivo atualizado em 19/09/2025","url_fonte":"https://geoftp.ibge.gov.br/organizacao_do_territorio/estrutura_territorial/localidades/localidades_indigenas_2022/"},"geometry":{"coordinates":[-56.95752869444444,-20.43832652781056],"type":"Point"}},{"type":"Feature","properties":{"CD_UF":50,"NM_UF":"Mato Grosso do Sul","CD_MUNIC":5005400,"NM_MUNIC":"Maracaju","ID_LI":5000415,"CD_LI":5010020,"OCORRENCIA":2,"NM_LI":"Aldeia Indígena Sucuriy","CD_SETOR":500540005000031,"SITUACAO":"Rural","CD_SIT":8,"CD_TIPO":5.0,"CD_AGLOM":500540000008.0,"NM_AGLOM":"Aldeia Indígena Sucuriy","CD_TI":50171.0,"TI_FUNAI":43401.0,"NM_TI":"Sucuriy","FASE":"Regularizada","C_CR_FUNAI":30202002011.0,"N_CR_FUNAI":"Dourados","ALD_FUNAI":35.0,"VAL_FUNAI":1.0,"ALD_SIASI":null,"VAL_SIASI":null,"AMZ_LEG":null,"LAT":-21.647849500034944,"LONG":-55.11576547222222,"fonte":"IBGE, Censo Demográfico 2022, Localidades Indígenas, arquivo atualizado em 19/09/2025","url_fonte":"https://geoftp.ibge.gov.br/organizacao_do_territorio/estrutura_territorial/localidades/localidades_indigenas_2022/"},"geometry":{"coordinates":[-55.11576547222222,-21.647849500034944],"type":"Point"}},{"type":"Feature","properties":{"CD_UF":50,"NM_UF":"Mato Grosso do Sul","CD_MUNIC":5003157,"NM_MUNIC":"Coronel Sapucaia","ID_LI":5000416,"CD_LI":5010066,"OCORRENCIA":17,"NM_LI":"Aldeia Indígena Taquaperi","CD_SETOR":500315705000026,"SITUACAO":"Rural","CD_SIT":8,"CD_TIPO":5.0,"CD_AGLOM":500315700002.0,"NM_AGLOM":"Aldeia Indígena Taquaperi","CD_TI":7218.0,"TI_FUNAI":44101.0,"NM_TI":"Taquaperi","FASE":"Regularizada","C_CR_FUNAI":30202002018.0,"N_CR_FUNAI":"Ponta Porã","ALD_FUNAI":3109.0,"VAL_FUNAI":1.0,"ALD_SIASI":51841.0,"VAL_SIASI":1.0,"AMZ_LEG":null,"LAT":-23.192791638926646,"LONG":-55.425939972222224,"fonte":"IBGE, Censo Demográfico 2022, Localidades Indígenas, arquivo atualizado em 19/09/2025","url_fonte":"https://geoftp.ibge.gov.br/organizacao_do_territorio/estrutura_territorial/localidades/localidades_indigenas_2022/"},"geometry":{"coordinates":[-55.425939972222224,-23.192791638926646],"type":"Point"}},{"type":"Feature","properties":{"CD_UF":50,"NM_UF":"Mato Grosso do Sul","CD_MUNIC":5002407,"NM_MUNIC":"Caarapó","ID_LI":5000419,"CD_LI":5010084,"OCORRENCIA":2,"NM_LI":"Aldeia Indígena Guyraroká","CD_SETOR":500240710000006,"SITUACAO":"Rural","CD_SIT":5,"CD_TIPO":5.0,"CD_AGLOM":500240700002.0,"NM_AGLOM":"Aldeia Indígena Guyra-Roká","CD_TI":50648.0,"TI_FUNAI":15101.0,"NM_TI":"Guyraroká","FASE":"Declarada","C_CR_FUNAI":30202002011.0,"N_CR_FUNAI":"Dourados","ALD_FUNAI":30.0,"VAL_FUNAI":1.0,"ALD_SIASI":47312.0,"VAL_SIASI":1.0,"AMZ_LEG":null,"LAT":-22.49496066433513,"LONG":-54.64990400000001,"fonte":"IBGE, Censo Demográfico 2022, Localidades Indígenas, arquivo atualizado em 19/09/2025","url_fonte":"https://geoftp.ibge.gov.br/organizacao_do_territorio/estrutura_territorial/localidades/localidades_indigenas_2022/"},"geometry":{"coordinates":[-54.64990400000001,-22.49496066433513],"type":"Point"}},{"type":"Feature","properties":{"CD_UF":50,"NM_UF":"Mato Grosso do Sul","CD_MUNIC":5001102,"NM_MUNIC":"Aquidauana","ID_LI":5000422,"CD_LI":5010044,"OCORRENCIA":1,"NM_LI":"Vila Catarina","CD_SETOR":500110205000064,"SITUACAO":"Rural","CD_SIT":8,"CD_TIPO":5.0,"CD_AGLOM":500110200013.0,"NM_AGLOM":"Aldeia Indígena Córrego Seco/Cruzeiro","CD_TI":7242.0,"TI_FUNAI":25701.0,"NM_TI":"Limão Verde","FASE":"Regularizada","C_CR_FUNAI":30202002004.0,"N_CR_FUNAI":"Campo Grande","ALD_FUNAI":null,"VAL_FUNAI":null,"ALD_SIASI":null,"VAL_SIASI":null,"AMZ_LEG":null,"LAT":-20.34357977646919,"LONG":-55.71561404166667,"fonte":"IBGE, Censo Demográfico 2022, Localidades Indígenas, arquivo atualizado em 19/09/2025","url_fonte":"https://geoftp.ibge.gov.br/organizacao_do_territorio/estrutura_territorial/localidades/localidades_indigenas_2022/"},"geometry":{"coordinates":[-55.71561404166667,-20.34357977646919],"type":"Point"}},{"type":"Feature","properties":{"CD_UF":50,"NM_UF":"Mato Grosso do Sul","CD_MUNIC":5004502,"NM_MUNIC":"Itaporã","ID_LI":5000425,"CD_LI":5010021,"OCORRENCIA":20,"NM_LI":"Aldeia Indígena Bororó","CD_SETOR":500450205000043,"SITUACAO":"Rural","CD_SIT":8,"CD_TIPO":5.0,"CD_AGLOM":500450200007.0,"NM_AGLOM":"Aldeia Indígena Avaeté","CD_TI":7307.0,"TI_FUNAI":11101.0,"NM_TI":"Dourados","FASE":"Regularizada","C_CR_FUNAI":30202002011.0,"N_CR_FUNAI":"Dourados","ALD_FUNAI":38.0,"VAL_FUNAI":1.0,"ALD_SIASI":null,"VAL_SIASI":null,"AMZ_LEG":null,"LAT":-22.173457207110907,"LONG":-54.88254954235826,"fonte":"IBGE, Censo Demográfico 2022, Localidades Indígenas, arquivo atualizado em 19/09/2025","url_fonte":"https://geoftp.ibge.gov.br/organizacao_do_territorio/estrutura_territorial/localidades/localidades_indigenas_2022/"},"geometry":{"coordinates":[-54.88254954235826,-22.173457207110907],"type":"Point"}},{"type":"Feature","properties":{"CD_UF":50,"NM_UF":"Mato Grosso do Sul","CD_MUNIC":5000906,"NM_MUNIC":"Antônio João","ID_LI":5000427,"CD_LI":5010022,"OCORRENCIA":1,"NM_LI":"Aldeia Indígena Campestre","CD_SETOR":500090610000006,"SITUACAO":"Rural","CD_SIT":8,"CD_TIPO":null,"CD_AGLOM":null,"NM_AGLOM":null,"CD_TI":50166.0,"TI_FUNAI":30301.0,"NM_TI":"Ñande Ru Marangatu","FASE":"Declarada","C_CR_FUNAI":30202002018.0,"N_CR_FUNAI":"Ponta Porã","ALD_FUNAI":null,"VAL_FUNAI":null,"ALD_SIASI":null,"VAL_SIASI":null,"AMZ_LEG":null,"LAT":-22.209006498247867,"LONG":-56.045262708333325,"fonte":"IBGE, Censo Demográfico 2022, Localidades Indígenas, arquivo atualizado em 19/09/2025","url_fonte":"https://geoftp.ibge.gov.br/organizacao_do_territorio/estrutura_territorial/localidades/localidades_indigenas_2022/"},"geometry":{"coordinates":[-56.045262708333325,-22.209006498247867],"type":"Point"}},{"type":"Feature","properties":{"CD_UF":50,"NM_UF":"Mato Grosso do Sul","CD_MUNIC":5005806,"NM_MUNIC":"Nioaque","ID_LI":5000428,"CD_LI":5010053,"OCORRENCIA":4,"NM_LI":"Aldeia Indígena Cabeceira","CD_SETOR":500580605000043,"SITUACAO":"Rural","CD_SIT":8,"CD_TIPO":5.0,"CD_AGLOM":500580600014.0,"NM_AGLOM":"Aldeia Indígena Cabeceira","CD_TI":7234.0,"TI_FUNAI":30601.0,"NM_TI":"Nioaque","FASE":"Regularizada","C_CR_FUNAI":30202002004.0,"N_CR_FUNAI":"Campo Grande","ALD_FUNAI":2968.0,"VAL_FUNAI":1.0,"ALD_SIASI":null,"VAL_SIASI":null,"AMZ_LEG":null,"LAT":-21.16741563773889,"LONG":-55.74835187435932,"fonte":"IBGE, Censo Demográfico 2022, Localidades Indígenas, arquivo atualizado em 19/09/2025","url_fonte":"https://geoftp.ibge.gov.br/organizacao_do_territorio/estrutura_territorial/localidades/localidades_indigenas_2022/"},"geometry":{"coordinates":[-55.74835187435932,-21.16741563773889],"type":"Point"}},{"type":"Feature","properties":{"CD_UF":50,"NM_UF":"Mato Grosso do Sul","CD_MUNIC":5001102,"NM_MUNIC":"Aquidauana","ID_LI":5000434,"CD_LI":5010064,"OCORRENCIA":1,"NM_LI":"Aldeia Indígena Recanto Buritizinho","CD_SETOR":500110205000053,"SITUACAO":"Rural","CD_SIT":8,"CD_TIPO":5.0,"CD_AGLOM":500110200012.0,"NM_AGLOM":"Aldeia Indígena Limão Verde","CD_TI":7242.0,"TI_FUNAI":25701.0,"NM_TI":"Limão Verde","FASE":"Regularizada","C_CR_FUNAI":30202002004.0,"N_CR_FUNAI":"Campo Grande","ALD_FUNAI":null,"VAL_FUNAI":null,"ALD_SIASI":null,"VAL_SIASI":null,"AMZ_LEG":null,"LAT":-20.33073863830166,"LONG":-55.66712727777779,"fonte":"IBGE, Censo Demográfico 2022, Localidades Indígenas, arquivo atualizado em 19/09/2025","url_fonte":"https://geoftp.ibge.gov.br/organizacao_do_territorio/estrutura_territorial/localidades/localidades_indigenas_2022/"},"geometry":{"coordinates":[-55.66712727777779,-20.33073863830166],"type":"Point"}},{"type":"Feature","properties":{"CD_UF":50,"NM_UF":"Mato Grosso do Sul","CD_MUNIC":5002407,"NM_MUNIC":"Caarapó","ID_LI":5000437,"CD_LI":5010006,"OCORRENCIA":18,"NM_LI":"Aldeia Indígena Te'ýi Kuê","CD_SETOR":500240705000048,"SITUACAO":"Rural","CD_SIT":8,"CD_TIPO":5.0,"CD_AGLOM":500240700005.0,"NM_AGLOM":"Aldeia Indígena Te Yi Kuê","CD_TI":7293.0,"TI_FUNAI":7201.0,"NM_TI":"Caarapó","FASE":"Regularizada","C_CR_FUNAI":30202002011.0,"N_CR_FUNAI":"Dourados","ALD_FUNAI":418.0,"VAL_FUNAI":1.0,"ALD_SIASI":null,"VAL_SIASI":null,"AMZ_LEG":null,"LAT":-22.594729513157844,"LONG":-54.92012609718344,"fonte":"IBGE, Censo Demográfico 2022, Localidades Indígenas, arquivo atualizado em 19/09/2025","url_fonte":"https://geoftp.ibge.gov.br/organizacao_do_territorio/estrutura_territorial/localidades/localidades_indigenas_2022/"},"geometry":{"coordinates":[-54.92012609718344,-22.594729513157844],"type":"Point"}},{"type":"Feature","properties":{"CD_UF":50,"NM_UF":"Mato Grosso do Sul","CD_MUNIC":5000906,"NM_MUNIC":"Antônio João","ID_LI":5000438,"CD_LI":5010041,"OCORRENCIA":1,"NM_LI":"Fazenda Cedro","CD_SETOR":500090610000006,"SITUACAO":"Rural","CD_SIT":8,"CD_TIPO":null,"CD_AGLOM":null,"NM_AGLOM":null,"CD_TI":50166.0,"TI_FUNAI":30301.0,"NM_TI":"Ñande Ru Marangatu","FASE":"Declarada","C_CR_FUNAI":30202002018.0,"N_CR_FUNAI":"Ponta Porã","ALD_FUNAI":null,"VAL_FUNAI":null,"ALD_SIASI":null,"VAL_SIASI":null,"AMZ_LEG":null,"LAT":-22.20584705492524,"LONG":-56.04679713888889,"fonte":"IBGE, Censo Demográfico 2022, Localidades Indígenas, arquivo atualizado em 19/09/2025","url_fonte":"https://geoftp.ibge.gov.br/organizacao_do_territorio/estrutura_territorial/localidades/localidades_indigenas_2022/"},"geometry":{"coordinates":[-56.04679713888889,-22.20584705492524],"type":"Point"}},{"type":"Feature","properties":{"CD_UF":50,"NM_UF":"Mato Grosso do Sul","CD_MUNIC":5005608,"NM_MUNIC":"Miranda","ID_LI":5000442,"CD_LI":5010085,"OCORRENCIA":1,"NM_LI":"Terra Indígena Lalima","CD_SETOR":500560805000052,"SITUACAO":"Rural","CD_SIT":8,"CD_TIPO":5.0,"CD_AGLOM":500560800009.0,"NM_AGLOM":"Aldeia Indígena Lalima","CD_TI":7277.0,"TI_FUNAI":25101.0,"NM_TI":"Lalima","FASE":"Regularizada","C_CR_FUNAI":30202002004.0,"N_CR_FUNAI":"Campo Grande","ALD_FUNAI":null,"VAL_FUNAI":null,"ALD_SIASI":null,"VAL_SIASI":null,"AMZ_LEG":null,"LAT":-20.56126683274066,"LONG":-56.27445919444445,"fonte":"IBGE, Censo Demográfico 2022, Localidades Indígenas, arquivo atualizado em 19/09/2025","url_fonte":"https://geoftp.ibge.gov.br/organizacao_do_territorio/estrutura_territorial/localidades/localidades_indigenas_2022/"},"geometry":{"coordinates":[-56.27445919444445,-20.56126683274066],"type":"Point"}},{"type":"Feature","properties":{"CD_UF":50,"NM_UF":"Mato Grosso do Sul","CD_MUNIC":5005806,"NM_MUNIC":"Nioaque","ID_LI":5000444,"CD_LI":5010018,"OCORRENCIA":5,"NM_LI":"Aldeia Indígena Brejão","CD_SETOR":500580605000046,"SITUACAO":"Rural","CD_SIT":8,"CD_TIPO":5.0,"CD_AGLOM":500580600017.0,"NM_AGLOM":"Aldeia Indígena Brejão","CD_TI":7234.0,"TI_FUNAI":30601.0,"NM_TI":"Nioaque","FASE":"Regularizada","C_CR_FUNAI":30202002004.0,"N_CR_FUNAI":"Campo Grande","ALD_FUNAI":2964.0,"VAL_FUNAI":1.0,"ALD_SIASI":null,"VAL_SIASI":null,"AMZ_LEG":null,"LAT":-21.1487944444,"LONG":-55.7245888889,"fonte":"IBGE, Censo Demográfico 2022, Localidades Indígenas, arquivo atualizado em 19/09/2025","url_fonte":"https://geoftp.ibge.gov.br/organizacao_do_territorio/estrutura_territorial/localidades/localidades_indigenas_2022/"},"geometry":{"coordinates":[-55.7245888889,-21.1487944444],"type":"Point"}},{"type":"Feature","properties":{"CD_UF":50,"NM_UF":"Mato Grosso do Sul","CD_MUNIC":5002407,"NM_MUNIC":"Caarapó","ID_LI":5000446,"CD_LI":5010006,"OCORRENCIA":19,"NM_LI":"Aldeia Indígena Te'ýi Kuê","CD_SETOR":500240705000046,"SITUACAO":"Rural","CD_SIT":8,"CD_TIPO":5.0,"CD_AGLOM":500240700005.0,"NM_AGLOM":"Aldeia Indígena Te Yi Kuê","CD_TI":7293.0,"TI_FUNAI":7201.0,"NM_TI":"Caarapó","FASE":"Regularizada","C_CR_FUNAI":30202002011.0,"N_CR_FUNAI":"Dourados","ALD_FUNAI":418.0,"VAL_FUNAI":1.0,"ALD_SIASI":null,"VAL_SIASI":null,"AMZ_LEG":null,"LAT":-22.595833333333,"LONG":-54.965277777778,"fonte":"IBGE, Censo Demográfico 2022, Localidades Indígenas, arquivo atualizado em 19/09/2025","url_fonte":"https://geoftp.ibge.gov.br/organizacao_do_territorio/estrutura_territorial/localidades/localidades_indigenas_2022/"},"geometry":{"coordinates":[-54.965277777778,-22.595833333333],"type":"Point"}},{"type":"Feature","properties":{"CD_UF":50,"NM_UF":"Mato Grosso do Sul","CD_MUNIC":5002407,"NM_MUNIC":"Caarapó","ID_LI":5000447,"CD_LI":5010006,"OCORRENCIA":20,"NM_LI":"Aldeia Indígena Te'ýi Kuê","CD_SETOR":500240720000006,"SITUACAO":"Rural","CD_SIT":8,"CD_TIPO":5.0,"CD_AGLOM":500240700005.0,"NM_AGLOM":"Aldeia Indígena Te Yi Kuê","CD_TI":7293.0,"TI_FUNAI":7201.0,"NM_TI":"Caarapó","FASE":"Regularizada","C_CR_FUNAI":30202002011.0,"N_CR_FUNAI":"Dourados","ALD_FUNAI":418.0,"VAL_FUNAI":1.0,"ALD_SIASI":null,"VAL_SIASI":null,"AMZ_LEG":null,"LAT":-22.5838795643586,"LONG":-54.9966592269769,"fonte":"IBGE, Censo Demográfico 2022, Localidades Indígenas, arquivo atualizado em 19/09/2025","url_fonte":"https://geoftp.ibge.gov.br/organizacao_do_territorio/estrutura_territorial/localidades/localidades_indigenas_2022/"},"geometry":{"coordinates":[-54.9966592269769,-22.5838795643586],"type":"Point"}},{"type":"Feature","properties":{"CD_UF":50,"NM_UF":"Mato Grosso do Sul","CD_MUNIC":5002407,"NM_MUNIC":"Caarapó","ID_LI":5000448,"CD_LI":5010006,"OCORRENCIA":21,"NM_LI":"Aldeia Indígena Te'ýi Kuê","CD_SETOR":500240720000007,"SITUACAO":"Rural","CD_SIT":8,"CD_TIPO":5.0,"CD_AGLOM":500240700005.0,"NM_AGLOM":"Aldeia Indígena Te Yi Kuê","CD_TI":7293.0,"TI_FUNAI":7201.0,"NM_TI":"Caarapó","FASE":"Regularizada","C_CR_FUNAI":30202002011.0,"N_CR_FUNAI":"Dourados","ALD_FUNAI":418.0,"VAL_FUNAI":1.0,"ALD_SIASI":null,"VAL_SIASI":null,"AMZ_LEG":null,"LAT":-22.5870150494615,"LONG":-54.96430538957149,"fonte":"IBGE, Censo Demográfico 2022, Localidades Indígenas, arquivo atualizado em 19/09/2025","url_fonte":"https://geoftp.ibge.gov.br/organizacao_do_territorio/estrutura_territorial/localidades/localidades_indigenas_2022/"},"geometry":{"coordinates":[-54.96430538957149,-22.5870150494615],"type":"Point"}},{"type":"Feature","properties":{"CD_UF":50,"NM_UF":"Mato Grosso do Sul","CD_MUNIC":5000609,"NM_MUNIC":"Amambai","ID_LI":5000450,"CD_LI":5010136,"OCORRENCIA":41,"NM_LI":"Aldeia Indígena Amambai","CD_SETOR":500060905000085,"SITUACAO":"Rural","CD_SIT":8,"CD_TIPO":5.0,"CD_AGLOM":500060900007.0,"NM_AGLOM":"Aldeia Indígena Amambai","CD_TI":7188.0,"TI_FUNAI":1601.0,"NM_TI":"Amambai","FASE":"Regularizada","C_CR_FUNAI":30202002018.0,"N_CR_FUNAI":"Ponta Porã","ALD_FUNAI":3071.0,"VAL_FUNAI":1.0,"ALD_SIASI":null,"VAL_SIASI":null,"AMZ_LEG":null,"LAT":-23.0800083710407,"LONG":-55.1987656277584,"fonte":"IBGE, Censo Demográfico 2022, Localidades Indígenas, arquivo atualizado em 19/09/2025","url_fonte":"https://geoftp.ibge.gov.br/organizacao_do_territorio/estrutura_territorial/localidades/localidades_indigenas_2022/"},"geometry":{"coordinates":[-55.1987656277584,-23.0800083710407],"type":"Point"}},{"type":"Feature","properties":{"CD_UF":50,"NM_UF":"Mato Grosso do Sul","CD_MUNIC":5004809,"NM_MUNIC":"Japorã","ID_LI":5000452,"CD_LI":5010108,"OCORRENCIA":13,"NM_LI":"Aldeia Indígena Porto Lindo / Jakarey","CD_SETOR":500480910000005,"SITUACAO":"Rural","CD_SIT":8,"CD_TIPO":5.0,"CD_AGLOM":500480900006.0,"NM_AGLOM":"Aldeia Indígena Porto Lindo","CD_TI":50739.0,"TI_FUNAI":36702.0,"NM_TI":"Yvy-Katu","FASE":"Declarada","C_CR_FUNAI":30202002018.0,"N_CR_FUNAI":"Ponta Porã","ALD_FUNAI":3099.0,"VAL_FUNAI":1.0,"ALD_SIASI":null,"VAL_SIASI":null,"AMZ_LEG":null,"LAT":-23.802219234862328,"LONG":-54.60817415,"fonte":"IBGE, Censo Demográfico 2022, Localidades Indígenas, arquivo atualizado em 19/09/2025","url_fonte":"https://geoftp.ibge.gov.br/organizacao_do_territorio/estrutura_territorial/localidades/localidades_indigenas_2022/"},"geometry":{"coordinates":[-54.60817415,-23.802219234862328],"type":"Point"}},{"type":"Feature","properties":{"CD_UF":50,"NM_UF":"Mato Grosso do Sul","CD_MUNIC":5003157,"NM_MUNIC":"Coronel Sapucaia","ID_LI":5000454,"CD_LI":5010066,"OCORRENCIA":18,"NM_LI":"Aldeia Indígena Taquaperi","CD_SETOR":500315705000025,"SITUACAO":"Rural","CD_SIT":8,"CD_TIPO":5.0,"CD_AGLOM":500315700002.0,"NM_AGLOM":"Aldeia Indígena Taquaperi","CD_TI":7218.0,"TI_FUNAI":44101.0,"NM_TI":"Taquaperi","FASE":"Regularizada","C_CR_FUNAI":30202002018.0,"N_CR_FUNAI":"Ponta Porã","ALD_FUNAI":3109.0,"VAL_FUNAI":1.0,"ALD_SIASI":51841.0,"VAL_SIASI":1.0,"AMZ_LEG":null,"LAT":-23.20575,"LONG":-55.4239,"fonte":"IBGE, Censo Demográfico 2022, Localidades Indígenas, arquivo atualizado em 19/09/2025","url_fonte":"https://geoftp.ibge.gov.br/organizacao_do_territorio/estrutura_territorial/localidades/localidades_indigenas_2022/"},"geometry":{"coordinates":[-55.4239,-23.20575],"type":"Point"}},{"type":"Feature","properties":{"CD_UF":50,"NM_UF":"Mato Grosso do Sul","CD_MUNIC":5005152,"NM_MUNIC":"Juti","ID_LI":5000455,"CD_LI":5010030,"OCORRENCIA":1,"NM_LI":"Aldeia Indígena Takuara","CD_SETOR":500515205000010,"SITUACAO":"Rural","CD_SIT":8,"CD_TIPO":5.0,"CD_AGLOM":500515200001.0,"NM_AGLOM":"Aldeia Indígena Taquara","CD_TI":50649.0,"TI_FUNAI":44201.0,"NM_TI":"Taquara","FASE":"Declarada","C_CR_FUNAI":30202002011.0,"N_CR_FUNAI":"Dourados","ALD_FUNAI":null,"VAL_FUNAI":null,"ALD_SIASI":null,"VAL_SIASI":null,"AMZ_LEG":null,"LAT":-22.69309098333333,"LONG":-54.64109333333334,"fonte":"IBGE, Censo Demográfico 2022, Localidades Indígenas, arquivo atualizado em 19/09/2025","url_fonte":"https://geoftp.ibge.gov.br/organizacao_do_territorio/estrutura_territorial/localidades/localidades_indigenas_2022/"},"geometry":{"coordinates":[-54.64109333333334,-22.69309098333333],"type":"Point"}},{"type":"Feature","properties":{"CD_UF":50,"NM_UF":"Mato Grosso do Sul","CD_MUNIC":5001102,"NM_MUNIC":"Aquidauana","ID_LI":5000456,"CD_LI":5010129,"OCORRENCIA":5,"NM_LI":"Aldeia Indígena Limão Verde","CD_SETOR":500110205000053,"SITUACAO":"Rural","CD_SIT":8,"CD_TIPO":5.0,"CD_AGLOM":500110200012.0,"NM_AGLOM":"Aldeia Indígena Limão Verde","CD_TI":7242.0,"TI_FUNAI":25701.0,"NM_TI":"Limão Verde","FASE":"Regularizada","C_CR_FUNAI":30202002004.0,"N_CR_FUNAI":"Campo Grande","ALD_FUNAI":2962.0,"VAL_FUNAI":1.0,"ALD_SIASI":null,"VAL_SIASI":null,"AMZ_LEG":null,"LAT":-20.3269836142775,"LONG":-55.6911023500891,"fonte":"IBGE, Censo Demográfico 2022, Localidades Indígenas, arquivo atualizado em 19/09/2025","url_fonte":"https://geoftp.ibge.gov.br/organizacao_do_territorio/estrutura_territorial/localidades/localidades_indigenas_2022/"},"geometry":{"coordinates":[-55.6911023500891,-20.3269836142775],"type":"Point"}},{"type":"Feature","properties":{"CD_UF":50,"NM_UF":"Mato Grosso do Sul","CD_MUNIC":5001102,"NM_MUNIC":"Aquidauana","ID_LI":5000459,"CD_LI":5010156,"OCORRENCIA":4,"NM_LI":"Aldeia Indígena Ipegue","CD_SETOR":500110225000021,"SITUACAO":"Rural","CD_SIT":5,"CD_TIPO":5.0,"CD_AGLOM":500110200009.0,"NM_AGLOM":"Aldeia Indígena Ipegue","CD_TI":7250.0,"TI_FUNAI":44401.0,"NM_TI":"Taunay-Ipegue","FASE":"Regularizada","C_CR_FUNAI":30202002004.0,"N_CR_FUNAI":"Campo Grande","ALD_FUNAI":2972.0,"VAL_FUNAI":1.0,"ALD_SIASI":51165.0,"VAL_SIASI":2.0,"AMZ_LEG":null,"LAT":-20.2283096,"LONG":-56.05073943845535,"fonte":"IBGE, Censo Demográfico 2022, Localidades Indígenas, arquivo atualizado em 19/09/2025","url_fonte":"https://geoftp.ibge.gov.br/organizacao_do_territorio/estrutura_territorial/localidades/localidades_indigenas_2022/"},"geometry":{"coordinates":[-56.05073943845535,-20.2283096],"type":"Point"}},{"type":"Feature","properties":{"CD_UF":50,"NM_UF":"Mato Grosso do Sul","CD_MUNIC":5002100,"NM_MUNIC":"Bela Vista","ID_LI":5000460,"CD_LI":5010027,"OCORRENCIA":2,"NM_LI":"Aldeia Indigena Pirakua","CD_SETOR":500210005000029,"SITUACAO":"Rural","CD_SIT":8,"CD_TIPO":5.0,"CD_AGLOM":500210000009.0,"NM_AGLOM":"Aldeia Indígena Pirakua","CD_TI":7161.0,"TI_FUNAI":36001.0,"NM_TI":"Pirakua","FASE":"Regularizada","C_CR_FUNAI":30202002018.0,"N_CR_FUNAI":"Ponta Porã","ALD_FUNAI":null,"VAL_FUNAI":null,"ALD_SIASI":50066.0,"VAL_SIASI":1.0,"AMZ_LEG":null,"LAT":-22.0048353783437,"LONG":-56.052114764775,"fonte":"IBGE, Censo Demográfico 2022, Localidades Indígenas, arquivo atualizado em 19/09/2025","url_fonte":"https://geoftp.ibge.gov.br/organizacao_do_territorio/estrutura_territorial/localidades/localidades_indigenas_2022/"},"geometry":{"coordinates":[-56.052114764775,-22.0048353783437],"type":"Point"}},{"type":"Feature","properties":{"CD_UF":50,"NM_UF":"Mato Grosso do Sul","CD_MUNIC":5004502,"NM_MUNIC":"Itaporã","ID_LI":5000461,"CD_LI":5010021,"OCORRENCIA":21,"NM_LI":"Aldeia Indígena Bororó","CD_SETOR":500450205000038,"SITUACAO":"Rural","CD_SIT":8,"CD_TIPO":5.0,"CD_AGLOM":500450200006.0,"NM_AGLOM":"Aldeia Indígena Bororó","CD_TI":7307.0,"TI_FUNAI":11101.0,"NM_TI":"Dourados","FASE":"Regularizada","C_CR_FUNAI":30202002011.0,"N_CR_FUNAI":"Dourados","ALD_FUNAI":38.0,"VAL_FUNAI":1.0,"ALD_SIASI":null,"VAL_SIASI":null,"AMZ_LEG":null,"LAT":-22.1739104115031,"LONG":-54.8570121775212,"fonte":"IBGE, Censo Demográfico 2022, Localidades Indígenas, arquivo atualizado em 19/09/2025","url_fonte":"https://geoftp.ibge.gov.br/organizacao_do_territorio/estrutura_territorial/localidades/localidades_indigenas_2022/"},"geometry":{"coordinates":[-54.8570121775212,-22.1739104115031],"type":"Point"}},{"type":"Feature","properties":{"CD_UF":50,"NM_UF":"Mato Grosso do Sul","CD_MUNIC":5005608,"NM_MUNIC":"Miranda","ID_LI":5000471,"CD_LI":5010043,"OCORRENCIA":1,"NM_LI":"Aldeia Indígena Nossa Senhora de Fátima","CD_SETOR":500560805000050,"SITUACAO":"Rural","CD_SIT":8,"CD_TIPO":5.0,"CD_AGLOM":500560800011.0,"NM_AGLOM":"Aldeia Indígena Nossa Senhora de Fátima","CD_TI":50673.0,"TI_FUNAI":30901.0,"NM_TI":"Nossa Senhora de Fátima","FASE":"Regularizada","C_CR_FUNAI":30202002004.0,"N_CR_FUNAI":"Campo Grande","ALD_FUNAI":null,"VAL_FUNAI":null,"ALD_SIASI":null,"VAL_SIASI":null,"AMZ_LEG":null,"LAT":-20.3670012,"LONG":-56.13446476669826,"fonte":"IBGE, Censo Demográfico 2022, Localidades Indígenas, arquivo atualizado em 19/09/2025","url_fonte":"https://geoftp.ibge.gov.br/organizacao_do_territorio/estrutura_territorial/localidades/localidades_indigenas_2022/"},"geometry":{"coordinates":[-56.13446476669826,-20.3670012],"type":"Point"}},{"type":"Feature","properties":{"CD_UF":50,"NM_UF":"Mato Grosso do Sul","CD_MUNIC":5003702,"NM_MUNIC":"Dourados","ID_LI":5000475,"CD_LI":5010094,"OCORRENCIA":6,"NM_LI":"Aldeia Indigena Jaguapiru","CD_SETOR":500370205000439,"SITUACAO":"Rural","CD_SIT":8,"CD_TIPO":5.0,"CD_AGLOM":500370200008.0,"NM_AGLOM":"Aldeia Indígena Jaguapiru","CD_TI":7307.0,"TI_FUNAI":11101.0,"NM_TI":"Dourados","FASE":"Regularizada","C_CR_FUNAI":30202002011.0,"N_CR_FUNAI":"Dourados","ALD_FUNAI":null,"VAL_FUNAI":null,"ALD_SIASI":50067.0,"VAL_SIASI":1.0,"AMZ_LEG":null,"LAT":-22.1868903791305,"LONG":-54.7960294254103,"fonte":"IBGE, Censo Demográfico 2022, Localidades Indígenas, arquivo atualizado em 19/09/2025","url_fonte":"https://geoftp.ibge.gov.br/organizacao_do_territorio/estrutura_territorial/localidades/localidades_indigenas_2022/"},"geometry":{"coordinates":[-54.7960294254103,-22.1868903791305],"type":"Point"}},{"type":"Feature","properties":{"CD_UF":50,"NM_UF":"Mato Grosso do Sul","CD_MUNIC":5003702,"NM_MUNIC":"Dourados","ID_LI":5000476,"CD_LI":5010094,"OCORRENCIA":7,"NM_LI":"Aldeia Indigena Jaguapiru","CD_SETOR":500370205000434,"SITUACAO":"Rural","CD_SIT":8,"CD_TIPO":5.0,"CD_AGLOM":500370200008.0,"NM_AGLOM":"Aldeia Indígena Jaguapiru","CD_TI":7307.0,"TI_FUNAI":11101.0,"NM_TI":"Dourados","FASE":"Regularizada","C_CR_FUNAI":30202002011.0,"N_CR_FUNAI":"Dourados","ALD_FUNAI":null,"VAL_FUNAI":null,"ALD_SIASI":50067.0,"VAL_SIASI":1.0,"AMZ_LEG":null,"LAT":-22.1759828759532,"LONG":-54.8335698059725,"fonte":"IBGE, Censo Demográfico 2022, Localidades Indígenas, arquivo atualizado em 19/09/2025","url_fonte":"https://geoftp.ibge.gov.br/organizacao_do_territorio/estrutura_territorial/localidades/localidades_indigenas_2022/"},"geometry":{"coordinates":[-54.8335698059725,-22.1759828759532],"type":"Point"}},{"type":"Feature","properties":{"CD_UF":50,"NM_UF":"Mato Grosso do Sul","CD_MUNIC":5007901,"NM_MUNIC":"Sidrolândia","ID_LI":5000479,"CD_LI":5010144,"OCORRENCIA":2,"NM_LI":"Aldeia Indígena Tereré","CD_SETOR":500790105000011,"SITUACAO":"Urbana","CD_SIT":1,"CD_TIPO":5.0,"CD_AGLOM":500790100024.0,"NM_AGLOM":"Aldeia Indígena Tereré","CD_TI":50158.0,"TI_FUNAI":7101.0,"NM_TI":"Buritizinho","FASE":"Regularizada","C_CR_FUNAI":30202002004.0,"N_CR_FUNAI":"Campo Grande","ALD_FUNAI":null,"VAL_FUNAI":null,"ALD_SIASI":null,"VAL_SIASI":null,"AMZ_LEG":null,"LAT":-20.939375861144786,"LONG":-54.976137944444446,"fonte":"IBGE, Censo Demográfico 2022, Localidades Indígenas, arquivo atualizado em 19/09/2025","url_fonte":"https://geoftp.ibge.gov.br/organizacao_do_territorio/estrutura_territorial/localidades/localidades_indigenas_2022/"},"geometry":{"coordinates":[-54.976137944444446,-20.939375861144786],"type":"Point"}},{"type":"Feature","properties":{"CD_UF":50,"NM_UF":"Mato Grosso do Sul","CD_MUNIC":5000906,"NM_MUNIC":"Antônio João","ID_LI":5000485,"CD_LI":5010022,"OCORRENCIA":2,"NM_LI":"Aldeia Indígena Campestre","CD_SETOR":500090610000002,"SITUACAO":"Urbana","CD_SIT":2,"CD_TIPO":5.0,"CD_AGLOM":500090600001.0,"NM_AGLOM":"Aldeia Indígena Campestre","CD_TI":50166.0,"TI_FUNAI":30301.0,"NM_TI":"Ñande Ru Marangatu","FASE":"Declarada","C_CR_FUNAI":30202002018.0,"N_CR_FUNAI":"Ponta Porã","ALD_FUNAI":null,"VAL_FUNAI":null,"ALD_SIASI":null,"VAL_SIASI":null,"AMZ_LEG":null,"LAT":-22.2078526,"LONG":-56.04148618371661,"fonte":"IBGE, Censo Demográfico 2022, Localidades Indígenas, arquivo atualizado em 19/09/2025","url_fonte":"https://geoftp.ibge.gov.br/organizacao_do_territorio/estrutura_territorial/localidades/localidades_indigenas_2022/"},"geometry":{"coordinates":[-56.04148618371661,-22.2078526],"type":"Point"}},{"type":"Feature","properties":{"CD_UF":50,"NM_UF":"Mato Grosso do Sul","CD_MUNIC":5001102,"NM_MUNIC":"Aquidauana","ID_LI":5000702,"CD_LI":5010163,"OCORRENCIA":1,"NM_LI":"Distrito de Taunay","CD_SETOR":500110225000001,"SITUACAO":"Urbana","CD_SIT":2,"CD_TIPO":null,"CD_AGLOM":null,"NM_AGLOM":null,"CD_TI":50750.0,"TI_FUNAI":44402.0,"NM_TI":"Taunay/Ipegue","FASE":"Declarada","C_CR_FUNAI":30202002004.0,"N_CR_FUNAI":"Campo Grande","ALD_FUNAI":null,"VAL_FUNAI":null,"ALD_SIASI":null,"VAL_SIASI":null,"AMZ_LEG":null,"LAT":-20.29088144447696,"LONG":-56.07462933333333,"fonte":"IBGE, Censo Demográfico 2022, Localidades Indígenas, arquivo atualizado em 19/09/2025","url_fonte":"https://geoftp.ibge.gov.br/organizacao_do_territorio/estrutura_territorial/localidades/localidades_indigenas_2022/"},"geometry":{"coordinates":[-56.07462933333333,-20.29088144447696],"type":"Point"}}],"atlas_metadata":{"origem":"JOAJU MS · snapshot incorporado","fonte_primaria":"IBGE · Censo Demográfico 2022","migrado_para":"ITA ARANDU MS V36","migrado_em":"2026-08-14","nota":"Somente localidades publicadas em fonte oficial. Não inclui localização não pública de sítios sensíveis."}}