{"type":"FeatureCollection","features":[{"type":"Feature","id":28693841,"geometry":{"type":"Point","coordinates":[-56.90747160000001,-21.6517298]},"properties":{"OBJECTID":28693841,"COD_AMOSTRA":84251,"COD_AFLORAMENTO":412950,"COD_ROCHA":468188,"NUM_CAMPO_AMOSTRA":"MR-0115","COD_LAMINA":24760,"NUM_CAMPO_LAMINA":"4075-MR-R-0115","NOTAS":"Macroscopia\r\nAmostra com 16,5 x 07 cm com superfície alterada com cor cinza amarronzado. A granulação é média (01 a 03 mm). Ocorre uma alternância entre leitos ricos em hornblenda e lâminas com concentração de feldspato e quartzo?. A estrutura é xistosa. A textura é nematoblástica.\r\nMicroscopia\r\nPresença de cristais orientados de hornblenda verde subédrica, com até 03 mm, por vezes geminada. Parte dos cristais de hornblenda mostra inclusões muito pequenas (<<0,1 mm) de quartzo arredondado e apatita. Algumas inclusões são vermiformes.\r\nOs cristais de hornblenda estão por vezes em contato levemente irregular com clinopiroxênio, mais alterado, anédrico, incolor a levemente esverdeado e com até 01 mm. Esses cristais também por vezes mostram inclusões de quartzo e hornblenda. Ocorre um cristal possivelmente de ortopiroxênio com birrefringência mais baixa.\r\nOs cristais de feldspato se concentram em pequenas lentes localizadas entre os cristais de hornblenda. Essas lentes mostram uma associação entre cristais de plagioclásio (deformados, sem geminação, com até 02 mm e extinção concêntrica) e alguns pequenos cristais de quartzo. Ocorrem regiões com concentração de pequenos cristais de titanita.\r\nNome da rocha: piroxênio anfibolito ","PETROGRAFO":"Vidyã Vieira de Almeida","PROJETO":"Bonito - Porto Murtinho","BASE_CARTOGRAFICA":"SF.21-X-C-IV - Fazenda Margarida","TIPO_SECAO":"Delgada","GRAU_INTEMPERISMO":"Moderadamente intemperizada","TAMANHO_AMOSTRA":"16 cm","COR_RX_FRESCA":"Cinza esverdeado","COR_RX_INTEMPERIZADA":null,"GRANULACAO_MINIMA":"Fanerítica média (1,0-5,0mm)","GRANULACAO_MEDIA":"Fanerítica média (1,0-5,0mm)","GRANULACAO_MAXIMA":"Fanerítica média (1,0-5,0mm)","SELECIONAMENTO":null,"CONSISTENCIA_AMOSTRA":"Consistente","CONTATO":"Contato intrusivo","COD_CLASSIFICACAO":null,"PROTOLITO":null,"ROCHA":"Piroxênio hornblendito","LINK":"p_cod_amostra=84251&p_cod_rocha=468188&p_cod_afloramento=412950","LOCAL_LAMINA":"SUREG-SP","LOTE_LAMINA":null,"NUM_LAB_LAMINA":null,"FICHA":null,"MINERAIS_IDENTIFICADOS":"Hornblenda(64%), Quartzo(4%), Augita(4%), Titanita(2%), Apatita(<1%), Ortoferrosilita(1%)","X":-56.9074716,"Y":-21.6517298,"DATUM":"WGS84","__atlas_chave_independente":"AFLOR_ROCHA:412950:468188","__atlas_n_registros_grupo":1,"__atlas_q_registro":0.875,"__atlas_q_grupo":0.875,"__atlas_unidade_geologica_id":"1465","__atlas_unidade_geologica_sigla":"PP3ap","__atlas_unidade_geologica_nome":"Complexo Rio Apa","__atlas_fonte":"SGB · GeoSGB · Petrografia","__atlas_snapshot":"2026-08-14"}},{"type":"Feature","id":28693889,"geometry":{"type":"Point","coordinates":[-56.85993500000001,-21.718319000000008]},"properties":{"OBJECTID":28693889,"COD_AMOSTRA":84273,"COD_AFLORAMENTO":412983,"COD_ROCHA":468226,"NUM_CAMPO_AMOSTRA":"MR-0015-A","COD_LAMINA":24763,"NUM_CAMPO_LAMINA":"4075-MR-R-0015-A","NOTAS":"Macroscopia\r\nAmostra com 14 x 6 cm, parcialmente alterada com coloração rósea. A estrutura é foliada com granulação fina a média.\r\nMicroscopia\r\nA textura da rocha é granoblástica definida pelo quartzo e pelo feldspato (plagioclásio e alcalino). Ocorre o intercrescimento de plagioclásio e quartzo vermicular ( mirmequita) e grãos de feldspato potássico com lamelas de exsolução de plagioclásio (pertitas).\r\nOs cristais de quartzo são xenoblásticos, com extinção ondulante, grãos policristalinos com contatos irregulares formados por recristalização grain boundary migration (GBM). \r\nOs cristais de plagioclásio são subidioblásticos a xenoblásticos e estão parcialmente sericitizados. \r\nOs cristais de feldspato potássico estão subidioblásticos a xenoblásticos.\r\nOs cristais de biotita estão orientados e alguns grãos estão intercrescidos com clorita e muscovita.\r\nOs cristais de clorita estão sempre associados a biotita. \r\nNome da rocha: monzo-granito gnaisse","PETROGRAFO":"Vidyã Vieira de Almeida","PROJETO":"Bonito - Porto Murtinho","BASE_CARTOGRAFICA":"SF.21-X-C-IV - Fazenda Margarida","TIPO_SECAO":"Delgada","GRAU_INTEMPERISMO":"Moderadamente intemperizada","TAMANHO_AMOSTRA":"14 cm","COR_RX_FRESCA":"Rosa claro","COR_RX_INTEMPERIZADA":null,"GRANULACAO_MINIMA":"Fanerítica fina (<1,0mm)","GRANULACAO_MEDIA":"Fanerítica média (1,0-5,0mm)","GRANULACAO_MAXIMA":"Fanerítica média (1,0-5,0mm)","SELECIONAMENTO":null,"CONSISTENCIA_AMOSTRA":"Consistente","CONTATO":null,"COD_CLASSIFICACAO":null,"PROTOLITO":null,"ROCHA":"Granito gnáissico","LINK":"p_cod_amostra=84273&p_cod_rocha=468226&p_cod_afloramento=412983","LOCAL_LAMINA":"SUREG-SP","LOTE_LAMINA":null,"NUM_LAB_LAMINA":null,"FICHA":null,"MINERAIS_IDENTIFICADOS":"Quartzo(40%), Biotita(10%), Opaco (Microscopia)(5%), Sericita(3%), Clorita(2%)","X":-56.859935,"Y":-21.718318999999997,"DATUM":"WGS84","__atlas_chave_independente":"AFLOR_ROCHA:412983:468226","__atlas_n_registros_grupo":1,"__atlas_q_registro":0.875,"__atlas_q_grupo":0.875,"__atlas_unidade_geologica_id":"1465","__atlas_unidade_geologica_sigla":"PP3ap","__atlas_unidade_geologica_nome":"Complexo Rio Apa","__atlas_fonte":"SGB · GeoSGB · Petrografia","__atlas_snapshot":"2026-08-14"}},{"type":"Feature","id":28693905,"geometry":{"type":"Point","coordinates":[-56.74296399999997,-21.67282499999999]},"properties":{"OBJECTID":28693905,"COD_AMOSTRA":84284,"COD_AFLORAMENTO":412992,"COD_ROCHA":468238,"NUM_CAMPO_AMOSTRA":"MR-0024","COD_LAMINA":24764,"NUM_CAMPO_LAMINA":"4075-MR-R-0024-A","NOTAS":"Macroscopia\r\nAmostra com 10 x 10 cm com superfície alterada com porções com cor cinza amarronzado e porções amareladas. A porção menos alterada mostra cor cinza rosado. Ocorre uma matriz muito fina dobrada onde estão dispostos cristais maiores de quartzo? e feldspato? com até 1 mm. Ocorrem leitos milimétricos micáceos esverdeados com granulação muito fina. A estrutura é xistosa. \r\nMicroscopia\r\nA lâmina está muito espessa e repleta de buracos o que praticamente impossibilitou a descrição petrográfica. \r\nSão observados cristais de quartzo anédricos, com < 0,1 a 0,5 mm, alguns com extinção ondulante. O quartzo juntamente com pequenos cristais de minerais opacos são rodeados por sericita. Ocorrem leitos milimétricos com concentração de sericita. Esse leito tem orientação oblíqua em relação à orientação de parte dos cristais.\r\nNome da rocha: sericita- quartzo metarenito","PETROGRAFO":"Vidyã Vieira de Almeida","PROJETO":"Bonito - Porto Murtinho","BASE_CARTOGRAFICA":"SF.21-X-C-IV - Fazenda Margarida","TIPO_SECAO":"Delgada","GRAU_INTEMPERISMO":"Moderadamente intemperizada","TAMANHO_AMOSTRA":"10 cm","COR_RX_FRESCA":"Cinza rosado","COR_RX_INTEMPERIZADA":null,"GRANULACAO_MINIMA":"Areia fina (0,062-0,25mm)","GRANULACAO_MEDIA":"Areia fina (0,062-0,25mm)","GRANULACAO_MAXIMA":"Areia fina (0,062-0,25mm)","SELECIONAMENTO":null,"CONSISTENCIA_AMOSTRA":"Consistente","CONTATO":null,"COD_CLASSIFICACAO":null,"PROTOLITO":null,"ROCHA":"Quartzo metarenito","LINK":"p_cod_amostra=84284&p_cod_rocha=468238&p_cod_afloramento=412992","LOCAL_LAMINA":"SUREG-SP","LOTE_LAMINA":null,"NUM_LAB_LAMINA":null,"FICHA":null,"MINERAIS_IDENTIFICADOS":"Quartzo(60%), Sericita(27%), Opaco (Microscopia)(13%)","X":-56.742964,"Y":-21.672825,"DATUM":"WGS84","__atlas_chave_independente":"AFLOR_ROCHA:412992:468238","__atlas_n_registros_grupo":1,"__atlas_q_registro":0.875,"__atlas_q_grupo":0.875,"__atlas_unidade_geologica_id":"3344","__atlas_unidade_geologica_sigla":"NP3cec","__atlas_unidade_geologica_nome":"Fácies Cerradinho, calcário calcítico","__atlas_fonte":"SGB · GeoSGB · Petrografia","__atlas_snapshot":"2026-08-14"}},{"type":"Feature","id":28693921,"geometry":{"type":"Point","coordinates":[-56.67999500000002,-21.609526000000017]},"properties":{"OBJECTID":28693921,"COD_AMOSTRA":84287,"COD_AFLORAMENTO":412999,"COD_ROCHA":468245,"NUM_CAMPO_AMOSTRA":"MR-0031","COD_LAMINA":24765,"NUM_CAMPO_LAMINA":"4075-MR-R-0031","NOTAS":"Macroscopia\r\nAmostra com 13 x 7 cm com cor cinza escuro e superfície moderadamente alterada com cor cinza avermelhado. A granulação é muito fina a fina. Ocorre uma camada mais escura com estrutura laminada com presença de dobras sem regularidade com alternância entre finos leitos com diferentes granulações. Ocorre outra camada com cor mais clara também com laminação, porém sem dobras. Um leito centimétrico cinza claro separa essas duas camadas. A amostra efervesceu com a adição de HCl em sua superfície. \r\nMicroscopia\r\nEm lâmina ocorre predominância de pequenos cristais de carbonato em sua maioria com contatos poligonizados entre si. Ocorre uma camada (camada mais clara da amostra) onde são encontradas lentes irregulares dobradas e com orientação paralela à direção do acamamento com concentração de material muito fino, microcristalino, escurecido, associado com os cristais de carbonato. Algumas regiões com essa mesma associação parecem representar relíquias de pelóides micríticos. Nesse caso, as regiões são subarredondadas, possuem cerca de 0,3 mm e são delimitadas por uma região composta estritamente pelo material escuro microcristalino. Ocorrem estilólitos preenchidos por material muito fino (com cristais de minerais opacos). A orientação dos estilólitos é paralela à direção do acamamento. A camada mais escura da lâmina apresenta maior concentração de regiões com associação entre os cristais de carbonato e o material escuro microcristalino.\r\nClassificação: metacalcário calcítico","PETROGRAFO":"Vidyã Vieira de Almeida","PROJETO":"Bonito - Porto Murtinho","BASE_CARTOGRAFICA":"SF.21-X-C-IV - Fazenda Margarida","TIPO_SECAO":"Delgada","GRAU_INTEMPERISMO":"Moderadamente intemperizada","TAMANHO_AMOSTRA":"13 cm","COR_RX_FRESCA":"Cinza escuro","COR_RX_INTEMPERIZADA":null,"GRANULACAO_MINIMA":"Silte (0,062-0,004mm)","GRANULACAO_MEDIA":"Areia fina (0,062-0,25mm)","GRANULACAO_MAXIMA":"Areia fina (0,062-0,25mm)","SELECIONAMENTO":null,"CONSISTENCIA_AMOSTRA":"Consistente","CONTATO":null,"COD_CLASSIFICACAO":null,"PROTOLITO":null,"ROCHA":"Metacalcário calcítico","LINK":"p_cod_amostra=84287&p_cod_rocha=468245&p_cod_afloramento=412999","LOCAL_LAMINA":"SUREG-SP","LOTE_LAMINA":null,"NUM_LAB_LAMINA":null,"FICHA":null,"MINERAIS_IDENTIFICADOS":"Carbonato(95%), Opaco (Microscopia)(5%)","X":-56.679995,"Y":-21.609526,"DATUM":"WGS84","__atlas_chave_independente":"AFLOR_ROCHA:412999:468245","__atlas_n_registros_grupo":1,"__atlas_q_registro":0.875,"__atlas_q_grupo":0.875,"__atlas_unidade_geologica_id":"3344","__atlas_unidade_geologica_sigla":"NP3cec","__atlas_unidade_geologica_nome":"Fácies Cerradinho, calcário calcítico","__atlas_fonte":"SGB · GeoSGB · Petrografia","__atlas_snapshot":"2026-08-14"}},{"type":"Feature","id":28693953,"geometry":{"type":"Point","coordinates":[-56.95221099999998,-21.994663000000003]},"properties":{"OBJECTID":28693953,"COD_AMOSTRA":84292,"COD_AFLORAMENTO":413014,"COD_ROCHA":468260,"NUM_CAMPO_AMOSTRA":"VC-005-","COD_LAMINA":24767,"NUM_CAMPO_LAMINA":"4075-VC-R-005--B","NOTAS":"Macroscopia\r\nAmostra com 7 x 5 cm com superfície alterada para cor marrom acinzentado. A parte mais sã mostra cor cinza rosada com porções esbranquiçadas. A granulação é fina (< 1 mm). Ocorre uma foliação incipiente. Em uma face alterada ocorre concentração de cristais de muscovita. O IC é baixo (2%).\r\nMicroscopia\r\nPresença de cristais de cristais de quartzo anédricos, com <0,1 a ~1 mm, com extinção ondulante, sendo os menores presentes como inclusões arredondadas em feldspato. Os cristais maiores de quartzo mostram contatos ondulados/ curvados com feldspato (microclínio e plagioclásio). Os cristais de feldspato são anédricos, com até ~2 mm, levemente deformados. Os cristais de plagioclásio encontram-se saussuritizados. O contato entre microclínio e plagioclásio é irregular. Em um caso ocorre concentração de cristais de quartzo muito pequenos (<< 0,1 mm) recristalizados no contato entre dois feldspatos. Vários cristais de feldspato são intersticiais pois envolvem parcialmente cristais de quartzo. Alguns contatos entre cristais se aproximam de junções tríplices. Ocorrem cristais subédricos de biotita alterada, com até 1 mm, orientada para mais de uma direção e por vezes associada com muscovita e epidoto. Ocorrem cristais com intercrescimento entre biotita e muscovita. Também ocorrem pequenos cristais subédricos de muscovita inclusa em plagioclásio saussuritizado. A maior parte dos cristais de muscovita mostram textura simplectítica com inclusões vermiformes de quartzo.\r\nNome da rocha: Biotita granito com muscovita","PETROGRAFO":"Vidyã Vieira de Almeida","PROJETO":"Bonito - Porto Murtinho","BASE_CARTOGRAFICA":"SF.21-X-C-IV - Fazenda Margarida","TIPO_SECAO":"Delgada","GRAU_INTEMPERISMO":"Intemperizada","TAMANHO_AMOSTRA":"7 cm","COR_RX_FRESCA":"Cinza rosado","COR_RX_INTEMPERIZADA":null,"GRANULACAO_MINIMA":"Fanerítica fina (<1,0mm)","GRANULACAO_MEDIA":"Fanerítica fina (<1,0mm)","GRANULACAO_MAXIMA":"Fanerítica fina (<1,0mm)","SELECIONAMENTO":null,"CONSISTENCIA_AMOSTRA":"Consistente","CONTATO":"Contato intrusivo","COD_CLASSIFICACAO":null,"PROTOLITO":"Biotita muscovita granito","ROCHA":"Leucogranito gnáissico","LINK":"p_cod_amostra=84292&p_cod_rocha=468260&p_cod_afloramento=413014","LOCAL_LAMINA":"SUREG-SP","LOTE_LAMINA":null,"NUM_LAB_LAMINA":null,"FICHA":null,"MINERAIS_IDENTIFICADOS":"Quartzo(33%), Microclínio(31%), Biotita(3%), Muscovita(2%), Opaco (Microscopia)(2%), Zircão(<1%)","X":-56.952211,"Y":-21.994663,"DATUM":"WGS84","__atlas_chave_independente":"AFLOR_ROCHA:413014:468260","__atlas_n_registros_grupo":1,"__atlas_q_registro":0.875,"__atlas_q_grupo":0.875,"__atlas_unidade_geologica_id":"1465","__atlas_unidade_geologica_sigla":"PP3ap","__atlas_unidade_geologica_nome":"Complexo Rio Apa","__atlas_fonte":"SGB · GeoSGB · Petrografia","__atlas_snapshot":"2026-08-14"}},{"type":"Feature","id":28693969,"geometry":{"type":"Point","coordinates":[-56.933809999999994,-21.983083000000022]},"properties":{"OBJECTID":28693969,"COD_AMOSTRA":84293,"COD_AFLORAMENTO":413016,"COD_ROCHA":468262,"NUM_CAMPO_AMOSTRA":"VC-007-","COD_LAMINA":24768,"NUM_CAMPO_LAMINA":"4075-VC-R-007--B","NOTAS":"Macroscopia\r\nAmostra com 15 x 8 cm com superfície moderadamente alterada com cor cinza esverdeado/ amarronzado. A parte mais interna da amostra mostra cor verde acinzentado e granulação fina. Ocorrem lentes milimétricas quarzto-feldspáticas com direção paralela à uma foliação incipiente. \r\nMicroscopia\r\nPredominância de cristais de epidoto anédrico e subédrico. Em um bolsão a granulação é mais fina e os cristais de epidoto têm até 0,1 mm. Outras porções já mostram concentrações de cristais maiores com até 1 mm. Alguns cristais de epidoto apresentam extinção ondulante e zoneamento. Ocorrem cristais anédricos de quartzo e plagioclásio (Andesina, An ~ 30), este último encontra-se, em geral, parcialmente a totalmente saussuritizados com inclusões de sericita e epidoto, este também é encontrado como inclusão em quartzo. Pequenos cristais de minerais opacos se concentram em algumas regiões. \r\nClassificação: calciossilicática","PETROGRAFO":"Vidyã Vieira de Almeida","PROJETO":"Bonito - Porto Murtinho","BASE_CARTOGRAFICA":"SF.21-X-C-IV - Fazenda Margarida","TIPO_SECAO":"Delgada","GRAU_INTEMPERISMO":"Moderadamente intemperizada","TAMANHO_AMOSTRA":"15 cm","COR_RX_FRESCA":"Cinza esverdeado","COR_RX_INTEMPERIZADA":null,"GRANULACAO_MINIMA":"Fanerítica fina (<1,0mm)","GRANULACAO_MEDIA":"Fanerítica fina (<1,0mm)","GRANULACAO_MAXIMA":"Fanerítica fina (<1,0mm)","SELECIONAMENTO":null,"CONSISTENCIA_AMOSTRA":"Consistente","CONTATO":"Contato intrusivo","COD_CLASSIFICACAO":null,"PROTOLITO":null,"ROCHA":"Rocha calcissilicática","LINK":"p_cod_amostra=84293&p_cod_rocha=468262&p_cod_afloramento=413016","LOCAL_LAMINA":"SUREG-SP","LOTE_LAMINA":null,"NUM_LAB_LAMINA":null,"FICHA":null,"MINERAIS_IDENTIFICADOS":"Epidoto(72%), Quartzo(7%), Opaco (Microscopia)(3%)","X":-56.933809999999994,"Y":-21.983083,"DATUM":"WGS84","__atlas_chave_independente":"AFLOR_ROCHA:413016:468262","__atlas_n_registros_grupo":1,"__atlas_q_registro":0.875,"__atlas_q_grupo":0.875,"__atlas_unidade_geologica_id":"1465","__atlas_unidade_geologica_sigla":"PP3ap","__atlas_unidade_geologica_nome":"Complexo Rio Apa","__atlas_fonte":"SGB · GeoSGB · Petrografia","__atlas_snapshot":"2026-08-14"}},{"type":"Feature","id":28693985,"geometry":{"type":"Point","coordinates":[-56.91845599999999,-21.983618999999976]},"properties":{"OBJECTID":28693985,"COD_AMOSTRA":84294,"COD_AFLORAMENTO":413017,"COD_ROCHA":468263,"NUM_CAMPO_AMOSTRA":"VC-008 ","COD_LAMINA":24769,"NUM_CAMPO_LAMINA":"4075-VC-R-008","NOTAS":"Macroscopia\r\nAmostra com 15 x 09 cm com superfície bastante alterada para cor marrom acinzentado. A parte mais sã mostra cor cinza rosada. A granulação é média (1 a 2 mm). A estrutura é foliada. Ocorrem algumas lâminas milimétricas com concentração de minerais máficos (biotita). Também ocorrem lâminas esverdeadas (epidoto?). No restante da rocha o índice de cor é baixo (1 a 2%) e predominam quartzo e feldspato.\r\nMicroscopia\r\nA lâmina está repleta de buracos. Ocorrem cristais de quartzo com até ~2 mm, anédricos, com extinção ondulante e em contato irregular/ curvado com feldspato (plagioclásio e microclínio) anédricos, com até ~1 mm e deformados. Os cristais de plagioclásio mostram inclusões de quartzo mirmequítico. Ocorrem cristais de biotita subédrica com ~0,5 mm, levemente deformados, orientados e em contato reto com quartzo e feldspato.\r\nNome da rocha: biotita granito gnaisse","PETROGRAFO":"Vidyã Vieira de Almeida","PROJETO":"Bonito - Porto Murtinho","BASE_CARTOGRAFICA":"SF.21-X-C-IV - Fazenda Margarida","TIPO_SECAO":"Delgada","GRAU_INTEMPERISMO":"Muito intemperizada","TAMANHO_AMOSTRA":"15 cm","COR_RX_FRESCA":"Cinza rosado","COR_RX_INTEMPERIZADA":null,"GRANULACAO_MINIMA":"Fanerítica média (1,0-5,0mm)","GRANULACAO_MEDIA":"Fanerítica média (1,0-5,0mm)","GRANULACAO_MAXIMA":"Fanerítica média (1,0-5,0mm)","SELECIONAMENTO":null,"CONSISTENCIA_AMOSTRA":"Consistente","CONTATO":null,"COD_CLASSIFICACAO":null,"PROTOLITO":null,"ROCHA":"Granito gnáissico","LINK":"p_cod_amostra=84294&p_cod_rocha=468263&p_cod_afloramento=413017","LOCAL_LAMINA":"SUREG-SP","LOTE_LAMINA":null,"NUM_LAB_LAMINA":null,"FICHA":null,"MINERAIS_IDENTIFICADOS":"Quartzo(40%), Biotita(1%)","X":-56.918456,"Y":-21.983618999999997,"DATUM":"WGS84","__atlas_chave_independente":"AFLOR_ROCHA:413017:468263","__atlas_n_registros_grupo":1,"__atlas_q_registro":0.875,"__atlas_q_grupo":0.875,"__atlas_unidade_geologica_id":"1465","__atlas_unidade_geologica_sigla":"PP3ap","__atlas_unidade_geologica_nome":"Complexo Rio Apa","__atlas_fonte":"SGB · GeoSGB · Petrografia","__atlas_snapshot":"2026-08-14"}},{"type":"Feature","id":28694017,"geometry":{"type":"Point","coordinates":[-56.84447499999999,-21.977187000000015]},"properties":{"OBJECTID":28694017,"COD_AMOSTRA":84300,"COD_AFLORAMENTO":413024,"COD_ROCHA":468272,"NUM_CAMPO_AMOSTRA":"VC-0015","COD_LAMINA":24771,"NUM_CAMPO_LAMINA":"4075-VC-R-0015","NOTAS":"Macroscopia\r\nAmostra com 16 x 10 cm, parcialmente alterada com coloração rósea clara. A estrutura é foliada com textura milonítica e granulação média a grossa.\r\nMicroscopia\r\nA textura da rocha é milonítica definida pelo quartzo e feldspato com porções ultramiloníticas definida pelo quartzo bem cominuído. Ocorre o intercrescimento de plagioclásio e quartzo vermicular ( mirmequita) e grãos de plagioclásio com lamelas de exsolução de feldspato potássico (antipertitas).\r\nOs cristais de quartzo são xenoblásticos, com extinção ondulante, há grãos interlobados seriados, como também ribbons de quartzo (grãos deformados e alongados) \r\nOs cristais de plagioclásio são subidioblásticos a xenoblásticos e estão parcialmente sericitizados. \r\nOs cristais de feldspato potássico estão subidioblásticos a xenoblásticos.\r\nOs cristais de biotita são subidioblásticos a xenoblásticos e alguns grãos estão intercrescidos com clorita e muscovita. Há pseudomorfo de mineral totalmente preenchido por biotita e clorita.\r\nNome da rocha: granito milonítico","PETROGRAFO":"Vidyã Vieira de Almeida","PROJETO":"Bonito - Porto Murtinho","BASE_CARTOGRAFICA":"SF.21-X-C-IV - Fazenda Margarida","TIPO_SECAO":"Delgada","GRAU_INTEMPERISMO":"Moderadamente intemperizada","TAMANHO_AMOSTRA":"16 cm","COR_RX_FRESCA":"Cinza rosado","COR_RX_INTEMPERIZADA":null,"GRANULACAO_MINIMA":"Fanerítica média (1,0-5,0mm)","GRANULACAO_MEDIA":"Fanerítica média (1,0-5,0mm)","GRANULACAO_MAXIMA":"Fanerítica grossa (5,0-30,0mm)","SELECIONAMENTO":null,"CONSISTENCIA_AMOSTRA":"Consistente","CONTATO":null,"COD_CLASSIFICACAO":null,"PROTOLITO":null,"ROCHA":"Monzogranito milonítico","LINK":"p_cod_amostra=84300&p_cod_rocha=468272&p_cod_afloramento=413024","LOCAL_LAMINA":"SUREG-SP","LOTE_LAMINA":null,"NUM_LAB_LAMINA":null,"FICHA":null,"MINERAIS_IDENTIFICADOS":"Quartzo(40%), Opaco (Microscopia)(5%), Biotita(5%), Serecita(3%), Clorita(2%), Zircão(<1%)","X":-56.844474999999996,"Y":-21.977187,"DATUM":"WGS84","__atlas_chave_independente":"AFLOR_ROCHA:413024:468272","__atlas_n_registros_grupo":1,"__atlas_q_registro":0.875,"__atlas_q_grupo":0.875,"__atlas_unidade_geologica_id":"1465","__atlas_unidade_geologica_sigla":"PP3ap","__atlas_unidade_geologica_nome":"Complexo Rio Apa","__atlas_fonte":"SGB · GeoSGB · Petrografia","__atlas_snapshot":"2026-08-14"}},{"type":"Feature","id":28694049,"geometry":{"type":"Point","coordinates":[-56.81185599999998,-21.973746000000006]},"properties":{"OBJECTID":28694049,"COD_AMOSTRA":84302,"COD_AFLORAMENTO":413026,"COD_ROCHA":468274,"NUM_CAMPO_AMOSTRA":"VC-0017","COD_LAMINA":24773,"NUM_CAMPO_LAMINA":"4075-VC-R-0017","NOTAS":"Macroscopia\r\nAmostra com 15 x 18 cm com superfície moderadamente alterada com porções com cor cinza avermelhado e porções com cor cinza esverdeado. Na parte mais sã da amostra também ocorrem algumas porções rosadas e esverdeadas. Ocorrem cristais de quartzo leitoso com 1 a 3 mm. Ocorre uma foliação incipiente. \r\nMicroscopia\r\nPresença de cristais de quartzo com até ~4 mm, alguns alongados, com extinção ondulante, recristalizados por migração de borda de grão e com concentração de trilhas de inclusões fluidas. Cristais de sericita e cristais de muscovita (~1 mm) com extinção ondulante se concentram em interstícios e porções. Algumas porções parecem representar cristais de feldspato totalmente sericitizados. Em um caso ocorrem relíquias de uma geminação polissintética. Cristais de minerais opacos estão concentrados nas porções com sericita e encontram-se associados com cristais vermelhos (alteração?). Cristais de titanita com até ~0,5 mm são encontrados próximos aos minerais opacos. \r\nNome da rocha: granito hidrotermalizado / sericita quartzito? (ver descrição de campo)","PETROGRAFO":"Vidyã Vieira de Almeida","PROJETO":"Bonito - Porto Murtinho","BASE_CARTOGRAFICA":"SF.21-X-C-IV - Fazenda Margarida","TIPO_SECAO":"Delgada","GRAU_INTEMPERISMO":"Moderadamente intemperizada","TAMANHO_AMOSTRA":"15 cm","COR_RX_FRESCA":"Cinza esverdeado","COR_RX_INTEMPERIZADA":null,"GRANULACAO_MINIMA":"Fanerítica fina (<1,0mm)","GRANULACAO_MEDIA":"Fanerítica média (1,0-5,0mm)","GRANULACAO_MAXIMA":"Fanerítica média (1,0-5,0mm)","SELECIONAMENTO":null,"CONSISTENCIA_AMOSTRA":"Consistente","CONTATO":"Contato abrupto","COD_CLASSIFICACAO":null,"PROTOLITO":null,"ROCHA":"Granito","LINK":"p_cod_amostra=84302&p_cod_rocha=468274&p_cod_afloramento=413026","LOCAL_LAMINA":"SUREG-SP","LOTE_LAMINA":null,"NUM_LAB_LAMINA":null,"FICHA":null,"MINERAIS_IDENTIFICADOS":"Quartzo(56%), Sericita(36%), Opaco (Microscopia)(6%), Epidoto(2%)","X":-56.811856,"Y":-21.973746,"DATUM":"WGS84","__atlas_chave_independente":"AFLOR_ROCHA:413026:468274","__atlas_n_registros_grupo":1,"__atlas_q_registro":0.875,"__atlas_q_grupo":0.875,"__atlas_unidade_geologica_id":"1465","__atlas_unidade_geologica_sigla":"PP3ap","__atlas_unidade_geologica_nome":"Complexo Rio Apa","__atlas_fonte":"SGB · GeoSGB · Petrografia","__atlas_snapshot":"2026-08-14"}},{"type":"Feature","id":28694065,"geometry":{"type":"Point","coordinates":[-56.801349000000016,-21.972054000000014]},"properties":{"OBJECTID":28694065,"COD_AMOSTRA":84303,"COD_AFLORAMENTO":413027,"COD_ROCHA":468275,"NUM_CAMPO_AMOSTRA":"VC-0018","COD_LAMINA":24774,"NUM_CAMPO_LAMINA":"4075-VC-R-0018","NOTAS":"Macroscopia\r\nAmostra com 10 x 7 cm com superfície alterada para cor cinza amarronzado. A rocha sã mostra uma matriz fina com cor marrom avermelhada onde estão dispostos grânulos arredondados com até 2 mm com cor cinza esverdeado e marrom escuro. A matriz mostra brilho micáceo em algumas porções. Em uma face da amostra ocorre uma clivagem espaçada.\r\nMicroscopia\r\nOcorrem cristais em sua maioria subangulosos de quartzo e, em menor proporção, feldspato (maioria plagioclásio) associados com cristais subarredondados de minerais opacos e epidoto. Boa parte dos cristais mostram dimensões em torno de 0,1 mm e leve orientação para uma direção. Os cristais encontram-se separados por um fino cimento composto por sericita. Em algumas regiões o cimento é composto por material opaco (óxido de ferro) associado com \"cristais\" vermelhos. Essas porções com óxido de ferro formam os aparentes grânulos com cor marrom escuro observados na macroscopia. Também ocorrem cristais de muscovita com cerca de 0,1 mm, dobrados, com extinção ondulante e que envolvem parcialmente cristais de quartzo e feldspato. Ocorrem alguns grãos compostos por quartzo policristalino, recristalizado. Também são freqüentes cristais de quartzo com extinção ondulante.\r\nNome da rocha: metarenito arcoseano com cimento sericítico","PETROGRAFO":"Vidyã Vieira de Almeida","PROJETO":"Bonito - Porto Murtinho","BASE_CARTOGRAFICA":"SF.21-X-C-IV - Fazenda Margarida","TIPO_SECAO":"Delgada","GRAU_INTEMPERISMO":"Intemperizada","TAMANHO_AMOSTRA":"10 cm","COR_RX_FRESCA":"Marrom claro","COR_RX_INTEMPERIZADA":null,"GRANULACAO_MINIMA":"Areia fina (0,062-0,25mm)","GRANULACAO_MEDIA":"Areia fina (0,062-0,25mm)","GRANULACAO_MAXIMA":"Areia média (0,25-1,0mm)","SELECIONAMENTO":null,"CONSISTENCIA_AMOSTRA":"Consistente","CONTATO":null,"COD_CLASSIFICACAO":null,"PROTOLITO":null,"ROCHA":"Metarenito arcoseano","LINK":"p_cod_amostra=84303&p_cod_rocha=468275&p_cod_afloramento=413027","LOCAL_LAMINA":"SUREG-SP","LOTE_LAMINA":null,"NUM_LAB_LAMINA":null,"FICHA":null,"MINERAIS_IDENTIFICADOS":"Quartzo(60%), Serecita(15%), Opaco (Microscopia)(10%), Epidoto(4%), Muscovita(2%), Microclínio(2%)","X":-56.801348999999995,"Y":-21.972054,"DATUM":"WGS84","__atlas_chave_independente":"AFLOR_ROCHA:413027:468275","__atlas_n_registros_grupo":1,"__atlas_q_registro":0.875,"__atlas_q_grupo":0.875,"__atlas_unidade_geologica_id":"1465","__atlas_unidade_geologica_sigla":"PP3ap","__atlas_unidade_geologica_nome":"Complexo Rio Apa","__atlas_fonte":"SGB · GeoSGB · Petrografia","__atlas_snapshot":"2026-08-14"}},{"type":"Feature","id":28694081,"geometry":{"type":"Point","coordinates":[-56.78119700000002,-21.969056000000023]},"properties":{"OBJECTID":28694081,"COD_AMOSTRA":84305,"COD_AFLORAMENTO":413029,"COD_ROCHA":468277,"NUM_CAMPO_AMOSTRA":"VC-0020-A","COD_LAMINA":24775,"NUM_CAMPO_LAMINA":"4075-VC-R-0020-A","NOTAS":"Macroscopia\r\nAmostra com 07 x 09 cm com superfície alterada para cor marrom avermelhada. A região menos alterada mostra cor cinza com porções esbranquiçadas mais alteradas (alteração de feldspato). A granulação é média a grossa (1 a 5 mm). Ocorre uma granocrescência/decrescência (não tem indicação de topo). Ocorrem uma foliação paralela à direção de granocrescência/decrescência.\r\nMicroscopia\r\nPresença de cristais anédricos de quartzo com dimensões que variam de << 0,1 mm a 4 mm, boa parte com extinção ondulante, com feições de recristalização por migração de borda de grão e rotação de sub grão, com predominância deste último processo. Os cristais formam ribbons em algumas regiões. Cristais muito pequenos de quartzo recristalizado formam aglomerados e também regiões que circundam os cristais maiores de quartzo e feldspato, estes encontram-se por vezes alongados para uma direção. Os cristais de feldspato são anédricos, com até 2 mm e encontram-se deformados. Os cristais de microclínio mostram pequenas inclusões arredondadas de quartzo. Ocorrem cristais arredondados de plagioclásio. No geral, os cristais de feldspato estão em contato interlobado com quartzo. Ocorrem cristais subédricos de muscovita, com até 1 mm, dobrados, com extinção ondulante e com mesma orientação dos cristais alongados de quartzo. \r\nNome da rocha: metarenito arcoseano protomilonítico ","PETROGRAFO":"Vidyã Vieira de Almeida","PROJETO":"Bonito - Porto Murtinho","BASE_CARTOGRAFICA":"SF.21-X-C-IV - Fazenda Margarida","TIPO_SECAO":"Delgada","GRAU_INTEMPERISMO":"Intemperizada","TAMANHO_AMOSTRA":"9 cm","COR_RX_FRESCA":"Marrom claro","COR_RX_INTEMPERIZADA":null,"GRANULACAO_MINIMA":"Areia média (0,25-1,0mm)","GRANULACAO_MEDIA":"Areia média (0,25-1,0mm)","GRANULACAO_MAXIMA":"Areia grossa (1,0- 2,0mm)","SELECIONAMENTO":null,"CONSISTENCIA_AMOSTRA":"Consistente","CONTATO":null,"COD_CLASSIFICACAO":null,"PROTOLITO":null,"ROCHA":"Metarenito arcoseano","LINK":"p_cod_amostra=84305&p_cod_rocha=468277&p_cod_afloramento=413029","LOCAL_LAMINA":"SUREG-SP","LOTE_LAMINA":null,"NUM_LAB_LAMINA":null,"FICHA":null,"MINERAIS_IDENTIFICADOS":"Quartzo(75%), Microclínio(13%), Muscovita(1%), Biotita(<1%)","X":-56.781197,"Y":-21.969056,"DATUM":"WGS84","__atlas_chave_independente":"AFLOR_ROCHA:413029:468277","__atlas_n_registros_grupo":1,"__atlas_q_registro":0.875,"__atlas_q_grupo":0.875,"__atlas_unidade_geologica_id":"3344","__atlas_unidade_geologica_sigla":"NP3cec","__atlas_unidade_geologica_nome":"Fácies Cerradinho, calcário calcítico","__atlas_fonte":"SGB · GeoSGB · Petrografia","__atlas_snapshot":"2026-08-14"}},{"type":"Feature","id":28694097,"geometry":{"type":"Point","coordinates":[-56.61401000000001,-21.80388499999998]},"properties":{"OBJECTID":28694097,"COD_AMOSTRA":84315,"COD_AFLORAMENTO":413040,"COD_ROCHA":468295,"NUM_CAMPO_AMOSTRA":"VC-0031-B","COD_LAMINA":24776,"NUM_CAMPO_LAMINA":"4075-VC-R-0031-B","NOTAS":"Macroscopia\r\nAmostra com 10 x 8 cm com superfície alterada para cor marrom acinzentado. A rocha sã tem cor marrom avermelhado. A granulação é fina. Apresenta predominância de quartzo. Ocorrem veios milimétricos quartzosos com maior granulação, dispostos para mais de uma orientação. Também ocorre um veio milimétrico com epidoto. A estrutura é aparentemente maciça.\r\nMicroscopia\r\nOcorre predominância de cristais de quartzo anédricos, com até 1 mm, com extinção ondulante e recristalizados por rotação de subgrão e migração de borda de grão. Os cristais encontram-se alongados para uma direção, ocorrendo algumas regiões onde os cristais apresentam orientação oblíqua à foliação principal. Ocorre, em algumas porções, concentração de cristais muito pequenos (<<0,01 mm) de quartzo recristalizado que também se concentram nos contatos entre os cristais. Pequenos cristais de plagioclásio (Andesina) e microclínio anédricos são encontrados e mostram deformação. Também ocorrem alguns cristais muito pequenos de epidoto anédrico, muscovita, biotita e apatita?\r\nClassificação: metarenito arcoseano","PETROGRAFO":"Vidyã Vieira de Almeida","PROJETO":"Bonito - Porto Murtinho","BASE_CARTOGRAFICA":"SF.21-X-C-IV - Fazenda Margarida","TIPO_SECAO":"Delgada","GRAU_INTEMPERISMO":"Intemperizada","TAMANHO_AMOSTRA":"10 cm","COR_RX_FRESCA":"Marrom claro","COR_RX_INTEMPERIZADA":null,"GRANULACAO_MINIMA":"Areia fina (0,062-0,25mm)","GRANULACAO_MEDIA":"Areia fina (0,062-0,25mm)","GRANULACAO_MAXIMA":"Areia fina (0,062-0,25mm)","SELECIONAMENTO":null,"CONSISTENCIA_AMOSTRA":"Consistente","CONTATO":null,"COD_CLASSIFICACAO":null,"PROTOLITO":null,"ROCHA":"Metarenito arcoseano","LINK":"p_cod_amostra=84315&p_cod_rocha=468295&p_cod_afloramento=413040","LOCAL_LAMINA":"SUREG-SP","LOTE_LAMINA":null,"NUM_LAB_LAMINA":null,"FICHA":null,"MINERAIS_IDENTIFICADOS":"Quartzo(90%), Microclínio(5%), Opaco (Microscopia)(<1%), Muscovita(<1%), Epidoto(<1%), Biotita(<1%)","X":-56.61401,"Y":-21.803884999999998,"DATUM":"WGS84","__atlas_chave_independente":"AFLOR_ROCHA:413040:468295","__atlas_n_registros_grupo":1,"__atlas_q_registro":0.875,"__atlas_q_grupo":0.875,"__atlas_unidade_geologica_id":"3344","__atlas_unidade_geologica_sigla":"NP3cec","__atlas_unidade_geologica_nome":"Fácies Cerradinho, calcário calcítico","__atlas_fonte":"SGB · GeoSGB · Petrografia","__atlas_snapshot":"2026-08-14"}},{"type":"Feature","id":28694113,"geometry":{"type":"Point","coordinates":[-56.60442599999999,-21.73556100000002]},"properties":{"OBJECTID":28694113,"COD_AMOSTRA":84318,"COD_AFLORAMENTO":413044,"COD_ROCHA":468299,"NUM_CAMPO_AMOSTRA":"VC-0035-B","COD_LAMINA":24778,"NUM_CAMPO_LAMINA":"4075-VC-R-0035-B","NOTAS":"Macroscopia\r\nAmostra com 10 x 11 cm com superfície alterada com cor cinza amarronzado. A rocha sã mostra cor cinza escuro, granulação muito fina e venulações/veios milimétricos com cor cinza claro, deformados, com orientações diversas que conferem uma estrutura brechada em uma face da amostra e é composto por material de granulação muito fina. Em uma pequena porção da amostra a estrutura é mais foliada e ocorre uma alternância entre leitos milimétricos com cor cinza e claro e leitos com cor cinza escuro.\r\nOs veios com cor cinza claro mostram bastante efervescência com a adição de HCl. As porções escuras mostram pouca efervescência.\r\nEssa amostra mostrou resultado positivo para presença de fosfato. \r\nMicroscopia\r\nA lâmina foi feita na face com estrutura brechada onde ocorrem venulações milimétricas e veios com até 1 cm de espessura que se interceptam e são compostos por carbonato e quartzo. Os cristais de carbonato dos veios têm até 2 mm e estão muitas vezes em contato interlobado entre si e também com quartzo, este é anédrico têm até 1 mm e também está em contato interlobado entre si. Alguns cristais de quartzo estão alongados e recristalizados possivelmente por migração de borda de grão. Em alguns veios os cristais de quartzo se concentram na borda e o carbonato no núcleo. A direção do alongamento dos cristais de quartzo de um veio é acompanhada pela orientação dos cristais na rocha (porção com cor cinza escura). \r\nA parte cinza escura da amostra apresenta alta proporção de cristais de minerais opacos em sua maioria na forma de cristais anédricos orientados segundo a foliação principal e associados com material de oxidação avermelhado. Também ocorrem cristais de quartzo anédricos, alongados, com extinção ondulante e com alta densidade de inclusões fluidas (também parecem ocorrer pequenas inclusões de apatita?).\r\nEm algumas porções com concentração de minerais opacos, ocorrem dobras irregulares e estruturas concêntricas com minerais opacos na borda e quartzo no núcleo (relíquias de estruturas sedimentares?).\r\nPequenos cristais de carbonato, muscovita e clorita também são identificados. Ocorrem alguns cristais de feldspato e epidoto associados com o quartzo.\r\nNome da rocha: rocha calciossilicática","PETROGRAFO":"Vidyã Vieira de Almeida","PROJETO":"Bonito - Porto Murtinho","BASE_CARTOGRAFICA":"SF.21-X-C-IV - Fazenda Margarida","TIPO_SECAO":"Delgada","GRAU_INTEMPERISMO":"Intemperizada","TAMANHO_AMOSTRA":"11 cm","COR_RX_FRESCA":"Cinza escuro","COR_RX_INTEMPERIZADA":null,"GRANULACAO_MINIMA":"Areia fina (0,062-0,25mm)","GRANULACAO_MEDIA":"Areia fina (0,062-0,25mm)","GRANULACAO_MAXIMA":"Areia fina (0,062-0,25mm)","SELECIONAMENTO":null,"CONSISTENCIA_AMOSTRA":"Consistente","CONTATO":null,"COD_CLASSIFICACAO":null,"PROTOLITO":null,"ROCHA":"Rocha calcissilicática","LINK":"p_cod_amostra=84318&p_cod_rocha=468299&p_cod_afloramento=413044","LOCAL_LAMINA":"SUREG-SP","LOTE_LAMINA":null,"NUM_LAB_LAMINA":null,"FICHA":null,"MINERAIS_IDENTIFICADOS":"Quartzo(49%), Opaco (Microscopia)(40%), Carbonato(4%), Muscovita(3%), Epidoto(3%), Apatita(1%)","X":-56.604426,"Y":-21.735561,"DATUM":"WGS84","__atlas_chave_independente":"AFLOR_ROCHA:413044:468299","__atlas_n_registros_grupo":2,"__atlas_q_registro":0.875,"__atlas_q_grupo":0.875,"__atlas_unidade_geologica_id":"3344","__atlas_unidade_geologica_sigla":"NP3cec","__atlas_unidade_geologica_nome":"Fácies Cerradinho, calcário calcítico","__atlas_fonte":"SGB · GeoSGB · Petrografia","__atlas_snapshot":"2026-08-14"}},{"type":"Feature","id":28694129,"geometry":{"type":"Point","coordinates":[-56.60442599999999,-21.73556100000002]},"properties":{"OBJECTID":28694129,"COD_AMOSTRA":84317,"COD_AFLORAMENTO":413044,"COD_ROCHA":468299,"NUM_CAMPO_AMOSTRA":"VC-0035-A","COD_LAMINA":24777,"NUM_CAMPO_LAMINA":"4075-VC-R-0035-A","NOTAS":"Microscopia\r\nAmostra orientada.\r\nEstrutura fortemente foliada (Sn), marcada principalmente por grãos de quartzo e muscovita; textura lépido-granoblástica, granulação muito fina a média, inequigranular. Milonitizado (?).\r\nGrãos de quartzo muito deformados, granulação muito variada, com formação de subgrãos, lamelas de deformação e migração de borda; grãos maiores por vezs formando ribbons. Muscovita muito fina a fina; não ocorre homogeneamente, há porções com maior concentração e outras ausentes. Grãos de microclínio (clastos) frequentemente com granulação média, pouco alterados, alguns estirados ao longo da Sn.\r\nAparentemente ocorre um veio, discordante da Sn, de quartzo e muscovita muito finos, com grãos orientados.\r\n\r\nGrau de metamorfismo: baixo\r\nProtólito: arenito impuro\r\nNome da rocha: muscovita-microclínio quartzito","PETROGRAFO":"Vidyã Vieira de Almeida","PROJETO":"Bonito - Porto Murtinho","BASE_CARTOGRAFICA":"SF.21-X-C-IV - Fazenda Margarida","TIPO_SECAO":"Delgada","GRAU_INTEMPERISMO":null,"TAMANHO_AMOSTRA":null,"COR_RX_FRESCA":null,"COR_RX_INTEMPERIZADA":null,"GRANULACAO_MINIMA":" ","GRANULACAO_MEDIA":" ","GRANULACAO_MAXIMA":" ","SELECIONAMENTO":null,"CONSISTENCIA_AMOSTRA":null,"CONTATO":null,"COD_CLASSIFICACAO":null,"PROTOLITO":"Arenito","ROCHA":"Muscovita quartzito","LINK":"p_cod_amostra=84317&p_cod_rocha=468299&p_cod_afloramento=413044","LOCAL_LAMINA":"SUREG-SP","LOTE_LAMINA":null,"NUM_LAB_LAMINA":null,"FICHA":null,"MINERAIS_IDENTIFICADOS":"Quartzo(63%), Microclínio(20%), Muscovita(15%), Opaco (Microscopia)(2%)","X":-56.604426,"Y":-21.735561,"DATUM":"WGS84","__atlas_chave_independente":"AFLOR_ROCHA:413044:468299","__atlas_n_registros_grupo":2,"__atlas_q_registro":0.875,"__atlas_q_grupo":0.875,"__atlas_unidade_geologica_id":"3344","__atlas_unidade_geologica_sigla":"NP3cec","__atlas_unidade_geologica_nome":"Fácies Cerradinho, calcário calcítico","__atlas_fonte":"SGB · GeoSGB · Petrografia","__atlas_snapshot":"2026-08-14"}},{"type":"Feature","id":28694145,"geometry":{"type":"Point","coordinates":[-56.601248,-21.70980400000002]},"properties":{"OBJECTID":28694145,"COD_AMOSTRA":84320,"COD_AFLORAMENTO":413045,"COD_ROCHA":468301,"NUM_CAMPO_AMOSTRA":"VC-0036-B","COD_LAMINA":24780,"NUM_CAMPO_LAMINA":"4075-VC-R-0036","NOTAS":"","PETROGRAFO":"Vidyã Vieira de Almeida","PROJETO":"Bonito - Porto Murtinho","BASE_CARTOGRAFICA":"SF.21-X-C-IV - Fazenda Margarida","TIPO_SECAO":"Delgada","GRAU_INTEMPERISMO":"Moderadamente intemperizada","TAMANHO_AMOSTRA":"7 cm","COR_RX_FRESCA":"Marrom escuro","COR_RX_INTEMPERIZADA":null,"GRANULACAO_MINIMA":"Areia fina (0,062-0,25mm)","GRANULACAO_MEDIA":"Areia fina (0,062-0,25mm)","GRANULACAO_MAXIMA":"Areia média (0,25-1,0mm)","SELECIONAMENTO":null,"CONSISTENCIA_AMOSTRA":"Consistente","CONTATO":null,"COD_CLASSIFICACAO":null,"PROTOLITO":"Ultramafito","ROCHA":"Talco xisto","LINK":"p_cod_amostra=84320&p_cod_rocha=468301&p_cod_afloramento=413045","LOCAL_LAMINA":"SUREG-SP","LOTE_LAMINA":null,"NUM_LAB_LAMINA":null,"FICHA":null,"MINERAIS_IDENTIFICADOS":null,"X":-56.601248,"Y":-21.709804,"DATUM":"WGS84","__atlas_chave_independente":"AFLOR_ROCHA:413045:468301","__atlas_n_registros_grupo":1,"__atlas_q_registro":0.75,"__atlas_q_grupo":0.75,"__atlas_unidade_geologica_id":"3344","__atlas_unidade_geologica_sigla":"NP3cec","__atlas_unidade_geologica_nome":"Fácies Cerradinho, calcário calcítico","__atlas_fonte":"SGB · GeoSGB · Petrografia","__atlas_snapshot":"2026-08-14"}},{"type":"Feature","id":28694209,"geometry":{"type":"Point","coordinates":[-56.998986,-21.502505999999983]},"properties":{"OBJECTID":28694209,"COD_AMOSTRA":84326,"COD_AFLORAMENTO":413058,"COD_ROCHA":468315,"NUM_CAMPO_AMOSTRA":"MR-0043-A","COD_LAMINA":24782,"NUM_CAMPO_LAMINA":"4075-MR-R-0043-A","NOTAS":"Macroscopia\r\nAmostra com 11 x 7 cm com parte da superfície alterada para cor amarelo amarronzado. A rocha sã mostra cor rosa acinzentado com presença de uma banda quartzosa com cerca de 5 mm de espessura com cor cinza claro. A granulação é média (~1 mm). Ocorrem cristais de quartzo, feldspato potássico e plagioclásio, além de muscovita. A banda com cor cinza claro mostra concentração de cristais de quartzo. A estrutura é foliada. Ocorre uma foliação contínua bem marcada pela orientação dos cristais de muscovita.\r\nMicroscopia\r\nPresença de cristais de feldspato anédricos (maior proporção de feldspato potássico, microclínio), com até 2 mm, muitas vezes alongados na direção da foliação principal. Os cristais de feldspato estão em contato irregular entre si e com quartzo. Os cristais de microclínio apresentam micropertitas e freqüentes inclusões de pequenos cristais arredondados de quartzo e subordinadamente de muscovita. Os cristais de quartzo são anédricos, com até 1 mm, com extinção ondulante, parte recristalizados por migração de borda de grão?. Em toda a lâmina são observados cristais subédricos de muscovita com até 2 mm, orientados, em sua maioria, para uma direção (foliação principal), ocorrendo alguns cristais com orientação oblíqua à foliação principal.\r\nA muscovita está em contato reto com feldspato e quartzo. Ocorrem pequenos cristais (até 0,1 mm) de granada levemente amarronzada e arredondada. Também ocorrem cristais muito pequenos de epidoto, titanita, minerais opacos e zircão?. Presença de óxido de ferro nos interstícios.\r\nNome da rocha: muscovita gnaisse com granada","PETROGRAFO":"Vidyã Vieira de Almeida","PROJETO":"Bonito - Porto Murtinho","BASE_CARTOGRAFICA":"SF.21-X-C-IV - Fazenda Margarida","TIPO_SECAO":"Delgada","GRAU_INTEMPERISMO":"Moderadamente intemperizada","TAMANHO_AMOSTRA":"11 cm","COR_RX_FRESCA":"Rosa claro","COR_RX_INTEMPERIZADA":null,"GRANULACAO_MINIMA":"Fanerítica média (1,0-5,0mm)","GRANULACAO_MEDIA":"Fanerítica média (1,0-5,0mm)","GRANULACAO_MAXIMA":"Fanerítica média (1,0-5,0mm)","SELECIONAMENTO":null,"CONSISTENCIA_AMOSTRA":"Consistente","CONTATO":"Contato intrusivo","COD_CLASSIFICACAO":null,"PROTOLITO":null,"ROCHA":"Granada gnaisse","LINK":"p_cod_amostra=84326&p_cod_rocha=468315&p_cod_afloramento=413058","LOCAL_LAMINA":"SUREG-SP","LOTE_LAMINA":null,"NUM_LAB_LAMINA":null,"FICHA":null,"MINERAIS_IDENTIFICADOS":"Quartzo(35%), Microclínio(27%), Muscovita(18%), Granada(2%), Titanita(<1%), Epidoto(1%), Opaco (Microscopia)(1%), Zircão(<1%)","X":-56.998985999999995,"Y":-21.502506,"DATUM":"WGS84","__atlas_chave_independente":"AFLOR_ROCHA:413058:468315","__atlas_n_registros_grupo":2,"__atlas_q_registro":0.875,"__atlas_q_grupo":0.875,"__atlas_unidade_geologica_id":"1465","__atlas_unidade_geologica_sigla":"PP3ap","__atlas_unidade_geologica_nome":"Complexo Rio Apa","__atlas_fonte":"SGB · GeoSGB · Petrografia","__atlas_snapshot":"2026-08-14"}},{"type":"Feature","id":28694225,"geometry":{"type":"Point","coordinates":[-56.98077699999999,-21.508856999999978]},"properties":{"OBJECTID":28694225,"COD_AMOSTRA":84329,"COD_AFLORAMENTO":413059,"COD_ROCHA":468316,"NUM_CAMPO_AMOSTRA":"MR-0044-B","COD_LAMINA":24784,"NUM_CAMPO_LAMINA":"4075-MR-R-0044-B","NOTAS":"Macroscopia\r\nAmostra pouco alterada, com granulação média (~1 mm), cor cinza rosado com porções com cor cinza escuro.  A estrutura é foliada e em algumas ocorre um bandamento com alternância entre bandas centimétricas quartzo-feldspáticas e bandas menos espessas com maior índice de cor com cor cinza e concentração de cristais de biotita e de quartzo fumê.   \r\nMicroscopia\r\nPresença de cristais de quartzo anédricos, com até ~3 mm, com extinção ondulante, em contato irregular com feldspato (microclínio e plagioclásio). Cristais de microclínio também são anédricos, com até ~5 mm, por vezes deformados e com micropertitas. Mostram freqüentes inclusões de pequenos cristais arredondados de quartzo, plagioclásio, biotita e muscovita. Também estão em contato irregular e envolvem parcialmente plagioclásio que é anédrico e subédrico, com até ~2 mm, por vezes deformado e também com inclusões arredondadas de quartzo e biotita. Ocorrem pequenos cristais de biotita subédrica (até 1 mm) orientada e com óxido de ferro nas bordas. Esses cristais por vezes estão em contato irregular com muscovita, esta também apresenta inclusões de quartzo e encontra-se associada com minerais opacos.\r\nNome da rocha: Biotita granito gnaisse com muscovita","PETROGRAFO":"Vidyã Vieira de Almeida","PROJETO":"Bonito - Porto Murtinho","BASE_CARTOGRAFICA":"SF.21-X-C-IV - Fazenda Margarida","TIPO_SECAO":"Delgada","GRAU_INTEMPERISMO":"Pouco intemperizada","TAMANHO_AMOSTRA":"6 cm","COR_RX_FRESCA":"Cinza rosado","COR_RX_INTEMPERIZADA":null,"GRANULACAO_MINIMA":"Fanerítica média (1,0-5,0mm)","GRANULACAO_MEDIA":"Fanerítica média (1,0-5,0mm)","GRANULACAO_MAXIMA":"Fanerítica média (1,0-5,0mm)","SELECIONAMENTO":null,"CONSISTENCIA_AMOSTRA":"Consistente","CONTATO":null,"COD_CLASSIFICACAO":null,"PROTOLITO":"Sienogranito","ROCHA":"Biotita gnaisse","LINK":"p_cod_amostra=84329&p_cod_rocha=468316&p_cod_afloramento=413059","LOCAL_LAMINA":"SUREG-SP","LOTE_LAMINA":null,"NUM_LAB_LAMINA":null,"FICHA":null,"MINERAIS_IDENTIFICADOS":"Microclínio(39%), Quartzo(32%), Biotita(3%), Opaco (Microscopia)(2%), Epidoto(<1%), Muscovita(1%)","X":-56.980776999999996,"Y":-21.508857,"DATUM":"WGS84","__atlas_chave_independente":"AFLOR_ROCHA:413059:468316","__atlas_n_registros_grupo":1,"__atlas_q_registro":0.875,"__atlas_q_grupo":0.875,"__atlas_unidade_geologica_id":"1465","__atlas_unidade_geologica_sigla":"PP3ap","__atlas_unidade_geologica_nome":"Complexo Rio Apa","__atlas_fonte":"SGB · GeoSGB · Petrografia","__atlas_snapshot":"2026-08-14"}},{"type":"Feature","id":28694241,"geometry":{"type":"Point","coordinates":[-56.927839000000006,-21.54567800000001]},"properties":{"OBJECTID":28694241,"COD_AMOSTRA":84330,"COD_AFLORAMENTO":413065,"COD_ROCHA":468322,"NUM_CAMPO_AMOSTRA":"MR-0050-A","COD_LAMINA":24785,"NUM_CAMPO_LAMINA":"4075-MR-R-0050","NOTAS":"Macroscopia\r\nAmostra com 13 x 6 cm com superfície moderadamente alterada. A granulação é média (até ~2 mm). Ocorre um bandamento gnáissico com alternância entre bandas essencialmente quartzo-feldspáticas com até 1 cm de espessura e lâminas máficas milimétricas escuras com biotita e anfibólio. Também ocorrem alguns cristais de magnetita com cerca de 3 mm nas lâminas máficas.\r\nMicroscopia\r\nAs porções quartzo-feldspáticas mostram cristais de quartzo anédricos por vezes arredondados e que também podem estar presentes como inclusões em microclínio e plagioclásio (na forma de mirmequitas) anédricos, com contatos irregulares, formando texturas que mimetizam um líquido. Os cristais de microclínio têm até 3 mm e predominam em proporção em relação ao plagioclásio. Em algumas porções os cristais de microclínio formam uma textura em mosaico com contatos poligonizados com junções tríplices e com ângulos de 120º. Os cristais de plagioclásio (Andesina - An ~30) são menores e encontram-se parcialmente saussuritizados. Os contatos entre os cristais das porções quartzo-feldspáticas encontram-se preenchidos por mica (clorita/biotita). Pequenos cristais subédricos de biotita manteada por clorita também são encontrados associados com quartzo e feldspato juntamente com pequenos cristais anédricos de epidoto levemente esverdeado e por vezes incluso em feldspato. \r\nAs lâminas milimétricas com concentração de minerais máficos são compostas por cristais subédricos de biotita, com cerca de 1 mm, com cor marrom esverdeado na direção E-W, levemente dobrados e também manteados e intercrescidos com clorita. Esses cristais encontram-se associados e em equilíbrio com epidoto anédrico, com até 1 mm, composto por núcleo levemente esverdeado e borda marrom com menor birrefringência. O epidoto mostra por vezes textura simplectítica com inclusões de quartzo vermiforme (semelhante à textura encontrada na VC-02B). Cristais de hornblenda, com até 3 mm, também estão associados. Nesse caso, os cristais são bastante pleocróicos com cor verde azulado na direção E-W. Algumas regiões desses cristais encontram-se parcialmente substituídas por clorita. O contato entre hornblenda e epidoto é levemente irregular. Cristais subédricos de clorita com até 0,3 mm levemente dobrados também são encontrados. Pequenos cristais de minerais opacos encontram-se inclusos nas micas.     \r\nNome da rocha: biotita-epidoto gnaisse com hornblenda (as bandas quartzo-feldspáticas têm composição granítica, no limite entre monzogranito e sienogranito)","PETROGRAFO":"Vidyã Vieira de Almeida","PROJETO":"Bonito - Porto Murtinho","BASE_CARTOGRAFICA":"SF.21-X-C-IV - Fazenda Margarida","TIPO_SECAO":"Delgada","GRAU_INTEMPERISMO":"Moderadamente intemperizada","TAMANHO_AMOSTRA":"13 cm","COR_RX_FRESCA":"Cinza rosado","COR_RX_INTEMPERIZADA":null,"GRANULACAO_MINIMA":"Fanerítica média (1,0-5,0mm)","GRANULACAO_MEDIA":"Fanerítica média (1,0-5,0mm)","GRANULACAO_MAXIMA":"Fanerítica média (1,0-5,0mm)","SELECIONAMENTO":null,"CONSISTENCIA_AMOSTRA":"Consistente","CONTATO":null,"COD_CLASSIFICACAO":null,"PROTOLITO":null,"ROCHA":"Hornblenda gnaisse","LINK":"p_cod_amostra=84330&p_cod_rocha=468322&p_cod_afloramento=413065","LOCAL_LAMINA":"SUREG-SP","LOTE_LAMINA":null,"NUM_LAB_LAMINA":null,"FICHA":null,"MINERAIS_IDENTIFICADOS":"Microclínio(35%), Quartzo(20%), Biotita(12%), Epidoto(6%), Hornblenda(4%), Clorita(3%), Apatita(<1%), Titanita(1%)","X":-56.927839,"Y":-21.545678,"DATUM":"WGS84","__atlas_chave_independente":"AFLOR_ROCHA:413065:468322","__atlas_n_registros_grupo":1,"__atlas_q_registro":0.875,"__atlas_q_grupo":0.875,"__atlas_unidade_geologica_id":"1465","__atlas_unidade_geologica_sigla":"PP3ap","__atlas_unidade_geologica_nome":"Complexo Rio Apa","__atlas_fonte":"SGB · GeoSGB · Petrografia","__atlas_snapshot":"2026-08-14"}},{"type":"Feature","id":28694257,"geometry":{"type":"Point","coordinates":[-56.915006000000005,-21.54294299999998]},"properties":{"OBJECTID":28694257,"COD_AMOSTRA":84332,"COD_AFLORAMENTO":413066,"COD_ROCHA":468323,"NUM_CAMPO_AMOSTRA":"MR-0051-A","COD_LAMINA":24786,"NUM_CAMPO_LAMINA":"4075-MR-R-0051-A","NOTAS":"Macroscopia\r\nAmostra com 9 x 9 cm com superfície alterada para cor cinza amarronzado e marrom avermelhado. A rocha sã tem cor cinza claro e porções com cor cinza escuro. A granulação é grossa, sendo composta por cristais de quartzo com cor cinza fumê, feldspato cinza claro a levemente rosado, biotita alterada? e alguns cristais menores de óxidos com cor cinza escuro e  cristais vermelhos muito pequenos (granada?).\r\nMicroscopia\r\nBoa parte da lâmina é representada por um fenocristal de microclínio pertítico, anédrico, com ~2 cm. O cristal mostra uma textura poiquilítica com diversas inclusões de cristais bem menores e anédricos de quartzo (por vezes vermiforme), plagioclásio, muscovita e alguns cristais muito pequenos de granada anédrica e subédrica e também de minerais opacos. Esse fenocristal está em contato irregular com uma matriz quartzo-feldspática, com presença de cristais anédricos de plagioclásio (Andesina, An ~30), com até 5 mm, com deformação dos planos de geminação (presença de microfalhas) e inclusões de quartzo mirmequítico. Os cristais de quartzo dessa porção têm até 3 mm, são anédricos, com extinção ondulante e feições de recristalização por migração de borda de grão?. Os cristais de microclínio (~1 mm) da porção também estão deformados e podem ser encontrados como inclusões vermiformes em plagioclásio. Alguns cristais de quartzo e feldspato apresentam contatos bastante irregulares, no entanto em uma porção, os contatos mostram certa poligonização. Em uma região ocorrem cristais alongados de plagioclásio que \"interpenetram\" cristal maior de quartzo. Os cristais de plagioclásio em contato com o fenocristal de microclínio apresentam concentração de quartzo mirmequítico na região próxima ao contato. A matriz também mostra pequenos cristais de granada euédrica amarronzada (~0,3 mm), além de cristais de minerais opacos. Também ocorrem alguns cristais subédricos muito pequenos de muscovita e biotita. Em um caso o cristal de biotita é manteado por muscovita.  \r\nClassificação: granada pegmatito deformado com muscovita e biotita ","PETROGRAFO":"Vidyã Vieira de Almeida","PROJETO":"Bonito - Porto Murtinho","BASE_CARTOGRAFICA":"SF.21-X-C-IV - Fazenda Margarida","TIPO_SECAO":"Delgada","GRAU_INTEMPERISMO":"Pouco intemperizada","TAMANHO_AMOSTRA":"9 cm","COR_RX_FRESCA":"Cinza claro","COR_RX_INTEMPERIZADA":null,"GRANULACAO_MINIMA":"Fanerítica grossa (5,0-30,0mm)","GRANULACAO_MEDIA":"Fanerítica grossa (5,0-30,0mm)","GRANULACAO_MAXIMA":"Fanerítica grossa (5,0-30,0mm)","SELECIONAMENTO":null,"CONSISTENCIA_AMOSTRA":"Consistente","CONTATO":null,"COD_CLASSIFICACAO":null,"PROTOLITO":null,"ROCHA":"Pegmatito","LINK":"p_cod_amostra=84332&p_cod_rocha=468323&p_cod_afloramento=413066","LOCAL_LAMINA":"SUREG-SP","LOTE_LAMINA":null,"NUM_LAB_LAMINA":null,"FICHA":null,"MINERAIS_IDENTIFICADOS":"Microclínio(50%), Quartzo(20%), Opaco (Microscopia)(2%), Epidoto(<1%), Granada(1%), Biotita(<1%), Muscovita(<1%)","X":-56.915006,"Y":-21.542942999999998,"DATUM":"WGS84","__atlas_chave_independente":"AFLOR_ROCHA:413066:468323","__atlas_n_registros_grupo":1,"__atlas_q_registro":0.875,"__atlas_q_grupo":0.875,"__atlas_unidade_geologica_id":"1465","__atlas_unidade_geologica_sigla":"PP3ap","__atlas_unidade_geologica_nome":"Complexo Rio Apa","__atlas_fonte":"SGB · GeoSGB · Petrografia","__atlas_snapshot":"2026-08-14"}},{"type":"Feature","id":28694273,"geometry":{"type":"Point","coordinates":[-56.86256700000001,-21.552585000000022]},"properties":{"OBJECTID":28694273,"COD_AMOSTRA":84334,"COD_AFLORAMENTO":413071,"COD_ROCHA":468328,"NUM_CAMPO_AMOSTRA":"MR-0056","COD_LAMINA":24787,"NUM_CAMPO_LAMINA":"4075-MR-R-0056-A","NOTAS":"Macroscopia\r\nAmostra com superfície alterada para cor cinza amarronzado. A granulação é grossa. O índice de cor é baixo (< 1 %). Ocorre predominância de cristais de feldspato. A amostra encontra-se bastante fraturada com uma foliação espaçada observada em algumas porções.\r\nMicroscopia\r\nPresença de matriz fina (cristais com < 0,1 mm a 1 mm) com predominância de cristais de quartzo em sua maioria com extinção ondulante, alongados e recristalizados por rotação de sub grão. Ocorrem porções com concentração de cristais muito pequenos de quartzo (<<0,1 mm). Também ocorrem cristais maiores de plagioclásio na matriz. A matriz milonítica envolve porfiroclastos falhados de microclínio pertítico e plagioclásio?, anédricos, com até 1 cm, deformados e com extinção ondulante. As pertitas do microclínio mostram até 0,1 mm de espessura e estão orientadas para duas direções dentro do cristal. Os porfiroclastos mostram pequenas inclusões arredondadas de quartzo. Ocorre um porfiroclasto de microclínio com lamelas e porções com continuidade óptica com cristal de plagioclásio. Os contatos entre porfiroclastos e matriz são irregulares.   \r\nNome da rocha: leucogranito gnáissico porfirítico milonítico","PETROGRAFO":"Vidyã Vieira de Almeida","PROJETO":"Bonito - Porto Murtinho","BASE_CARTOGRAFICA":"SF.21-X-C-IV - Fazenda Margarida","TIPO_SECAO":"Delgada","GRAU_INTEMPERISMO":"Moderadamente intemperizada","TAMANHO_AMOSTRA":"7 cm","COR_RX_FRESCA":"Marrom escuro","COR_RX_INTEMPERIZADA":null,"GRANULACAO_MINIMA":"Fanerítica grossa (5,0-30,0mm)","GRANULACAO_MEDIA":"Fanerítica grossa (5,0-30,0mm)","GRANULACAO_MAXIMA":"Fanerítica grossa (5,0-30,0mm)","SELECIONAMENTO":null,"CONSISTENCIA_AMOSTRA":"Consistente","CONTATO":null,"COD_CLASSIFICACAO":null,"PROTOLITO":null,"ROCHA":"Leucogranito gnáissico","LINK":"p_cod_amostra=84334&p_cod_rocha=468328&p_cod_afloramento=413071","LOCAL_LAMINA":"SUREG-SP","LOTE_LAMINA":null,"NUM_LAB_LAMINA":null,"FICHA":null,"MINERAIS_IDENTIFICADOS":"Microclínio(70%), Quartzo(25%), Epidoto(<1%)","X":-56.862567,"Y":-21.552585,"DATUM":"WGS84","__atlas_chave_independente":"AFLOR_ROCHA:413071:468328","__atlas_n_registros_grupo":1,"__atlas_q_registro":0.875,"__atlas_q_grupo":0.875,"__atlas_unidade_geologica_id":"1465","__atlas_unidade_geologica_sigla":"PP3ap","__atlas_unidade_geologica_nome":"Complexo Rio Apa","__atlas_fonte":"SGB · GeoSGB · Petrografia","__atlas_snapshot":"2026-08-14"}},{"type":"Feature","id":28694305,"geometry":{"type":"Point","coordinates":[-56.85046299999999,-21.545590000000004]},"properties":{"OBJECTID":28694305,"COD_AMOSTRA":84335,"COD_AFLORAMENTO":413073,"COD_ROCHA":468330,"NUM_CAMPO_AMOSTRA":"MR-0058-B","COD_LAMINA":24788,"NUM_CAMPO_LAMINA":"4075-MR-R-0058-B","NOTAS":"Macroscopia\r\nAmostra com 14 x 9 cm com superfície alterada para cor marrom avermelhado. A região menos alterada apresenta, no geral, cor rosa acinzentado com porções esbranquiçadas. A granulação é média (~1 mm). É composta por basicamente quartzo, feldspato (feldspato potássico e plagioclásio), muscovita e óxidos (cor cinza escuro). A estrutura é foliada com uma foliação principal contínua e uma foliação oblíqua observada em algumas regiões. Ocorre uma lineação mineral no plano da foliação principal, observada pela orientação dos cristais de muscovita.\r\nMicroscopia\r\nOcorrem leitos essencialmente quartzo-feldspáticos paralelos à foliação principal e alternados com finas lâminas micáceas. Os leitos quartzo-feldspáticos são compostos por quartzo anédrico, com ~0,5 mm, com extinção ondulante e recristalizados por migração de borda de grão e rotação de subgrão?. Ocorrem porções com concentração de cristais muito pequenos de quartzo anédrico (<<0,1 mm) também com extinção ondulante. Os cristais de quartzo estão associados com feldspato potássico (microclínio) e plagioclásio deformados, anédricos e com até ~1 mm. Os cristais de plagioclásio por vezes mostram inclusões de mirmequitas e são parcialmente envolvidos por microclínio. Os cristais de microclínio mostram inclusões arredondadas de quartzo e muscovita. Em um caso também ocorrem cristais muito pequenos de epidoto. O feldspato mostra contato irregular entre si e também com quartzo. \r\nAs lâminas micáceas estão dobradas e mostram cristais deformados de muscovita com até ~2 mm, com extinção ondulante e textura tipo mica fish formando sigmóides. Boa parte dos cristais estão orientados segundo a foliação principal, com ocorrência de cristais com orientação oblíqua. A muscovita mostra contato reto com quartzo e feldspato. Os leitos micáceos também mostram concentração de cristais muito pequenos de quartzo recristalizado (<<0,1 mm). \r\nOcorrem cristais de granada nos leitos quartzo-feldspáticos. Os cristais são anédricos e subédricos com dimensões que variam de ~0,1 mm a 1 mm. Os maiores apresentam fraturas preenchidas por óxido de ferro. Alguns cristais pequenos encontram-se envolvidos parcialmente por microclínio. Minerais opacos estão associados com granada e formam pequenas lentes paralelas à direção da foliação principal.\r\nOs interstícios encontram-se preenchidos por óxido de ferro.\r\nClassificação: granada-muscovita gnaisse milonítico (composição granítica)","PETROGRAFO":"Vidyã Vieira de Almeida","PROJETO":"Bonito - Porto Murtinho","BASE_CARTOGRAFICA":"SF.21-X-C-IV - Fazenda Margarida","TIPO_SECAO":"Delgada","GRAU_INTEMPERISMO":"Moderadamente intemperizada","TAMANHO_AMOSTRA":"14 cm","COR_RX_FRESCA":"Cinza rosado","COR_RX_INTEMPERIZADA":null,"GRANULACAO_MINIMA":"Fanerítica média (1,0-5,0mm)","GRANULACAO_MEDIA":"Fanerítica média (1,0-5,0mm)","GRANULACAO_MAXIMA":"Fanerítica média (1,0-5,0mm)","SELECIONAMENTO":null,"CONSISTENCIA_AMOSTRA":"Consistente","CONTATO":"Contato abrupto","COD_CLASSIFICACAO":null,"PROTOLITO":null,"ROCHA":"Granada-biotita gnaisse","LINK":"p_cod_amostra=84335&p_cod_rocha=468330&p_cod_afloramento=413073","LOCAL_LAMINA":"SUREG-SP","LOTE_LAMINA":null,"NUM_LAB_LAMINA":null,"FICHA":null,"MINERAIS_IDENTIFICADOS":"Quartzo(42%), Muscovita(18%), Microclínio(15%), Opaco (Microscopia)(4%), Granada(2%), Epidoto(<1%)","X":-56.850463,"Y":-21.54559,"DATUM":"WGS84","__atlas_chave_independente":"AFLOR_ROCHA:413073:468330","__atlas_n_registros_grupo":2,"__atlas_q_registro":0.875,"__atlas_q_grupo":0.875,"__atlas_unidade_geologica_id":"1465","__atlas_unidade_geologica_sigla":"PP3ap","__atlas_unidade_geologica_nome":"Complexo Rio Apa","__atlas_fonte":"SGB · GeoSGB · Petrografia","__atlas_snapshot":"2026-08-14"}},{"type":"Feature","id":28694321,"geometry":{"type":"Point","coordinates":[-56.839004999999986,-21.550179000000014]},"properties":{"OBJECTID":28694321,"COD_AMOSTRA":84339,"COD_AFLORAMENTO":413074,"COD_ROCHA":468332,"NUM_CAMPO_AMOSTRA":"MR-0059","COD_LAMINA":24790,"NUM_CAMPO_LAMINA":"4075-MR-R-0059","NOTAS":"Macroscopia\r\nAmostra com superfície bastante alterada para marrom acinzentado. A parte mais sã da amostra tem cor cinza rosada com porções esbranquiçadas e esverdeadas (epidoto).  Ocorre um bandamento gnáissico com bandas centimétricas com maior granulação, baixo índice de cor e compostas essencialmente por quartzo e feldspato. O contato desta banda com a região com maior índice de cor mostra concentração de minerais máficos (biotita + óxidos). A direção do bandamento coincide com a direção da foliação principal. Em algumas porções parece ocorrer uma foliação oblíqua. Na amostra são observadas fraturas para mais de uma direção, por vezes preenchidas por epidoto.  \r\nMicroscopia\r\nOcorrem leitos mais grossos com concentração de cristais de feldspato (plagioclásio e microclínio), com até 5 mm, deformados, com falhas bifurcadas que cortam toda a lâmina e localmente microfalhas escalonadas. A relação entre o plagioclásio e o microclínio é semelhante à encontrada nos granitos menos deformados, onde o plagioclásio com inclusões de mirmequitas é parcialmente envolvido por microclínio. O rejeito de algumas falhas não é observado. Os cristais de microclínio mostram micropertitas e inclusões arredondadas de quartzo. Essa porção mais grossa está em contato com leito mais fino também quartzo-feldspático com cristais anédricos com até 1 mm boa parte alongados na direção de Sp. Os cristais deste leito encontram-se deformados e com extinção ondulante. Os cristais de quartzo encontram-se recristalizados por rotação de sub grão. Cristais muito pequenos de quartzo  (<<0,1 mm) preenchem algumas falhas juntamente com pequenos cristais de epidoto. Ocorrem cristais de minerais opacos com cerca de 3 mm. Ocorrem finas lâminas com concentração de pequenos cristais de biotita deformada associada com minerais opacos. As falhas presentes são perpendiculares à foliação principal. \r\nNome da rocha: granito gnáissico milonítico","PETROGRAFO":"Vidyã Vieira de Almeida","PROJETO":"Bonito - Porto Murtinho","BASE_CARTOGRAFICA":"SF.21-X-C-IV - Fazenda Margarida","TIPO_SECAO":"Delgada","GRAU_INTEMPERISMO":"Muito intemperizada","TAMANHO_AMOSTRA":"9 cm","COR_RX_FRESCA":"Cinza rosado","COR_RX_INTEMPERIZADA":null,"GRANULACAO_MINIMA":"Fanerítica fina (<1,0mm)","GRANULACAO_MEDIA":"Fanerítica média (1,0-5,0mm)","GRANULACAO_MAXIMA":"Fanerítica grossa (5,0-30,0mm)","SELECIONAMENTO":null,"CONSISTENCIA_AMOSTRA":"Consistente","CONTATO":null,"COD_CLASSIFICACAO":null,"PROTOLITO":null,"ROCHA":"Granito gnáissico","LINK":"p_cod_amostra=84339&p_cod_rocha=468332&p_cod_afloramento=413074","LOCAL_LAMINA":"SUREG-SP","LOTE_LAMINA":null,"NUM_LAB_LAMINA":null,"FICHA":null,"MINERAIS_IDENTIFICADOS":"Quartzo(36%), Microclínio(32%), Opaco (Microscopia)(5%), Biotita(2%), Epidoto(1%)","X":-56.839005,"Y":-21.550179,"DATUM":"WGS84","__atlas_chave_independente":"AFLOR_ROCHA:413074:468332","__atlas_n_registros_grupo":1,"__atlas_q_registro":0.875,"__atlas_q_grupo":0.875,"__atlas_unidade_geologica_id":"1465","__atlas_unidade_geologica_sigla":"PP3ap","__atlas_unidade_geologica_nome":"Complexo Rio Apa","__atlas_fonte":"SGB · GeoSGB · Petrografia","__atlas_snapshot":"2026-08-14"}},{"type":"Feature","id":28694337,"geometry":{"type":"Point","coordinates":[-56.83275200000003,-21.55389500000001]},"properties":{"OBJECTID":28694337,"COD_AMOSTRA":84344,"COD_AFLORAMENTO":413075,"COD_ROCHA":468334,"NUM_CAMPO_AMOSTRA":"MR-0060-B","COD_LAMINA":24792,"NUM_CAMPO_LAMINA":"4075-MR-R-0060-B","NOTAS":"Macroscopia\r\nAmostra com 10 x 20 cm com superfície moderadamente a bastante alterada. A cor da rocha sã é cinza escuro com porções esbranquiçadas. A granulação é média a grossa (até ~5mm). A estrutura é \r\nMicroscopia\r\nA textura geral é nematoblástica. Presença de cristais de hornblenda, em sua maioria subédricos, com ocorrência de alguns euédricos com até 4 mm orientados para mais de uma direção preferencial. Os cristais maiores de hornblenda formam poiquiloblastos com pequenas inclusões de cristais anédricos de quartzo, plagioclásio e até mesmo cristais euédricos de hornblenda. Os contatos da hornblenda com os outros cristais são curvados e retos.\r\nCristais de quartzo e plagioclásio (An ~35 - Andesina) com cerca de 0,5 mm também ocorrem em contato curvado e reto entre si com contatos poligonizados em algumas porções. Cristais subédricos de biotita com 0,5 mm, titanita, minerais opacos e epidoto ocorrem associados com  a hornblenda. Pequenos cristais de apatita também são observados em algumas porções.\r\nClassificação: quartzo- andesina anfibolito","PETROGRAFO":"Vidyã Vieira de Almeida","PROJETO":"Bonito - Porto Murtinho","BASE_CARTOGRAFICA":"SF.21-X-C-IV - Fazenda Margarida","TIPO_SECAO":"Delgada","GRAU_INTEMPERISMO":"Muito intemperizada","TAMANHO_AMOSTRA":"10 cm","COR_RX_FRESCA":"Cinza escuro","COR_RX_INTEMPERIZADA":null,"GRANULACAO_MINIMA":"Fanerítica média (1,0-5,0mm)","GRANULACAO_MEDIA":"Fanerítica média (1,0-5,0mm)","GRANULACAO_MAXIMA":"Fanerítica grossa (5,0-30,0mm)","SELECIONAMENTO":null,"CONSISTENCIA_AMOSTRA":"Consistente","CONTATO":null,"COD_CLASSIFICACAO":null,"PROTOLITO":null,"ROCHA":"Anfibolito","LINK":"p_cod_amostra=84344&p_cod_rocha=468334&p_cod_afloramento=413075","LOCAL_LAMINA":"SUREG-SP","LOTE_LAMINA":null,"NUM_LAB_LAMINA":null,"FICHA":null,"MINERAIS_IDENTIFICADOS":"Hornblenda(70%), Quartzo(10%), Biotita(2%), Epidoto(<1%), Opaco (Microscopia)(1%), Titanita(<1%), Apatita(1%)","X":-56.832752,"Y":-21.553895,"DATUM":"WGS84","__atlas_chave_independente":"AFLOR_ROCHA:413075:468334","__atlas_n_registros_grupo":2,"__atlas_q_registro":0.875,"__atlas_q_grupo":0.875,"__atlas_unidade_geologica_id":"1465","__atlas_unidade_geologica_sigla":"PP3ap","__atlas_unidade_geologica_nome":"Complexo Rio Apa","__atlas_fonte":"SGB · GeoSGB · Petrografia","__atlas_snapshot":"2026-08-14"}},{"type":"Feature","id":28694369,"geometry":{"type":"Point","coordinates":[-56.826764000000026,-21.56179400000002]},"properties":{"OBJECTID":28694369,"COD_AMOSTRA":84346,"COD_AFLORAMENTO":413076,"COD_ROCHA":468335,"NUM_CAMPO_AMOSTRA":"MR-0061-B","COD_LAMINA":24794,"NUM_CAMPO_LAMINA":"4075-MR-R-0061-B","NOTAS":"Macroscopia\r\nAmostra com dimensões 8,5 x 6,5 cm , pouco alterada com capa de alteração avermelhada. As porções mais preservadas apresentam cor verde escura.\r\nRocha bandada com bandas com coloração rósea amarelada compostas por quartzo e feldspato, e bandas com cor vermelha escura, composta por mineral opaco em pouca quantidade (~1%), com granulação fina a média.\r\nMicroscopia\r\nRocha com textura granoblástica definida pelos grãos de quartzo e feldspato. Os grãos de quartzo são subidioblásticos a xenoblásticos, com grãos estirados e recristalizados. Em algumas porções ocorre textura de migração de borda de grão. Aglomerados de grãos de quartzo apresentam hábito sigmoidal.\r\nOs grãos de feldspato são subidioblásticos a xenoblásticos. Os grãos de feldspato alcalino apresentam lamelas de exsolução concentradas no núcleo. Alguns grãos de plagioclásio estão sericitizados e com textura mirmequítica nas bordas em contato com feldspato alcalino.\r\nOs grãos de epidoto, em geral, estão associados ao mineral opaco.\r\nNome da rocha: gnaisse milonítico com epidoto e biotita","PETROGRAFO":"Vidyã Vieira de Almeida","PROJETO":"Bonito - Porto Murtinho","BASE_CARTOGRAFICA":"SF.21-X-C-IV - Fazenda Margarida","TIPO_SECAO":"Delgada","GRAU_INTEMPERISMO":"Pouco intemperizada","TAMANHO_AMOSTRA":"8 cm","COR_RX_FRESCA":"Verde escuro","COR_RX_INTEMPERIZADA":null,"GRANULACAO_MINIMA":"Fanerítica fina (<1,0mm)","GRANULACAO_MEDIA":"Fanerítica média (1,0-5,0mm)","GRANULACAO_MAXIMA":"Fanerítica média (1,0-5,0mm)","SELECIONAMENTO":null,"CONSISTENCIA_AMOSTRA":"Consistente","CONTATO":null,"COD_CLASSIFICACAO":null,"PROTOLITO":null,"ROCHA":"Gnaisse milonítico","LINK":"p_cod_amostra=84346&p_cod_rocha=468335&p_cod_afloramento=413076","LOCAL_LAMINA":"SUREG-SP","LOTE_LAMINA":null,"NUM_LAB_LAMINA":null,"FICHA":null,"MINERAIS_IDENTIFICADOS":"Quartzo(40%), Biotita(3%), Epidoto(2%), Opaco (Microscopia)(2%), Monazita(<1%)","X":-56.826764,"Y":-21.561794,"DATUM":"WGS84","__atlas_chave_independente":"AFLOR_ROCHA:413076:468335","__atlas_n_registros_grupo":2,"__atlas_q_registro":0.875,"__atlas_q_grupo":0.875,"__atlas_unidade_geologica_id":"1465","__atlas_unidade_geologica_sigla":"PP3ap","__atlas_unidade_geologica_nome":"Complexo Rio Apa","__atlas_fonte":"SGB · GeoSGB · Petrografia","__atlas_snapshot":"2026-08-14"}},{"type":"Feature","id":28694401,"geometry":{"type":"Point","coordinates":[-56.80107600000002,-21.566048000000023]},"properties":{"OBJECTID":28694401,"COD_AMOSTRA":84349,"COD_AFLORAMENTO":413078,"COD_ROCHA":468337,"NUM_CAMPO_AMOSTRA":"MR-0063-B","COD_LAMINA":24795,"NUM_CAMPO_LAMINA":"4075-MR-R-0063-B","NOTAS":"Macroscopia\r\nAmostra com 8 x 9 cm com superfície alterada cor marrom avermelhado. A rocha sã apresenta cor marrom  esverdeado, granulação fina a média (~1 mm), onde é possível individualizar cristais de quartzo. Apresenta estrutura foliada.\r\nMicroscopia\r\nA textura geral é granoblástica. Presença de basicamente quartzo e epidoto ambos anédricos e alongados para uma direção preferencial. Os cristais de quartzo têm até 1 mm e encontram-se recristalizados por migração de borda de grão. A extinção dos cristais de quartzo é ondulante. Os cristais de epidoto apresentam cerca de 0,3 mm, são levemente esverdeados e formam  aglomerados em algumas regiões.  \r\nClassificação: epidoto-quartzo xisto (calciossilicática)","PETROGRAFO":"Vidyã Vieira de Almeida","PROJETO":"Bonito - Porto Murtinho","BASE_CARTOGRAFICA":"SF.21-X-C-IV - Fazenda Margarida","TIPO_SECAO":"Delgada","GRAU_INTEMPERISMO":"Intemperizada","TAMANHO_AMOSTRA":"8 cm","COR_RX_FRESCA":"Marrom escuro","COR_RX_INTEMPERIZADA":null,"GRANULACAO_MINIMA":"Areia fina (0,062-0,25mm)","GRANULACAO_MEDIA":"Areia média (0,25-1,0mm)","GRANULACAO_MAXIMA":"Areia média (0,25-1,0mm)","SELECIONAMENTO":null,"CONSISTENCIA_AMOSTRA":"Consistente","CONTATO":"Contato intrusivo","COD_CLASSIFICACAO":null,"PROTOLITO":null,"ROCHA":"Quartzo xisto","LINK":"p_cod_amostra=84349&p_cod_rocha=468337&p_cod_afloramento=413078","LOCAL_LAMINA":"SUREG-SP","LOTE_LAMINA":null,"NUM_LAB_LAMINA":null,"FICHA":null,"MINERAIS_IDENTIFICADOS":"Quartzo(60%), Epidoto(40%)","X":-56.801075999999995,"Y":-21.566048,"DATUM":"WGS84","__atlas_chave_independente":"AFLOR_ROCHA:413078:468337","__atlas_n_registros_grupo":1,"__atlas_q_registro":0.875,"__atlas_q_grupo":0.875,"__atlas_unidade_geologica_id":"1465","__atlas_unidade_geologica_sigla":"PP3ap","__atlas_unidade_geologica_nome":"Complexo Rio Apa","__atlas_fonte":"SGB · GeoSGB · Petrografia","__atlas_snapshot":"2026-08-14"}},{"type":"Feature","id":28694417,"geometry":{"type":"Point","coordinates":[-56.790188,-21.561155999999983]},"properties":{"OBJECTID":28694417,"COD_AMOSTRA":84351,"COD_AFLORAMENTO":413079,"COD_ROCHA":468338,"NUM_CAMPO_AMOSTRA":"MR-0064-B","COD_LAMINA":24797,"NUM_CAMPO_LAMINA":"4075-MR-R-0064-B","NOTAS":"Macroscopia\r\nSem amostra\r\nMicroscopia\r\nPresença de porfiroclastos? de feldspato (principalmente plagioclásio) com 01 cm, deformados, com microfalhas e microfraturas preenchidas por epidoto (pode ter recristalização por bulging??). Ocorrem inclusões de quartzo nos porfiroclastos de feldspato. Também ocorrem porfiroclastos? de quartzo, com até 04 mm, associados com cristais menores de quartzo ambos recristalizados por migração de borda de grão. Também ocorrem evidências de bulging. Ocorrem cristais de plagioclásio parcialmente inclusos em feldspato alcalino. Esses cristais mostram inclusões de mirmequitas.\r\nA matriz é muito fina a fina (<01 mm) composta por cristais muito pequenos de epidoto e pequenos cristais de quartzo e feldspato anédricos. Ocorrem pequenas porções com concentração de cristais de quartzo com annealing? Ocorrem falhas que cortam alguns porfiroclastos. Ocorrem regiões com concentração de clorita.\r\nNome da rocha: granito cataclástico epidotizado","PETROGRAFO":"Vidyã Vieira de Almeida","PROJETO":"Bonito - Porto Murtinho","BASE_CARTOGRAFICA":"SF.21-X-C-IV - Fazenda Margarida","TIPO_SECAO":"Delgada","GRAU_INTEMPERISMO":null,"TAMANHO_AMOSTRA":null,"COR_RX_FRESCA":null,"COR_RX_INTEMPERIZADA":null,"GRANULACAO_MINIMA":" ","GRANULACAO_MEDIA":" ","GRANULACAO_MAXIMA":" ","SELECIONAMENTO":null,"CONSISTENCIA_AMOSTRA":null,"CONTATO":null,"COD_CLASSIFICACAO":null,"PROTOLITO":null,"ROCHA":"Granito","LINK":"p_cod_amostra=84351&p_cod_rocha=468338&p_cod_afloramento=413079","LOCAL_LAMINA":"SUREG-SP","LOTE_LAMINA":null,"NUM_LAB_LAMINA":null,"FICHA":null,"MINERAIS_IDENTIFICADOS":"Epidoto(25%), Quartzo(23%), Clorita(3%), Opaco (Microscopia)(<1%)","X":-56.790188,"Y":-21.561156,"DATUM":"WGS84","__atlas_chave_independente":"AFLOR_ROCHA:413079:468338","__atlas_n_registros_grupo":2,"__atlas_q_registro":0.875,"__atlas_q_grupo":0.875,"__atlas_unidade_geologica_id":"1465","__atlas_unidade_geologica_sigla":"PP3ap","__atlas_unidade_geologica_nome":"Complexo Rio Apa","__atlas_fonte":"SGB · GeoSGB · Petrografia","__atlas_snapshot":"2026-08-14"}},{"type":"Feature","id":28694449,"geometry":{"type":"Point","coordinates":[-56.693849,-21.54068699999999]},"properties":{"OBJECTID":28694449,"COD_AMOSTRA":84353,"COD_AFLORAMENTO":413086,"COD_ROCHA":468346,"NUM_CAMPO_AMOSTRA":"MR-0071","COD_LAMINA":24798,"NUM_CAMPO_LAMINA":"4075-MR-R-0071","NOTAS":"Macroscopia\r\nAmostra com 15 x 17 cm com superfície alterada para cor cinza amarronzado. A rocha sã tem cor cinza escuro. A granulação é fina. A estrutura é maciça. Ocorrem algumas porções esbranquiçadas que mostraram maior efervescência com a adição de HCl. A região mais escura mostrou pouca efervescência. Em uma face da amostra (face serrada) ocorre uma textura conglomerática com clastos de até 1 cm muitas vezes arredondados com cores cinza claro claro e cinza rosado dispersos em uma matriz muito fina de cor cinza escura.\r\nMicroscopia\r\nPresença de cristais de carbonato parte anédricos e parte euédricos com até 1 mm. Ocorrem regiões com concentração de cristais muito pequenos de carbonato (<< 0,1 mm). Algumas dessas regiões têm forma concêntrica com concentração de material muito fino (micrítico), por vezes associado com cristais muito pequenos de minerais opacos nas bordas da estrutura e cristais de carbonato com maiores dimensões no núcleo. Essas estruturas podem representar relíquias de pelóides e oóides já que em um caso o material muito fino parece formar envelopes. Cristais muito pequenos de minerais opacos também preenchem interstícios entre o carbonato. Ocorrem alguns cristais de quartzo anédricos, com até 1 mm e com extinção ondulante. Também ocorrem alguns cristais de microclínio e plagioclásio anédricos, deformados e com até 0,5 mm.\r\nNome da rocha: metacalcáreo com feldspato e quartzo","PETROGRAFO":"Vidyã Vieira de Almeida","PROJETO":"Bonito - Porto Murtinho","BASE_CARTOGRAFICA":"SF.21-X-C-IV - Fazenda Margarida","TIPO_SECAO":"Delgada","GRAU_INTEMPERISMO":"Moderadamente intemperizada","TAMANHO_AMOSTRA":"15 cm","COR_RX_FRESCA":"Cinza escuro","COR_RX_INTEMPERIZADA":null,"GRANULACAO_MINIMA":"Areia fina (0,062-0,25mm)","GRANULACAO_MEDIA":"Areia fina (0,062-0,25mm)","GRANULACAO_MAXIMA":"Areia fina (0,062-0,25mm)","SELECIONAMENTO":null,"CONSISTENCIA_AMOSTRA":"Consistente","CONTATO":"Contato transicional","COD_CLASSIFICACAO":null,"PROTOLITO":null,"ROCHA":"Metacalcário","LINK":"p_cod_amostra=84353&p_cod_rocha=468346&p_cod_afloramento=413086","LOCAL_LAMINA":"SUREG-SP","LOTE_LAMINA":null,"NUM_LAB_LAMINA":null,"FICHA":null,"MINERAIS_IDENTIFICADOS":"Dolomita(94%), Opaco (Microscopia)(3%), Microclínio(1%), Quartzo(1%)","X":-56.693849,"Y":-21.540687,"DATUM":"WGS84","__atlas_chave_independente":"AFLOR_ROCHA:413086:468346","__atlas_n_registros_grupo":1,"__atlas_q_registro":0.875,"__atlas_q_grupo":0.875,"__atlas_unidade_geologica_id":"3344","__atlas_unidade_geologica_sigla":"NP3cec","__atlas_unidade_geologica_nome":"Fácies Cerradinho, calcário calcítico","__atlas_fonte":"SGB · GeoSGB · Petrografia","__atlas_snapshot":"2026-08-14"}},{"type":"Feature","id":28694497,"geometry":{"type":"Point","coordinates":[-56.884739000000025,-21.95569899999998]},"properties":{"OBJECTID":28694497,"COD_AMOSTRA":84361,"COD_AFLORAMENTO":413097,"COD_ROCHA":468357,"NUM_CAMPO_AMOSTRA":"MR-0082-B","COD_LAMINA":24799,"NUM_CAMPO_LAMINA":"4075-MR-R-0082-B","NOTAS":"Macroscopia\r\nAmostra com 9 x 5 cm com superfície bastante alterada para cor cinza amarronzado. A rocha sã mostra porfiroclastos de feldspato (feldspato potássico e plagioclásio) que formam aglomerados com até 2 cm, lenticularizados, envolvidos por uma matriz crenulada com cristais bem menores de feldspato e porções mais finas com cor cinza escuro com presença de mica alterada (muscovita).\r\nMicroscopia\r\nOcorrem porfiroclastos de plagioclásio com cerca de 5 mm que podem ser encontrados em aglomerados lenticularizados juntamente com microclínio. Os cristais de plagioclásio encontram-se muitas vezes totalmente saussuritizados com apenas relíquias da geminação polissintética por vezes dobrada. Os cristais de microclínio já se encontram mais preservados.\r\nOcorrem cristais menores de feldspato (plagioclásio e microclínio) com até 1 mm. Os porfiroclastos e os aglomerados estão circundados por leitos formados por pequenos cristais de quartzo anédricos, com extinção ondulante e recristalizados por migração de borda de grão e rotação de subgrão. A orientação desses cristais acompanha a forma dos porfiroclastos formando uma sombra de deformação. Esses leitos quartzosos se alternam com leitos milimétricos crenulados com concentração de sericita e de cristais maiores de muscovita subédrica que variam de 0,1 mm a 1 mm, deformados, com textura tipo mica fish e extinção ondulante. Também ocorrem cristais de biotita no geral com dimensões menores que 1 mm. Os leitos micáceos também circundam os porfiroclastos e por vezes formam uma sombra de deformação. Ocorre concentração de óxido de ferro nos leitos micáceos.\r\nNome da rocha: granito gnaisse milonítico hidrotermalizado?","PETROGRAFO":"Vidyã Vieira de Almeida","PROJETO":"Bonito - Porto Murtinho","BASE_CARTOGRAFICA":"SF.21-X-C-IV - Fazenda Margarida","TIPO_SECAO":"Delgada","GRAU_INTEMPERISMO":"Muito intemperizada","TAMANHO_AMOSTRA":"9 cm","COR_RX_FRESCA":"Cinza escuro","COR_RX_INTEMPERIZADA":null,"GRANULACAO_MINIMA":"Fanerítica fina (<1,0mm)","GRANULACAO_MEDIA":"Fanerítica grossa (5,0-30,0mm)","GRANULACAO_MAXIMA":"Fanerítica muito grossa (>30,0mm)","SELECIONAMENTO":null,"CONSISTENCIA_AMOSTRA":"Consistente","CONTATO":null,"COD_CLASSIFICACAO":null,"PROTOLITO":null,"ROCHA":"Granito gnáissico","LINK":"p_cod_amostra=84361&p_cod_rocha=468357&p_cod_afloramento=413097","LOCAL_LAMINA":"SUREG-SP","LOTE_LAMINA":null,"NUM_LAB_LAMINA":null,"FICHA":null,"MINERAIS_IDENTIFICADOS":"Quartzo(22%), Sericita(15%), Microclínio(10%), Muscovita(10%), Biotita(5%), Opaco (Microscopia)(3%)","X":-56.884738999999996,"Y":-21.955699,"DATUM":"WGS84","__atlas_chave_independente":"AFLOR_ROCHA:413097:468357","__atlas_n_registros_grupo":1,"__atlas_q_registro":0.875,"__atlas_q_grupo":0.875,"__atlas_unidade_geologica_id":"1465","__atlas_unidade_geologica_sigla":"PP3ap","__atlas_unidade_geologica_nome":"Complexo Rio Apa","__atlas_fonte":"SGB · GeoSGB · Petrografia","__atlas_snapshot":"2026-08-14"}},{"type":"Feature","id":28694513,"geometry":{"type":"Point","coordinates":[-56.926646000000005,-21.767151000000013]},"properties":{"OBJECTID":28694513,"COD_AMOSTRA":84364,"COD_AFLORAMENTO":413100,"COD_ROCHA":468361,"NUM_CAMPO_AMOSTRA":"MR-0085-B","COD_LAMINA":24802,"NUM_CAMPO_LAMINA":"4075-MR-R-0085-B","NOTAS":"Macroscopia\r\nAmostra orientada.\r\nRocha levemente foliada (marcada por máficos), cor rosa, granulação média a grossa. Observa-se quartzo e feldspato alcalino. Leucocrática (M~10%).\r\nMicroscopia\r\nEstrutura levemente foliada (Sn), marcada por biotita, com textura lépido-granoblástica, granulação fina a grossa, inequigranular.\r\nQuartzo muito deformado, com migração de borda, formação de subgrãos e poucas porções com padrão fitado (concordante com a Sn); em alguns grãos observam-se lamelas de deformação.\r\nNome da rocha: sienogranito deformado","PETROGRAFO":"Vidyã Vieira de Almeida","PROJETO":"Bonito - Porto Murtinho","BASE_CARTOGRAFICA":"SF.21-X-C-IV - Fazenda Margarida","TIPO_SECAO":"Delgada","GRAU_INTEMPERISMO":"Moderadamente intemperizada","TAMANHO_AMOSTRA":"7 cm","COR_RX_FRESCA":"Cinza rosado","COR_RX_INTEMPERIZADA":null,"GRANULACAO_MINIMA":"Fanerítica média (1,0-5,0mm)","GRANULACAO_MEDIA":"Fanerítica média (1,0-5,0mm)","GRANULACAO_MAXIMA":"Fanerítica grossa (5,0-30,0mm)","SELECIONAMENTO":null,"CONSISTENCIA_AMOSTRA":"Consistente","CONTATO":null,"COD_CLASSIFICACAO":null,"PROTOLITO":null,"ROCHA":"Sienogranito","LINK":"p_cod_amostra=84364&p_cod_rocha=468361&p_cod_afloramento=413100","LOCAL_LAMINA":"SUREG-SP","LOTE_LAMINA":null,"NUM_LAB_LAMINA":null,"FICHA":null,"MINERAIS_IDENTIFICADOS":"Quartzo(45%), Microclínio(30%), Biotita(2%), Opaco (Microscopia)(2%), Hornblenda(1%)","X":-56.926646,"Y":-21.767151,"DATUM":"WGS84","__atlas_chave_independente":"AFLOR_ROCHA:413100:468361","__atlas_n_registros_grupo":1,"__atlas_q_registro":0.875,"__atlas_q_grupo":0.875,"__atlas_unidade_geologica_id":"1465","__atlas_unidade_geologica_sigla":"PP3ap","__atlas_unidade_geologica_nome":"Complexo Rio Apa","__atlas_fonte":"SGB · GeoSGB · Petrografia","__atlas_snapshot":"2026-08-14"}},{"type":"Feature","id":28694529,"geometry":{"type":"Point","coordinates":[-56.91807899999998,-21.795461999999986]},"properties":{"OBJECTID":28694529,"COD_AMOSTRA":84365,"COD_AFLORAMENTO":413102,"COD_ROCHA":468363,"NUM_CAMPO_AMOSTRA":"MR-0087","COD_LAMINA":24803,"NUM_CAMPO_LAMINA":"4075-MR-R-0087","NOTAS":"Macroscopia\r\nAmostra com 11 x 10 cm, parcialmente alterada com coloração rósea. A estrutura é foliada com granulação fina a média.\r\nMicroscopia\r\nA textura da rocha é granoblástica definida pelo quartzo e pelo feldspato (plagioclásio e alcalino). Ocorre o intercrescimento de plagioclásio com quartzo vermicular caracterizando textura mirmequítica.\r\nOs cristais de quartzo são xenoblásticos, com extinção ondulante. Grãos policristalinos com contatos irregulares formados por recristalização grain boundary migration (GBM). \r\nOs cristais de plagioclásio são subidioblásticos a xenoblásticos. Há deformação dos planos de geminação e extinção ondulante.\r\nOs cristais de feldspato potássico estão subidioblásticos a xenoblásticos. \r\nOs cristais de biotita são vistos apenas em amostra de mão. Estima-se que a quantidade seja em torno de 3%. Em lâmina observa-se um mineral muito alterado, placóide, mas sem pleocroísmo e bird eyes, que possivelmente possa ser biotita.\r\nNome da rocha: granito gnaisse com biotita e granada","PETROGRAFO":"Vidyã Vieira de Almeida","PROJETO":"Bonito - Porto Murtinho","BASE_CARTOGRAFICA":"SF.21-X-C-IV - Fazenda Margarida","TIPO_SECAO":"Delgada","GRAU_INTEMPERISMO":"Moderadamente intemperizada","TAMANHO_AMOSTRA":"11 cm","COR_RX_FRESCA":"Cinza rosado","COR_RX_INTEMPERIZADA":null,"GRANULACAO_MINIMA":"Fanerítica fina (<1,0mm)","GRANULACAO_MEDIA":"Fanerítica média (1,0-5,0mm)","GRANULACAO_MAXIMA":"Fanerítica média (1,0-5,0mm)","SELECIONAMENTO":null,"CONSISTENCIA_AMOSTRA":"Consistente","CONTATO":"Contato tectônico","COD_CLASSIFICACAO":null,"PROTOLITO":null,"ROCHA":"Granada-biotita gnaisse","LINK":"p_cod_amostra=84365&p_cod_rocha=468363&p_cod_afloramento=413102","LOCAL_LAMINA":"SUREG-SP","LOTE_LAMINA":null,"NUM_LAB_LAMINA":null,"FICHA":null,"MINERAIS_IDENTIFICADOS":"Quartzo(55%), Opaco (Microscopia)(5%), Granada(<1%)","X":-56.918079,"Y":-21.795462,"DATUM":"WGS84","__atlas_chave_independente":"AFLOR_ROCHA:413102:468363","__atlas_n_registros_grupo":1,"__atlas_q_registro":0.875,"__atlas_q_grupo":0.875,"__atlas_unidade_geologica_id":"1465","__atlas_unidade_geologica_sigla":"PP3ap","__atlas_unidade_geologica_nome":"Complexo Rio Apa","__atlas_fonte":"SGB · GeoSGB · Petrografia","__atlas_snapshot":"2026-08-14"}},{"type":"Feature","id":28694545,"geometry":{"type":"Point","coordinates":[-56.912972000000025,-21.825671999999997]},"properties":{"OBJECTID":28694545,"COD_AMOSTRA":84366,"COD_AFLORAMENTO":413105,"COD_ROCHA":468366,"NUM_CAMPO_AMOSTRA":"MR-0090-A","COD_LAMINA":24804,"NUM_CAMPO_LAMINA":"4075-MR-R-0090-A","NOTAS":"Microscopia\r\nAmostra orientada.\r\nEstrutura maciça (ou fracamente foliada?); textura granoblástica, granulação fina, equigranular.\r\nGrãos de quartzo apresentam borda de migração, formação de subgrãos e lamelas de deformação.\r\nMuscovita e opacos ocorrem restritos a duas faixas.\r\n\r\nGrau de metamorfismo: baixo\r\nProtólito: arenito\r\nNome da rocha: veio de quartzo","PETROGRAFO":"Vidyã Vieira de Almeida","PROJETO":"Bonito - Porto Murtinho","BASE_CARTOGRAFICA":"SF.21-X-C-IV - Fazenda Margarida","TIPO_SECAO":"Delgada","GRAU_INTEMPERISMO":null,"TAMANHO_AMOSTRA":null,"COR_RX_FRESCA":null,"COR_RX_INTEMPERIZADA":null,"GRANULACAO_MINIMA":" ","GRANULACAO_MEDIA":" ","GRANULACAO_MAXIMA":" ","SELECIONAMENTO":null,"CONSISTENCIA_AMOSTRA":null,"CONTATO":null,"COD_CLASSIFICACAO":null,"PROTOLITO":"Arenito","ROCHA":"Veio de quartzo","LINK":"p_cod_amostra=84366&p_cod_rocha=468366&p_cod_afloramento=413105","LOCAL_LAMINA":"SUREG-SP","LOTE_LAMINA":null,"NUM_LAB_LAMINA":null,"FICHA":null,"MINERAIS_IDENTIFICADOS":"Quartzo(99%), Opaco (Microscopia)(<1%), Muscovita(<1%)","X":-56.912971999999996,"Y":-21.825671999999997,"DATUM":"WGS84","__atlas_chave_independente":"AFLOR_ROCHA:413105:468366","__atlas_n_registros_grupo":1,"__atlas_q_registro":0.875,"__atlas_q_grupo":0.875,"__atlas_unidade_geologica_id":"1465","__atlas_unidade_geologica_sigla":"PP3ap","__atlas_unidade_geologica_nome":"Complexo Rio Apa","__atlas_fonte":"SGB · GeoSGB · Petrografia","__atlas_snapshot":"2026-08-14"}},{"type":"Feature","id":28694561,"geometry":{"type":"Point","coordinates":[-56.91058700000002,-21.833775000000003]},"properties":{"OBJECTID":28694561,"COD_AMOSTRA":84367,"COD_AFLORAMENTO":413106,"COD_ROCHA":468367,"NUM_CAMPO_AMOSTRA":"MR-0091","COD_LAMINA":24805,"NUM_CAMPO_LAMINA":"4075-MR-R-0091","NOTAS":"Macroscopia\r\nAmostra com 10 x 9 cm, parcialmente alterada, com alteração de cor branca (caulim), com coloração rósea esbranquiçada. A estrutura é bandada, com bandas milimétricas. A granulação é fina a média.\r\nMicroscopia\r\nA textura da rocha é granoblástica definida pelo quartzo e pelo feldspato (plagioclásio e alcalino) com porfiroclastos de feldspato. Tem-se na lâmina 70% de matriz e 30% de porfiroclastos. A matriz está muito recristalizada com granulação muito fina a fina. \r\nOs cristais de quartzo estão na matriz muito recristalizados e são característicos de recristalização dinâmica formada por rotação de subgrãos (SGR).\r\nOs cristais de plagioclásio são subidioblásticos, presentes na matriz e em porfiroclastos (grãos em média de 0,6mm). Alguns grãos na matriz estão sericitizados.\r\nOs cristais de feldspato potássico estão subidioblásticos, como o plagioclásio, presentes na matriz e em porfiroclastos (grãos em média 0,6mm). \r\nOs cristais de biotita são subidioblásticos e apresentam uma certa orientação.\r\nNome da rocha: monzogranito gnaisse com biotita e granada","PETROGRAFO":"Vidyã Vieira de Almeida","PROJETO":"Bonito - Porto Murtinho","BASE_CARTOGRAFICA":"SF.21-X-C-IV - Fazenda Margarida","TIPO_SECAO":"Delgada","GRAU_INTEMPERISMO":"Moderadamente intemperizada","TAMANHO_AMOSTRA":"10 cm","COR_RX_FRESCA":"Cinza rosado","COR_RX_INTEMPERIZADA":null,"GRANULACAO_MINIMA":"Fanerítica fina (<1,0mm)","GRANULACAO_MEDIA":"Fanerítica média (1,0-5,0mm)","GRANULACAO_MAXIMA":"Fanerítica média (1,0-5,0mm)","SELECIONAMENTO":null,"CONSISTENCIA_AMOSTRA":"Consistente","CONTATO":null,"COD_CLASSIFICACAO":null,"PROTOLITO":null,"ROCHA":"Granada-biotita gnaisse","LINK":"p_cod_amostra=84367&p_cod_rocha=468367&p_cod_afloramento=413106","LOCAL_LAMINA":"SUREG-SP","LOTE_LAMINA":null,"NUM_LAB_LAMINA":null,"FICHA":null,"MINERAIS_IDENTIFICADOS":"Quartzo(43%), Opaco (Microscopia)(2%), Granada(2%), Biotita(2%), Sericita(1%)","X":-56.910587,"Y":-21.833775,"DATUM":"WGS84","__atlas_chave_independente":"AFLOR_ROCHA:413106:468367","__atlas_n_registros_grupo":1,"__atlas_q_registro":0.875,"__atlas_q_grupo":0.875,"__atlas_unidade_geologica_id":"1465","__atlas_unidade_geologica_sigla":"PP3ap","__atlas_unidade_geologica_nome":"Complexo Rio Apa","__atlas_fonte":"SGB · GeoSGB · Petrografia","__atlas_snapshot":"2026-08-14"}},{"type":"Feature","id":28694577,"geometry":{"type":"Point","coordinates":[-56.900171,-21.853094]},"properties":{"OBJECTID":28694577,"COD_AMOSTRA":84369,"COD_AFLORAMENTO":413108,"COD_ROCHA":468369,"NUM_CAMPO_AMOSTRA":"MR-0093-A","COD_LAMINA":24806,"NUM_CAMPO_LAMINA":"4075-MR-R-0093-A","NOTAS":"Macroscopia\r\nAmostra com 15 x 12 cm moderadamente alterada com cor vermelho amarronzado. A granulação é fina a média (~1 mm). Presença de feldspato róseo e quartzo. Ocorre uma foliação principal contínua e uma foliação oblíqua espaçada onde ocorre concentração de minerais máficos. O índice de cor é próximo de 15%.\r\nMicroscopia\r\nPresença de cristais de quartzo anédricos com dimensões que variam de << 0,1 mm a ~1 mm recristalizados por migração de borda de grão e rotação sub grão, com predominância deste último processo. Os cristais maiores de quartzo encontram-se muitas vezes concentrados em leitos suavemente dobrados paralelos à foliação principal onde também ocorre concentração de pequenos cristais de minerais opacos (~0,3 mm) e micas (biotita e intercrescimento de biotita e clorita), ambos levemente dobrados e com extinção ondulante. Os cristais de feldspato são maiores, anédricos, ocorrendo alguns porfiroclastos com 3 mm, com sombra de deformação composta por quartzo. Os cristais de feldspato mostram extinção ondulante e deformação dos planos de geminação. Os cristais de plagioclásio mostram inclusões de quartzo mirmequítico e os cristais de feldspato potássico mostram micropertitas e também inclusões de quartzo. Os cristais de feldspato menores mostram por vezes contatos interlobados/ondulados com quartzo. Ocorrem cristais vermelhos associados com os minerais opacos como também observado em outras amostras graníticas.\r\nNome da rocha: biotita granito protomilonítico","PETROGRAFO":"Vidyã Vieira de Almeida","PROJETO":"Bonito - Porto Murtinho","BASE_CARTOGRAFICA":"SF.21-X-C-IV - Fazenda Margarida","TIPO_SECAO":"Delgada","GRAU_INTEMPERISMO":"Moderadamente intemperizada","TAMANHO_AMOSTRA":"15 cm","COR_RX_FRESCA":"Vermelho escuro","COR_RX_INTEMPERIZADA":null,"GRANULACAO_MINIMA":"Fanerítica fina (<1,0mm)","GRANULACAO_MEDIA":"Fanerítica média (1,0-5,0mm)","GRANULACAO_MAXIMA":"Fanerítica média (1,0-5,0mm)","SELECIONAMENTO":null,"CONSISTENCIA_AMOSTRA":"Consistente","CONTATO":null,"COD_CLASSIFICACAO":null,"PROTOLITO":null,"ROCHA":"Biotita granito","LINK":"p_cod_amostra=84369&p_cod_rocha=468369&p_cod_afloramento=413108","LOCAL_LAMINA":"SUREG-SP","LOTE_LAMINA":null,"NUM_LAB_LAMINA":null,"FICHA":null,"MINERAIS_IDENTIFICADOS":"Quartzo(55%), Opaco (Microscopia)(4%), Biotita(2%), Clorita(1%)","X":-56.900171,"Y":-21.853094,"DATUM":"WGS84","__atlas_chave_independente":"AFLOR_ROCHA:413108:468369","__atlas_n_registros_grupo":1,"__atlas_q_registro":0.875,"__atlas_q_grupo":0.875,"__atlas_unidade_geologica_id":"1465","__atlas_unidade_geologica_sigla":"PP3ap","__atlas_unidade_geologica_nome":"Complexo Rio Apa","__atlas_fonte":"SGB · GeoSGB · Petrografia","__atlas_snapshot":"2026-08-14"}},{"type":"Feature","id":28694593,"geometry":{"type":"Point","coordinates":[-56.879643999999985,-21.89921099999998]},"properties":{"OBJECTID":28694593,"COD_AMOSTRA":84375,"COD_AFLORAMENTO":413112,"COD_ROCHA":468374,"NUM_CAMPO_AMOSTRA":"MR-0097","COD_LAMINA":24807,"NUM_CAMPO_LAMINA":"4075-MR-R-0097","NOTAS":"Macroscopia\r\nAmostra com 05 x 06 cm com superfície bastante alterada para cor cinza amarronzado. A parte mais sã tem cor cinza rosado. A granulação é fina a média (1 mm). O índice de cor é de aproximadamente 3%.  É composta por feldspato róseo, plagioclásio e quartzo. A estrutura é foliada. Ocorrem possíveis falhas com direção oblíqua à Sp (pode ter concentração de epidoto próximo às falhas). Em uma face da amostra são observadas finas venulações.\r\nMicroscopia\r\nA lâmina mostra porções com composição granítica com cristais de quartzo anédricos, com ~1 mm, com extinção levemente ondulante, em contato irregular com feldspato (plagioclásio e microclínio) anédricos, com 1 a 2 mm, parcialmente a totalmente sericitizados e com inclusões de quartzo. Ocorrem pequenos cristais de muscovita com extinção levemente ondulante. Ocorrem cristais de minerais opacos com ~1 mm. As porções graníticas são cortadas por finas venulações quartzosas (ocorre felspato dubordinado) dispostas para mais de uma direção, falhadas em algumas regiões e que facilmente se confundem com as porções graníticas. Nessas venulações os cristais de quartzo são no geral anédricos, com até ~1 mm, extinção levemente ondulante, ocorrendo localmente cristais euédricos com contatos retos entre si. \r\nNome da rocha: granito deformado hidrotermalizado","PETROGRAFO":"Vidyã Vieira de Almeida","PROJETO":"Bonito - Porto Murtinho","BASE_CARTOGRAFICA":"SF.21-X-C-IV - Fazenda Margarida","TIPO_SECAO":"Delgada","GRAU_INTEMPERISMO":"Muito intemperizada","TAMANHO_AMOSTRA":"6 cm","COR_RX_FRESCA":"Cinza rosado","COR_RX_INTEMPERIZADA":null,"GRANULACAO_MINIMA":"Fanerítica fina (<1,0mm)","GRANULACAO_MEDIA":"Fanerítica média (1,0-5,0mm)","GRANULACAO_MAXIMA":"Fanerítica média (1,0-5,0mm)","SELECIONAMENTO":null,"CONSISTENCIA_AMOSTRA":"Consistente","CONTATO":"Contato tectônico","COD_CLASSIFICACAO":null,"PROTOLITO":null,"ROCHA":"Granito","LINK":"p_cod_amostra=84375&p_cod_rocha=468374&p_cod_afloramento=413112","LOCAL_LAMINA":"SUREG-SP","LOTE_LAMINA":null,"NUM_LAB_LAMINA":null,"FICHA":null,"MINERAIS_IDENTIFICADOS":"Quartzo(55%), Microclínio(20%), Opaco (Microscopia)(5%), Serecita(4%), Muscovita(2%), Epidoto(<1%), Zircão(<1%)","X":-56.879644,"Y":-21.899210999999998,"DATUM":"WGS84","__atlas_chave_independente":"AFLOR_ROCHA:413112:468374","__atlas_n_registros_grupo":1,"__atlas_q_registro":0.875,"__atlas_q_grupo":0.875,"__atlas_unidade_geologica_id":"1465","__atlas_unidade_geologica_sigla":"PP3ap","__atlas_unidade_geologica_nome":"Complexo Rio Apa","__atlas_fonte":"SGB · GeoSGB · Petrografia","__atlas_snapshot":"2026-08-14"}},{"type":"Feature","id":28694609,"geometry":{"type":"Point","coordinates":[-56.80955089999998,-21.644165499999986]},"properties":{"OBJECTID":28694609,"COD_AMOSTRA":84376,"COD_AFLORAMENTO":413116,"COD_ROCHA":468378,"NUM_CAMPO_AMOSTRA":"MR-0139","COD_LAMINA":24808,"NUM_CAMPO_LAMINA":"4075-MR-R-0139","NOTAS":"Macroscopia\r\nAmostra com 08 x 08 cm com superfície alterada com esfoliação esferoidal. A rocha sã mostra cor cinza. A granulação é média (01 mm). Estrutura maciça. È composta por basicamente feldspato e piroxênio?\r\nMicroscopia\r\nOcorrem cristais de plagioclásio subédrico, alongado, orientados aleatoriamente e em textura poiquilítica englobando parcial a totalmente cristais de clino e ortopiroxênio levemente esverdeados, euédricos e subédricos e menores que 01 mm. Ocorrem alguns cristais de piroxênio com dimensões próximas dos cristais de plagioclásio. Em algumas regiões os cristais de clinopiroxênio estão em desequilíbrio (contato irregular) com ortopiroxênio. Ocorrem dois tipos de cllinopiroxênio: um com maior birrefringência e pseudouniaxial (pigeonita?) e outro biaxial negativo? e com menor birrefringência. Ocorrem cristais de clinopiroxênio geminados (geminação em cruz?). Os dois tipos de clinopiroxênio estão em desequilíbrio. Ocorrem pequenos cristais de biotita em contato irregular com piroxênio.\r\nOs cristais de plagioclásio estão parcialmente saussuritizados. Ocorrem cristais intersticiais de piroxênio e pequenas porções com textura gráfica.\r\nNome da rocha: piroxênio diabásio/gabro ","PETROGRAFO":"Vidyã Vieira de Almeida","PROJETO":"Bonito - Porto Murtinho","BASE_CARTOGRAFICA":"SF.21-X-C-IV - Fazenda Margarida","TIPO_SECAO":"Delgada","GRAU_INTEMPERISMO":"Intemperizada","TAMANHO_AMOSTRA":"8 cm","COR_RX_FRESCA":"Cinza","COR_RX_INTEMPERIZADA":null,"GRANULACAO_MINIMA":"Fanerítica média (1,0-5,0mm)","GRANULACAO_MEDIA":"Fanerítica média (1,0-5,0mm)","GRANULACAO_MAXIMA":"Fanerítica média (1,0-5,0mm)","SELECIONAMENTO":null,"CONSISTENCIA_AMOSTRA":"Consistente","CONTATO":"Contato intrusivo","COD_CLASSIFICACAO":null,"PROTOLITO":null,"ROCHA":"Gabro","LINK":"p_cod_amostra=84376&p_cod_rocha=468378&p_cod_afloramento=413116","LOCAL_LAMINA":"SUREG-SP","LOTE_LAMINA":null,"NUM_LAB_LAMINA":null,"FICHA":null,"MINERAIS_IDENTIFICADOS":"Augita(24%), Enstatita(10%), Opaco (Microscopia)(4%), Biotita(2%)","X":-56.8095509,"Y":-21.6441655,"DATUM":"WGS84","__atlas_chave_independente":"AFLOR_ROCHA:413116:468378","__atlas_n_registros_grupo":1,"__atlas_q_registro":0.875,"__atlas_q_grupo":0.875,"__atlas_unidade_geologica_id":"1465","__atlas_unidade_geologica_sigla":"PP3ap","__atlas_unidade_geologica_nome":"Complexo Rio Apa","__atlas_fonte":"SGB · GeoSGB · Petrografia","__atlas_snapshot":"2026-08-14"}},{"type":"Feature","id":28694625,"geometry":{"type":"Point","coordinates":[-56.88411910000002,-21.655437500000005]},"properties":{"OBJECTID":28694625,"COD_AMOSTRA":84382,"COD_AFLORAMENTO":413123,"COD_ROCHA":468385,"NUM_CAMPO_AMOSTRA":"MR-0146","COD_LAMINA":24809,"NUM_CAMPO_LAMINA":"4075-MR-R-0146","NOTAS":"Macroscopia\r\nAmostra com 10 x 05 cm com superfície moderadamente alterada. A cor é cinza escuro. A granulação é média (1 - 2 mm). Estrutura maciça. É composta por feldspato (plagioclásio) e piroxênio.\r\nMicroscopia\r\nOcorrem ripas de plagioclásio com 01 a 02 mm, orientadas aleatoriamente. Os cristais de plagioclásio estão em textura poiquilítica englobando parcial a totalmente cristais menores de piroxênio (clinopiroxênio e ortopiroxênio) levemente esverdeados, menores que 0,1 mm e em sua maioria anédricos. Ocorrem pequenos cristais intersticiais de piroxênio e feldspato (plagioclásio?).\r\nOcorrem cristais maiores de ortopiroxênio (01 mm) subédrico parcialmente substituído por clinopiroxênio. Os cristais de piroxênio e plagioclásio estão por vezes parcialmente sericitizados.\r\nCristais pequenos de biotita intercrescida com clorita e muscovita ocorrem associados com minerais opacos. Os interstícios também mostram feldspato em textura gráfica.\r\nNome da rocha: piroxênio diabásio ","PETROGRAFO":"Vidyã Vieira de Almeida","PROJETO":"Bonito - Porto Murtinho","BASE_CARTOGRAFICA":"SF.21-X-C-IV - Fazenda Margarida","TIPO_SECAO":"Delgada","GRAU_INTEMPERISMO":"Moderadamente intemperizada","TAMANHO_AMOSTRA":"10 cm","COR_RX_FRESCA":"Cinza escuro","COR_RX_INTEMPERIZADA":null,"GRANULACAO_MINIMA":"Fanerítica média (1,0-5,0mm)","GRANULACAO_MEDIA":"Fanerítica média (1,0-5,0mm)","GRANULACAO_MAXIMA":"Fanerítica média (1,0-5,0mm)","SELECIONAMENTO":null,"CONSISTENCIA_AMOSTRA":"Consistente","CONTATO":"Contato intrusivo","COD_CLASSIFICACAO":null,"PROTOLITO":null,"ROCHA":"Diabásio","LINK":"p_cod_amostra=84382&p_cod_rocha=468385&p_cod_afloramento=413123","LOCAL_LAMINA":"SUREG-SP","LOTE_LAMINA":null,"NUM_LAB_LAMINA":null,"FICHA":null,"MINERAIS_IDENTIFICADOS":"Augita(20%), Ortoferrosilita(8%), Opaco (Microscopia)(4%), Muscovita(<1%), Biotita(<1%), Clorita(<1%)","X":-56.8841191,"Y":-21.6554375,"DATUM":"WGS84","__atlas_chave_independente":"AFLOR_ROCHA:413123:468385","__atlas_n_registros_grupo":1,"__atlas_q_registro":0.875,"__atlas_q_grupo":0.875,"__atlas_unidade_geologica_id":"1465","__atlas_unidade_geologica_sigla":"PP3ap","__atlas_unidade_geologica_nome":"Complexo Rio Apa","__atlas_fonte":"SGB · GeoSGB · Petrografia","__atlas_snapshot":"2026-08-14"}},{"type":"Feature","id":28694641,"geometry":{"type":"Point","coordinates":[-56.875078299999984,-21.68280679999998]},"properties":{"OBJECTID":28694641,"COD_AMOSTRA":84393,"COD_AFLORAMENTO":413137,"COD_ROCHA":468400,"NUM_CAMPO_AMOSTRA":"MR-0160-B","COD_LAMINA":24810,"NUM_CAMPO_LAMINA":"4075-MR-R-0160","NOTAS":"Macroscopia\r\nAmostra com 10 x 3,5 cm. Rocha sã mostra cor rosa acinzentada, leucocrática, M= 10%. A granulação é média à grossa (0,5 - 1 mm). É composta por quartzo, feldspato, biotita e anfibólio. A um leve estiramento evidenciado pelos minerais máficos.\r\nMicroscopia\r\nA amostra é holocristalina, com textura granular, e predomínio de cristais xenomóficos. A granulação é fina a média (0,3 - 1 mm). Há aproximadamente 3% de fenocritais (2 mm). Há evidencias de deformações em cristais de quartzo com extinção ondulante e leve deformação das lamelas de ex-soluções em plagioclásio, feldspato alcalino, antipertita e pertita respectivamente. Há grãos de plagioclásio com mirmequitas (menor que 1%). E com grande freqüência observa-se quartzo recristalizado \r\nNome da rocha:  Sienogranito","PETROGRAFO":"Vidyã Vieira de Almeida","PROJETO":"Bonito - Porto Murtinho","BASE_CARTOGRAFICA":"SF.21-X-C-IV - Fazenda Margarida","TIPO_SECAO":"Delgada","GRAU_INTEMPERISMO":"Não intemperizada","TAMANHO_AMOSTRA":"10 cm","COR_RX_FRESCA":"Cinza rosado","COR_RX_INTEMPERIZADA":null,"GRANULACAO_MINIMA":"Fanerítica média (1,0-5,0mm)","GRANULACAO_MEDIA":"Fanerítica média (1,0-5,0mm)","GRANULACAO_MAXIMA":"Fanerítica grossa (5,0-30,0mm)","SELECIONAMENTO":null,"CONSISTENCIA_AMOSTRA":"Consistente","CONTATO":null,"COD_CLASSIFICACAO":null,"PROTOLITO":null,"ROCHA":"Sienogranito","LINK":"p_cod_amostra=84393&p_cod_rocha=468400&p_cod_afloramento=413137","LOCAL_LAMINA":"SUREG-SP","LOTE_LAMINA":null,"NUM_LAB_LAMINA":null,"FICHA":null,"MINERAIS_IDENTIFICADOS":"Quartzo(55%), Microclínio(25%), Apatita(<1%), Opaco (Microscopia)(1%), Epidoto(<1%), Rutilo(<1%), Biotita(1%), Zircão(<1%), Hornblenda(1%)","X":-56.8750783,"Y":-21.6828068,"DATUM":"WGS84","__atlas_chave_independente":"AFLOR_ROCHA:413137:468400","__atlas_n_registros_grupo":1,"__atlas_q_registro":0.875,"__atlas_q_grupo":0.875,"__atlas_unidade_geologica_id":"1465","__atlas_unidade_geologica_sigla":"PP3ap","__atlas_unidade_geologica_nome":"Complexo Rio Apa","__atlas_fonte":"SGB · GeoSGB · Petrografia","__atlas_snapshot":"2026-08-14"}},{"type":"Feature","id":28694657,"geometry":{"type":"Point","coordinates":[-56.919478000000026,-21.576366199999995]},"properties":{"OBJECTID":28694657,"COD_AMOSTRA":84401,"COD_AFLORAMENTO":413156,"COD_ROCHA":468420,"NUM_CAMPO_AMOSTRA":"MR-0179","COD_LAMINA":24811,"NUM_CAMPO_LAMINA":"4075-MR-R-0179","NOTAS":"Microscopia\r\nEstrutura bandada: bandas quartzo-feldspáticas e bandas com biotita e hornblenda, sendo os máficos orientados paralelamente ao bandamento. Textura nemato-lepido-granoblástica, granulação fina a grossa, inequigranular.\r\nGrãos de quartzo aparesentam lamela de deformação; subgrãos e contatos interlobados são menos frequentes. Alguns grãos ocorrem no interior de grãos de plagioclásio, menos frequentemente em microclínio.\r\nGrãos de plagioclásio (Labradorita ~An62) muito saussuritizados, por vezes com mirmequita.\r\nEpídoto e titanita ocorrem associados a biotita, muitas vezes inclusos nela.\r\nGrau de metamorfismo: médio (?)\r\nProtólito: granito\r\nNome da rocha: hornblenda-biotita ortognaisse","PETROGRAFO":"Vidyã Vieira de Almeida","PROJETO":"Bonito - Porto Murtinho","BASE_CARTOGRAFICA":"SF.21-X-C-IV - Fazenda Margarida","TIPO_SECAO":"Delgada","GRAU_INTEMPERISMO":null,"TAMANHO_AMOSTRA":null,"COR_RX_FRESCA":null,"COR_RX_INTEMPERIZADA":null,"GRANULACAO_MINIMA":" ","GRANULACAO_MEDIA":" ","GRANULACAO_MAXIMA":" ","SELECIONAMENTO":null,"CONSISTENCIA_AMOSTRA":null,"CONTATO":null,"COD_CLASSIFICACAO":null,"PROTOLITO":"Granito","ROCHA":"Hornblenda gnaisse","LINK":"p_cod_amostra=84401&p_cod_rocha=468420&p_cod_afloramento=413156","LOCAL_LAMINA":"SUREG-SP","LOTE_LAMINA":null,"NUM_LAB_LAMINA":null,"FICHA":null,"MINERAIS_IDENTIFICADOS":"Quartzo(27%), Biotita(15%), Microclínio(15%), Hornblenda(10%), Epidoto(2%), Titanita(1%), Apatita(<1%), Opaco (Microscopia)(<1%)","X":-56.919478,"Y":-21.5763662,"DATUM":"WGS84","__atlas_chave_independente":"AFLOR_ROCHA:413156:468420","__atlas_n_registros_grupo":1,"__atlas_q_registro":0.875,"__atlas_q_grupo":0.875,"__atlas_unidade_geologica_id":"1465","__atlas_unidade_geologica_sigla":"PP3ap","__atlas_unidade_geologica_nome":"Complexo Rio Apa","__atlas_fonte":"SGB · GeoSGB · Petrografia","__atlas_snapshot":"2026-08-14"}},{"type":"Feature","id":28694673,"geometry":{"type":"Point","coordinates":[-56.988366299999996,-21.50017439999999]},"properties":{"OBJECTID":28694673,"COD_AMOSTRA":84411,"COD_AFLORAMENTO":413188,"COD_ROCHA":468457,"NUM_CAMPO_AMOSTRA":"EL-0009-A","COD_LAMINA":24812,"NUM_CAMPO_LAMINA":"4075-EL-R-0009-A","NOTAS":"Macroscopia\r\nAmostra com 07 x 05 cm pouco alterada. Cor cinza escuro esverdeado com porções esbranquiçadas. Textura fanerítica média (02 mm). Estrutura maciça. É composta essencialmente por plagioclásio e piroxênio.\r\nMicroscopia\r\nA lâmina apresenta cristais de piroxênio (opx e cpx), parcialmente substituídos por clorita + actinolita-tremolita, com até 03 mm, por vezes geminados e com orientação aleatória. Os cristais de piroxênio são em sua maioria subédricos, ocorrendo cristais anédricos e intersticiais. Os cristais de plagioclásio estão por vezes parcialmente inclusos em piroxênio formando localmente textura subofítica. Os contatos entre opx e cpx são irregulares e, em alguns locais, o opx mostra borda de reação composta por cpx. Biotita intercrescida com hornblenda também é encontrada em bordas de reação de piroxênio.\r\nOs cristais de plagioclásio tem até 02 mm e, em muitos locais, estão parcialmente a totalmente sericitizados/saussuritizados. Ocorrem cristais de quartzo intersticiais, no geral menores que 01 mm e quartzo vermiforme em feldspato sericitizado/saussuritizado. Localmente também ocorre quartzo em textura gráfica. Os cristais de quartzo por vezes mostram bordas corroídas quando em contato com feldspato. Foi observado um cristal de feldspato com geminação em grade? (microclínio?)\r\nOcorrem porções com concentração de clorita. Ocorrem cristais de minerais opacos, com até 01 mm, associados com biotita e clorita. A biotita está em desequilíbrio com actinolita-tremolita e por vezes encontra-se intercrescida com clorita.\r\nNome da rocha: piroxênio-quartzo diorito com biotita e hornblenda","PETROGRAFO":"Vidyã Vieira de Almeida","PROJETO":"Bonito - Porto Murtinho","BASE_CARTOGRAFICA":"SF.21-X-C-IV - Fazenda Margarida","TIPO_SECAO":"Delgada","GRAU_INTEMPERISMO":"Pouco intemperizada","TAMANHO_AMOSTRA":"7 cm","COR_RX_FRESCA":"Cinza esverdeado","COR_RX_INTEMPERIZADA":null,"GRANULACAO_MINIMA":"Fanerítica média (1,0-5,0mm)","GRANULACAO_MEDIA":"Fanerítica média (1,0-5,0mm)","GRANULACAO_MAXIMA":"Fanerítica média (1,0-5,0mm)","SELECIONAMENTO":null,"CONSISTENCIA_AMOSTRA":"Consistente","CONTATO":null,"COD_CLASSIFICACAO":null,"PROTOLITO":null,"ROCHA":"Hornblenda diorito","LINK":"p_cod_amostra=84411&p_cod_rocha=468457&p_cod_afloramento=413188","LOCAL_LAMINA":"SUREG-SP","LOTE_LAMINA":null,"NUM_LAB_LAMINA":null,"FICHA":null,"MINERAIS_IDENTIFICADOS":"Enstatita(26%), Augita(18%), Quartzo(6%), Opaco (Microscopia)(5%), Actinolita(4%), Biotita(3%), Clorita(3%), Hornblenda(2%), Microclínio(1%)","X":-56.9883663,"Y":-21.5001744,"DATUM":"WGS84","__atlas_chave_independente":"AFLOR_ROCHA:413188:468457","__atlas_n_registros_grupo":1,"__atlas_q_registro":0.875,"__atlas_q_grupo":0.875,"__atlas_unidade_geologica_id":"1465","__atlas_unidade_geologica_sigla":"PP3ap","__atlas_unidade_geologica_nome":"Complexo Rio Apa","__atlas_fonte":"SGB · GeoSGB · Petrografia","__atlas_snapshot":"2026-08-14"}},{"type":"Feature","id":28694721,"geometry":{"type":"Point","coordinates":[-56.81961719999998,-21.576929500000006]},"properties":{"OBJECTID":28694721,"COD_AMOSTRA":84421,"COD_AFLORAMENTO":413197,"COD_ROCHA":468468,"NUM_CAMPO_AMOSTRA":"MR-0218","COD_LAMINA":24815,"NUM_CAMPO_LAMINA":"4075-MR-R-0218","NOTAS":"Macroscopia\r\nAmostra com 11 x 07 cm com superfície moderadamente alterada. A cor é cinza claro com pequenas porções com cor cinza escuro. A granulação é média (~03 mm). A estrutura é foliada. A composição é quartzo-feldspática com lâminas orientadas compostas por anfibólio e epidoto. IC ~10%.\r\nMicroscopia\r\nOcorrem cristais de feldspato (maioria plagioclásio) com e sem geminação, em sua maioria anédricos e com até 04 mm. Os cristais de feldspato mostram zoneamento proeminente e extinção concêntrica. Ocorre um cristal de plagioclásio com lamela de microclínio. Os contatos entre cristais de feldspato são retos e curvados. Ocorrem cristais de plagioclásio com inclusões muito pequenas de feldspato? concentradas próximo ao contato com outro cristal. Também ocorrem cristais de plagioclásio com núcleo com concentração de lamelas de feldspato alcalino. Pequenos cristais de epidoto e hornblenda são encontrados como inclusões em feldspato.\r\nOcorrem finas lentes e bolsões com concentração de cristais de hornblenda verde, com até 02 mm, associada com epidoto e subordinadamente titanita e minerais opacos. A hornblenda é em parte substituída por hornblenda verde clara. Ocorrem pequenas inclusões de quartzo e epidoto em hornblenda. Os cristais de epidoto mostram contatos poligonizados entre si com textura tipo mosaico, sendo que alguns mostram planos de clivagem proeminentes. \r\nNome da rocha: hornblenda-epidoto diorito foliado ","PETROGRAFO":"Vidyã Vieira de Almeida","PROJETO":"Bonito - Porto Murtinho","BASE_CARTOGRAFICA":"SF.21-X-C-IV - Fazenda Margarida","TIPO_SECAO":"Delgada","GRAU_INTEMPERISMO":"Moderadamente intemperizada","TAMANHO_AMOSTRA":"11 cm","COR_RX_FRESCA":"Cinza claro","COR_RX_INTEMPERIZADA":null,"GRANULACAO_MINIMA":"Fanerítica média (1,0-5,0mm)","GRANULACAO_MEDIA":"Fanerítica média (1,0-5,0mm)","GRANULACAO_MAXIMA":"Fanerítica média (1,0-5,0mm)","SELECIONAMENTO":null,"CONSISTENCIA_AMOSTRA":"Consistente","CONTATO":null,"COD_CLASSIFICACAO":null,"PROTOLITO":null,"ROCHA":"Hornblenda diorito","LINK":"p_cod_amostra=84421&p_cod_rocha=468468&p_cod_afloramento=413197","LOCAL_LAMINA":"SUREG-SP","LOTE_LAMINA":null,"NUM_LAB_LAMINA":null,"FICHA":null,"MINERAIS_IDENTIFICADOS":"Epidoto(15%), Hornblenda(8%), Opaco (Microscopia)(2%), Titanita(2%), Monazita(<1%), Quartzo(<1%)","X":-56.8196172,"Y":-21.5769295,"DATUM":"WGS84","__atlas_chave_independente":"AFLOR_ROCHA:413197:468468","__atlas_n_registros_grupo":1,"__atlas_q_registro":0.875,"__atlas_q_grupo":0.875,"__atlas_unidade_geologica_id":"1465","__atlas_unidade_geologica_sigla":"PP3ap","__atlas_unidade_geologica_nome":"Complexo Rio Apa","__atlas_fonte":"SGB · GeoSGB · Petrografia","__atlas_snapshot":"2026-08-14"}},{"type":"Feature","id":28694737,"geometry":{"type":"Point","coordinates":[-56.81519500000002,-21.583095500000013]},"properties":{"OBJECTID":28694737,"COD_AMOSTRA":84422,"COD_AFLORAMENTO":413198,"COD_ROCHA":468469,"NUM_CAMPO_AMOSTRA":"MR-0219","COD_LAMINA":24816,"NUM_CAMPO_LAMINA":"4075-MR-R-0219","NOTAS":"Macroscopia\r\nAmostra com 09 x 06 cm com superfície bastante alterada. A cor é cinza claro. A superfície alterada mostra cor avermelhada. A granulação é média a grossa. É composta principalmente por quartzo e subordinadamente muscovita e pequenos cristais de granada com até 01 mm. Ocorre uma foliação espaçada.\r\nMicroscopia\r\nOcorre predominância de cristais de quartzo alongados, com extinção ondulante, recristalizados por migração de borda de grão e por vezes maiores que 01 cm. \r\nOs cristais de quartzo por vezes mostram pequenas inclusões de muscovita, quartzo arredondado e granada. Ocorrem cristais de muscovita em sua maioria subédricos, com até 05 mm e orientados na direção da foliação principal. Os cristais de maiores de muscovita estão deformados e com extinção ondulante. Alguns cristais de muscovita mostram pequenas inclusões arredondadas de quartzo. Os contatos muscovita-quartzo são retos. Ocorrem pequenos cristais (<01 mm) de granada euédrica completamente oxidada e com inclusões muito pequenas de quartzo.\r\nNome da rocha: granada-muscovita quartzito ","PETROGRAFO":"Vidyã Vieira de Almeida","PROJETO":"Bonito - Porto Murtinho","BASE_CARTOGRAFICA":"SF.21-X-C-IV - Fazenda Margarida","TIPO_SECAO":"Delgada","GRAU_INTEMPERISMO":"Muito intemperizada","TAMANHO_AMOSTRA":"9 cm","COR_RX_FRESCA":"Cinza claro","COR_RX_INTEMPERIZADA":null,"GRANULACAO_MINIMA":"Areia média (0,25-1,0mm)","GRANULACAO_MEDIA":"Areia média (0,25-1,0mm)","GRANULACAO_MAXIMA":"Areia grossa (1,0- 2,0mm)","SELECIONAMENTO":null,"CONSISTENCIA_AMOSTRA":"Consistente","CONTATO":null,"COD_CLASSIFICACAO":null,"PROTOLITO":null,"ROCHA":"Muscovita quartzito","LINK":"p_cod_amostra=84422&p_cod_rocha=468469&p_cod_afloramento=413198","LOCAL_LAMINA":"SUREG-SP","LOTE_LAMINA":null,"NUM_LAB_LAMINA":null,"FICHA":null,"MINERAIS_IDENTIFICADOS":"Quartzo(88%), Muscovita(10%), Granada(2%)","X":-56.815194999999996,"Y":-21.5830955,"DATUM":"WGS84","__atlas_chave_independente":"AFLOR_ROCHA:413198:468469","__atlas_n_registros_grupo":1,"__atlas_q_registro":0.875,"__atlas_q_grupo":0.875,"__atlas_unidade_geologica_id":"1465","__atlas_unidade_geologica_sigla":"PP3ap","__atlas_unidade_geologica_nome":"Complexo Rio Apa","__atlas_fonte":"SGB · GeoSGB · Petrografia","__atlas_snapshot":"2026-08-14"}},{"type":"Feature","id":28694753,"geometry":{"type":"Point","coordinates":[-56.867302600000016,-21.612942599999997]},"properties":{"OBJECTID":28694753,"COD_AMOSTRA":84425,"COD_AFLORAMENTO":413201,"COD_ROCHA":468474,"NUM_CAMPO_AMOSTRA":"MR-0222-B","COD_LAMINA":24818,"NUM_CAMPO_LAMINA":"4075-MR-R-0222-B","NOTAS":"Macroscopia\r\nAmostra com 8,5 x 6,5 cm com superfície moderadamente alterada. A cor é rosa acinzentada. A granulação é fina a média (~01 mm). É composta por feldspato róseo, plagioclásio, quartzo fumê e cristais muito pequenos de minerais máficos. O IC é baixo. A amostra apresenta uma folliação proeminente.\r\nMicroscopia\r\nPresença de cristais de feldspato (plagioclásio e microclínio) anédricos, menores que 01 mm e recristalizados por bulging em algumas regiões. Os cristais de feldspato estão associados com pequenos cristais de quartzo recristalizados por migração de borda de grão. Os mesmos cristais também mostram feições de recristalização por bulging. Os cristais de quartzo mostram extinção ondulante e alguns estão alongados na direção da foliação principal. Os cristais de microclínio mostram micropertitas e pequenas inclusões arredondadas de quartzo. \r\nOcorrem pequenos cristais de minerais opacos, clorita e subordinadamente biotita orientados segundo Sp. A biotita por vezes encontra-se intercrescida com clorita. Pequenos cristais de epidoto também são encontrados.\r\nNome da rocha: monzogranito protomilonítico ","PETROGRAFO":"Vidyã Vieira de Almeida","PROJETO":"Bonito - Porto Murtinho","BASE_CARTOGRAFICA":"SF.21-X-C-IV - Fazenda Margarida","TIPO_SECAO":"Delgada","GRAU_INTEMPERISMO":"Moderadamente intemperizada","TAMANHO_AMOSTRA":"8 cm","COR_RX_FRESCA":"Cinza rosado","COR_RX_INTEMPERIZADA":null,"GRANULACAO_MINIMA":"Fanerítica fina (<1,0mm)","GRANULACAO_MEDIA":"Fanerítica média (1,0-5,0mm)","GRANULACAO_MAXIMA":"Fanerítica média (1,0-5,0mm)","SELECIONAMENTO":null,"CONSISTENCIA_AMOSTRA":"Consistente","CONTATO":"Contato intrusivo","COD_CLASSIFICACAO":null,"PROTOLITO":null,"ROCHA":"Monzogranito milonítico","LINK":"p_cod_amostra=84425&p_cod_rocha=468474&p_cod_afloramento=413201","LOCAL_LAMINA":"SUREG-SP","LOTE_LAMINA":null,"NUM_LAB_LAMINA":null,"FICHA":null,"MINERAIS_IDENTIFICADOS":"Microclínio(34%), Quartzo(30%), Opaco (Microscopia)(4%), Biotita(<1%), Apatita(<1%), Clorita(1%), Epidoto(<1%)","X":-56.8673026,"Y":-21.6129426,"DATUM":"WGS84","__atlas_chave_independente":"AFLOR_ROCHA:413201:468474","__atlas_n_registros_grupo":1,"__atlas_q_registro":0.875,"__atlas_q_grupo":0.875,"__atlas_unidade_geologica_id":"1465","__atlas_unidade_geologica_sigla":"PP3ap","__atlas_unidade_geologica_nome":"Complexo Rio Apa","__atlas_fonte":"SGB · GeoSGB · Petrografia","__atlas_snapshot":"2026-08-14"}},{"type":"Feature","id":28694785,"geometry":{"type":"Point","coordinates":[-56.83630390000002,-21.589957099999992]},"properties":{"OBJECTID":28694785,"COD_AMOSTRA":84426,"COD_AFLORAMENTO":413202,"COD_ROCHA":468475,"NUM_CAMPO_AMOSTRA":"MR-0223-B","COD_LAMINA":24819,"NUM_CAMPO_LAMINA":"4075-MR-R-0223-B","NOTAS":"Macroscopia\r\nAmostra com 13 x 05 cm, muito pouco alterada com pequenas porções com cor de alteração branca. Rocha com cor cinza, com foliação definida pela biotita, textura lepidoblástica com porções com textura granoblástica com quartzo e feldspato. É composta por biotita (35%), quartzo (33%), feldspato (30%), granada (2%) e magnetita. Os grãos de granada são muito pequenos. \r\nMicroscopia\r\nA lâmina mostra predominância de textura granoblástica definida por grãos de quartzo e feldspato com porções lepidoblásticas definidas pela biotita. Os grãos de quartzo são subidioblásticos a xenoblásticos com extinção ondulante e recristalização por migração de borda de grão e contatos interlobados entre si. Em algumas porções os cristais de quartzo formam aglomerados com contatos poligonizados entre si. Os grãos de feldspato são subidioblásticos a xenoblásticos. Ocorre textura mirmequítica nos grãos de plagioclásio em contato com feldspato alcalino. Os grãos de plagioclásio estão parcialmente sericitizados. Os grãos de minerais opacos são subidioblásticos a xenoblásticos e estão associados com muscovita e titanita. Os grãos de granada são arredondados e muito pequenos.\r\nNome da rocha: biotita gnaisse com granada","PETROGRAFO":"Vidyã Vieira de Almeida","PROJETO":"Bonito - Porto Murtinho","BASE_CARTOGRAFICA":"SF.21-X-C-IV - Fazenda Margarida","TIPO_SECAO":"Delgada","GRAU_INTEMPERISMO":"Pouco intemperizada","TAMANHO_AMOSTRA":"13 cm","COR_RX_FRESCA":"Cinza claro","COR_RX_INTEMPERIZADA":null,"GRANULACAO_MINIMA":"Fanerítica fina (<1,0mm)","GRANULACAO_MEDIA":"Fanerítica média (1,0-5,0mm)","GRANULACAO_MAXIMA":"Fanerítica grossa (5,0-30,0mm)","SELECIONAMENTO":null,"CONSISTENCIA_AMOSTRA":"Consistente","CONTATO":null,"COD_CLASSIFICACAO":null,"PROTOLITO":null,"ROCHA":"Biotita gnaisse","LINK":"p_cod_amostra=84426&p_cod_rocha=468475&p_cod_afloramento=413202","LOCAL_LAMINA":"SUREG-SP","LOTE_LAMINA":null,"NUM_LAB_LAMINA":null,"FICHA":null,"MINERAIS_IDENTIFICADOS":"Quartzo(30%), Biotita(15%), Opaco (Microscopia)(3%), Titanita(2%), Epidoto(2%), Monazita(1%), Granada(1%), Clorita(<1%), Serecita(1%)","X":-56.8363039,"Y":-21.5899571,"DATUM":"WGS84","__atlas_chave_independente":"AFLOR_ROCHA:413202:468475","__atlas_n_registros_grupo":1,"__atlas_q_registro":0.875,"__atlas_q_grupo":0.875,"__atlas_unidade_geologica_id":"1465","__atlas_unidade_geologica_sigla":"PP3ap","__atlas_unidade_geologica_nome":"Complexo Rio Apa","__atlas_fonte":"SGB · GeoSGB · Petrografia","__atlas_snapshot":"2026-08-14"}},{"type":"Feature","id":28694801,"geometry":{"type":"Point","coordinates":[-56.8177096,-21.7499368]},"properties":{"OBJECTID":28694801,"COD_AMOSTRA":84441,"COD_AFLORAMENTO":413213,"COD_ROCHA":468490,"NUM_CAMPO_AMOSTRA":"MR-0234-E","COD_LAMINA":24825,"NUM_CAMPO_LAMINA":"4075-MR-R-0234-E","NOTAS":"Macroscopia\r\nAmostra com 12 x 9,5 cm moderadamente alterada. A cor é cinza. Granulação fina (até 01 mm). É composta por quartzo, feldspato (plagioclásio?), muscovita, biotita e óxidos. A amostra apresenta uma nítida foliação. Ocorrem algumas fraturas oblíquas à direção da foliação principal. IC ~08%\r\nMicroscopia\r\nOcorrem cristais anédricos de quartzo (maioria < 01 mm), por vezes alongados na direção da foliação e com extinção ondulante. Os cristais de quartzo estão em contato curvado e reto entre si e com feldspato. Em algumas regiões ocorre textura em mosaico com junções tríplices. Os cristais de feldspato (maioria plagioclásio) são anédricos, com no máximo 01 mm, também alongados e parcialmente a totalmente sericitizados/saussuritizados. Ocorrem cristais intersticiais de quartzo. Os cristais de feldspato mostram pequenas inclusões arredondadas de quartzo. Em toda a lâmina são observados cristais, com até 1,5 mm, orientados segundo Sp, de clorita, biotita, cristais com intercrescimento entre clorita, biotita e muscovita, esta por vezes mostra textura simplectítica. Ocorrem pequenos cristais de epidoto associados.\r\nOcorre uma fratura preenchida por epidoto. A região próxima à fratura apresenta maior concentração de cristais totalmente saussuritizados de plagioclásio. Alguns cristais de feldspato mostram zoneamento e extinção concêntrica.\r\nNome da rocha: Chl metarcóseo com Bt e Ms","PETROGRAFO":"Vidyã Vieira de Almeida","PROJETO":"Bonito - Porto Murtinho","BASE_CARTOGRAFICA":"SF.21-X-C-IV - Fazenda Margarida","TIPO_SECAO":"Delgada","GRAU_INTEMPERISMO":"Moderadamente intemperizada","TAMANHO_AMOSTRA":"12 cm","COR_RX_FRESCA":"Cinza","COR_RX_INTEMPERIZADA":null,"GRANULACAO_MINIMA":"Areia fina (0,062-0,25mm)","GRANULACAO_MEDIA":"Areia fina (0,062-0,25mm)","GRANULACAO_MAXIMA":"Areia fina (0,062-0,25mm)","SELECIONAMENTO":null,"CONSISTENCIA_AMOSTRA":"Consistente","CONTATO":null,"COD_CLASSIFICACAO":null,"PROTOLITO":null,"ROCHA":"Metarcóseo","LINK":"p_cod_amostra=84441&p_cod_rocha=468490&p_cod_afloramento=413213","LOCAL_LAMINA":"SUREG-SP","LOTE_LAMINA":null,"NUM_LAB_LAMINA":null,"FICHA":null,"MINERAIS_IDENTIFICADOS":"Quartzo(48%), Clorita(8%), Biotita(4%), Muscovita(3%), Epidoto(2%), Apatita(<1%), Zircão(<1%)","X":-56.8177096,"Y":-21.7499368,"DATUM":"WGS84","__atlas_chave_independente":"AFLOR_ROCHA:413213:468490","__atlas_n_registros_grupo":1,"__atlas_q_registro":0.875,"__atlas_q_grupo":0.875,"__atlas_unidade_geologica_id":"1465","__atlas_unidade_geologica_sigla":"PP3ap","__atlas_unidade_geologica_nome":"Complexo Rio Apa","__atlas_fonte":"SGB · GeoSGB · Petrografia","__atlas_snapshot":"2026-08-14"}},{"type":"Feature","id":28694817,"geometry":{"type":"Point","coordinates":[-56.8177096,-21.7499368]},"properties":{"OBJECTID":28694817,"COD_AMOSTRA":84440,"COD_AFLORAMENTO":413213,"COD_ROCHA":468489,"NUM_CAMPO_AMOSTRA":"MR-0234-I","COD_LAMINA":24824,"NUM_CAMPO_LAMINA":"4075-MR-R-0234-I","NOTAS":"Macroscopia\r\nAmostra com 6,5 x 05 cm moderadamente alterada. A cor é marrom avermelhada com porções com cor cinza. Granulação média (01 a 02 mm). É composta por feldspato róseo, plagioclásio, quartzo fumê e lâminas com concentração de minerais máficos (anfibólio associado com muscovita). A amostra é foliada. Ocorrem finas venulações preenchidas por epidoto. IC ~15%.\r\nMicroscopia\r\nOcorrem cristais anédricos de plagioclásio parcial a totalmente sericitizados/saussuritizados, levemente deformados e com até 02 mm. Os cristais de plagioclásio estão em contato ondulado e reto entre si e com microclínio por vezes formando junções tríplices.\r\nOs cristais de microclínio mostram formas mais irregulares, são em geral menores que o plagioclásio e por vezes intersticiais.\r\nOs cristais de quartzo são anédricos, com até 02 mm, com extinção ondulante e alta concentração de inclusões fluidas.\r\nOcorrem cristais orientados de clorita associada com muscovita com até 01 mm. Esses cristais juntamente com epidoto são encontrados também como preenchimento de fraturas espaçadas e orientadas para uma mesma direção. Ocorre uma venulação preenchida por cristais incolores de epidoto com extinção ondulante e orientação aleatória.\r\nNome da rocha: muscovita-clorita granodiorito foliado epidotizado","PETROGRAFO":"Vidyã Vieira de Almeida","PROJETO":"Bonito - Porto Murtinho","BASE_CARTOGRAFICA":"SF.21-X-C-IV - Fazenda Margarida","TIPO_SECAO":"Delgada","GRAU_INTEMPERISMO":"Moderadamente intemperizada","TAMANHO_AMOSTRA":"6 cm","COR_RX_FRESCA":"Marrom escuro","COR_RX_INTEMPERIZADA":null,"GRANULACAO_MINIMA":"Fanerítica média (1,0-5,0mm)","GRANULACAO_MEDIA":"Fanerítica média (1,0-5,0mm)","GRANULACAO_MAXIMA":"Fanerítica média (1,0-5,0mm)","SELECIONAMENTO":null,"CONSISTENCIA_AMOSTRA":"Consistente","CONTATO":null,"COD_CLASSIFICACAO":null,"PROTOLITO":null,"ROCHA":"Granodiorito foliado","LINK":"p_cod_amostra=84440&p_cod_rocha=468489&p_cod_afloramento=413213","LOCAL_LAMINA":"SUREG-SP","LOTE_LAMINA":null,"NUM_LAB_LAMINA":null,"FICHA":null,"MINERAIS_IDENTIFICADOS":"Quartzo(25%), Microclínio(18%), Clorita(6%), Muscovita(3%), Epidoto(2%), Opaco (Microscopia)(1%), Apatita(<1%)","X":-56.8177096,"Y":-21.7499368,"DATUM":"WGS84","__atlas_chave_independente":"AFLOR_ROCHA:413213:468489","__atlas_n_registros_grupo":2,"__atlas_q_registro":0.875,"__atlas_q_grupo":0.875,"__atlas_unidade_geologica_id":"1465","__atlas_unidade_geologica_sigla":"PP3ap","__atlas_unidade_geologica_nome":"Complexo Rio Apa","__atlas_fonte":"SGB · GeoSGB · Petrografia","__atlas_snapshot":"2026-08-14"}},{"type":"Feature","id":28694833,"geometry":{"type":"Point","coordinates":[-56.8177096,-21.7499368]},"properties":{"OBJECTID":28694833,"COD_AMOSTRA":84439,"COD_AFLORAMENTO":413213,"COD_ROCHA":468489,"NUM_CAMPO_AMOSTRA":"MR-0234-F","COD_LAMINA":24823,"NUM_CAMPO_LAMINA":"4075-MR-R-0234-F","NOTAS":"Macroscopia\r\nSem amostra\r\nMicroscopia\r\nPresença de cristais anédricos de feldspato (plagioclásio) boa parte totalmente sericitizados/saussuritizados e por vezes com pequenas inclusões de muscovita e quartzo. O feldspato está em contato com cristais anédricos de quartzo, com até 05 mm, com extinção ondulante e \"estrias\" de deformação.\r\nOcorrem cristais por vezes intersticiais de clorita associada com muscovita, epidoto e titanita. Ocorrem pequenos cristais de allanita bordejada por epidoto. Alguns cristais dessa associação parecem ter substituído feldspato.\r\nNome da rocha: granitóide hidrotermalizado","PETROGRAFO":"Vidyã Vieira de Almeida","PROJETO":"Bonito - Porto Murtinho","BASE_CARTOGRAFICA":"SF.21-X-C-IV - Fazenda Margarida","TIPO_SECAO":"Delgada","GRAU_INTEMPERISMO":null,"TAMANHO_AMOSTRA":null,"COR_RX_FRESCA":null,"COR_RX_INTEMPERIZADA":null,"GRANULACAO_MINIMA":" ","GRANULACAO_MEDIA":" ","GRANULACAO_MAXIMA":" ","SELECIONAMENTO":null,"CONSISTENCIA_AMOSTRA":null,"CONTATO":null,"COD_CLASSIFICACAO":null,"PROTOLITO":null,"ROCHA":"Granitoide","LINK":"p_cod_amostra=84439&p_cod_rocha=468489&p_cod_afloramento=413213","LOCAL_LAMINA":"SUREG-SP","LOTE_LAMINA":null,"NUM_LAB_LAMINA":null,"FICHA":null,"MINERAIS_IDENTIFICADOS":"Quartzo(30%), Muscovita(2%), Clorita(2%), Epidoto(1%), Titanita(<1%), Opaco (Microscopia)(<1%)","X":-56.8177096,"Y":-21.7499368,"DATUM":"WGS84","__atlas_chave_independente":"AFLOR_ROCHA:413213:468489","__atlas_n_registros_grupo":2,"__atlas_q_registro":0.875,"__atlas_q_grupo":0.875,"__atlas_unidade_geologica_id":"1465","__atlas_unidade_geologica_sigla":"PP3ap","__atlas_unidade_geologica_nome":"Complexo Rio Apa","__atlas_fonte":"SGB · GeoSGB · Petrografia","__atlas_snapshot":"2026-08-14"}},{"type":"Feature","id":28694849,"geometry":{"type":"Point","coordinates":[-56.8177096,-21.7499368]},"properties":{"OBJECTID":28694849,"COD_AMOSTRA":84437,"COD_AFLORAMENTO":413213,"COD_ROCHA":468488,"NUM_CAMPO_AMOSTRA":"MR-0234-A","COD_LAMINA":24822,"NUM_CAMPO_LAMINA":"4075-MR-R-0234","NOTAS":"","PETROGRAFO":"Vidyã Vieira de Almeida","PROJETO":"Bonito - Porto Murtinho","BASE_CARTOGRAFICA":"SF.21-X-C-IV - Fazenda Margarida","TIPO_SECAO":"Delgada","GRAU_INTEMPERISMO":"Moderadamente intemperizada","TAMANHO_AMOSTRA":"6 cm","COR_RX_FRESCA":"Cinza rosado","COR_RX_INTEMPERIZADA":null,"GRANULACAO_MINIMA":"Fanerítica fina (<1,0mm)","GRANULACAO_MEDIA":"Fanerítica média (1,0-5,0mm)","GRANULACAO_MAXIMA":"Fanerítica grossa (5,0-30,0mm)","SELECIONAMENTO":null,"CONSISTENCIA_AMOSTRA":"Consistente","CONTATO":"Contato intrusivo","COD_CLASSIFICACAO":null,"PROTOLITO":null,"ROCHA":"Granodiorito foliado","LINK":"p_cod_amostra=84437&p_cod_rocha=468488&p_cod_afloramento=413213","LOCAL_LAMINA":"SUREG-SP","LOTE_LAMINA":null,"NUM_LAB_LAMINA":null,"FICHA":null,"MINERAIS_IDENTIFICADOS":"Quartzo(25%), Microclínio(18%), Clorita(6%), Muscovita(3%), Epidoto(2%), Opaco (Microscopia)(1%)","X":-56.8177096,"Y":-21.7499368,"DATUM":"WGS84","__atlas_chave_independente":"AFLOR_ROCHA:413213:468488","__atlas_n_registros_grupo":1,"__atlas_q_registro":0.875,"__atlas_q_grupo":0.875,"__atlas_unidade_geologica_id":"1465","__atlas_unidade_geologica_sigla":"PP3ap","__atlas_unidade_geologica_nome":"Complexo Rio Apa","__atlas_fonte":"SGB · GeoSGB · Petrografia","__atlas_snapshot":"2026-08-14"}},{"type":"Feature","id":28694881,"geometry":{"type":"Point","coordinates":[-56.8177096,-21.7499368]},"properties":{"OBJECTID":28694881,"COD_AMOSTRA":84435,"COD_AFLORAMENTO":413213,"COD_ROCHA":468487,"NUM_CAMPO_AMOSTRA":"MR-0234-G","COD_LAMINA":24820,"NUM_CAMPO_LAMINA":"4075-MR-R-0234-G","NOTAS":"Macroscopia\r\nAmostra com 09 x 03 cm moderadamente alterada, cor cinza escuro esverdeado. Granulação média (01 a 03 mm). É composta essencialmente por anfibólio e feldspato (plagioclásio). A amostra apresenta uma foliação proeminente.\r\nMicroscopia\r\nOcorrem cristais em sua maioria subédricos e euédricos de hornblenda, com até 01 mm e em parte orientados. Cristais subédricos de clorita, com até 02 mm, são frequentemente encontrados em contato com hornblenda e estão associados e até intercrescidos com epidoto. Os cristais de clorita estão orientados para duas direções. Os cristais de feldspato (plagioclásio) estão completamente saussuritizados e associados com cristais de quartzo com até 01 mm. Pequenos cristais de quartzo também são encontrados como inclusões em hornblenda e clorita. Ocorrem cristais de minerais opacos em parte euédricos e com até 02 mm.\r\nNome da rocha: anfibolito (paranfibolito)","PETROGRAFO":"Vidyã Vieira de Almeida","PROJETO":"Bonito - Porto Murtinho","BASE_CARTOGRAFICA":"SF.21-X-C-IV - Fazenda Margarida","TIPO_SECAO":"Delgada","GRAU_INTEMPERISMO":"Moderadamente intemperizada","TAMANHO_AMOSTRA":"9 cm","COR_RX_FRESCA":"Cinza esverdeado","COR_RX_INTEMPERIZADA":null,"GRANULACAO_MINIMA":"Fanerítica média (1,0-5,0mm)","GRANULACAO_MEDIA":"Fanerítica média (1,0-5,0mm)","GRANULACAO_MAXIMA":"Fanerítica média (1,0-5,0mm)","SELECIONAMENTO":null,"CONSISTENCIA_AMOSTRA":"Consistente","CONTATO":"Contato intrusivo","COD_CLASSIFICACAO":null,"PROTOLITO":null,"ROCHA":"Paraanfibolito","LINK":"p_cod_amostra=84435&p_cod_rocha=468487&p_cod_afloramento=413213","LOCAL_LAMINA":"SUREG-SP","LOTE_LAMINA":null,"NUM_LAB_LAMINA":null,"FICHA":null,"MINERAIS_IDENTIFICADOS":"Hornblenda(23%), Quartzo(22%), Clorita(19%), Opaco (Microscopia)(6%), Epidoto(3%)","X":-56.8177096,"Y":-21.7499368,"DATUM":"WGS84","__atlas_chave_independente":"AFLOR_ROCHA:413213:468487","__atlas_n_registros_grupo":2,"__atlas_q_registro":0.875,"__atlas_q_grupo":0.875,"__atlas_unidade_geologica_id":"1465","__atlas_unidade_geologica_sigla":"PP3ap","__atlas_unidade_geologica_nome":"Complexo Rio Apa","__atlas_fonte":"SGB · GeoSGB · Petrografia","__atlas_snapshot":"2026-08-14"}},{"type":"Feature","id":28694897,"geometry":{"type":"Point","coordinates":[-56.85422080000001,-21.72784660000002]},"properties":{"OBJECTID":28694897,"COD_AMOSTRA":84442,"COD_AFLORAMENTO":413214,"COD_ROCHA":468491,"NUM_CAMPO_AMOSTRA":"MR-0235","COD_LAMINA":24826,"NUM_CAMPO_LAMINA":"4075-MR-R-0235","NOTAS":"Macroscopia\r\nAmostra com 07 x 06 cm pouco alterada. Cor rósea. Granulação média (até 02 mm). É composta por feldspato róseo, quartzo fumê, plagioclásio e pequenos cristais de óxidos e biotita. Textura fanerítica. Estrutura maciça. IC ~04%.\r\nMicroscopia\r\nOcorrem cristais anédricos de quartzo, com até 1,5 mm, com extinção ondulante e feições de recristalização por migração de borda de grão e bulging. Os cristais de quartzo estão associados com cristais anédricos de microclínio micropertítico e plagioclásio levemente deformados, com até 02 mm e com feições de recristalização por bulging. O plagioclásio apresenta inclusões de mirmequita quando em contato com microclínio, este apresenta freqüentes inclusões arredondadas de quartzo. Ocorrem pequenos cristais orientados de biotita e biotita intercrescida com clorita. Também são encontrados alguns cristais de clorita e cristais de minerais opacos associados com epidoto.\r\nNome da rocha: biotita granito (limite entre monzo e sienogranito) brechado","PETROGRAFO":"Vidyã Vieira de Almeida","PROJETO":"Bonito - Porto Murtinho","BASE_CARTOGRAFICA":"SF.21-X-C-IV - Fazenda Margarida","TIPO_SECAO":"Delgada","GRAU_INTEMPERISMO":"Pouco intemperizada","TAMANHO_AMOSTRA":"7 cm","COR_RX_FRESCA":"Rosa","COR_RX_INTEMPERIZADA":null,"GRANULACAO_MINIMA":"Fanerítica média (1,0-5,0mm)","GRANULACAO_MEDIA":"Fanerítica média (1,0-5,0mm)","GRANULACAO_MAXIMA":"Fanerítica média (1,0-5,0mm)","SELECIONAMENTO":null,"CONSISTENCIA_AMOSTRA":"Consistente","CONTATO":null,"COD_CLASSIFICACAO":null,"PROTOLITO":null,"ROCHA":"Biotita monzogranito","LINK":"p_cod_amostra=84442&p_cod_rocha=468491&p_cod_afloramento=413214","LOCAL_LAMINA":"SUREG-SP","LOTE_LAMINA":null,"NUM_LAB_LAMINA":null,"FICHA":null,"MINERAIS_IDENTIFICADOS":"Quartzo(40%), Microclínio(29%), Biotita(4%), Opaco (Microscopia)(3%), Epidoto(3%), Apatita(<1%), Clorita(1%)","X":-56.8542208,"Y":-21.7278466,"DATUM":"WGS84","__atlas_chave_independente":"AFLOR_ROCHA:413214:468491","__atlas_n_registros_grupo":1,"__atlas_q_registro":0.875,"__atlas_q_grupo":0.875,"__atlas_unidade_geologica_id":"1465","__atlas_unidade_geologica_sigla":"PP3ap","__atlas_unidade_geologica_nome":"Complexo Rio Apa","__atlas_fonte":"SGB · GeoSGB · Petrografia","__atlas_snapshot":"2026-08-14"}},{"type":"Feature","id":28694913,"geometry":{"type":"Point","coordinates":[-56.95593020000001,-21.553990999999996]},"properties":{"OBJECTID":28694913,"COD_AMOSTRA":84445,"COD_AFLORAMENTO":413219,"COD_ROCHA":468496,"NUM_CAMPO_AMOSTRA":"VC077 (","COD_LAMINA":24827,"NUM_CAMPO_LAMINA":"4075-VC-R-77","NOTAS":"Macroscopia\r\nAmostra com 07 x 08 cm, pouco alterada com cor de alteração esbranquiçada. Rocha foliada com bandamentos milimétricos com composição félsica e máfica, com granulação fina a média. A textura é granolepidoblástica definida pelos grãos de quartzo, feldspato e biotita. É composta por quartzo (45%), feldspato (33%), biotita (20%) e magnetita (2%).\r\nMicroscopia\r\nLâmina com textura granoblástica definida pelos grãos de quartzo, feldspato alcalino e plagioclásio com porções lepidoblásticas. Os grãos de quartzo são subidioblásticos a xenoblásticos com extinção ondulante e contato interlobado entre si e com grãos de feldspato. Os grãos de feldspato são predominantemente subidioblásticos. Os grãos de feldspato alcalino contém lamelas de exsolução distribuídas ao longo do grão (não estão concentradas no núcleo). Os grãos de plagioclásio estão parcialmente substituídos por sericita. Localmente observa-se textura mirmequítica nas bordas ou preenchendo totalmente pequenos grãos de plagioclásio em contato com feldspato alcalino. Os grãos de biotita são subidioblásticos e por vezes estão intercrescidos com clorita e sericita. Os grãos de minerais opacos estão bordejados por titanita e sericita. Observam-se grãos arredondados de quartzo na matriz podendo representar textura de fusão parcial. \r\nNome da rocha: biotita gnaisse","PETROGRAFO":"Vidyã Vieira de Almeida","PROJETO":"Bonito - Porto Murtinho","BASE_CARTOGRAFICA":"SF.21-X-C-IV - Fazenda Margarida","TIPO_SECAO":"Delgada","GRAU_INTEMPERISMO":"Pouco intemperizada","TAMANHO_AMOSTRA":"8 cm","COR_RX_FRESCA":"Esbranquiçada","COR_RX_INTEMPERIZADA":null,"GRANULACAO_MINIMA":"Fanerítica fina (<1,0mm)","GRANULACAO_MEDIA":"Fanerítica média (1,0-5,0mm)","GRANULACAO_MAXIMA":"Fanerítica média (1,0-5,0mm)","SELECIONAMENTO":null,"CONSISTENCIA_AMOSTRA":"Consistente","CONTATO":null,"COD_CLASSIFICACAO":null,"PROTOLITO":null,"ROCHA":"Biotita gnaisse","LINK":"p_cod_amostra=84445&p_cod_rocha=468496&p_cod_afloramento=413219","LOCAL_LAMINA":"SUREG-SP","LOTE_LAMINA":null,"NUM_LAB_LAMINA":null,"FICHA":null,"MINERAIS_IDENTIFICADOS":"Quartzo(35%), Biotita(10%), Titanita(5%), Allanita(1%), Serecita(1%), Epidoto(1%), Opaco (Microscopia)(1%), Apatita(1%), Clorita(<1%), Zircão(<1%)","X":-56.9559302,"Y":-21.553991,"DATUM":"WGS84","__atlas_chave_independente":"AFLOR_ROCHA:413219:468496","__atlas_n_registros_grupo":1,"__atlas_q_registro":0.875,"__atlas_q_grupo":0.875,"__atlas_unidade_geologica_id":"1465","__atlas_unidade_geologica_sigla":"PP3ap","__atlas_unidade_geologica_nome":"Complexo Rio Apa","__atlas_fonte":"SGB · GeoSGB · Petrografia","__atlas_snapshot":"2026-08-14"}},{"type":"Feature","id":28694929,"geometry":{"type":"Point","coordinates":[-56.98283600000002,-21.567530499999975]},"properties":{"OBJECTID":28694929,"COD_AMOSTRA":84446,"COD_AFLORAMENTO":413221,"COD_ROCHA":468498,"NUM_CAMPO_AMOSTRA":"VC079 (","COD_LAMINA":24828,"NUM_CAMPO_LAMINA":"4075-VC-R-79","NOTAS":"Macroscopia\r\nAmostra com 13 x 8,5 cm moderadamente alterada. Cor cinza claro esbranquiçado com porções com cor cinza rosado. Granulação média (01 a 02 mm). É composta por quartzo, feldspato róseo, plagioclásio e cristais menores de biotita. Em um plano da amostra ocorre uma foliação.\r\nMicroscopia\r\nEm lâmina ocorrem cristais de quartzo anédricos, com menos de 01 mm a até 02 mm, com extinção ondulante. Os cristais menores de quartzo são arredondados e estão frequentemente inclusos em microclínio e subordinadamente plagioclásio.\r\nOs cristais de microclínio são anédricos, com até 03 mm e mostram micropertitas. Além das inclusões de quartzo também mostram pequenas inclusões, por vezes arredondadas de plagioclásio, este por vezes mostra inclusões de quartzo vermiforme em textura mirmequítica quando em contato e/ou envolvido por microclínio.\r\nOs cristais de plagioclásio também são anédricos, com até 02 mm e parcialmente sericitizados. Os contatos entre plagioclásio e microclínio são muitas vezes serrilhados, corroídos.\r\nOs contatos entre cristais de feldspato se aproximam de junções tríplices. \r\nOcorrem cristais por vezes subédricos de biotita marrom avermelhada, alterada e com menos de 01 mm.\r\nA foliação observada na macroscopia não foi identificada na microscopia.\r\nA lâmina mostra uma região com maior granulação. \r\nNome da rocha: biotita sienogranito foliado","PETROGRAFO":"Vidyã Vieira de Almeida","PROJETO":"Bonito - Porto Murtinho","BASE_CARTOGRAFICA":"SF.21-X-C-IV - Fazenda Margarida","TIPO_SECAO":"Delgada","GRAU_INTEMPERISMO":"Moderadamente intemperizada","TAMANHO_AMOSTRA":"13 cm","COR_RX_FRESCA":"Cinza rosado","COR_RX_INTEMPERIZADA":null,"GRANULACAO_MINIMA":"Fanerítica média (1,0-5,0mm)","GRANULACAO_MEDIA":"Fanerítica média (1,0-5,0mm)","GRANULACAO_MAXIMA":"Fanerítica média (1,0-5,0mm)","SELECIONAMENTO":null,"CONSISTENCIA_AMOSTRA":"Consistente","CONTATO":null,"COD_CLASSIFICACAO":null,"PROTOLITO":null,"ROCHA":"Biotita sienogranito","LINK":"p_cod_amostra=84446&p_cod_rocha=468498&p_cod_afloramento=413221","LOCAL_LAMINA":"SUREG-SP","LOTE_LAMINA":null,"NUM_LAB_LAMINA":null,"FICHA":null,"MINERAIS_IDENTIFICADOS":"Microclínio(45%), Quartzo(35%), Biotita(3%), Opaco (Microscopia)(1%)","X":-56.982836,"Y":-21.5675305,"DATUM":"WGS84","__atlas_chave_independente":"AFLOR_ROCHA:413221:468498","__atlas_n_registros_grupo":1,"__atlas_q_registro":0.875,"__atlas_q_grupo":0.875,"__atlas_unidade_geologica_id":"1465","__atlas_unidade_geologica_sigla":"PP3ap","__atlas_unidade_geologica_nome":"Complexo Rio Apa","__atlas_fonte":"SGB · GeoSGB · Petrografia","__atlas_snapshot":"2026-08-14"}},{"type":"Feature","id":28694961,"geometry":{"type":"Point","coordinates":[-56.96713249999999,-21.601544999999987]},"properties":{"OBJECTID":28694961,"COD_AMOSTRA":84448,"COD_AFLORAMENTO":413225,"COD_ROCHA":468502,"NUM_CAMPO_AMOSTRA":"VC083 (","COD_LAMINA":24830,"NUM_CAMPO_LAMINA":"4075-VC-R-83","NOTAS":"Macroscopia\r\nAmostra com 14 x 13 cm, pouco alterada com capa de alteração marrom amarelada. Rocha com cor cinza, foliada com foliação marcada por minerais opacos. Apresenta granulação fina a média, composta por quartzo (33), plagioclásio (20), feldspato alcalino (30), biotita (15), pirita (2).\r\nMicroscopia\r\nRocha com grande quantidade de texturas de intercrescimento. Observa-se textura micrográfica e mirmequítica. A maior parte dos grãos de feldspato estão com as texturas nas bordas ou totalmente preenchidos por elas. Os grãos de plagioclásio estão parcialmente sericitizados. \r\nOs grãos de quartzo são subidiomórficos a xenomórficos e com extinção ondulante. Possuem uma certa orientação.\r\nOs grãos de biotita são subidiomórficos a xenomórficos. \r\nObservam-se porções cumuláticas compostas por plagioclásio e quartzo. Alguns grãos mostram contato sinuoso e outros contatos retilíneos.\r\n\r\n%cumulus (15% da lâmina)                               %texturas de intercrescimento (45% da lâmina)\r\nPlagioclásio 12%                                                -textura mirmequítica\r\nQuartzo 3%                                                        -textura micrográfica\r\nNome da rocha: granito com biotita foliado ","PETROGRAFO":"Vidyã Vieira de Almeida","PROJETO":"Bonito - Porto Murtinho","BASE_CARTOGRAFICA":"SF.21-X-C-IV - Fazenda Margarida","TIPO_SECAO":"Delgada","GRAU_INTEMPERISMO":"Pouco intemperizada","TAMANHO_AMOSTRA":"14 cm","COR_RX_FRESCA":"Cinza","COR_RX_INTEMPERIZADA":null,"GRANULACAO_MINIMA":"Fanerítica fina (<1,0mm)","GRANULACAO_MEDIA":"Fanerítica média (1,0-5,0mm)","GRANULACAO_MAXIMA":"Fanerítica média (1,0-5,0mm)","SELECIONAMENTO":null,"CONSISTENCIA_AMOSTRA":"Consistente","CONTATO":null,"COD_CLASSIFICACAO":null,"PROTOLITO":null,"ROCHA":"Biotita granito","LINK":"p_cod_amostra=84448&p_cod_rocha=468502&p_cod_afloramento=413225","LOCAL_LAMINA":"SUREG-SP","LOTE_LAMINA":null,"NUM_LAB_LAMINA":null,"FICHA":null,"MINERAIS_IDENTIFICADOS":"Quartzo(30%), Biotita(3%), Clorita(1%), Epidoto(<1%), Zircão(<1%)","X":-56.9671325,"Y":-21.601544999999998,"DATUM":"WGS84","__atlas_chave_independente":"AFLOR_ROCHA:413225:468502","__atlas_n_registros_grupo":1,"__atlas_q_registro":0.875,"__atlas_q_grupo":0.875,"__atlas_unidade_geologica_id":"1465","__atlas_unidade_geologica_sigla":"PP3ap","__atlas_unidade_geologica_nome":"Complexo Rio Apa","__atlas_fonte":"SGB · GeoSGB · Petrografia","__atlas_snapshot":"2026-08-14"}},{"type":"Feature","id":28695009,"geometry":{"type":"Point","coordinates":[-56.95306479999999,-21.544611799999984]},"properties":{"OBJECTID":28695009,"COD_AMOSTRA":84451,"COD_AFLORAMENTO":413235,"COD_ROCHA":468512,"NUM_CAMPO_AMOSTRA":"EL-0001","COD_LAMINA":24833,"NUM_CAMPO_LAMINA":"4075-EL-R-0001-A","NOTAS":"Macroscopia\r\nRocha com bandamento irregular; bandas félsicas (quartzo-feldspáticas) rosadas e máficas (biotita e provavelmente anfibólio). Granulação média a grossa.\r\nMicroscopia\r\nEstrutura bandada: bandas máficas com hornblenda e biotita, e bandas félsicas quartzo-feldspáticas. Textura nemato-lepido-granoblástica, granulação fina a muito grossa, inequigranular.\r\nFeldspato potássico (microclínio) por vezes pertítico e plagioclásio (labradorita ~An65) por vezes com mirmequita; o primeiro está pouco alterado e o segundo moderadamente saussuritizados. Alguns grãos de plagioclásio apresentam zoneamento.\r\nGrãos de biotita, hornblenda, titanita e epídoto subeuéricos.\r\nProtólito: granito\r\nGrau de metamorfismo: médio\r\nNome da rocha: hornblenda-biotita ortognaisse","PETROGRAFO":"Vidyã Vieira de Almeida","PROJETO":"Bonito - Porto Murtinho","BASE_CARTOGRAFICA":"SF.21-X-C-IV - Fazenda Margarida","TIPO_SECAO":"Delgada","GRAU_INTEMPERISMO":"Moderadamente intemperizada","TAMANHO_AMOSTRA":"7 cm","COR_RX_FRESCA":"Cinza rosado","COR_RX_INTEMPERIZADA":null,"GRANULACAO_MINIMA":"Fanerítica média (1,0-5,0mm)","GRANULACAO_MEDIA":"Fanerítica média (1,0-5,0mm)","GRANULACAO_MAXIMA":"Fanerítica grossa (5,0-30,0mm)","SELECIONAMENTO":null,"CONSISTENCIA_AMOSTRA":"Consistente","CONTATO":null,"COD_CLASSIFICACAO":null,"PROTOLITO":"Granito","ROCHA":"Hornblenda gnaisse","LINK":"p_cod_amostra=84451&p_cod_rocha=468512&p_cod_afloramento=413235","LOCAL_LAMINA":"SUREG-SP","LOTE_LAMINA":null,"NUM_LAB_LAMINA":null,"FICHA":null,"MINERAIS_IDENTIFICADOS":"Microclínio(25%), Biotita(20%), Quartzo(20%), Hornblenda(10%), Titanita(5%), Epidoto(5%), Opaco (Microscopia)(<1%)","X":-56.9530648,"Y":-21.5446118,"DATUM":"WGS84","__atlas_chave_independente":"AFLOR_ROCHA:413235:468512","__atlas_n_registros_grupo":1,"__atlas_q_registro":0.875,"__atlas_q_grupo":0.875,"__atlas_unidade_geologica_id":"1465","__atlas_unidade_geologica_sigla":"PP3ap","__atlas_unidade_geologica_nome":"Complexo Rio Apa","__atlas_fonte":"SGB · GeoSGB · Petrografia","__atlas_snapshot":"2026-08-14"}},{"type":"Feature","id":28695025,"geometry":{"type":"Point","coordinates":[-56.9701101,-21.54513079999998]},"properties":{"OBJECTID":28695025,"COD_AMOSTRA":84452,"COD_AFLORAMENTO":413236,"COD_ROCHA":468513,"NUM_CAMPO_AMOSTRA":"EL-0002-A","COD_LAMINA":24834,"NUM_CAMPO_LAMINA":"4075-EL-R-0002-A","NOTAS":"Macroscopia\r\nRocha levemente foliada (biotita), bandada (níveis com biotita e níveis com quartzo e feldspato), cor cinza-clara, granulação média\r\nMicroscopia-\r\nEstrutura levemente foliada, marcada por grãos de biotita; textura lepido-granoblástica, granulação média/grossa, equigranular.\r\nEstrutura bandada: bandas biotíticas e bandas quartzo-feldspáticas.\r\nGrãos de microclínio por vezes apresentam-se pertíticos.\r\nGrãos de plagioclásio (Oligoclásio ~An12) por vezes, não apresentam geminação e estão sericitizados.\r\nProtólito: granito\r\nGrau de metamorfismo: médio\r\nNome da rocha: biotita ortognaisse","PETROGRAFO":"Vidyã Vieira de Almeida","PROJETO":"Bonito - Porto Murtinho","BASE_CARTOGRAFICA":"SF.21-X-C-IV - Fazenda Margarida","TIPO_SECAO":"Delgada","GRAU_INTEMPERISMO":"Moderadamente intemperizada","TAMANHO_AMOSTRA":"6 cm","COR_RX_FRESCA":"Cinza claro","COR_RX_INTEMPERIZADA":null,"GRANULACAO_MINIMA":"Fanerítica média (1,0-5,0mm)","GRANULACAO_MEDIA":"Fanerítica média (1,0-5,0mm)","GRANULACAO_MAXIMA":"Fanerítica grossa (5,0-30,0mm)","SELECIONAMENTO":null,"CONSISTENCIA_AMOSTRA":"Consistente","CONTATO":null,"COD_CLASSIFICACAO":null,"PROTOLITO":"Granito","ROCHA":"Biotita gnaisse","LINK":"p_cod_amostra=84452&p_cod_rocha=468513&p_cod_afloramento=413236","LOCAL_LAMINA":"SUREG-SP","LOTE_LAMINA":null,"NUM_LAB_LAMINA":null,"FICHA":null,"MINERAIS_IDENTIFICADOS":"Quartzo(25%), Microclínio(25%), Biotita(23%), Titanita(5%), Allanita(2%), Opaco (Microscopia)(<1%)","X":-56.9701101,"Y":-21.5451308,"DATUM":"WGS84","__atlas_chave_independente":"AFLOR_ROCHA:413236:468513","__atlas_n_registros_grupo":1,"__atlas_q_registro":0.875,"__atlas_q_grupo":0.875,"__atlas_unidade_geologica_id":"1465","__atlas_unidade_geologica_sigla":"PP3ap","__atlas_unidade_geologica_nome":"Complexo Rio Apa","__atlas_fonte":"SGB · GeoSGB · Petrografia","__atlas_snapshot":"2026-08-14"}},{"type":"Feature","id":28695041,"geometry":{"type":"Point","coordinates":[-56.875983599999984,-21.6075735]},"properties":{"OBJECTID":28695041,"COD_AMOSTRA":84464,"COD_AFLORAMENTO":413253,"COD_ROCHA":468532,"NUM_CAMPO_AMOSTRA":"EL00026-A","COD_LAMINA":24835,"NUM_CAMPO_LAMINA":"4075-EL-R-0026","NOTAS":"Macroscopia\r\nAmostra com dimensões11 x 9 cm , pouco alterada com capa de alteração cor marrom escura e, localmente, possui alteração esbranquiçada e com cor ocre. As porções mais preservadas apresentam cor verde escura.\r\nRocha com estrutura foliada (pouco evidente) definida pelos grãos de hornblenda, com granulação fina a média. È composta por hornblenda (85%), plagioclásio (15%). Observa-se veio preenchido com mineral verde claro (possivelmente epidoto) cortando a foliação.\r\nMicroscopia\r\nEm lâmina, a rocha apresenta foliação incipiente, com porções nematoblásticas definida pelos grãos de hornblenda. Estes são idioblásticos a subidioblásticos e estão em contato retilíneo com os grãos de plagioclásio e interlobado com grãos de epidoto. Contém inclusões de quartzo ou feldspato com hábito arredondado.\r\nOs grãos de plagioclásio são subidioblásticos a xenoblásticos, parcialmente alterados por sericita.\r\nOs grãos de titanita são pequenos, idioblásticos a subidioblásticos e, em algumas porções das lâminas, formam aglomerados.\r\nCortando a foliação observa-se pequenas fraturas preenchidas por clorita, epidoto e sericita.\r\nNome da rocha: anfibolito","PETROGRAFO":"Vidyã Vieira de Almeida","PROJETO":"Bonito - Porto Murtinho","BASE_CARTOGRAFICA":"SF.21-X-C-IV - Fazenda Margarida","TIPO_SECAO":"Delgada","GRAU_INTEMPERISMO":"Pouco intemperizada","TAMANHO_AMOSTRA":"11 cm","COR_RX_FRESCA":"Verde escuro","COR_RX_INTEMPERIZADA":null,"GRANULACAO_MINIMA":"Fanerítica fina (<1,0mm)","GRANULACAO_MEDIA":"Fanerítica média (1,0-5,0mm)","GRANULACAO_MAXIMA":"Fanerítica média (1,0-5,0mm)","SELECIONAMENTO":null,"CONSISTENCIA_AMOSTRA":"Consistente","CONTATO":"Contato intrusivo","COD_CLASSIFICACAO":null,"PROTOLITO":null,"ROCHA":"Anfibolito","LINK":"p_cod_amostra=84464&p_cod_rocha=468532&p_cod_afloramento=413253","LOCAL_LAMINA":"SUREG-SP","LOTE_LAMINA":null,"NUM_LAB_LAMINA":null,"FICHA":null,"MINERAIS_IDENTIFICADOS":"Hornblenda(70%), Sericita(5%), Epidoto(4%), Quartzo(3%), Titanita(3%), Zircão(<1%)","X":-56.8759836,"Y":-21.6075735,"DATUM":"WGS84","__atlas_chave_independente":"AFLOR_ROCHA:413253:468532","__atlas_n_registros_grupo":1,"__atlas_q_registro":0.875,"__atlas_q_grupo":0.875,"__atlas_unidade_geologica_id":"1465","__atlas_unidade_geologica_sigla":"PP3ap","__atlas_unidade_geologica_nome":"Complexo Rio Apa","__atlas_fonte":"SGB · GeoSGB · Petrografia","__atlas_snapshot":"2026-08-14"}},{"type":"Feature","id":28695073,"geometry":{"type":"Point","coordinates":[-56.876447799999994,-21.504447900000002]},"properties":{"OBJECTID":28695073,"COD_AMOSTRA":84469,"COD_AFLORAMENTO":413258,"COD_ROCHA":468538,"NUM_CAMPO_AMOSTRA":"EL-0035-A","COD_LAMINA":24837,"NUM_CAMPO_LAMINA":"4075-EL-R-0035-A","NOTAS":"Macroscopia\r\nOBS: pela deformação dos grãos de quartzo a rocha pode ser metamórfica (gnaisse), mas é preciso ver a descrição do afloramento. Não tem tarugo.\r\nMicroscopia\r\nEstrutura maciça, granulação fina a grossa, inequigranular, textura hipidiomórfica, aparentemente com grãos de biotita orientados.\r\nGrãos de quarto apresentam feições de deformação: contatos interlobados e lamelas de deformação.\r\nGrãos de plagioclásio (Labradorita ~An68) moderadamente saussuritizados e por vezes com mirmequita; grãos de microclínio não estão alterados.\r\nEpídoto ocorre associado a biotita, nas bordas e como inclusão.\r\nNome da rocha: hornblenda-biotita sienogranito deformado","PETROGRAFO":"Vidyã Vieira de Almeida","PROJETO":"Bonito - Porto Murtinho","BASE_CARTOGRAFICA":"SF.21-X-C-IV - Fazenda Margarida","TIPO_SECAO":"Delgada","GRAU_INTEMPERISMO":null,"TAMANHO_AMOSTRA":null,"COR_RX_FRESCA":null,"COR_RX_INTEMPERIZADA":null,"GRANULACAO_MINIMA":" ","GRANULACAO_MEDIA":" ","GRANULACAO_MAXIMA":" ","SELECIONAMENTO":null,"CONSISTENCIA_AMOSTRA":null,"CONTATO":null,"COD_CLASSIFICACAO":null,"PROTOLITO":null,"ROCHA":"Hornblenda sienogranito","LINK":"p_cod_amostra=84469&p_cod_rocha=468538&p_cod_afloramento=413258","LOCAL_LAMINA":"SUREG-SP","LOTE_LAMINA":null,"NUM_LAB_LAMINA":null,"FICHA":null,"MINERAIS_IDENTIFICADOS":"Microclínio(35%), Quartzo(30%), Biotita(7%), Hornblenda(5%), Epidoto(2%), Opaco (Microscopia)(<1%), Titanita(1%), Apatita(<1%), Zircão(<1%)","X":-56.8764478,"Y":-21.5044479,"DATUM":"WGS84","__atlas_chave_independente":"AFLOR_ROCHA:413258:468538","__atlas_n_registros_grupo":1,"__atlas_q_registro":0.875,"__atlas_q_grupo":0.875,"__atlas_unidade_geologica_id":"1465","__atlas_unidade_geologica_sigla":"PP3ap","__atlas_unidade_geologica_nome":"Complexo Rio Apa","__atlas_fonte":"SGB · GeoSGB · Petrografia","__atlas_snapshot":"2026-08-14"}},{"type":"Feature","id":28695089,"geometry":{"type":"Point","coordinates":[-56.958602499999984,-21.935885600000006]},"properties":{"OBJECTID":28695089,"COD_AMOSTRA":84491,"COD_AFLORAMENTO":413287,"COD_ROCHA":468574,"NUM_CAMPO_AMOSTRA":"MR-0241","COD_LAMINA":24838,"NUM_CAMPO_LAMINA":"4075-MR-R-0241","NOTAS":"Macroscopia\r\nAmostra com 06 x 04 cm alterada. Cor cinza claro amarronzado. Granulação média (01 mm). Estrutura maciça. É composta por feldspato (predominância de plagioclásio alterado) e quartzo fumê. Baixo índice de cor (IC < 01%).\r\nMicroscopia\r\nOcorrem cristais de plagioclásio alterados, parcialmente sericitizados, anédricos, com até 02 mm e por vezes zonados. Os cristais de plagioclásio estão em contato curvado e ondulado com quartzo e microclínio micropertítico. O plagioclásio mostra inclusões de mirmequita quando em contato com microclínio, este é anédrico com formas bastante irregulares e comumente mostram pequenas inclusões arredondadas de quartzo.\r\nOs cristais maiores de quartzo são anédricos, com até 03 mm e com extinção ondulante.\r\nOcorrem cristais de minerais opacos (um é maior que 01 mm) aparentemente associados com alteração. \r\nUma região restrita mostra concentração de cristais de muscovita, com 01 mm, parcialmente inclusos em plagioclásio.\r\nNome da rocha: monzogranito ","PETROGRAFO":"Vidyã Vieira de Almeida","PROJETO":"Bonito - Porto Murtinho","BASE_CARTOGRAFICA":"SF.21-X-C-IV - Fazenda Margarida","TIPO_SECAO":"Delgada","GRAU_INTEMPERISMO":"Intemperizada","TAMANHO_AMOSTRA":"6 cm","COR_RX_FRESCA":"Marrom claro","COR_RX_INTEMPERIZADA":null,"GRANULACAO_MINIMA":"Fanerítica média (1,0-5,0mm)","GRANULACAO_MEDIA":"Fanerítica média (1,0-5,0mm)","GRANULACAO_MAXIMA":"Fanerítica média (1,0-5,0mm)","SELECIONAMENTO":null,"CONSISTENCIA_AMOSTRA":"Consistente","CONTATO":null,"COD_CLASSIFICACAO":null,"PROTOLITO":null,"ROCHA":"Monzogranito","LINK":"p_cod_amostra=84491&p_cod_rocha=468574&p_cod_afloramento=413287","LOCAL_LAMINA":"SUREG-SP","LOTE_LAMINA":null,"NUM_LAB_LAMINA":null,"FICHA":null,"MINERAIS_IDENTIFICADOS":"Quartzo(33%), Microclínio(28%), Opaco (Microscopia)(2%), Muscovita(<1%)","X":-56.9586025,"Y":-21.9358856,"DATUM":"WGS84","__atlas_chave_independente":"AFLOR_ROCHA:413287:468574","__atlas_n_registros_grupo":1,"__atlas_q_registro":0.875,"__atlas_q_grupo":0.875,"__atlas_unidade_geologica_id":"1465","__atlas_unidade_geologica_sigla":"PP3ap","__atlas_unidade_geologica_nome":"Complexo Rio Apa","__atlas_fonte":"SGB · GeoSGB · Petrografia","__atlas_snapshot":"2026-08-14"}},{"type":"Feature","id":28695105,"geometry":{"type":"Point","coordinates":[-56.96871110000001,-21.852100199999995]},"properties":{"OBJECTID":28695105,"COD_AMOSTRA":84495,"COD_AFLORAMENTO":413295,"COD_ROCHA":468583,"NUM_CAMPO_AMOSTRA":"MR-0248","COD_LAMINA":24839,"NUM_CAMPO_LAMINA":"4075-MR-R-0248","NOTAS":"Macroscopia\r\nAmostra com 12 x 09 cm pouco alterada. Cor rósea. Granulação média (01 mm). É composta por feldspato róseo, quartzo e plagioclásio. Os minerais máficos (biotita) se concentram em finas lâminas. A estrutura é foliada. IC ~ 07%.\r\nMicroscopia\r\nOcorrem cristais anédricos de microclínio, com até 02 mm, por vezes com micropertitas, com freqüentes inclusões arredondadas de quartzo e com contatos ondulados com quartzo e plagioclásio. Alguns contatos lembram junções tríplices. Os cristais de plagioclásio têm até 01 mm e também mostram inclusões arredondadas de quartzo. Microclínio e plagioclásio por vezes mostram formas bastante irregulares.\r\nOs cristais de quartzo são anédricos, os maiores com 02 mm e mostram extinção ondulante e recristalização incipiente por bulging. Ocorrem cristais orientados de biotita, com até 02 mm, associada com epidoto. Ocorrem alguns cristais de biotita intercrescida com clorita e também alguns pequenos cristais de clorita e muscovita.\r\nNome da rocha: biotita sienogranito com clorita e epidoto ","PETROGRAFO":"Vidyã Vieira de Almeida","PROJETO":"Bonito - Porto Murtinho","BASE_CARTOGRAFICA":"SF.21-X-C-IV - Fazenda Margarida","TIPO_SECAO":"Delgada","GRAU_INTEMPERISMO":"Pouco intemperizada","TAMANHO_AMOSTRA":"12 cm","COR_RX_FRESCA":"Rosa","COR_RX_INTEMPERIZADA":null,"GRANULACAO_MINIMA":"Fanerítica média (1,0-5,0mm)","GRANULACAO_MEDIA":"Fanerítica média (1,0-5,0mm)","GRANULACAO_MAXIMA":"Fanerítica média (1,0-5,0mm)","SELECIONAMENTO":null,"CONSISTENCIA_AMOSTRA":"Consistente","CONTATO":null,"COD_CLASSIFICACAO":null,"PROTOLITO":null,"ROCHA":"Biotita sienogranito","LINK":"p_cod_amostra=84495&p_cod_rocha=468583&p_cod_afloramento=413295","LOCAL_LAMINA":"SUREG-SP","LOTE_LAMINA":null,"NUM_LAB_LAMINA":null,"FICHA":null,"MINERAIS_IDENTIFICADOS":"Microclínio(42%), Quartzo(34%), Biotita(4%), Muscovita(<1%), Apatita(<1%), Opaco (Microscopia)(<1%), Clorita(1%), Epidoto(1%), Zircão(<1%)","X":-56.9687111,"Y":-21.8521002,"DATUM":"WGS84","__atlas_chave_independente":"AFLOR_ROCHA:413295:468583","__atlas_n_registros_grupo":1,"__atlas_q_registro":0.875,"__atlas_q_grupo":0.875,"__atlas_unidade_geologica_id":"1465","__atlas_unidade_geologica_sigla":"PP3ap","__atlas_unidade_geologica_nome":"Complexo Rio Apa","__atlas_fonte":"SGB · GeoSGB · Petrografia","__atlas_snapshot":"2026-08-14"}},{"type":"Feature","id":28695121,"geometry":{"type":"Point","coordinates":[-56.94513979999999,-21.841089699999998]},"properties":{"OBJECTID":28695121,"COD_AMOSTRA":84497,"COD_AFLORAMENTO":413297,"COD_ROCHA":468585,"NUM_CAMPO_AMOSTRA":"MR-0250","COD_LAMINA":24840,"NUM_CAMPO_LAMINA":"4075-MR-R-0250","NOTAS":"Macroscopia\r\nSem amostra\r\nMicroscopia\r\nPresença de cristais de quartzo anédricos com extinção ondulante, no geral menores que 01 mm e por vezes alongados. Esses cristais estão em contato curvado e reto com feldspato (microclínio e plagioclásio). Os cristais de microclínio mostram deformação, são no geral maiores que o quartzo e por vezes apresentam inclusões arredondadas deste. Alguns cristais de plagioclásio estão parcialmente inclusos em microclínio e nesse caso mostram inclusões de mirmequitas.\r\nOcorrem cristais orientados de biotita subédrica, com ~01 mm (mesma orientação do alongamento do feldspato). A biotita encontra-se associada com pequenos cristais de epidoto e cristais com até 01 mm de titanita (pleocróica, zonada e com borda mais escura). Alguns cristais de epidoto circundam allanita. Os cristais maiores de minerais opacos são manteados por titanita.\r\nNome da rocha: biotita monzogranito com titanita deformado/ foliado","PETROGRAFO":"Vidyã Vieira de Almeida","PROJETO":"Bonito - Porto Murtinho","BASE_CARTOGRAFICA":"SF.21-X-C-IV - Fazenda Margarida","TIPO_SECAO":"Delgada","GRAU_INTEMPERISMO":null,"TAMANHO_AMOSTRA":null,"COR_RX_FRESCA":null,"COR_RX_INTEMPERIZADA":null,"GRANULACAO_MINIMA":" ","GRANULACAO_MEDIA":" ","GRANULACAO_MAXIMA":" ","SELECIONAMENTO":null,"CONSISTENCIA_AMOSTRA":null,"CONTATO":null,"COD_CLASSIFICACAO":null,"PROTOLITO":null,"ROCHA":"Biotita monzogranito","LINK":"p_cod_amostra=84497&p_cod_rocha=468585&p_cod_afloramento=413297","LOCAL_LAMINA":"SUREG-SP","LOTE_LAMINA":null,"NUM_LAB_LAMINA":null,"FICHA":null,"MINERAIS_IDENTIFICADOS":"Microclínio(35%), Quartzo(22%), Biotita(14%), Titanita(3%), Apatita(<1%), Opaco (Microscopia)(1%), Epidoto(<1%)","X":-56.9451398,"Y":-21.8410897,"DATUM":"WGS84","__atlas_chave_independente":"AFLOR_ROCHA:413297:468585","__atlas_n_registros_grupo":1,"__atlas_q_registro":0.875,"__atlas_q_grupo":0.875,"__atlas_unidade_geologica_id":"1465","__atlas_unidade_geologica_sigla":"PP3ap","__atlas_unidade_geologica_nome":"Complexo Rio Apa","__atlas_fonte":"SGB · GeoSGB · Petrografia","__atlas_snapshot":"2026-08-14"}},{"type":"Feature","id":28695137,"geometry":{"type":"Point","coordinates":[-56.94013130000002,-21.760985600000026]},"properties":{"OBJECTID":28695137,"COD_AMOSTRA":84499,"COD_AFLORAMENTO":413298,"COD_ROCHA":468587,"NUM_CAMPO_AMOSTRA":"MR-0251-B","COD_LAMINA":24842,"NUM_CAMPO_LAMINA":"4075-MR-R-0251-B","NOTAS":"Macroscopia\r\nAmostra com 09 x 5,5 cm moderadamente alterada. Presença de veio centimétrico preenchido por quartzo fumê encaixado em rocha granítica de cor rósea. A granulação do veio é média a grossa e a matriz da rocha mostra granulação média.\r\nMicroscopia\r\nOcorre um veio de quartzo com cristais anédricos de alongados e recristalizados por migração de borda de grão. Os mesmos cristais também mostram recristalização incipiente por bulging. O veio mostra alguns xenocristais de microclínio associados com plagioclásio, ambos com borda corroída.\r\nO veio está em contato com rocha composta por feldspato (essencialmente microclínio) deformado e com recristalização por bulging.\r\nNome da rocha: veio de quartzo","PETROGRAFO":"Vidyã Vieira de Almeida","PROJETO":"Bonito - Porto Murtinho","BASE_CARTOGRAFICA":"SF.21-X-C-IV - Fazenda Margarida","TIPO_SECAO":"Delgada","GRAU_INTEMPERISMO":"Moderadamente intemperizada","TAMANHO_AMOSTRA":"9 cm","COR_RX_FRESCA":"Fumê","COR_RX_INTEMPERIZADA":null,"GRANULACAO_MINIMA":"Fanerítica média (1,0-5,0mm)","GRANULACAO_MEDIA":"Fanerítica média (1,0-5,0mm)","GRANULACAO_MAXIMA":"Fanerítica grossa (5,0-30,0mm)","SELECIONAMENTO":null,"CONSISTENCIA_AMOSTRA":"Consistente","CONTATO":"Contato intrusivo","COD_CLASSIFICACAO":null,"PROTOLITO":null,"ROCHA":"Veio de quartzo","LINK":"p_cod_amostra=84499&p_cod_rocha=468587&p_cod_afloramento=413298","LOCAL_LAMINA":"SUREG-SP","LOTE_LAMINA":null,"NUM_LAB_LAMINA":null,"FICHA":null,"MINERAIS_IDENTIFICADOS":"Quartzo(100%)","X":-56.9401313,"Y":-21.7609856,"DATUM":"WGS84","__atlas_chave_independente":"AFLOR_ROCHA:413298:468587","__atlas_n_registros_grupo":1,"__atlas_q_registro":0.875,"__atlas_q_grupo":0.875,"__atlas_unidade_geologica_id":"1465","__atlas_unidade_geologica_sigla":"PP3ap","__atlas_unidade_geologica_nome":"Complexo Rio Apa","__atlas_fonte":"SGB · GeoSGB · Petrografia","__atlas_snapshot":"2026-08-14"}},{"type":"Feature","id":28695153,"geometry":{"type":"Point","coordinates":[-56.94013130000002,-21.760985600000026]},"properties":{"OBJECTID":28695153,"COD_AMOSTRA":84498,"COD_AFLORAMENTO":413298,"COD_ROCHA":468586,"NUM_CAMPO_AMOSTRA":"MR-0251-A","COD_LAMINA":24841,"NUM_CAMPO_LAMINA":"4075-MR-R-0251-A","NOTAS":"Macroscopia\r\nAmostra com 10 x 4,5 cm moderadamente alterada. Cor rósea. Granulação fina a média (01 mm). É composta por feldspato róseo, quartzo, plagioclásio e finas lâminas máficas. Ocorre uma proeminente foliação milonítica e pares SC.\r\nMicroscopia\r\nA lâmina apresenta bandas de deformação paralelas à foliação milonítica com concentração de matriz com cristais muito pequenos recristalizados de quartzo e feldspato.\r\nAs regiões com menor milonitização são compostas por cristais anédricos de microclínio e plagioclásio, com até 01 mm, com incipiente recristalização por bulging. Parte dos cristais de feldspato encontram-se alongados para uma direção oblíqua em relação à foliação principal (pares SC). Os cristais de plagioclásio estão mais alterados e por vezes mostram inclusões de microclínio e quartzo. Os cristais de microclínio também mostram pequenas inclusões de quartzo e por vezes envolvem parcialmente cristais de plagioclásio com inclusões de quartzo mirmequítico. Os cristais de quartzo são menores e mostram recristalização incipiente de bulging sobreposta a uma migração de borda de grão?? Os planos de foliação são preenchidos por óxido de ferro.\r\nNome da rocha: monzogranito milonítico ","PETROGRAFO":"Vidyã Vieira de Almeida","PROJETO":"Bonito - Porto Murtinho","BASE_CARTOGRAFICA":"SF.21-X-C-IV - Fazenda Margarida","TIPO_SECAO":"Delgada","GRAU_INTEMPERISMO":"Moderadamente intemperizada","TAMANHO_AMOSTRA":"10 cm","COR_RX_FRESCA":"Cinza rosado","COR_RX_INTEMPERIZADA":null,"GRANULACAO_MINIMA":"Fanerítica fina (<1,0mm)","GRANULACAO_MEDIA":"Fanerítica média (1,0-5,0mm)","GRANULACAO_MAXIMA":"Fanerítica média (1,0-5,0mm)","SELECIONAMENTO":null,"CONSISTENCIA_AMOSTRA":"Consistente","CONTATO":null,"COD_CLASSIFICACAO":null,"PROTOLITO":null,"ROCHA":"Monzogranito milonítico","LINK":"p_cod_amostra=84498&p_cod_rocha=468586&p_cod_afloramento=413298","LOCAL_LAMINA":"SUREG-SP","LOTE_LAMINA":null,"NUM_LAB_LAMINA":null,"FICHA":null,"MINERAIS_IDENTIFICADOS":"Quartzo(43%), Microclínio(30%), Apatita(1%)","X":-56.9401313,"Y":-21.7609856,"DATUM":"WGS84","__atlas_chave_independente":"AFLOR_ROCHA:413298:468586","__atlas_n_registros_grupo":1,"__atlas_q_registro":0.875,"__atlas_q_grupo":0.875,"__atlas_unidade_geologica_id":"1465","__atlas_unidade_geologica_sigla":"PP3ap","__atlas_unidade_geologica_nome":"Complexo Rio Apa","__atlas_fonte":"SGB · GeoSGB · Petrografia","__atlas_snapshot":"2026-08-14"}},{"type":"Feature","id":28695185,"geometry":{"type":"Point","coordinates":[-56.896448899999996,-21.807448000000022]},"properties":{"OBJECTID":28695185,"COD_AMOSTRA":84502,"COD_AFLORAMENTO":413303,"COD_ROCHA":468592,"NUM_CAMPO_AMOSTRA":"MR-0256","COD_LAMINA":24844,"NUM_CAMPO_LAMINA":"4075-MR-R-0256","NOTAS":"Macroscopia\r\nAmostra com 07 x 04 cm com superfície alterada. Cor marrom avermelhado. Granulação fina a média (~01 mm). É composta essencialmente por feldspato róseo e quartzo. A amostra é foliada. \r\nMicroscopia\r\nOcorre uma foliação milonítica com orientação variável. Ocorrem cristais de quartzo, por vezes alongados, com até 01 mm, recristalizados por migração de borda de grão sobreposta por rotação de subgrão. Os cristais maiores também mostram recristalização por bulging.\r\nOs cristais de quartzo estão associados com cristais deformados de microclínio, com até 03 mm, por vezes sigmoidais e  com inclusões arredondadas de quartzo. Os cristais maiores de microclínio apresentam microfalhas. Ocorrem cristais de plagioclásio, com 02 mm, deformados e também com microfalhas. Os cristais de feldspato estão recristalizados por bulging.\r\nA lâmina mostra bandas de deformação com maior recristalização dinâmina. Ocorre uma série de falhas com orientação discordante da foliação milonítica. As  descontinuidades mostram concentração de material de oxidação e pequenos cristais de epidoto. Ocorre um veio com concentração de cristais euédricos de quartzo.\r\nNome da rocha: sienogranito milonítico epidotizado ","PETROGRAFO":"Vidyã Vieira de Almeida","PROJETO":"Bonito - Porto Murtinho","BASE_CARTOGRAFICA":"SF.21-X-C-IV - Fazenda Margarida","TIPO_SECAO":"Delgada","GRAU_INTEMPERISMO":"Moderadamente intemperizada","TAMANHO_AMOSTRA":"7 cm","COR_RX_FRESCA":"Marrom escuro","COR_RX_INTEMPERIZADA":null,"GRANULACAO_MINIMA":"Fanerítica fina (<1,0mm)","GRANULACAO_MEDIA":"Fanerítica média (1,0-5,0mm)","GRANULACAO_MAXIMA":"Fanerítica média (1,0-5,0mm)","SELECIONAMENTO":null,"CONSISTENCIA_AMOSTRA":"Consistente","CONTATO":null,"COD_CLASSIFICACAO":null,"PROTOLITO":null,"ROCHA":"Sienogranito","LINK":"p_cod_amostra=84502&p_cod_rocha=468592&p_cod_afloramento=413303","LOCAL_LAMINA":"SUREG-SP","LOTE_LAMINA":null,"NUM_LAB_LAMINA":null,"FICHA":null,"MINERAIS_IDENTIFICADOS":"Quartzo(44%), Microclínio(37%), Epidoto(4%)","X":-56.8964489,"Y":-21.807447999999997,"DATUM":"WGS84","__atlas_chave_independente":"AFLOR_ROCHA:413303:468592","__atlas_n_registros_grupo":1,"__atlas_q_registro":0.875,"__atlas_q_grupo":0.875,"__atlas_unidade_geologica_id":"1465","__atlas_unidade_geologica_sigla":"PP3ap","__atlas_unidade_geologica_nome":"Complexo Rio Apa","__atlas_fonte":"SGB · GeoSGB · Petrografia","__atlas_snapshot":"2026-08-14"}},{"type":"Feature","id":28695201,"geometry":{"type":"Point","coordinates":[-56.76342790000001,-21.866551500000014]},"properties":{"OBJECTID":28695201,"COD_AMOSTRA":84503,"COD_AFLORAMENTO":413305,"COD_ROCHA":468594,"NUM_CAMPO_AMOSTRA":"MR-0258","COD_LAMINA":24845,"NUM_CAMPO_LAMINA":"4075-MR-R-0258","NOTAS":"Macroscopia\r\nSem amostra\r\nMicroscopia\r\nPredominância de pequenos cristais de carbonato. Ocorrem alguns cristais muito pequenos de quartzo (e talvez feldspato) por vezes com extinção ondulante. Ocorrem lentes carbonáticas escurecidas mais finas. Ocorrem estilólitos preenchidos por óxido de ferro. Ocorrem finas venulações preenchidas por carbonato. A orientação dessas venulações é perpendicular à direção dos estilólitos.\r\nNome da rocha: calcário","PETROGRAFO":"Vidyã Vieira de Almeida","PROJETO":"Bonito - Porto Murtinho","BASE_CARTOGRAFICA":"SF.21-X-C-IV - Fazenda Margarida","TIPO_SECAO":"Delgada","GRAU_INTEMPERISMO":null,"TAMANHO_AMOSTRA":null,"COR_RX_FRESCA":null,"COR_RX_INTEMPERIZADA":null,"GRANULACAO_MINIMA":" ","GRANULACAO_MEDIA":" ","GRANULACAO_MAXIMA":" ","SELECIONAMENTO":null,"CONSISTENCIA_AMOSTRA":null,"CONTATO":null,"COD_CLASSIFICACAO":null,"PROTOLITO":null,"ROCHA":"Calcário","LINK":"p_cod_amostra=84503&p_cod_rocha=468594&p_cod_afloramento=413305","LOCAL_LAMINA":"SUREG-SP","LOTE_LAMINA":null,"NUM_LAB_LAMINA":null,"FICHA":null,"MINERAIS_IDENTIFICADOS":"Calcita(99%), Quartzo(1%), Feldspato(<1%)","X":-56.7634279,"Y":-21.8665515,"DATUM":"WGS84","__atlas_chave_independente":"AFLOR_ROCHA:413305:468594","__atlas_n_registros_grupo":1,"__atlas_q_registro":0.875,"__atlas_q_grupo":0.875,"__atlas_unidade_geologica_id":"3344","__atlas_unidade_geologica_sigla":"NP3cec","__atlas_unidade_geologica_nome":"Fácies Cerradinho, calcário calcítico","__atlas_fonte":"SGB · GeoSGB · Petrografia","__atlas_snapshot":"2026-08-14"}},{"type":"Feature","id":28695217,"geometry":{"type":"Point","coordinates":[-56.855189499999994,-21.956669799999986]},"properties":{"OBJECTID":28695217,"COD_AMOSTRA":84507,"COD_AFLORAMENTO":413307,"COD_ROCHA":468596,"NUM_CAMPO_AMOSTRA":"MR-0260-B","COD_LAMINA":24846,"NUM_CAMPO_LAMINA":"4075-MR-R-0260-B","NOTAS":"Macroscopia\r\nAmostra com 9,5 x 07 cm moderadamente alterada. Cor cinza escuro esverdeado com porções esbranquiçadas. Textura fanerítica média (01 mm). Estrutura maciça. É composta essencialmente por plagioclásio e piroxênio. Ocorrem pequenas porções com cor rósea (alteração?? Presença de feldspato róseo??).\r\nMicroscopia\r\nOcorrem cristais de plagioclásio (Labradorita An ~54) em sua maioria subédricos, com até 02 mm, parcialmente saussuritizados e com orientação aleatória. Os cristais de plagioclásio por vezes são parcialmente envolvidos por piroxênio formando localmente textura subofítica. \r\nOs cristais de piroxênio (cpx e opx) são levemente esverdeados, por vezes zonados têm até 03 mm. Os cristais maiores de piroxênio são em sua maioria subédricos, enquanto os menores são no geral, anédricos e intersticiais. Tanto opx como cpx encontram-se parcialmente substituídos por clorita e actinolita-tremolita?. Os cristais maiores de opx por vezes mostram contatos irregulares com cpx. Os cristais de piroxênio por vezes também são parcialmente envolvidos por plagioclásio.\r\nOcorrem cristais intersticiais de quartzo (<01 mm). Esses cristais estão associados com intercrescimentos com textura micrográfica presente comumente nos interstícios. Ocorrem porções com concentração de clorita.\r\nOcorrem cristais anédricos de minerais opacos frequentemente associados com pequenos cristais de titanita.\r\nBiotita intercrescida com hornblenda é encontrada em bordas de reação no piroxênio. \r\nNome da rocha: piroxênio microgabro com hornblenda e biotita","PETROGRAFO":"Vidyã Vieira de Almeida","PROJETO":"Bonito - Porto Murtinho","BASE_CARTOGRAFICA":"SF.21-X-C-IV - Fazenda Margarida","TIPO_SECAO":"Delgada","GRAU_INTEMPERISMO":"Moderadamente intemperizada","TAMANHO_AMOSTRA":"9 cm","COR_RX_FRESCA":"Cinza esverdeado","COR_RX_INTEMPERIZADA":null,"GRANULACAO_MINIMA":"Fanerítica média (1,0-5,0mm)","GRANULACAO_MEDIA":"Fanerítica média (1,0-5,0mm)","GRANULACAO_MAXIMA":"Fanerítica média (1,0-5,0mm)","SELECIONAMENTO":null,"CONSISTENCIA_AMOSTRA":"Consistente","CONTATO":null,"COD_CLASSIFICACAO":null,"PROTOLITO":null,"ROCHA":"Microgabro","LINK":"p_cod_amostra=84507&p_cod_rocha=468596&p_cod_afloramento=413307","LOCAL_LAMINA":"SUREG-SP","LOTE_LAMINA":null,"NUM_LAB_LAMINA":null,"FICHA":null,"MINERAIS_IDENTIFICADOS":"Enstatita(20%), Augita(15%), Quartzo(13%), Clorita(3%), Opaco (Microscopia)(3%), Titanita(1%), Epidoto(1%), Biotita(1%), Hornblenda(1%)","X":-56.8551895,"Y":-21.9566698,"DATUM":"WGS84","__atlas_chave_independente":"AFLOR_ROCHA:413307:468596","__atlas_n_registros_grupo":1,"__atlas_q_registro":0.875,"__atlas_q_grupo":0.875,"__atlas_unidade_geologica_id":"1465","__atlas_unidade_geologica_sigla":"PP3ap","__atlas_unidade_geologica_nome":"Complexo Rio Apa","__atlas_fonte":"SGB · GeoSGB · Petrografia","__atlas_snapshot":"2026-08-14"}},{"type":"Feature","id":28695233,"geometry":{"type":"Point","coordinates":[-56.8222629,-21.9001892]},"properties":{"OBJECTID":28695233,"COD_AMOSTRA":84508,"COD_AFLORAMENTO":413308,"COD_ROCHA":468597,"NUM_CAMPO_AMOSTRA":"MR-0261","COD_LAMINA":24847,"NUM_CAMPO_LAMINA":"4075-MR-R-0261-A","NOTAS":"Macroscopia\r\nSem amostra\r\nMicroscopia\r\nA lâmina está muito grossa o que praticamente impossibilitou a descrição petrográfica. São observados cristais anédricos de feldspato (microclínio e plagioclásio) com até 03 mm. Os cristais de microclínio mostram inclusões arredondadas de quartzo e também envolvem parcialmente cristais de plagioclásio com inclusões de mirmequitas. Os cristais de plagioclásio também por vezes mostram inclusões ou envolvem parcialmente cristais de quartzo.\r\nOs contatos entre feldspato e quartzo são ondulados. Quartzo geralmente é menor que feldspato.\r\nOcorrem pequenos cristais de biotita orientada. Os cristais de feldspato parecem mostrar um alongamento sempre com mesma direção.\r\nNome da rocha: biotita granito deformado","PETROGRAFO":"Vidyã Vieira de Almeida","PROJETO":"Bonito - Porto Murtinho","BASE_CARTOGRAFICA":"SF.21-X-C-IV - Fazenda Margarida","TIPO_SECAO":"Delgada","GRAU_INTEMPERISMO":null,"TAMANHO_AMOSTRA":null,"COR_RX_FRESCA":null,"COR_RX_INTEMPERIZADA":null,"GRANULACAO_MINIMA":" ","GRANULACAO_MEDIA":" ","GRANULACAO_MAXIMA":" ","SELECIONAMENTO":null,"CONSISTENCIA_AMOSTRA":null,"CONTATO":null,"COD_CLASSIFICACAO":null,"PROTOLITO":null,"ROCHA":"Biotita granito","LINK":"p_cod_amostra=84508&p_cod_rocha=468597&p_cod_afloramento=413308","LOCAL_LAMINA":"SUREG-SP","LOTE_LAMINA":null,"NUM_LAB_LAMINA":null,"FICHA":null,"MINERAIS_IDENTIFICADOS":"Quartzo(32%), Biotita(3%), Opaco (Microscopia)(1%)","X":-56.8222629,"Y":-21.9001892,"DATUM":"WGS84","__atlas_chave_independente":"AFLOR_ROCHA:413308:468597","__atlas_n_registros_grupo":1,"__atlas_q_registro":0.875,"__atlas_q_grupo":0.875,"__atlas_unidade_geologica_id":"1465","__atlas_unidade_geologica_sigla":"PP3ap","__atlas_unidade_geologica_nome":"Complexo Rio Apa","__atlas_fonte":"SGB · GeoSGB · Petrografia","__atlas_snapshot":"2026-08-14"}},{"type":"Feature","id":28695265,"geometry":{"type":"Point","coordinates":[-56.708197600000005,-21.527178600000013]},"properties":{"OBJECTID":28695265,"COD_AMOSTRA":84510,"COD_AFLORAMENTO":413311,"COD_ROCHA":468600,"NUM_CAMPO_AMOSTRA":"MR-0264","COD_LAMINA":24849,"NUM_CAMPO_LAMINA":"4075-MR-R-0264","NOTAS":"Macroscopia\r\nAmostra com 09 x 7,5 cm moderadamente alterada. A cor é cinza escuro. Granulação muito fina. É composta por carbonato. Estrutura maciça. E algumas regiões são observados pequenos grânulos mais claros e arredondados (oóides?, pelóides?) Ocorrem possíveis estilólitos.\r\nMicroscopia\r\nA lâmina é composta por porções esparíticas com carbonato muito pequeno (<<0,1 mm) que no geral envolvem pequenas estruturas circulares e ovais (pelóides) ainda mais finas e escuras. Ocorre uma venulação muito fina preenchida por quartzo microcristalino (chert?). Também ocorre uma série de fraturas e possíveis estilólitos ambos preenchidos por material de oxidação (óxido de ferro).\r\nNome da rocha: calcário com pelóides","PETROGRAFO":"Vidyã Vieira de Almeida","PROJETO":"Bonito - Porto Murtinho","BASE_CARTOGRAFICA":"SF.21-X-C-IV - Fazenda Margarida","TIPO_SECAO":"Delgada","GRAU_INTEMPERISMO":"Moderadamente intemperizada","TAMANHO_AMOSTRA":"9 cm","COR_RX_FRESCA":"Cinza escuro","COR_RX_INTEMPERIZADA":null,"GRANULACAO_MINIMA":"Silte (0,062-0,004mm)","GRANULACAO_MEDIA":"Areia fina (0,062-0,25mm)","GRANULACAO_MAXIMA":"Areia fina (0,062-0,25mm)","SELECIONAMENTO":null,"CONSISTENCIA_AMOSTRA":"Consistente","CONTATO":null,"COD_CLASSIFICACAO":null,"PROTOLITO":null,"ROCHA":"Calcário oolítico","LINK":"p_cod_amostra=84510&p_cod_rocha=468600&p_cod_afloramento=413311","LOCAL_LAMINA":"SUREG-SP","LOTE_LAMINA":null,"NUM_LAB_LAMINA":null,"FICHA":null,"MINERAIS_IDENTIFICADOS":"Carbonato(100%), Quartzo(<1%)","X":-56.7081976,"Y":-21.5271786,"DATUM":"WGS84","__atlas_chave_independente":"AFLOR_ROCHA:413311:468600","__atlas_n_registros_grupo":1,"__atlas_q_registro":0.875,"__atlas_q_grupo":0.875,"__atlas_unidade_geologica_id":"3344","__atlas_unidade_geologica_sigla":"NP3cec","__atlas_unidade_geologica_nome":"Fácies Cerradinho, calcário calcítico","__atlas_fonte":"SGB · GeoSGB · Petrografia","__atlas_snapshot":"2026-08-14"}},{"type":"Feature","id":28695297,"geometry":{"type":"Point","coordinates":[-56.76145100000002,-21.926050999999973]},"properties":{"OBJECTID":28695297,"COD_AMOSTRA":84532,"COD_AFLORAMENTO":413350,"COD_ROCHA":468645,"NUM_CAMPO_AMOSTRA":"VC-0058-B","COD_LAMINA":24851,"NUM_CAMPO_LAMINA":"4075-VC-R-0058-B","NOTAS":"Macroscopia\r\nAmostra com 12 x 13 cm com superfície alterada para cor marrom esverdeada. A região menos alterada mostra cor marrom escuro. A granulação é muito fina. Ocorrem uma discreta clivagem com mesma direção que o acamamento. Ocorrem algumas lâminas com ~1 mm de espessura com cor cinza. \r\nMicroscopia\r\nEm lâmina ocorrem cristais anédricos muito pequenos de quartzo (<< 0,1 mm) por vezes com extinção ondulante, alguns alongados para uma direção e outros arredondados. Esses cristais estão associados com sericita na forma de cristais também muito pequenos orientados para duas direções predominantes. Também ocorrem cristais maiores de muscovita (~0,1 mm) e de minerais opacos (~0,1 mm) associados com cristais vermelhos.\r\nNome da rocha: quartzo- sericita metasiltito","PETROGRAFO":"Vidyã Vieira de Almeida","PROJETO":"Bonito - Porto Murtinho","BASE_CARTOGRAFICA":"SF.21-X-C-IV - Fazenda Margarida","TIPO_SECAO":"Delgada","GRAU_INTEMPERISMO":"Intemperizada","TAMANHO_AMOSTRA":"12 cm","COR_RX_FRESCA":"Marrom claro","COR_RX_INTEMPERIZADA":null,"GRANULACAO_MINIMA":"Silte (0,062-0,004mm)","GRANULACAO_MEDIA":"Argila (<0,004mm)","GRANULACAO_MAXIMA":"Areia fina (0,062-0,25mm)","SELECIONAMENTO":null,"CONSISTENCIA_AMOSTRA":"Consistente","CONTATO":"Contato gradacional","COD_CLASSIFICACAO":null,"PROTOLITO":null,"ROCHA":"Metassiltito","LINK":"p_cod_amostra=84532&p_cod_rocha=468645&p_cod_afloramento=413350","LOCAL_LAMINA":"SUREG-SP","LOTE_LAMINA":null,"NUM_LAB_LAMINA":null,"FICHA":null,"MINERAIS_IDENTIFICADOS":"Sericita(54%), Quartzo(40%), Muscovita(4%), Opaco (Microscopia)(2%)","X":-56.761450999999994,"Y":-21.926050999999998,"DATUM":"WGS84","__atlas_chave_independente":"AFLOR_ROCHA:413350:468645","__atlas_n_registros_grupo":1,"__atlas_q_registro":0.875,"__atlas_q_grupo":0.875,"__atlas_unidade_geologica_id":"3344","__atlas_unidade_geologica_sigla":"NP3cec","__atlas_unidade_geologica_nome":"Fácies Cerradinho, calcário calcítico","__atlas_fonte":"SGB · GeoSGB · Petrografia","__atlas_snapshot":"2026-08-14"}},{"type":"Feature","id":28695313,"geometry":{"type":"Point","coordinates":[-56.86910399999999,-21.85370499999999]},"properties":{"OBJECTID":28695313,"COD_AMOSTRA":84541,"COD_AFLORAMENTO":413378,"COD_ROCHA":468673,"NUM_CAMPO_AMOSTRA":"MR-0281","COD_LAMINA":24852,"NUM_CAMPO_LAMINA":"4075-MR-R-0281","NOTAS":"","PETROGRAFO":"Vidyã Vieira de Almeida","PROJETO":"Bonito - Porto Murtinho","BASE_CARTOGRAFICA":"SF.21-X-C-IV - Fazenda Margarida","TIPO_SECAO":"Delgada","GRAU_INTEMPERISMO":"Moderadamente intemperizada","TAMANHO_AMOSTRA":"7 cm","COR_RX_FRESCA":"Marrom claro","COR_RX_INTEMPERIZADA":null,"GRANULACAO_MINIMA":"Silte (0,062-0,004mm)","GRANULACAO_MEDIA":"Areia fina (0,062-0,25mm)","GRANULACAO_MAXIMA":"Areia média (0,25-1,0mm)","SELECIONAMENTO":null,"CONSISTENCIA_AMOSTRA":"Friável","CONTATO":null,"COD_CLASSIFICACAO":null,"PROTOLITO":null,"ROCHA":"Granada-muscovita-biotita-quartzo xisto","LINK":"p_cod_amostra=84541&p_cod_rocha=468673&p_cod_afloramento=413378","LOCAL_LAMINA":"SUREG-SP","LOTE_LAMINA":null,"NUM_LAB_LAMINA":null,"FICHA":null,"MINERAIS_IDENTIFICADOS":"Muscovita(42%), Quartzo(36%), Sericita(13%), Granada(7%), Opaco (Microscopia)(1%), Fibrolita (Silimanita)(1%)","X":-56.869104,"Y":-21.853704999999998,"DATUM":"WGS84","__atlas_chave_independente":"AFLOR_ROCHA:413378:468673","__atlas_n_registros_grupo":1,"__atlas_q_registro":0.875,"__atlas_q_grupo":0.875,"__atlas_unidade_geologica_id":"1465","__atlas_unidade_geologica_sigla":"PP3ap","__atlas_unidade_geologica_nome":"Complexo Rio Apa","__atlas_fonte":"SGB · GeoSGB · Petrografia","__atlas_snapshot":"2026-08-14"}},{"type":"Feature","id":28695329,"geometry":{"type":"Point","coordinates":[-56.852079,-21.817587000000003]},"properties":{"OBJECTID":28695329,"COD_AMOSTRA":84543,"COD_AFLORAMENTO":413380,"COD_ROCHA":468675,"NUM_CAMPO_AMOSTRA":"MR-0283","COD_LAMINA":24853,"NUM_CAMPO_LAMINA":"4075-MR-R-0283","NOTAS":"Macroscopia\r\nAmostra com 6,5 x 5,5 cm com superfície bastante alterada. Ocorre um bandamento composto por alternência entre lentes milimétricas com granulação fina a média composta essencialmente por feldspato róseo e subordinadamente plagioclásio alterado e lentes milimétricas mais claras compostas por quartzo fumê e subordinadamente feldspato (róseo + plagioclásio). As descontinuidades (limites entre as lentes e as fraturas) encontram-se preenchidas por epidoto cinza esverdeado. Ocorrem pequenas cavidades com a forma de cristais de granada??\r\nMicroscopia\r\nA lâmina mostra uma alternância entre lentes compostas por agregados de cristais de quartzo (i) e lentes compostas por feldspato + quartzo (ii).\r\nEm (i) os agregados de quartzo mostram cristais, menores que 01 mm, recristalizados por annealing com contatos retos entre si, com junções tríplices e textura em mosaico. Em (ii) também ocorrem agregados de quartzo recristalizado por annealing associados com cristais anédricos de feldspato (maioria microclínio?) deformados, com até 02 mm, parcialmente a totalmente sericitizados/saussuritizados. Os cristais de feldspato frequentemente mostram bordas corroídas. Ocorrem pequenas porções com concentração de quartzo recristalizado por rotação de subgrão e também localmente migração de borda de grão. Localmente o feldspato também mostra recristalização por bulging. O microclínio por vezes mostra inclusões arredondadas de quartzo. \r\nToda a lâmina mostra porções e descontinuidades preenchidas por sericita. Ocorrem cristais maiores de muscovita associada a essas porções.\r\nNome da rocha: muscovita gnaisse milonítico","PETROGRAFO":"Vidyã Vieira de Almeida","PROJETO":"Bonito - Porto Murtinho","BASE_CARTOGRAFICA":"SF.21-X-C-IV - Fazenda Margarida","TIPO_SECAO":"Delgada","GRAU_INTEMPERISMO":"Muito intemperizada","TAMANHO_AMOSTRA":"6 cm","COR_RX_FRESCA":"Cinza rosado","COR_RX_INTEMPERIZADA":null,"GRANULACAO_MINIMA":"Fanerítica fina (<1,0mm)","GRANULACAO_MEDIA":"Fanerítica média (1,0-5,0mm)","GRANULACAO_MAXIMA":"Fanerítica média (1,0-5,0mm)","SELECIONAMENTO":null,"CONSISTENCIA_AMOSTRA":"Consistente","CONTATO":null,"COD_CLASSIFICACAO":null,"PROTOLITO":null,"ROCHA":"Muscovita gnaisse","LINK":"p_cod_amostra=84543&p_cod_rocha=468675&p_cod_afloramento=413380","LOCAL_LAMINA":"SUREG-SP","LOTE_LAMINA":null,"NUM_LAB_LAMINA":null,"FICHA":null,"MINERAIS_IDENTIFICADOS":"Quartzo(50%), Microclínio(37%), Sericita(10%), Muscovita(2%), Opaco (Microscopia)(1%)","X":-56.852078999999996,"Y":-21.817587,"DATUM":"WGS84","__atlas_chave_independente":"AFLOR_ROCHA:413380:468675","__atlas_n_registros_grupo":1,"__atlas_q_registro":0.875,"__atlas_q_grupo":0.875,"__atlas_unidade_geologica_id":"1465","__atlas_unidade_geologica_sigla":"PP3ap","__atlas_unidade_geologica_nome":"Complexo Rio Apa","__atlas_fonte":"SGB · GeoSGB · Petrografia","__atlas_snapshot":"2026-08-14"}},{"type":"Feature","id":28695345,"geometry":{"type":"Point","coordinates":[-56.83039100000002,-21.781029999999987]},"properties":{"OBJECTID":28695345,"COD_AMOSTRA":84545,"COD_AFLORAMENTO":413382,"COD_ROCHA":468678,"NUM_CAMPO_AMOSTRA":"MR-0285","COD_LAMINA":24854,"NUM_CAMPO_LAMINA":"4075-MR-R-0285","NOTAS":"Macroscopia\r\nAmostra com 08 x 04 cm bastante alterada. Cor cinza claro rosado. A amostra apresenta um bandamento definido pela alternância de lentes milimétricas quartzo-feldspáticas e lâminas micáceas com concentração de muscovita. A granulação é média (01 a 02 mm). Ocorrem fraturas discordantes da direção do bandamento.\r\nMicroscopia\r\nAs bandas quartzo-feldspáticas observadas macroscopicamente são compostas por cristais de quartzo anédrico, alongado, com até 02 mm e com extinção ondulante.\r\nOs cristais de quartzo estão recristalizados por migração de borda de grão? e por vezes formam agregados. Os cristais de quartzo estão em contato curvado com com cristais anédricos de microclínio por vezes alongado, com até 02 mm e com incipiente recristalização por bulging. Os cristais de microclínio por vezes mostram formas irregulares e pequenas inclusões arredondadas de quartzo. Os cristais de quartzo e feldspato mostram trilhas de inclusões fluidas.\r\nOcorrem cristais de plagioclásio (< 01 mm) parcialmente a totalmente sericitizados. Os cristais de plagioclásio são parcialmente envolvidos por microclínio e mostram inclusões vermiformes de quartzo em textura mirmequítica.\r\nOcorrem lâminas com concentração de cristais de muscovita subédrica, com até 01 mm, deformada, com extinção ondulante e orientada na direção do bandamento. As lâminas micáceas representam bandas de deformação onde ocorre maior incidência de recristalização e presença de falhas.  \r\nNome da rocha: muscovita gnaisse milonítico (com textura de migmatização)","PETROGRAFO":"Vidyã Vieira de Almeida","PROJETO":"Bonito - Porto Murtinho","BASE_CARTOGRAFICA":"SF.21-X-C-IV - Fazenda Margarida","TIPO_SECAO":"Delgada","GRAU_INTEMPERISMO":"Muito intemperizada","TAMANHO_AMOSTRA":"8 cm","COR_RX_FRESCA":"Cinza rosado","COR_RX_INTEMPERIZADA":null,"GRANULACAO_MINIMA":"Fanerítica média (1,0-5,0mm)","GRANULACAO_MEDIA":"Fanerítica média (1,0-5,0mm)","GRANULACAO_MAXIMA":"Fanerítica média (1,0-5,0mm)","SELECIONAMENTO":null,"CONSISTENCIA_AMOSTRA":"Consistente","CONTATO":null,"COD_CLASSIFICACAO":null,"PROTOLITO":null,"ROCHA":"Muscovita gnaisse","LINK":"p_cod_amostra=84545&p_cod_rocha=468678&p_cod_afloramento=413382","LOCAL_LAMINA":"SUREG-SP","LOTE_LAMINA":null,"NUM_LAB_LAMINA":null,"FICHA":null,"MINERAIS_IDENTIFICADOS":"Microclínio(50%), Quartzo(35%), Muscovita(9%), Opaco (Microscopia)(2%)","X":-56.830391,"Y":-21.781029999999998,"DATUM":"WGS84","__atlas_chave_independente":"AFLOR_ROCHA:413382:468678","__atlas_n_registros_grupo":1,"__atlas_q_registro":0.875,"__atlas_q_grupo":0.875,"__atlas_unidade_geologica_id":"1465","__atlas_unidade_geologica_sigla":"PP3ap","__atlas_unidade_geologica_nome":"Complexo Rio Apa","__atlas_fonte":"SGB · GeoSGB · Petrografia","__atlas_snapshot":"2026-08-14"}},{"type":"Feature","id":28695361,"geometry":{"type":"Point","coordinates":[-56.81885699999998,-21.806242999999995]},"properties":{"OBJECTID":28695361,"COD_AMOSTRA":84546,"COD_AFLORAMENTO":413383,"COD_ROCHA":468679,"NUM_CAMPO_AMOSTRA":"MR-0286-A","COD_LAMINA":24855,"NUM_CAMPO_LAMINA":"4075-MR-R-0286","NOTAS":"Macroscopia\r\nAmostra com 11 x 05 cm bastante alterada. Cor cinza arroxeado/avermelhado. Granulação fina. É composta por muscovita e quartzo (pode ter feldspato alterado). Estrutura xistosa. Ocorre uma lineação mineral no plano da foliação definida pela orientação dos cristais de muscovita.\r\nMicroscopia\r\nOcorrem cristais anédricos de quartzo recristalizado, com até 01 mm, com extinção ondulante. Localmente ocorre recristalização por migração de borda de grão. Algumas porções mostram recristalização por bulging. Ocorre um possível grão? arredondado formado por agregado de quartzo policristalino recristalizado por migração de borda de grão.\r\nOs cristais de quartzo estão associados com cristais de muscovita euédrica e subédrica, com até 01 mm, por vezes deformada e com extinção ondulante e orientada para duas direções. A muscovita por vezes encontra-se associada com pequenas porções com concentração de sericita e material de oxidação (feldspato totalmente sericitizado?). Os cristais de quartzo mostram inclusões muito pequenas (< 0,1 mm) de muscovita euédrica. Os critais de muscovita se amoldam no grão arredondado de quartzo policristalino. A orientação dos cristais de muscovita formam estruturas do tipo SC. \r\nOcorre uma série de falhas espaçadas, com orientação oblíqua à Sp e com concentração de cristais muito pequenos (<< 0,1 mm) de quartzo recristalizado associado com muscovita e sericita.\r\nNome da rocha: muscovita-quartzo xisto milonítico","PETROGRAFO":"Vidyã Vieira de Almeida","PROJETO":"Bonito - Porto Murtinho","BASE_CARTOGRAFICA":"SF.21-X-C-IV - Fazenda Margarida","TIPO_SECAO":"Delgada","GRAU_INTEMPERISMO":"Muito intemperizada","TAMANHO_AMOSTRA":"11 cm","COR_RX_FRESCA":"Roxo escuro","COR_RX_INTEMPERIZADA":null,"GRANULACAO_MINIMA":"Areia fina (0,062-0,25mm)","GRANULACAO_MEDIA":"Areia fina (0,062-0,25mm)","GRANULACAO_MAXIMA":"Areia fina (0,062-0,25mm)","SELECIONAMENTO":null,"CONSISTENCIA_AMOSTRA":"Consistente","CONTATO":null,"COD_CLASSIFICACAO":null,"PROTOLITO":null,"ROCHA":"Muscovita-quartzo xisto","LINK":"p_cod_amostra=84546&p_cod_rocha=468679&p_cod_afloramento=413383","LOCAL_LAMINA":"SUREG-SP","LOTE_LAMINA":null,"NUM_LAB_LAMINA":null,"FICHA":null,"MINERAIS_IDENTIFICADOS":"Quartzo(60%), Sericita(20%), Muscovita(20%)","X":-56.818856999999994,"Y":-21.806243,"DATUM":"WGS84","__atlas_chave_independente":"AFLOR_ROCHA:413383:468679","__atlas_n_registros_grupo":1,"__atlas_q_registro":0.875,"__atlas_q_grupo":0.875,"__atlas_unidade_geologica_id":"1465","__atlas_unidade_geologica_sigla":"PP3ap","__atlas_unidade_geologica_nome":"Complexo Rio Apa","__atlas_fonte":"SGB · GeoSGB · Petrografia","__atlas_snapshot":"2026-08-14"}},{"type":"Feature","id":28695377,"geometry":{"type":"Point","coordinates":[-56.823698999999976,-21.842747999999972]},"properties":{"OBJECTID":28695377,"COD_AMOSTRA":84547,"COD_AFLORAMENTO":413384,"COD_ROCHA":468680,"NUM_CAMPO_AMOSTRA":"MR-0287","COD_LAMINA":24856,"NUM_CAMPO_LAMINA":"4075-MR-R-0287","NOTAS":"Macroscopia\r\nAmostra com 13 x 06 cm moderadamente alterada. Ocorrem bandas quartzo-feldspáticas com cor cinza rosado e granulação média alternadas com lâminas máficas com granulação fina, cor cinza escuro e com concentração de biotita.\r\nOcorrem cristais de óxidos? alterados com cor marrom avermelhada.\r\nMicroscopia\r\nOs cristais de quartzo são anédricos, com até 03 mm, com extinção ondulante e recristalizados por migração de borda de grão. Os cristais de quartzo por vezes formam agregados. Localmente ocorre quartzo recristalizado por bulging.\r\nOs cristais de plagioclásio são anédricos, com até ~02 mm e mostram inclusões arredondadas e vermiformes de quartzo em textura mirmequítica quando em contato e/ou parcialmente a totalmente envolvidos por microclínio.\r\nOs cristais de microclínio são anédricos, com até 02 mm, no geral com forma bastante irregular e por vezes com inclusões arredondadas de quartzo.\r\nOs cristais de feldspato mostram localmente recristalização por bulging.\r\nOcorrem cristais orientados de biotita subédrica marrom avermelhada, com até 02 mm, com extinção ondulante, associada com cristais de epidoto subédricos e euédricos (< 01 mm) e pseudomorfos? de granada? euédrica, com até 02 mm, totalmente substituída por mineral opaco e sericita. Os pseudomorfos mostram pequenas inclusões de quartzo.\r\nOs cristais de biotita mostram pequenas inclusões de zircão euédrico (< 01 mm) com halos pleocróicos. O zircão está zonado e por vezes é encontrado incluso em feldspato.\r\nNome da rocha: granada?-biotita gnaisse (com textura de migmatização)","PETROGRAFO":"Vidyã Vieira de Almeida","PROJETO":"Bonito - Porto Murtinho","BASE_CARTOGRAFICA":"SF.21-X-C-IV - Fazenda Margarida","TIPO_SECAO":"Delgada","GRAU_INTEMPERISMO":"Moderadamente intemperizada","TAMANHO_AMOSTRA":"13 cm","COR_RX_FRESCA":"Cinza rosado","COR_RX_INTEMPERIZADA":null,"GRANULACAO_MINIMA":"Fanerítica fina (<1,0mm)","GRANULACAO_MEDIA":"Fanerítica fina (<1,0mm)","GRANULACAO_MAXIMA":"Fanerítica fina (<1,0mm)","SELECIONAMENTO":null,"CONSISTENCIA_AMOSTRA":"Consistente","CONTATO":null,"COD_CLASSIFICACAO":null,"PROTOLITO":null,"ROCHA":"Granada-biotita gnaisse","LINK":"p_cod_amostra=84547&p_cod_rocha=468680&p_cod_afloramento=413384","LOCAL_LAMINA":"SUREG-SP","LOTE_LAMINA":null,"NUM_LAB_LAMINA":null,"FICHA":null,"MINERAIS_IDENTIFICADOS":"Quartzo(40%), Microclínio(27%), Biotita(8%), Granada(3%), Epidoto(2%), Zircão(<1%), Apatita(<1%)","X":-56.823699,"Y":-21.842748,"DATUM":"WGS84","__atlas_chave_independente":"AFLOR_ROCHA:413384:468680","__atlas_n_registros_grupo":1,"__atlas_q_registro":0.875,"__atlas_q_grupo":0.875,"__atlas_unidade_geologica_id":"1465","__atlas_unidade_geologica_sigla":"PP3ap","__atlas_unidade_geologica_nome":"Complexo Rio Apa","__atlas_fonte":"SGB · GeoSGB · Petrografia","__atlas_snapshot":"2026-08-14"}},{"type":"Feature","id":28695409,"geometry":{"type":"Point","coordinates":[-56.922257,-21.869684000000007]},"properties":{"OBJECTID":28695409,"COD_AMOSTRA":84556,"COD_AFLORAMENTO":413387,"COD_ROCHA":468688,"NUM_CAMPO_AMOSTRA":"MR-0291","COD_LAMINA":24862,"NUM_CAMPO_LAMINA":"4075-MR-R-0291","NOTAS":"Macroscopia\r\nSem amostra\r\nMicroscopia\r\nPresença de pseudomorfos de porfiroblastos de granada completamente substituídos por sericita. Os porfiroblastos têm até 03 mm e estão alongados na direção da foliação principal. Os pseudomorfos mostram inclusões de quartzo, minerais opacos e muscovita com foliação interna com orientações diversas (oblíqua, paralela e ortogonal à foliação principal). Também ocorrem porfiroblastos de muscovita, com até 03 mrm, com textura tipo mica fish.\r\nOcorre uma alternância entre leitos micáceos com concentração de porfiroblastos de muscovita associada com sericita e leitos essencialmente quartzosos com concentração de cristais de quartzo muito pequenos (~0,1 mm) orientados segundo uma foliação oblíqua em relação à foliação principal. \r\nUma região mostra material de oxidação (óxido de ferro) como preenchimento de planos da foliação. Os cristais de quartzo estão recristalizados por rotação de sub grão. Localmente ocorre migração de borda de grão.\r\nA foliação principal é anastomosada e ocorrem pares SC. Ocorrem pequenas dobras intrafoliais. Alguns porfiroblastos de muscovita mostram inclusões de quartzo.\r\nNome da rocha: sericita-granada-quartzo-muscovita xisto milonítico com sillimanita","PETROGRAFO":"Vidyã Vieira de Almeida","PROJETO":"Bonito - Porto Murtinho","BASE_CARTOGRAFICA":"SF.21-X-C-IV - Fazenda Margarida","TIPO_SECAO":"Delgada","GRAU_INTEMPERISMO":null,"TAMANHO_AMOSTRA":null,"COR_RX_FRESCA":null,"COR_RX_INTEMPERIZADA":null,"GRANULACAO_MINIMA":" ","GRANULACAO_MEDIA":" ","GRANULACAO_MAXIMA":" ","SELECIONAMENTO":null,"CONSISTENCIA_AMOSTRA":null,"CONTATO":null,"COD_CLASSIFICACAO":null,"PROTOLITO":null,"ROCHA":"Silimanita-granada xisto","LINK":"p_cod_amostra=84556&p_cod_rocha=468688&p_cod_afloramento=413387","LOCAL_LAMINA":"SUREG-SP","LOTE_LAMINA":null,"NUM_LAB_LAMINA":null,"FICHA":null,"MINERAIS_IDENTIFICADOS":"Muscovita(42%), Quartzo(36%), Sericita(13%), Granada(7%), Opaco (Microscopia)(1%), Fibrolita (Silimanita)(1%)","X":-56.922256999999995,"Y":-21.869684,"DATUM":"WGS84","__atlas_chave_independente":"AFLOR_ROCHA:413387:468688","__atlas_n_registros_grupo":1,"__atlas_q_registro":0.875,"__atlas_q_grupo":0.875,"__atlas_unidade_geologica_id":"1465","__atlas_unidade_geologica_sigla":"PP3ap","__atlas_unidade_geologica_nome":"Complexo Rio Apa","__atlas_fonte":"SGB · GeoSGB · Petrografia","__atlas_snapshot":"2026-08-14"}},{"type":"Feature","id":28695425,"geometry":{"type":"Point","coordinates":[-56.922257,-21.869684000000007]},"properties":{"OBJECTID":28695425,"COD_AMOSTRA":84554,"COD_AFLORAMENTO":413387,"COD_ROCHA":468686,"NUM_CAMPO_AMOSTRA":"MR-0291-E","COD_LAMINA":24861,"NUM_CAMPO_LAMINA":"4075-MR-R-0291-E","NOTAS":"Macroscopia\r\nRocha foliada (xistosidade), dobrada, granulação média a grossa, cor amarela a marrom. Observa-se muita mica e quartzo.\r\nMicroscopia\r\nEstrutura foliada (Sn), dobrada. Textura pórfiro-grano-lepidoblástica fina a grossa. Profiroblastos de muscovita, frequentemente com textura fish, orientados com a Sn. \r\nBiotita tem granulação fina, também orientada com a Sn; aparentemente há duas gerações, uma de metamorfismo progressivo e outra regressivo (observado em bordas de granada).\r\nGrãos de quartzo fino a médio ocorrrem misturados com muscovita e biotita. Quartzo (fino a grosso) também ocorre em lentes, orientadas com a Sn, onde observa-se borda de migração.\r\nGrãos de granda sin- a tardi-Sn; alguns são observados no interior de porfiroblastos e muscovita. Plagioclásio (oligoclásio ~An25) ocorre junto ao quartzo.\r\nGrau de metamorfismo: baixo (fácies xisto-verde;/zona da granada)\r\nProtólito: Pelito\r\nNome da rocha: biotita-quartzo xisto com granada","PETROGRAFO":"Vidyã Vieira de Almeida","PROJETO":"Bonito - Porto Murtinho","BASE_CARTOGRAFICA":"SF.21-X-C-IV - Fazenda Margarida","TIPO_SECAO":"Delgada","GRAU_INTEMPERISMO":"Moderadamente intemperizada","TAMANHO_AMOSTRA":"7 cm","COR_RX_FRESCA":"Marrom claro","COR_RX_INTEMPERIZADA":null,"GRANULACAO_MINIMA":"Areia média (0,25-1,0mm)","GRANULACAO_MEDIA":"Areia média (0,25-1,0mm)","GRANULACAO_MAXIMA":"Areia grossa (1,0- 2,0mm)","SELECIONAMENTO":null,"CONSISTENCIA_AMOSTRA":"Consistente","CONTATO":null,"COD_CLASSIFICACAO":null,"PROTOLITO":"Pelito","ROCHA":"Granada-biotita xisto","LINK":"p_cod_amostra=84554&p_cod_rocha=468686&p_cod_afloramento=413387","LOCAL_LAMINA":"SUREG-SP","LOTE_LAMINA":null,"NUM_LAB_LAMINA":null,"FICHA":null,"MINERAIS_IDENTIFICADOS":"Muscovita(40%), Quartzo(35%), Biotita(15%), Granada(7%), Oligoclásio(3%), Opaco (Microscopia)(<1%)","X":-56.922256999999995,"Y":-21.869684,"DATUM":"WGS84","__atlas_chave_independente":"AFLOR_ROCHA:413387:468686","__atlas_n_registros_grupo":1,"__atlas_q_registro":0.875,"__atlas_q_grupo":0.875,"__atlas_unidade_geologica_id":"1465","__atlas_unidade_geologica_sigla":"PP3ap","__atlas_unidade_geologica_nome":"Complexo Rio Apa","__atlas_fonte":"SGB · GeoSGB · Petrografia","__atlas_snapshot":"2026-08-14"}},{"type":"Feature","id":28695441,"geometry":{"type":"Point","coordinates":[-56.922257,-21.869684000000007]},"properties":{"OBJECTID":28695441,"COD_AMOSTRA":84553,"COD_AFLORAMENTO":413387,"COD_ROCHA":468685,"NUM_CAMPO_AMOSTRA":"MR-0291-E","COD_LAMINA":24860,"NUM_CAMPO_LAMINA":"4075-MR-R-0291-E","NOTAS":"Macroscopia\r\nRocha foliada (xistosidade), dobrada, granulação média a grossa, cor amarela a marrom. Observa-se muita mica e quartzo.\r\nMicroscopia\r\nEstrutura foliada (Sn), dobrada. Textura pórfiro-grano-lepidoblástica fina a grossa. Profiroblastos de muscovita, frequentemente com textura fish, orientados com a Sn. \r\nBiotita tem granulação fina, também orientada com a Sn; aparentemente há duas gerações, uma de metamorfismo progressivo e outra regressivo (observado em bordas de granada).\r\nGrãos de quartzo fino a médio ocorrrem misturados com muscovita e biotita. Quartzo (fino a grosso) também ocorre em lentes, orientadas com a Sn, onde observa-se borda de migração.\r\nGrãos de granda sin- a tardi-Sn; alguns são observados no interior de porfiroblastos e muscovita. Plagioclásio (oligoclásio ~An25) ocorre junto ao quartzo.\r\nGrau de metamorfismo: baixo (fácies xisto-verde;/zona da granada)\r\nProtólito: Pelito\r\nNome da rocha: biotita-quartzo xisto com granada","PETROGRAFO":"Vidyã Vieira de Almeida","PROJETO":"Bonito - Porto Murtinho","BASE_CARTOGRAFICA":"SF.21-X-C-IV - Fazenda Margarida","TIPO_SECAO":"Delgada","GRAU_INTEMPERISMO":"Moderadamente intemperizada","TAMANHO_AMOSTRA":"7 cm","COR_RX_FRESCA":"Amarelo escuro","COR_RX_INTEMPERIZADA":null,"GRANULACAO_MINIMA":"Areia média (0,25-1,0mm)","GRANULACAO_MEDIA":"Areia média (0,25-1,0mm)","GRANULACAO_MAXIMA":"Areia grossa (1,0- 2,0mm)","SELECIONAMENTO":null,"CONSISTENCIA_AMOSTRA":"Consistente","CONTATO":null,"COD_CLASSIFICACAO":null,"PROTOLITO":"Pelito","ROCHA":"Granada-biotita xisto","LINK":"p_cod_amostra=84553&p_cod_rocha=468685&p_cod_afloramento=413387","LOCAL_LAMINA":"SUREG-SP","LOTE_LAMINA":null,"NUM_LAB_LAMINA":null,"FICHA":null,"MINERAIS_IDENTIFICADOS":"Muscovita(40%), Quartzo(35%), Biotita(15%), Granada(7%), Oligoclásio(3%), Opaco (Microscopia)(<1%)","X":-56.922256999999995,"Y":-21.869684,"DATUM":"WGS84","__atlas_chave_independente":"AFLOR_ROCHA:413387:468685","__atlas_n_registros_grupo":1,"__atlas_q_registro":0.875,"__atlas_q_grupo":0.875,"__atlas_unidade_geologica_id":"1465","__atlas_unidade_geologica_sigla":"PP3ap","__atlas_unidade_geologica_nome":"Complexo Rio Apa","__atlas_fonte":"SGB · GeoSGB · Petrografia","__atlas_snapshot":"2026-08-14"}},{"type":"Feature","id":28695473,"geometry":{"type":"Point","coordinates":[-56.922257,-21.869684000000007]},"properties":{"OBJECTID":28695473,"COD_AMOSTRA":84551,"COD_AFLORAMENTO":413387,"COD_ROCHA":468683,"NUM_CAMPO_AMOSTRA":"MR-0291-D","COD_LAMINA":24858,"NUM_CAMPO_LAMINA":"4075-MR-R-0291-D","NOTAS":"Microscopia\r\nEstrutura maciça, granulação média a muito grossa, inequigranular. Observam-se algumas feições indicativas de deformação: grãos de quartzo com extinção ondulante e menos frequentemente com migração de borda, lamela de deformação e subgrãos.\r\nComumente observam-se grãos microcristalinos (aparentemente apenas quartzo) no contato entre grãos (tanto de quartzo quanto de feldspatos).\r\nGrãos de plagioclásio um pouco sericitizados.\r\nNome da rocha: álcali-feldspato granito","PETROGRAFO":"Vidyã Vieira de Almeida","PROJETO":"Bonito - Porto Murtinho","BASE_CARTOGRAFICA":"SF.21-X-C-IV - Fazenda Margarida","TIPO_SECAO":"Delgada","GRAU_INTEMPERISMO":null,"TAMANHO_AMOSTRA":null,"COR_RX_FRESCA":null,"COR_RX_INTEMPERIZADA":null,"GRANULACAO_MINIMA":" ","GRANULACAO_MEDIA":" ","GRANULACAO_MAXIMA":" ","SELECIONAMENTO":null,"CONSISTENCIA_AMOSTRA":null,"CONTATO":null,"COD_CLASSIFICACAO":null,"PROTOLITO":null,"ROCHA":"Álcali-feldspato granito","LINK":"p_cod_amostra=84551&p_cod_rocha=468683&p_cod_afloramento=413387","LOCAL_LAMINA":"SUREG-SP","LOTE_LAMINA":null,"NUM_LAB_LAMINA":null,"FICHA":null,"MINERAIS_IDENTIFICADOS":"Quartzo(55%), Microclínio(40%)","X":-56.922256999999995,"Y":-21.869684,"DATUM":"WGS84","__atlas_chave_independente":"AFLOR_ROCHA:413387:468683","__atlas_n_registros_grupo":2,"__atlas_q_registro":0.875,"__atlas_q_grupo":0.875,"__atlas_unidade_geologica_id":"1465","__atlas_unidade_geologica_sigla":"PP3ap","__atlas_unidade_geologica_nome":"Complexo Rio Apa","__atlas_fonte":"SGB · GeoSGB · Petrografia","__atlas_snapshot":"2026-08-14"}},{"type":"Feature","id":28695489,"geometry":{"type":"Point","coordinates":[-56.922257,-21.869684000000007]},"properties":{"OBJECTID":28695489,"COD_AMOSTRA":84550,"COD_AFLORAMENTO":413387,"COD_ROCHA":468683,"NUM_CAMPO_AMOSTRA":"MR-0291-B","COD_LAMINA":24857,"NUM_CAMPO_LAMINA":"4075-MR-R-0291-B","NOTAS":"Macroscopia\r\nAmostra com 10 x 06 cm pouco alterada. Cor cinza escuro amarronzado com porções rosadas. A amostra apresenta uma região com maior granulação (granulação média a grossa, 03 mm) e estrutura bandada com alternância entre bandas, com no máximo 0,5 cm de espessura, essencialmente quartzo-feldspáticas e finas lâminas máficas com menor granulação e concentração de biotita.\r\nO restante da amostra é formada por uma região (pode ser uma banda) com granulação fina a média, foliada e composta essencialmente por feldspato róseo, plagioclásio, quartzo, minerais máficos (biotita) e muscovita.\r\nMicroscopia\r\nEm toda a lâmina são observados cristais de quartzo anédricos por vezes alongados e na forma de agregados, com extinção ondulante, com até 01 mm e recristalizados por migração de borda de grão com sobreposição de bulging. Os cristais de quartzo estão associados com cristais também anédricos de microclínio e subordinadamente plagioclásio, com 01 mm, alongados na direção da foliação principal, por vezes sigmoidais e com extinção concêntrica. Os cristais de feldspato mostram uma incipiente recristalização por bulging. Os cristais de microclínio micropertítico mostram freqüentes inclusões arredondadas de quartzo. O plagioclásio encontra-se parcialmente saussuritizado e frequentemente mostra inclusões de quartzo vermiforme em textura mirmequítica quando em contato ou parcialmente envolvido por microclínio.\r\nOcorrem bandas de deformação com maior incidência de feições de recristalização.\r\nOcorrem cristais de biotita marrom esverdeada em contato reto com muscovita, ambas com até 01 mm, orientadas segundo Sp, por vezes com extinção ondulante e leve deformação. As micas estão muitas vezes associadas com epidoto e titanita. Ocorre allanita? bordejada por epidoto. Ocorrem alguns cristais de clorita associada com biotita. \r\nNome da rocha: muscovita-biotita granito gnaisse protomilonítico (limite entre sieno e monzogranito)","PETROGRAFO":"Vidyã Vieira de Almeida","PROJETO":"Bonito - Porto Murtinho","BASE_CARTOGRAFICA":"SF.21-X-C-IV - Fazenda Margarida","TIPO_SECAO":"Delgada","GRAU_INTEMPERISMO":"Pouco intemperizada","TAMANHO_AMOSTRA":"10 cm","COR_RX_FRESCA":"Cinza rosado","COR_RX_INTEMPERIZADA":null,"GRANULACAO_MINIMA":"Fanerítica fina (<1,0mm)","GRANULACAO_MEDIA":"Fanerítica média (1,0-5,0mm)","GRANULACAO_MAXIMA":"Fanerítica grossa (5,0-30,0mm)","SELECIONAMENTO":null,"CONSISTENCIA_AMOSTRA":"Consistente","CONTATO":"Contato abrupto","COD_CLASSIFICACAO":null,"PROTOLITO":null,"ROCHA":"Muscovita-biotita gnaisse","LINK":"p_cod_amostra=84550&p_cod_rocha=468683&p_cod_afloramento=413387","LOCAL_LAMINA":"SUREG-SP","LOTE_LAMINA":null,"NUM_LAB_LAMINA":null,"FICHA":null,"MINERAIS_IDENTIFICADOS":"Quartzo(36%), Microclínio(20%), Biotita(15%), Muscovita(7%), Epidoto(3%), Opaco (Microscopia)(3%), Apatita(2%), Clorita(<1%), Titanita(1%)","X":-56.922256999999995,"Y":-21.869684,"DATUM":"WGS84","__atlas_chave_independente":"AFLOR_ROCHA:413387:468683","__atlas_n_registros_grupo":2,"__atlas_q_registro":0.875,"__atlas_q_grupo":0.875,"__atlas_unidade_geologica_id":"1465","__atlas_unidade_geologica_sigla":"PP3ap","__atlas_unidade_geologica_nome":"Complexo Rio Apa","__atlas_fonte":"SGB · GeoSGB · Petrografia","__atlas_snapshot":"2026-08-14"}},{"type":"Feature","id":28695505,"geometry":{"type":"Point","coordinates":[-56.91117600000001,-21.867113000000018]},"properties":{"OBJECTID":28695505,"COD_AMOSTRA":84559,"COD_AFLORAMENTO":413388,"COD_ROCHA":468691,"NUM_CAMPO_AMOSTRA":"MR-0292-A","COD_LAMINA":24865,"NUM_CAMPO_LAMINA":"4075-MR-R-0292-A","NOTAS":"Macroscopia\r\nAmostra com 12 x 09 cm com superfície alterada. A cor é marrom arroxeado. A granulação é fina (~01 mm). A amostra é foliada. Em uma face alterada é possível observar uma alternância entre lâminas quartzosas com cor cinza claro e lâminas com cor marrom. Também são observados cristais arredondados de granada.\r\nMicroscopia\r\nPresença de uma foliação proeminente com uma alternância de lâminas compostas por cristais de minerais opacos alongados associados com óxido de ferro? e lâminas quartzosas com cristais anédricos de quartzo alongado (ribbons mono e policristalinos), com 01 mm e recristalizados por migração de borda de grão. Localmente os mesmos cristais também mostram recristalização por bulging.\r\nCristais de granada em parte subédricos, menores que 0,1 a 1,5 mm, são observados. Alguns cristais de granada mostram inclusões de quartzo e minerais opacos. Alguns cristais de granada mostram foliação interna paralela e ortogonal à foliação principal.\r\nOcorrem pares SC em algumas regiões. Em uma região os cristais de minerais opacos mostram orientação oblíqua à foliação principal. Nesse caso a maioria dos cristais de quartzo mostra orientação paralela à foliação principal.\r\nNome da rocha: gondito","PETROGRAFO":"Vidyã Vieira de Almeida","PROJETO":"Bonito - Porto Murtinho","BASE_CARTOGRAFICA":"SF.21-X-C-IV - Fazenda Margarida","TIPO_SECAO":"Delgada","GRAU_INTEMPERISMO":"Intemperizada","TAMANHO_AMOSTRA":"12 cm","COR_RX_FRESCA":"Marrom escuro","COR_RX_INTEMPERIZADA":null,"GRANULACAO_MINIMA":"Areia fina (0,062-0,25mm)","GRANULACAO_MEDIA":"Areia fina (0,062-0,25mm)","GRANULACAO_MAXIMA":"Areia fina (0,062-0,25mm)","SELECIONAMENTO":null,"CONSISTENCIA_AMOSTRA":"Consistente","CONTATO":"Contato gradacional","COD_CLASSIFICACAO":null,"PROTOLITO":null,"ROCHA":"Gondito","LINK":"p_cod_amostra=84559&p_cod_rocha=468691&p_cod_afloramento=413388","LOCAL_LAMINA":"SUREG-SP","LOTE_LAMINA":null,"NUM_LAB_LAMINA":null,"FICHA":null,"MINERAIS_IDENTIFICADOS":"Quartzo(45%), Opaco (Microscopia)(37%), Granada(18%)","X":-56.911176,"Y":-21.867113,"DATUM":"WGS84","__atlas_chave_independente":"AFLOR_ROCHA:413388:468691","__atlas_n_registros_grupo":1,"__atlas_q_registro":0.875,"__atlas_q_grupo":0.875,"__atlas_unidade_geologica_id":"1465","__atlas_unidade_geologica_sigla":"PP3ap","__atlas_unidade_geologica_nome":"Complexo Rio Apa","__atlas_fonte":"SGB · GeoSGB · Petrografia","__atlas_snapshot":"2026-08-14"}},{"type":"Feature","id":28695521,"geometry":{"type":"Point","coordinates":[-56.91117600000001,-21.867113000000018]},"properties":{"OBJECTID":28695521,"COD_AMOSTRA":84558,"COD_AFLORAMENTO":413388,"COD_ROCHA":468690,"NUM_CAMPO_AMOSTRA":"MR-0292-C","COD_LAMINA":24864,"NUM_CAMPO_LAMINA":"4075-MR-R-0292","NOTAS":"Macroscopia\r\nAmostra com 11 x 08 cm moderadamente alterada. A rocha sã mostra cor cinza esbranquiçado. A superfície alterada tem cor cinza alaranjado. A granulação é fina a média. É composta essencialmente por quartzo, muscovita e raros cristais de granada. Ocorre uma foliação milonítica e fraturas espaçadas paralelas à direção da foliação.\r\nMicroscopia\r\nOcorre predominância de cristais de quartzo, com até 02 mm, alongados e recristalizados por migração de borda de grão. Ocorrem cristais orientados de muscovita subédrica, com até 03 mm. A orientação da muscovita (foliação C) é diferente da direção do alongamente do quartzo (foliação S).\r\nOcorrem pseudomorfos de granada completamente alterada e com até 02 mm. Alguns cristais maiores de muscovita se amoldam à granada na sombra de deformação.\r\nNome da rocha: muscovita quartzito milonítico com granada","PETROGRAFO":"Vidyã Vieira de Almeida","PROJETO":"Bonito - Porto Murtinho","BASE_CARTOGRAFICA":"SF.21-X-C-IV - Fazenda Margarida","TIPO_SECAO":"Delgada","GRAU_INTEMPERISMO":"Moderadamente intemperizada","TAMANHO_AMOSTRA":"11 cm","COR_RX_FRESCA":"Esbranquiçada","COR_RX_INTEMPERIZADA":null,"GRANULACAO_MINIMA":"Areia fina (0,062-0,25mm)","GRANULACAO_MEDIA":"Areia média (0,25-1,0mm)","GRANULACAO_MAXIMA":"Areia média (0,25-1,0mm)","SELECIONAMENTO":null,"CONSISTENCIA_AMOSTRA":"Consistente","CONTATO":"Contato gradacional","COD_CLASSIFICACAO":null,"PROTOLITO":null,"ROCHA":"Granada-mica xisto","LINK":"p_cod_amostra=84558&p_cod_rocha=468690&p_cod_afloramento=413388","LOCAL_LAMINA":"SUREG-SP","LOTE_LAMINA":null,"NUM_LAB_LAMINA":null,"FICHA":null,"MINERAIS_IDENTIFICADOS":"Quartzo(95%), Muscovita(4%), Granada(1%), Turmalina(<1%)","X":-56.911176,"Y":-21.867113,"DATUM":"WGS84","__atlas_chave_independente":"AFLOR_ROCHA:413388:468690","__atlas_n_registros_grupo":1,"__atlas_q_registro":0.875,"__atlas_q_grupo":0.875,"__atlas_unidade_geologica_id":"1465","__atlas_unidade_geologica_sigla":"PP3ap","__atlas_unidade_geologica_nome":"Complexo Rio Apa","__atlas_fonte":"SGB · GeoSGB · Petrografia","__atlas_snapshot":"2026-08-14"}},{"type":"Feature","id":28695537,"geometry":{"type":"Point","coordinates":[-56.87982299999999,-21.986087999999995]},"properties":{"OBJECTID":28695537,"COD_AMOSTRA":84561,"COD_AFLORAMENTO":413390,"COD_ROCHA":468694,"NUM_CAMPO_AMOSTRA":"MR-0294-B","COD_LAMINA":24867,"NUM_CAMPO_LAMINA":"4075-MR-R-0294-B","NOTAS":"Macroscopia\r\nSem amostra\r\nMicroscopia\r\nPresença de alternância entre lâminas micáceas e leitos quartzo-feldspáticos, esses mostram cristais de quartzo com extinção ondulante e recristalizados por migração de borda de grão. Os mesmos cristais também mostram feições de recristalização por bulging. Os cristais de feldspato (maioria plagioclásio) são anédricos, alterados, deformados, por vezes levemente sigmoidais e com pequenas inclusões arredondadas de quartzo. As lâminas micáceas mostram concentração de cristais de muscovita e subordinadamente biotita. Ambas estão deformadas com textura tipo mica fish e microfalhas (kinks).\r\nAs lâminas micáceas e as lentes quartzo-feldspáticas estão dispostas segundo uma foliação milonítica dobrada. Os planos da foliação mostram concentração de material de oxidação (óxido de ferro).\r\nNome da rocha: biotita-muscovita-quartzo xisto milonítico","PETROGRAFO":"Vidyã Vieira de Almeida","PROJETO":"Bonito - Porto Murtinho","BASE_CARTOGRAFICA":"SF.21-X-C-IV - Fazenda Margarida","TIPO_SECAO":"Delgada","GRAU_INTEMPERISMO":null,"TAMANHO_AMOSTRA":null,"COR_RX_FRESCA":null,"COR_RX_INTEMPERIZADA":null,"GRANULACAO_MINIMA":" ","GRANULACAO_MEDIA":" ","GRANULACAO_MAXIMA":" ","SELECIONAMENTO":null,"CONSISTENCIA_AMOSTRA":null,"CONTATO":null,"COD_CLASSIFICACAO":null,"PROTOLITO":null,"ROCHA":"Biotita-quartzo xisto","LINK":"p_cod_amostra=84561&p_cod_rocha=468694&p_cod_afloramento=413390","LOCAL_LAMINA":"SUREG-SP","LOTE_LAMINA":null,"NUM_LAB_LAMINA":null,"FICHA":null,"MINERAIS_IDENTIFICADOS":"Quartzo(56%), Muscovita(28%), Biotita(5%), Opaco (Microscopia)(<1%)","X":-56.879822999999995,"Y":-21.986088,"DATUM":"WGS84","__atlas_chave_independente":"AFLOR_ROCHA:413390:468694","__atlas_n_registros_grupo":1,"__atlas_q_registro":0.875,"__atlas_q_grupo":0.875,"__atlas_unidade_geologica_id":"1465","__atlas_unidade_geologica_sigla":"PP3ap","__atlas_unidade_geologica_nome":"Complexo Rio Apa","__atlas_fonte":"SGB · GeoSGB · Petrografia","__atlas_snapshot":"2026-08-14"}},{"type":"Feature","id":28695553,"geometry":{"type":"Point","coordinates":[-56.87982299999999,-21.986087999999995]},"properties":{"OBJECTID":28695553,"COD_AMOSTRA":84560,"COD_AFLORAMENTO":413390,"COD_ROCHA":468693,"NUM_CAMPO_AMOSTRA":"MR-0294-A","COD_LAMINA":24866,"NUM_CAMPO_LAMINA":"4075-MR-R-0294-A","NOTAS":"Macroscopia\r\nAmostra com 06 x 05 cm moderadamente alterada. Cor marrom avermelhado com finas lâminas com cor cinza escuro com concentração de minerais máficos. A granulação é fina (até 01 mm). Estrutura foliada. É composta por feldspato róseo, quartzo, plagioclásio? e minerais máficos (biotita?).\r\nMicroscopia\r\nA lâmina mostra cristais maiores de feldspato (microclínio e plagioclásio), com até 02 mm, com planos de geminação deformados e com incipiente recristalização por bulging. Esses cristais são rodeados por matriz mais fina composta por quartzo anédrico, com extinção ondulante, alongado na direção da foliação e recristalizado por migração de borda de grão. Os mesmos cristais também mostram recristalização por bulging. Essas porções também mostram cristais menores de feldspato (microclínio e plagioclásio) também deformados, com formas irregulares e incipiente recristalização do tipo bulging.\r\nO plagioclásio está mais alterado e parcialmente sericitizado. Ocorrem cristais de clorita, menores que 01 mm, agrupados com minerais opacos, epidoto e titanita. \r\nOcorrem cristais de plagioclásio com inclusões de quartzo vermiforme em textura mirmequítica. Também ocorrem inclusões arredondadas de quartzo em feldspato.\r\nEm alguns locais parece ocorrer foliação oblíqua à Sp. \r\nNome da rocha: granito milonítico com clorita ","PETROGRAFO":"Vidyã Vieira de Almeida","PROJETO":"Bonito - Porto Murtinho","BASE_CARTOGRAFICA":"SF.21-X-C-IV - Fazenda Margarida","TIPO_SECAO":"Delgada","GRAU_INTEMPERISMO":"Moderadamente intemperizada","TAMANHO_AMOSTRA":"6 cm","COR_RX_FRESCA":"Marrom escuro","COR_RX_INTEMPERIZADA":null,"GRANULACAO_MINIMA":"Fanerítica fina (<1,0mm)","GRANULACAO_MEDIA":"Fanerítica fina (<1,0mm)","GRANULACAO_MAXIMA":"Fanerítica fina (<1,0mm)","SELECIONAMENTO":null,"CONSISTENCIA_AMOSTRA":"Consistente","CONTATO":"Contato intrusivo","COD_CLASSIFICACAO":null,"PROTOLITO":null,"ROCHA":"Granito","LINK":"p_cod_amostra=84560&p_cod_rocha=468693&p_cod_afloramento=413390","LOCAL_LAMINA":"SUREG-SP","LOTE_LAMINA":null,"NUM_LAB_LAMINA":null,"FICHA":null,"MINERAIS_IDENTIFICADOS":"Quartzo(43%), Microclínio(29%), Epidoto(2%), Opaco (Microscopia)(2%), Clorita(2%), Titanita(2%)","X":-56.879822999999995,"Y":-21.986088,"DATUM":"WGS84","__atlas_chave_independente":"AFLOR_ROCHA:413390:468693","__atlas_n_registros_grupo":1,"__atlas_q_registro":0.875,"__atlas_q_grupo":0.875,"__atlas_unidade_geologica_id":"1465","__atlas_unidade_geologica_sigla":"PP3ap","__atlas_unidade_geologica_nome":"Complexo Rio Apa","__atlas_fonte":"SGB · GeoSGB · Petrografia","__atlas_snapshot":"2026-08-14"}},{"type":"Feature","id":28695569,"geometry":{"type":"Point","coordinates":[-56.92803600000002,-21.925693000000024]},"properties":{"OBJECTID":28695569,"COD_AMOSTRA":84563,"COD_AFLORAMENTO":413392,"COD_ROCHA":468698,"NUM_CAMPO_AMOSTRA":"MR-0296","COD_LAMINA":24868,"NUM_CAMPO_LAMINA":"4075-MR-R-0296","NOTAS":"Macroscopia\r\nAmostra com 12 x 08 cm bastante alterada. Cor cinza alaranjado com porções cinza escuro. Granulação média a grossa (até 05 mm). É composta por cristais arredondados de feldspato (plagioclásio + feldspato róseo) envoltos por uma matriz máfica mais fina com cor cinza escuro. Os minerais máficos também se concentram em finas lâminas. A estrutura é foliada.\r\nMicroscopia\r\nEm lâmina ocorre predominância de cristais de plagioclásio parcialmente sericitizados/saussuritizados, com até 03 mm, e, em sua maioria, anédricos. Os cristais de plagioclásio encontram-se levemente deformados, com extinção ondulante e em contato corroído/serrilhado (princípio de bulging?) entre si e com microclínio.\r\nOs cristais de microclínio são anédricos, deformados e com até 02 mm. O microclínio por vezes é intersticial e apresenta inclusões de cristais menores de plagioclásio.\r\nEntre os cristais de feldspato ocorrem cristais de biotita alterada, com ~01 mmm , fibrosa, deformada e intercrescida com clorita. Ocorrem cristais menores de muscovita associados com biotita e/ou inclusos em plagioclásio. Também ocorrem interstícios e descontinuidades preenchidas por material muito fino composto por clorita.\r\nOcorrem cristais de minerais opacos, com ~1,5 mm. Os cristais de feldspato mostram uma incipiente recristalização do tipo bulging.\r\nOs contatos entre feldspato por vezes formam junções tríplices.\r\nNome da rocha: biotita monzodiorito foliado ","PETROGRAFO":"Vidyã Vieira de Almeida","PROJETO":"Bonito - Porto Murtinho","BASE_CARTOGRAFICA":"SF.21-X-C-IV - Fazenda Margarida","TIPO_SECAO":"Delgada","GRAU_INTEMPERISMO":"Muito intemperizada","TAMANHO_AMOSTRA":"12 cm","COR_RX_FRESCA":"Cinza escuro","COR_RX_INTEMPERIZADA":null,"GRANULACAO_MINIMA":"Fanerítica média (1,0-5,0mm)","GRANULACAO_MEDIA":"Fanerítica média (1,0-5,0mm)","GRANULACAO_MAXIMA":"Fanerítica grossa (5,0-30,0mm)","SELECIONAMENTO":null,"CONSISTENCIA_AMOSTRA":"Consistente","CONTATO":null,"COD_CLASSIFICACAO":null,"PROTOLITO":null,"ROCHA":"Monzodiorito","LINK":"p_cod_amostra=84563&p_cod_rocha=468698&p_cod_afloramento=413392","LOCAL_LAMINA":"SUREG-SP","LOTE_LAMINA":null,"NUM_LAB_LAMINA":null,"FICHA":null,"MINERAIS_IDENTIFICADOS":"Microclínio(15%), Clorita(10%), Biotita(6%), Opaco (Microscopia)(3%), Muscovita(1%)","X":-56.928036,"Y":-21.925693,"DATUM":"WGS84","__atlas_chave_independente":"AFLOR_ROCHA:413392:468698","__atlas_n_registros_grupo":1,"__atlas_q_registro":0.875,"__atlas_q_grupo":0.875,"__atlas_unidade_geologica_id":"1465","__atlas_unidade_geologica_sigla":"PP3ap","__atlas_unidade_geologica_nome":"Complexo Rio Apa","__atlas_fonte":"SGB · GeoSGB · Petrografia","__atlas_snapshot":"2026-08-14"}},{"type":"Feature","id":28695585,"geometry":{"type":"Point","coordinates":[-56.88099399999999,-21.43405899999999]},"properties":{"OBJECTID":28695585,"COD_AMOSTRA":84568,"COD_AFLORAMENTO":413402,"COD_ROCHA":468710,"NUM_CAMPO_AMOSTRA":"MR-0269","COD_LAMINA":24869,"NUM_CAMPO_LAMINA":"4075-MR-R-0269","NOTAS":"Macroscopia\r\nAmostra com 10 x 5,5 cm moderadamente alterada. Granulação média (01 a 02 mm). Ocorre um bandamento gnáissico com bandas, com até 01 cm, quartzo-feldspáticas com cor cinza claro e lâminas/leitos com menor espessura, cor cinza escuro e com concentração de minerais máficos (essencialmente biotita e anfibólio).\r\nMicroscopia\r\nA lâmina mostra cristais de feldspato (principalmente microclínio) anédricos, com até 02 mm e por vezes alongados para uma direção. Os contatos entre cristais de feldspato e entre feldspato e quartzo são ondulados e retos com junções tríplices. O plagioclásio mostra inclusões de mirmequitas quando em contato com microclínio. Ocorre um cristal de plagioclásio zonado e com extinção concêntrica. Ocorrem cristais de microclínio micropertítico. Os cristais de microclínio por vezes mostram formas bastante irregulares e pequenas inclusões arredondadas de quartzo (textura de migmatização).\r\nOs cristais maiores de quartzo são anédricos, com até 02 mm, extinção ondulante e por vezes estão alongados para uma direção.\r\nOcorrem cristais orientados de biotita subédrica, com 01 mm, frequentemente associada com cristais menores de titanita e allanita manteada por epidoto. \r\nOcorre uma pequena região com associação entre biotita, hornblenda, titanita, allanita manteada por epidoto e cristais de minerais opacos. Também ocorrem pequenos cristais de clorita por vezes intercrescida com biotita.\r\nNome da rocha: hornblenda-epidoto-biotita gnaisse migmatítico","PETROGRAFO":"Vidyã Vieira de Almeida","PROJETO":"Bonito - Porto Murtinho","BASE_CARTOGRAFICA":"SF.21-X-C-I - Rio Perdido","TIPO_SECAO":"Delgada","GRAU_INTEMPERISMO":"Moderadamente intemperizada","TAMANHO_AMOSTRA":"9 cm","COR_RX_FRESCA":"Cinza claro","COR_RX_INTEMPERIZADA":null,"GRANULACAO_MINIMA":"Fanerítica média (1,0-5,0mm)","GRANULACAO_MEDIA":"Fanerítica média (1,0-5,0mm)","GRANULACAO_MAXIMA":"Fanerítica média (1,0-5,0mm)","SELECIONAMENTO":null,"CONSISTENCIA_AMOSTRA":"Consistente","CONTATO":null,"COD_CLASSIFICACAO":null,"PROTOLITO":null,"ROCHA":"Hornblenda gnaisse","LINK":"p_cod_amostra=84568&p_cod_rocha=468710&p_cod_afloramento=413402","LOCAL_LAMINA":"SUREG-SP","LOTE_LAMINA":null,"NUM_LAB_LAMINA":null,"FICHA":null,"MINERAIS_IDENTIFICADOS":"Microclínio(34%), Quartzo(28%), Biotita(8%), Hornblenda(3%), Epidoto(2%), Titanita(1%), Opaco (Microscopia)(<1%), Clorita(<1%)","X":-56.880993999999994,"Y":-21.434058999999998,"DATUM":"WGS84","__atlas_chave_independente":"AFLOR_ROCHA:413402:468710","__atlas_n_registros_grupo":1,"__atlas_q_registro":0.875,"__atlas_q_grupo":0.875,"__atlas_unidade_geologica_id":"1465","__atlas_unidade_geologica_sigla":"PP3ap","__atlas_unidade_geologica_nome":"Complexo Rio Apa","__atlas_fonte":"SGB · GeoSGB · Petrografia","__atlas_snapshot":"2026-08-14"}},{"type":"Feature","id":28695601,"geometry":{"type":"Point","coordinates":[-56.847691999999995,-21.424689]},"properties":{"OBJECTID":28695601,"COD_AMOSTRA":84569,"COD_AFLORAMENTO":413403,"COD_ROCHA":468711,"NUM_CAMPO_AMOSTRA":"MR-0270","COD_LAMINA":24870,"NUM_CAMPO_LAMINA":"4075-MR-R-0270","NOTAS":"Macroscopia\r\nAmostra com 09 x 06 cm pouco alterada. A amostra é bandada com alternância entre lentes milimétricas quartzo-feldspáticas com cor cinza amarronzado e granulação média (~02 mm) e lâminas máficas com granulação mais fina compostas por biotita. O quartzo é cinza fumê.\r\nMicroscopia\r\nEm lâmina ocorre um bandamento definido pela alternância entre lentes quartzo-feldspáticas e lâminas máficas compostas essencialmente por biotita.\r\nOcorre uma variação composicional nas lentes quartzo-feldspáticas com lentes essencialmente feldspáticas e lentes mais quartzosas com agregados de quartzo. Nas lentes mais feldspáticas ocorrem cristais de microclínio bastante alongado na direção do bandamento/foliação, anédrico, com até 04 mm, com pequenas inclusões arredondadas de quartzo e plagioclásio, este por vezes também apresenta inclusões arredondadas de quartzo.\r\nOs cristais maiores de plagioclásio são anédricos, têm até 02 mm e estão parcialmente alterados e sericitizados. Ocorrem cristais de plagioclásio parcialmente envolvidos por microclínio e que apresentam inclusões de quartzo vermiforme em textura mirmequítica. \r\nOcorrem cristais anédricos de quartzo com até 02 mm. Os cristais de quartzo por vezes formam agregados e estão recristalizados por migração de borda de grão.\r\nAs lâminas máficas mostram concentração de cristais de biotita, em sua maioria subédrica, com até 02 mm, e associada com epidoto e titanita.\r\nOcorrem alguns cristais de biotita intercrescida com clorita e cristais menores de clorita.\r\nAs micas estão no geral orientadas na direção do bandamento, no entanto ocorrem cristais orientados para uma direção oblíqua em relação ao bandamento.\r\nNome da rocha: biotita gnaisse (com textura de migmatização)","PETROGRAFO":"Vidyã Vieira de Almeida","PROJETO":"Bonito - Porto Murtinho","BASE_CARTOGRAFICA":"SF.21-X-C-I - Rio Perdido","TIPO_SECAO":"Delgada","GRAU_INTEMPERISMO":"Pouco intemperizada","TAMANHO_AMOSTRA":"9 cm","COR_RX_FRESCA":"Cinza escuro","COR_RX_INTEMPERIZADA":null,"GRANULACAO_MINIMA":"Fanerítica média (1,0-5,0mm)","GRANULACAO_MEDIA":"Fanerítica média (1,0-5,0mm)","GRANULACAO_MAXIMA":"Fanerítica média (1,0-5,0mm)","SELECIONAMENTO":null,"CONSISTENCIA_AMOSTRA":"Consistente","CONTATO":null,"COD_CLASSIFICACAO":null,"PROTOLITO":null,"ROCHA":"Biotita gnaisse","LINK":"p_cod_amostra=84569&p_cod_rocha=468711&p_cod_afloramento=413403","LOCAL_LAMINA":"SUREG-SP","LOTE_LAMINA":null,"NUM_LAB_LAMINA":null,"FICHA":null,"MINERAIS_IDENTIFICADOS":"Microclínio(40%), Quartzo(32%), Biotita(6%), Titanita(2%), Clorita(<1%), Apatita(<1%), Epidoto(1%), Opaco (Microscopia)(1%)","X":-56.847691999999995,"Y":-21.424689,"DATUM":"WGS84","__atlas_chave_independente":"AFLOR_ROCHA:413403:468711","__atlas_n_registros_grupo":1,"__atlas_q_registro":0.875,"__atlas_q_grupo":0.875,"__atlas_unidade_geologica_id":"1465","__atlas_unidade_geologica_sigla":"PP3ap","__atlas_unidade_geologica_nome":"Complexo Rio Apa","__atlas_fonte":"SGB · GeoSGB · Petrografia","__atlas_snapshot":"2026-08-14"}},{"type":"Feature","id":28695617,"geometry":{"type":"Point","coordinates":[-56.807353999999975,-21.353594999999984]},"properties":{"OBJECTID":28695617,"COD_AMOSTRA":84574,"COD_AFLORAMENTO":413412,"COD_ROCHA":468723,"NUM_CAMPO_AMOSTRA":"MR-0279-B","COD_LAMINA":24872,"NUM_CAMPO_LAMINA":"4075-MR-R-0279-B","NOTAS":"Macroscopia\r\nRocha foliada (xistosidade), granulação fina, com porfiroblastos (mineral?), cor vermelha, moderadamente alterada.\r\nMicroscopia\r\nEstrutura foliada (Sn). Textura pórfiro-grano-lepidoblástica, muito fina a fina, milonitizada.\r\nMuscovita muito fina (sericita?) e porfiroclastos sigmoidais (mica fish), orientados com a Sn.\r\nOcorrem lentes de quartzo, com subgrãos e ribbons, orientados com a Sn. Ocorrem porções em padrão fitado (grão ao longo de uma faixa) e porções com grãos apresentando migração de borda. Essa textura é indicativa de recristalização dinâmica (grãos isorientados).\r\nPorfiroblastos de opaco (possivelmente magnetita), maioria idioblásticos, moderadamente intemperizados, pré-Sn.\r\nProtólito: rocha sedimentar, provavelmente pelito (com arenito?)\r\nGrau metamórfico: baixo\r\nNome da rocha: quartzo-muscovita xisto milonitizado","PETROGRAFO":"Vidyã Vieira de Almeida","PROJETO":"Bonito - Porto Murtinho","BASE_CARTOGRAFICA":"SF.21-X-C-I - Rio Perdido","TIPO_SECAO":"Delgada","GRAU_INTEMPERISMO":"Moderadamente intemperizada","TAMANHO_AMOSTRA":"6 cm","COR_RX_FRESCA":"Vermelho","COR_RX_INTEMPERIZADA":null,"GRANULACAO_MINIMA":"Areia fina (0,062-0,25mm)","GRANULACAO_MEDIA":"Areia fina (0,062-0,25mm)","GRANULACAO_MAXIMA":"Areia fina (0,062-0,25mm)","SELECIONAMENTO":null,"CONSISTENCIA_AMOSTRA":"Consistente","CONTATO":null,"COD_CLASSIFICACAO":null,"PROTOLITO":"Pelito","ROCHA":"Quartzo-mica xisto","LINK":"p_cod_amostra=84574&p_cod_rocha=468723&p_cod_afloramento=413412","LOCAL_LAMINA":"SUREG-SP","LOTE_LAMINA":null,"NUM_LAB_LAMINA":null,"FICHA":null,"MINERAIS_IDENTIFICADOS":"Quartzo(35%), Muscovita(30%), Sericita(30%), Opaco (Microscopia)(5%)","X":-56.807354,"Y":-21.353595,"DATUM":"WGS84","__atlas_chave_independente":"AFLOR_ROCHA:413412:468723","__atlas_n_registros_grupo":2,"__atlas_q_registro":0.875,"__atlas_q_grupo":0.875,"__atlas_unidade_geologica_id":"3344","__atlas_unidade_geologica_sigla":"NP3cec","__atlas_unidade_geologica_nome":"Fácies Cerradinho, calcário calcítico","__atlas_fonte":"SGB · GeoSGB · Petrografia","__atlas_snapshot":"2026-08-14"}},{"type":"Feature","id":28695633,"geometry":{"type":"Point","coordinates":[-56.807353999999975,-21.353594999999984]},"properties":{"OBJECTID":28695633,"COD_AMOSTRA":84573,"COD_AFLORAMENTO":413412,"COD_ROCHA":468723,"NUM_CAMPO_AMOSTRA":"MR-0279-A","COD_LAMINA":24871,"NUM_CAMPO_LAMINA":"4075-MR-R-0279-A","NOTAS":"Macroscopia\r\nSem amostra\r\n\r\nMicroscopia\r\nPredominância de cristais de quartzo muito pequenos (0,1 mm) alongados, orientados e recristalizados predominantemente por rotação de subgrão. Ocorrem algumas lâminas finas com concentração de sericita e óxido de ferro. Presença de alguns porfiroblastos de muscovita, com até 02 mm e textura tipo mica fish. No contato com o porfiroblasto ocorrem cristais maiores de quartzo.\r\nTambém ocorrem pseudomorfos sericitizados de porfiroblastos com até 01 mm. A foliação principal se amolda ao porfiroblasto.\r\nA lâmina apresenta foliações do tipo SC e fraturas discordantes das foliações.\r\nNome da rocha: quartzito ultramilonítico com muscovita e sericita","PETROGRAFO":"Vidyã Vieira de Almeida","PROJETO":"Bonito - Porto Murtinho","BASE_CARTOGRAFICA":"SF.21-X-C-I - Rio Perdido","TIPO_SECAO":"Delgada","GRAU_INTEMPERISMO":null,"TAMANHO_AMOSTRA":null,"COR_RX_FRESCA":null,"COR_RX_INTEMPERIZADA":null,"GRANULACAO_MINIMA":" ","GRANULACAO_MEDIA":" ","GRANULACAO_MAXIMA":" ","SELECIONAMENTO":null,"CONSISTENCIA_AMOSTRA":null,"CONTATO":null,"COD_CLASSIFICACAO":null,"PROTOLITO":null,"ROCHA":"Muscovita quartzito","LINK":"p_cod_amostra=84573&p_cod_rocha=468723&p_cod_afloramento=413412","LOCAL_LAMINA":"SUREG-SP","LOTE_LAMINA":null,"NUM_LAB_LAMINA":null,"FICHA":null,"MINERAIS_IDENTIFICADOS":"Quartzo(95%), Serecita(2%), Opaco (Microscopia)(2%), Muscovita(1%), Apatita(<1%)","X":-56.807354,"Y":-21.353595,"DATUM":"WGS84","__atlas_chave_independente":"AFLOR_ROCHA:413412:468723","__atlas_n_registros_grupo":2,"__atlas_q_registro":0.875,"__atlas_q_grupo":0.875,"__atlas_unidade_geologica_id":"3344","__atlas_unidade_geologica_sigla":"NP3cec","__atlas_unidade_geologica_nome":"Fácies Cerradinho, calcário calcítico","__atlas_fonte":"SGB · GeoSGB · Petrografia","__atlas_snapshot":"2026-08-14"}},{"type":"Feature","id":28842177,"geometry":{"type":"Point","coordinates":[-57.44400000000002,-20.918999999999983]},"properties":{"OBJECTID":28842177,"COD_AMOSTRA":116351,"COD_AFLORAMENTO":484972,"COD_ROCHA":559862,"NUM_CAMPO_AMOSTRA":"FM-0001-A","COD_LAMINA":42179,"NUM_CAMPO_LAMINA":"4220-FM-R-0001-A","NOTAS":"Mesoscopia\r\nCor fresca: Cinza-escuro a prateado\r\nCor alterada: Marrom avermelhado\r\nGranulação: Fina a grossa (menor ou igual a 7mm)\r\nTextura: Porfiroblástica, leipdoblástica\r\nEstrutura: Xistosa\r\nMinerais observáveis: Muscovita, quartzo, biotita e opacos\r\n\r\nMuscovita definindo a xistosidade e também disposta em planos oblíquos à foliação principal.\r\n\r\nMicroscopia\r\nGranulação: menor que 0,1 a 3mm.\r\nTextura: Inequigranular seriada subédrica a anédrica\r\nAlteração hidrotermal: Cloritização. \r\nNome da rocha: Muscovita-felspato-quartzo xisto hidrotermalizado\r\nA rocha apresenta certa foliação definida pela orientação de muscovita e biotita pseudomorfizada por clorita + quartzo ± opacos ou então alterada por oxidação. As micas também ocorrem desorientadas, geralmente nos domínios quartzo-feldspáticos que estão fortemente alterados, com quartzo e feldspatos anédricos e clorita + sericita muito fino. O quartzo possui extinção ondulante e está arredondados Bandas dos minerais estão comumente alteradas para agregados criptocristalinos (sericita + clorita) e há vênulas e fraturas preenchidas pelo mesmo mineral. ","PETROGRAFO":"Frederico Meira Faleiros","PROJETO":"Geologia das Folhas Aldeia Tomázia e Fazenda Santa Otília","BASE_CARTOGRAFICA":"SF.21-V-B-VI - Aldeia Tomasia","TIPO_SECAO":"Delgada","GRAU_INTEMPERISMO":"Moderadamente intemperizada","TAMANHO_AMOSTRA":"10 cm","COR_RX_FRESCA":"Cinza escuro","COR_RX_INTEMPERIZADA":"Marrom","GRANULACAO_MINIMA":"Fanerítica grossa (5,0-30,0mm)","GRANULACAO_MEDIA":"Fanerítica média (1,0-5,0mm)","GRANULACAO_MAXIMA":"Fanerítica fina (<1,0mm)","SELECIONAMENTO":null,"CONSISTENCIA_AMOSTRA":"Consistente","CONTATO":null,"COD_CLASSIFICACAO":null,"PROTOLITO":null,"ROCHA":"Muscovita xisto","LINK":"p_cod_amostra=116351&p_cod_rocha=559862&p_cod_afloramento=484972","LOCAL_LAMINA":"SUREG-SP","LOTE_LAMINA":null,"NUM_LAB_LAMINA":null,"FICHA":null,"MINERAIS_IDENTIFICADOS":"Quartzo(35%), Clorita(25%), Sericita(15%), Feldspato(15%), Biotita(10%)","X":-57.444,"Y":-20.919,"DATUM":"WGS84","__atlas_chave_independente":"AFLOR_ROCHA:484972:559862","__atlas_n_registros_grupo":1,"__atlas_q_registro":0.875,"__atlas_q_grupo":0.875,"__atlas_unidade_geologica_id":"1504","__atlas_unidade_geologica_sigla":"Q1p2","__atlas_unidade_geologica_nome":"Fácies Pantanal, depósitos aluvionares","__atlas_fonte":"SGB · GeoSGB · Petrografia","__atlas_snapshot":"2026-08-14"}},{"type":"Feature","id":28842209,"geometry":{"type":"Point","coordinates":[-57.41699999999997,-20.947000000000003]},"properties":{"OBJECTID":28842209,"COD_AMOSTRA":116356,"COD_AFLORAMENTO":484974,"COD_ROCHA":559865,"NUM_CAMPO_AMOSTRA":"FM-0003-B","COD_LAMINA":42183,"NUM_CAMPO_LAMINA":"4220-FM-R-0003-B","NOTAS":"Mesoscopia\r\nTextura: Fanerítica equigranular fina\r\nEstrutura: Maciça a levemente orientada.\r\nIC: 15\r\nGranulação: menor que 1 mm a 2 mm.\r\nMineralogia observável: Feldspato alcalino róseo, plagioclásio verde, quartzo cinza, máficos.\r\n\r\nMicroscopia\r\nTextura: Ofítica, subofítica e equigranular euédrica a subédrica.\r\nGranulação: 0,1 a 3,5 mm (seriada).\r\nNome: Biotita-monzogranito hidrotermalizado.\r\n\r\nA rocha apresenta aglomerados de cristais ripiformes euédricos a subédricos de plagioclásio em arranjo principalmente radial com interstícios entre os aglomerados preenchidos por cristais isolados ou agregados de quartzo e cristais isolados ou aglomerados de microclínio. Os cristais de quartzo incluem parcial ou totalmente ripas de plagioclásio, definindo textura subofítica. Os pseudomorfos de biotita apresentam seção ripiforme e estão parcial a totalmente inclusos em quartzo e microclínio intersticiais. O quartzo apresenta extinção ondulante irregular muito fraca, e faixas e trilas de inclusões fluidas. A biotita foi substituída por agregados de clorita + epidoto + apatita. Localmente ocorrrem grãos de biotita marrom-escuro preservadas, totalmente inclusas em quartzo. Cristais de plagioclásio em contato com microclínio exibem bordas de sobrecrescimento de feldspato alcalino. ","PETROGRAFO":"Frederico Meira Faleiros","PROJETO":"Geologia das Folhas Aldeia Tomázia e Fazenda Santa Otília","BASE_CARTOGRAFICA":"SF.21-V-B-VI - Aldeia Tomasia","TIPO_SECAO":"Delgada","GRAU_INTEMPERISMO":"Não intemperizada","TAMANHO_AMOSTRA":"35 cm","COR_RX_FRESCA":"Cinza esverdeado","COR_RX_INTEMPERIZADA":"Marrom","GRANULACAO_MINIMA":"Fanerítica fina (<1,0mm)","GRANULACAO_MEDIA":"Fanerítica fina (<1,0mm)","GRANULACAO_MAXIMA":"Fanerítica fina (<1,0mm)","SELECIONAMENTO":null,"CONSISTENCIA_AMOSTRA":"Consistente","CONTATO":"Contato abrupto","COD_CLASSIFICACAO":null,"PROTOLITO":null,"ROCHA":"Biotita monzogranito","LINK":"p_cod_amostra=116356&p_cod_rocha=559865&p_cod_afloramento=484974","LOCAL_LAMINA":"SUREG-SP","LOTE_LAMINA":null,"NUM_LAB_LAMINA":null,"FICHA":null,"MINERAIS_IDENTIFICADOS":"Quartzo(30%), Microclínio(19%), Biotita(8%), Clorita(7%), Epidoto(6%), Sericita(5%), Opaco (Microscopia)(<1%), Apatita(<1%), Zircão(<1%), Titanita(1%)","X":-57.417,"Y":-20.947000000000003,"DATUM":"WGS84","__atlas_chave_independente":"AFLOR_ROCHA:484974:559865","__atlas_n_registros_grupo":2,"__atlas_q_registro":0.875,"__atlas_q_grupo":0.875,"__atlas_unidade_geologica_id":"1064","__atlas_unidade_geologica_sigla":"PP3_gamma_al","__atlas_unidade_geologica_nome":"Corpo Granito Alumiador","__atlas_fonte":"SGB · GeoSGB · Petrografia","__atlas_snapshot":"2026-08-14"}},{"type":"Feature","id":28842289,"geometry":{"type":"Point","coordinates":[-57.428,-20.920000000000016]},"properties":{"OBJECTID":28842289,"COD_AMOSTRA":116359,"COD_AFLORAMENTO":484981,"COD_ROCHA":559875,"NUM_CAMPO_AMOSTRA":"FM-0010-B","COD_LAMINA":42186,"NUM_CAMPO_LAMINA":"4220-FM-R-0010-B","NOTAS":"Textura: inequigranular seriada, protomilonítica.\r\nGranulação: 0,1 a 4,5 mm.\r\nNome: Monzoganito protomilonítico hidrotermalizado.\r\n\r\nA rocha apresenta textura seriada anédrica ígnea reliquiar, com agregados de plagioclásio (pseudomorfizados por sericita ± epidoto) alternados com agregados compostos por microclínio + quartzo. O microclínio apresenta-se muito pouco ou livre de alteração, em contraposição ao plagioclásio. O quartzo, muitas vezes, forma agregados monominerálicos, indicando segregação devido à deformação. Grãos individuais e agregados de quartzo apresentam orientação preferencial, definindo uma foliação protomilonítica. Também ocorre uma rede anastomosada de bandas de cisalhamento formadas por clorita ± ± opaco ± quartzo ± apatita, com espessuras principalmente entre 0,02 e 0,4 mm. Essas bandas indicam deformação em condições de fácies xisto verde, que devem estar associadas ao hidrotermalismo. Grãos individuais de quartzo apresentam extinção ondulante irregular e textura inequigranular interlobada (ou consertal ígnea reliquiar). Quando afetados pelas bandas de cisalhamento, ocorre recristalização dinâmica por BLG, como sugerido pela presença de porfiroclastos com mantos de espessura restrita e granulação da ordem de 0,01 e 0,02 mm e grãos maiores pouco deformados. Localmente grãos de microclínio apresentam grãos agregados recristalizado desenvolvidos em microfraturas ou contatos entre grãos, com granulação da ordem de 0,01 mm, indicando bulging. Também apresenta microfraturas decoradas por agregados de sericita. Os porfiroclastos de quartzo são ricos em inclusões fluidas primárias e secundárias/deformacionais. Ocorrem microfalhas quase perpendiculares à Sm, deslocando esta (sinistrais).\r\n","PETROGRAFO":"Frederico Meira Faleiros","PROJETO":"Geologia das Folhas Aldeia Tomázia e Fazenda Santa Otília","BASE_CARTOGRAFICA":"SF.21-V-B-VI - Aldeia Tomasia","TIPO_SECAO":"Delgada","GRAU_INTEMPERISMO":null,"TAMANHO_AMOSTRA":null,"COR_RX_FRESCA":null,"COR_RX_INTEMPERIZADA":null,"GRANULACAO_MINIMA":" ","GRANULACAO_MEDIA":" ","GRANULACAO_MAXIMA":" ","SELECIONAMENTO":null,"CONSISTENCIA_AMOSTRA":null,"CONTATO":null,"COD_CLASSIFICACAO":null,"PROTOLITO":null,"ROCHA":"Monzogranito milonítico","LINK":"p_cod_amostra=116359&p_cod_rocha=559875&p_cod_afloramento=484981","LOCAL_LAMINA":"SUREG-SP","LOTE_LAMINA":null,"NUM_LAB_LAMINA":null,"FICHA":null,"MINERAIS_IDENTIFICADOS":"Sericita(36%), Microclínio(23%), Quartzo(22%), Clorita(8%), Opaco (Microscopia)(2%), Epidoto(2%), Apatita(<1%), Zircão(<1%)","X":-57.428000000000004,"Y":-20.92,"DATUM":"WGS84","__atlas_chave_independente":"AFLOR_ROCHA:484981:559875","__atlas_n_registros_grupo":1,"__atlas_q_registro":0.875,"__atlas_q_grupo":0.875,"__atlas_unidade_geologica_id":"1064","__atlas_unidade_geologica_sigla":"PP3_gamma_al","__atlas_unidade_geologica_nome":"Corpo Granito Alumiador","__atlas_fonte":"SGB · GeoSGB · Petrografia","__atlas_snapshot":"2026-08-14"}},{"type":"Feature","id":28842321,"geometry":{"type":"Point","coordinates":[-57.43000000000001,-20.920000000000016]},"properties":{"OBJECTID":28842321,"COD_AMOSTRA":116363,"COD_AFLORAMENTO":484982,"COD_ROCHA":559883,"NUM_CAMPO_AMOSTRA":"FM-0011-C","COD_LAMINA":42190,"NUM_CAMPO_LAMINA":"4220-FM-R-0011-C","NOTAS":"Granulação: menor que 0,1 a 2,7 mm.\r\nTextura: Granoblástica inequigranular\r\nAlteração hidrotermal: Saussuritização\r\nMetamorfismo: Fácies xisto verde inferior\r\nNome da rocha: Biotita-gnaisse\r\n\r\nA rocha é froamda, basicamente por quartzo microfraturado, de contatos serrilhados e forma predominantemente xenoblástica a arredondada. As bordas possuem processo de bulging incipiente. O plagioclásio possui aarência túrbida e aparece alterado por saussuritização, com inclusões de epidoto. O micrclínio não possui contatos bem definidos e aparece associado com plagioclásio + quartzo. A biotita é desorientada e lamelar subidioblástica a xenoblástica, com pleocroísmo fraco e muito alterada. Alguns grãos aparentam processo de opacitização. A lâmina aparesenta uma faixa com carbonato bem formado manteado por agregados minerais de relevo alto e aparentando possuir epidoto. O quartzo possui extinção ondulante. ","PETROGRAFO":"Frederico Meira Faleiros","PROJETO":"Geologia das Folhas Aldeia Tomázia e Fazenda Santa Otília","BASE_CARTOGRAFICA":"SF.21-V-B-VI - Aldeia Tomasia","TIPO_SECAO":"Delgada","GRAU_INTEMPERISMO":null,"TAMANHO_AMOSTRA":null,"COR_RX_FRESCA":null,"COR_RX_INTEMPERIZADA":null,"GRANULACAO_MINIMA":" ","GRANULACAO_MEDIA":" ","GRANULACAO_MAXIMA":" ","SELECIONAMENTO":null,"CONSISTENCIA_AMOSTRA":null,"CONTATO":null,"COD_CLASSIFICACAO":null,"PROTOLITO":null,"ROCHA":"Biotita gnaisse","LINK":"p_cod_amostra=116363&p_cod_rocha=559883&p_cod_afloramento=484982","LOCAL_LAMINA":"SUREG-SP","LOTE_LAMINA":null,"NUM_LAB_LAMINA":null,"FICHA":null,"MINERAIS_IDENTIFICADOS":"Quartzo(50%), Microclínio(10%), Biotita(10%), Epidoto(5%), Carbonato(5%)","X":-57.43,"Y":-20.92,"DATUM":"WGS84","__atlas_chave_independente":"AFLOR_ROCHA:484982:559883","__atlas_n_registros_grupo":1,"__atlas_q_registro":0.875,"__atlas_q_grupo":0.875,"__atlas_unidade_geologica_id":"1064","__atlas_unidade_geologica_sigla":"PP3_gamma_al","__atlas_unidade_geologica_nome":"Corpo Granito Alumiador","__atlas_fonte":"SGB · GeoSGB · Petrografia","__atlas_snapshot":"2026-08-14"}},{"type":"Feature","id":28842337,"geometry":{"type":"Point","coordinates":[-57.43000000000001,-20.920000000000016]},"properties":{"OBJECTID":28842337,"COD_AMOSTRA":116362,"COD_AFLORAMENTO":484982,"COD_ROCHA":559882,"NUM_CAMPO_AMOSTRA":"FM-0011-B","COD_LAMINA":42189,"NUM_CAMPO_LAMINA":"4220-FM-R-0011-B","NOTAS":"Granulação: equigranular fina (0,15 - 0,75 mm)\r\nTextura: reliquiar ígnea, intersetal\r\nMetamorfismo: Fácies xisto verde (chl + ep + act + carb)\r\nNome da rocha: Metabasito\r\n\r\nA rocha é formada por uma matriz de plagioclásio ripiforme + actinolita fibrosa e tabular. Moderadamente alterada, com clorita intersticial e sobrecrescimento de epidoto + carbonato. Aparentemente também ocorre vidro na matriz. As ripas de plagioclásio estão dispostas aleatoriamente, crescido conjuntamente com actinolita, subédrica a anédrica, também presente intersticialmente. Os minerais opacos tendem a formar hábitos subédricos e estão sobrecrescidos na matriz indicando uma blastese tardia. \r\n\r\nMinerais: \r\nClorita intersticial\r\nPlagioclásio ripiforme alterado (0,3 - 0,72mm)\r\nCarbonato (0,15 - 0,25mm)\r\nEpidoto (agregados finos)\r\nActinolita fibrosa e prismática (aproximadamente 0,25 mm)\r\nOpacos (0,05 - 0,2mm) ","PETROGRAFO":"Frederico Meira Faleiros","PROJETO":"Geologia das Folhas Aldeia Tomázia e Fazenda Santa Otília","BASE_CARTOGRAFICA":"SF.21-V-B-VI - Aldeia Tomasia","TIPO_SECAO":"Delgada","GRAU_INTEMPERISMO":null,"TAMANHO_AMOSTRA":null,"COR_RX_FRESCA":null,"COR_RX_INTEMPERIZADA":null,"GRANULACAO_MINIMA":" ","GRANULACAO_MEDIA":" ","GRANULACAO_MAXIMA":" ","SELECIONAMENTO":null,"CONSISTENCIA_AMOSTRA":null,"CONTATO":null,"COD_CLASSIFICACAO":null,"PROTOLITO":null,"ROCHA":"Metabasito","LINK":"p_cod_amostra=116362&p_cod_rocha=559882&p_cod_afloramento=484982","LOCAL_LAMINA":"SUREG-SP","LOTE_LAMINA":null,"NUM_LAB_LAMINA":null,"FICHA":null,"MINERAIS_IDENTIFICADOS":"Clorita(25%), Actinolita(20%), Epidoto(10%), Opaco (Microscopia)(5%), Carbonato(5%)","X":-57.43,"Y":-20.92,"DATUM":"WGS84","__atlas_chave_independente":"AFLOR_ROCHA:484982:559882","__atlas_n_registros_grupo":1,"__atlas_q_registro":0.875,"__atlas_q_grupo":0.875,"__atlas_unidade_geologica_id":"1064","__atlas_unidade_geologica_sigla":"PP3_gamma_al","__atlas_unidade_geologica_nome":"Corpo Granito Alumiador","__atlas_fonte":"SGB · GeoSGB · Petrografia","__atlas_snapshot":"2026-08-14"}},{"type":"Feature","id":28842369,"geometry":{"type":"Point","coordinates":[-57.41199999999998,-20.944999999999993]},"properties":{"OBJECTID":28842369,"COD_AMOSTRA":116365,"COD_AFLORAMENTO":484983,"COD_ROCHA":559886,"NUM_CAMPO_AMOSTRA":"FM-0012-D","COD_LAMINA":42192,"NUM_CAMPO_LAMINA":"4220-FM-R-0012-D","NOTAS":"Textura: granolepidoblástica, crenulada\r\nGranulação: matriz 0,05-0,15 mm, porfiroblastos 0,3-0,7 mm.\r\nNome: Quartzo-sericita-filito\r\nMetamorfismo: fácies xisto verde inferior, zona da biotita\r\nUnidade geológica: Formação Alto Tererê\r\n\r\nA rocha apresenta uma clivagem ardosiana S1 definida por orientação preferencial de sericita e cristais alongados de quartzo. O quartzo está disseminado, de forma que não ocorrre bandamento composicional. Os cristais apresentam extinção ondulante fraca a ausente e baixa razão axial (menor ou igual a 1; 1,5). Ocorre uma clivagem de crenulação discreta, com domínios de clivagem descontínuos com espessura da ordem de 0,05 - 0,15 mm e domínios de micrólitons milimétricos. A obliquidade entre S1 x S2 é de aproximadamente 30º. Ocorrem vênulas de quartzo aproximadamente perpendiculares a S2, e dobrados. A S2 é plano axial a estas dobras. Ocorrem agregados criptocristalinos de minerais opacos disseminados nos leitos quartzo-sericíticos e ocorrem também porfiroclasto subédricos a anédricos de minerais opacos (até 0,35 mm).\r\nOcorre um porfiroblasto tabular subédrico, pseudomorfizado por agregados de quartzo + opacos dispostos segundo a direção da clivagem existente no mineral substituído. Este porfiroblasto apresenta sombras de deformação da S2, indicando ser pré ou sin-S2.","PETROGRAFO":"Frederico Meira Faleiros","PROJETO":"Geologia das Folhas Aldeia Tomázia e Fazenda Santa Otília","BASE_CARTOGRAFICA":"SF.21-V-B-VI - Aldeia Tomasia","TIPO_SECAO":"Delgada","GRAU_INTEMPERISMO":null,"TAMANHO_AMOSTRA":null,"COR_RX_FRESCA":null,"COR_RX_INTEMPERIZADA":null,"GRANULACAO_MINIMA":" ","GRANULACAO_MEDIA":" ","GRANULACAO_MAXIMA":" ","SELECIONAMENTO":null,"CONSISTENCIA_AMOSTRA":null,"CONTATO":null,"COD_CLASSIFICACAO":null,"PROTOLITO":null,"ROCHA":"Filito","LINK":"p_cod_amostra=116365&p_cod_rocha=559886&p_cod_afloramento=484983","LOCAL_LAMINA":"SUREG-SP","LOTE_LAMINA":null,"NUM_LAB_LAMINA":null,"FICHA":null,"MINERAIS_IDENTIFICADOS":"Sericita(50%), Quartzo(42%), Opaco (Microscopia)(8%), Biotita(<1%), Clorita(<1%)","X":-57.412000000000006,"Y":-20.945,"DATUM":"WGS84","__atlas_chave_independente":"AFLOR_ROCHA:484983:559886","__atlas_n_registros_grupo":1,"__atlas_q_registro":0.875,"__atlas_q_grupo":0.875,"__atlas_unidade_geologica_id":"1064","__atlas_unidade_geologica_sigla":"PP3_gamma_al","__atlas_unidade_geologica_nome":"Corpo Granito Alumiador","__atlas_fonte":"SGB · GeoSGB · Petrografia","__atlas_snapshot":"2026-08-14"}},{"type":"Feature","id":28842417,"geometry":{"type":"Point","coordinates":[-57.43599999999998,-20.90100000000001]},"properties":{"OBJECTID":28842417,"COD_AMOSTRA":116368,"COD_AFLORAMENTO":484989,"COD_ROCHA":559896,"NUM_CAMPO_AMOSTRA":"FM-0018-A","COD_LAMINA":42195,"NUM_CAMPO_LAMINA":"4220-FM-R-0018-A","NOTAS":"Textura: lâminas lepidoblásticas, lâminas granoblásticas e lâminas lepidogranoblásticas\r\nGranulação: clastos 0,2-3,5 mm, matriz <0,1-0,2 mm\r\nNome: Muscovita-quartzo-xisto\r\nMetamorfismo: fácies xisto verde inferior\r\nUnidade geológica: Suíte metamórfica Alto Tererê\r\n\r\nA estrutura principal consiste de uma laminação composicional S1 com leitos quartzosos milimétricos intercalados com leitos ricos em muscovita submilimétrica. Os pimeiros são principalmente lepidogranoblásticos e os segundos lepidoblásticos, definindo uma xistosidade bem desenvolvida paralela a laminação. Ocorrem de 15 a 20% de clastos subarredondados a bem arredondados, de quatzo ± muscovita  ± veio de quartzo ± feldspato, com razões axiais entre 1:1 a 3:1, com sombras de deformação assimétricas do tipo sigma formadas por quartzo ± sericita. Ocorrem também franjas de deformação; o quartzo clástico exibe extinção ondulante e sinais de recristalização incipiente por bulging, na forma de mantos de recristalização localizados. A assimetria das sombras de deformação indica deformação rotacional.\r\n\r\nA S1 apresenta uma lenticularização associada sugerindo esar associada a cisalhamento.\r\nA S1 está crenulada em padrão com plano axial perpendicular, localmente com uma clivaem de crenulação deinida por orientação preferencial de muscovita.\r\nA S1 apresenta ainda leitos muito ricos em minerais opacos de granulação <0,1, que poderiam sugerir um bandamento composicional S0//S1.\r\nOcorrem cristais euédricos a subédricos de minerais opacos com granulação entre 0,1 - 0,2 mm. ","PETROGRAFO":"Frederico Meira Faleiros","PROJETO":"Geologia das Folhas Aldeia Tomázia e Fazenda Santa Otília","BASE_CARTOGRAFICA":"SF.21-V-B-VI - Aldeia Tomasia","TIPO_SECAO":"Delgada","GRAU_INTEMPERISMO":null,"TAMANHO_AMOSTRA":null,"COR_RX_FRESCA":null,"COR_RX_INTEMPERIZADA":null,"GRANULACAO_MINIMA":" ","GRANULACAO_MEDIA":" ","GRANULACAO_MAXIMA":" ","SELECIONAMENTO":null,"CONSISTENCIA_AMOSTRA":null,"CONTATO":null,"COD_CLASSIFICACAO":null,"PROTOLITO":null,"ROCHA":"Muscovita-quartzo xisto","LINK":"p_cod_amostra=116368&p_cod_rocha=559896&p_cod_afloramento=484989","LOCAL_LAMINA":"SUREG-SP","LOTE_LAMINA":null,"NUM_LAB_LAMINA":null,"FICHA":null,"MINERAIS_IDENTIFICADOS":"Quartzo(70%), Muscovita(26%), Opaco (Microscopia)(3%), Feldspato(<1%), Zircão(<1%), Rutilo(<1%), Monazita(<1%), Turmalina(<1%)","X":-57.436,"Y":-20.901,"DATUM":"WGS84","__atlas_chave_independente":"AFLOR_ROCHA:484989:559896","__atlas_n_registros_grupo":1,"__atlas_q_registro":0.875,"__atlas_q_grupo":0.875,"__atlas_unidade_geologica_id":"1504","__atlas_unidade_geologica_sigla":"Q1p2","__atlas_unidade_geologica_nome":"Fácies Pantanal, depósitos aluvionares","__atlas_fonte":"SGB · GeoSGB · Petrografia","__atlas_snapshot":"2026-08-14"}},{"type":"Feature","id":28842433,"geometry":{"type":"Point","coordinates":[-57.43099999999998,-20.904999999999973]},"properties":{"OBJECTID":28842433,"COD_AMOSTRA":116369,"COD_AFLORAMENTO":484990,"COD_ROCHA":559900,"NUM_CAMPO_AMOSTRA":"FM-0019","COD_LAMINA":42196,"NUM_CAMPO_LAMINA":"4220-FM-R-0019","NOTAS":"Mesoscopia\r\nEstrutura: acamamento composicional sedimentar marcado por leitos de cor bege e leitos de cor roxa/estratificação cruzada\r\n\r\nMicroscopia\r\nTextura: lepidogranoblástica (clástica reliquiar)\r\nGranulação: clastos 0,2-1 mm, matriz <0,1 mm\r\nNome: Sericita-quartzito (Metarenito)\r\nMetamorfismo: fácies xisto verde inferior\r\nUnidade geológica: Suíte metamórfica Alto Tererê\r\n\r\nOcorre um bandamento de espessura centimétrica marcada por variação granulométrica brusca e também variação composicional, com leitos com matriz enriquecida em óxidos de ferro/magnésio e leitos com matriz desprovida destes. Em geral, os últimos leitos apresentam clastos de granulação mais grossa. Ocorre granocrescência interna aos leitos, e o contato entre um leito e outro é geralmene brusco mais concordante. Os clastos são subangulosos a bem arredondados e apresentam razão axial <1-1,5 cm. Em geral os clastos sã completamente envoltos por matriz muito fina, composta essencialmente por sericita e quartzo em proporção aproximada 1:1. Ocorre uma xistosidade S1 fortemente oblíqua ao S0, definida pela matriz lepidogranoblástica e por orientação preferencial de forma dos clastos de quartzo.","PETROGRAFO":"Frederico Meira Faleiros","PROJETO":"Geologia das Folhas Aldeia Tomázia e Fazenda Santa Otília","BASE_CARTOGRAFICA":"SF.21-V-B-VI - Aldeia Tomasia","TIPO_SECAO":"Delgada","GRAU_INTEMPERISMO":"Não intemperizada","TAMANHO_AMOSTRA":"10 cm","COR_RX_FRESCA":"Bege","COR_RX_INTEMPERIZADA":null,"GRANULACAO_MINIMA":"Fanerítica fina (<1,0mm)","GRANULACAO_MEDIA":"Fanerítica fina (<1,0mm)","GRANULACAO_MAXIMA":"Fanerítica grossa (5,0-30,0mm)","SELECIONAMENTO":null,"CONSISTENCIA_AMOSTRA":"Consistente","CONTATO":null,"COD_CLASSIFICACAO":null,"PROTOLITO":"Arenito","ROCHA":"Quartzito","LINK":"p_cod_amostra=116369&p_cod_rocha=559900&p_cod_afloramento=484990","LOCAL_LAMINA":"SUREG-SP","LOTE_LAMINA":null,"NUM_LAB_LAMINA":null,"FICHA":null,"MINERAIS_IDENTIFICADOS":"Quartzo(90%), Sericita(7%), Opaco (Microscopia)(2%), Zircão(<1%), Turmalina(<1%)","X":-57.431000000000004,"Y":-20.905,"DATUM":"WGS84","__atlas_chave_independente":"AFLOR_ROCHA:484990:559900","__atlas_n_registros_grupo":1,"__atlas_q_registro":0.875,"__atlas_q_grupo":0.875,"__atlas_unidade_geologica_id":"1504","__atlas_unidade_geologica_sigla":"Q1p2","__atlas_unidade_geologica_nome":"Fácies Pantanal, depósitos aluvionares","__atlas_fonte":"SGB · GeoSGB · Petrografia","__atlas_snapshot":"2026-08-14"}},{"type":"Feature","id":28842449,"geometry":{"type":"Point","coordinates":[-57.42399999999998,-20.961000000000013]},"properties":{"OBJECTID":28842449,"COD_AMOSTRA":116370,"COD_AFLORAMENTO":484992,"COD_ROCHA":559904,"NUM_CAMPO_AMOSTRA":"FM-0021","COD_LAMINA":42197,"NUM_CAMPO_LAMINA":"4220-FM-R-0021","NOTAS":"Granulação: Inequigranular fina a média\r\nTextura: Granoblástica microporfíritica\r\nAlteração hidrotermal: clorita + sericita + opacos ± quartzo \r\nNome da rocha: Muscovita-quartzo-clorita-sericita fels\r\n\r\nA rocha possui sua estrutura original quase que completamente substituído por uma matriz de sericita + clorita ± quartzo + opacos. É possível identificar somente um certo bandamento da rocha original. Há microporfiroblastos de muscovita lamelar crescida sem uma orientação preferencial. Ocorre também quartzo microporfiroblástico com fraca extinção ondulante e inclusões comumente de opacos. As bordas de quartzo  mostram-se consumidos pela matriz poliminerálica de agregados de sericita + clorita ± quartzo.\r\n","PETROGRAFO":"Frederico Meira Faleiros","PROJETO":"Geologia das Folhas Aldeia Tomázia e Fazenda Santa Otília","BASE_CARTOGRAFICA":"SF.21-V-B-VI - Aldeia Tomasia","TIPO_SECAO":"Delgada","GRAU_INTEMPERISMO":null,"TAMANHO_AMOSTRA":null,"COR_RX_FRESCA":null,"COR_RX_INTEMPERIZADA":null,"GRANULACAO_MINIMA":" ","GRANULACAO_MEDIA":" ","GRANULACAO_MAXIMA":" ","SELECIONAMENTO":null,"CONSISTENCIA_AMOSTRA":null,"CONTATO":null,"COD_CLASSIFICACAO":null,"PROTOLITO":null,"ROCHA":"Hornfels","LINK":"p_cod_amostra=116370&p_cod_rocha=559904&p_cod_afloramento=484992","LOCAL_LAMINA":"SUREG-SP","LOTE_LAMINA":null,"NUM_LAB_LAMINA":null,"FICHA":null,"MINERAIS_IDENTIFICADOS":"Sericita(<80%), Opaco (Microscopia)(<80%), Clorita(<80%), Quartzo(13%), Muscovita(7%)","X":-57.424,"Y":-20.961000000000002,"DATUM":"WGS84","__atlas_chave_independente":"AFLOR_ROCHA:484992:559904","__atlas_n_registros_grupo":1,"__atlas_q_registro":0.875,"__atlas_q_grupo":0.875,"__atlas_unidade_geologica_id":"1504","__atlas_unidade_geologica_sigla":"Q1p2","__atlas_unidade_geologica_nome":"Fácies Pantanal, depósitos aluvionares","__atlas_fonte":"SGB · GeoSGB · Petrografia","__atlas_snapshot":"2026-08-14"}},{"type":"Feature","id":28842465,"geometry":{"type":"Point","coordinates":[-57.32499999999999,-20.89699999999999]},"properties":{"OBJECTID":28842465,"COD_AMOSTRA":116371,"COD_AFLORAMENTO":484994,"COD_ROCHA":559910,"NUM_CAMPO_AMOSTRA":"FM-0023-C","COD_LAMINA":42198,"NUM_CAMPO_LAMINA":"4220-FM-R-0023-C","NOTAS":"Textura: lepidogranoblástica, lepidoblástica, granoblástica e lenticularizada\r\nGranulação: clastos 0,2-2 mm, matriz <0,1-0,2 mm\r\nNome: Quartzo-muscovita-filito\r\nMetamorfismo: fácies xisto verde inferior\r\nUnidade geológica: Suíte metamórfica Alto Tererê\r\n\r\nOcorrem cerca de 15% de clastos essencialmente de quartzo monocristalino.Feldspato potássico e agregados de quartzo ocorrem subordinadamete . Os grãos são sub a bem arredondados e pouco alogados, com razã axial entre 1:1 e 1:1,5. A estrutura principal consiste de laminação submilimétrica com intercalações entre lâminas lepidoblásticas ricas em muscovita e lâminas lepidogranoblásticas a granoblásticas ricas em quartzo. Subordinadamente ocorrem lentes ricas em minerais opacos. Frequentemente em meio as lâminas ricas em muscovita, ocorrem bandas de cisalhamento do tipo C linha, desenvolvidas nos leitos lepidoblásticos e os porfiroclastos apresentam sombras de deformação assimétricas do tipo sigma, indicando natureza milonítica para a foliação principal. Lâminas granoblásticas monominerálicas de quartzo apresentam textura poligonizada de alto equílibrio, com contatos retos entre grãos e junções tríplice a aproximadamente 120º. O quartzo nestes domínios está livre de extinção ondulante. Estas microestruturas indicam recristalização estática (granulação de 0,1 - 0,2 mm). \r\nNos leitos lepidogranoblásticos, o quartzo apresenta granulação menor ou igual a 0,1 mm.\r\nOcorrem porfiroclastos de quartzo manteados parcialmente, indicando recristalização incipiente por bulging. As microestruturas dos mantos são idênticas aquelas descritas para os leitos granoblásticos.\r\nA estilpnomezana ocorre essencialmente em sombras de deformação.","PETROGRAFO":"Frederico Meira Faleiros","PROJETO":"Geologia das Folhas Aldeia Tomázia e Fazenda Santa Otília","BASE_CARTOGRAFICA":"SF.21-V-B-VI - Aldeia Tomasia","TIPO_SECAO":"Delgada","GRAU_INTEMPERISMO":null,"TAMANHO_AMOSTRA":null,"COR_RX_FRESCA":null,"COR_RX_INTEMPERIZADA":null,"GRANULACAO_MINIMA":" ","GRANULACAO_MEDIA":" ","GRANULACAO_MAXIMA":" ","SELECIONAMENTO":null,"CONSISTENCIA_AMOSTRA":null,"CONTATO":null,"COD_CLASSIFICACAO":null,"PROTOLITO":null,"ROCHA":"Filito","LINK":"p_cod_amostra=116371&p_cod_rocha=559910&p_cod_afloramento=484994","LOCAL_LAMINA":"SUREG-SP","LOTE_LAMINA":null,"NUM_LAB_LAMINA":null,"FICHA":null,"MINERAIS_IDENTIFICADOS":"Muscovita(47%), Quartzo(35%), Opaco (Microscopia)(10%), Estilpelomelano(7%), Zircão(<1%)","X":-57.325,"Y":-20.897000000000002,"DATUM":"WGS84","__atlas_chave_independente":"AFLOR_ROCHA:484994:559910","__atlas_n_registros_grupo":1,"__atlas_q_registro":0.875,"__atlas_q_grupo":0.875,"__atlas_unidade_geologica_id":"1064","__atlas_unidade_geologica_sigla":"PP3_gamma_al","__atlas_unidade_geologica_nome":"Corpo Granito Alumiador","__atlas_fonte":"SGB · GeoSGB · Petrografia","__atlas_snapshot":"2026-08-14"}},{"type":"Feature","id":28842481,"geometry":{"type":"Point","coordinates":[-57.322,-20.898000000000025]},"properties":{"OBJECTID":28842481,"COD_AMOSTRA":116373,"COD_AFLORAMENTO":484995,"COD_ROCHA":559913,"NUM_CAMPO_AMOSTRA":"FM-0024-B","COD_LAMINA":42200,"NUM_CAMPO_LAMINA":"4220-FM-R-0024-B","NOTAS":"Textura: porfiroclástica lenticularizada, matriz granolepidoblástica parte granoblástica\r\nNome: Feldspato-sericita-quartzo-xisto milonítico\r\nMetamorfismo: fácies xisto verde inferior\r\nUnidade geológica: Formação Alto Tererê\r\n\r\nA rocha apresenta um bandamento composicional lenticularizado com alternância entre leitos formados por sericita ± quartzo ± opacos, leitos quartzosos puros ou com pouca quantidade de opacos e sericita, e leitos ricos em opacos. Ocorrem porfiroclastos com dimensões entre 0,5 e 1,5 mm, de feldspato e quartzo, arredondados, com baixas razões axiais (menor ou igual a 1:2,1), com sombras de deformação assimétricas do tipo sigma. Os porfiroclastos de quartzo apresentam-se manteados e, por vezes, totalmente recristalizados, ainda que com a forma sigmoidal preservada. A matriz dos leitos quartzosos apresenta textura equigranular interlobada, sugerindo grain boundary migration, e granulação de aproximadamente 0,85 mm. O quartzo da matriz apresenta extinção ondulante fraca, em contraposição a forte extinção ondulante dos porfiroclastos. Ocorre uma fraca orientação preferencial nos leitos quartzosos, paralela ao bandamento. Os leitos ricos em sericita apresentam forte orientação preferencial paralela ao bandamento. A disposição anastomosada entre os leitos de diferentes composições forma uma clivagem de banda de cisalhamento do tipo C, cm porfiroclastos e lentes quartzosas sigmoidais amoldadas por leitos ricos em sericita. Ocorre grande variação da granulação média entre leitos de composição diferente, de 0,01 a 0,15 mm. ","PETROGRAFO":"Frederico Meira Faleiros","PROJETO":"Geologia das Folhas Aldeia Tomázia e Fazenda Santa Otília","BASE_CARTOGRAFICA":"SF.21-V-B-VI - Aldeia Tomasia","TIPO_SECAO":"Delgada","GRAU_INTEMPERISMO":null,"TAMANHO_AMOSTRA":null,"COR_RX_FRESCA":null,"COR_RX_INTEMPERIZADA":null,"GRANULACAO_MINIMA":" ","GRANULACAO_MEDIA":" ","GRANULACAO_MAXIMA":" ","SELECIONAMENTO":null,"CONSISTENCIA_AMOSTRA":null,"CONTATO":null,"COD_CLASSIFICACAO":null,"PROTOLITO":null,"ROCHA":"Sericita xisto milonítico","LINK":"p_cod_amostra=116373&p_cod_rocha=559913&p_cod_afloramento=484995","LOCAL_LAMINA":"SUREG-SP","LOTE_LAMINA":null,"NUM_LAB_LAMINA":null,"FICHA":null,"MINERAIS_IDENTIFICADOS":"Quartzo(65%), Sericita(25%), Microclínio(7%), Opaco (Microscopia)(2%), Zircão(<1%)","X":-57.322,"Y":-20.898,"DATUM":"WGS84","__atlas_chave_independente":"AFLOR_ROCHA:484995:559913","__atlas_n_registros_grupo":1,"__atlas_q_registro":0.875,"__atlas_q_grupo":0.875,"__atlas_unidade_geologica_id":"1064","__atlas_unidade_geologica_sigla":"PP3_gamma_al","__atlas_unidade_geologica_nome":"Corpo Granito Alumiador","__atlas_fonte":"SGB · GeoSGB · Petrografia","__atlas_snapshot":"2026-08-14"}},{"type":"Feature","id":28842497,"geometry":{"type":"Point","coordinates":[-57.322,-20.898000000000025]},"properties":{"OBJECTID":28842497,"COD_AMOSTRA":116372,"COD_AFLORAMENTO":484995,"COD_ROCHA":559912,"NUM_CAMPO_AMOSTRA":"FM-0024-A","COD_LAMINA":42199,"NUM_CAMPO_LAMINA":"4220-FM-R-0024-A","NOTAS":"Textura: clástica, laminada, granolepidoblástica, crenulada\r\nGranulação: banda 1 (0,01-0,05 mm), banda 2 (0,01-0,1 mm), matriz (aproximadamente 0,2 mm)\r\nNome: Ardósia\r\nMetamorfismo: fácies xisto verde inferior\r\nUnidade geológica: Suíte metamórfica Alto Tererê\r\n\r\nA banda 1 apresenta bandamento composicional (laminação) S0 cm intercalações etre lâminas ricas e pobres em minerais opacos, ambas de espessura variando de 1 a 0,1 mm. A proporção é aproximadamente equivalente. Ocorre orientação preferencial de sericita paralela ao S0, definindo textura lepidoblástica a granolepidoblástica e indicando uma clivagem ardosiana S1 paralela a S0. Ocorre uma clivagem de crenulação S2 com obliquidade de aproximadamente 80º, amplamente dominada pelos domínios de micrólitons (espessura milimétrica) com domínios de clivagem discretos com espessura « 0,2 mm, percolados por óxidos de ferro e com deslocamento do S0 associado indicando processo de dissolução por pressão. A banda 2 apresenta clastos angulosos a subarredondados, com predomínio dos primeiros, com razão axial menor ou igual a 2:1 e forte orientação preferencial paralela a S1. A matriz sericítica é lepidoblástica e anastomosada, definindo a clivagem ardosiana S1. Ocorrem sombras de deformação assimétricas tipo sigma ao redor dos clastos, corroborando a existência da S1 paralela a S0.\r\nÉ notável a abundância de clastos de feldspato e quartzo-feldspáticos (graníticos). Associado a isso, os grãos de quartzo comumente apresenta terminações em cúspide formando relações côncavo-convexas com a matriz. Essas evidências levanta a possibilidade de contribuição vulcânica na geração da banda 2.\r\nOcorrem lentes de espessura menor ou igual a 0,2 mm formadas essencialmente por minerais opacos definindo o bandamento S0 paralelo a S1.\r\nA clivagem de crenulação S2 é pobremente desenvolvida na banda 2. \r\nOcorrem kinks S3 fortemente oblíquos a S0 paralelo a S1, com obliquidade menor ou igual a 30° em relação à S2.\r\n\r\n","PETROGRAFO":"Frederico Meira Faleiros","PROJETO":"Geologia das Folhas Aldeia Tomázia e Fazenda Santa Otília","BASE_CARTOGRAFICA":"SF.21-V-B-VI - Aldeia Tomasia","TIPO_SECAO":"Delgada","GRAU_INTEMPERISMO":null,"TAMANHO_AMOSTRA":null,"COR_RX_FRESCA":null,"COR_RX_INTEMPERIZADA":null,"GRANULACAO_MINIMA":" ","GRANULACAO_MEDIA":" ","GRANULACAO_MAXIMA":" ","SELECIONAMENTO":null,"CONSISTENCIA_AMOSTRA":null,"CONTATO":null,"COD_CLASSIFICACAO":null,"PROTOLITO":null,"ROCHA":"Ardósia","LINK":"p_cod_amostra=116372&p_cod_rocha=559912&p_cod_afloramento=484995","LOCAL_LAMINA":"SUREG-SP","LOTE_LAMINA":null,"NUM_LAB_LAMINA":null,"FICHA":null,"MINERAIS_IDENTIFICADOS":"Sericita(74%), Opaco (Microscopia)(16%), Quartzo(4%), Microclínio(3%), Zircão(<1%)","X":-57.322,"Y":-20.898,"DATUM":"WGS84","__atlas_chave_independente":"AFLOR_ROCHA:484995:559912","__atlas_n_registros_grupo":1,"__atlas_q_registro":0.875,"__atlas_q_grupo":0.875,"__atlas_unidade_geologica_id":"1064","__atlas_unidade_geologica_sigla":"PP3_gamma_al","__atlas_unidade_geologica_nome":"Corpo Granito Alumiador","__atlas_fonte":"SGB · GeoSGB · Petrografia","__atlas_snapshot":"2026-08-14"}},{"type":"Feature","id":28842529,"geometry":{"type":"Point","coordinates":[-57.440999999999974,-20.824000000000012]},"properties":{"OBJECTID":28842529,"COD_AMOSTRA":116383,"COD_AFLORAMENTO":484997,"COD_ROCHA":559919,"NUM_CAMPO_AMOSTRA":"FM-0026-J","COD_LAMINA":42210,"NUM_CAMPO_LAMINA":"4220-FM-R-0026-J","NOTAS":"Textura: blastoinequigranular euédrico a subédrica, blastopoiquilítica\r\nGranulação: < 0,01 - 4 mm\r\nNome: Albita-sericita-clorita-epidoto-anfibólio granofels\r\nMetamorfismo: fácies xisto verde inferior\r\nUnidade Geológica: Gabro Morro da Sede\r\n\r\nA rocha é isótropa e apresenta texturas ígneas reliquiares preservadas. Pseudomorfos alongados de biotita e plagioclásio estão inclusos de maneira poiquilítica em cristais milimétricos de hornblenda (além de inclusões de opacos). Pseudomorfos de plagioclásio, piroxênio e minerais opacos ocorrem inclusos em pseudomorfos poiquilíticos milimétricos de biotita. Domínios ricos em hornblenda e/ou pseudomorfos de biotita se alternam com domínios pobres nestes minerais. Estes últimos domínios são constituídos por pseudomorfos euédricos de plagioclásio tabular e cristais prismáticos mal formados de tremolita/actinolita imersos em agregados de albita intersticial. Os pseudomorfos de plagioclásio consistem de agregados de epidoto ± sericita, enquanto os pseudomorfos de biotita são formados por agregados criptocristalinos de clorita bege com cor de interferência marrom. A albita apresenta intercrescimento pouco expressivo de sericita. Quartzo e apatita são essecialmente intersticial. O quartzo apresente leve extinção ondulante. Actinolita/tremolita ocorre intercrescida heterogêneamente com hornblenda e/ou clorita. Neste caso a clorita é verde-claro com cor de interferência cinza levemente esverdeada. ","PETROGRAFO":"Frederico Meira Faleiros","PROJETO":"Geologia das Folhas Aldeia Tomázia e Fazenda Santa Otília","BASE_CARTOGRAFICA":"SF.21-V-B-VI - Aldeia Tomasia","TIPO_SECAO":"Delgada","GRAU_INTEMPERISMO":null,"TAMANHO_AMOSTRA":null,"COR_RX_FRESCA":null,"COR_RX_INTEMPERIZADA":null,"GRANULACAO_MINIMA":" ","GRANULACAO_MEDIA":" ","GRANULACAO_MAXIMA":" ","SELECIONAMENTO":null,"CONSISTENCIA_AMOSTRA":null,"CONTATO":null,"COD_CLASSIFICACAO":null,"PROTOLITO":null,"ROCHA":"Metadiabásio","LINK":"p_cod_amostra=116383&p_cod_rocha=559919&p_cod_afloramento=484997","LOCAL_LAMINA":"SUREG-SP","LOTE_LAMINA":null,"NUM_LAB_LAMINA":null,"FICHA":null,"MINERAIS_IDENTIFICADOS":"Hornblenda(30%), Epidoto(20%), Sericita(11%), Tremolita(10%), Albita(7%), Clorita(5%), Opaco (Microscopia)(5%), Apatita(2%), Carbonato(<1%), Titanita(<1%), Zircão(<1%), Quartzo(<1%)","X":-57.441,"Y":-20.824,"DATUM":"WGS84","__atlas_chave_independente":"AFLOR_ROCHA:484997:559919","__atlas_n_registros_grupo":6,"__atlas_q_registro":0.875,"__atlas_q_grupo":0.875,"__atlas_unidade_geologica_id":"1503","__atlas_unidade_geologica_sigla":"Q1p1","__atlas_unidade_geologica_nome":"Fácies Pantanal, terraços aluvionares","__atlas_fonte":"SGB · GeoSGB · Petrografia","__atlas_snapshot":"2026-08-14"}},{"type":"Feature","id":28842561,"geometry":{"type":"Point","coordinates":[-57.440999999999974,-20.824000000000012]},"properties":{"OBJECTID":28842561,"COD_AMOSTRA":116381,"COD_AFLORAMENTO":484997,"COD_ROCHA":559919,"NUM_CAMPO_AMOSTRA":"FM-0026-H","COD_LAMINA":42208,"NUM_CAMPO_LAMINA":"4220-FM-R-0026-H","NOTAS":"Textura: blastointergranular\r\nGranulação: <0,01 a  3 mm\r\nNome: Sericita-epidoto-actinolita granofels\r\nMetamorfismo: fácies xisto verde superior\r\nUnidade Geológica: Gabro Morro da Sede\r\n\r\nRocha maciça com textura intergranular reconhecível, onde ripas de plagioclásio em orientação aleatória foram pseudomorfizadas por agregados microcristalinos de epidoto ± sericita e agregados de actinolita em arranjo radiado pseudomorfizam agregados de piroxênio. Ocorrem cristais esqueléticos de hornblenda aparentemente ígnea, verde escura, por vezes com geminação polissintética, stando em desequilíbrio, parcialmente intercrescida com actinolita ± clorita. Pseudomorfos de plagioclásio cumumente estão imersos em uma matriz composta por sericita + albita ± quartzo, que poderia representar um mineral intersticial pseudomorfizado. A apatita é submilimétrica e esquelética, representando uma relíquia ígnea. Ocorrem pseudomorfos de minerais micáceo milimétrico (biotita?) em orientação aleatória e pseudomorfizados por agregados microcristalinos com cor de interferência cinza-azulado ± clorita. A hornblenda ígnea é poiquilítica, com inclusões de pseudomorfos de plagioclásio e biotita, apatita, quartzo e opacos. ","PETROGRAFO":"Frederico Meira Faleiros","PROJETO":"Geologia das Folhas Aldeia Tomázia e Fazenda Santa Otília","BASE_CARTOGRAFICA":"SF.21-V-B-VI - Aldeia Tomasia","TIPO_SECAO":"Delgada","GRAU_INTEMPERISMO":null,"TAMANHO_AMOSTRA":null,"COR_RX_FRESCA":null,"COR_RX_INTEMPERIZADA":null,"GRANULACAO_MINIMA":" ","GRANULACAO_MEDIA":" ","GRANULACAO_MAXIMA":" ","SELECIONAMENTO":null,"CONSISTENCIA_AMOSTRA":null,"CONTATO":null,"COD_CLASSIFICACAO":null,"PROTOLITO":null,"ROCHA":"Metadiabásio","LINK":"p_cod_amostra=116381&p_cod_rocha=559919&p_cod_afloramento=484997","LOCAL_LAMINA":"SUREG-SP","LOTE_LAMINA":null,"NUM_LAB_LAMINA":null,"FICHA":null,"MINERAIS_IDENTIFICADOS":"Epidoto(35%), Actinolita(31%), Sericita(11%), Hornblenda(10%), Albita(5%), Clorita(5%), Opaco (Microscopia)(2%), Quartzo(1%), Apatita(<1%), Carbonato(<1%)","X":-57.441,"Y":-20.824,"DATUM":"WGS84","__atlas_chave_independente":"AFLOR_ROCHA:484997:559919","__atlas_n_registros_grupo":6,"__atlas_q_registro":0.875,"__atlas_q_grupo":0.875,"__atlas_unidade_geologica_id":"1503","__atlas_unidade_geologica_sigla":"Q1p1","__atlas_unidade_geologica_nome":"Fácies Pantanal, terraços aluvionares","__atlas_fonte":"SGB · GeoSGB · Petrografia","__atlas_snapshot":"2026-08-14"}},{"type":"Feature","id":28842593,"geometry":{"type":"Point","coordinates":[-57.440999999999974,-20.824000000000012]},"properties":{"OBJECTID":28842593,"COD_AMOSTRA":116379,"COD_AFLORAMENTO":484997,"COD_ROCHA":559919,"NUM_CAMPO_AMOSTRA":"FM-0026-F","COD_LAMINA":42206,"NUM_CAMPO_LAMINA":"4220-FM-R-0026-F","NOTAS":"Granulação: < 0,1 - 4 mm\r\nNome: Actinolita-sericita-epidoto-hornblenda granofels\r\nMetamorfismo: fácies xisto verde\r\nUnidade Geológica: Gabro Morro da Sede\r\n\r\nRocha isótropa com textura ígnea ainda reconhecível (inequigranular seriada). Cristais anédricos de hornblenda, actinolita. Pseudomorfos de biotita (clorita), e clorita e quartzo estão disseminados pela rocha, em meio a domínios constituídos essencialmente por epidoto + sericita como pseudomorfos de plagioclásio. Todos os minerais estão em orientação aleatória. A hornblenda é anédrica, verde-escuro levemente acastanhada e representa uma relíquia da fase ígnea. Apresenta zonação textural irregular, com domínios de actinolita, intercrescimento de clorita ao longo de clivagens e microfraturas e inclusões de clorita como pseudomorfos de biotita, de agregados de epidoto + sericita como pseudomorfos de plagioclásio, e de minerais opacos. O quartzo é estritamente intersticial e preserva sua textura ígnea original. Apresenta-se em sua sua maioria livre de deformação, embora localmente apresente leve extinção ondulante. Os minerais opacos frequentemente apresentam formas corroídas e/ou fragmentadas e envoltos por coroas de clorita. A clorita é verde-clara a verde-médio e apresenta cor de interferência marrom. ","PETROGRAFO":"Frederico Meira Faleiros","PROJETO":"Geologia das Folhas Aldeia Tomázia e Fazenda Santa Otília","BASE_CARTOGRAFICA":"SF.21-V-B-VI - Aldeia Tomasia","TIPO_SECAO":"Delgada","GRAU_INTEMPERISMO":null,"TAMANHO_AMOSTRA":null,"COR_RX_FRESCA":null,"COR_RX_INTEMPERIZADA":null,"GRANULACAO_MINIMA":" ","GRANULACAO_MEDIA":" ","GRANULACAO_MAXIMA":" ","SELECIONAMENTO":null,"CONSISTENCIA_AMOSTRA":null,"CONTATO":null,"COD_CLASSIFICACAO":null,"PROTOLITO":null,"ROCHA":"Metadiabásio","LINK":"p_cod_amostra=116379&p_cod_rocha=559919&p_cod_afloramento=484997","LOCAL_LAMINA":"SUREG-SP","LOTE_LAMINA":null,"NUM_LAB_LAMINA":null,"FICHA":null,"MINERAIS_IDENTIFICADOS":"Quartzo(52%), Hornblenda(25%), Epidoto(25%), Sericita(20%), Actinolita(15%), Clorita(5%), Opaco (Microscopia)(2%), Zircão(<1%), Apatita(<1%), Carbonato(<1%)","X":-57.441,"Y":-20.824,"DATUM":"WGS84","__atlas_chave_independente":"AFLOR_ROCHA:484997:559919","__atlas_n_registros_grupo":6,"__atlas_q_registro":0.875,"__atlas_q_grupo":0.875,"__atlas_unidade_geologica_id":"1503","__atlas_unidade_geologica_sigla":"Q1p1","__atlas_unidade_geologica_nome":"Fácies Pantanal, terraços aluvionares","__atlas_fonte":"SGB · GeoSGB · Petrografia","__atlas_snapshot":"2026-08-14"}},{"type":"Feature","id":28842609,"geometry":{"type":"Point","coordinates":[-57.440999999999974,-20.824000000000012]},"properties":{"OBJECTID":28842609,"COD_AMOSTRA":116378,"COD_AFLORAMENTO":484997,"COD_ROCHA":559919,"NUM_CAMPO_AMOSTRA":"FM-0026-E","COD_LAMINA":42205,"NUM_CAMPO_LAMINA":"4220-FM-R-0026-E","NOTAS":"Textura: equigranular ígnea preservada\r\nNome: Quartzo-sericita-epidoto-hornblenda granofels\r\nMetamorfismo: fácies xisto verde\r\nUnidade Geológica: Gabro Morro da Sede\r\n\r\nRocha isótropa com textura ± equigranular ígnea ainda reconhecível. A hornblenda é essencialmente anédrica e apresenta intercrescimentos de clorita, epidoto e, subordinadamente, titanita, preferencialmente ao longo de clivagens e microfraturas. O volume dos intercrescimentos varia de 15% a até minerais completamente pseudomorfizados. Apresenta inclusões de quartzo vermiforme, minerais opacos e, subordinadamente, pseudomorfos de plagioclásio constituídos por agregados de epidoto + sericita ± quartzo ± albita ± clorita. O quartzo apresenta sua textura intersticial ígnea preservada, embora mostre extinção ondulante irregular, denotando deformação intracristalina. A albita também é intersticial, apresenta geminação polissintética ou carlsbad, e intercrescimento leve de sericita. Agregados finos constituídos por epidoto + sericita ± albita ± clorita ocorrem como pseudomorfos de plagioclásio. Os minerais opacos apresentam-se fragmentados e com formas corroidas, invariavelmente envolta por coroas de clorita, entretanto, as formas bipiramidais originais ainda podem ser reconhecidas. ","PETROGRAFO":"Frederico Meira Faleiros","PROJETO":"Geologia das Folhas Aldeia Tomázia e Fazenda Santa Otília","BASE_CARTOGRAFICA":"SF.21-V-B-VI - Aldeia Tomasia","TIPO_SECAO":"Delgada","GRAU_INTEMPERISMO":null,"TAMANHO_AMOSTRA":null,"COR_RX_FRESCA":null,"COR_RX_INTEMPERIZADA":null,"GRANULACAO_MINIMA":" ","GRANULACAO_MEDIA":" ","GRANULACAO_MAXIMA":" ","SELECIONAMENTO":null,"CONSISTENCIA_AMOSTRA":null,"CONTATO":null,"COD_CLASSIFICACAO":null,"PROTOLITO":null,"ROCHA":"Metadiabásio","LINK":"p_cod_amostra=116378&p_cod_rocha=559919&p_cod_afloramento=484997","LOCAL_LAMINA":"SUREG-SP","LOTE_LAMINA":null,"NUM_LAB_LAMINA":null,"FICHA":null,"MINERAIS_IDENTIFICADOS":"Hornblenda(37%), Epidoto(25%), Sericita(10%), Quartzo(10%), Clorita(7%), Opaco (Microscopia)(7%), Actinolita(<1%), Apatita(<1%), Zircão(<1%), Titanita(<1%)","X":-57.441,"Y":-20.824,"DATUM":"WGS84","__atlas_chave_independente":"AFLOR_ROCHA:484997:559919","__atlas_n_registros_grupo":6,"__atlas_q_registro":0.875,"__atlas_q_grupo":0.875,"__atlas_unidade_geologica_id":"1503","__atlas_unidade_geologica_sigla":"Q1p1","__atlas_unidade_geologica_nome":"Fácies Pantanal, terraços aluvionares","__atlas_fonte":"SGB · GeoSGB · Petrografia","__atlas_snapshot":"2026-08-14"}},{"type":"Feature","id":28842625,"geometry":{"type":"Point","coordinates":[-57.440999999999974,-20.824000000000012]},"properties":{"OBJECTID":28842625,"COD_AMOSTRA":116377,"COD_AFLORAMENTO":484997,"COD_ROCHA":559918,"NUM_CAMPO_AMOSTRA":"FM-0026-C","COD_LAMINA":42204,"NUM_CAMPO_LAMINA":"4220-FM-R-0026-C","NOTAS":"Textura: inequigranular, cumulática\r\nGranulação: 0,01 - 5 mm\r\nNome: Metahornblendito\r\nMetamorfismo: fácies xisto verde inferior\r\n\r\nA rocha apresenta textura inequigranular seriada dominada por cristais de hornblenda verde-amarronzada milimétrica, anédricos, com contatos irregulares a localmente retos e interstícios preenchidos por quartzo monocristalino ou agregados de anfibólio verde-claro subédrico a euédrico com geminação polissintética (actinolita?). A hornblenda apresenta zonas irregulares compostas por actinolita, heterogeneamete desenvolvidas e inclusões de pseudomorfos euédricos tabulares de plagioclásio consituídos por agregados de epidoto + muscovita ± clorita incolor (magnesiana). Ocasionalmente ocorrem restos de plagioclásio. Não é possível saber se a hornblenda verde-amarronzada e o anfibólio verde-claro com geminação polissintética são fases diferentes, entretanto, inclusões na primeira são comuns, sugerindo que são fases com composição e cronologia distintas. \r\nO quartzo apresenta-se em textura intersticial ígnea, preservada e está livre de feições deformacionais (E.G., extinção ondulante, recristalização, microfraturas). Apresenta inclusões fluidas maiores ou iguais a 10 micrômetros, primárias analisáveis por microtermometria.","PETROGRAFO":"Frederico Meira Faleiros","PROJETO":"Geologia das Folhas Aldeia Tomázia e Fazenda Santa Otília","BASE_CARTOGRAFICA":"SF.21-V-B-VI - Aldeia Tomasia","TIPO_SECAO":"Delgada","GRAU_INTEMPERISMO":null,"TAMANHO_AMOSTRA":null,"COR_RX_FRESCA":null,"COR_RX_INTEMPERIZADA":null,"GRANULACAO_MINIMA":" ","GRANULACAO_MEDIA":" ","GRANULACAO_MAXIMA":" ","SELECIONAMENTO":null,"CONSISTENCIA_AMOSTRA":null,"CONTATO":null,"COD_CLASSIFICACAO":null,"PROTOLITO":null,"ROCHA":"Metahornblendito","LINK":"p_cod_amostra=116377&p_cod_rocha=559918&p_cod_afloramento=484997","LOCAL_LAMINA":"SUREG-SP","LOTE_LAMINA":null,"NUM_LAB_LAMINA":null,"FICHA":null,"MINERAIS_IDENTIFICADOS":"Hornblenda(71%), Actinolita(15%), Epidoto(7%), Quartzo(4%), Sericita(2%), Clorita(1%), Tremolita(<1%)","X":-57.441,"Y":-20.824,"DATUM":"WGS84","__atlas_chave_independente":"AFLOR_ROCHA:484997:559918","__atlas_n_registros_grupo":4,"__atlas_q_registro":0.875,"__atlas_q_grupo":0.875,"__atlas_unidade_geologica_id":"1503","__atlas_unidade_geologica_sigla":"Q1p1","__atlas_unidade_geologica_nome":"Fácies Pantanal, terraços aluvionares","__atlas_fonte":"SGB · GeoSGB · Petrografia","__atlas_snapshot":"2026-08-14"}},{"type":"Feature","id":28842641,"geometry":{"type":"Point","coordinates":[-57.440999999999974,-20.824000000000012]},"properties":{"OBJECTID":28842641,"COD_AMOSTRA":116376,"COD_AFLORAMENTO":484997,"COD_ROCHA":559918,"NUM_CAMPO_AMOSTRA":"FM-0026-D","COD_LAMINA":42203,"NUM_CAMPO_LAMINA":"4220-FM-R-0026-D","NOTAS":"Textura: inequigranular seriada\r\nGranulação: 0,01-8 mm\r\nNome: Meta-hornblendito\r\nMetamorfismo: fácies xisto verde inferior\r\n\r\nRocha isótropa com textura inequigranular seriada ígnea preservada, dominada por cristais milimétricos de hornblenda verde-amarronzada, anédrica a subédrica, com contatos retos a lobados entre grãos, com interstícios entre os grãos maiores preenchidos por plagioclásio ou agregados de anfibólio verde-claro prismático com geminação polissintética. A hornblenda apresenta fraca zonação textural irregular, denotanto desequilíbrio, além de fraturas e/ou clivagens com intercrescimento de sericita + epidoto ± clorita ou titanita. Apresenta inclusões de plagioclásio tabular euédrico com intercrescimento de agregados de epidoto + sericita ± actinolita ± clorita, por vezes totalmente pseudomorfizado por essa associação mineral. O plagioclásio intersticial apresenta geminação polissintética e textura poiquilítica, com inclusões de anfibólio verde-claro com geminação polissintética (euédrico a subédrico). São frequentes também pseudomorfos de plagioclásio poiquilítico intersticial constítuidos por agregados criptocristalinos de epidoto ± sericita ± clorita ± anfibólio. As inclusões constituem pseudomorfos de mineral tabular euédrico a subédrico (Hbl? Px?) agora constituídos por agregados policristalinos de actinolita ou por monocristais. Difícil diferenciação entre relíquia ígnea e a parte metamórfica. ","PETROGRAFO":"Frederico Meira Faleiros","PROJETO":"Geologia das Folhas Aldeia Tomázia e Fazenda Santa Otília","BASE_CARTOGRAFICA":"SF.21-V-B-VI - Aldeia Tomasia","TIPO_SECAO":"Delgada","GRAU_INTEMPERISMO":null,"TAMANHO_AMOSTRA":null,"COR_RX_FRESCA":null,"COR_RX_INTEMPERIZADA":null,"GRANULACAO_MINIMA":" ","GRANULACAO_MEDIA":" ","GRANULACAO_MAXIMA":" ","SELECIONAMENTO":null,"CONSISTENCIA_AMOSTRA":null,"CONTATO":null,"COD_CLASSIFICACAO":null,"PROTOLITO":null,"ROCHA":"Metahornblendito","LINK":"p_cod_amostra=116376&p_cod_rocha=559918&p_cod_afloramento=484997","LOCAL_LAMINA":"SUREG-SP","LOTE_LAMINA":null,"NUM_LAB_LAMINA":null,"FICHA":null,"MINERAIS_IDENTIFICADOS":"Hornblenda(71%), Actinolita(15%), Epidoto(5%), Sericita(4%), Clorita(<1%), Titanita(<1%)","X":-57.441,"Y":-20.824,"DATUM":"WGS84","__atlas_chave_independente":"AFLOR_ROCHA:484997:559918","__atlas_n_registros_grupo":4,"__atlas_q_registro":0.875,"__atlas_q_grupo":0.875,"__atlas_unidade_geologica_id":"1503","__atlas_unidade_geologica_sigla":"Q1p1","__atlas_unidade_geologica_nome":"Fácies Pantanal, terraços aluvionares","__atlas_fonte":"SGB · GeoSGB · Petrografia","__atlas_snapshot":"2026-08-14"}},{"type":"Feature","id":28842657,"geometry":{"type":"Point","coordinates":[-57.440999999999974,-20.824000000000012]},"properties":{"OBJECTID":28842657,"COD_AMOSTRA":116375,"COD_AFLORAMENTO":484997,"COD_ROCHA":559918,"NUM_CAMPO_AMOSTRA":"FM-0026-B","COD_LAMINA":42202,"NUM_CAMPO_LAMINA":"4220-FM-R-0026-B","NOTAS":"Textura: blastoporfirítica matriz intergranular (blasto)\r\nGranulação: 0,05 a 0,07 mm\r\nNome: Granofels\r\nMetamorfismo: fácies xisto verde\r\nUnidade Geológica: Gabro Morro da Sede\r\n\r\nA textura ígnea da rocha ainda está bem preservada. Fenocristais milimétricos e subédricos de hornblenda ígnea estão em textura cumulática, formando agregados com contatos retos e junções tríplice a 120°. A hornblenda é ígnea reliquiar, apresenta pleocroísmo verde-claro a marrom-claro, apresenta zonação textural irregular com domínios de actinolita; e inclusões de piroxênio heterogeneamente intercrescido com tremolita até totalmente pseudomorfizad por tremolita, além de epidoto ± muscovita ± clorita como pseudomorfo de plagioclásio. O quartzo apresenta-se em textura intersticial, sendo geralmente poiquilítico, e não apresenta nenhum sinal de deformação. Apresenta inclusões fluidas menores que 10 micrômetros, primárias. Também apresenta inclusões de anfibólio.\r\nO plagioclásio é intersticial e poiquilítico, apresentando geminação polissintética e inclusões de anfibólio verde-claro e clinopiroxênio (diopsídio).","PETROGRAFO":"Frederico Meira Faleiros","PROJETO":"Geologia das Folhas Aldeia Tomázia e Fazenda Santa Otília","BASE_CARTOGRAFICA":"SF.21-V-B-VI - Aldeia Tomasia","TIPO_SECAO":"Delgada","GRAU_INTEMPERISMO":null,"TAMANHO_AMOSTRA":null,"COR_RX_FRESCA":null,"COR_RX_INTEMPERIZADA":null,"GRANULACAO_MINIMA":" ","GRANULACAO_MEDIA":" ","GRANULACAO_MAXIMA":" ","SELECIONAMENTO":null,"CONSISTENCIA_AMOSTRA":null,"CONTATO":null,"COD_CLASSIFICACAO":null,"PROTOLITO":null,"ROCHA":"Metadiabásio","LINK":"p_cod_amostra=116375&p_cod_rocha=559918&p_cod_afloramento=484997","LOCAL_LAMINA":"SUREG-SP","LOTE_LAMINA":null,"NUM_LAB_LAMINA":null,"FICHA":null,"MINERAIS_IDENTIFICADOS":"Actinolita(50%), Epidoto(29%), Hornblenda(3%), Albita(2%), Sericita(2%), Clorita(2%), Opaco (Microscopia)(1%), Titanita(1%), Quartzo(<1%), Carbonato(<1%)","X":-57.441,"Y":-20.824,"DATUM":"WGS84","__atlas_chave_independente":"AFLOR_ROCHA:484997:559918","__atlas_n_registros_grupo":4,"__atlas_q_registro":0.875,"__atlas_q_grupo":0.875,"__atlas_unidade_geologica_id":"1503","__atlas_unidade_geologica_sigla":"Q1p1","__atlas_unidade_geologica_nome":"Fácies Pantanal, terraços aluvionares","__atlas_fonte":"SGB · GeoSGB · Petrografia","__atlas_snapshot":"2026-08-14"}},{"type":"Feature","id":28842689,"geometry":{"type":"Point","coordinates":[-57.21800000000002,-20.944999999999993]},"properties":{"OBJECTID":28842689,"COD_AMOSTRA":116386,"COD_AFLORAMENTO":485001,"COD_ROCHA":559925,"NUM_CAMPO_AMOSTRA":"FM-0030-B","COD_LAMINA":42213,"NUM_CAMPO_LAMINA":"4220-FM-R-0030-B","NOTAS":"Textura: lepidogranoblástica\r\nGranulação: 0,2-0,4 mm\r\nNome: Muscovita-quartzo-xisto milonítico\r\nMetamorfismo: fácies xisto verde inferior\r\nUnidade geológica: Suíte metamórfica Alto Tererê\r\n\r\nA estrutura principal é representada por uma clivagem de crenulação (S2) dominada pelos microlitons. Os domínios de clivagem são essencialmente formados por muscovita enquanto os microlitons essencialmente por quartzo. Os microlitons apresentam orientação preferencial de forma do quartzo, definindo uma xistosidade S1, orientada em torno de 70° em relação à S2. A clivagem S2 apresenta ondulações espaçadas definindo uma crenulação (S3) quase perpendicular que não chega a gerar foliação (kinks). Os minerais opacos ocorrem disseminados de forma heterogênea variando em proporção de 1 a 10% em leitos paralelos à S2. De forma geral, o conjunto S1 + S2 se assemelha a um par SC, e ocorre lenticularização associada à S2. Os agregados quartzosos presentes nos micrólitons apresentam formas irregulares e contatos lobados indicativos de grain boundary migration. O quartzo apresenta extinção ondulante.","PETROGRAFO":"Frederico Meira Faleiros","PROJETO":"Geologia das Folhas Aldeia Tomázia e Fazenda Santa Otília","BASE_CARTOGRAFICA":"SF.21-V-B-VI - Aldeia Tomasia","TIPO_SECAO":"Delgada","GRAU_INTEMPERISMO":null,"TAMANHO_AMOSTRA":null,"COR_RX_FRESCA":null,"COR_RX_INTEMPERIZADA":null,"GRANULACAO_MINIMA":" ","GRANULACAO_MEDIA":" ","GRANULACAO_MAXIMA":" ","SELECIONAMENTO":null,"CONSISTENCIA_AMOSTRA":null,"CONTATO":null,"COD_CLASSIFICACAO":null,"PROTOLITO":null,"ROCHA":"Muscovita-quartzo xisto","LINK":"p_cod_amostra=116386&p_cod_rocha=559925&p_cod_afloramento=485001","LOCAL_LAMINA":"SUREG-SP","LOTE_LAMINA":null,"NUM_LAB_LAMINA":null,"FICHA":null,"MINERAIS_IDENTIFICADOS":"Muscovita(70%), Quartzo(25%), Opaco (Microscopia)(5%), Zircão(<1%)","X":-57.218,"Y":-20.945,"DATUM":"WGS84","__atlas_chave_independente":"AFLOR_ROCHA:485001:559925","__atlas_n_registros_grupo":2,"__atlas_q_registro":0.875,"__atlas_q_grupo":0.875,"__atlas_unidade_geologica_id":"1503","__atlas_unidade_geologica_sigla":"Q1p1","__atlas_unidade_geologica_nome":"Fácies Pantanal, terraços aluvionares","__atlas_fonte":"SGB · GeoSGB · Petrografia","__atlas_snapshot":"2026-08-14"}},{"type":"Feature","id":28842721,"geometry":{"type":"Point","coordinates":[-57.204999999999984,-20.96199999999999]},"properties":{"OBJECTID":28842721,"COD_AMOSTRA":116387,"COD_AFLORAMENTO":485002,"COD_ROCHA":559926,"NUM_CAMPO_AMOSTRA":"FM-0031-B","COD_LAMINA":42214,"NUM_CAMPO_LAMINA":"4220-FM-R-0031-B","NOTAS":"Textura: lepidoblástica e granoblástica, lenticularizada milonítica\r\nGranulação: matriz (0,1 a 0,3 mm), veio (0,2 - 2 mm)  \r\nNome: Quartzo-muscovita-xisto milonítico\r\nMetamorfismo: fácies xisto verde inferior\r\n\r\nA estrutura principal consiste de uma xistosidade S2 definida por orientação preferencial de forma de muscovita e quartzo, com uma laminação paralela com intercalações entre lâminas lepidoblásticas ricas em muscovita. Apresentam microlitons restritos com orientação de muscovita segundo uma xistosidade S1 anterior. As lâminas quartzosas apresentam variação de granulação em função da presença de fases acessórias de forma de quanto menos o conteúdo de acessórios, maior a granulação do quartzo. Nestes leitos, os grãos apresentam formas e dimensões irregulares e contatos lobados indicativos de grain boundary migration. Apresentam orientação cristalográfica preferencial muito forte e extinção ondulante. Ocorrem contatos serrilhados localmente indicando bulging. Ocorrem veios de quartzo paralelos à S2 com microestruturas indicativas de grain boundary migration superposta por bulging. Apresentam forte orientação cristalográfica preferencial. E os grãos de quartzo são ricos em inclusões fluidas. Os veios são lenticulares. Minerais opacos ocorrem disseminados em leitos ricos em muscovita. Ocorrem cristais de plagioclásio com geminação polissintética, cristais de MC com geminação em grade e cristais de feldspato sem geminação.\r\n\r\nMatriz (Ms + Qz) = 0,1 a 0,3 mm.\r\nVeio = 0,2 - 2 mm.  ","PETROGRAFO":"Frederico Meira Faleiros","PROJETO":"Geologia das Folhas Aldeia Tomázia e Fazenda Santa Otília","BASE_CARTOGRAFICA":"SF.21-V-B-VI - Aldeia Tomasia","TIPO_SECAO":"Delgada","GRAU_INTEMPERISMO":null,"TAMANHO_AMOSTRA":null,"COR_RX_FRESCA":null,"COR_RX_INTEMPERIZADA":null,"GRANULACAO_MINIMA":" ","GRANULACAO_MEDIA":" ","GRANULACAO_MAXIMA":" ","SELECIONAMENTO":null,"CONSISTENCIA_AMOSTRA":null,"CONTATO":null,"COD_CLASSIFICACAO":null,"PROTOLITO":null,"ROCHA":"Muscovita xisto","LINK":"p_cod_amostra=116387&p_cod_rocha=559926&p_cod_afloramento=485002","LOCAL_LAMINA":"SUREG-SP","LOTE_LAMINA":null,"NUM_LAB_LAMINA":null,"FICHA":null,"MINERAIS_IDENTIFICADOS":"Muscovita(48%), Quartzo(45%), Opaco (Microscopia)(5%), Feldspato(2%), Apatita(1%), Rutilo(<1%), Zircão(<1%)","X":-57.205000000000005,"Y":-20.962,"DATUM":"WGS84","__atlas_chave_independente":"AFLOR_ROCHA:485002:559926","__atlas_n_registros_grupo":1,"__atlas_q_registro":0.875,"__atlas_q_grupo":0.875,"__atlas_unidade_geologica_id":"1503","__atlas_unidade_geologica_sigla":"Q1p1","__atlas_unidade_geologica_nome":"Fácies Pantanal, terraços aluvionares","__atlas_fonte":"SGB · GeoSGB · Petrografia","__atlas_snapshot":"2026-08-14"}},{"type":"Feature","id":28842753,"geometry":{"type":"Point","coordinates":[-57.27199999999999,-20.84899999999999]},"properties":{"OBJECTID":28842753,"COD_AMOSTRA":116391,"COD_AFLORAMENTO":485004,"COD_ROCHA":559931,"NUM_CAMPO_AMOSTRA":"FM-0033-E","COD_LAMINA":42218,"NUM_CAMPO_LAMINA":"4220-FM-R-0033-E","NOTAS":"Textura: laminada e equigranular interlobada\r\nGranulação: ~0,22 mm e ~0,020 mm\r\nNome: Quartzito feldspático milonítico\r\nUnidade geológica: Formação Alto Tererê\r\n\r\nA rocha apresenta um bandamento granulométrico e composicional (0,5 - 1,5 mm de espessura) com bandas tabulares de quartzo puro intercalados com lâminas lenticulares de 0,05 - 0,1 mm de espessura ricas em feldspato. A primeira apresenta granulação em torno de 0,25 mm e textura inequigranular interlobada (grain boundary migration), com forte orientação preferencial de forma dos grãos definindo uma xistosidade S2 paralela ao bandamento S1. As lâminas feldspáticas apresentam granulação em torno de 0,020 mm e orientação preferencial de forma dos grãos paralela ao bandamento S1. Aparentemente as bandas feldspáticas foram geradas por bulging, o que é corroborado pela presença de raros porfiroclastos de feldspato com mantos parciais e microfraturas com agregados formados por bulging. \r\nO quartzo apresenta agregados restritos ou grãos isolados recristalizados por bulging, indicando milonitização durante fase retrometamórfica (exumação). \r\nOcorre uma única banda formada por muscovita + porfiroclastos de microclínio ± minerais opacos. \r\nAs bandas de quartzo apresentam orientação cristalográfica em domínio com orientação muito próxima, ainda preservando a forma de ribbons monocristalinos com alas razões axiais (maior ou igual a 1:4). Isso sugere recristalização por subgrain rotation, seguida de crescimento de grãos por grain boundary migration ou grain boundary reduction area. ","PETROGRAFO":"Frederico Meira Faleiros","PROJETO":"Geologia das Folhas Aldeia Tomázia e Fazenda Santa Otília","BASE_CARTOGRAFICA":"SF.21-V-B-VI - Aldeia Tomasia","TIPO_SECAO":"Delgada","GRAU_INTEMPERISMO":null,"TAMANHO_AMOSTRA":null,"COR_RX_FRESCA":null,"COR_RX_INTEMPERIZADA":null,"GRANULACAO_MINIMA":" ","GRANULACAO_MEDIA":" ","GRANULACAO_MAXIMA":" ","SELECIONAMENTO":null,"CONSISTENCIA_AMOSTRA":null,"CONTATO":null,"COD_CLASSIFICACAO":null,"PROTOLITO":null,"ROCHA":"Quartzito feldspático","LINK":"p_cod_amostra=116391&p_cod_rocha=559931&p_cod_afloramento=485004","LOCAL_LAMINA":"SUREG-SP","LOTE_LAMINA":null,"NUM_LAB_LAMINA":null,"FICHA":null,"MINERAIS_IDENTIFICADOS":"Quartzo(48%), Muscovita(22%), Feldspato(20%), Opaco (Microscopia)(10%)","X":-57.272000000000006,"Y":-20.849,"DATUM":"WGS84","__atlas_chave_independente":"AFLOR_ROCHA:485004:559931","__atlas_n_registros_grupo":1,"__atlas_q_registro":0.875,"__atlas_q_grupo":0.875,"__atlas_unidade_geologica_id":"1503","__atlas_unidade_geologica_sigla":"Q1p1","__atlas_unidade_geologica_nome":"Fácies Pantanal, terraços aluvionares","__atlas_fonte":"SGB · GeoSGB · Petrografia","__atlas_snapshot":"2026-08-14"}},{"type":"Feature","id":28842785,"geometry":{"type":"Point","coordinates":[-57.27199999999999,-20.84899999999999]},"properties":{"OBJECTID":28842785,"COD_AMOSTRA":116389,"COD_AFLORAMENTO":485004,"COD_ROCHA":559929,"NUM_CAMPO_AMOSTRA":"FM-0033-C","COD_LAMINA":42216,"NUM_CAMPO_LAMINA":"4220-FM-R-0033-C","NOTAS":"Textura: Granolepidoblástica\r\nMetamorfismo: Fácies xisto verde inferior\r\nGranulação: <0,1mm a 1mm\r\n\r\nA rocha apresenta uma variação aproximadamente bimodal da granulação com grãos submilimétricos de quartzo em matriz com granulação ao redor de 0,1mm em média, constituída por quartzo + sericita + opacos. Ocorre uma xistosidade s1 definida pela isorientação de muscovita, com bandamento marcado por intercalações entre leitos quartzosos e e muscovíticos paralela. Essa xistosidade está deformada por uma clivagem de crenulação com leitos discretos submilimétricos definindo a clivagem s2. Ocorrem concentrações de minerais opacos em domínios não relacionados às foliações s1 e s2. \r\n\r\nOs grãos submilimétricos de quartzo são dominantemente angulosos, variando de forma de pouco a muito alongados. Apresentam sombras de deformação ricas em quartzo e/ou sericita e localmente são manteados por cristais de granulação menor ou igual a 0,1mm. São pouco deformados, apresentando principalmente extinção ondulante. ","PETROGRAFO":"Frederico Meira Faleiros","PROJETO":"Geologia das Folhas Aldeia Tomázia e Fazenda Santa Otília","BASE_CARTOGRAFICA":"SF.21-V-B-VI - Aldeia Tomasia","TIPO_SECAO":"Delgada","GRAU_INTEMPERISMO":null,"TAMANHO_AMOSTRA":null,"COR_RX_FRESCA":null,"COR_RX_INTEMPERIZADA":null,"GRANULACAO_MINIMA":" ","GRANULACAO_MEDIA":" ","GRANULACAO_MAXIMA":" ","SELECIONAMENTO":null,"CONSISTENCIA_AMOSTRA":null,"CONTATO":null,"COD_CLASSIFICACAO":null,"PROTOLITO":null,"ROCHA":"Muscovita-quartzo xisto","LINK":"p_cod_amostra=116389&p_cod_rocha=559929&p_cod_afloramento=485004","LOCAL_LAMINA":"SUREG-SP","LOTE_LAMINA":null,"NUM_LAB_LAMINA":null,"FICHA":null,"MINERAIS_IDENTIFICADOS":"Muscovita(45%), Quartzo(45%), Opaco (Microscopia)(5%), Zircão(<1%), Monazita(<1%)","X":-57.272000000000006,"Y":-20.849,"DATUM":"WGS84","__atlas_chave_independente":"AFLOR_ROCHA:485004:559929","__atlas_n_registros_grupo":2,"__atlas_q_registro":0.875,"__atlas_q_grupo":0.875,"__atlas_unidade_geologica_id":"1503","__atlas_unidade_geologica_sigla":"Q1p1","__atlas_unidade_geologica_nome":"Fácies Pantanal, terraços aluvionares","__atlas_fonte":"SGB · GeoSGB · Petrografia","__atlas_snapshot":"2026-08-14"}},{"type":"Feature","id":28842801,"geometry":{"type":"Point","coordinates":[-57.27600000000001,-20.863999999999976]},"properties":{"OBJECTID":28842801,"COD_AMOSTRA":116392,"COD_AFLORAMENTO":485005,"COD_ROCHA":559933,"NUM_CAMPO_AMOSTRA":"FM-0034-B","COD_LAMINA":42219,"NUM_CAMPO_LAMINA":"4220-FM-R-0034-B","NOTAS":"Mesoscopia\r\nTextura: granoblástica, clástica reliquiar\r\nEstrutura: acamamento composiciona marcado por leitos milimétricos com diferentes níveis de cores e/ou granulação\r\n\r\nMicroscopia\r\nTextura: porfiroclástica com matriz interlobada seriada\r\nGranulação: fina (0,5 - 0,7 mm)\r\nNome: Quartzito feldspático milonítico\r\nMetamorfismo: fácies xisto verde inferior\r\nUnidade geológica: Formação Alto Tererê\r\n\r\nA rocha apresenta uma textura porfiroclástica e lenticularizada, com lentes quartzosas sigmoidais envoltas por filmes sericíticos descontínuos, formando pares SC. Os porfiroclastos são arredondados, com baixa razão axial (em geral menor ou igual a 1:1,5) e compostos essencialmente por feldspatos, com sombras de deformação assimétrica ou simétricas formadas por sericita ou quartzo + sericita. Porfiroclastos de quartzo (aproximadamente 0,7 mm) estão manteados por grãos da ordem de 0,05 - 0,35 mm. Os porfiroclastos apresentam extinção ondulante forte e subgrãos, enquanto os grãos recristalizados apresentam extinção ondulante leve a ausente. A matriz quartzosa apresenta granulação entre 0,05 - 0,35 mm e textura interlobada seriada, indicando recristalização por grain boundary migration.\r\n","PETROGRAFO":"Frederico Meira Faleiros","PROJETO":"Geologia das Folhas Aldeia Tomázia e Fazenda Santa Otília","BASE_CARTOGRAFICA":"SF.21-V-B-VI - Aldeia Tomasia","TIPO_SECAO":"Delgada","GRAU_INTEMPERISMO":"Moderadamente intemperizada","TAMANHO_AMOSTRA":"10 cm","COR_RX_FRESCA":"Marrom claro","COR_RX_INTEMPERIZADA":null,"GRANULACAO_MINIMA":"Fanerítica fina (<1,0mm)","GRANULACAO_MEDIA":"Fanerítica fina (<1,0mm)","GRANULACAO_MAXIMA":"Fanerítica fina (<1,0mm)","SELECIONAMENTO":null,"CONSISTENCIA_AMOSTRA":"Consistente","CONTATO":null,"COD_CLASSIFICACAO":null,"PROTOLITO":null,"ROCHA":"Quartzito feldspático","LINK":"p_cod_amostra=116392&p_cod_rocha=559933&p_cod_afloramento=485005","LOCAL_LAMINA":"SUREG-SP","LOTE_LAMINA":null,"NUM_LAB_LAMINA":null,"FICHA":null,"MINERAIS_IDENTIFICADOS":"Quartzo(91%), Microclínio(4%), Sericita(2%), Opaco (Microscopia)(<1%), Zircão(<1%)","X":-57.276,"Y":-20.864,"DATUM":"WGS84","__atlas_chave_independente":"AFLOR_ROCHA:485005:559933","__atlas_n_registros_grupo":1,"__atlas_q_registro":0.875,"__atlas_q_grupo":0.875,"__atlas_unidade_geologica_id":"1455","__atlas_unidade_geologica_sigla":"PP4at","__atlas_unidade_geologica_nome":"Formação Alto Tererê","__atlas_fonte":"SGB · GeoSGB · Petrografia","__atlas_snapshot":"2026-08-14"}},{"type":"Feature","id":28842817,"geometry":{"type":"Point","coordinates":[-57.27600000000001,-20.875999999999976]},"properties":{"OBJECTID":28842817,"COD_AMOSTRA":116393,"COD_AFLORAMENTO":485006,"COD_ROCHA":559934,"NUM_CAMPO_AMOSTRA":"FM-0035-A","COD_LAMINA":42220,"NUM_CAMPO_LAMINA":"4220-FM-R-0035-A","NOTAS":"Textura: domínios granoblásticos, lepidoblásticos, lenticularizada milonítica, bandada\r\nGranulação: fina (0,01 - 0,9 mm)\r\nNome: Feldspato-quartzo-muscovita-xisto milonítico\r\nMetamorfismo: fácies xisto verde inferior\r\nUnidade geológica: Formação Alto Tererê\r\n\r\nA rocha apresenta um bandamento lenticularizado com alternâncias entre leitos ricos em sericita ± minerais opacos e leitos ricos em quartzo ± feldspato. Os feldspatos ocorrem essencialmente como porfiroclastos arredondados com razões axiais entre 1:1 e 1:2, principalmente. Apresentam geminações bem formadas e estão envoltos por sombras de deformação assimétricas dos tipos sigma e delta, ora ricas em muscovita, ora em quartzo. Encontram-se parcialmente sericitizados/saussuritizados, e por vezes fraturados, e livres de deformação dúctil. Ocorre uma xistosidade anastomosada paralela ao bandamento, definida por orientação preferencial de forma de muscovita e dos porfiroclastos. Porfiroclastos de quartzo encontram-se manteados, indicando recristalização dinâmica. Agregados monominerálicos de quartzo exibem textura equigranular interlobada poligonal, indicando processos de recristalização estática. Nestes domínios o quartzo apresenta orientação preferencial de forma, aproximadamente perpendicular à xistosidade principal (S1) definindo uma xistosidade (S2) desenvolvida em leitos restritos. Os minerais opacos concentram-se em certos leitos ricos em muscovita, chegando a representar até 40% de leitos individuais. Apresenta granulação entre 0,01 e 0,2 mm, formados por quartzo e sericita (± opacos). Apresentam granulação menor que aquelas dos leitos monominerálicos de quartzo  (0,01 - 0,03 contra aproximadamente 0,1 mm indicando que impurezas impediram o crescimento dos grãos de quartzo por grain boundary migration).","PETROGRAFO":"Frederico Meira Faleiros","PROJETO":"Geologia das Folhas Aldeia Tomázia e Fazenda Santa Otília","BASE_CARTOGRAFICA":"SF.21-V-B-VI - Aldeia Tomasia","TIPO_SECAO":"Delgada","GRAU_INTEMPERISMO":null,"TAMANHO_AMOSTRA":null,"COR_RX_FRESCA":null,"COR_RX_INTEMPERIZADA":null,"GRANULACAO_MINIMA":" ","GRANULACAO_MEDIA":" ","GRANULACAO_MAXIMA":" ","SELECIONAMENTO":null,"CONSISTENCIA_AMOSTRA":null,"CONTATO":null,"COD_CLASSIFICACAO":null,"PROTOLITO":null,"ROCHA":"Muscovita-quartzo xisto","LINK":"p_cod_amostra=116393&p_cod_rocha=559934&p_cod_afloramento=485006","LOCAL_LAMINA":"SUREG-SP","LOTE_LAMINA":null,"NUM_LAB_LAMINA":null,"FICHA":null,"MINERAIS_IDENTIFICADOS":"Sericita(40%), Quartzo(38%), Microclínio(10%), Opaco (Microscopia)(7%), Rutilo(<1%), Zircão(<1%)","X":-57.276,"Y":-20.876,"DATUM":"WGS84","__atlas_chave_independente":"AFLOR_ROCHA:485006:559934","__atlas_n_registros_grupo":1,"__atlas_q_registro":0.875,"__atlas_q_grupo":0.875,"__atlas_unidade_geologica_id":"1455","__atlas_unidade_geologica_sigla":"PP4at","__atlas_unidade_geologica_nome":"Formação Alto Tererê","__atlas_fonte":"SGB · GeoSGB · Petrografia","__atlas_snapshot":"2026-08-14"}},{"type":"Feature","id":28842833,"geometry":{"type":"Point","coordinates":[-57.22800000000001,-20.930999999999983]},"properties":{"OBJECTID":28842833,"COD_AMOSTRA":116394,"COD_AFLORAMENTO":485011,"COD_ROCHA":559945,"NUM_CAMPO_AMOSTRA":"FM-0040","COD_LAMINA":42221,"NUM_CAMPO_LAMINA":"4220-FM-R-0040","NOTAS":"Textura: granoblástica, leitos lepidoblásticos subordinados, lenticularizada\r\nGranulação: matriz (0,1 - 0,3 mm), porfiroclastos (0,5 - 0,6 mm)\r\nNome: Muscovita-quartzito ultramilonítico (Blastomilonito)\r\nMetamorfismo: fácies xisto verde\r\nUnidade geológica: Suíte metamórfica Alto Tererê\r\n\r\nOcorre uma laminação composicional com leitos granoblásticos milimétricos intercalados com leitos lepidoblásticos de espessura entre 0,1 - 0,2 mm bem subordinados. O quartzo presente nos leitos granoblásticos apresenta contatos retos entre grãos, formas aproximadamente tabulares, com forte alongamento preferencial perpendicular à S1, definindo uma xistosidade S2. Contatos retos entre grãos e extinção ondulante fraca a ausente indicam recristalização estática pós-S2. Apesar do crescimento estático do quartzo, algumas feições reliquiares indicam natureza milonítica para S1: raros porfiroclastos manteados tipo sigma, sigmoides internamente recristalizados com sombras de deformação assimétricas muscovíticas e clivagens de bandas de cisalhamento do tipo C linha. A cinemática é bem definida. Externamente, as bandas granoblásticas são bastante tabulares devido ao bandamento de migração de borda de grãos do quartzo pelas lâminas muscovíticas. \r\nO petrógrafo acredita que o mecanismo inicial de recristalização dinâmica do quartzo tenha sido subgrain rotation com contribuição de grain boundary migration, mas a microestrutura original foi superposta por crescimento estático. ","PETROGRAFO":"Frederico Meira Faleiros","PROJETO":"Geologia das Folhas Aldeia Tomázia e Fazenda Santa Otília","BASE_CARTOGRAFICA":"SF.21-V-B-VI - Aldeia Tomasia","TIPO_SECAO":"Delgada","GRAU_INTEMPERISMO":null,"TAMANHO_AMOSTRA":null,"COR_RX_FRESCA":null,"COR_RX_INTEMPERIZADA":null,"GRANULACAO_MINIMA":" ","GRANULACAO_MEDIA":" ","GRANULACAO_MAXIMA":" ","SELECIONAMENTO":null,"CONSISTENCIA_AMOSTRA":null,"CONTATO":null,"COD_CLASSIFICACAO":null,"PROTOLITO":null,"ROCHA":"Muscovita quartzito","LINK":"p_cod_amostra=116394&p_cod_rocha=559945&p_cod_afloramento=485011","LOCAL_LAMINA":"SUREG-SP","LOTE_LAMINA":null,"NUM_LAB_LAMINA":null,"FICHA":null,"MINERAIS_IDENTIFICADOS":"Quartzo(88%), Muscovita(10%), Feldspato(2%), Opaco (Microscopia)(<1%)","X":-57.228,"Y":-20.931,"DATUM":"WGS84","__atlas_chave_independente":"AFLOR_ROCHA:485011:559945","__atlas_n_registros_grupo":1,"__atlas_q_registro":0.875,"__atlas_q_grupo":0.875,"__atlas_unidade_geologica_id":"1503","__atlas_unidade_geologica_sigla":"Q1p1","__atlas_unidade_geologica_nome":"Fácies Pantanal, terraços aluvionares","__atlas_fonte":"SGB · GeoSGB · Petrografia","__atlas_snapshot":"2026-08-14"}},{"type":"Feature","id":28842849,"geometry":{"type":"Point","coordinates":[-57.11900000000003,-20.99599999999998]},"properties":{"OBJECTID":28842849,"COD_AMOSTRA":116395,"COD_AFLORAMENTO":485013,"COD_ROCHA":559947,"NUM_CAMPO_AMOSTRA":"FM-0042-A","COD_LAMINA":42222,"NUM_CAMPO_LAMINA":"4220-FM-R-0042-A","NOTAS":"Textura: Leitos granoblásticos, lentes lepidoblásticas, leitos lepidogranoblásticos\r\nGranulação: 0,3 a 1 mm\r\nNome: Gnaisse de composição equivalente a um Epidoto-biotita-monzogranito\r\nMetamorfismo: fácies anfibolito\r\nUnidade geológica: Complexo/Gnaisse Rio Apa\r\n\r\nOcorre uma xistosidade ou foliação gnáissica homogênea definida por orientação preferencial de forma de grãos moderadamente alongados de feldspato e quartzo e também biotita e pela alternância entre leitos lepidogranoblásticos ou granoblásticos e leitos lepidoblásticos ricos em biotita. A foliação é anastomosada e forma pares SC tênues. Não chega a ser milonítica ou está associada a milonitização em mais alta temperatura. Os grãos de quartzo e feldspato apresentam razão axial principalmente entre 1:1,5 e 1:2. Em geral o quartzo não está segregado em domínios monominerálicos: ocorre disseminado nos leitos quarzo-feldspáticos agregados monominerálicos de quartzo, apresentam contatos lobados a amebóides e formas muio irregulares indicando grain boundary migration. Nestes domínios, o quartzo apresenta exinção levemente ondulante e maior concentração de eixos C subparalela ao eixo y do elipsoide de deformação (estimativa visual; os feldspatos não apresentam sinais claros de recristalização dinâmica. O epidoto ocorre disseminado nos leitos quartzo-feldspáticos e apresenta orientação preferencial de forma ao longo da xistosidade, e ocorrem intercrescimentos mirmequíticos localizados.","PETROGRAFO":"Frederico Meira Faleiros","PROJETO":"Geologia das Folhas Aldeia Tomázia e Fazenda Santa Otília","BASE_CARTOGRAFICA":"SF.21-V-B-VI - Aldeia Tomasia","TIPO_SECAO":"Delgada","GRAU_INTEMPERISMO":null,"TAMANHO_AMOSTRA":null,"COR_RX_FRESCA":null,"COR_RX_INTEMPERIZADA":null,"GRANULACAO_MINIMA":" ","GRANULACAO_MEDIA":" ","GRANULACAO_MAXIMA":" ","SELECIONAMENTO":null,"CONSISTENCIA_AMOSTRA":null,"CONTATO":null,"COD_CLASSIFICACAO":null,"PROTOLITO":"Monzogranito","ROCHA":"Gnaisse","LINK":"p_cod_amostra=116395&p_cod_rocha=559947&p_cod_afloramento=485013","LOCAL_LAMINA":"SUREG-SP","LOTE_LAMINA":null,"NUM_LAB_LAMINA":null,"FICHA":null,"MINERAIS_IDENTIFICADOS":"Microclínio(25%), Quartzo(20%), Biotita(10%), Epidoto(8%), Titanita(<1%), Muscovita(1%), Apatita(<1%), Zircão(<1%)","X":-57.119,"Y":-20.996000000000002,"DATUM":"WGS84","__atlas_chave_independente":"AFLOR_ROCHA:485013:559947","__atlas_n_registros_grupo":1,"__atlas_q_registro":0.875,"__atlas_q_grupo":0.875,"__atlas_unidade_geologica_id":"1455","__atlas_unidade_geologica_sigla":"PP4at","__atlas_unidade_geologica_nome":"Formação Alto Tererê","__atlas_fonte":"SGB · GeoSGB · Petrografia","__atlas_snapshot":"2026-08-14"}},{"type":"Feature","id":28842881,"geometry":{"type":"Point","coordinates":[-57.41399999999999,-20.961000000000013]},"properties":{"OBJECTID":28842881,"COD_AMOSTRA":116396,"COD_AFLORAMENTO":485014,"COD_ROCHA":559953,"NUM_CAMPO_AMOSTRA":"FM-0043-A","COD_LAMINA":42223,"NUM_CAMPO_LAMINA":"4220-FM-R-0043-A","NOTAS":"Mesoscopia\r\nTextura: fanerítica porfirítica\r\nEstrutura: maciça\r\nMineralogia observável: feldspato alcalino róseo, plagioclásio verde oliva, quartzo cinza e minerais máficos negros (aparentemente biotita). A cor do plagioclásio sugere alteração hidrotermal com formação de epidoto e sericita.\r\n\r\nMicroscopia\r\nTextura: inequigranular subédrico, intersertal poiquilítica\r\nGranulação: 0,8 - 15 mm (ígnea) a criptocristalina\r\nNome: Monzogranito hidrotermalizado\r\n\r\nA rocha apresenta fenocristais de até 15 mm de microclínio mesopertítico rico em inclusões de plagioclásio e quartzo, geralmente arredondados e subordinadamente subédricos a euédricos (textura poiquilítica). Os fenocristais são essencialmente anédricos e por vezes apresentam terminações em cúspide com baixos ângulos diedrais. Apresenta-se moderada a fortemente substituído por agregados criptocristalinos de sericita. A matriz apresenta granulação principalmente entre 1 e 4 mm, sendo formada essencialmente por plagioclásio, quartzo e pseudomorfos de biotita. Em geral, o plagioclásio e o quartzo estão \"segregados\" em domínios monominerálicos. Os agregados de quartzo apresentam contatos lobados e por vezes terminações em cúspide. Cristais de quartzo apresentam inclusões de plagioclásio e extinção ondulante irregular e, localmente, do tipo tabuleiro de xadrez. Apresenta microfraturas preenchidas por epidoto, por carbonato ou por clorita. Os agregados de plagioclásio são dominados por cristais euédricos a subédricos, comumente com bordas de sobrecrescimento de feldspato alcalino, por vezes microclínio (textura antirapakivi). Essas bordas são melhor desenvolvidas quando o plagioclásio está em contato com os fenocristais de feldspato potássico.\r\n\r\nAlguns cristais de quartzo apresentam inclusões vermiformes e com terminações em cúspide de plagioclásio, por vezes com o quartzo em contato apresentando terminações euédricas, sugerindo que  o plagioclásio pseudomorfiza líquido magmático. Ocorre o inverso no caso de inclusões de quartzo em fenocristais de feldspato potássico.\r\n\r\nAgregados de clorita + epidoto ± quartzo ± feldspato ± sericita  ± apatita pseudomorfizam agregados e cristais de biotita. Cristais de titanita e apatita ocorrem preferencialmente associadas a esses agregados máficos. No caso da apatita, parece existir duas gerações: a) cristais euédicos maiores inclusos em plagioclásio saussuritizado, b) cristais euédricos menores intercrescidos nos agregados máficos de alteração, provavelmente hidrotermal. Ambas gerações apresentam inclusões fluidas analisáveis. \r\nEm alguns casos, ocorre cristais euédricos a subédricos de plagioclásio ripiforme muito finos intercrescidos com os minerais máficos hidrotermais. \r\n\r\nGranulação: 0,8 - 15 mm (ígnea) criptocristalina.","PETROGRAFO":"Frederico Meira Faleiros","PROJETO":"Geologia das Folhas Aldeia Tomázia e Fazenda Santa Otília","BASE_CARTOGRAFICA":"SF.21-V-B-VI - Aldeia Tomasia","TIPO_SECAO":"Delgada","GRAU_INTEMPERISMO":"Não intemperizada","TAMANHO_AMOSTRA":"10 cm","COR_RX_FRESCA":"Verde","COR_RX_INTEMPERIZADA":"Marrom","GRANULACAO_MINIMA":"Fanerítica muito grossa (>30,0mm)","GRANULACAO_MEDIA":"Fanerítica média (1,0-5,0mm)","GRANULACAO_MAXIMA":"Fanerítica média (1,0-5,0mm)","SELECIONAMENTO":null,"CONSISTENCIA_AMOSTRA":"Consistente","CONTATO":null,"COD_CLASSIFICACAO":null,"PROTOLITO":null,"ROCHA":"Biotita monzogranito","LINK":"p_cod_amostra=116396&p_cod_rocha=559953&p_cod_afloramento=485014","LOCAL_LAMINA":"SUREG-SP","LOTE_LAMINA":null,"NUM_LAB_LAMINA":null,"FICHA":null,"MINERAIS_IDENTIFICADOS":"Quartzo(26%), Sericita(12%), Biotita(8%), Epidoto(8%), Clorita(6%), Apatita(<1%), Carbonato(<1%), Allanita(<1%), Zircão(<1%), Titanita(1%)","X":-57.414,"Y":-20.961000000000002,"DATUM":"WGS84","__atlas_chave_independente":"AFLOR_ROCHA:485014:559953","__atlas_n_registros_grupo":1,"__atlas_q_registro":0.875,"__atlas_q_grupo":0.875,"__atlas_unidade_geologica_id":"1064","__atlas_unidade_geologica_sigla":"PP3_gamma_al","__atlas_unidade_geologica_nome":"Corpo Granito Alumiador","__atlas_fonte":"SGB · GeoSGB · Petrografia","__atlas_snapshot":"2026-08-14"}},{"type":"Feature","id":28842897,"geometry":{"type":"Point","coordinates":[-57.416,-20.961000000000013]},"properties":{"OBJECTID":28842897,"COD_AMOSTRA":116398,"COD_AFLORAMENTO":485015,"COD_ROCHA":559956,"NUM_CAMPO_AMOSTRA":"FM-0044","COD_LAMINA":42225,"NUM_CAMPO_LAMINA":"4220-FM-R-0044","NOTAS":"Textura: blastosubofítica, decussada\r\nGranulação: 0,01 a 8 mm\r\nNome: Sericita-plagioclásio-epidoto-clorita-tremolita-fels\r\nMetamorfismo: fácies xisto verde\r\nUnidade Geológica: Suíte Rio Perdido\r\n\r\nCristais ripiformes de plagioclásio parcial a totalmente substituídos por agregados de epidoto + sericita, parcialmente inclusos em porfiroblastos de \"espelética\" intercrescida com clorita. Ainda preservam a textura subofítica ígnea original. Todas as texturas são de desequilíbrio, além de ocorrer porfiroblastos esqueléticos, a tremolita ocorre como cristais muito finos e fibrosos, intercrescidos com clorita. Os porfiroblastos de tremolita e as ripas de plagioclásio ocorrem em meio a uma matriz muito fina, caoticamente organizada, constituída por clorita + epidoto + sericita ± tremolita. Ocorrem porções dominadas por clorita, outras por epidoto e outras por sericita. Não ocorre orientação preferencial de forma dos minerais. ","PETROGRAFO":"Frederico Meira Faleiros","PROJETO":"Geologia das Folhas Aldeia Tomázia e Fazenda Santa Otília","BASE_CARTOGRAFICA":"SF.21-V-B-VI - Aldeia Tomasia","TIPO_SECAO":"Delgada","GRAU_INTEMPERISMO":null,"TAMANHO_AMOSTRA":null,"COR_RX_FRESCA":null,"COR_RX_INTEMPERIZADA":null,"GRANULACAO_MINIMA":" ","GRANULACAO_MEDIA":" ","GRANULACAO_MAXIMA":" ","SELECIONAMENTO":null,"CONSISTENCIA_AMOSTRA":null,"CONTATO":null,"COD_CLASSIFICACAO":null,"PROTOLITO":null,"ROCHA":"Metadiabásio","LINK":"p_cod_amostra=116398&p_cod_rocha=559956&p_cod_afloramento=485015","LOCAL_LAMINA":"SUREG-SP","LOTE_LAMINA":null,"NUM_LAB_LAMINA":null,"FICHA":null,"MINERAIS_IDENTIFICADOS":"Tremolita(54%), Clorita(15%), Epidoto(12%), Sericita(10%), Leucoxênio(5%), Opaco (Microscopia)(1%), Quartzo(1%)","X":-57.416000000000004,"Y":-20.961000000000002,"DATUM":"WGS84","__atlas_chave_independente":"AFLOR_ROCHA:485015:559956","__atlas_n_registros_grupo":1,"__atlas_q_registro":0.875,"__atlas_q_grupo":0.875,"__atlas_unidade_geologica_id":"1504","__atlas_unidade_geologica_sigla":"Q1p2","__atlas_unidade_geologica_nome":"Fácies Pantanal, depósitos aluvionares","__atlas_fonte":"SGB · GeoSGB · Petrografia","__atlas_snapshot":"2026-08-14"}},{"type":"Feature","id":28842929,"geometry":{"type":"Point","coordinates":[-57.42099999999999,-20.964]},"properties":{"OBJECTID":28842929,"COD_AMOSTRA":116401,"COD_AFLORAMENTO":485017,"COD_ROCHA":559961,"NUM_CAMPO_AMOSTRA":"FM-0046-B","COD_LAMINA":42228,"NUM_CAMPO_LAMINA":"4220-FM-R-0046","NOTAS":"Textura: blastointersetal e decussada\r\nNome: Epidoto-actinolita-plagioclásio-clorita fels\r\nMetamorfismo: fácies xisto verde\r\nUnidade Geológica: Suíte Rio Perdido\r\n\r\nApresenta textura ígnea original preservada com ripas de plagioclásio em orientação aleatória com interstícios ocupados por minerais ferromagnesianos pseudomorfizados por actinolita, agregados de clorita, agregados de mica bege ou agregados de epidoto. Não ocorrem texturas de equilíbrio. O plagioclásio está parcialmente substiuído por agregados de epidoto + clorita ± sericita. Quando fortemente substituído, ocorre uma matriz metamórfica criptocristalina formada por essa associação. Ocorrem cristais euédricos de epidoto isolados ou formando pequenos agregados monominerálicos disseminados pela rocha, associados a agregados de clorita. Minerais opacos estão alterados e carbonato ocorre em veios tardios ou monocristais disseminados pela rocha. ","PETROGRAFO":"Frederico Meira Faleiros","PROJETO":"Geologia das Folhas Aldeia Tomázia e Fazenda Santa Otília","BASE_CARTOGRAFICA":"SF.21-V-B-VI - Aldeia Tomasia","TIPO_SECAO":"Delgada","GRAU_INTEMPERISMO":null,"TAMANHO_AMOSTRA":null,"COR_RX_FRESCA":null,"COR_RX_INTEMPERIZADA":null,"GRANULACAO_MINIMA":" ","GRANULACAO_MEDIA":" ","GRANULACAO_MAXIMA":" ","SELECIONAMENTO":null,"CONSISTENCIA_AMOSTRA":null,"CONTATO":null,"COD_CLASSIFICACAO":null,"PROTOLITO":null,"ROCHA":"Metadiabásio","LINK":"p_cod_amostra=116401&p_cod_rocha=559961&p_cod_afloramento=485017","LOCAL_LAMINA":"SUREG-SP","LOTE_LAMINA":null,"NUM_LAB_LAMINA":null,"FICHA":null,"MINERAIS_IDENTIFICADOS":"Clorita(37%), Actinolita(15%), Epidoto(7%), Opaco (Microscopia)(5%), Carbonato(3%), Quartzo(<1%), Sericita(1%)","X":-57.421,"Y":-20.964000000000002,"DATUM":"WGS84","__atlas_chave_independente":"AFLOR_ROCHA:485017:559961","__atlas_n_registros_grupo":1,"__atlas_q_registro":0.875,"__atlas_q_grupo":0.875,"__atlas_unidade_geologica_id":"1504","__atlas_unidade_geologica_sigla":"Q1p2","__atlas_unidade_geologica_nome":"Fácies Pantanal, depósitos aluvionares","__atlas_fonte":"SGB · GeoSGB · Petrografia","__atlas_snapshot":"2026-08-14"}},{"type":"Feature","id":28842945,"geometry":{"type":"Point","coordinates":[-57.42099999999999,-20.964]},"properties":{"OBJECTID":28842945,"COD_AMOSTRA":116400,"COD_AFLORAMENTO":485017,"COD_ROCHA":559960,"NUM_CAMPO_AMOSTRA":"FM-0046-A","COD_LAMINA":42227,"NUM_CAMPO_LAMINA":"4220-FM-R-0046-A","NOTAS":"Granulação: Inequigranular porfiroblástica (menor que 0,01 a 0,8mm)\r\nTextura: Granoblástica, microporfiroblástica\r\nAlteração hidrotermal: Clorita + sericita + quartzo + opacos\r\nNome da rocha: Quartzo-muscovita-clorita-sericita fels\r\n\r\nA rocha está com sua estrutura original desconfigurada devido a provável hidrotermalismo. A matriz foi substituída por um agregado fino poliminerálico de clorita + sericita + quartzo + opacos. A matriz também inclui cristais de muscovita microporfiroblástica, crescendo conjuntamente com os agregados, sem orientação preferencial. Localmente ocorre quartzo microporfiroblástico em relação à matriz de alteração, com forma poligonal granoblástica, em \"mosaico\". O interstício entre os grãos de quartzo podem estar preenchidos pelo agregado poliminerálico. Próximo a esses domínios, é possível identificar quartzo pseudomorfizado pela matriz de alteração.","PETROGRAFO":"Frederico Meira Faleiros","PROJETO":"Geologia das Folhas Aldeia Tomázia e Fazenda Santa Otília","BASE_CARTOGRAFICA":"SF.21-V-B-VI - Aldeia Tomasia","TIPO_SECAO":"Delgada","GRAU_INTEMPERISMO":null,"TAMANHO_AMOSTRA":null,"COR_RX_FRESCA":null,"COR_RX_INTEMPERIZADA":null,"GRANULACAO_MINIMA":" ","GRANULACAO_MEDIA":" ","GRANULACAO_MAXIMA":" ","SELECIONAMENTO":null,"CONSISTENCIA_AMOSTRA":null,"CONTATO":null,"COD_CLASSIFICACAO":null,"PROTOLITO":null,"ROCHA":"Hornfels","LINK":"p_cod_amostra=116400&p_cod_rocha=559960&p_cod_afloramento=485017","LOCAL_LAMINA":"SUREG-SP","LOTE_LAMINA":null,"NUM_LAB_LAMINA":null,"FICHA":null,"MINERAIS_IDENTIFICADOS":"Sericita(<80%), Opaco (Microscopia)(<80%), Clorita(<80%), Muscovita(10%), Quartzo(10%), Rutilo(<1%)","X":-57.421,"Y":-20.964000000000002,"DATUM":"WGS84","__atlas_chave_independente":"AFLOR_ROCHA:485017:559960","__atlas_n_registros_grupo":1,"__atlas_q_registro":0.875,"__atlas_q_grupo":0.875,"__atlas_unidade_geologica_id":"1504","__atlas_unidade_geologica_sigla":"Q1p2","__atlas_unidade_geologica_nome":"Fácies Pantanal, depósitos aluvionares","__atlas_fonte":"SGB · GeoSGB · Petrografia","__atlas_snapshot":"2026-08-14"}},{"type":"Feature","id":28842961,"geometry":{"type":"Point","coordinates":[-57.422000000000025,-20.964]},"properties":{"OBJECTID":28842961,"COD_AMOSTRA":116402,"COD_AFLORAMENTO":485018,"COD_ROCHA":559962,"NUM_CAMPO_AMOSTRA":"FM-0047","COD_LAMINA":42229,"NUM_CAMPO_LAMINA":"4220-FM-R-0047","NOTAS":"Mesoscopia\r\nTextura: fanerítica fina\r\nEstrutura: isótropa\r\n\r\nMicroscopia\r\nTextura: subofítica e intergranular\r\nGranulação: menor ou igual a 0,01 mm a 0,9 mm\r\nNome: Clinopiroxênio-norito\r\nUnidade geológica: Suíte Rio Perdido\r\n\r\nRocha isótropa com textura subofítica e intergranular. Ripas de plagioclásio encontram-se inclusas em cristais anédricos a subédricos de clinopiroxênio de maneira subofítica. O ortopiroxênio apresenta formas corroídas e texturas de dissolução ao longo de \"pseudomorfos de fraturas\" e encontram-se quase que invariavelmente envolto por coroas monocristalinas de clinopiroxênio. O clinopiroxênio apresenta geminação polissintética. Ocorrem domínios intersticiais formados por uma massa de materiais de alteração (epidoto + sericita ± tremolita), que em parte pode representar material devitrificado e em parte pseudomorfiza ripas de plagioclásio e cristais de piroxênio. Os óxis de ferro são anédricos a subédricos e disseminados pela rocha. Todos os minerais estão dispostos em orientação aleatória. ","PETROGRAFO":"Frederico Meira Faleiros","PROJETO":"Geologia das Folhas Aldeia Tomázia e Fazenda Santa Otília","BASE_CARTOGRAFICA":"SF.21-V-B-VI - Aldeia Tomasia","TIPO_SECAO":"Delgada","GRAU_INTEMPERISMO":"Intemperizada","TAMANHO_AMOSTRA":"10 cm","COR_RX_FRESCA":"Cinza","COR_RX_INTEMPERIZADA":"Ocre","GRANULACAO_MINIMA":"Fanerítica fina (<1,0mm)","GRANULACAO_MEDIA":"Fanerítica fina (<1,0mm)","GRANULACAO_MAXIMA":"Fanerítica fina (<1,0mm)","SELECIONAMENTO":null,"CONSISTENCIA_AMOSTRA":"Consistente","CONTATO":null,"COD_CLASSIFICACAO":null,"PROTOLITO":null,"ROCHA":"Norito","LINK":"p_cod_amostra=116402&p_cod_rocha=559962&p_cod_afloramento=485018","LOCAL_LAMINA":"SUREG-SP","LOTE_LAMINA":null,"NUM_LAB_LAMINA":null,"FICHA":null,"MINERAIS_IDENTIFICADOS":"Piroxênio(56%), Epidoto(8%), Sericita(7%), Tremolita(5%), Opaco (Microscopia)(3%), Biotita(<1%), Apatita(<1%)","X":-57.422000000000004,"Y":-20.964000000000002,"DATUM":"WGS84","__atlas_chave_independente":"AFLOR_ROCHA:485018:559962","__atlas_n_registros_grupo":1,"__atlas_q_registro":0.875,"__atlas_q_grupo":0.875,"__atlas_unidade_geologica_id":"1504","__atlas_unidade_geologica_sigla":"Q1p2","__atlas_unidade_geologica_nome":"Fácies Pantanal, depósitos aluvionares","__atlas_fonte":"SGB · GeoSGB · Petrografia","__atlas_snapshot":"2026-08-14"}},{"type":"Feature","id":28842977,"geometry":{"type":"Point","coordinates":[-57.423,-20.964999999999975]},"properties":{"OBJECTID":28842977,"COD_AMOSTRA":116403,"COD_AFLORAMENTO":485019,"COD_ROCHA":559963,"NUM_CAMPO_AMOSTRA":"FM-0048","COD_LAMINA":42230,"NUM_CAMPO_LAMINA":"4220-FM-R-0048","NOTAS":"Mesoscopia\r\nTextura: fanerítica e porfíritica\r\nGranulação: fenocristais de 10 - 20 mm, matriz de 2 - 4 mm\r\nEstrutura: maciça\r\nIC: 5\r\nMineralogia observável: feldspato alcalino róseo, plagioclásio verde, quartzo cinza, minerais máficos (aparentemente biotita)\r\n\r\nFenocristais róseos de feldspato alcalino, anédricos a subédricos de até 2 cm em matriz média verde constituída por plagioclásio + quartzo + máficos ± feldspato alcalino. Os máficos formam agregados milimétricos disseminados. A cor verde do plagioclásio sugere forte alteração hidrotermal.\r\n\r\nMicroscopia\r\nTextura: porfirítica com matriz intergranular subidiomórfica, intersetal, consertal\r\nGranulação: matriz (0,3 - 5 mm), fenocristais (8 - 20 mm)\r\nNome: Biotita-monzogranito hidrotermalizado\r\n\r\nA rocha apresenta fenocristais anédricos de microclínio mesopertítico com até 20 mm de diâmetro, ricos em inclusões euédricas a anédricas de plagioclásio, quartzo e muscovita. Apresenta-se heterogeneamente sericitizado, com lamelas de albita mais alteradas. Ocorrem raras inclusões de biotita marrom-escura intercrescida com muscovita e quartzo. As inclusões de quartzo por vezes são ovaladas ou com terminações em cúspide, e estão livres de deformação intracristalina. O microclínio por vezes preenche interstícios entre cristais com terminações euédricas de quarzo (textura intersertal). Cristais de plagioclásio inclusos, em contato ou próximos aos fenocristais de microclínio apresentam bordas de feldspato alcalino (por vezes com geminação em grade), numa textura antirapakivi. O plagioclásio se concentra em domínios muito ricos nesse mineral. Nestes domínios, ele é dominantemente euédrico e os interstícios entre os cristais estão preenchidos por quartzo, definindo textura intersertal. Aqui, o quartzo apresenta extição ondulante irregular, lamelas de deformação e faixas ricas em inclusões fluidas, indicando deformação intracristalina. Não há sinais de recristalização dinâmica. O plagioclásio está quase que totalmente substituído por agregados criptocristalinos de sericita ± epidoto. Apresenta raras inclusões de quartzo,zircão, apatita e bordas parciais de sobrecrescimento de feldspato alcalino. Além de ocorrer intersticial nos domínios ricos em plagioclásio e quartzo forma domínios monominerálicos onde exibe textura consertal, com contatos lobados entre grãos e muito localmente serrilhados indicando recristalização insipiente por bulging. Apresenta extinção ondulante irregular, lamelas de deformação e faixas ricas em inclusões fluidas, indicando deformação intracristalina. Apresenta inclusões euédricas de mineral opaco, zircão, apatita, biotita marrom-escuro e muscovita. \r\nPseudomorfos de biotita estão substituídos pelas associações: sericita + epidoto + titanita + apatita ± feldspato ± clorita, sericita + epidoto + clorita + quartzo ± apatita, clorita + epidoto ± quartzo ± apatita, epidoto, principalmente tanto a apatita quanto a titanita estão em forte orientação preferencial de forma paralela à clivagem do pseudomorfo de biotita, sugerindo origem hidrotermal. Parece que ocorre uma geração de titanita não hidrotermal, fortemente alterada.","PETROGRAFO":"Frederico Meira Faleiros","PROJETO":"Geologia das Folhas Aldeia Tomázia e Fazenda Santa Otília","BASE_CARTOGRAFICA":"SF.21-V-B-VI - Aldeia Tomasia","TIPO_SECAO":"Delgada","GRAU_INTEMPERISMO":"Pouco intemperizada","TAMANHO_AMOSTRA":"8 cm","COR_RX_FRESCA":"Verde","COR_RX_INTEMPERIZADA":"Esbranquiçada","GRANULACAO_MINIMA":"Fanerítica média (1,0-5,0mm)","GRANULACAO_MEDIA":"Fanerítica média (1,0-5,0mm)","GRANULACAO_MAXIMA":"Fanerítica muito grossa (>30,0mm)","SELECIONAMENTO":null,"CONSISTENCIA_AMOSTRA":"Consistente","CONTATO":null,"COD_CLASSIFICACAO":null,"PROTOLITO":null,"ROCHA":"Biotita monzogranito","LINK":"p_cod_amostra=116403&p_cod_rocha=559963&p_cod_afloramento=485019","LOCAL_LAMINA":"SUREG-SP","LOTE_LAMINA":null,"NUM_LAB_LAMINA":null,"FICHA":null,"MINERAIS_IDENTIFICADOS":"Quartzo(35%), Microclínio(25%), Sericita(13%), Epidoto(5%), Biotita(3%), Titanita(<1%), Apatita(<1%), Opaco (Microscopia)(<1%), Clorita(1%), Zircão(<1%)","X":-57.423,"Y":-20.965,"DATUM":"WGS84","__atlas_chave_independente":"AFLOR_ROCHA:485019:559963","__atlas_n_registros_grupo":1,"__atlas_q_registro":0.875,"__atlas_q_grupo":0.875,"__atlas_unidade_geologica_id":"1504","__atlas_unidade_geologica_sigla":"Q1p2","__atlas_unidade_geologica_nome":"Fácies Pantanal, depósitos aluvionares","__atlas_fonte":"SGB · GeoSGB · Petrografia","__atlas_snapshot":"2026-08-14"}},{"type":"Feature","id":28843009,"geometry":{"type":"Point","coordinates":[-57.408000000000015,-20.951000000000022]},"properties":{"OBJECTID":28843009,"COD_AMOSTRA":116405,"COD_AFLORAMENTO":485022,"COD_ROCHA":559968,"NUM_CAMPO_AMOSTRA":"FM-0051-B","COD_LAMINA":42232,"NUM_CAMPO_LAMINA":"4220-FM-R-0051-B","NOTAS":"Textura: essencialmente granoblástica, lepidoblástica bem subordinada\r\nGranulação: matriz média (aproximadamente 0,05 mm)\r\nNome: Quartzito protomilonítico\r\nMetamorfismo: fácies xisto verde inferior\r\nUnidade geológica: Suíte metamórfica Alto Tererê\r\n\r\nOcorre bandamento composicional e granulométrico tênue em escala de lâmina, com certa orientação preferencial de forma dos clastos de quartzo paralela. Isso sugere uma xistosidade S1 subparalela ao S0. Ocorrem lâminas sericíticas lepidoblásticas paralelas a S0, corroborando essa interpretação. A orientação preferencial de forma dos porfiroclastos de quartzo juntamente com seus mantos de recristalização dinâmica definem uma xistosidade (S2) oblíqua cerca de 70° em relação a S0//S1. Os porfiroclastos de quartzo (aproximadamente 0,5 mm) são manteados total ou parcialmente por agregados de qtz muito fino (de 0,05 mm), definindo típicas microestruturas do tipo manto-núcleo geradas por bulging. Sericita ocorre associadas a esses mantos. Muito difícil saber se os mantos estão associados a S1 ou S2. Ocorrem kinks (S3) desenvolvidos em leitos sericíticos. ","PETROGRAFO":"Frederico Meira Faleiros","PROJETO":"Geologia das Folhas Aldeia Tomázia e Fazenda Santa Otília","BASE_CARTOGRAFICA":"SF.21-V-B-VI - Aldeia Tomasia","TIPO_SECAO":"Delgada","GRAU_INTEMPERISMO":null,"TAMANHO_AMOSTRA":null,"COR_RX_FRESCA":null,"COR_RX_INTEMPERIZADA":null,"GRANULACAO_MINIMA":" ","GRANULACAO_MEDIA":" ","GRANULACAO_MAXIMA":" ","SELECIONAMENTO":null,"CONSISTENCIA_AMOSTRA":null,"CONTATO":null,"COD_CLASSIFICACAO":null,"PROTOLITO":null,"ROCHA":"Quartzito","LINK":"p_cod_amostra=116405&p_cod_rocha=559968&p_cod_afloramento=485022","LOCAL_LAMINA":"SUREG-SP","LOTE_LAMINA":null,"NUM_LAB_LAMINA":null,"FICHA":null,"MINERAIS_IDENTIFICADOS":"Quartzo(97%), Sericita(2%), Opaco (Microscopia)(<1%)","X":-57.408,"Y":-20.951,"DATUM":"WGS84","__atlas_chave_independente":"AFLOR_ROCHA:485022:559968","__atlas_n_registros_grupo":1,"__atlas_q_registro":0.875,"__atlas_q_grupo":0.875,"__atlas_unidade_geologica_id":"1064","__atlas_unidade_geologica_sigla":"PP3_gamma_al","__atlas_unidade_geologica_nome":"Corpo Granito Alumiador","__atlas_fonte":"SGB · GeoSGB · Petrografia","__atlas_snapshot":"2026-08-14"}},{"type":"Feature","id":28843025,"geometry":{"type":"Point","coordinates":[-57.394000000000005,-20.940999999999974]},"properties":{"OBJECTID":28843025,"COD_AMOSTRA":116407,"COD_AFLORAMENTO":485025,"COD_ROCHA":559974,"NUM_CAMPO_AMOSTRA":"FM-0054-B","COD_LAMINA":42234,"NUM_CAMPO_LAMINA":"4220-FM-R-0054-B","NOTAS":"Mesoscopia\r\nTextura: clástica\r\nGranulação: 2 - 8 mm\r\nEstrutura: acamamento sedimentar granulométrico e composicional, estratificação cruzada\r\nMineralogia observável: quartzo, clastos de quartzito\r\n\r\nMicroscopia\r\nTextura: clástica (sedimentar) e lepidogranoblástica\r\nGranulação: <0,1 a 5 mm\r\nNome: Metarenito\r\nMetamorfismo: fácies xisto verde inferior, zona da clorita\r\nUnidade geológica: Suíte metamórfica Alto Tererê\r\n\r\nA rocha apresenta cerca de 80% de clastos subarredondados a bem arredondados com dimensões principalmente entre 1 a 5 mm de quartzo de veio mono e poliminerálico, feldspatos, chert e sericita-feldspato-xisto, em matriz muito fina constituída essencialmente por quartzo e clorita verde-escuro com cor de interferência roxo anômalo. Os clastos de quartzo apresentam recristalização muito incipiente por bulging e apresentam extinção ondulante provavelmente reliquiar. Os clastos apresentam uma orientação preferencial de forma tênue, sendo que estes tem razão axial geralmente <2:1. Os clastos geralmente estão envolvidos por sombras de deformação formadas por clorita + quartzo, eralmente na forma de franjas, com orientação preferencial definindo uma xistosidade oblíqua a orientação preferencial de forma dos clastos. \r\n","PETROGRAFO":"Frederico Meira Faleiros","PROJETO":"Geologia das Folhas Aldeia Tomázia e Fazenda Santa Otília","BASE_CARTOGRAFICA":"SF.21-V-B-VI - Aldeia Tomasia","TIPO_SECAO":"Delgada","GRAU_INTEMPERISMO":"Não intemperizada","TAMANHO_AMOSTRA":"10 cm","COR_RX_FRESCA":"Verde escuro","COR_RX_INTEMPERIZADA":null,"GRANULACAO_MINIMA":"Areia média (0,25-1,0mm)","GRANULACAO_MEDIA":"Areia grossa (1,0- 2,0mm)","GRANULACAO_MAXIMA":"Areia grossa (1,0- 2,0mm)","SELECIONAMENTO":"Mal selecionado","CONSISTENCIA_AMOSTRA":"Friável","CONTATO":null,"COD_CLASSIFICACAO":null,"PROTOLITO":null,"ROCHA":"Metarenito","LINK":"p_cod_amostra=116407&p_cod_rocha=559974&p_cod_afloramento=485025","LOCAL_LAMINA":"SUREG-SP","LOTE_LAMINA":null,"NUM_LAB_LAMINA":null,"FICHA":null,"MINERAIS_IDENTIFICADOS":"Quartzo(72%), Clorita(7%), Titanita(<1%), Sericita(<1%), Opaco (Microscopia)(1%), Zircão(<1%)","X":-57.394000000000005,"Y":-20.941000000000003,"DATUM":"WGS84","__atlas_chave_independente":"AFLOR_ROCHA:485025:559974","__atlas_n_registros_grupo":1,"__atlas_q_registro":0.875,"__atlas_q_grupo":0.875,"__atlas_unidade_geologica_id":"1064","__atlas_unidade_geologica_sigla":"PP3_gamma_al","__atlas_unidade_geologica_nome":"Corpo Granito Alumiador","__atlas_fonte":"SGB · GeoSGB · Petrografia","__atlas_snapshot":"2026-08-14"}},{"type":"Feature","id":28843041,"geometry":{"type":"Point","coordinates":[-57.394000000000005,-20.940999999999974]},"properties":{"OBJECTID":28843041,"COD_AMOSTRA":116406,"COD_AFLORAMENTO":485025,"COD_ROCHA":559973,"NUM_CAMPO_AMOSTRA":"FM-0054-A","COD_LAMINA":42233,"NUM_CAMPO_LAMINA":"4220-FM-R-0054-A","NOTAS":"Textura: granolepidoblástica e blastomicroporfirítica\r\nGranulação: fenocristais (0,3 - 0,5 mm), matriz (aproximadamente 0,2 mm)\r\nNome: Epidoto-plagioclásio-clorita-xisto (Metabasito)\r\nMetamorfismo: fácies xisto verde\r\nUnidade geológica: Suíte metamórfica Alto Tererê\r\n\r\nA estrutura principal consiste de uma xistosidade anastomosada com orientação preferencial de clorita e agregados lenticulares de plagioclásio. Ocorrem microfenocristais subédricos de plagioclásio rotacionados,  com sombras de deformação ricas em clorita. Ocorre plagioclásio também na matriz, formando leitos granoblásticos. Os microfenocristais apresentam geminação polissintética bem desenvolvida. A clorita apresenta cor verde-escuro e cor de interferência anômala roxa, sugerindo composição rica em ferro. Minerais opacos ocorrem disseminados. O epidoto ocorre em agregados submilimétricos formados por cristais criptocristalinos. Ocorrem raros leitos ricos em carbonato paralelos à Sx. Nestes leitos, por vezes, o carbonato ocorre em sombras de deformação ao redor de porfiroclastos de plagioclásio. Protolito de origem vulcânica básica (tufo?).\r\n\r\nFenocristais com 0,3 a 0,5 mm.\r\nMatriz com aproximadamente 0,2 mm","PETROGRAFO":"Frederico Meira Faleiros","PROJETO":"Geologia das Folhas Aldeia Tomázia e Fazenda Santa Otília","BASE_CARTOGRAFICA":"SF.21-V-B-VI - Aldeia Tomasia","TIPO_SECAO":"Delgada","GRAU_INTEMPERISMO":null,"TAMANHO_AMOSTRA":null,"COR_RX_FRESCA":null,"COR_RX_INTEMPERIZADA":null,"GRANULACAO_MINIMA":" ","GRANULACAO_MEDIA":" ","GRANULACAO_MAXIMA":" ","SELECIONAMENTO":null,"CONSISTENCIA_AMOSTRA":null,"CONTATO":null,"COD_CLASSIFICACAO":null,"PROTOLITO":"Rocha vulcânica ","ROCHA":"Metabasito","LINK":"p_cod_amostra=116406&p_cod_rocha=559973&p_cod_afloramento=485025","LOCAL_LAMINA":"SUREG-SP","LOTE_LAMINA":null,"NUM_LAB_LAMINA":null,"FICHA":null,"MINERAIS_IDENTIFICADOS":"Clorita(39%), Opaco (Microscopia)(10%), Epidoto(10%), Quartzo(5%), Carbonato(<1%)","X":-57.394000000000005,"Y":-20.941000000000003,"DATUM":"WGS84","__atlas_chave_independente":"AFLOR_ROCHA:485025:559973","__atlas_n_registros_grupo":1,"__atlas_q_registro":0.875,"__atlas_q_grupo":0.875,"__atlas_unidade_geologica_id":"1064","__atlas_unidade_geologica_sigla":"PP3_gamma_al","__atlas_unidade_geologica_nome":"Corpo Granito Alumiador","__atlas_fonte":"SGB · GeoSGB · Petrografia","__atlas_snapshot":"2026-08-14"}},{"type":"Feature","id":28843057,"geometry":{"type":"Point","coordinates":[-57.29899999999998,-20.97399999999999]},"properties":{"OBJECTID":28843057,"COD_AMOSTRA":116408,"COD_AFLORAMENTO":485028,"COD_ROCHA":559977,"NUM_CAMPO_AMOSTRA":"FM-0057","COD_LAMINA":42235,"NUM_CAMPO_LAMINA":"4220-FM-R-0057","NOTAS":"Textura: granofírica\r\nNome: Biotita-granófiro (Sienogranito)\r\nUnidade geológica: Granito Santa Otília\r\n\r\nOcorre cerca de 20% de cristais euédricos de plagioclásio, feldspato alcalino e microclínio fortemente saussuritizados e sericitizados, respectivamente. Esses cristais geralmente são núcleos de onde emanam intercrescimetos raofíricos radiais entre feldspato potássico e quartzo. O feldspato alcalino apresenta-se moderadamente saussuritizzado, além de sericita e epidoto ocorrer com intercrescimento de biotita laranja hidrotermal em plagioclásio, associada à saussuritização.\r\nOcorrem também agregados de biotita laranja intercrescida com opaco + epidoto disseminados pela rocha, sugerindo que a biotia é essencialmente hidrotermal. Não ocorrem sinais deformacionais na roca. O quartzo é muito rico em inclusões fluidas. ","PETROGRAFO":"Frederico Meira Faleiros","PROJETO":"Geologia das Folhas Aldeia Tomázia e Fazenda Santa Otília","BASE_CARTOGRAFICA":"SF.21-V-B-VI - Aldeia Tomasia","TIPO_SECAO":"Delgada","GRAU_INTEMPERISMO":null,"TAMANHO_AMOSTRA":null,"COR_RX_FRESCA":null,"COR_RX_INTEMPERIZADA":null,"GRANULACAO_MINIMA":" ","GRANULACAO_MEDIA":" ","GRANULACAO_MAXIMA":" ","SELECIONAMENTO":null,"CONSISTENCIA_AMOSTRA":null,"CONTATO":null,"COD_CLASSIFICACAO":null,"PROTOLITO":null,"ROCHA":"Granófiro","LINK":"p_cod_amostra=116408&p_cod_rocha=559977&p_cod_afloramento=485028","LOCAL_LAMINA":"SUREG-SP","LOTE_LAMINA":null,"NUM_LAB_LAMINA":null,"FICHA":null,"MINERAIS_IDENTIFICADOS":"Quartzo(37%), Epidoto(6%), Sericita(6%), Opaco (Microscopia)(2%), Biotita(2%), Titanita(<1%), Zircão(<1%)","X":-57.299,"Y":-20.974,"DATUM":"WGS84","__atlas_chave_independente":"AFLOR_ROCHA:485028:559977","__atlas_n_registros_grupo":1,"__atlas_q_registro":0.875,"__atlas_q_grupo":0.875,"__atlas_unidade_geologica_id":"1064","__atlas_unidade_geologica_sigla":"PP3_gamma_al","__atlas_unidade_geologica_nome":"Corpo Granito Alumiador","__atlas_fonte":"SGB · GeoSGB · Petrografia","__atlas_snapshot":"2026-08-14"}},{"type":"Feature","id":28843073,"geometry":{"type":"Point","coordinates":[-57.29199999999997,-20.964]},"properties":{"OBJECTID":28843073,"COD_AMOSTRA":116409,"COD_AFLORAMENTO":485030,"COD_ROCHA":559979,"NUM_CAMPO_AMOSTRA":"FM-0059","COD_LAMINA":42236,"NUM_CAMPO_LAMINA":"4220-FM-R-0059","NOTAS":"Granulação: 2 a 4,6mm.\r\nTextura: Mirmequítica.\r\nNome da rocha: Granodiorito \r\n\r\nA rocha é inequigranular grossa, composta principalmente por quartzo e feldspatos. O plagioclásio apresenta intercrescimento com grãos de quartzo em forma vermicular, definindo uma textura mirmequítica. O quartzo possui extinção ondulante moderada. \r\nO epidoto ocorre incluso no plagioclásio, por vezes em frma acicular com cor de interferência anômalo. Associa-se com clorita que aparece na borda de grãos de epidoto e com inclusões de mineral opaco de forma anédrica. A clorita também sofre oxidação. ","PETROGRAFO":"Frederico Meira Faleiros","PROJETO":"Geologia das Folhas Aldeia Tomázia e Fazenda Santa Otília","BASE_CARTOGRAFICA":"SF.21-V-B-VI - Aldeia Tomasia","TIPO_SECAO":"Delgada","GRAU_INTEMPERISMO":null,"TAMANHO_AMOSTRA":null,"COR_RX_FRESCA":null,"COR_RX_INTEMPERIZADA":null,"GRANULACAO_MINIMA":" ","GRANULACAO_MEDIA":" ","GRANULACAO_MAXIMA":" ","SELECIONAMENTO":null,"CONSISTENCIA_AMOSTRA":null,"CONTATO":null,"COD_CLASSIFICACAO":null,"PROTOLITO":null,"ROCHA":"Granodiorito","LINK":"p_cod_amostra=116409&p_cod_rocha=559979&p_cod_afloramento=485030","LOCAL_LAMINA":"SUREG-SP","LOTE_LAMINA":null,"NUM_LAB_LAMINA":null,"FICHA":null,"MINERAIS_IDENTIFICADOS":"Quartzo(45%), Epidoto(6%), Clorita(3%), Opaco (Microscopia)(1%)","X":-57.292,"Y":-20.964000000000002,"DATUM":"WGS84","__atlas_chave_independente":"AFLOR_ROCHA:485030:559979","__atlas_n_registros_grupo":1,"__atlas_q_registro":0.875,"__atlas_q_grupo":0.875,"__atlas_unidade_geologica_id":"1064","__atlas_unidade_geologica_sigla":"PP3_gamma_al","__atlas_unidade_geologica_nome":"Corpo Granito Alumiador","__atlas_fonte":"SGB · GeoSGB · Petrografia","__atlas_snapshot":"2026-08-14"}},{"type":"Feature","id":28843089,"geometry":{"type":"Point","coordinates":[-57.28699999999998,-20.942999999999984]},"properties":{"OBJECTID":28843089,"COD_AMOSTRA":116410,"COD_AFLORAMENTO":485032,"COD_ROCHA":559981,"NUM_CAMPO_AMOSTRA":"FM-0061","COD_LAMINA":42237,"NUM_CAMPO_LAMINA":"4220-FM-R-0061","NOTAS":"Granulação: Inequigranular grossa\r\nTextura: Mirmequítica\r\nNome da rocha: Diorito/Granodiorito\r\n\r\nA rocha é inequigranular grossa, composta por quartzo + plagioclásio + feldspato potássico. Ocorre intercrescimento de quartzo vermicular incluso em plagioclásio. O plagioclásio possui leve alteração, possuindo \"aspecto sujo\". O quartzo pode possuir leve extinção ondulante. Ocorre carbonato subidiomórfico com inclusão de quartzo. Localmente o plagioclásio pode ocorrer saussuritizado (epidoto + sericita + quartzo + carbonato).","PETROGRAFO":"Frederico Meira Faleiros","PROJETO":"Geologia das Folhas Aldeia Tomázia e Fazenda Santa Otília","BASE_CARTOGRAFICA":"SF.21-V-B-VI - Aldeia Tomasia","TIPO_SECAO":"Delgada","GRAU_INTEMPERISMO":null,"TAMANHO_AMOSTRA":null,"COR_RX_FRESCA":null,"COR_RX_INTEMPERIZADA":null,"GRANULACAO_MINIMA":" ","GRANULACAO_MEDIA":" ","GRANULACAO_MAXIMA":" ","SELECIONAMENTO":null,"CONSISTENCIA_AMOSTRA":null,"CONTATO":null,"COD_CLASSIFICACAO":null,"PROTOLITO":null,"ROCHA":"Diorito, Granodiorito","LINK":"p_cod_amostra=116410&p_cod_rocha=559981&p_cod_afloramento=485032","LOCAL_LAMINA":"SUREG-SP","LOTE_LAMINA":null,"NUM_LAB_LAMINA":null,"FICHA":null,"MINERAIS_IDENTIFICADOS":"Quartzo(30%), Carbonato(3%), Opaco (Microscopia)(2%)","X":-57.287000000000006,"Y":-20.943,"DATUM":"WGS84","__atlas_chave_independente":"AFLOR_ROCHA:485032:559981","__atlas_n_registros_grupo":1,"__atlas_q_registro":0.875,"__atlas_q_grupo":0.875,"__atlas_unidade_geologica_id":"1064","__atlas_unidade_geologica_sigla":"PP3_gamma_al","__atlas_unidade_geologica_nome":"Corpo Granito Alumiador","__atlas_fonte":"SGB · GeoSGB · Petrografia","__atlas_snapshot":"2026-08-14"}},{"type":"Feature","id":28843121,"geometry":{"type":"Point","coordinates":[-57.468999999999994,-20.666999999999973]},"properties":{"OBJECTID":28843121,"COD_AMOSTRA":116413,"COD_AFLORAMENTO":485037,"COD_ROCHA":559987,"NUM_CAMPO_AMOSTRA":"FM-0066-B","COD_LAMINA":42240,"NUM_CAMPO_LAMINA":"4220-FM-R-0066-B","NOTAS":"Mesoscopia\r\nTextura: porfirítica com matriz afanítica\r\nGranulação: menor ou igual a 1,5 mm\r\nMineralogia observável: fenocristais milimétricos a submilimétricos de quartzo\r\n\r\nOcorrem vênulas de espesurra milimétrica a submilimétrica de epídoto. \r\n\r\nMicroscopia\r\nTextura: porfirítica, brechóide \r\nGranulação: < 0,01 - 1,4 mm\r\nNome: Metariolito ou Metadacito\r\nUnidade geológica: Formação Alto Tererê\r\n\r\nA rocha apresenta aspecto brechóide, com fragmentos de formas irregulares marcadas por diferentes posições da matriz (principalmente conteúdos de minerais opacos) e diferentes proporções matriz/fenocristais. Todos os domínios composicionais apresentam textura porfirítica, com microfenocristais de quartzo e plagioclásio ripiforme em matriz muito fina a criptocristalina, formada por diferentes proporções entre minerais opacos, epidoto, plagioclásio e quartzo. O plagioclásio é essencialmente euédrico, com geminação da lei da albita e carlsbard, e está livre de alteração hidrotermal. Os fenocristais ou xenocristais de quartzo incluem grãos euédricos a subédricos, grãos bem arredondados e grãos líticos com textura interlobada, neste caso sempre arredondados (xenocristais?). Os grãos de quartzo apresentam extinção ondulante e mantos ou bandas de deformação retílinieas com agregados recristalizados com granulação menor ou igual a 0,01 mm (bulging). Grãos menores na matriz (pseudomorfos) comumente apresentam-se totalmente recristalizados. Em fragmentos com matriz muito rica em minerais opacos (excedendo 60% em volume) , ocorrem pseudomorfos de quartzo vermiforme atualmente completamente recristalizados em granulação menor ou iual a 0,01 mm (fenocristais de quartzo monocristalinos comumento apresentam bordas de sobrecrescimento delineadas por trilhas de inclusões fluidas ou por concrentrações de inclusões de clorita e/ou epidoto. Em todos os casos, indicam grãos reliquiares bem arredondados). Além de epidoto criptocristalino na matriz, epídoto mais grosso forma agregados esféricos com coroas de quartzo muito fino (pseudomorfos de amígdalas). ","PETROGRAFO":"Frederico Meira Faleiros","PROJETO":"Geologia das Folhas Aldeia Tomázia e Fazenda Santa Otília","BASE_CARTOGRAFICA":"SF.21-V-B-VI - Aldeia Tomasia","TIPO_SECAO":"Delgada","GRAU_INTEMPERISMO":"Não intemperizada","TAMANHO_AMOSTRA":"10 cm","COR_RX_FRESCA":"Cinza claro","COR_RX_INTEMPERIZADA":null,"GRANULACAO_MINIMA":"Afanítica ","GRANULACAO_MEDIA":"Afanítica ","GRANULACAO_MAXIMA":"Fanerítica fina (<1,0mm)","SELECIONAMENTO":null,"CONSISTENCIA_AMOSTRA":"Consistente","CONTATO":null,"COD_CLASSIFICACAO":null,"PROTOLITO":null,"ROCHA":"Metarriodacito, Metarriolito","LINK":"p_cod_amostra=116413&p_cod_rocha=559987&p_cod_afloramento=485037","LOCAL_LAMINA":"SUREG-SP","LOTE_LAMINA":null,"NUM_LAB_LAMINA":null,"FICHA":null,"MINERAIS_IDENTIFICADOS":"Feldspato(38%), Opaco (Microscopia)(35%), Epidoto(17%), Quartzo(6%), Clorita(<1%)","X":-57.469,"Y":-20.667,"DATUM":"WGS84","__atlas_chave_independente":"AFLOR_ROCHA:485037:559987","__atlas_n_registros_grupo":2,"__atlas_q_registro":0.875,"__atlas_q_grupo":0.875,"__atlas_unidade_geologica_id":"1455","__atlas_unidade_geologica_sigla":"PP4at","__atlas_unidade_geologica_nome":"Formação Alto Tererê","__atlas_fonte":"SGB · GeoSGB · Petrografia","__atlas_snapshot":"2026-08-14"}},{"type":"Feature","id":28843185,"geometry":{"type":"Point","coordinates":[-57.358000000000004,-20.726999999999975]},"properties":{"OBJECTID":28843185,"COD_AMOSTRA":116417,"COD_AFLORAMENTO":485051,"COD_ROCHA":560014,"NUM_CAMPO_AMOSTRA":"FM-0080-A","COD_LAMINA":42244,"NUM_CAMPO_LAMINA":"4220-FM-R-0080","NOTAS":"Textura: laminada, decussada, lepidoblástica\r\nGranulação: < 0,1 - 1,2 mm\r\nNome: Clorita-muscovita-xisto\r\nMetamorfismo: fácies xisto verde inferior, zona da clorita\r\nUnidade Geológica: Gnaisse Aldeia Barro Preto\r\n\r\nA rocha apresenta uma xistosidade principal definida por forte orientação preferencial de forma de minerais opacos alongados, clorita e agregados de clorita em meio a uma matriz composta essencilamente por muscovita. Os agregados de muscovita alternam irregularmente domínios com textura decussada dominantes e domínios com textura lepidoblástica. Também ocorrem micrólitons com domínios de uma foliação anterior crenulada localmente preservados. As microestruturas permitem inferir que uma fase inicial de deformação que produziu uma xistosidade S1, que foi deformada e transposta por uma crenulação S2 aproximadamente perpendicular. Um último evento foi caracterizado por recristalização estática que teria resultado na textura decussada e destruído em grande parte as texturas anteriores. Os minerais opacos apresentam razão de forma entre 1:1,5 e 1:10, dominantemente corroídas intercrescidas com clorita, em diferentes proporções. Cristais ou agregados de clorita com intercrescimento simplectítico de minerais opacos ± titanita ± epidoto são comuns. Muitas vezes cristais ou agregados de clorita pseudomorfizam grãos de mineral opaco, indicando que clorita + titanita e epidoto são produtos de mineral opaco reagente. A clorita é verde-escuro com cor de interferência marrom anômalo.\r\n\r\nNão foi observado quartzo, mas a lâmina está mais fina que a espessura padrão e uma pequena quantidade de quartzo pode estar presente.","PETROGRAFO":"Frederico Meira Faleiros","PROJETO":"Geologia das Folhas Aldeia Tomázia e Fazenda Santa Otília","BASE_CARTOGRAFICA":"SF.21-V-B-VI - Aldeia Tomasia","TIPO_SECAO":"Delgada-polida","GRAU_INTEMPERISMO":null,"TAMANHO_AMOSTRA":null,"COR_RX_FRESCA":null,"COR_RX_INTEMPERIZADA":null,"GRANULACAO_MINIMA":" ","GRANULACAO_MEDIA":" ","GRANULACAO_MAXIMA":" ","SELECIONAMENTO":null,"CONSISTENCIA_AMOSTRA":null,"CONTATO":null,"COD_CLASSIFICACAO":null,"PROTOLITO":null,"ROCHA":"Metadiabásio","LINK":"p_cod_amostra=116417&p_cod_rocha=560014&p_cod_afloramento=485051","LOCAL_LAMINA":"SUREG-SP","LOTE_LAMINA":null,"NUM_LAB_LAMINA":null,"FICHA":null,"MINERAIS_IDENTIFICADOS":"Muscovita(73%), Clorita(15%), Opaco (Microscopia)(10%), Epidoto(2%), Titanita(<1%)","X":-57.358000000000004,"Y":-20.727,"DATUM":"WGS84","__atlas_chave_independente":"AFLOR_ROCHA:485051:560014","__atlas_n_registros_grupo":2,"__atlas_q_registro":0.875,"__atlas_q_grupo":0.875,"__atlas_unidade_geologica_id":"1064","__atlas_unidade_geologica_sigla":"PP3_gamma_al","__atlas_unidade_geologica_nome":"Corpo Granito Alumiador","__atlas_fonte":"SGB · GeoSGB · Petrografia","__atlas_snapshot":"2026-08-14"}},{"type":"Feature","id":28843201,"geometry":{"type":"Point","coordinates":[-57.358000000000004,-20.726999999999975]},"properties":{"OBJECTID":28843201,"COD_AMOSTRA":116416,"COD_AFLORAMENTO":485051,"COD_ROCHA":560014,"NUM_CAMPO_AMOSTRA":"FM-0080-C","COD_LAMINA":42243,"NUM_CAMPO_LAMINA":"4220-FM-R-0080-C","NOTAS":"Nome da rocha: Muscovita-gnaisse com biotita\r\n\r\nTextura: Porfiroblástica granoblástica\r\nGranulação: Inequigranular porfiroblástica média a grossa\r\nMetamorfismo: Fácies xisto verde/zona da biotita\r\n\r\nA rocha apresenta-se bem alterada. É definida em domínios intercalados 1 e 2, no qual:\r\n\r\n1) Domínio quartzo-feldspático com abundantes porfiroclastos de feldspato alterado para muscovita + biotita + quartzo pseudomórfico e quartzo xenoblástico com bulging e extinção ondulante.\r\n\r\n2) Domínio predominantemente lepidoblástico com muscovita (± biotita), havendo porfiroclastos de quartzo com acomodação de foliação micácea em seu entorno. Alguns porfiroclastos possuem forma sigmoidal.\r\n\r\nMinerais:\r\nQuartzo (Até 4,2mm) \r\nMuscovita \r\nBiotita\r\nFeldspato (Até 4mm)","PETROGRAFO":"Frederico Meira Faleiros","PROJETO":"Geologia das Folhas Aldeia Tomázia e Fazenda Santa Otília","BASE_CARTOGRAFICA":"SF.21-V-B-VI - Aldeia Tomasia","TIPO_SECAO":"Delgada","GRAU_INTEMPERISMO":null,"TAMANHO_AMOSTRA":null,"COR_RX_FRESCA":null,"COR_RX_INTEMPERIZADA":null,"GRANULACAO_MINIMA":" ","GRANULACAO_MEDIA":" ","GRANULACAO_MAXIMA":" ","SELECIONAMENTO":null,"CONSISTENCIA_AMOSTRA":null,"CONTATO":null,"COD_CLASSIFICACAO":null,"PROTOLITO":null,"ROCHA":"Muscovita gnaisse","LINK":"p_cod_amostra=116416&p_cod_rocha=560014&p_cod_afloramento=485051","LOCAL_LAMINA":"SUREG-SP","LOTE_LAMINA":null,"NUM_LAB_LAMINA":null,"FICHA":null,"MINERAIS_IDENTIFICADOS":"Muscovita(40%), Quartzo(30%), Feldspato(22%), Biotita(8%)","X":-57.358000000000004,"Y":-20.727,"DATUM":"WGS84","__atlas_chave_independente":"AFLOR_ROCHA:485051:560014","__atlas_n_registros_grupo":2,"__atlas_q_registro":0.875,"__atlas_q_grupo":0.875,"__atlas_unidade_geologica_id":"1064","__atlas_unidade_geologica_sigla":"PP3_gamma_al","__atlas_unidade_geologica_nome":"Corpo Granito Alumiador","__atlas_fonte":"SGB · GeoSGB · Petrografia","__atlas_snapshot":"2026-08-14"}},{"type":"Feature","id":28843249,"geometry":{"type":"Point","coordinates":[-57.34500000000003,-20.738]},"properties":{"OBJECTID":28843249,"COD_AMOSTRA":116420,"COD_AFLORAMENTO":485054,"COD_ROCHA":560021,"NUM_CAMPO_AMOSTRA":"FM-0083-A","COD_LAMINA":42247,"NUM_CAMPO_LAMINA":"4220-FM-R-0083-A","NOTAS":"Textura: decussada, blastointergranular, blastoporfirítica \r\nGranulação: < 0,01 - 0,2 mm\r\nNome: Quartzo-epidoto-clorita granofels (Metadiabásio)\r\nMetamorfismo: fácies xisto verde inferior\r\nUnidade geológica: Suíte Rio Perdido\r\n\r\nRocha isótropa com textura ígnea preservada, com cerca de 15% de pseudomorfos de fenocristais euédricos, tabulares, de feldspato róseo em matriz muito fina verde-escura. Ao microscópio, os pseudomorfos consistem de agregados de epidoto + sericita + clorita ± quartzo ± opacos ± titaníferos ± carbonato. A matriz preserva textura intergranular, com pseudomorfos de plagioclásio tabulares pseudomorfizados por agregados criptocristalinos de epidoto, em orientação aleatória, em meio a matriz muito fina composta por agregados de clorita + clorita + opacos + titaníferos ± epidoto. Os agregados ricos em clorita pseudomorfizam piroxênio pretérico. A clorita é verde-escuro com cor de interferência marrom a roxo anômalos. Os minerais titaníferos aparentam rutilo, mas é preciso confirmar. Agregados de quartzo preservam textura intersticial, mas estão recristalizados e com forte extinção ondulante. \r\nA dimensão dos fenocristais (pseudomorfos) varia de 0,2 a 1 cm na lâmina, enquanto os pseudomorfos de plagioclásio na matriz com dimensão no intervalo de 0,1 - 0,5 mm. ","PETROGRAFO":"Frederico Meira Faleiros","PROJETO":"Geologia das Folhas Aldeia Tomázia e Fazenda Santa Otília","BASE_CARTOGRAFICA":"SF.21-V-B-VI - Aldeia Tomasia","TIPO_SECAO":"Delgada","GRAU_INTEMPERISMO":null,"TAMANHO_AMOSTRA":null,"COR_RX_FRESCA":null,"COR_RX_INTEMPERIZADA":null,"GRANULACAO_MINIMA":" ","GRANULACAO_MEDIA":" ","GRANULACAO_MAXIMA":" ","SELECIONAMENTO":null,"CONSISTENCIA_AMOSTRA":null,"CONTATO":null,"COD_CLASSIFICACAO":null,"PROTOLITO":null,"ROCHA":"Metadiabásio","LINK":"p_cod_amostra=116420&p_cod_rocha=560021&p_cod_afloramento=485054","LOCAL_LAMINA":"SUREG-SP","LOTE_LAMINA":null,"NUM_LAB_LAMINA":null,"FICHA":null,"MINERAIS_IDENTIFICADOS":"Clorita(48%), Epidoto(41%), Quartzo(6%), Opaco (Microscopia)(3%), Sericita(2%), Albita(<1%), Carbonato(<1%)","X":-57.345000000000006,"Y":-20.738,"DATUM":"WGS84","__atlas_chave_independente":"AFLOR_ROCHA:485054:560021","__atlas_n_registros_grupo":1,"__atlas_q_registro":0.875,"__atlas_q_grupo":0.875,"__atlas_unidade_geologica_id":"1064","__atlas_unidade_geologica_sigla":"PP3_gamma_al","__atlas_unidade_geologica_nome":"Corpo Granito Alumiador","__atlas_fonte":"SGB · GeoSGB · Petrografia","__atlas_snapshot":"2026-08-14"}},{"type":"Feature","id":28843265,"geometry":{"type":"Point","coordinates":[-57.34500000000003,-20.74799999999999]},"properties":{"OBJECTID":28843265,"COD_AMOSTRA":116421,"COD_AFLORAMENTO":485055,"COD_ROCHA":560022,"NUM_CAMPO_AMOSTRA":"FM-0084-B","COD_LAMINA":42248,"NUM_CAMPO_LAMINA":"4220-FM-R-0084-B","NOTAS":"Nome da rocha: Muscovita-gnaisse com biotita\r\n\r\nGranulação: Inequigranular fina a grossa.\r\n\r\nA rocha é definida por uma textura porfiroclástica em quartzo (+feldspato) com contatos interlobados e bulging em borda de grãos. Entre os grãos de quartzo ocorre feldspato intensamente alterado identificado pelo aspecto túrbido e sujo. É pseudomorfizado por agregados de muscovita + quartzo + biotita. A biotita é frequente na borda de grãos feldspáticos. O quartzo possui extinção ondulante moderadas. Opacos estão inclusos em feldspatos.\r\n\r\nMinerais:\r\nQuartzo (até 4mm)\r\nMuscovita (menor ou igual a 0,1mm)\r\nBiotita\r\nFeldspato (até 4mm)","PETROGRAFO":"Frederico Meira Faleiros","PROJETO":"Geologia das Folhas Aldeia Tomázia e Fazenda Santa Otília","BASE_CARTOGRAFICA":"SF.21-V-B-VI - Aldeia Tomasia","TIPO_SECAO":"Delgada","GRAU_INTEMPERISMO":null,"TAMANHO_AMOSTRA":null,"COR_RX_FRESCA":null,"COR_RX_INTEMPERIZADA":null,"GRANULACAO_MINIMA":" ","GRANULACAO_MEDIA":" ","GRANULACAO_MAXIMA":" ","SELECIONAMENTO":null,"CONSISTENCIA_AMOSTRA":null,"CONTATO":null,"COD_CLASSIFICACAO":null,"PROTOLITO":null,"ROCHA":"Muscovita gnaisse","LINK":"p_cod_amostra=116421&p_cod_rocha=560022&p_cod_afloramento=485055","LOCAL_LAMINA":"SUREG-SP","LOTE_LAMINA":null,"NUM_LAB_LAMINA":null,"FICHA":null,"MINERAIS_IDENTIFICADOS":"Feldspato(40%), Quartzo(30%), Muscovita(22%), Biotita(5%)","X":-57.345000000000006,"Y":-20.748,"DATUM":"WGS84","__atlas_chave_independente":"AFLOR_ROCHA:485055:560022","__atlas_n_registros_grupo":1,"__atlas_q_registro":0.875,"__atlas_q_grupo":0.875,"__atlas_unidade_geologica_id":"1455","__atlas_unidade_geologica_sigla":"PP4at","__atlas_unidade_geologica_nome":"Formação Alto Tererê","__atlas_fonte":"SGB · GeoSGB · Petrografia","__atlas_snapshot":"2026-08-14"}},{"type":"Feature","id":28843281,"geometry":{"type":"Point","coordinates":[-57.173,-20.670000000000016]},"properties":{"OBJECTID":28843281,"COD_AMOSTRA":116422,"COD_AFLORAMENTO":485064,"COD_ROCHA":560039,"NUM_CAMPO_AMOSTRA":"FM-0093","COD_LAMINA":42249,"NUM_CAMPO_LAMINA":"4220-FM-R-0093","NOTAS":"Textura: granoblástica e lepidogranoblástica (seriada)\r\nGranulação: 0,02 - 1,1 mm\r\nNome: Plagioclásio-microclínio-quartzo xisto com granada\r\nMetamorfismo: fácies xisto verde superior, zona da granada\r\nUnidade geológica: Formação Alto Tererê\r\n\r\nA rocha apresenta um bandamento composicional de espessura submilimétrica com intercalações entre leitos quartzosos puros e leitos com proporções variadas de feldspatos e demais minerais. Ocorrem leitos bastante enriquecidos em minerais opacos, outros em epidoto, outros em biotita. Ocorre uma forte xistosidade paralela ao bandamento, definida por orientação preferencial de forma de micas, feldspatos e quartzo, principalmente. Feldspato e quartzo apresentam uma razão axial média aproximada da ordem de 2:1. O quartzo apesenta-se dominantemente livre de extinção ondulante e com contatos retos entre grãos (localmente lobados), indicando grain boundary migration e recuperação. A granulação dos leitos monominerálicos é muito maior que a granulação do quartzo presente nos leitos ricos em outros minerais. Nos leitos puros há ribbons policristalinos. A microestrutura geral é similar aquela descrita para milonitos de alta temperatura. (E.g., PASSCHIER & TROUW, 2005). Os feldspatos, dominantemente microclínio, apresentam-se ou como grãos alongados na matriz, ou como porfiroclasos com baixa razão axial envoltos por sombras de deformação com quartzo ±  plagioclásio ± microclínio,, ou manteados. Isso sugere que grãos favoravelmente orientados se deformaram por deformação intercristalina, enquanto grãos desfavoravelmente orientados acomodam a deformação por recristalização dinâmica. Isso indica milonitização em temperatura acima de 500°C. A biotita apresenta cor marrom-escuro e razão axial muito alta (maior ou igual a 10:1), estando sempre orientada na foliação. A muscovita é relativamente grossa e aparece orientada na xistosidade, ou discordante desta, sendo tipicamente tardia em relação aos outros minerais. A granada apresenta inclusões de epidoto, quartzo e titanita, alongadas e orientadas em uma foliação perpendicular à xistosidade externa. Apresenta sombras de deformação assimétricas definindo um sistema tipo sigma (sinistral). ","PETROGRAFO":"Frederico Meira Faleiros","PROJETO":"Geologia das Folhas Aldeia Tomázia e Fazenda Santa Otília","BASE_CARTOGRAFICA":"SF.21-V-B-VI - Aldeia Tomasia","TIPO_SECAO":"Delgada","GRAU_INTEMPERISMO":null,"TAMANHO_AMOSTRA":null,"COR_RX_FRESCA":null,"COR_RX_INTEMPERIZADA":null,"GRANULACAO_MINIMA":" ","GRANULACAO_MEDIA":" ","GRANULACAO_MAXIMA":" ","SELECIONAMENTO":null,"CONSISTENCIA_AMOSTRA":null,"CONTATO":null,"COD_CLASSIFICACAO":null,"PROTOLITO":null,"ROCHA":"Quartzo xisto","LINK":"p_cod_amostra=116422&p_cod_rocha=560039&p_cod_afloramento=485064","LOCAL_LAMINA":"SUREG-SP","LOTE_LAMINA":null,"NUM_LAB_LAMINA":null,"FICHA":null,"MINERAIS_IDENTIFICADOS":"Quartzo(64%), Microclínio(20%), Opaco (Microscopia)(5%), Biotita(3%), Epidoto(2%), Granada(<1%), Muscovita(1%), Titanita(<1%), Monazita(<1%), Zircão(<1%)","X":-57.173,"Y":-20.67,"DATUM":"WGS84","__atlas_chave_independente":"AFLOR_ROCHA:485064:560039","__atlas_n_registros_grupo":1,"__atlas_q_registro":0.875,"__atlas_q_grupo":0.875,"__atlas_unidade_geologica_id":"1455","__atlas_unidade_geologica_sigla":"PP4at","__atlas_unidade_geologica_nome":"Formação Alto Tererê","__atlas_fonte":"SGB · GeoSGB · Petrografia","__atlas_snapshot":"2026-08-14"}},{"type":"Feature","id":28843297,"geometry":{"type":"Point","coordinates":[-57.18900000000002,-20.733000000000004]},"properties":{"OBJECTID":28843297,"COD_AMOSTRA":116423,"COD_AFLORAMENTO":485069,"COD_ROCHA":560046,"NUM_CAMPO_AMOSTRA":"FM-0098-B","COD_LAMINA":42250,"NUM_CAMPO_LAMINA":"4220-FM-R-0098-B","NOTAS":"Textura: intergranular seriada, subofítica\r\nGranulação: 0,02 - 0,55 mm\r\nNome: Diabásio\r\nUnidade geológica: Suíte Rio Perdido\r\n\r\nRocha isótropa com textura intergranular subédrica seriada, e também subofítica com cristais de clinopiroxênio parcialmente inclusos em cristais ripiformes de plagioclásio. As ripas de plagioclásio apresentam-se distribuídas em arranjo aleatório. O clinopiroxênio é bege, geminado e com baixa birrefrigência, por vezes confundível com ortopiroxênio. Óxidos de ferro (magnetita/ilmenita) são euédricos e disseminados pela rocha, estando parcial ou totalmente inclusões em plagioclásio e clinopiroxênio. Agregados muitos finos constituídos por biotita ± sericita ± epidoto ± tremolita preenchem interstícios entre cristais subédricos/euédricos de plagioclásio e clinopiroxênio, representando provavelmente material devitrificado. Entretanto a mesma associação aparece em baixa porcentagem intercrescida cm plagioclásio como minerais de alteração, e também preenchendo microfraturas. Localmente, biotita (+ associação) ocorre como pseudomorfo de mineral tabular - não identificado. ","PETROGRAFO":"Frederico Meira Faleiros","PROJETO":"Geologia das Folhas Aldeia Tomázia e Fazenda Santa Otília","BASE_CARTOGRAFICA":"SF.21-V-B-VI - Aldeia Tomasia","TIPO_SECAO":"Delgada","GRAU_INTEMPERISMO":null,"TAMANHO_AMOSTRA":null,"COR_RX_FRESCA":null,"COR_RX_INTEMPERIZADA":null,"GRANULACAO_MINIMA":" ","GRANULACAO_MEDIA":" ","GRANULACAO_MAXIMA":" ","SELECIONAMENTO":null,"CONSISTENCIA_AMOSTRA":null,"CONTATO":null,"COD_CLASSIFICACAO":null,"PROTOLITO":null,"ROCHA":"Diabásio","LINK":"p_cod_amostra=116423&p_cod_rocha=560046&p_cod_afloramento=485069","LOCAL_LAMINA":"SUREG-SP","LOTE_LAMINA":null,"NUM_LAB_LAMINA":null,"FICHA":null,"MINERAIS_IDENTIFICADOS":"Piroxênio(37%), Magnetita(15%), Epidoto(<7%), Sericita(<7%), Biotita(<7%), Tremolita(<7%)","X":-57.189,"Y":-20.733,"DATUM":"WGS84","__atlas_chave_independente":"AFLOR_ROCHA:485069:560046","__atlas_n_registros_grupo":1,"__atlas_q_registro":0.875,"__atlas_q_grupo":0.875,"__atlas_unidade_geologica_id":"1455","__atlas_unidade_geologica_sigla":"PP4at","__atlas_unidade_geologica_nome":"Formação Alto Tererê","__atlas_fonte":"SGB · GeoSGB · Petrografia","__atlas_snapshot":"2026-08-14"}},{"type":"Feature","id":28843313,"geometry":{"type":"Point","coordinates":[-57.18900000000002,-20.744000000000028]},"properties":{"OBJECTID":28843313,"COD_AMOSTRA":116424,"COD_AFLORAMENTO":485070,"COD_ROCHA":560050,"NUM_CAMPO_AMOSTRA":"FM-0099","COD_LAMINA":42251,"NUM_CAMPO_LAMINA":"4220-FM-R-0099","NOTAS":"Textura: bandas granoblásticas alternadas com bandas lepidoblásticas \r\nGranulação: 0,01 a 0,7 mm\r\nNome: Epidoto-granada-biotita-muscovita-quartzo xisto\r\nMetamorfismo: fácies xisto verde superior, zona da granada\r\nUnidade geológica: Formação Alto Tererê\r\n\r\n\r\nA rocha apresenta uma laminação submilimétrica descontínua onde lentes granoblásticas formadas por quartzo + feldspatos se alternam com lâminas lepidoblásticas menos espessas formadas essencialmente por muscovita. As lâminas lepidoblásticas bem como cristais isolados de muscovita e biotita definem duas xistosidades, formando tramas SC. A biotita ocorre preferencialmente como grãos isolados nos domínios granoblásticos, e não associada à muscovita. A granada apresenta sombras de deformação assimétricas definindo sistemas tipo delta destrais, condizentes com as tramas SC. Não ocorrem foliações internas preservadas na granada. Epidoto apresenta-se dominantemente orientado na xistosidade C. Em agregados monominerálicos, o quartzo apresenta contatos lobados a localmente retos entre os grãos, indicando recristalização por migração de bordas de grãos seguida por recuperação parcial. Apresenta extinção ondulante fraca e razão axial moderada (até 2:1), com forte orientação preferencial de forma paralela à xistosidade principal (Direção C). Em leitos quartzosos mais expessos a granulação atinge até 1,5 mm, o que, associado a uma correlação entre a porcentagem de impurezas e a granulação, indica que na maior parte da rochas as impurezas impediram o crescimento dos grãos. \r\nEm termos de protolitos, a composição rica em microclínio (provavelmente clástico) sugere um sedimento imaturo, possivelmente metarcóseo ou metagrauvaca. ","PETROGRAFO":"Frederico Meira Faleiros","PROJETO":"Geologia das Folhas Aldeia Tomázia e Fazenda Santa Otília","BASE_CARTOGRAFICA":"SF.21-V-B-VI - Aldeia Tomasia","TIPO_SECAO":"Delgada","GRAU_INTEMPERISMO":null,"TAMANHO_AMOSTRA":null,"COR_RX_FRESCA":null,"COR_RX_INTEMPERIZADA":null,"GRANULACAO_MINIMA":" ","GRANULACAO_MEDIA":" ","GRANULACAO_MAXIMA":" ","SELECIONAMENTO":null,"CONSISTENCIA_AMOSTRA":null,"CONTATO":null,"COD_CLASSIFICACAO":null,"PROTOLITO":null,"ROCHA":"Muscovita-quartzo xisto","LINK":"p_cod_amostra=116424&p_cod_rocha=560050&p_cod_afloramento=485070","LOCAL_LAMINA":"SUREG-SP","LOTE_LAMINA":null,"NUM_LAB_LAMINA":null,"FICHA":null,"MINERAIS_IDENTIFICADOS":"Quartzo(45%), Muscovita(20%), Microclínio(10%), Biotita(6%), Epidoto(5%), Granada(5%), Opaco (Microscopia)(3%), Zircão(<1%)","X":-57.189,"Y":-20.744,"DATUM":"WGS84","__atlas_chave_independente":"AFLOR_ROCHA:485070:560050","__atlas_n_registros_grupo":1,"__atlas_q_registro":0.875,"__atlas_q_grupo":0.875,"__atlas_unidade_geologica_id":"1455","__atlas_unidade_geologica_sigla":"PP4at","__atlas_unidade_geologica_nome":"Formação Alto Tererê","__atlas_fonte":"SGB · GeoSGB · Petrografia","__atlas_snapshot":"2026-08-14"}},{"type":"Feature","id":28843329,"geometry":{"type":"Point","coordinates":[-57.264999999999986,-20.521000000000015]},"properties":{"OBJECTID":28843329,"COD_AMOSTRA":116425,"COD_AFLORAMENTO":485072,"COD_ROCHA":560054,"NUM_CAMPO_AMOSTRA":"FM-0102-A","COD_LAMINA":42252,"NUM_CAMPO_LAMINA":"4220-FM-R-0102-A","NOTAS":"Textura: lenticularizada milonítica, porfiroclástica \r\nGranulação: 0,01 - 6 mm\r\nNome: Sienogranito milonítico\r\n\r\nA rocha apresenta textura porfiroclástica com grãos submilimétricos a milimétricos de microclínio de plagioclásio, angulosos a localmente arredondados, fraturados, dispersos em uma matriz de granulação fina a muito fina segregada entre leitos quartzosos e leitos feldspáticos, ambos recristalizados dinamicamente. Os porfiroclastos apresentam extinção ondulante, subgrãos e microfraturas, por vezes conjugadas, comumente preenchidas por agregados de quartzo com granulação entre 0,03 e 0,5 mm. Comumente os porfiroclastos de microclínio apresentam microfraturas e bordas decoradas por agregados de grãos recristalizados com granulação da ordem de 0,01 - 0,02 mm (bulging).Os porfiroclastos de microclínio estão praticamente livres de alteração e podem apresentar inclusões vermiformes de quartzo e plagioclásio. Localmente ocorrem grãos com intercrescimento gráfico de quartzo. Os leitos feldspáticos da matriz apresentam grãos com forte orientação preferencial de forma e granulação de 0,1 - 0,15 mm manteados por agregados de granulação da ordem de 0,01 - 0,02 mm (bulging). O plagioclásio apresenta intercrescimentos de agregados muito finos de epidoto + sericita, além das mesmas microestruturas internas apresentadas pelo microclínio, com exceção de grãos cristalizados dinamicamente. O quartzo ocorre em agregados com texturas inequigranular interlobada ou amebóide, indicando recristalização por migração de borda de grãos. O quartzo apresenta extinção ondulante e é rico em inclusões fluidas analisáveis. Biotita laranja escuro e epidoto formam agregados desenvolvidos a longo de bandas de deformação discretas, e também ao longo de sombras de deformação em torno de porfiroclastos.\r\nHá 50% porfiroclastos e 50% de grãos neofromados (milonito).\r\nTemperatura entre 500-600°C (bulging do microclínio, grain boundary migration do quartzo). ","PETROGRAFO":"Frederico Meira Faleiros","PROJETO":"Geologia das Folhas Aldeia Tomázia e Fazenda Santa Otília","BASE_CARTOGRAFICA":"SF.21-V-B-VI - Aldeia Tomasia","TIPO_SECAO":"Delgada","GRAU_INTEMPERISMO":null,"TAMANHO_AMOSTRA":null,"COR_RX_FRESCA":null,"COR_RX_INTEMPERIZADA":null,"GRANULACAO_MINIMA":" ","GRANULACAO_MEDIA":" ","GRANULACAO_MAXIMA":" ","SELECIONAMENTO":null,"CONSISTENCIA_AMOSTRA":null,"CONTATO":null,"COD_CLASSIFICACAO":null,"PROTOLITO":null,"ROCHA":"Milonito, Sienogranito","LINK":"p_cod_amostra=116425&p_cod_rocha=560054&p_cod_afloramento=485072","LOCAL_LAMINA":"SUREG-SP","LOTE_LAMINA":null,"NUM_LAB_LAMINA":null,"FICHA":null,"MINERAIS_IDENTIFICADOS":"Microclínio(43%), Quartzo(25%)","X":-57.265,"Y":-20.521,"DATUM":"WGS84","__atlas_chave_independente":"AFLOR_ROCHA:485072:560054","__atlas_n_registros_grupo":1,"__atlas_q_registro":0.875,"__atlas_q_grupo":0.875,"__atlas_unidade_geologica_id":"1465","__atlas_unidade_geologica_sigla":"PP3ap","__atlas_unidade_geologica_nome":"Complexo Rio Apa","__atlas_fonte":"SGB · GeoSGB · Petrografia","__atlas_snapshot":"2026-08-14"}},{"type":"Feature","id":28843345,"geometry":{"type":"Point","coordinates":[-57.257000000000005,-20.54000000000002]},"properties":{"OBJECTID":28843345,"COD_AMOSTRA":116426,"COD_AFLORAMENTO":485074,"COD_ROCHA":560058,"NUM_CAMPO_AMOSTRA":"FM-0104-A","COD_LAMINA":42253,"NUM_CAMPO_LAMINA":"4220-FM-R-0104-A","NOTAS":"Textura: lenticularizada milonítica, porfiroclástica \r\nGranulação: 4 mm\r\nNome: Monzogranito milonítico hidrotermalizado\r\nAlteração hidrotermal: intensa associação se + ep + ms + ab + fluorita\r\n\r\nA amostra apresenta estrutura anastomosada com bandas de cisalhamento do tipo SC. Ocorre segregação entre leitos quartzosos, feldspáticos, muscovíticos e ricos em epidoto. As lentes quartzosas apresentam grãos relativamente grossos (0,5 mm) com formas irregulares e contatos lobados indicativos de grain boundary migration, e forte extinção ondulante. Os grãos grossos apresentam-se manteados, parcialmente, por grãos de poucas micra de diâmetro, indicativos de bulging. Por vezes formam-se lentes de agregados muito finos. Os feldspatos ocorrem essencialmente como porfiroclastos arredondados com sombras de deformação compondo sistema tipo sigma. As sombras são compostas por quartzo ou muscovita/sericita + quartzo. O plagioclásio apresenta intenso intercrescimento de sericita + epidoto + fluorita por vezes quase completamente pseudomorfizado. Apresenta bordas de sobrecrescimento de albita. O microclínio está livre de alteração hidrotermal. A muscovita \"grossa\" apresenta-se como micafish. Ocorrem cristais de microclínio parcialmente manteados por agregados de poucas micra de diâmetro, indicando bulging.\r\n\r\nAs evidências microestruturais sugerem uma fase de milonitização em temperatura relativamente alta (aproximadamente 500°C; recristalização ou feldspato por bulging, e no quartzo por grain boundary migration) superposta por milonitização em temperatura baixa. (400°C - bulging no quatzo). O hidrotermalismo parece associado à úlima fase, visto que ocorrrem bandas de cisalhameno ricas em sericita, epidoto e epidoto + sericita).\r\nA fluorita ocorre essencialmente \"inclusa\" em plagioclásio.","PETROGRAFO":"Frederico Meira Faleiros","PROJETO":"Geologia das Folhas Aldeia Tomázia e Fazenda Santa Otília","BASE_CARTOGRAFICA":"SF.21-V-B-VI - Aldeia Tomasia","TIPO_SECAO":"Delgada","GRAU_INTEMPERISMO":null,"TAMANHO_AMOSTRA":null,"COR_RX_FRESCA":null,"COR_RX_INTEMPERIZADA":null,"GRANULACAO_MINIMA":" ","GRANULACAO_MEDIA":" ","GRANULACAO_MAXIMA":" ","SELECIONAMENTO":null,"CONSISTENCIA_AMOSTRA":null,"CONTATO":null,"COD_CLASSIFICACAO":null,"PROTOLITO":null,"ROCHA":"Milonito, Monzogranito","LINK":"p_cod_amostra=116426&p_cod_rocha=560058&p_cod_afloramento=485074","LOCAL_LAMINA":"SUREG-SP","LOTE_LAMINA":null,"NUM_LAB_LAMINA":null,"FICHA":null,"MINERAIS_IDENTIFICADOS":"Quartzo(26%), Microclínio(22%), Sericita(8%), Epidoto(8%), Muscovita(3%), Titanita(<1%), Carbonato(<1%), Apatita(<1%), Fluorita(1%)","X":-57.257000000000005,"Y":-20.54,"DATUM":"WGS84","__atlas_chave_independente":"AFLOR_ROCHA:485074:560058","__atlas_n_registros_grupo":1,"__atlas_q_registro":0.875,"__atlas_q_grupo":0.875,"__atlas_unidade_geologica_id":"1465","__atlas_unidade_geologica_sigla":"PP3ap","__atlas_unidade_geologica_nome":"Complexo Rio Apa","__atlas_fonte":"SGB · GeoSGB · Petrografia","__atlas_snapshot":"2026-08-14"}},{"type":"Feature","id":28843361,"geometry":{"type":"Point","coordinates":[-57.254999999999995,-20.541999999999973]},"properties":{"OBJECTID":28843361,"COD_AMOSTRA":116427,"COD_AFLORAMENTO":485075,"COD_ROCHA":560059,"NUM_CAMPO_AMOSTRA":"FM-0105-D","COD_LAMINA":42254,"NUM_CAMPO_LAMINA":"4220-FM-R-0105-D","NOTAS":"Textura: porfiroclástica, lenticularizada milonítica\r\nGranulação: 0,01 - 3 mm\r\nNome: Monzogranito milonítico\r\nMetamorfismo: fácies xisto verde\r\n\r\nA rocha apresenta estrutura anastomosada com bandas de cisalhamento do tipo SC. As bandas de cisalhamento são compostas por quartzo, muscovita/sericita ou quartzo + sericita ou ricas em epidoto. Os feldspatos ocorrem essencialmente como porfiroclastos sigmóides com dimensões entre 0,3 e 3 mm, com sombras de deformação definindo sistemas do tipo sigma. Localmente ocorrem porfiroclastos manteados por grãos de dimensões da ordem de 0,01 mm, indicando recristalização por bulging (T da ordem de 500°C). Tanto o plagioclásio quanto o microclínio estão intensamente alterados, com intercrescimentos de sericita + epidoto ± fluorita ± carbonato e sericita ± epidoto± carbonato, respectivamente. É impossível estimar com acurácia a proporção entre plagioclásio e microclínio, contudo, ocorre mais plagioclásio, indicando composição monzogranítica. O quartzo forma agregados monominerálicos paralelos à foliação milonítica. Esses agregados mostram grãos relativamente grossos (0,2 - 1 mm) com forte razão axial (2:1 a 10:1), forte extinção ondulante e contatos lobados entre grãos (grain boundary migration). Os grãos maiores estão (heterogeneamente manteados) por grãos de granulação de aproximadamente 0,01 mm, que por vezes chegam a formar lâminas (bulging II). Por vezes os contatos de grãos grossos são decorados por grãos isolados (bulging I). Os indicadores cinemáticos são consistantemente de empurrão e incluem vários tipos.","PETROGRAFO":"Frederico Meira Faleiros","PROJETO":"Geologia das Folhas Aldeia Tomázia e Fazenda Santa Otília","BASE_CARTOGRAFICA":"SF.21-V-B-VI - Aldeia Tomasia","TIPO_SECAO":"Delgada","GRAU_INTEMPERISMO":null,"TAMANHO_AMOSTRA":null,"COR_RX_FRESCA":null,"COR_RX_INTEMPERIZADA":null,"GRANULACAO_MINIMA":" ","GRANULACAO_MEDIA":" ","GRANULACAO_MAXIMA":" ","SELECIONAMENTO":null,"CONSISTENCIA_AMOSTRA":null,"CONTATO":null,"COD_CLASSIFICACAO":null,"PROTOLITO":null,"ROCHA":"Monzogranito milonítico","LINK":"p_cod_amostra=116427&p_cod_rocha=560059&p_cod_afloramento=485075","LOCAL_LAMINA":"SUREG-SP","LOTE_LAMINA":null,"NUM_LAB_LAMINA":null,"FICHA":null,"MINERAIS_IDENTIFICADOS":"Microclínio(<45%), Quartzo(30%), Sericita(<10%), Epidoto(10%), Muscovita(<10%), Carbonato(<1%), Carbonato(1%), Fluorita(<1%)","X":-57.255,"Y":-20.542,"DATUM":"WGS84","__atlas_chave_independente":"AFLOR_ROCHA:485075:560059","__atlas_n_registros_grupo":1,"__atlas_q_registro":0.875,"__atlas_q_grupo":0.875,"__atlas_unidade_geologica_id":"1465","__atlas_unidade_geologica_sigla":"PP3ap","__atlas_unidade_geologica_nome":"Complexo Rio Apa","__atlas_fonte":"SGB · GeoSGB · Petrografia","__atlas_snapshot":"2026-08-14"}},{"type":"Feature","id":28843425,"geometry":{"type":"Point","coordinates":[-57.33600000000001,-20.754999999999995]},"properties":{"OBJECTID":28843425,"COD_AMOSTRA":116431,"COD_AFLORAMENTO":485083,"COD_ROCHA":560078,"NUM_CAMPO_AMOSTRA":"FM-0112","COD_LAMINA":42258,"NUM_CAMPO_LAMINA":"4220-FM-R-0112","NOTAS":"Textura: blastointergranular anédrica seriada\r\nGranulação: 0,01 - 1,5 mm\r\nNome: Sericita-quartzo-epidoto-clorita granofels\r\nMetamorfismo: fácies xisto verde inferior\r\nUnidade Geológica: Suíte Rio Perdido\r\n\r\nA rocha apresenta textura ígnea intergranular ainda reconhecível, sendo isótropa. Agregados de pseudomorfos anédricos a subédricos de plagioclásio constituídos por agregados de epidoto + sericita ± feldspato se alternam com agregados de pseudomorfos de piroxênio constituídos por intercrescimentos de clorita + epidoto ± titanita, e quartzo intersticial. O quartzo apresenta extinção ondulante, mas preserva sua textura ígnea reliquiar. A clorita é verde-escuro com cor de interferência marrom anômalo, indicando composição rica em ferro. O epidoto é muito fino (0,01 - 0,05 mm) quando associado à sericita nos pseudomorfos de plagioclásio e mais grosso (até 0,07 mm).Quando associado à clorita nos pseudomorfos de piroxênio. A titanita ocorre exclusivamente intercrescida com clorita, sendo metamórfica. A apatita é euédrica e impossível afirmar se representa uma relíquia da fase ígnea ou de natureza metamórfica. ","PETROGRAFO":"Frederico Meira Faleiros","PROJETO":"Geologia das Folhas Aldeia Tomázia e Fazenda Santa Otília","BASE_CARTOGRAFICA":"SF.21-V-B-VI - Aldeia Tomasia","TIPO_SECAO":"Delgada-polida","GRAU_INTEMPERISMO":null,"TAMANHO_AMOSTRA":null,"COR_RX_FRESCA":null,"COR_RX_INTEMPERIZADA":null,"GRANULACAO_MINIMA":" ","GRANULACAO_MEDIA":" ","GRANULACAO_MAXIMA":" ","SELECIONAMENTO":null,"CONSISTENCIA_AMOSTRA":null,"CONTATO":null,"COD_CLASSIFICACAO":null,"PROTOLITO":null,"ROCHA":"Metadiabásio","LINK":"p_cod_amostra=116431&p_cod_rocha=560078&p_cod_afloramento=485083","LOCAL_LAMINA":"SUREG-SP","LOTE_LAMINA":null,"NUM_LAB_LAMINA":null,"FICHA":null,"MINERAIS_IDENTIFICADOS":"Clorita(40%), Epidoto(23%), Quartzo(15%), Sericita(13%), Apatita(2%), Opaco (Microscopia)(1%), Titanita(1%)","X":-57.336000000000006,"Y":-20.755000000000003,"DATUM":"WGS84","__atlas_chave_independente":"AFLOR_ROCHA:485083:560078","__atlas_n_registros_grupo":1,"__atlas_q_registro":0.875,"__atlas_q_grupo":0.875,"__atlas_unidade_geologica_id":"1455","__atlas_unidade_geologica_sigla":"PP4at","__atlas_unidade_geologica_nome":"Formação Alto Tererê","__atlas_fonte":"SGB · GeoSGB · Petrografia","__atlas_snapshot":"2026-08-14"}},{"type":"Feature","id":28843441,"geometry":{"type":"Point","coordinates":[-57.327999999999975,-20.75799999999998]},"properties":{"OBJECTID":28843441,"COD_AMOSTRA":116432,"COD_AFLORAMENTO":485084,"COD_ROCHA":560080,"NUM_CAMPO_AMOSTRA":"FM-0113-B","COD_LAMINA":42259,"NUM_CAMPO_LAMINA":"4220-FM-R-0113-B","NOTAS":"Textura: blastointergranular subédrica seriada\r\nGranulação: 4 mm\r\nNome: Sericita-epidoto-hornblenda granofels (Meta-horblenda-gabro)\r\nUnidade Geológica: Suíte Rio Perdido\r\n\r\nRocha isótropa com textura ígnea preservada, dominada por cumulatos de hornblenda verde-claro acastanhada anédrica a subédrica, com pseudomorfos de plagioclásio e quartzo intersticial (intercúmulus). Na lâmina ocorre somente um cristal preservado de feldspato, com aproximadamente 50% de intercrescimento gráfico com quartzo, sem geminação, e com intercrescimento de epidoto + sericita. O restante dos pseudomorfos de plagioclásio consiste de intercrescimentos de epidoto +sericita. O epidoto é em geral subédrico a euédrico, enquanto a sericita anédrica a subédrica. Pseudomorfos de plagioclásio euédrico (epidoto ± sericita) ocorrem inclusos na hornblenda. O quartzo apresenta leve extinção ondulante e ausência de feições indicativas de recristalização. ","PETROGRAFO":"Frederico Meira Faleiros","PROJETO":"Geologia das Folhas Aldeia Tomázia e Fazenda Santa Otília","BASE_CARTOGRAFICA":"SF.21-V-B-VI - Aldeia Tomasia","TIPO_SECAO":"Delgada-polida","GRAU_INTEMPERISMO":null,"TAMANHO_AMOSTRA":null,"COR_RX_FRESCA":null,"COR_RX_INTEMPERIZADA":null,"GRANULACAO_MINIMA":" ","GRANULACAO_MEDIA":" ","GRANULACAO_MAXIMA":" ","SELECIONAMENTO":null,"CONSISTENCIA_AMOSTRA":null,"CONTATO":null,"COD_CLASSIFICACAO":null,"PROTOLITO":null,"ROCHA":"Metagabro","LINK":"p_cod_amostra=116432&p_cod_rocha=560080&p_cod_afloramento=485084","LOCAL_LAMINA":"SUREG-SP","LOTE_LAMINA":null,"NUM_LAB_LAMINA":null,"FICHA":null,"MINERAIS_IDENTIFICADOS":"Hornblenda(71%), Sericita(10%), Quartzo(3%), Epidoto(3%)","X":-57.328,"Y":-20.758000000000003,"DATUM":"WGS84","__atlas_chave_independente":"AFLOR_ROCHA:485084:560080","__atlas_n_registros_grupo":1,"__atlas_q_registro":0.875,"__atlas_q_grupo":0.875,"__atlas_unidade_geologica_id":"1455","__atlas_unidade_geologica_sigla":"PP4at","__atlas_unidade_geologica_nome":"Formação Alto Tererê","__atlas_fonte":"SGB · GeoSGB · Petrografia","__atlas_snapshot":"2026-08-14"}},{"type":"Feature","id":28843457,"geometry":{"type":"Point","coordinates":[-57.307000000000016,-20.771000000000015]},"properties":{"OBJECTID":28843457,"COD_AMOSTRA":116433,"COD_AFLORAMENTO":485087,"COD_ROCHA":560086,"NUM_CAMPO_AMOSTRA":"FM-0116","COD_LAMINA":42260,"NUM_CAMPO_LAMINA":"4220-FM-R-0116","NOTAS":"Textura: porfiroclástica, granoblástica e lepidoblástica\r\nGranulação: < 0,01 - 0,6 mm\r\nNome: Metarcóseo\r\nMetamorfismo: Deformação entre 450°-500°C (microestruturas quartzo-feldspato)\r\nUnidade geológica: Formação Alto Tererê\r\n\r\nA rocha apresenta laminação com alternância entre leitos granoblásticos ricos em feldspatos, lentes ricas em quartzo e lâminas discretas lepidoblásticas ricas em muscovita (± opacos ± epidoto). A laminação apresenta-se lenticularizada formando uma clivagem do tipo bandas de cisalhamento C linha indicativa de empurrão para WNW. As bandas feldspáticas apresentam textura porfiroclástica, com porfiroclastos arredondados e pouco a moderadamente elongados de feldspatos (0,1 - 0,6 mm) imersos em matriz quartzo-feldspática com granulação principalmente no intervalo de menor que 0,01 a 0,05 mm. Os porfiroclastos de feldspato apresentam-se manteados por agregados de granulação menor ou igual a 0,01 mm e por vezes agregados semelhantes ocorrem ao longo de microfraturas (simples ou conjugadas). Localmente ocorrem leitos distintos ricos em feldspato recristalizado (granulação menor ou igual a 0,01 mm). Essas microestruturas sugerem deformação em temperaturas maiores que 450°C (bulging). Os agregados de quartzo apresentam microestrutura inequigranular poligonizada. Embora porfiroclastos de quartzo sejam ausentes, efeitos da placa de gipso mostram domínios com orientação cristalográfica muito próxima, guardando formas de antigos porfiroclastos alongados segundo a direção S. Apesar da poligonização (recuperação) ainda ocorrem alguns domínios com contatos lobados entre grãos. O conjunto das microestruturas sugere que o quartzo se recristalizado por uma combinação de rotação de subgrãos e migração de borda de grãos e posteriormente passou por recristalização estática (poligonização). As microestruturas sugerem temperaturas deformacionais em torno de 500°C. Entretanto, essa temperatura não é corroborada pela paragênese metamórfica, talvez devido à composição da rocha. A orientação dos porfiroclastos alongados é muito variável. Ocorrem veios de quartzo oblíquos a foliação, com textura poligonizada. ","PETROGRAFO":"Frederico Meira Faleiros","PROJETO":"Geologia das Folhas Aldeia Tomázia e Fazenda Santa Otília","BASE_CARTOGRAFICA":"SF.21-V-B-VI - Aldeia Tomasia","TIPO_SECAO":"Delgada","GRAU_INTEMPERISMO":null,"TAMANHO_AMOSTRA":null,"COR_RX_FRESCA":null,"COR_RX_INTEMPERIZADA":null,"GRANULACAO_MINIMA":" ","GRANULACAO_MEDIA":" ","GRANULACAO_MAXIMA":" ","SELECIONAMENTO":null,"CONSISTENCIA_AMOSTRA":null,"CONTATO":null,"COD_CLASSIFICACAO":null,"PROTOLITO":null,"ROCHA":"Metarcóseo","LINK":"p_cod_amostra=116433&p_cod_rocha=560086&p_cod_afloramento=485087","LOCAL_LAMINA":"SUREG-SP","LOTE_LAMINA":null,"NUM_LAB_LAMINA":null,"FICHA":null,"MINERAIS_IDENTIFICADOS":"Microclínio(35%), Quartzo(27%), Muscovita(5%), Opaco (Microscopia)(2%), Epidoto(<1%)","X":-57.307,"Y":-20.771,"DATUM":"WGS84","__atlas_chave_independente":"AFLOR_ROCHA:485087:560086","__atlas_n_registros_grupo":1,"__atlas_q_registro":0.875,"__atlas_q_grupo":0.875,"__atlas_unidade_geologica_id":"1455","__atlas_unidade_geologica_sigla":"PP4at","__atlas_unidade_geologica_nome":"Formação Alto Tererê","__atlas_fonte":"SGB · GeoSGB · Petrografia","__atlas_snapshot":"2026-08-14"}},{"type":"Feature","id":28843473,"geometry":{"type":"Point","coordinates":[-57.281000000000006,-20.786]},"properties":{"OBJECTID":28843473,"COD_AMOSTRA":116434,"COD_AFLORAMENTO":485094,"COD_ROCHA":560102,"NUM_CAMPO_AMOSTRA":"FM-0123-B","COD_LAMINA":42261,"NUM_CAMPO_LAMINA":"4220-FM-R-0123-B","NOTAS":"Textura: porfiroclástica, inequigranular poligonizada, localmente lepidoblástica\r\nGranulação:  < 0,01 - 4,5 mm\r\nNome: Muscovita quartzito milonítico\r\nUnidade geológica: Formação Alto Tererê\r\n\r\nRocha apresenta intensa xistosidade marcada por orientação preferencial de forma de porfiroclastos alongados de quartzo e pela presença de lentes muscovíticas lepidoblásticas discretas (espessura de aproximadamente 0,01 mm) disseminadas pela rocha. Tais leitos lepidoblásticos limitam lâminas tabulares quartzosas também discretas. Porfiroclastos de quartzo com dimensões entre 0,35 e 4,5 mm e razão de forma muito variável (1:1 a 14:1) estão dispersos na matriz recristalizada muito fina com granulação principalmente no intervalo de 0,05 - 0,15 mm. Os porfiroclastos de quartzo apresentam forte extinção ondulante e subgrãos e estão completamente manteados por grãos com dimensões aproximadamente iguais a dos subgrãos (0,5 - 0,15 mm). Entretanto formas de grãos reliquiares ainda podem ser delineadas devido a coroas e sombras de deformação formadas por muscovita. A matriz e os mantos de recristalização apresentam microestrutura inequigranular a aproximadamente equigranular e transicional entre interlobada e poligonizada. Os grãos da matriz/mantos estão livres de extinção ondulante. O conjunto das microestruturas indica recristalização do quartzo dominada por rotação de subgrãos com contribuição de migração de borda de grãos, sugerindo temperatura deformacional da ordem de 450 - 500°C. Minerais opacos, turmalina azul acastanhada, zircão e rutilo são fases essencialmente clásticas. ","PETROGRAFO":"Frederico Meira Faleiros","PROJETO":"Geologia das Folhas Aldeia Tomázia e Fazenda Santa Otília","BASE_CARTOGRAFICA":"SF.21-V-B-VI - Aldeia Tomasia","TIPO_SECAO":"Delgada-polida","GRAU_INTEMPERISMO":null,"TAMANHO_AMOSTRA":null,"COR_RX_FRESCA":null,"COR_RX_INTEMPERIZADA":null,"GRANULACAO_MINIMA":" ","GRANULACAO_MEDIA":" ","GRANULACAO_MAXIMA":" ","SELECIONAMENTO":null,"CONSISTENCIA_AMOSTRA":null,"CONTATO":null,"COD_CLASSIFICACAO":null,"PROTOLITO":null,"ROCHA":"Milonito, Muscovita quartzito","LINK":"p_cod_amostra=116434&p_cod_rocha=560102&p_cod_afloramento=485094","LOCAL_LAMINA":"SUREG-SP","LOTE_LAMINA":null,"NUM_LAB_LAMINA":null,"FICHA":null,"MINERAIS_IDENTIFICADOS":"Quartzo(93%), Muscovita(5%), Opaco (Microscopia)(1%), Zircão(<1%), Rutilo(<1%), Turmalina(1%)","X":-57.281000000000006,"Y":-20.786,"DATUM":"WGS84","__atlas_chave_independente":"AFLOR_ROCHA:485094:560102","__atlas_n_registros_grupo":1,"__atlas_q_registro":0.875,"__atlas_q_grupo":0.875,"__atlas_unidade_geologica_id":"1455","__atlas_unidade_geologica_sigla":"PP4at","__atlas_unidade_geologica_nome":"Formação Alto Tererê","__atlas_fonte":"SGB · GeoSGB · Petrografia","__atlas_snapshot":"2026-08-14"}},{"type":"Feature","id":28843489,"geometry":{"type":"Point","coordinates":[-57.34800000000001,-20.839]},"properties":{"OBJECTID":28843489,"COD_AMOSTRA":116437,"COD_AFLORAMENTO":485099,"COD_ROCHA":560113,"NUM_CAMPO_AMOSTRA":"FM-0128-C","COD_LAMINA":42264,"NUM_CAMPO_LAMINA":"4220-FM-R-0128-C","NOTAS":"Textura: inequigranular, gráfica \r\nGranulação:0,01 - 8 mm\r\nNome: Sienogranito hidrotermalizado (Granófiro)\r\nUnidade geológica: Granito Morro da Lenha\r\n\r\nA rocha apresenta textura inequigranular seriada com cristais de 3 - 8 mm de microclínio anédrico com intercrescimento gráfico com quartzo, e localmente poiquilítico, em matriz de granulação entre 0,1 e 3 mm composta por microclínio, quartzo e plagioclásio em distribuições aleatórias. O plagioclásio encontra-se intensamente intercrescido com sericita + epidoto em proporções que superam os 50%. Apresenta formas anédricas a subédricas. O quartzo apresenta extinção ondulante irregular, formas irregulares e contatos lobados entre grãos, quando em domínios monominerálicos. É rico em inclusões fluidas secundárias em trilhas transgranulares, mas apresenta também inclusões em arranjos aleatórios (primárias?). O microclínio é aproximadamente mesopertítico, com lamelas de albita turvas devido a sericitização. Apresenta coroas compostas por agregados de albita com dimensão entre 0,05 e 0,15 mm (textura rapakivi). A biotita é laranja, fibrosa e por vezes forma agregados fibrorradiados em associação com epidoto e mineral opaco. Por vezes esses agregados estão inclusos ou intercrescido com microclínio. ","PETROGRAFO":"Frederico Meira Faleiros","PROJETO":"Geologia das Folhas Aldeia Tomázia e Fazenda Santa Otília","BASE_CARTOGRAFICA":"SF.21-V-B-VI - Aldeia Tomasia","TIPO_SECAO":"Delgada","GRAU_INTEMPERISMO":null,"TAMANHO_AMOSTRA":null,"COR_RX_FRESCA":null,"COR_RX_INTEMPERIZADA":null,"GRANULACAO_MINIMA":" ","GRANULACAO_MEDIA":" ","GRANULACAO_MAXIMA":" ","SELECIONAMENTO":null,"CONSISTENCIA_AMOSTRA":null,"CONTATO":null,"COD_CLASSIFICACAO":null,"PROTOLITO":null,"ROCHA":"Sienogranito","LINK":"p_cod_amostra=116437&p_cod_rocha=560113&p_cod_afloramento=485099","LOCAL_LAMINA":"SUREG-SP","LOTE_LAMINA":null,"NUM_LAB_LAMINA":null,"FICHA":null,"MINERAIS_IDENTIFICADOS":"Microclínio(50%), Quartzo(24%), Biotita(2%), Sericita(<1%), Zircão(<1%), Epidoto(<1%), Opaco (Microscopia)(<1%), Albita(<1%)","X":-57.348000000000006,"Y":-20.839000000000002,"DATUM":"WGS84","__atlas_chave_independente":"AFLOR_ROCHA:485099:560113","__atlas_n_registros_grupo":1,"__atlas_q_registro":0.875,"__atlas_q_grupo":0.875,"__atlas_unidade_geologica_id":"1507","__atlas_unidade_geologica_sigla":"Q2a","__atlas_unidade_geologica_nome":"Depósitos aluvionares","__atlas_fonte":"SGB · GeoSGB · Petrografia","__atlas_snapshot":"2026-08-14"}},{"type":"Feature","id":28843505,"geometry":{"type":"Point","coordinates":[-57.34800000000001,-20.839]},"properties":{"OBJECTID":28843505,"COD_AMOSTRA":116436,"COD_AFLORAMENTO":485099,"COD_ROCHA":560112,"NUM_CAMPO_AMOSTRA":"FM-0128-B","COD_LAMINA":42263,"NUM_CAMPO_LAMINA":"4220-FM-R-0128-B","NOTAS":"Textura: decussada, blastointergranular euédrica a subédrica\r\nGranulação: menor ou igual a 0,01 mm até 0,5 mm\r\nNome: Titanita-clorita-sericita-epidoto-actinolita granofels (Metadiabásio)\r\nMetamorfismo: fácies xisto verde inferior\r\nUnidade geológica: Suíte Rio Perdido\r\n\r\nRocha isótropa com textura ígnea preservada (blasto intergranular). Ripas de plagioclásio euédrico a subédrico apresentam intercrescimento de até 100% de agregados de sericita + epidoto. Os pseudomorfos apresentam orientação aleatória e se alternam com domínios de agregados constituídos por actinolita ± clorita. A actinolita apresenta forma fibrosa ou \"esquelética\". A clorita é verde-claro, com cor de interferência azul anômalo e por vezes formam agregados monominerálicos de cerca de 0,2 - 0,3 mm. A titanita ocorre como agregados criptocristalinos que pseudomorfizam mineral euédrico pretérito (titano-magnetita?). O epidoto é muito fino quando associado à sericita, e mais grosso e subédrico a euédrico quando presente em agregados ricos em clorita. Ocorrem raros restitos de plagioclásio geminado preservado. ","PETROGRAFO":"Frederico Meira Faleiros","PROJETO":"Geologia das Folhas Aldeia Tomázia e Fazenda Santa Otília","BASE_CARTOGRAFICA":"SF.21-V-B-VI - Aldeia Tomasia","TIPO_SECAO":"Delgada-polida","GRAU_INTEMPERISMO":null,"TAMANHO_AMOSTRA":null,"COR_RX_FRESCA":null,"COR_RX_INTEMPERIZADA":null,"GRANULACAO_MINIMA":" ","GRANULACAO_MEDIA":" ","GRANULACAO_MAXIMA":" ","SELECIONAMENTO":null,"CONSISTENCIA_AMOSTRA":null,"CONTATO":null,"COD_CLASSIFICACAO":null,"PROTOLITO":null,"ROCHA":"Metadiabásio","LINK":"p_cod_amostra=116436&p_cod_rocha=560112&p_cod_afloramento=485099","LOCAL_LAMINA":"SUREG-SP","LOTE_LAMINA":null,"NUM_LAB_LAMINA":null,"FICHA":null,"MINERAIS_IDENTIFICADOS":"Actinolita(25%), Sericita(23%), Epidoto(23%), Clorita(15%), Titanita(10%), Albita(3%), Magnetita(<1%), Quartzo(<1%)","X":-57.348000000000006,"Y":-20.839000000000002,"DATUM":"WGS84","__atlas_chave_independente":"AFLOR_ROCHA:485099:560112","__atlas_n_registros_grupo":1,"__atlas_q_registro":0.875,"__atlas_q_grupo":0.875,"__atlas_unidade_geologica_id":"1507","__atlas_unidade_geologica_sigla":"Q2a","__atlas_unidade_geologica_nome":"Depósitos aluvionares","__atlas_fonte":"SGB · GeoSGB · Petrografia","__atlas_snapshot":"2026-08-14"}},{"type":"Feature","id":28843537,"geometry":{"type":"Point","coordinates":[-57.34300000000002,-20.839999999999975]},"properties":{"OBJECTID":28843537,"COD_AMOSTRA":116438,"COD_AFLORAMENTO":485100,"COD_ROCHA":560114,"NUM_CAMPO_AMOSTRA":"FM-0129-A","COD_LAMINA":42265,"NUM_CAMPO_LAMINA":"4220-FM-R-0129-A","NOTAS":"Mesoscopia\r\nTextura: fanerítica fina a média\r\nGranulação: < 1 - 3 mm\r\nEstrutura: isótropa\r\nIC: 55\r\n\r\nMicroscopia\r\nTextura: intergranular subédrica, subofítica \r\nGranulação: < 0,01 - 3 mm\r\nNome: Clinopiroxênio-norito\r\nUnidade geológica: Suíte Rio Perdido\r\n\r\nRocha isótropa com todos minerais distribuídos em orientação aleatória. A textura intergranular é definida pela alternância entre domínios ricos em piroxênios e domínios ricos em pseudomorfos ripiformes submilimétricos de plagioclásio. Cristais ripiformes menores de plagioclásio preservado (0,1 - 0,5 mm) estão inclusos nos piroxênios de maneira subofítica. Os pseudomorfos de plagioclásio consistem de agregados criptocristalinos de epidoto ± sericita. Ocorrem também com frequência cristais de feldspato com intercrescimento gráfico com quartzo. O clinopiroxênio apresenta formas corroídas, intercrescimentos por vezes simplecíticos de tremolita, e encontra-se invariavelmente envolto por coroas policristalinas ou monocristalinas de clinopiroxênio. O clinopiroxênio apresenta geminação polissintética e está comumente em textura intersticial. Biotita laranja-escuro ocorre essencialmente intercrescida com mineral opaco com formas corroídas. A hornblenda é castanho-escuro esverdeado e aparece associado a bordas corroídas de clinopiroxênio. Os minerais opacos apresentam formas euédricas a subédricas ou corroídas. ","PETROGRAFO":"Frederico Meira Faleiros","PROJETO":"Geologia das Folhas Aldeia Tomázia e Fazenda Santa Otília","BASE_CARTOGRAFICA":"SF.21-V-B-VI - Aldeia Tomasia","TIPO_SECAO":"Delgada-polida","GRAU_INTEMPERISMO":"Intemperizada","TAMANHO_AMOSTRA":"10 cm","COR_RX_FRESCA":"Cinza esverdeado","COR_RX_INTEMPERIZADA":"Ocre","GRANULACAO_MINIMA":"Fanerítica fina (<1,0mm)","GRANULACAO_MEDIA":"Fanerítica fina (<1,0mm)","GRANULACAO_MAXIMA":"Fanerítica média (1,0-5,0mm)","SELECIONAMENTO":null,"CONSISTENCIA_AMOSTRA":"Consistente","CONTATO":null,"COD_CLASSIFICACAO":null,"PROTOLITO":null,"ROCHA":"Norito","LINK":"p_cod_amostra=116438&p_cod_rocha=560114&p_cod_afloramento=485100","LOCAL_LAMINA":"SUREG-SP","LOTE_LAMINA":null,"NUM_LAB_LAMINA":null,"FICHA":null,"MINERAIS_IDENTIFICADOS":"Piroxênio(56%), Epidoto(16%), Sericita(8%), Tremolita(3%), Opaco (Microscopia)(2%), Hornblenda(<1%), Quartzo(1%), Biotita(1%)","X":-57.343,"Y":-20.84,"DATUM":"WGS84","__atlas_chave_independente":"AFLOR_ROCHA:485100:560114","__atlas_n_registros_grupo":1,"__atlas_q_registro":0.875,"__atlas_q_grupo":0.875,"__atlas_unidade_geologica_id":"1507","__atlas_unidade_geologica_sigla":"Q2a","__atlas_unidade_geologica_nome":"Depósitos aluvionares","__atlas_fonte":"SGB · GeoSGB · Petrografia","__atlas_snapshot":"2026-08-14"}},{"type":"Feature","id":28843553,"geometry":{"type":"Point","coordinates":[-57.127999999999986,-20.937000000000012]},"properties":{"OBJECTID":28843553,"COD_AMOSTRA":116439,"COD_AFLORAMENTO":485111,"COD_ROCHA":560135,"NUM_CAMPO_AMOSTRA":"FM-0140-A","COD_LAMINA":42266,"NUM_CAMPO_LAMINA":"4220-FM-R-0140-A","NOTAS":"Textura: inequigranular seriada, leitos lepidoblásticos e leitos granoblásticos\r\nGranulação: 0,01 - 3 mm\r\nNome: Biotita monzogranito\r\nUnidade geológica: Complexo Rio Apa\r\n\r\nA rocha apresenta laminação lenticularizada de espessura entre 0,1 a 0,5 mm com intercalações entre leitos granoblásticos quartzosos e feldspáticos e leitos lepidoblásticos formados por biotita ± muscovita ± epidoto ± minerais opacos. O quartzo apresenta extinção ondulante e forma agregados com textura inequigranular interlobada a amebóide indicando recristalização por grain boundary migration. Os grãos de quartzo apresentam razão de forma entre 1:1,5 e 1:4 e orientação preferencial de forma com inclinação de cerca de 20-25° em relação à laminação, definindo tramas SC indicativas de empurrão para oeste. O microclínio apresenta geminação bem formadas, inclusões arredondadas de quartzo, plagioclásio e, localmente biotita, e formas irregulares tendendo a amebóides envolvendo terminações arredondadas de quartzo e plagioclásio. Terminações em cúspide com baixos ângulos diedrais são comuns, sugerindo que o microclínio pseudomorfiza fundido magmático. Alguns grãos de microclínio estão parcialmente manteados por agregados de granulação ao redor de 0,05 mm, indicando recristalização por bulging. O plagioclásio é anédrico, com geminação bem formada, e apresenta inclusões arredondadas de quartzo e intercrescimento interlobado com microclínio. Intercrescimentos mirmequíticos com quartzo são comuns. A biotita é laranja-escuro e forma agregados com intercrescimentos de muscovita, epidoto e minerais opacos. Epidoto e minerais opacos formam agregados onde estão com formas fragmentadas e corroídas e envoltos por material criptocristalino. Aparentemente estão pseudomorfizando mineral pretérito totalmente corroído (granada?). Na lâmina ocorre somente um grão vermiforme de granada inclusa em grão de microclínio. ","PETROGRAFO":"Frederico Meira Faleiros","PROJETO":"Geologia das Folhas Aldeia Tomázia e Fazenda Santa Otília","BASE_CARTOGRAFICA":"SF.21-V-B-VI - Aldeia Tomasia","TIPO_SECAO":"Delgada-polida","GRAU_INTEMPERISMO":null,"TAMANHO_AMOSTRA":null,"COR_RX_FRESCA":null,"COR_RX_INTEMPERIZADA":null,"GRANULACAO_MINIMA":" ","GRANULACAO_MEDIA":" ","GRANULACAO_MAXIMA":" ","SELECIONAMENTO":null,"CONSISTENCIA_AMOSTRA":null,"CONTATO":null,"COD_CLASSIFICACAO":null,"PROTOLITO":null,"ROCHA":"Biotita monzogranito","LINK":"p_cod_amostra=116439&p_cod_rocha=560135&p_cod_afloramento=485111","LOCAL_LAMINA":"SUREG-SP","LOTE_LAMINA":null,"NUM_LAB_LAMINA":null,"FICHA":null,"MINERAIS_IDENTIFICADOS":"Microclínio(27%), Quartzo(23%), Biotita(10%), Muscovita(3%), Epidoto(2%), Opaco (Microscopia)(1%), Zircão(<1%), Monazita(<1%), Granada(<1%)","X":-57.128,"Y":-20.937,"DATUM":"WGS84","__atlas_chave_independente":"AFLOR_ROCHA:485111:560135","__atlas_n_registros_grupo":1,"__atlas_q_registro":0.875,"__atlas_q_grupo":0.875,"__atlas_unidade_geologica_id":"1507","__atlas_unidade_geologica_sigla":"Q2a","__atlas_unidade_geologica_nome":"Depósitos aluvionares","__atlas_fonte":"SGB · GeoSGB · Petrografia","__atlas_snapshot":"2026-08-14"}},{"type":"Feature","id":28843569,"geometry":{"type":"Point","coordinates":[-57.06299999999999,-20.863999999999976]},"properties":{"OBJECTID":28843569,"COD_AMOSTRA":116440,"COD_AFLORAMENTO":485117,"COD_ROCHA":560147,"NUM_CAMPO_AMOSTRA":"FM-0146","COD_LAMINA":42267,"NUM_CAMPO_LAMINA":"4220-FM-R-0146","NOTAS":"Mesoscopia\r\nTextura: lepidoblástica e granoblástica\r\nGranulação: 1 - 5 mm\r\nEstrutura: gnáissica linear, L>>S\r\nIC:20\r\nMineralogia observável: feldspato rosa, quartzo, biotita\r\n\r\nAlternância entre domínios ricos e pobres em biotita, que definem uma lineação do tipo agregado. \r\n\r\nMicroscopia\r\nTextura: granular, leve orientação preferencial definida por biotita e quartzo alongado \r\nGranulação: 0,5 - 4 mm \r\nNome: Biotita gnaisse monzogranítico\r\nUnidade geológica: Complexo Rio Apa\r\n\r\nA rocha apresenta orientação preferencial de forma de biotita e quartzo, principalmente. Ocorre uma certa segregação, ou tendência de segregação entre domínios quartzosos e domínios feldspático. Nos primeiros, o quartzo apresenta formas irregulares e dimensões variadas e contatos lobados entre grãos. Apresenta extinção ondulante tipo tabuleiro de xadrez, sugerindo deformação em alta temperatura; e inclusões de biotita e microclínio comumente com terminações em cúspide. Os contatos entre quartzo e plagioclásio são em geral curvos ou retílineos, enquanto os contatos entre quartzo e microclínio são côncavo-convexos, com o microclínio em terminações em cúspide adentrando o quartzo, ou preenchendo interstícios, com baixos ângulos diedrais. Pode-se interpretar que o microclínio em muitos casos está pseudomorfizando um fundido pretérito. Adicionalmente, o feldspato potássico frequentemente apresenta inclusões arredondadas de quartzo. Os contatos entre plagioclásio e microclínio são em geral lobados. A biotita é subédrica a euédrica e de cor marrom-escuro. O zircão é euédrico e apresenta zonação oscilatória. \r\n\r\nAs evidências petrográficas sugerem origem ígnea para a rocha. \r\n\r\nO quartzo apresenta trilhas conjugadas de inclusões fluídas bifásicas (aquosas ou aquocarbônicas) e monofásicas (carbônicas?) coexistentes. As inclusões alcançam dimensões maiores que 10 micrometros. \r\n","PETROGRAFO":"Frederico Meira Faleiros","PROJETO":"Geologia das Folhas Aldeia Tomázia e Fazenda Santa Otília","BASE_CARTOGRAFICA":"SF.21-V-B-VI - Aldeia Tomasia","TIPO_SECAO":"Delgada-polida","GRAU_INTEMPERISMO":"Não intemperizada","TAMANHO_AMOSTRA":"10 cm","COR_RX_FRESCA":"Rosa","COR_RX_INTEMPERIZADA":null,"GRANULACAO_MINIMA":"Fanerítica fina (<1,0mm)","GRANULACAO_MEDIA":"Fanerítica média (1,0-5,0mm)","GRANULACAO_MAXIMA":"Fanerítica grossa (5,0-30,0mm)","SELECIONAMENTO":null,"CONSISTENCIA_AMOSTRA":"Consistente","CONTATO":null,"COD_CLASSIFICACAO":null,"PROTOLITO":null,"ROCHA":"Biotita gnaisse","LINK":"p_cod_amostra=116440&p_cod_rocha=560147&p_cod_afloramento=485117","LOCAL_LAMINA":"SUREG-SP","LOTE_LAMINA":null,"NUM_LAB_LAMINA":null,"FICHA":null,"MINERAIS_IDENTIFICADOS":"Quartzo(40%), Microclínio(24%), Biotita(3%), Opaco (Microscopia)(1%), Zircão(<1%)","X":-57.063,"Y":-20.864,"DATUM":"WGS84","__atlas_chave_independente":"AFLOR_ROCHA:485117:560147","__atlas_n_registros_grupo":1,"__atlas_q_registro":0.875,"__atlas_q_grupo":0.875,"__atlas_unidade_geologica_id":"1455","__atlas_unidade_geologica_sigla":"PP4at","__atlas_unidade_geologica_nome":"Formação Alto Tererê","__atlas_fonte":"SGB · GeoSGB · Petrografia","__atlas_snapshot":"2026-08-14"}},{"type":"Feature","id":28843601,"geometry":{"type":"Point","coordinates":[-57.077999999999975,-20.75999999999999]},"properties":{"OBJECTID":28843601,"COD_AMOSTRA":116442,"COD_AFLORAMENTO":485124,"COD_ROCHA":560154,"NUM_CAMPO_AMOSTRA":"FM-0153-B","COD_LAMINA":42269,"NUM_CAMPO_LAMINA":"4220-FM-R-0153-B","NOTAS":"Textura: inequigranular seriada interlobada\r\nGranulação: 0,05 - 2 mm\r\nNome: Biotita sienogranito com granada\r\nUnidade geológica: Complexo Rio Apa\r\n\r\nA rocha apresenta textura inequigranular seriada interlobada e foliação definida por orientação forma de biotita e cristais alongados de feldspatos e quartzo. Não ocorre segregação entre domínios composicionais. Biotita e granada estão disseminadas na rocha, assim como minerais opacos. A biotita é subédrica, alongada e laranja-escuro. A granada é euédrica ou arredondada, livre de inclusões minerais e com inclusões fluidas. Aparece inclusa em quartzo e feldspatos. O plagioclásio é subédrico, com ou sem geminação e parcialmente incluso em microclínio. Apresenta inclusões arredondadas de quartzo e também intercrescimento mirmequítico. Está levemente saussuritizado. O microclínio apresenta formas fortemente irregulares e por vezes amebóides. É rico em inclusões arredondadas de quartzo. Comumente apresenta terminações em cúspide envolvendo parcialmente grãos arredondados de quartzo. Apresenta razão de forma baixa a alta (1:1,5 - 1:4) com orientação preferencial de forma paralela à foliação. Muscovita ocorre essencialmente intercrescida com biotita, comumente de forma simplectíta.","PETROGRAFO":"Frederico Meira Faleiros","PROJETO":"Geologia das Folhas Aldeia Tomázia e Fazenda Santa Otília","BASE_CARTOGRAFICA":"SF.21-V-B-VI - Aldeia Tomasia","TIPO_SECAO":"Delgada-polida","GRAU_INTEMPERISMO":null,"TAMANHO_AMOSTRA":null,"COR_RX_FRESCA":null,"COR_RX_INTEMPERIZADA":null,"GRANULACAO_MINIMA":" ","GRANULACAO_MEDIA":" ","GRANULACAO_MAXIMA":" ","SELECIONAMENTO":null,"CONSISTENCIA_AMOSTRA":null,"CONTATO":null,"COD_CLASSIFICACAO":null,"PROTOLITO":null,"ROCHA":"Biotita sienogranito","LINK":"p_cod_amostra=116442&p_cod_rocha=560154&p_cod_afloramento=485124","LOCAL_LAMINA":"SUREG-SP","LOTE_LAMINA":null,"NUM_LAB_LAMINA":null,"FICHA":null,"MINERAIS_IDENTIFICADOS":"Microclínio(37%), Quartzo(25%), Biotita(5%), Granada(3%), Opaco (Microscopia)(3%), Muscovita(2%), Sericita(<1%), Epidoto(<1%), Zircão(<1%)","X":-57.078,"Y":-20.76,"DATUM":"WGS84","__atlas_chave_independente":"AFLOR_ROCHA:485124:560154","__atlas_n_registros_grupo":1,"__atlas_q_registro":0.875,"__atlas_q_grupo":0.875,"__atlas_unidade_geologica_id":"1507","__atlas_unidade_geologica_sigla":"Q2a","__atlas_unidade_geologica_nome":"Depósitos aluvionares","__atlas_fonte":"SGB · GeoSGB · Petrografia","__atlas_snapshot":"2026-08-14"}},{"type":"Feature","id":28843617,"geometry":{"type":"Point","coordinates":[-57.08100000000002,-20.757000000000005]},"properties":{"OBJECTID":28843617,"COD_AMOSTRA":116443,"COD_AFLORAMENTO":485125,"COD_ROCHA":560155,"NUM_CAMPO_AMOSTRA":"FM-0154-A","COD_LAMINA":42270,"NUM_CAMPO_LAMINA":"4220-FM-R-0154-A","NOTAS":"Textura: inequigranular interlobada\r\nGranulação: 0,1 - 1,6 mm\r\nNome: Muscovita sienogranito com granada\r\nUnidade geológica: Complexo Rio Apa\r\n\r\nA rocha apresenta foliação bem marcada, definida pela orientação preferencial de forma de muscovita e grãos alongados de quartzo e feldspatos. Entretanto, a muscovita ocorre disseminada, não formando leitos lepidoblásticos. Também não ocorre segregação entre leitos quartzosos e feldspáticos. O quartzo apresenta extinção ondulante tipo tabuleiro de xadrez, contatos lobados ou retangulares, indicando deformação em alta temperatura (> 650°C). Apresenta inclusões de granada, zircão e muscovita. Os feldspatos apresentam geminações bem desenvolvidas, inclusões arredondadas a vermiformes de quartzo e terminações em cúspide envolvendo terminações arredondadas de grãos de quartzo, indicando que se cristalizaram de um fundido magmático. Apresentam inclusões de granada, muscovita e apatita. A muscovita é euédrica a subédrica e apresenta inclusões de granada, feldspato e quartzo. A granada é euédrica a subédrica e apresenta inclusões fluidas e de fundido silicático cristalizado, indicando origem magmático. O zircão é euédrico e aparece principalmente inclusos nos outros minerais. ","PETROGRAFO":"Frederico Meira Faleiros","PROJETO":"Geologia das Folhas Aldeia Tomázia e Fazenda Santa Otília","BASE_CARTOGRAFICA":"SF.21-V-B-VI - Aldeia Tomasia","TIPO_SECAO":"Delgada-polida","GRAU_INTEMPERISMO":null,"TAMANHO_AMOSTRA":null,"COR_RX_FRESCA":null,"COR_RX_INTEMPERIZADA":null,"GRANULACAO_MINIMA":" ","GRANULACAO_MEDIA":" ","GRANULACAO_MAXIMA":" ","SELECIONAMENTO":null,"CONSISTENCIA_AMOSTRA":null,"CONTATO":null,"COD_CLASSIFICACAO":null,"PROTOLITO":null,"ROCHA":"Sienogranito","LINK":"p_cod_amostra=116443&p_cod_rocha=560155&p_cod_afloramento=485125","LOCAL_LAMINA":"SUREG-SP","LOTE_LAMINA":null,"NUM_LAB_LAMINA":null,"FICHA":null,"MINERAIS_IDENTIFICADOS":"Quartzo(36%), Microclínio(32%), Muscovita(20%), Granada(2%), Apatita(<1%), Zircão(<1%)","X":-57.081,"Y":-20.757,"DATUM":"WGS84","__atlas_chave_independente":"AFLOR_ROCHA:485125:560155","__atlas_n_registros_grupo":1,"__atlas_q_registro":0.875,"__atlas_q_grupo":0.875,"__atlas_unidade_geologica_id":"1507","__atlas_unidade_geologica_sigla":"Q2a","__atlas_unidade_geologica_nome":"Depósitos aluvionares","__atlas_fonte":"SGB · GeoSGB · Petrografia","__atlas_snapshot":"2026-08-14"}},{"type":"Feature","id":28843649,"geometry":{"type":"Point","coordinates":[-57.15100000000001,-20.767999999999972]},"properties":{"OBJECTID":28843649,"COD_AMOSTRA":116445,"COD_AFLORAMENTO":485132,"COD_ROCHA":560162,"NUM_CAMPO_AMOSTRA":"FM-0161","COD_LAMINA":42272,"NUM_CAMPO_LAMINA":"4220-FM-R-0161","NOTAS":"Mesocopia\r\nTextura: lepidogranoblástica\r\nGranulação: 1 mm\r\nEstrutura: gnáissica\r\nIC: 5\r\nMineralogia observável: feldspato, quartzo, biotita e muscovita.\r\n\r\nMicroscopia\r\nTextura: lepidogranoblástica interlobada seriada\r\nGranulação: 0,2 - 1 mm\r\nNome: Muscovita gnaisse sienogranítico\r\nUnidade geológica: Complexo Rio Apa\r\n\r\nA rocha apresenta uma xistosidade bem desenvolvida, marcada por orientação preferencial de forma de quartzo e feldspato alongados e micas. Ocorre bandamento milimétrico tênue com intercalação entre leitos pobres em micas, leitos enriquecidos em biotita e leitos enriquecidos em muscovita. Entretanto, não ocorrem leitos lepidoblásticos, pois as micas ocorrem de forma disseminada nos leitos. Também não ocorre segregação em leitos quartzosos e feldspáticos. Os contatos entre os grãos são dominantemente lobados (quartzo-feldspato), embora ocorram relações côncavo-convexas entre microclínio e quartzo, onde terminações em cúspide do primeiro envolve terminações arredondadas ao segundo. Inclusões arredondadas de quartzo no microclínio são frequentes. O plagioclásio encontra-se intensamente intercrescido com sericita/muscovita ± epidoto (saussuritização). A muscovita apresenta formas esqueléticas e intercrescimento simplectítico com quartzo (aparentemente). A biotita é marrom-escuro e apresenta-se em grande parte alterada. ","PETROGRAFO":"Frederico Meira Faleiros","PROJETO":"Geologia das Folhas Aldeia Tomázia e Fazenda Santa Otília","BASE_CARTOGRAFICA":"SF.21-V-B-VI - Aldeia Tomasia","TIPO_SECAO":"Delgada-polida","GRAU_INTEMPERISMO":"Pouco intemperizada","TAMANHO_AMOSTRA":"10 cm","COR_RX_FRESCA":"Rosa","COR_RX_INTEMPERIZADA":null,"GRANULACAO_MINIMA":"Fanerítica grossa (5,0-30,0mm)","GRANULACAO_MEDIA":"Fanerítica fina (<1,0mm)","GRANULACAO_MAXIMA":"Fanerítica fina (<1,0mm)","SELECIONAMENTO":null,"CONSISTENCIA_AMOSTRA":"Consistente","CONTATO":null,"COD_CLASSIFICACAO":null,"PROTOLITO":"Sienogranito","ROCHA":"Muscovita gnaisse","LINK":"p_cod_amostra=116445&p_cod_rocha=560162&p_cod_afloramento=485132","LOCAL_LAMINA":"SUREG-SP","LOTE_LAMINA":null,"NUM_LAB_LAMINA":null,"FICHA":null,"MINERAIS_IDENTIFICADOS":"Microclínio(47%), Quartzo(22%), Muscovita(10%), Biotita(3%), Opaco (Microscopia)(<1%), Epidoto(<1%), Zircão(<1%)","X":-57.151,"Y":-20.768,"DATUM":"WGS84","__atlas_chave_independente":"AFLOR_ROCHA:485132:560162","__atlas_n_registros_grupo":1,"__atlas_q_registro":0.875,"__atlas_q_grupo":0.875,"__atlas_unidade_geologica_id":"1507","__atlas_unidade_geologica_sigla":"Q2a","__atlas_unidade_geologica_nome":"Depósitos aluvionares","__atlas_fonte":"SGB · GeoSGB · Petrografia","__atlas_snapshot":"2026-08-14"}},{"type":"Feature","id":28843681,"geometry":{"type":"Point","coordinates":[-57.45800000000003,-20.665999999999997]},"properties":{"OBJECTID":28843681,"COD_AMOSTRA":116447,"COD_AFLORAMENTO":485136,"COD_ROCHA":560166,"NUM_CAMPO_AMOSTRA":"FM-0165-A","COD_LAMINA":42274,"NUM_CAMPO_LAMINA":"4220-FM-R-0165","NOTAS":"Mesoscopia\r\nTextura: porfirítica com matriz afanítica\r\nGranulação: fenocristais de até 2 mm\r\nEstrutura: isótropa\r\nMineralogia observável: megacristais de quartzo\r\n\r\nMicroscopia\r\nTextura: microporfirítica com matriz afanítica\r\nGranulação: < 0,01 - 2 mm\r\nNome: metavulcânica ácida ou intermediária\r\nMetamorfismo: fácies xisto verde inferior \r\nUnidade Geológica: Formação Alto Tererê\r\n\r\nA rocha apresenta cerca de 15% de pseudomorfos de microfenocristais com forte orientação preferencial de forma em uma matriz essencialmente criptocristalina isótropa. Os microfenocristais incluem pseudomorfos de plagioclásio ripiforme euédrico (0,05  0,45 mm) com razão de forma de até 8:1, e pseudomorfos arredondados, angulosos ou subédricos de quartzo mono e policristalino, com razão de 1:1 a 2:1. Os pseudomorfos de plagioclásio são ocupados por agregados criptocristalinos de sericita + epidoto + tremolita ± clorita. Pseudomorfos de quartzo com dimensões <0,3 mm são ocupados por agregados de tremolita fibrosa + epidoto + clorita, enquanto aqueles com dimensões > 0,3 mm, são constituídos por núcleos de quartzo (0,1 - 0,5 mm) envoltos por coroas radiadas com tremolita fibrosa + epidoto + clorita. Em ambos os casos, os pseudomorfos são envoltos por coroas criptocristalinas aparentemente de epidoto (ou titanita). O quartzo reliquiar apresenta extinção ondulante, bandas e lamelas de deformação, e domínios restritos de grãos recristalizados (bulging I), além de microfraturas. Ocorre um único xenocristal anguloso de quartzo-milonito com textura inequigranular interlobada, com porfiroclastos de até 0,5 mm e razão de forma de até 3,5:1 com forte orientação preferencial de forma, subgrãos (aproximadamente 0,05 mm) e grãos recristalizados de mesmas dimensões e fortíssima orientação cristalográfica preferencial, indicando recristalização com combinação de subgrain rotation e grain boundary rotation (500°C). O xenocristal apresenta coroa dupla de reação, conforme descrito anteriormente e esquematizado abaixo. A matriz é formada por fibras de tremolita em orientação aleatória e material criptocristalino, incluindo epidoto, sericita e clorita. Agregados de estilpnomelana (mica amarela fracamente pleocróica) ocupam pseudomorfos de mineral hexagonal. Ocorrem vênulas tabulares com espessuras médias de 0,05 mm constituídas por sericita + quartzo ± epidoto ± tremolita. ","PETROGRAFO":"Frederico Meira Faleiros","PROJETO":"Geologia das Folhas Aldeia Tomázia e Fazenda Santa Otília","BASE_CARTOGRAFICA":"SF.21-V-B-VI - Aldeia Tomasia","TIPO_SECAO":"Delgada-polida","GRAU_INTEMPERISMO":"Intemperizada","TAMANHO_AMOSTRA":"10 cm","COR_RX_FRESCA":"Verde claro","COR_RX_INTEMPERIZADA":"Cinza claro","GRANULACAO_MINIMA":"Afanítica ","GRANULACAO_MEDIA":"Afanítica ","GRANULACAO_MAXIMA":"Fanerítica média (1,0-5,0mm)","SELECIONAMENTO":null,"CONSISTENCIA_AMOSTRA":"Consistente","CONTATO":null,"COD_CLASSIFICACAO":null,"PROTOLITO":null,"ROCHA":"Metavulcânica ácida, Metavulcânica intermediária","LINK":"p_cod_amostra=116447&p_cod_rocha=560166&p_cod_afloramento=485136","LOCAL_LAMINA":"SUREG-SP","LOTE_LAMINA":null,"NUM_LAB_LAMINA":null,"FICHA":null,"MINERAIS_IDENTIFICADOS":"Sericita(<50%), Tremolita(<50%), Clorita(<50%), Estilpelomelano(<50%), Epidoto(<50%), Quartzo(2%), Opaco (Microscopia)(<1%), Quartzo(<1%)","X":-57.458000000000006,"Y":-20.666,"DATUM":"WGS84","__atlas_chave_independente":"AFLOR_ROCHA:485136:560166","__atlas_n_registros_grupo":1,"__atlas_q_registro":0.875,"__atlas_q_grupo":0.875,"__atlas_unidade_geologica_id":"1455","__atlas_unidade_geologica_sigla":"PP4at","__atlas_unidade_geologica_nome":"Formação Alto Tererê","__atlas_fonte":"SGB · GeoSGB · Petrografia","__atlas_snapshot":"2026-08-14"}},{"type":"Feature","id":28843697,"geometry":{"type":"Point","coordinates":[-57.452999999999975,-20.670000000000016]},"properties":{"OBJECTID":28843697,"COD_AMOSTRA":116448,"COD_AFLORAMENTO":485138,"COD_ROCHA":560171,"NUM_CAMPO_AMOSTRA":"FM-0167-A","COD_LAMINA":42275,"NUM_CAMPO_LAMINA":"4220-FM-R-0167-A","NOTAS":"Nome da rocha: Filito\r\n\r\nTextura: Reliquiar bandadas, lepidoblástica, granoblástica\r\nGranulação: Inequigranular muito fina a fina.\r\n\r\nA rocha possui granulação muito fina, contendo grande proporção de argilominerais. é possível identificar formas arredondadas subcentimétricas que devem corresponder preteritamente à grânulos de quartzo que ao recristalizar, gerou o preenchimento de quartzo granoblástico em \"mosaico\". Os grânulos são bordados por micas orientadas, muito finas, associadas a argilominerais. ","PETROGRAFO":"Frederico Meira Faleiros","PROJETO":"Geologia das Folhas Aldeia Tomázia e Fazenda Santa Otília","BASE_CARTOGRAFICA":"SF.21-V-B-VI - Aldeia Tomasia","TIPO_SECAO":"Delgada","GRAU_INTEMPERISMO":null,"TAMANHO_AMOSTRA":null,"COR_RX_FRESCA":null,"COR_RX_INTEMPERIZADA":null,"GRANULACAO_MINIMA":" ","GRANULACAO_MEDIA":" ","GRANULACAO_MAXIMA":" ","SELECIONAMENTO":null,"CONSISTENCIA_AMOSTRA":null,"CONTATO":null,"COD_CLASSIFICACAO":null,"PROTOLITO":null,"ROCHA":"Filito","LINK":"p_cod_amostra=116448&p_cod_rocha=560171&p_cod_afloramento=485138","LOCAL_LAMINA":"SUREG-SP","LOTE_LAMINA":null,"NUM_LAB_LAMINA":null,"FICHA":null,"MINERAIS_IDENTIFICADOS":"Muscovita(65%), Quartzo(30%), Opaco (Microscopia)(5%), Argilominerais(<1%)","X":-57.453,"Y":-20.67,"DATUM":"WGS84","__atlas_chave_independente":"AFLOR_ROCHA:485138:560171","__atlas_n_registros_grupo":1,"__atlas_q_registro":0.875,"__atlas_q_grupo":0.875,"__atlas_unidade_geologica_id":"1503","__atlas_unidade_geologica_sigla":"Q1p1","__atlas_unidade_geologica_nome":"Fácies Pantanal, terraços aluvionares","__atlas_fonte":"SGB · GeoSGB · Petrografia","__atlas_snapshot":"2026-08-14"}},{"type":"Feature","id":28843713,"geometry":{"type":"Point","coordinates":[-57.478999999999985,-20.600000000000023]},"properties":{"OBJECTID":28843713,"COD_AMOSTRA":116452,"COD_AFLORAMENTO":485139,"COD_ROCHA":560177,"NUM_CAMPO_AMOSTRA":"FM-0168-E","COD_LAMINA":42279,"NUM_CAMPO_LAMINA":"4220-FM-R-0168-E","NOTAS":"Textura: clástica\r\nGranulação: < 0,01 - 6 mm\r\nNome: Metagrauvaca feldspática\r\nMetamorfismo: sub-xisto verde\r\nUnidade Geológica: Formação Alto Tererê\r\n\r\nRocha pobre a moderadamente selecionada, com variação do grau de seleção em domínios heterogêneos , os clastos apresentam ampla variação granulométrica (0,05 - 6 mm), baixa esfericidade e são predominantemente subangulosos a sub-arredondados. Ocorre variação da porcentagem de matriz com granulação menor que 0,03 mm em domínios distintos, que não chegam a formar camadas (10-40%). Os grãos de quartzo apresentam extinção ondulante. Bandas e lamelas de deformação e subgrãos, indicando que pertenciam a rocha deformada em baixa temperatura. Ocorrem grãos com inclusões de zircão euédrico com zonação oscilatória (derivado de rocha ígnea). Ocorrem fragmentos líticos formados por quartzo com textura interlobada (grain boundary migration) e por vezes com contatos retangulares, indicando migração de borda de grãos em alta temperatura. Os clastos vulcânicos são subangulosos a arredondados e constituídos por rocha riolítica porfirítica com fenocristais com dimensões entre 0,05 e 0,5 mm, além de aglomerados de minerais opacos dispersos em matriz quartzo-feldpática de granulação menor ou igual a 0,01 mm. ","PETROGRAFO":"Frederico Meira Faleiros","PROJETO":"Geologia das Folhas Aldeia Tomázia e Fazenda Santa Otília","BASE_CARTOGRAFICA":"SF.21-V-B-VI - Aldeia Tomasia","TIPO_SECAO":"Delgada-polida","GRAU_INTEMPERISMO":null,"TAMANHO_AMOSTRA":null,"COR_RX_FRESCA":null,"COR_RX_INTEMPERIZADA":null,"GRANULACAO_MINIMA":" ","GRANULACAO_MEDIA":" ","GRANULACAO_MAXIMA":" ","SELECIONAMENTO":null,"CONSISTENCIA_AMOSTRA":null,"CONTATO":null,"COD_CLASSIFICACAO":null,"PROTOLITO":null,"ROCHA":"Metagrauvaca feldspática","LINK":"p_cod_amostra=116452&p_cod_rocha=560177&p_cod_afloramento=485139","LOCAL_LAMINA":"SUREG-SP","LOTE_LAMINA":null,"NUM_LAB_LAMINA":null,"FICHA":null,"MINERAIS_IDENTIFICADOS":"Quartzo(40%), Feldspato(15%), Opaco (Microscopia)(3%), Zircão(<1%)","X":-57.479,"Y":-20.6,"DATUM":"WGS84","__atlas_chave_independente":"AFLOR_ROCHA:485139:560177","__atlas_n_registros_grupo":2,"__atlas_q_registro":0.875,"__atlas_q_grupo":0.875,"__atlas_unidade_geologica_id":"1455","__atlas_unidade_geologica_sigla":"PP4at","__atlas_unidade_geologica_nome":"Formação Alto Tererê","__atlas_fonte":"SGB · GeoSGB · Petrografia","__atlas_snapshot":"2026-08-14"}},{"type":"Feature","id":28843729,"geometry":{"type":"Point","coordinates":[-57.478999999999985,-20.600000000000023]},"properties":{"OBJECTID":28843729,"COD_AMOSTRA":116451,"COD_AFLORAMENTO":485139,"COD_ROCHA":560177,"NUM_CAMPO_AMOSTRA":"FM-0168-C","COD_LAMINA":42278,"NUM_CAMPO_LAMINA":"4220-FM-R-0168-C","NOTAS":"Nome da rocha: Lapili-tufo\r\n\r\nTextura: Clástica\r\nGranulação: Matriz muito fina, clastos de até 0,8 mm\r\n\r\nA rocha é composta por fragmentos líticos quartzo-feldspáticos, os maiores fragmentos constituem-se de lapilis (~35mm) de cor avermelhada constituída por agregados criptocristalinos (possivelmente argilominerais) com fragmentos milimétricos de quartzo. Os lapilis possuem formas angulosas e subangulosas e está em uma matriz de quartzo subarredondado milimétrico e subangulosos, com material isótropo preenchendo os interstícios entre grãos, podendo corresponder a vidro vulcânico ou argilominerais. \r\n\r\nMinerais:\r\nQuartzo (até 0,8mm)\r\nArgilominerais \r\nFeldspatos (até 0,8mm)\r\nSericita","PETROGRAFO":"Frederico Meira Faleiros","PROJETO":"Geologia das Folhas Aldeia Tomázia e Fazenda Santa Otília","BASE_CARTOGRAFICA":"SF.21-V-B-VI - Aldeia Tomasia","TIPO_SECAO":"Delgada","GRAU_INTEMPERISMO":null,"TAMANHO_AMOSTRA":null,"COR_RX_FRESCA":null,"COR_RX_INTEMPERIZADA":null,"GRANULACAO_MINIMA":" ","GRANULACAO_MEDIA":" ","GRANULACAO_MAXIMA":" ","SELECIONAMENTO":null,"CONSISTENCIA_AMOSTRA":null,"CONTATO":null,"COD_CLASSIFICACAO":null,"PROTOLITO":null,"ROCHA":"Lapíli","LINK":"p_cod_amostra=116451&p_cod_rocha=560177&p_cod_afloramento=485139","LOCAL_LAMINA":"SUREG-SP","LOTE_LAMINA":null,"NUM_LAB_LAMINA":null,"FICHA":null,"MINERAIS_IDENTIFICADOS":"Sericita(40%), Quartzo(30%), Argilominerais(20%), Feldspato(10%)","X":-57.479,"Y":-20.6,"DATUM":"WGS84","__atlas_chave_independente":"AFLOR_ROCHA:485139:560177","__atlas_n_registros_grupo":2,"__atlas_q_registro":0.875,"__atlas_q_grupo":0.875,"__atlas_unidade_geologica_id":"1455","__atlas_unidade_geologica_sigla":"PP4at","__atlas_unidade_geologica_nome":"Formação Alto Tererê","__atlas_fonte":"SGB · GeoSGB · Petrografia","__atlas_snapshot":"2026-08-14"}},{"type":"Feature","id":28843745,"geometry":{"type":"Point","coordinates":[-57.478999999999985,-20.600000000000023]},"properties":{"OBJECTID":28843745,"COD_AMOSTRA":116450,"COD_AFLORAMENTO":485139,"COD_ROCHA":560176,"NUM_CAMPO_AMOSTRA":"FM-0168-D","COD_LAMINA":42277,"NUM_CAMPO_LAMINA":"4220-FM-R-0168-D","NOTAS":"Textura: clástica\r\nGranulação: < 0,01 - 3 mm\r\nNome: Metagrauvaca feldspática a meta-arcóseo\r\nMetamorfismo: sub-xisto verde\r\nUnidade Geológica:  Formação Alto Tererê\r\n\r\nA rocha apresenta acamamento de espessura milimétrica marcada por variações composicionais, granulométricas e na proporção entre clastos e arcabouço. Ocorrem ainda concreções na forma de bolotas subcentimétricas marcadas por matriz rica em epidoto recristalizado (cerca de 30% de epidoto em volume). A rocha é moderadamente selecionada, com variação granulométrica dos clastos principalmente entre 0,05 e 3 mm. Os graus de arredondamento e esfericidade são muito variados, com grãos bem arredondados a angulosos e de esfericidade alta a baixa. Ocorre uma tendência dos grãos de menor granulação serem mais angulosos e de menor esfericidade. A porcentagem de matriz muito fina (menor que 0,03 mm), varia de 10 a 20% em geral, considerando a porção de epidoto recristalizado. Os clastos incluem quartzo monocristalino com extinção ondulante, quartzo-tectonito com microestruturas de grain boundary migration (alta T) e bulging (baixa T), plagioclásio, feldspato alcalino pertítico (incluindo microclínio), feldspato alcalino com intercrescimento gráfico de quartzo (subvulcânica ácida), chert, fragmentos graníticos com quartzo e plagioclásio com intercrescimento de epidoto ± quartzo ± feldspato ± opacos. Comumente o epidoto forma agregados de maior granulação, decorrente de diagênese e/ou metamorfismo. Localmente grãos de quartzo apresentam-se sobrecrescidos, com formas pretéritas delineadas por inclusões de sericita ± fluidos (recristalização por dissolução por pressão). ","PETROGRAFO":"Frederico Meira Faleiros","PROJETO":"Geologia das Folhas Aldeia Tomázia e Fazenda Santa Otília","BASE_CARTOGRAFICA":"SF.21-V-B-VI - Aldeia Tomasia","TIPO_SECAO":"Delgada-polida","GRAU_INTEMPERISMO":null,"TAMANHO_AMOSTRA":null,"COR_RX_FRESCA":null,"COR_RX_INTEMPERIZADA":null,"GRANULACAO_MINIMA":" ","GRANULACAO_MEDIA":" ","GRANULACAO_MAXIMA":" ","SELECIONAMENTO":null,"CONSISTENCIA_AMOSTRA":null,"CONTATO":null,"COD_CLASSIFICACAO":null,"PROTOLITO":null,"ROCHA":"Metagrauvaca feldspática, Metarcóseo","LINK":"p_cod_amostra=116450&p_cod_rocha=560176&p_cod_afloramento=485139","LOCAL_LAMINA":"SUREG-SP","LOTE_LAMINA":null,"NUM_LAB_LAMINA":null,"FICHA":null,"MINERAIS_IDENTIFICADOS":"Quartzo(42%), Epidoto(15%), Opaco (Microscopia)(1%), Sericita(<1%), Zircão(<1%)","X":-57.479,"Y":-20.6,"DATUM":"WGS84","__atlas_chave_independente":"AFLOR_ROCHA:485139:560176","__atlas_n_registros_grupo":1,"__atlas_q_registro":0.875,"__atlas_q_grupo":0.875,"__atlas_unidade_geologica_id":"1455","__atlas_unidade_geologica_sigla":"PP4at","__atlas_unidade_geologica_nome":"Formação Alto Tererê","__atlas_fonte":"SGB · GeoSGB · Petrografia","__atlas_snapshot":"2026-08-14"}},{"type":"Feature","id":28843761,"geometry":{"type":"Point","coordinates":[-57.478999999999985,-20.600000000000023]},"properties":{"OBJECTID":28843761,"COD_AMOSTRA":116449,"COD_AFLORAMENTO":485139,"COD_ROCHA":560173,"NUM_CAMPO_AMOSTRA":"FM-0168-A","COD_LAMINA":42276,"NUM_CAMPO_LAMINA":"4220-FM-R-0168-A","NOTAS":"Textura: clástica\r\nGranulação: menor ou igual a 0,01 até 1,5 mm\r\nNome: Meta-subarcósio a metarcósio\r\nMetamorfismo: sub-xisto verde \r\nUnidade Geológica: Formação Alto Tererê\r\n\r\nClastos (0,3 - 1,5 mm) arcabouço (0,1 - 0,15 mm e menor ou igual a 0,01).\r\n\r\nA rocha apresenta distribuição da granulação em três faixas principais: a) 0,3 - 1,5 mm (80-95%), b) 0,1 - ,15 mm (5-20%), (c) menor ou igual a 0,01 mm (1-15%). A faixa a) é dominada amplamente por quartzo, com grãos arredondados a subarredondados esfericidade alta a baixa. Ocorre uma forte orientação preferencial de forma dos grãos definindo uma xistosidade de natureza diagenética ou metamórfica, que é subparalela ao bandamento composicional granulométrico. Os grãos da faixa a) apresentam, por vezes, trilhas de inclusões fluidas delineando antigos leitos, com os níveis de meta-arcóseo apresentando grãos subangulosos a angulosos e com baixa esfericidade.\r\n\r\nGrãos arredondados com sobrecrescimentos em mesma orientação cristalográfica, isso ocorre para quartzo e feldspato alcalino. Os grãos na faixa b) são sub-angulosos e/ou com conatos interlobados (quando quartzo e feldspatos), e com baixa esfericidade. Faixa c) é formada por quartzo + feldspato + rutilo + opacos + epidoto. Por vezes ocorrem cristais euédricos de epidoto e rutilo inclusos em quartzo e feldspato sobrecrescido. ","PETROGRAFO":"Frederico Meira Faleiros","PROJETO":"Geologia das Folhas Aldeia Tomázia e Fazenda Santa Otília","BASE_CARTOGRAFICA":"SF.21-V-B-VI - Aldeia Tomasia","TIPO_SECAO":"Delgada-polida","GRAU_INTEMPERISMO":null,"TAMANHO_AMOSTRA":null,"COR_RX_FRESCA":null,"COR_RX_INTEMPERIZADA":null,"GRANULACAO_MINIMA":" ","GRANULACAO_MEDIA":" ","GRANULACAO_MAXIMA":" ","SELECIONAMENTO":null,"CONSISTENCIA_AMOSTRA":null,"CONTATO":null,"COD_CLASSIFICACAO":null,"PROTOLITO":null,"ROCHA":"Metarcóseo","LINK":"p_cod_amostra=116449&p_cod_rocha=560173&p_cod_afloramento=485139","LOCAL_LAMINA":"SUREG-SP","LOTE_LAMINA":null,"NUM_LAB_LAMINA":null,"FICHA":null,"MINERAIS_IDENTIFICADOS":"Quartzo(65%), Feldspato(15%), Epidoto(7%), Opaco (Microscopia)(5%), Rutilo(2%), Zircão(<1%)","X":-57.479,"Y":-20.6,"DATUM":"WGS84","__atlas_chave_independente":"AFLOR_ROCHA:485139:560173","__atlas_n_registros_grupo":1,"__atlas_q_registro":0.875,"__atlas_q_grupo":0.875,"__atlas_unidade_geologica_id":"1455","__atlas_unidade_geologica_sigla":"PP4at","__atlas_unidade_geologica_nome":"Formação Alto Tererê","__atlas_fonte":"SGB · GeoSGB · Petrografia","__atlas_snapshot":"2026-08-14"}},{"type":"Feature","id":28843777,"geometry":{"type":"Point","coordinates":[-57.478999999999985,-20.601]},"properties":{"OBJECTID":28843777,"COD_AMOSTRA":116453,"COD_AFLORAMENTO":485140,"COD_ROCHA":560179,"NUM_CAMPO_AMOSTRA":"FM-0169-A","COD_LAMINA":42280,"NUM_CAMPO_LAMINA":"4220-FM-R-0169-A","NOTAS":"Textura: vulcanoclástica\r\nNome: Lapili-tufo\r\nMetamorfismo: fácies xisto verde inferior\r\nUnidade Geológica: Formação Rio Naitaca/Alto Tererê\r\n\r\nRocha vulcanoclástica formada por fragmentos angulosos de rocha vulcânica e porções sedimentares detríticas, sem uma distinção clara entre clastos líticos e matriz. Os fragmentos vulcânicos apresentam microfenocristais de plagioclásio ripiforme euédrico de 0,15 a 0,4 mm, de pseudomorfos tabulares a arredondados substituídos por agregados de clorita, e de quartzo euédrico ou arredondado (clástico) em matriz criptocristalina marrom-claro constituída por cristais aciculares e clorita. Os microfenocristais apresentação orientação preferencial de forma, enquanto os cristais na matriz estão em orientação aleatória. Ocorrem aglomerados circulares preenchidos por carbonato ± clorita ± quartzo (vesículas?). Alguns clastos arredondados de quartzo são policristalinos, representando possivelmente clastos detríticos. Em geral fenocristais e clastos de quartzo apresentam forte extinção ondulante irregular. Raramente ocorrem fenocristais ou clastos de microclínio.\r\n\r\nFenocristais/clastos (20%): plagioclásio (10%), quartzo (9%), outros (1%)\r\nAgregados de clorita (20%)\r\nCarbonato (2%)\r\nEpidoto (1%)\r\nMatriz criptocristalina (57%)\r\nAcessórios: zircão\r\nProvável composição andesítica. \r\n \r\n\r\nPorção sedimentar: metarcoseo ou metagrauvaca com fragmentos angulosos, subangulosos, subarredondados e localmente arredondados constituídos por quartzo, microclínio, plagioclásio e, subordinadamente, clastos líticos de siltito e chert em matriz muito fina a fina, constituída por clorita e epidoto. Em alguns domínios a matriz é criptocristalina e idêntica à matriz dos fragmentos vulcânicos, inclusive com fenocristais euédricos. \r\nDimensões dos clastos: 0,1 a 2,5 mm.\r\n85% clastos (40% feldspato, 45% quartzo)\r\n15% matriz \r\n\r\nRocha em geral: 70% material vulcânico, 30% material sedimentar.","PETROGRAFO":"Frederico Meira Faleiros","PROJETO":"Geologia das Folhas Aldeia Tomázia e Fazenda Santa Otília","BASE_CARTOGRAFICA":"SF.21-V-B-VI - Aldeia Tomasia","TIPO_SECAO":"Delgada-polida","GRAU_INTEMPERISMO":null,"TAMANHO_AMOSTRA":null,"COR_RX_FRESCA":null,"COR_RX_INTEMPERIZADA":null,"GRANULACAO_MINIMA":" ","GRANULACAO_MEDIA":" ","GRANULACAO_MAXIMA":" ","SELECIONAMENTO":null,"CONSISTENCIA_AMOSTRA":null,"CONTATO":null,"COD_CLASSIFICACAO":null,"PROTOLITO":null,"ROCHA":"Tufo lapillítico","LINK":"p_cod_amostra=116453&p_cod_rocha=560179&p_cod_afloramento=485140","LOCAL_LAMINA":"SUREG-SP","LOTE_LAMINA":null,"NUM_LAB_LAMINA":null,"FICHA":null,"MINERAIS_IDENTIFICADOS":null,"X":-57.479,"Y":-20.601000000000003,"DATUM":"WGS84","__atlas_chave_independente":"AFLOR_ROCHA:485140:560179","__atlas_n_registros_grupo":1,"__atlas_q_registro":0.75,"__atlas_q_grupo":0.75,"__atlas_unidade_geologica_id":"1455","__atlas_unidade_geologica_sigla":"PP4at","__atlas_unidade_geologica_nome":"Formação Alto Tererê","__atlas_fonte":"SGB · GeoSGB · Petrografia","__atlas_snapshot":"2026-08-14"}},{"type":"Feature","id":28843793,"geometry":{"type":"Point","coordinates":[-57.47500000000002,-20.612000000000023]},"properties":{"OBJECTID":28843793,"COD_AMOSTRA":116454,"COD_AFLORAMENTO":485142,"COD_ROCHA":560183,"NUM_CAMPO_AMOSTRA":"FM-0171-B","COD_LAMINA":42281,"NUM_CAMPO_LAMINA":"4220-FM-R-0171-B","NOTAS":"Nome da rocha: Diabásio\r\n\r\nTextura: Simplectítica (exsolução)\r\nGranulação: Inequigranular fino a médio\r\n\r\nA rocha apresenta minerais moderadamente alterados e intensamentes fragmentados, predominantemente anédricos a subédricos. É composto por plagioclásio e piroxênios de cor de interferência baixa, com clivaegens formando ângulo próximo a 90 e sem pleocroismo. Ambos aparentam estar em desequilíbrio.\r\nO plagioclásio possui fraca extinção ondulante e aparece em pequenos fragmentos nos interstícios entre grãos de piroxênio, associado com quartzo ou apresentando intercrescimento de quartzo vermiforme definindo uma textura simplectítica. Aparentemente ocorre vidro nos interstícios (ou é efeito de má laminação).\r\n\r\nMinerais:\r\nPlagioclásio (1,3 a 2,7mm)\r\nPiroxênio (aproximadamente 0,75mm)","PETROGRAFO":"Frederico Meira Faleiros","PROJETO":"Geologia das Folhas Aldeia Tomázia e Fazenda Santa Otília","BASE_CARTOGRAFICA":"SF.21-V-B-VI - Aldeia Tomasia","TIPO_SECAO":"Delgada","GRAU_INTEMPERISMO":null,"TAMANHO_AMOSTRA":null,"COR_RX_FRESCA":null,"COR_RX_INTEMPERIZADA":null,"GRANULACAO_MINIMA":" ","GRANULACAO_MEDIA":" ","GRANULACAO_MAXIMA":" ","SELECIONAMENTO":null,"CONSISTENCIA_AMOSTRA":null,"CONTATO":null,"COD_CLASSIFICACAO":null,"PROTOLITO":null,"ROCHA":"Diabásio","LINK":"p_cod_amostra=116454&p_cod_rocha=560183&p_cod_afloramento=485142","LOCAL_LAMINA":"SUREG-SP","LOTE_LAMINA":null,"NUM_LAB_LAMINA":null,"FICHA":null,"MINERAIS_IDENTIFICADOS":"Piroxênio(55%), Quartzo(9%), Opaco (Microscopia)(1%)","X":-57.475,"Y":-20.612000000000002,"DATUM":"WGS84","__atlas_chave_independente":"AFLOR_ROCHA:485142:560183","__atlas_n_registros_grupo":1,"__atlas_q_registro":0.875,"__atlas_q_grupo":0.875,"__atlas_unidade_geologica_id":"1455","__atlas_unidade_geologica_sigla":"PP4at","__atlas_unidade_geologica_nome":"Formação Alto Tererê","__atlas_fonte":"SGB · GeoSGB · Petrografia","__atlas_snapshot":"2026-08-14"}},{"type":"Feature","id":28843809,"geometry":{"type":"Point","coordinates":[-57.47199999999998,-20.619000000000028]},"properties":{"OBJECTID":28843809,"COD_AMOSTRA":116456,"COD_AFLORAMENTO":485143,"COD_ROCHA":560185,"NUM_CAMPO_AMOSTRA":"FM-0172-B","COD_LAMINA":42283,"NUM_CAMPO_LAMINA":"4220-FM-R-0172-B","NOTAS":"Textura: clástica reliquiar com domínios lepidoblásticos discretos\r\nGranulação: clastos (0,05 - 0,35 mm), matriz (menor ou igual a 0,03 mm)\r\nNome: Sericita-quartzito feldspático\r\nMetamorfismo: fácies xisto verde inferior\r\n\r\nA textura clástica sedimentar é dominante na rocha, onde clastos angulosos de quartzo e feldspato apresentam-se imersos em matriz rica em sericita, com granulação menor ou igual a 0,03 mm, dominantemente em orietnação aleatória. Os clastos apresentam razão axial muito variada, entre 1:1 a 10:1, com uma dominância de grãos levemente alongados (1.5:1 a 2::1). Em agregados monominerálicos de quartzo, os contatos entre grãos são decorados por agregados de grãos de poucos micrometros , com alguns grãos parcialmente manteados, indicando bulging incipiente. Agregados de sericita discretos e descontínuos apresentam textura lepidoblástica, definindo uma clivagem-disjuntiva. ","PETROGRAFO":"Frederico Meira Faleiros","PROJETO":"Geologia das Folhas Aldeia Tomázia e Fazenda Santa Otília","BASE_CARTOGRAFICA":"SF.21-V-B-VI - Aldeia Tomasia","TIPO_SECAO":"Delgada-polida","GRAU_INTEMPERISMO":null,"TAMANHO_AMOSTRA":null,"COR_RX_FRESCA":null,"COR_RX_INTEMPERIZADA":null,"GRANULACAO_MINIMA":" ","GRANULACAO_MEDIA":" ","GRANULACAO_MAXIMA":" ","SELECIONAMENTO":null,"CONSISTENCIA_AMOSTRA":null,"CONTATO":null,"COD_CLASSIFICACAO":null,"PROTOLITO":null,"ROCHA":"Quartzito feldspático","LINK":"p_cod_amostra=116456&p_cod_rocha=560185&p_cod_afloramento=485143","LOCAL_LAMINA":"SUREG-SP","LOTE_LAMINA":null,"NUM_LAB_LAMINA":null,"FICHA":null,"MINERAIS_IDENTIFICADOS":"Quartzo(60%), Sericita(30%), Feldspato(8%), Opaco (Microscopia)(2%), Epidoto(<1%), Zircão(<1%)","X":-57.472,"Y":-20.619,"DATUM":"WGS84","__atlas_chave_independente":"AFLOR_ROCHA:485143:560185","__atlas_n_registros_grupo":1,"__atlas_q_registro":0.875,"__atlas_q_grupo":0.875,"__atlas_unidade_geologica_id":"1455","__atlas_unidade_geologica_sigla":"PP4at","__atlas_unidade_geologica_nome":"Formação Alto Tererê","__atlas_fonte":"SGB · GeoSGB · Petrografia","__atlas_snapshot":"2026-08-14"}},{"type":"Feature","id":28843825,"geometry":{"type":"Point","coordinates":[-57.47199999999998,-20.619000000000028]},"properties":{"OBJECTID":28843825,"COD_AMOSTRA":116455,"COD_AFLORAMENTO":485143,"COD_ROCHA":560184,"NUM_CAMPO_AMOSTRA":"FM-0172-A","COD_LAMINA":42282,"NUM_CAMPO_LAMINA":"4220-FM-R-0172-A","NOTAS":"Textura: clástica, xistosidade, laminação granulométrica\r\nGranulação: menor ou igual a 0,01 a 0,6 mm\r\nNome: Meta-arcóseo ou Meta-grauvaca feldspática\r\nMetamorfismo: sub-xisto verde a xisto verde inferior\r\nUnidade Geológica: Formação Alto Tererê\r\n\r\nA rocha apresenta laminação granulométrica com leitos onde os clastos alcançam 0,6 mm e leitos onde não passam de 0,3 mm. Existe uma xistosidade forte paralela à laminação, dada por orientação preferencial de forma de clastos com razão de forma entre 1:1,5 e 1:3. Entretanto, a textura clástica da rocha ainda é reconhecível, com clastos de dimensões maiores que 0,05 mm em matriz de dimensão em geral menor ou igual a 0,02 mm. A matriz representa em torno de 20% da rocha e é constituída essencilamente por sericita e quartzo. A sericita forma agregados lepidoblásticos discretos (espessura menor ou igual a 0,01 mm) e descontínuos que envolvem porfiroclastos alongados. Os feldspatos apresentam intercrescimento de agregados criptocristalinos de sericita ± epidoto. Os clastos de quartzo e feldspatos são em geral de mesmas dimensões. Em agregados monominerálicos de quartzo, os cristais apresentam contatos serrilhados decorados por grãos e agregados de grãos discretos com granulação menor ou igual a 0,01 mm, indicando recritstalização por bulging (T próxima de 300-350°C). Os grãos de quartzo apresentam ainda extinção ondulante irregular e subgrãos.\r\nUm veio tabular de quartzo com cerca de 5 mm de espessura corta a aproximadamente 90° a estrutura da rocha. O veio apresenta textura blocada elongada. com orientação perpendicular as paredes do veio e granulação original entre 0,3 e 1,6 mm. Entretanto, os grãos apresentam diversas estruturas deformacionais: extinção ondulante irregular, subgrãos, bandas de deformação, seguindo microfraturas conjulgadas pretéritas decoradas por grãos recristalizados e subgrãos de granulação menor ou igual a 0,02 mm (bulging I).  Os subgrãos são muito maiores que os grãos recristalizados (0,2 - ,3 mm). Ocorrem associações de inclusões fluidas passíveis a serem analisadas por microtermometria. ","PETROGRAFO":"Frederico Meira Faleiros","PROJETO":"Geologia das Folhas Aldeia Tomázia e Fazenda Santa Otília","BASE_CARTOGRAFICA":"SF.21-V-B-VI - Aldeia Tomasia","TIPO_SECAO":"Delgada-polida","GRAU_INTEMPERISMO":null,"TAMANHO_AMOSTRA":null,"COR_RX_FRESCA":null,"COR_RX_INTEMPERIZADA":null,"GRANULACAO_MINIMA":" ","GRANULACAO_MEDIA":" ","GRANULACAO_MAXIMA":" ","SELECIONAMENTO":null,"CONSISTENCIA_AMOSTRA":null,"CONTATO":null,"COD_CLASSIFICACAO":null,"PROTOLITO":null,"ROCHA":"Metagrauvaca feldspática, Metarcóseo","LINK":"p_cod_amostra=116455&p_cod_rocha=560184&p_cod_afloramento=485143","LOCAL_LAMINA":"SUREG-SP","LOTE_LAMINA":null,"NUM_LAB_LAMINA":null,"FICHA":null,"MINERAIS_IDENTIFICADOS":"Quartzo(63%), Feldspato(25%), Quartzo(20%), Sericita(20%), Sericita(10%), Opaco (Microscopia)(2%), Zircão(<1%)","X":-57.472,"Y":-20.619,"DATUM":"WGS84","__atlas_chave_independente":"AFLOR_ROCHA:485143:560184","__atlas_n_registros_grupo":1,"__atlas_q_registro":0.875,"__atlas_q_grupo":0.875,"__atlas_unidade_geologica_id":"1455","__atlas_unidade_geologica_sigla":"PP4at","__atlas_unidade_geologica_nome":"Formação Alto Tererê","__atlas_fonte":"SGB · GeoSGB · Petrografia","__atlas_snapshot":"2026-08-14"}},{"type":"Feature","id":28843841,"geometry":{"type":"Point","coordinates":[-57.47000000000003,-20.625]},"properties":{"OBJECTID":28843841,"COD_AMOSTRA":116457,"COD_AFLORAMENTO":485144,"COD_ROCHA":560186,"NUM_CAMPO_AMOSTRA":"FM-0173","COD_LAMINA":42284,"NUM_CAMPO_LAMINA":"4220-FM-R-0173","NOTAS":"Mesoscopia\r\nTextura: fanerítica fina a média\r\nEstrutura: isótropa\r\nMineralogia observável: piroxênio e plagioclásio\r\n\r\nMicroscopia\r\nTextura: intergranular subédrico \r\nGranulação: < 0,01 - 3,5 mm\r\nNome: Clinopiroxênio-norito\r\nUnidade Geológica: Suíte Rio Perdido\r\n\r\nA rocha é isótropa e apresenta textura granular subédrica e intergranular, com cristais de clinopiroxênio preenchendo interstícios entre cristais ripiformes e prismáticos de plagioclásio e ortopiroxênio, respecivamente. Os cristais de ortopiroxênio são alongados, em formas corroidas e quase invariavelmente envoltos por coroas monocristalinas ou policristalinas de clinopiroxênio. Apresenta intercrescimento simplectíttico ou ao longo de microfraturas ou clivagem de tremolita geralmente em agregados criptocristalinos. Pseudomorfos subédricos a euédricos de plagioclásio consistem de agregados de epidoto criptocristalino + sericita muito fina. Ocorrem cristais intersticiais de feldspato não saussuritizado, neste caso com intercrescimento gráfico de quartzo (o feldspato apresenta geminação polissintética). Biotita laranja-escuro e hornblenda verde-acastanhado ocorrem intercrescidas em borda corroída de clinopiroxênio. Alguns minerais opacos corroídos intercrescidos com agregados criptocristalinos aparentemente de óxido de titânio (titanita ou rutilo). ","PETROGRAFO":"Frederico Meira Faleiros","PROJETO":"Geologia das Folhas Aldeia Tomázia e Fazenda Santa Otília","BASE_CARTOGRAFICA":"SF.21-V-B-VI - Aldeia Tomasia","TIPO_SECAO":"Delgada-polida","GRAU_INTEMPERISMO":"Não intemperizada","TAMANHO_AMOSTRA":"10 cm","COR_RX_FRESCA":"Cinza escuro","COR_RX_INTEMPERIZADA":null,"GRANULACAO_MINIMA":"Fanerítica fina (<1,0mm)","GRANULACAO_MEDIA":"Fanerítica média (1,0-5,0mm)","GRANULACAO_MAXIMA":"Fanerítica média (1,0-5,0mm)","SELECIONAMENTO":null,"CONSISTENCIA_AMOSTRA":"Consistente","CONTATO":null,"COD_CLASSIFICACAO":null,"PROTOLITO":null,"ROCHA":"Norito","LINK":"p_cod_amostra=116457&p_cod_rocha=560186&p_cod_afloramento=485144","LOCAL_LAMINA":"SUREG-SP","LOTE_LAMINA":null,"NUM_LAB_LAMINA":null,"FICHA":null,"MINERAIS_IDENTIFICADOS":"Piroxênio(57%), Tremolita(4%), Opaco (Microscopia)(3%), Quartzo(2%), Biotita(1%), Hornblenda(<1%)","X":-57.47,"Y":-20.625,"DATUM":"WGS84","__atlas_chave_independente":"AFLOR_ROCHA:485144:560186","__atlas_n_registros_grupo":1,"__atlas_q_registro":0.875,"__atlas_q_grupo":0.875,"__atlas_unidade_geologica_id":"1455","__atlas_unidade_geologica_sigla":"PP4at","__atlas_unidade_geologica_nome":"Formação Alto Tererê","__atlas_fonte":"SGB · GeoSGB · Petrografia","__atlas_snapshot":"2026-08-14"}},{"type":"Feature","id":28843873,"geometry":{"type":"Point","coordinates":[-57.416,-20.639999999999986]},"properties":{"OBJECTID":28843873,"COD_AMOSTRA":116460,"COD_AFLORAMENTO":485148,"COD_ROCHA":560192,"NUM_CAMPO_AMOSTRA":"FM-0177-B","COD_LAMINA":42287,"NUM_CAMPO_LAMINA":"4220-FM-R-0177-B","NOTAS":"Textura: clástica reliquiar e granoblástica\r\nGranulação: 0,01 a 1,5 mm\r\nNome: Quartzito feldspático hidrotermalizado\r\nMetamorfismo: fácies xisto verde\r\nUnidade Geológica: Formação Alto Tererê\r\n\r\nRocha intensamente metassomatizada. Ocorre textura clástica sedimentar preservada com clastos bem arredondados a fortemente angulosos de quartzo, com granulação variando de 0,01 a 1,5 mm, com distribuição principalmente seriada. Em geral os clastos milimétricos a submilimétricos são bem arredondados enquantos os menores são dominantemente angulosos. Além de quartzo, a matriz é formada pela associação quartzo + epidoto + feldspato ± tremolita ± carbonato ± clorita ± sericita. A distribuição dos minerais é heterogênea, sendo que o epidoto forma agregados monominerálicos em geral, enquanto os demais minerais estão preferencialmente disseminados. Ocorrem vênulas de quartzo e quartzo + epidoto + carbonato ± tremolita e suas relações com a encaixante são diagnósticas de metassomatismo: uma vênula com a segunda associação termina em um bolsão centimétrico arredondado e mineralogicamente zonado constiuído por epidoto + carbonato, indicando que o veio foi o conduto do fluido que gerou o bolsão. \r\n\r\nNos veios, o quartzo apresenta textura blocada elongada com orientação perpendicular à parede do veio. Ocorrem cristais com terminações euédricas e cristais com inclusões de tremolita + epidoto definindo terminações euédricas de quartzo sobrecrescido. Cristais maiores de carbonato apresentam inclusões de quartzo bipiramidal. O quartzo apresenta inclusões fluidas analisáveis, dominantemente primárias, e está livre de deformação intracristalina.\r\n\r\nAparentemente o feldspato detrítico (preservado na amostra 177_A) foi recristalizado na matriz, gerando um feldspato hidrotermal muito fino. ","PETROGRAFO":"Frederico Meira Faleiros","PROJETO":"Geologia das Folhas Aldeia Tomázia e Fazenda Santa Otília","BASE_CARTOGRAFICA":"SF.21-V-B-VI - Aldeia Tomasia","TIPO_SECAO":"Delgada-polida","GRAU_INTEMPERISMO":null,"TAMANHO_AMOSTRA":null,"COR_RX_FRESCA":null,"COR_RX_INTEMPERIZADA":null,"GRANULACAO_MINIMA":" ","GRANULACAO_MEDIA":" ","GRANULACAO_MAXIMA":" ","SELECIONAMENTO":null,"CONSISTENCIA_AMOSTRA":null,"CONTATO":null,"COD_CLASSIFICACAO":null,"PROTOLITO":null,"ROCHA":"Quartzito feldspático","LINK":"p_cod_amostra=116460&p_cod_rocha=560192&p_cod_afloramento=485148","LOCAL_LAMINA":"SUREG-SP","LOTE_LAMINA":null,"NUM_LAB_LAMINA":null,"FICHA":null,"MINERAIS_IDENTIFICADOS":"Quartzo(60%), Epidoto(25%), Feldspato(10%), Tremolita(3%), Carbonato(2%), Sericita(<1%), Clorita(<1%)","X":-57.416000000000004,"Y":-20.64,"DATUM":"WGS84","__atlas_chave_independente":"AFLOR_ROCHA:485148:560192","__atlas_n_registros_grupo":2,"__atlas_q_registro":0.875,"__atlas_q_grupo":0.875,"__atlas_unidade_geologica_id":"1455","__atlas_unidade_geologica_sigla":"PP4at","__atlas_unidade_geologica_nome":"Formação Alto Tererê","__atlas_fonte":"SGB · GeoSGB · Petrografia","__atlas_snapshot":"2026-08-14"}},{"type":"Feature","id":28843889,"geometry":{"type":"Point","coordinates":[-57.416,-20.639999999999986]},"properties":{"OBJECTID":28843889,"COD_AMOSTRA":116459,"COD_AFLORAMENTO":485148,"COD_ROCHA":560192,"NUM_CAMPO_AMOSTRA":"FM-0177-A","COD_LAMINA":42286,"NUM_CAMPO_LAMINA":"4220-FM-R-0177-A","NOTAS":"Textura: clástica sedimentar e localmente granoblástica\r\nGranulação: 0,05 - 0,8 mm (seriada)\r\nNome: Metarcóseo\r\nMetamorfismo: fácies xisto verde inferior ou sub-xisto verde\r\nUnidade Geológica: Formação Alto Tererê\r\n\r\nRocha com textura clástica sedimentar dominante, com clastos dominantemente angulosos e pouco alongados (menor ou igual a 2:1) de quartzo e feldspatos em organização caótica. Localmente o quartzo apresenta microestruturas indicativas de bulging, e geralmente extinção ondulante irregular. Ocorrem raros domínios com matriz rica em sericita sem orientação preferencial de forma. Ocorrem cristais bem formados de epidoto disseminados, sendo em alguns casos aparentemente detríticos (arredondados) e em outros, metamórfico (anédrico anguloso ou subédrico). Localmente ocorre uma xistosidade definida por orientação preferencial de forma de quartzo e feldspato","PETROGRAFO":"Frederico Meira Faleiros","PROJETO":"Geologia das Folhas Aldeia Tomázia e Fazenda Santa Otília","BASE_CARTOGRAFICA":"SF.21-V-B-VI - Aldeia Tomasia","TIPO_SECAO":"Delgada-polida","GRAU_INTEMPERISMO":null,"TAMANHO_AMOSTRA":null,"COR_RX_FRESCA":null,"COR_RX_INTEMPERIZADA":null,"GRANULACAO_MINIMA":" ","GRANULACAO_MEDIA":" ","GRANULACAO_MAXIMA":" ","SELECIONAMENTO":null,"CONSISTENCIA_AMOSTRA":null,"CONTATO":null,"COD_CLASSIFICACAO":null,"PROTOLITO":null,"ROCHA":"Metarcóseo","LINK":"p_cod_amostra=116459&p_cod_rocha=560192&p_cod_afloramento=485148","LOCAL_LAMINA":"SUREG-SP","LOTE_LAMINA":null,"NUM_LAB_LAMINA":null,"FICHA":null,"MINERAIS_IDENTIFICADOS":"Quartzo(59%), Microclínio(16%), Epidoto(3%), Sericita(2%), Opaco (Microscopia)(2%), Opala(<1%), Zircão(<1%), Muscovita(1%)","X":-57.416000000000004,"Y":-20.64,"DATUM":"WGS84","__atlas_chave_independente":"AFLOR_ROCHA:485148:560192","__atlas_n_registros_grupo":2,"__atlas_q_registro":0.875,"__atlas_q_grupo":0.875,"__atlas_unidade_geologica_id":"1455","__atlas_unidade_geologica_sigla":"PP4at","__atlas_unidade_geologica_nome":"Formação Alto Tererê","__atlas_fonte":"SGB · GeoSGB · Petrografia","__atlas_snapshot":"2026-08-14"}},{"type":"Feature","id":28843905,"geometry":{"type":"Point","coordinates":[-57.41199999999998,-20.624000000000024]},"properties":{"OBJECTID":28843905,"COD_AMOSTRA":116461,"COD_AFLORAMENTO":485149,"COD_ROCHA":560193,"NUM_CAMPO_AMOSTRA":"FM-0178","COD_LAMINA":42288,"NUM_CAMPO_LAMINA":"4220-FM-R-0178","NOTAS":"Textura: clástica sedimentar\r\nGranulação: 0,03 - 0,6 mm\r\nNome: Metasubarcóseo hidrotermalizado\r\nMetamorfismo: fácies xisto verde inferior\r\nUnidade Geológica: Formação Alto Tererê\r\n\r\nA rocha apresenta textura clástica sedimentar preservada, com clastos angulosos a subarredondados de quartzo, feldspato e fragmentos líticos em arranjo caótico (sem orientação preferencial de forma). Os grãos são poucos alongados, com razão axial entre 1:1 e 2:1. Matriz fina com granulação ao redor de 0,03 - 0,05 mm e apresenta baixo volume (aproximadamente 5%). Não ocorre orientação preferencial de forma evidente, nem de origem sedimentar ou metamórfica. O epidoto aparece disseminado heterogeneamente, como grãos isolados ou formando pequenos aglomerados submilimétricos.","PETROGRAFO":"Frederico Meira Faleiros","PROJETO":"Geologia das Folhas Aldeia Tomázia e Fazenda Santa Otília","BASE_CARTOGRAFICA":"SF.21-V-B-VI - Aldeia Tomasia","TIPO_SECAO":"Delgada-polida","GRAU_INTEMPERISMO":null,"TAMANHO_AMOSTRA":null,"COR_RX_FRESCA":null,"COR_RX_INTEMPERIZADA":null,"GRANULACAO_MINIMA":" ","GRANULACAO_MEDIA":" ","GRANULACAO_MAXIMA":" ","SELECIONAMENTO":null,"CONSISTENCIA_AMOSTRA":null,"CONTATO":null,"COD_CLASSIFICACAO":null,"PROTOLITO":null,"ROCHA":"Metarcóseo","LINK":"p_cod_amostra=116461&p_cod_rocha=560193&p_cod_afloramento=485149","LOCAL_LAMINA":"SUREG-SP","LOTE_LAMINA":null,"NUM_LAB_LAMINA":null,"FICHA":null,"MINERAIS_IDENTIFICADOS":"Quartzo(76%), Epidoto(7%), Opaco (Microscopia)(1%), Sericita(1%), Muscovita(1%)","X":-57.412000000000006,"Y":-20.624000000000002,"DATUM":"WGS84","__atlas_chave_independente":"AFLOR_ROCHA:485149:560193","__atlas_n_registros_grupo":1,"__atlas_q_registro":0.875,"__atlas_q_grupo":0.875,"__atlas_unidade_geologica_id":"1455","__atlas_unidade_geologica_sigla":"PP4at","__atlas_unidade_geologica_nome":"Formação Alto Tererê","__atlas_fonte":"SGB · GeoSGB · Petrografia","__atlas_snapshot":"2026-08-14"}},{"type":"Feature","id":28843921,"geometry":{"type":"Point","coordinates":[-57.398000000000025,-20.627999999999986]},"properties":{"OBJECTID":28843921,"COD_AMOSTRA":116462,"COD_AFLORAMENTO":485154,"COD_ROCHA":560201,"NUM_CAMPO_AMOSTRA":"FM-0183-C","COD_LAMINA":42289,"NUM_CAMPO_LAMINA":"4220-FM-R-0183-C","NOTAS":"Mesoscopia\r\nTextura: fanerítica fina a média\r\nEstrutura: isótropa\r\nIC: 50\r\n\r\nMicroscopia\r\nTextura: subofítica, blastointergranular\r\nGranulação: 0,02 - 0,2 mm\r\nNome: Plagioclásio-sericita-epidoto-anfibolio granofels (Meta-clinopiroxênio-norito)\r\nMetamorfismo: fácies xisto verde inferior\r\nUnidade Geológica: Suíte Rio Perdido\r\n\r\nRocha isótropa com textura ígnea reliquiar bem preservada, com pseudomorfos euédricos a subédricos ripiformes de plagioclásio e ortopiroxênio distribuidos em orientação aleatória em pseudomorfos de clinopiroxênio intersticial, por vezes englobando pseudomorfos de plagioclásio de maneira subofítica. Os pseudomorfos de ortopiroxênio são ocupados por agregados de tremolita fibrosa em textura decussada ou fibroradiada. Os pseudomorfos de clinopiroxênio são ocupados por agregados de clinoanfibólio marrom-claro fracamente pleocróico e  plumoso. Muito raramente ocorrem restos de clinopiroxênio. Os pseudomorfos de plagioclásio são ocupados por agregados de epidoto ± sericita ± feldspato ± clorita. Pseudomorfos euédricos de minerais opacos são ocupados por agregados criptocristalinos de titanita. A clorita é incolor com cor de interferência marrom-escuro.","PETROGRAFO":"Frederico Meira Faleiros","PROJETO":"Geologia das Folhas Aldeia Tomázia e Fazenda Santa Otília","BASE_CARTOGRAFICA":"SF.21-V-B-VI - Aldeia Tomasia","TIPO_SECAO":"Delgada-polida","GRAU_INTEMPERISMO":null,"TAMANHO_AMOSTRA":null,"COR_RX_FRESCA":null,"COR_RX_INTEMPERIZADA":null,"GRANULACAO_MINIMA":" ","GRANULACAO_MEDIA":" ","GRANULACAO_MAXIMA":" ","SELECIONAMENTO":null,"CONSISTENCIA_AMOSTRA":null,"CONTATO":null,"COD_CLASSIFICACAO":null,"PROTOLITO":null,"ROCHA":"Metanorito","LINK":"p_cod_amostra=116462&p_cod_rocha=560201&p_cod_afloramento=485154","LOCAL_LAMINA":"SUREG-SP","LOTE_LAMINA":null,"NUM_LAB_LAMINA":null,"FICHA":null,"MINERAIS_IDENTIFICADOS":"Piroxênio(25%), Tremolita(12%), Anfibólio(11%), Epidoto(9%), Sericita(5%), Clorita(5%), Opaco (Microscopia)(2%), Quartzo(1%), Titanita(1%), Hornblenda(<1%)","X":-57.398,"Y":-20.628,"DATUM":"WGS84","__atlas_chave_independente":"AFLOR_ROCHA:485154:560201","__atlas_n_registros_grupo":1,"__atlas_q_registro":0.875,"__atlas_q_grupo":0.875,"__atlas_unidade_geologica_id":"1455","__atlas_unidade_geologica_sigla":"PP4at","__atlas_unidade_geologica_nome":"Formação Alto Tererê","__atlas_fonte":"SGB · GeoSGB · Petrografia","__atlas_snapshot":"2026-08-14"}},{"type":"Feature","id":28843953,"geometry":{"type":"Point","coordinates":[-57.32499999999999,-20.637999999999977]},"properties":{"OBJECTID":28843953,"COD_AMOSTRA":116465,"COD_AFLORAMENTO":485158,"COD_ROCHA":560206,"NUM_CAMPO_AMOSTRA":"FM-0188-B","COD_LAMINA":42292,"NUM_CAMPO_LAMINA":"4220-FM-R-0188-B","NOTAS":"Textura: inequigranular reliquiar\r\nGranulação: 0,01 - 4 mm\r\nNome: monzogranito hidrotermalizado\r\n\r\nRocha isótropa ou com leve orientação preferencial de forma de agregados quartzosos e pseudofeldspáticos (substituídos por saussurita). Ocorre forte segregação entre domínios quartzosos e pseudofeldspáticos. O quartzo apresenta granulação grossa, contatos lobados ou, localmente, retangulares entre os grãos, sendo provavelmente uma relíquia da fase ígnea. Apresenta extinção ondulante e faixas e trilhas de inclusões fluidas ricas em dióxido de carbono, indicando leve deformação tardia. Alguns contatos entre grãos também estão com inicio de serrilhamento, sugerindo bulging muito incipiente. Plagioclásio e microclínio apresentam intenso intercrescimento de sericita + epidoto ± clorita ± fluorita ± albita. O microclínio apresenta também heterogeneamente recristalizado para agregados de granulação da ordem de 0,05 mm (associado a alteração hidrotermal). Ocorrem grãos milimétricos de epidoto com formas anédricas a subédricas e por vezes como inclusões em plagioclásio, que podem representar relíquias da fase ígnea. Ocorrem agregados formados por clorita + epidoto ± quartzo ± apatita ± actinolita ± albita que possivelmente substituíram biotita pretérita. Por vezes esses agregados encontram-se associados aos agregados de epidoto milimétrico e/ou titanita. A clorita é verde-médio com cor de interferência marrom anômalo. A actinolita forma agregados fibrorradiados. O plagioclásio apresenta bordas com sobrecrescimento de albita. O zircão é euédrico e ocorre inclusos nos minerais ígneos. ","PETROGRAFO":"Frederico Meira Faleiros","PROJETO":"Geologia das Folhas Aldeia Tomázia e Fazenda Santa Otília","BASE_CARTOGRAFICA":"SF.21-V-B-VI - Aldeia Tomasia","TIPO_SECAO":"Delgada","GRAU_INTEMPERISMO":null,"TAMANHO_AMOSTRA":null,"COR_RX_FRESCA":null,"COR_RX_INTEMPERIZADA":null,"GRANULACAO_MINIMA":" ","GRANULACAO_MEDIA":" ","GRANULACAO_MAXIMA":" ","SELECIONAMENTO":null,"CONSISTENCIA_AMOSTRA":null,"CONTATO":null,"COD_CLASSIFICACAO":null,"PROTOLITO":null,"ROCHA":"Monzogranito","LINK":"p_cod_amostra=116465&p_cod_rocha=560206&p_cod_afloramento=485158","LOCAL_LAMINA":"SUREG-SP","LOTE_LAMINA":null,"NUM_LAB_LAMINA":null,"FICHA":null,"MINERAIS_IDENTIFICADOS":"Quartzo(33%), Titanita(20%), Microclínio(15%), Sericita(13%), Epidoto(8%), Zircão(<1%), Apatita(<1%), Actinolita(<1%), Clorita(1%), Fluorita(<1%)","X":-57.325,"Y":-20.638,"DATUM":"WGS84","__atlas_chave_independente":"AFLOR_ROCHA:485158:560206","__atlas_n_registros_grupo":2,"__atlas_q_registro":0.875,"__atlas_q_grupo":0.875,"__atlas_unidade_geologica_id":"1465","__atlas_unidade_geologica_sigla":"PP3ap","__atlas_unidade_geologica_nome":"Complexo Rio Apa","__atlas_fonte":"SGB · GeoSGB · Petrografia","__atlas_snapshot":"2026-08-14"}},{"type":"Feature","id":28843969,"geometry":{"type":"Point","coordinates":[-57.32499999999999,-20.637999999999977]},"properties":{"OBJECTID":28843969,"COD_AMOSTRA":116464,"COD_AFLORAMENTO":485158,"COD_ROCHA":560206,"NUM_CAMPO_AMOSTRA":"FM-0188-A","COD_LAMINA":42291,"NUM_CAMPO_LAMINA":"4220-FM-R-0188-A","NOTAS":"Mesoscopia\r\nTextura: porfiroclástica (blastoporfirítica)\r\nGranulação: 1 - 20 mm\r\nEstrutura: protomilonítica, gnáissica\r\n\r\nMicroscopia\r\nTextura: blastoporfirítica, granoblástica\r\nGranulação: até 20 mm\r\nNome: Monzogranito protomilonítico hidrotermalizado\r\nAlteração hidrotermal: saussuritização, albitização e ms + bt+ ep + ap\r\nUnidade Geológica: Gnaisse Morro da Arara\r\n\r\nA rocha é segregada em domínios feldspáticos e domínios quartzosos, os últimos dominados por formas lenticulares com forte orientação preferencial de forma definindo uma foliação gnáissica. Os agregados de quartzo apresentam contatos lobados a amebóides e formas fortemente irregulares, sugerindo grain boundary migration de alta temperatura. Os grãos de quartzo apresentam fraca extinção ondulante dominantemente em faixas paralelas. Localmente ocorrem grãos serrilhados, indicando bulging incipiente. Também ocorrem lamelas de deformação. A granulação varia entre 0,25 e 2 mm. Pseudomorfos de plagioclásio consistem de agregados de sericita + epidoto ± albita ± biotita. Ainda preservam a forma e\r\npor vezes, a geminação do plagioclásio pretérito. Em geral, a proporção entre epidoto e sericita é de 40:60 (%). Os pseudomorfos são anédricos, subédricos ou euédricos e localmente apresentam bordas de albita livres de alteração. Essa feição ocorre com maior frequência para pseudomorfos em contato com microclínio e inclusos nesse. O microclínio é anédrico, pertítico e apresenta inclusões de plagioclásio e intercrescimentos internos de albita. Apresenta também coroas policristalinas de albita e leve alteração hidrotermail, marcada por aspecto turvo (minerais de alteração criptocristalinos). Pseudomorfos de biotita ou de agregados de biotita consistem de intercrescimentos entre biotita laranja + epidoto +sericita; epidoto + muscovita ± biotita; epidoto ± muscovita. ","PETROGRAFO":"Frederico Meira Faleiros","PROJETO":"Geologia das Folhas Aldeia Tomázia e Fazenda Santa Otília","BASE_CARTOGRAFICA":"SF.21-V-B-VI - Aldeia Tomasia","TIPO_SECAO":"Delgada","GRAU_INTEMPERISMO":"Moderadamente intemperizada","TAMANHO_AMOSTRA":"15 cm","COR_RX_FRESCA":"Marrom claro","COR_RX_INTEMPERIZADA":"Marrom claro","GRANULACAO_MINIMA":"Fanerítica fina (<1,0mm)","GRANULACAO_MEDIA":"Fanerítica fina (<1,0mm)","GRANULACAO_MAXIMA":"Fanerítica muito grossa (>30,0mm)","SELECIONAMENTO":null,"CONSISTENCIA_AMOSTRA":"Consistente","CONTATO":null,"COD_CLASSIFICACAO":null,"PROTOLITO":null,"ROCHA":"Monzogranito milonítico, Protomilonito","LINK":"p_cod_amostra=116464&p_cod_rocha=560206&p_cod_afloramento=485158","LOCAL_LAMINA":"SUREG-SP","LOTE_LAMINA":null,"NUM_LAB_LAMINA":null,"FICHA":null,"MINERAIS_IDENTIFICADOS":"Quartzo(30%), Sericita(17%), Microclínio(14%), Epidoto(11%), Biotita(2%), Zircão(<1%), Apatita(<1%), Opaco (Microscopia)(<1%), Albita(1%)","X":-57.325,"Y":-20.638,"DATUM":"WGS84","__atlas_chave_independente":"AFLOR_ROCHA:485158:560206","__atlas_n_registros_grupo":2,"__atlas_q_registro":0.875,"__atlas_q_grupo":0.875,"__atlas_unidade_geologica_id":"1465","__atlas_unidade_geologica_sigla":"PP3ap","__atlas_unidade_geologica_nome":"Complexo Rio Apa","__atlas_fonte":"SGB · GeoSGB · Petrografia","__atlas_snapshot":"2026-08-14"}},{"type":"Feature","id":28843985,"geometry":{"type":"Point","coordinates":[-57.303,-20.64699999999999]},"properties":{"OBJECTID":28843985,"COD_AMOSTRA":116466,"COD_AFLORAMENTO":485159,"COD_ROCHA":560207,"NUM_CAMPO_AMOSTRA":"FM-0189","COD_LAMINA":42293,"NUM_CAMPO_LAMINA":"4220-FM-R-0189","NOTAS":"Mesoscopia\r\nTextura: lenticularizada protomilonítica e blasto-porfirítica\r\nGranulação: 1 - 40 mm\r\nEstrutura: foliada\r\n\r\nMicroscopia\r\nTextura: blastoporfirítica, lenticularizada milonítica, granoblástica\r\nGranulação: 0,3 mm - 4 cm\r\nNome: Monzogranito protomilonítico hidrotermalizado\r\nUnidade Geológica: Gnaisse Morro da Arara\r\n\r\nA rocha apresenta textura porfíritica e inequigranular subédrica seriada preservada, superposta por textura deformacional concentrada em agregados quartzosos. Agregados quartzosos, ricos em plagioclásio e ricos em microclínio encontram-se segregados. Os agregados quartzosos apresentam contatos lobados ou amebóides entre os grãos. Os grãos de quartzo apresentam formas muito irregulares, ampla variação de granulometria (0-1 - 2 mm), e ausência de orientação preferencial de forma. Entretanto, ocorre intensa extinção ondulante em faixas paralelas e forte orientação cristalográfica preferencial. Localmente ocorrem contatos serrilhados entre grãos sugerindo bulging incipiente. O plagioclásio apresenta-se intensamente saussuritizado, pseudomorfizado por agregados de sericita + epidoto, embora ainda possam ser reconhecidas geminações e zonações texturais. É subédrico a euédrico e ocorre como inclusões em megacristais de microclínio, sendo neste caso euédrico e também saussuritizado. Apresenta zonação textura oscilatória e a borda de albita está preservada de alteração hidrotermal. O microclínio é pertítico, anédrico e rico em inclusões de plagioclásio e quartzo, sendo a fase ígnea mais tardia da rocha. Ocorre na matriz e como megacristais de até 4 cm, com forma tabular. Apresenta-se levemente alterado, principalmente ao longo das exsoluções de albita. Ocorrem pseudomorfos de biotita e agregados de biotita completamente substituídos por agregados intercrescidos de clorita + epidoto + apatita ± muscovita. A clorita é verde claro com cor de interferência azul. ","PETROGRAFO":"Frederico Meira Faleiros","PROJETO":"Geologia das Folhas Aldeia Tomázia e Fazenda Santa Otília","BASE_CARTOGRAFICA":"SF.21-V-B-VI - Aldeia Tomasia","TIPO_SECAO":"Delgada","GRAU_INTEMPERISMO":"Não intemperizada","TAMANHO_AMOSTRA":"10 cm","COR_RX_FRESCA":"Cinza claro","COR_RX_INTEMPERIZADA":"Marrom","GRANULACAO_MINIMA":"Fanerítica fina (<1,0mm)","GRANULACAO_MEDIA":"Fanerítica fina (<1,0mm)","GRANULACAO_MAXIMA":"Fanerítica muito grossa (>30,0mm)","SELECIONAMENTO":null,"CONSISTENCIA_AMOSTRA":"Consistente","CONTATO":null,"COD_CLASSIFICACAO":null,"PROTOLITO":null,"ROCHA":"Monzogranito milonítico, Protomilonito","LINK":"p_cod_amostra=116466&p_cod_rocha=560207&p_cod_afloramento=485159","LOCAL_LAMINA":"SUREG-SP","LOTE_LAMINA":null,"NUM_LAB_LAMINA":null,"FICHA":null,"MINERAIS_IDENTIFICADOS":"Microclínio(30%), Quartzo(25%), Sericita(10%), Epidoto(8%), Biotita(4%), Clorita(2%), Opaco (Microscopia)(<1%), Apatita(<1%), Zircão(<1%), Carbonato(<1%)","X":-57.303000000000004,"Y":-20.647000000000002,"DATUM":"WGS84","__atlas_chave_independente":"AFLOR_ROCHA:485159:560207","__atlas_n_registros_grupo":1,"__atlas_q_registro":0.875,"__atlas_q_grupo":0.875,"__atlas_unidade_geologica_id":"1455","__atlas_unidade_geologica_sigla":"PP4at","__atlas_unidade_geologica_nome":"Formação Alto Tererê","__atlas_fonte":"SGB · GeoSGB · Petrografia","__atlas_snapshot":"2026-08-14"}},{"type":"Feature","id":28844017,"geometry":{"type":"Point","coordinates":[-57.30000000000001,-20.66500000000002]},"properties":{"OBJECTID":28844017,"COD_AMOSTRA":116468,"COD_AFLORAMENTO":485161,"COD_ROCHA":560213,"NUM_CAMPO_AMOSTRA":"FM-0191","COD_LAMINA":42295,"NUM_CAMPO_LAMINA":"4220-FM-R-0191","NOTAS":"Mesoscopia\r\nTextura: cataclástica\r\nGranulação: 1 - 7 mm\r\nEstrutura: brechada\r\nIC: 5\r\nMineralogia observável: feldspato róseo, feldspato verde, quartzo e epidoto\r\n\r\nMicroscopia\r\nNome: Monzogranito hidrotermalizado\r\nUnidade Geológica: Granito Ponto Alto\r\n\r\nA textura ígnea inequigranular seriada ainda pode ser reconhecida na amostra de mão. Ao microscópio, ocorre segregação entre porções feldspáticas e porções quartzosas monominerálicas. Os agregados de quartzo apresentam ampla variação granulométrica (0,2 -  4 mm), formas fortemente irregulares e contatos lobados a amebóides entre grãos (possívelmente textura ígnea), localmente serrilhados e decorados por grãos neoformados muito finos (poucos micrômetros até 0,1 mm), também desenvolvidos ao longo de microfraturas. Os grãos maiores apresentam extinção ondulante irregular forte, bandas e lamelas de deformação. Os agregados de quartzo são cortados por microfraturas preenchidas com albita + muscovita ± epidoto e epidoto ± sericita (alteração hidrotermal fissural). O plagioclásio ocorre como pseudomorfos constituídos por agregados de sericita (± epidoto) puros ou intercrescidos com restos de plagioclásio. Os pseudomorfos apresentam formas dominantemente anédricas a subédricas, sendo localmente euédrico como inclusões em microclínio. Localmente apresentam bordas de sobrecrescimentos de albita. Alguns grãos apresentam fraturas granulares preenchidas com albita. O microclínio é pertitíco, anédrico e apresenta inclusões de plagioclásio e intercrescimentos com agregados de albita e muscovita/sericita. Apresenta vênulas conjugadas preenchidas por albita, sericita ou albita + sericita. Localmente apresentam agregados de grãos muito finos (dezenas de micrômetros) desenvolvidos ao longo de microfraturas e bordas de grãos (bulging). A substituição ocupado de 20 a 50% dos grãos. Pseudomorfos de biotita são constituídos por intercrescimentos entre muscovita + epidoto ± opacos ou albita + opacos ± muscovita ± titanita ± epidoto. Os minerais opacos estão corroídos e com textura simplectítica, intercrescidos com minerais não identificados, além de muscovita, albita, epidoto e titanita.","PETROGRAFO":"Frederico Meira Faleiros","PROJETO":"Geologia das Folhas Aldeia Tomázia e Fazenda Santa Otília","BASE_CARTOGRAFICA":"SF.21-V-B-VI - Aldeia Tomasia","TIPO_SECAO":"Delgada","GRAU_INTEMPERISMO":"Intemperizada","TAMANHO_AMOSTRA":"17 cm","COR_RX_FRESCA":"Rosa","COR_RX_INTEMPERIZADA":null,"GRANULACAO_MINIMA":"Fanerítica fina (<1,0mm)","GRANULACAO_MEDIA":"Fanerítica fina (<1,0mm)","GRANULACAO_MAXIMA":"Fanerítica grossa (5,0-30,0mm)","SELECIONAMENTO":null,"CONSISTENCIA_AMOSTRA":"Consistente","CONTATO":null,"COD_CLASSIFICACAO":null,"PROTOLITO":null,"ROCHA":"Monzogranito","LINK":"p_cod_amostra=116468&p_cod_rocha=560213&p_cod_afloramento=485161","LOCAL_LAMINA":"SUREG-SP","LOTE_LAMINA":null,"NUM_LAB_LAMINA":null,"FICHA":null,"MINERAIS_IDENTIFICADOS":"Quartzo(30%), Microclínio(29%), Sericita(16%), Opaco (Microscopia)(3%), Albita(3%), Epidoto(<1%), Apatita(<1%), Zircão(<1%), Biotita(1%)","X":-57.300000000000004,"Y":-20.665000000000003,"DATUM":"WGS84","__atlas_chave_independente":"AFLOR_ROCHA:485161:560213","__atlas_n_registros_grupo":1,"__atlas_q_registro":0.875,"__atlas_q_grupo":0.875,"__atlas_unidade_geologica_id":"1455","__atlas_unidade_geologica_sigla":"PP4at","__atlas_unidade_geologica_nome":"Formação Alto Tererê","__atlas_fonte":"SGB · GeoSGB · Petrografia","__atlas_snapshot":"2026-08-14"}},{"type":"Feature","id":28844049,"geometry":{"type":"Point","coordinates":[-57.317999999999984,-20.73599999999999]},"properties":{"OBJECTID":28844049,"COD_AMOSTRA":116472,"COD_AFLORAMENTO":485167,"COD_ROCHA":560221,"NUM_CAMPO_AMOSTRA":"FM-0197-I","COD_LAMINA":42299,"NUM_CAMPO_LAMINA":"4220-FM-R-0197-I","NOTAS":"Nome da rocha: Sienogranito\r\n\r\nA rocha é constituída predominantemente por quartzo + feldspato grosso com múltiplas vênulas cortando os grãos, preenchido por material criptocristalino não identificado. As bordas de feldspatos possuem agregados marrom-alaranjados, que em parte corrrespondem a biotita associada com alteração de mesma cor e inclusões de opacos (opacitização). Localmente ocorre muscovita associada. O quartzo apresenta, localmente, fraca extinção ondulante e também ocorre microfraturado. ","PETROGRAFO":"Frederico Meira Faleiros","PROJETO":"Geologia das Folhas Aldeia Tomázia e Fazenda Santa Otília","BASE_CARTOGRAFICA":"SF.21-V-B-VI - Aldeia Tomasia","TIPO_SECAO":"Delgada","GRAU_INTEMPERISMO":null,"TAMANHO_AMOSTRA":null,"COR_RX_FRESCA":null,"COR_RX_INTEMPERIZADA":null,"GRANULACAO_MINIMA":" ","GRANULACAO_MEDIA":" ","GRANULACAO_MAXIMA":" ","SELECIONAMENTO":null,"CONSISTENCIA_AMOSTRA":null,"CONTATO":null,"COD_CLASSIFICACAO":null,"PROTOLITO":null,"ROCHA":"Sienogranito","LINK":"p_cod_amostra=116472&p_cod_rocha=560221&p_cod_afloramento=485167","LOCAL_LAMINA":"SUREG-SP","LOTE_LAMINA":null,"NUM_LAB_LAMINA":null,"FICHA":null,"MINERAIS_IDENTIFICADOS":"Quartzo(30%), Biotita(10%), Muscovita(5%), Opaco (Microscopia)(<1%)","X":-57.318000000000005,"Y":-20.736,"DATUM":"WGS84","__atlas_chave_independente":"AFLOR_ROCHA:485167:560221","__atlas_n_registros_grupo":1,"__atlas_q_registro":0.875,"__atlas_q_grupo":0.875,"__atlas_unidade_geologica_id":"1064","__atlas_unidade_geologica_sigla":"PP3_gamma_al","__atlas_unidade_geologica_nome":"Corpo Granito Alumiador","__atlas_fonte":"SGB · GeoSGB · Petrografia","__atlas_snapshot":"2026-08-14"}},{"type":"Feature","id":28844065,"geometry":{"type":"Point","coordinates":[-57.317999999999984,-20.73599999999999]},"properties":{"OBJECTID":28844065,"COD_AMOSTRA":116471,"COD_AFLORAMENTO":485167,"COD_ROCHA":560220,"NUM_CAMPO_AMOSTRA":"FM-0197-H","COD_LAMINA":42298,"NUM_CAMPO_LAMINA":"4220-FM-R-0197-H","NOTAS":"Textura:blastoequigranular subédrica, orientada\r\nGranulação: < 0,01 - 2 mm\r\nNome: Clorita-sericita-epidoto-hornblenda-xisto (Meta-hornblenda-gabro) e Actinolita-sericita-epidoto-plagioclásio granofels (Meta-piroxênio-tonalito)\r\nMetamorfismo: fácies xisto verde inferior\r\nUnidade Geológica: Gnaisse Aldeia Barro Preto\r\n\r\nRocha com textura ígnea reliquiar bem preservada. Ocorre bandamento composicional descontínuo com lentes metatonáliticas (meta-piroxênio tonalito ou actinolita-sericita-epidoto-plagioclásio granofels) com expessura 1-3 mm e extensão de 0,5 a menor que 2 cm, em meio a leitos de meta-hornblenda gabro (clorita-sericita-epidoto-hornblenda xisto).\r\n\r\nNo meta-hornblenda gabro, a rocha apresenta foliação bem marcada pela orientação preferencial de forma de hornblenda. A hornblenda é subédrica, prismática, verde-escuro acastanhado e livre de texturas indicativas de desequílibrio. Está dispersa em meio a domínios dominantemente criptocristalinos formados por epidoto + sericita ± albita que raramente preservam formas de plagioclásio pretérito. Agregados de clorita ± epidoto ± titanita oa pseudomorfizam biotita, ora mineral opaco. \r\n\r\nO epídoto associado à clorita é geralmente mais grosso que aquele associado à sericita, alcançando 0,3 mm de diâmetro. A clorita é verde-claro com cor de interferência marrom anômalo. O quartzo preserva sua textura intersticial ígnea, embora apresente extinção ondulante irregular, evidenciando fraca deformação. Não ocorrrem sinais de recristalização dinâmica. Alguns cristais apresentam extinção do tipo tabuleiro de xadrez. Raramente ocorrem cristais de plagioclásio parcialmente preservados. \r\n\r\nO meta-piroxênio tonalito consiste de camadas cumuláticas onde o plagioclásio forma mosáicos com contatos retos entre grãos e junções tríplices à aproximadamente 120°. Nestes leitos, o plagioclásio apresenta-se mais preservado, com cerca de 50% de intercrescimento de epidoto + sericita. O quartzo é intersticial, apresentando as mesmas características descritas para os leitos de meta-hornblenda gabro, assim como a clorita. A actinolita é verde-claro, ocorre como pseudomorfos de piroxênio poiquilítico, com inclusões de pseudomorfos de plagioclásio (quase completamente saussuritizado), de magnetita (atualmente clorita ± epidoto), além de hornblenda (localmente).\r\n\r\nO quartzo apresenta inclusões fluidas analisáveis. \r\n","PETROGRAFO":"Frederico Meira Faleiros","PROJETO":"Geologia das Folhas Aldeia Tomázia e Fazenda Santa Otília","BASE_CARTOGRAFICA":"SF.21-V-B-VI - Aldeia Tomasia","TIPO_SECAO":"Delgada","GRAU_INTEMPERISMO":null,"TAMANHO_AMOSTRA":null,"COR_RX_FRESCA":null,"COR_RX_INTEMPERIZADA":null,"GRANULACAO_MINIMA":" ","GRANULACAO_MEDIA":" ","GRANULACAO_MAXIMA":" ","SELECIONAMENTO":null,"CONSISTENCIA_AMOSTRA":null,"CONTATO":null,"COD_CLASSIFICACAO":null,"PROTOLITO":"Hornblenda gabro","ROCHA":"Metagabro, Metatonalito","LINK":"p_cod_amostra=116471&p_cod_rocha=560220&p_cod_afloramento=485167","LOCAL_LAMINA":"SUREG-SP","LOTE_LAMINA":null,"NUM_LAB_LAMINA":null,"FICHA":null,"MINERAIS_IDENTIFICADOS":"Epidoto(43%), Hornblenda(42%), Sericita(34%), Quartzo(15%), Clorita(13%), Actinolita(10%), Titanita(<1%), Albita(<1%), Apatita(<1%)","X":-57.318000000000005,"Y":-20.736,"DATUM":"WGS84","__atlas_chave_independente":"AFLOR_ROCHA:485167:560220","__atlas_n_registros_grupo":3,"__atlas_q_registro":0.875,"__atlas_q_grupo":0.875,"__atlas_unidade_geologica_id":"1064","__atlas_unidade_geologica_sigla":"PP3_gamma_al","__atlas_unidade_geologica_nome":"Corpo Granito Alumiador","__atlas_fonte":"SGB · GeoSGB · Petrografia","__atlas_snapshot":"2026-08-14"}},{"type":"Feature","id":28844081,"geometry":{"type":"Point","coordinates":[-57.317999999999984,-20.73599999999999]},"properties":{"OBJECTID":28844081,"COD_AMOSTRA":116470,"COD_AFLORAMENTO":485167,"COD_ROCHA":560220,"NUM_CAMPO_AMOSTRA":"FM-0197-B","COD_LAMINA":42297,"NUM_CAMPO_LAMINA":"4220-FM-R-0197-B","NOTAS":"Textura: blastoequigranular subédrica\r\nGranulação: 0,01 - 1,2 mm\r\nNome: Quartzo-clorita-epidoto-sericita fels \r\nMetamorfismo: fácies xisto verde inferior\r\nUnidade Geológica: Gnaisse Aldeia Barro Preto\r\n\r\nA rocha é isótropa e apresenta textura ígnea blastoequigranular bem preservada; com pseudomorfos de biotita e quartzo intersticiais a domínios compostos essencialmente por pseudomorfos de feldspato (plagioclásio?). Os pseudomorfos de plagioclásio consistem de agregados de sericita + epidoto + albita ± clorita muito finos (menor ou igual a 0,01 a 0,03 mm), com zonação mineralógica com albita preferencialmente nas bordas dos pseudomorfos. Raramente ocorrem restos de plagioclásio preservado, enquanto não foram identificados restos de feldspato alcalino. Os pseudomorfos são subédricos a anédricos. O pseudomorfo de biotita consiste de agregados de clorita + epidoto + albita ± titanita. Nestes agregados, a clorita alcança 1 mm em diâmetro, o epidoto 0,1-0,5 mm, a apatita 0,05-0,2 mm e a titanita aproximadamente 0,1 mm. A clorita é verde-claro com cor de interferência marrom. O quartzo forma pequenos agregados com textura inequigranular interlobada, e comumente apresenta extinção ondulante tipo tabuleiro de xadrez, indicando deformação em alta temperatura (maior que 650°C). Ocorrem inclusões fluidas analisáveis tanto no quartzo quanto na apatita.\r\n\r\nEm direção ao domínio semelhante à lâmina 4220-FM-R-0197A, ocorre aumento no conteúdo de quartzo para cerca de 25-30%. \r\n","PETROGRAFO":"Frederico Meira Faleiros","PROJETO":"Geologia das Folhas Aldeia Tomázia e Fazenda Santa Otília","BASE_CARTOGRAFICA":"SF.21-V-B-VI - Aldeia Tomasia","TIPO_SECAO":"Delgada","GRAU_INTEMPERISMO":null,"TAMANHO_AMOSTRA":null,"COR_RX_FRESCA":null,"COR_RX_INTEMPERIZADA":null,"GRANULACAO_MINIMA":" ","GRANULACAO_MEDIA":" ","GRANULACAO_MAXIMA":" ","SELECIONAMENTO":null,"CONSISTENCIA_AMOSTRA":null,"CONTATO":null,"COD_CLASSIFICACAO":null,"PROTOLITO":null,"ROCHA":"Hornfels","LINK":"p_cod_amostra=116470&p_cod_rocha=560220&p_cod_afloramento=485167","LOCAL_LAMINA":"SUREG-SP","LOTE_LAMINA":null,"NUM_LAB_LAMINA":null,"FICHA":null,"MINERAIS_IDENTIFICADOS":"Feldspato(69%), Sericita(60%), Biotita(25%), Epidoto(20%), Clorita(15%), Quartzo(6%), Albita(3%), Opaco (Microscopia)(<1%), Titanita(1%), Apatita(1%), Zircão(<1%)","X":-57.318000000000005,"Y":-20.736,"DATUM":"WGS84","__atlas_chave_independente":"AFLOR_ROCHA:485167:560220","__atlas_n_registros_grupo":3,"__atlas_q_registro":0.875,"__atlas_q_grupo":0.875,"__atlas_unidade_geologica_id":"1064","__atlas_unidade_geologica_sigla":"PP3_gamma_al","__atlas_unidade_geologica_nome":"Corpo Granito Alumiador","__atlas_fonte":"SGB · GeoSGB · Petrografia","__atlas_snapshot":"2026-08-14"}},{"type":"Feature","id":28844097,"geometry":{"type":"Point","coordinates":[-57.317999999999984,-20.73599999999999]},"properties":{"OBJECTID":28844097,"COD_AMOSTRA":116469,"COD_AFLORAMENTO":485167,"COD_ROCHA":560220,"NUM_CAMPO_AMOSTRA":"FM-0197-A","COD_LAMINA":42296,"NUM_CAMPO_LAMINA":"4220-FM-R-0197-A","NOTAS":"Textura: equigranular reliquiar\r\nGranulação: 0,01 - 3,5 mm\r\nNome: Hornblenda granitóide hidrotermalizado\r\nUnidade Geológica: Gnaisse Aldeira Barro Preto\r\n\r\nA rocha é isótropa e apresenta sua textura ígnea bem preservada. Os feldspatos foram quase que completamente pseudomorfizados por agregados de sericita + epidoto ± clorita. Ainda é possível reconhecer formas subédricas a anédricas. Em alguns casos, ocorre uma zonação com pseudomorfos ricos em sericita no interior dos cristais e ricos em epídoto nas bordas. Localmente ocorre plagioclásio parcialmente preservado. Não é possível dizer se a rocha continha feldspato alcalino. O quartzo, apesar de estar com sua textura ígnea apreservada, apresenta extinção ondulante tipo tabuleiro de xadrez, indicando deformação em alta temperatura (maior ou igual a 650°C). Agregados de quartzo apresentam contatos lobados. A hornblenda é verde-escuro levemente acastanhada e não mostra feições decorrentes de desequilíbrio. Apresenta-se disseminada pela rocha, por vezes formando pequenos agregados. Pseudomorfos de biotita consistem de agregados de clorita + epidoto ± apatita. A clorita é verde com cor de interferência marrom ou azul anômalos, sugerindo composição rica em ferro. O zircão é euédrico, com zonação oscilatória e ocorre preferencialmente incluso em hornblenda. Ocorre apatita euédrica também inclusa na hornblenda. ","PETROGRAFO":"Frederico Meira Faleiros","PROJETO":"Geologia das Folhas Aldeia Tomázia e Fazenda Santa Otília","BASE_CARTOGRAFICA":"SF.21-V-B-VI - Aldeia Tomasia","TIPO_SECAO":"Delgada","GRAU_INTEMPERISMO":null,"TAMANHO_AMOSTRA":null,"COR_RX_FRESCA":null,"COR_RX_INTEMPERIZADA":null,"GRANULACAO_MINIMA":" ","GRANULACAO_MEDIA":" ","GRANULACAO_MAXIMA":" ","SELECIONAMENTO":null,"CONSISTENCIA_AMOSTRA":null,"CONTATO":null,"COD_CLASSIFICACAO":null,"PROTOLITO":null,"ROCHA":"Hornblenda granito","LINK":"p_cod_amostra=116469&p_cod_rocha=560220&p_cod_afloramento=485167","LOCAL_LAMINA":"SUREG-SP","LOTE_LAMINA":null,"NUM_LAB_LAMINA":null,"FICHA":null,"MINERAIS_IDENTIFICADOS":"Feldspato(30%), Quartzo(30%), Hornblenda(20%), Sericita(10%), Epidoto(10%), Biotita(5%), Clorita(4%), Apatita(<2%), Opaco (Microscopia)(<1%), Albita(1%), Zircão(<1%)","X":-57.318000000000005,"Y":-20.736,"DATUM":"WGS84","__atlas_chave_independente":"AFLOR_ROCHA:485167:560220","__atlas_n_registros_grupo":3,"__atlas_q_registro":0.875,"__atlas_q_grupo":0.875,"__atlas_unidade_geologica_id":"1064","__atlas_unidade_geologica_sigla":"PP3_gamma_al","__atlas_unidade_geologica_nome":"Corpo Granito Alumiador","__atlas_fonte":"SGB · GeoSGB · Petrografia","__atlas_snapshot":"2026-08-14"}},{"type":"Feature","id":28844113,"geometry":{"type":"Point","coordinates":[-57.317999999999984,-20.737000000000023]},"properties":{"OBJECTID":28844113,"COD_AMOSTRA":116475,"COD_AFLORAMENTO":485168,"COD_ROCHA":560227,"NUM_CAMPO_AMOSTRA":"FM-0198-D","COD_LAMINA":42302,"NUM_CAMPO_LAMINA":"4220-FM-R-0198-D","NOTAS":"Nome da rocha: Plagioclásio-quartzo-clorita xisto\r\n\r\nA rocha é constituída por uma fina matriz de clorita + quartzo + plagioclásio dividida em bandas irregulares e anastomosadas, ora enriquecidas em clorita, ora empobrecidas. \r\nAs bandas empobrecidas possuem granulação relativamente mais grossa, com grãos de quartzo subangulosos semelhante à clastos. Ocorrem agregados milimétricos de carbonato + quartzo como bolsões dentro da matriz, com grãos de carbonato individualizados. Minerais opacos são abundantes por toda a matriz. \r\n\r\nMinerais:\r\nClorita \r\nQuartzo (até 0,6mm)\r\nCarbonato (até 0,3mm)\r\nPlagioclásio (~0,35mm)\r\nOpacos","PETROGRAFO":"Frederico Meira Faleiros","PROJETO":"Geologia das Folhas Aldeia Tomázia e Fazenda Santa Otília","BASE_CARTOGRAFICA":"SF.21-V-B-VI - Aldeia Tomasia","TIPO_SECAO":"Delgada","GRAU_INTEMPERISMO":null,"TAMANHO_AMOSTRA":null,"COR_RX_FRESCA":null,"COR_RX_INTEMPERIZADA":null,"GRANULACAO_MINIMA":" ","GRANULACAO_MEDIA":" ","GRANULACAO_MAXIMA":" ","SELECIONAMENTO":null,"CONSISTENCIA_AMOSTRA":null,"CONTATO":null,"COD_CLASSIFICACAO":null,"PROTOLITO":null,"ROCHA":"Clorita xisto","LINK":"p_cod_amostra=116475&p_cod_rocha=560227&p_cod_afloramento=485168","LOCAL_LAMINA":"SUREG-SP","LOTE_LAMINA":null,"NUM_LAB_LAMINA":null,"FICHA":null,"MINERAIS_IDENTIFICADOS":"Clorita(40%), Quartzo(25%), Carbonato(8%)","X":-57.318000000000005,"Y":-20.737000000000002,"DATUM":"WGS84","__atlas_chave_independente":"AFLOR_ROCHA:485168:560227","__atlas_n_registros_grupo":1,"__atlas_q_registro":0.875,"__atlas_q_grupo":0.875,"__atlas_unidade_geologica_id":"1064","__atlas_unidade_geologica_sigla":"PP3_gamma_al","__atlas_unidade_geologica_nome":"Corpo Granito Alumiador","__atlas_fonte":"SGB · GeoSGB · Petrografia","__atlas_snapshot":"2026-08-14"}},{"type":"Feature","id":28844129,"geometry":{"type":"Point","coordinates":[-57.317999999999984,-20.737000000000023]},"properties":{"OBJECTID":28844129,"COD_AMOSTRA":116474,"COD_AFLORAMENTO":485168,"COD_ROCHA":560225,"NUM_CAMPO_AMOSTRA":"FM-0198-B","COD_LAMINA":42301,"NUM_CAMPO_LAMINA":"4220-FM-R-0198-B","NOTAS":"Nome da rocha: Hornblenda-gnaisse\r\n\r\nTextura: Milonítica, bandado, granoblástico\r\nMetamorfismo: Anfibolito inferior (hornblenda sem evidência de ínicio de migmatização)\r\n\r\nA rocha é predominantemente composta por plagioclásio pseudomorfizado por sericita + quartzo em hábitos sigmoidais estirados com ocorrência de quartzo granoblástico no contato entre grãos. Grãos de quartzo anédricos também fazem parte da matriz conjuntamente com o plagioclásio; possuem moderada extinção ondulante e borda de grão no padrão bulging.\r\nOcorrem lentes de hornblenda xenoblástica, descontínuas, que definem um bandamento gnáissico, associado com epidoto. O epidoto também ocorre em agregados alongados de forma vermicular, incluso em plagioclásio. ","PETROGRAFO":"Frederico Meira Faleiros","PROJETO":"Geologia das Folhas Aldeia Tomázia e Fazenda Santa Otília","BASE_CARTOGRAFICA":"SF.21-V-B-VI - Aldeia Tomasia","TIPO_SECAO":"Delgada","GRAU_INTEMPERISMO":null,"TAMANHO_AMOSTRA":null,"COR_RX_FRESCA":null,"COR_RX_INTEMPERIZADA":null,"GRANULACAO_MINIMA":" ","GRANULACAO_MEDIA":" ","GRANULACAO_MAXIMA":" ","SELECIONAMENTO":null,"CONSISTENCIA_AMOSTRA":null,"CONTATO":null,"COD_CLASSIFICACAO":null,"PROTOLITO":null,"ROCHA":"Hornblenda gnaisse","LINK":"p_cod_amostra=116474&p_cod_rocha=560225&p_cod_afloramento=485168","LOCAL_LAMINA":"SUREG-SP","LOTE_LAMINA":null,"NUM_LAB_LAMINA":null,"FICHA":null,"MINERAIS_IDENTIFICADOS":"Hornblenda(20%), Quartzo(15%), Epidoto(10%)","X":-57.318000000000005,"Y":-20.737000000000002,"DATUM":"WGS84","__atlas_chave_independente":"AFLOR_ROCHA:485168:560225","__atlas_n_registros_grupo":1,"__atlas_q_registro":0.875,"__atlas_q_grupo":0.875,"__atlas_unidade_geologica_id":"1064","__atlas_unidade_geologica_sigla":"PP3_gamma_al","__atlas_unidade_geologica_nome":"Corpo Granito Alumiador","__atlas_fonte":"SGB · GeoSGB · Petrografia","__atlas_snapshot":"2026-08-14"}},{"type":"Feature","id":28844177,"geometry":{"type":"Point","coordinates":[-57.307000000000016,-20.737000000000023]},"properties":{"OBJECTID":28844177,"COD_AMOSTRA":116477,"COD_AFLORAMENTO":485171,"COD_ROCHA":560230,"NUM_CAMPO_AMOSTRA":"FM-0201-A","COD_LAMINA":42304,"NUM_CAMPO_LAMINA":"4220-FM-R-0201-A","NOTAS":"Textura: blasto-microporfirítica e granolepidoblástica\r\nNome: Albita-epidoto-clorita-xisto (Xisto verde/Metavulcânica)\r\nMetamorfismo: fácies xisto verde\r\nUnidade Geológica: Formação Alto Tererê\r\n\r\nA rocha apresenta uma estrutura anastomosada com lentes mais félsicas com razão axial entre 1:1,5 e 1:3, milimétricas, envoltas por matriz verde-escura rica em clorita. Ao microscópio, ambos domínios composicionais apresentam textura granolepidoblásticas e porfiroclástica, onde porfiroclastos arredondados a subédricos de plagioclásio ígneo reliquiar são envoltos por matriz formada por clorita + epidoto ± albita ± quartzo. Clorita e cristais alongados de albita e quartzo apresentam-se orientados em duas direções principais formando trama SC onde a direção S representa a foliação principal. Os porfiroclastos apresentam sombras de deformação assimétricas. Agregados ricos em quartzo apresentam microestruturas indicativas de bulging. ","PETROGRAFO":"Frederico Meira Faleiros","PROJETO":"Geologia das Folhas Aldeia Tomázia e Fazenda Santa Otília","BASE_CARTOGRAFICA":"SF.21-V-B-VI - Aldeia Tomasia","TIPO_SECAO":"Delgada","GRAU_INTEMPERISMO":null,"TAMANHO_AMOSTRA":null,"COR_RX_FRESCA":null,"COR_RX_INTEMPERIZADA":null,"GRANULACAO_MINIMA":" ","GRANULACAO_MEDIA":" ","GRANULACAO_MAXIMA":" ","SELECIONAMENTO":null,"CONSISTENCIA_AMOSTRA":null,"CONTATO":null,"COD_CLASSIFICACAO":null,"PROTOLITO":null,"ROCHA":"Clorita xisto","LINK":"p_cod_amostra=116477&p_cod_rocha=560230&p_cod_afloramento=485171","LOCAL_LAMINA":"SUREG-SP","LOTE_LAMINA":null,"NUM_LAB_LAMINA":null,"FICHA":null,"MINERAIS_IDENTIFICADOS":"Clorita(48%), Epidoto(15%), Quartzo(10%), Albita(10%), Opaco (Microscopia)(2%), Apatita(<1%)","X":-57.307,"Y":-20.737000000000002,"DATUM":"WGS84","__atlas_chave_independente":"AFLOR_ROCHA:485171:560230","__atlas_n_registros_grupo":2,"__atlas_q_registro":0.875,"__atlas_q_grupo":0.875,"__atlas_unidade_geologica_id":"1455","__atlas_unidade_geologica_sigla":"PP4at","__atlas_unidade_geologica_nome":"Formação Alto Tererê","__atlas_fonte":"SGB · GeoSGB · Petrografia","__atlas_snapshot":"2026-08-14"}},{"type":"Feature","id":28844193,"geometry":{"type":"Point","coordinates":[-57.18720000000002,-21.30079999999998]},"properties":{"OBJECTID":28844193,"COD_AMOSTRA":116483,"COD_AFLORAMENTO":485190,"COD_ROCHA":560248,"NUM_CAMPO_AMOSTRA":"MS-0001-A","COD_LAMINA":42312,"NUM_CAMPO_LAMINA":"4220-MS-R-0001-A","NOTAS":"Rocha foliada, leucocrática, granulação fina, lepido-granoblástica porfiroclástica, composta por muscovita, quartzo, biotita, clorita e opacos. Muscovita ocorre orientada segundo em duas direções oblíquas entre si. Quartzo da matriz exibe textura em mosaico, com cristais subedrais formando contatos retos a curvos. É comum a presença de inclusões (fluidas?). Os porfiroclastos de quartzo apresentam tamanho aproximado de 1.0 mm, com bordas de sobrecrescimento. As placas de muscovita orientadas segundo a Sn+1 são ligeiramente maioires do que aquelas orientadas segundo Sn. Biotita (marrom) e clorita  ocorrem associadas às fraturas.","PETROGRAFO":"Mauricio Pavan Silva","PROJETO":"Geologia das Folhas Aldeia Tomázia e Fazenda Santa Otília","BASE_CARTOGRAFICA":"SF.21-V-D-III - Fazenda Santa Otilia","TIPO_SECAO":"Delgada","GRAU_INTEMPERISMO":"Moderadamente intemperizada","TAMANHO_AMOSTRA":"20 cm","COR_RX_FRESCA":"Cinza","COR_RX_INTEMPERIZADA":"Creme claro","GRANULACAO_MINIMA":"Fanerítica fina (<1,0mm)","GRANULACAO_MEDIA":"Fanerítica fina (<1,0mm)","GRANULACAO_MAXIMA":"Fanerítica média (1,0-5,0mm)","SELECIONAMENTO":null,"CONSISTENCIA_AMOSTRA":"Consistente","CONTATO":null,"COD_CLASSIFICACAO":null,"PROTOLITO":"Arenito micáceo","ROCHA":"Muscovita quartzito","LINK":"p_cod_amostra=116483&p_cod_rocha=560248&p_cod_afloramento=485190","LOCAL_LAMINA":"SUREG-SP","LOTE_LAMINA":null,"NUM_LAB_LAMINA":null,"FICHA":null,"MINERAIS_IDENTIFICADOS":"Quartzo(59%), Muscovita(40%), Clorita(<1%), Biotita(<1%)","X":-57.187200000000004,"Y":-21.300800000000002,"DATUM":"WGS84","__atlas_chave_independente":"AFLOR_ROCHA:485190:560248","__atlas_n_registros_grupo":1,"__atlas_q_registro":0.875,"__atlas_q_grupo":0.875,"__atlas_unidade_geologica_id":"1064","__atlas_unidade_geologica_sigla":"PP3_gamma_al","__atlas_unidade_geologica_nome":"Corpo Granito Alumiador","__atlas_fonte":"SGB · GeoSGB · Petrografia","__atlas_snapshot":"2026-08-14"}},{"type":"Feature","id":28844209,"geometry":{"type":"Point","coordinates":[-57.18430000000001,-21.315699999999993]},"properties":{"OBJECTID":28844209,"COD_AMOSTRA":116485,"COD_AFLORAMENTO":485192,"COD_ROCHA":560250,"NUM_CAMPO_AMOSTRA":"MS-0003-A","COD_LAMINA":42313,"NUM_CAMPO_LAMINA":"4220-MS-R-0003-A","NOTAS":"Rocha foliada, leuco a mesocrática, de granulação fina a muito fina, textura lepidogranoblástica porfiroclástica. Exibe bandamento composicional com alternância de níveis ora mais ricos em muscovita ora mais ricos em quartzo. A foliação é anastomosada. Os porfiroclastos têm tamanho aproximado de 1.0 m, sendo compostos por quartzo, feldspato ou biotita. Os porfiroclastos de quartzo são subédricos, com borda de sobrecrescimento, extinção setorial ou ondulante; alguns dos cristais possui formato sigmoidal. O quartzo da matriz é equigranular, formando textura em mosaico, sendo frequente a presença de inclusões fluidas. Os porfiroclastos de plagioclásio são euédricos (ripiformes) a subédricos, podendo ocorrer cristais soldados (?); O plagioclásio está parcialmente sericitizado e alguns cristais exibem inclusões de quartzo que se assemelham a textura tipo peneira (\"sieve\"). A biotita ocorre como (micro)porfiroclastos, com aspecto poiquilítico e orientados de forma oblíqua à Sm. Muscovita ocorre como pequenas placas orientadas segundo a Sm, se amoldando ao redor dos porfiroclastos.","PETROGRAFO":"Mauricio Pavan Silva","PROJETO":"Geologia das Folhas Aldeia Tomázia e Fazenda Santa Otília","BASE_CARTOGRAFICA":"SF.21-V-D-III - Fazenda Santa Otilia","TIPO_SECAO":"Delgada","GRAU_INTEMPERISMO":"Pouco intemperizada","TAMANHO_AMOSTRA":"40 cm","COR_RX_FRESCA":"Cinza esverdeado","COR_RX_INTEMPERIZADA":"Cinza claro","GRANULACAO_MINIMA":"Fanerítica fina (<1,0mm)","GRANULACAO_MEDIA":"Fanerítica fina (<1,0mm)","GRANULACAO_MAXIMA":"Fanerítica fina (<1,0mm)","SELECIONAMENTO":null,"CONSISTENCIA_AMOSTRA":"Consistente","CONTATO":null,"COD_CLASSIFICACAO":null,"PROTOLITO":"Arcóseo","ROCHA":"Muscovita quartzito","LINK":"p_cod_amostra=116485&p_cod_rocha=560250&p_cod_afloramento=485192","LOCAL_LAMINA":"SUREG-SP","LOTE_LAMINA":null,"NUM_LAB_LAMINA":null,"FICHA":null,"MINERAIS_IDENTIFICADOS":"Quartzo(53%), Muscovita(40%), Zircão(<1%), Biotita(<1%), Opaco (Microscopia)(<1%)","X":-57.1843,"Y":-21.3157,"DATUM":"WGS84","__atlas_chave_independente":"AFLOR_ROCHA:485192:560250","__atlas_n_registros_grupo":1,"__atlas_q_registro":0.875,"__atlas_q_grupo":0.875,"__atlas_unidade_geologica_id":"3375","__atlas_unidade_geologica_sigla":"PP3_gamma_almgr","__atlas_unidade_geologica_nome":"Fácies Microgranito Alumiador","__atlas_fonte":"SGB · GeoSGB · Petrografia","__atlas_snapshot":"2026-08-14"}},{"type":"Feature","id":28844225,"geometry":{"type":"Point","coordinates":[-57.17520000000002,-21.349199999999996]},"properties":{"OBJECTID":28844225,"COD_AMOSTRA":116491,"COD_AFLORAMENTO":485194,"COD_ROCHA":560254,"NUM_CAMPO_AMOSTRA":"MS-0005-A","COD_LAMINA":42314,"NUM_CAMPO_LAMINA":"4220-MS-R-0005-A","NOTAS":"Rocha leucocrática, foliação anastomosada, de granulação fina a média (0,1 - 1,5 mm), com textura lepidogranoblástica porfiroclástica. A matriz é composta por placas de biotita de coloração verde musgo a verde acastanhada, orientadas segundo a Sm. As placas de biotita presentes em microfraturas e associada a opacos e titanita (ou rutilo) é ligeiramente maior que a que compõe a matriz da rocha. Quartzo ocorre como cristais equigranulares subédricos, com textura em mosaico e presença de inclusões fluidas. Os porfiroclastos são subédricos, consituídos por quartzo, plagioclásio e aparentemente aglomerados de cristais de plagioclásio (pode ser efeito visual decorrente da alteração sericítica do mineral). Ocorrem cristais de zircão.","PETROGRAFO":"Mauricio Pavan Silva","PROJETO":"Geologia das Folhas Aldeia Tomázia e Fazenda Santa Otília","BASE_CARTOGRAFICA":"SF.21-V-D-III - Fazenda Santa Otilia","TIPO_SECAO":"Delgada","GRAU_INTEMPERISMO":"Pouco intemperizada","TAMANHO_AMOSTRA":"20 cm","COR_RX_FRESCA":"Cinza escuro","COR_RX_INTEMPERIZADA":"Cinza claro","GRANULACAO_MINIMA":"Fanerítica fina (<1,0mm)","GRANULACAO_MEDIA":"Fanerítica fina (<1,0mm)","GRANULACAO_MAXIMA":"Fanerítica média (1,0-5,0mm)","SELECIONAMENTO":null,"CONSISTENCIA_AMOSTRA":"Consistente","CONTATO":null,"COD_CLASSIFICACAO":null,"PROTOLITO":"Arcóseo","ROCHA":"Muscovita quartzito","LINK":"p_cod_amostra=116491&p_cod_rocha=560254&p_cod_afloramento=485194","LOCAL_LAMINA":"SUREG-SP","LOTE_LAMINA":null,"NUM_LAB_LAMINA":null,"FICHA":null,"MINERAIS_IDENTIFICADOS":"Quartzo(70%), Biotita(10%), Opaco (Microscopia)(<1%), Muscovita(<1%), Titanita(<1%), Zircão(<1%)","X":-57.175200000000004,"Y":-21.3492,"DATUM":"WGS84","__atlas_chave_independente":"AFLOR_ROCHA:485194:560254","__atlas_n_registros_grupo":1,"__atlas_q_registro":0.875,"__atlas_q_grupo":0.875,"__atlas_unidade_geologica_id":"3375","__atlas_unidade_geologica_sigla":"PP3_gamma_almgr","__atlas_unidade_geologica_nome":"Fácies Microgranito Alumiador","__atlas_fonte":"SGB · GeoSGB · Petrografia","__atlas_snapshot":"2026-08-14"}},{"type":"Feature","id":28844257,"geometry":{"type":"Point","coordinates":[-57.13929999999999,-21.461299999999994]},"properties":{"OBJECTID":28844257,"COD_AMOSTRA":116500,"COD_AFLORAMENTO":485201,"COD_ROCHA":560263,"NUM_CAMPO_AMOSTRA":"MS-0012-A","COD_LAMINA":42316,"NUM_CAMPO_LAMINA":"4220-MS-R-0012-A","NOTAS":"Rocha leucocrática muito fina, foliada, com textura lepidogranoblástica porfiroblástica. É composta por muscovita, quartzo, feldspato, opacos e biotita. A granulometria varia entre os níveis composicionais, e nos níveis de granulometria inferior  ocorrem cristais de plagioclásio e microclínio. Este apresentam formas subédricas e extinção concêntria ou ondulante (zonamento composicional). Placas de muscovita marcam a foliação, não havendo continuidade dos níveis micáceos ao longo de toda a lâmina. Quartzo ocorre como cristais equigranulares subédricos, com textura em mosaico. Biotita (?) ocorre de forma localizada como placas de coloração marrom-amarelada (poderia ser stilpnomelano?).","PETROGRAFO":"Mauricio Pavan Silva","PROJETO":"Geologia das Folhas Aldeia Tomázia e Fazenda Santa Otília","BASE_CARTOGRAFICA":"SF.21-V-D-III - Fazenda Santa Otilia","TIPO_SECAO":"Delgada","GRAU_INTEMPERISMO":"Moderadamente intemperizada","TAMANHO_AMOSTRA":"20 cm","COR_RX_FRESCA":"Cinza claro","COR_RX_INTEMPERIZADA":"Cinza","GRANULACAO_MINIMA":"Fanerítica fina (<1,0mm)","GRANULACAO_MEDIA":"Fanerítica fina (<1,0mm)","GRANULACAO_MAXIMA":"Fanerítica fina (<1,0mm)","SELECIONAMENTO":null,"CONSISTENCIA_AMOSTRA":"Friável","CONTATO":null,"COD_CLASSIFICACAO":null,"PROTOLITO":"Arenito micáceo","ROCHA":"Muscovita quartzito","LINK":"p_cod_amostra=116500&p_cod_rocha=560263&p_cod_afloramento=485201","LOCAL_LAMINA":"SUREG-SP","LOTE_LAMINA":null,"NUM_LAB_LAMINA":null,"FICHA":null,"MINERAIS_IDENTIFICADOS":"Quartzo(60%), Muscovita(30%), Opaco (Microscopia)(>5%), Feldspato(<4%), Biotita(<1%)","X":-57.139300000000006,"Y":-21.4613,"DATUM":"WGS84","__atlas_chave_independente":"AFLOR_ROCHA:485201:560263","__atlas_n_registros_grupo":1,"__atlas_q_registro":0.875,"__atlas_q_grupo":0.875,"__atlas_unidade_geologica_id":"1455","__atlas_unidade_geologica_sigla":"PP4at","__atlas_unidade_geologica_nome":"Formação Alto Tererê","__atlas_fonte":"SGB · GeoSGB · Petrografia","__atlas_snapshot":"2026-08-14"}},{"type":"Feature","id":28844273,"geometry":{"type":"Point","coordinates":[-57.09230000000002,-21.457299999999975]},"properties":{"OBJECTID":28844273,"COD_AMOSTRA":116504,"COD_AFLORAMENTO":485203,"COD_ROCHA":560269,"NUM_CAMPO_AMOSTRA":"MS-0014-D","COD_LAMINA":42318,"NUM_CAMPO_LAMINA":"4220-MS-R-0014-D","NOTAS":"Rocha mesocrática fina a média, inequigranular seriada, com textura subofítica. O piroxênio ocorre de duas formas: (i) cristais euédricos, quase incolores, com relevo alto, birrefringência baixa e fraturados, bordejados por (ii) cristais subédricos, cristalizados ao redor do plagioclásio, com coloração amarronzada e relevo mais baixo que (i). O piroxênio exibe extinção setorizada e por vezes ocorrem pequenas placas de biotita (cor castanha) na borda. Plagioclásio (an40 - andesina) ocorre como cristais euédricos a subédricos, com extinção ondulante. Opacos ocorrem como cristais subédricos ao redor do piroxênio. No contato entre feldspatos e piroxênio é comum a presença de mirmequitas.","PETROGRAFO":"Mauricio Pavan Silva","PROJETO":"Geologia das Folhas Aldeia Tomázia e Fazenda Santa Otília","BASE_CARTOGRAFICA":"SF.21-V-D-III - Fazenda Santa Otilia","TIPO_SECAO":"Delgada","GRAU_INTEMPERISMO":"Pouco intemperizada","TAMANHO_AMOSTRA":"40 cm","COR_RX_FRESCA":"Cinza escuro","COR_RX_INTEMPERIZADA":"Cinza esverdeado","GRANULACAO_MINIMA":"Fanerítica fina (<1,0mm)","GRANULACAO_MEDIA":"Fanerítica média (1,0-5,0mm)","GRANULACAO_MAXIMA":"Fanerítica média (1,0-5,0mm)","SELECIONAMENTO":null,"CONSISTENCIA_AMOSTRA":"Consistente","CONTATO":null,"COD_CLASSIFICACAO":null,"PROTOLITO":null,"ROCHA":"Diabásio","LINK":"p_cod_amostra=116504&p_cod_rocha=560269&p_cod_afloramento=485203","LOCAL_LAMINA":"SUREG-SP","LOTE_LAMINA":null,"NUM_LAB_LAMINA":null,"FICHA":null,"MINERAIS_IDENTIFICADOS":"Piroxênio(60%), Opaco (Microscopia)(<4%), Biotita(<1%)","X":-57.0923,"Y":-21.4573,"DATUM":"WGS84","__atlas_chave_independente":"AFLOR_ROCHA:485203:560269","__atlas_n_registros_grupo":1,"__atlas_q_registro":0.875,"__atlas_q_grupo":0.875,"__atlas_unidade_geologica_id":"1455","__atlas_unidade_geologica_sigla":"PP4at","__atlas_unidade_geologica_nome":"Formação Alto Tererê","__atlas_fonte":"SGB · GeoSGB · Petrografia","__atlas_snapshot":"2026-08-14"}},{"type":"Feature","id":28844305,"geometry":{"type":"Point","coordinates":[-57.06979999999999,-21.487099999999998]},"properties":{"OBJECTID":28844305,"COD_AMOSTRA":116507,"COD_AFLORAMENTO":485207,"COD_ROCHA":560273,"NUM_CAMPO_AMOSTRA":"MS-0018-A","COD_LAMINA":42319,"NUM_CAMPO_LAMINA":"4220-MS-R-0018-A","NOTAS":"Rocha granoblástica fina porfiroclástica, com granulação fina a muito fina, composta por quartzo, muscovita, granada e rutilo. A muscovita é restrita a uma faixa dobrada na amostra, oblíqua a Sn, com alguns cristais opacos associados. A matriz é constituída por cristais alojngados de quartzo com extinção ondulante, exibindo feições de rotação de subgrão com recristalização (bulging). Granada ocorre como porfiroclastos.","PETROGRAFO":"Mauricio Pavan Silva","PROJETO":"Geologia das Folhas Aldeia Tomázia e Fazenda Santa Otília","BASE_CARTOGRAFICA":"SF.21-V-D-III - Fazenda Santa Otilia","TIPO_SECAO":"Delgada","GRAU_INTEMPERISMO":"Moderadamente intemperizada","TAMANHO_AMOSTRA":"20 cm","COR_RX_FRESCA":"Cinza","COR_RX_INTEMPERIZADA":"Cinza claro","GRANULACAO_MINIMA":"Fanerítica fina (<1,0mm)","GRANULACAO_MEDIA":"Fanerítica fina (<1,0mm)","GRANULACAO_MAXIMA":"Fanerítica média (1,0-5,0mm)","SELECIONAMENTO":null,"CONSISTENCIA_AMOSTRA":"Friável","CONTATO":null,"COD_CLASSIFICACAO":null,"PROTOLITO":"Arenito micáceo","ROCHA":"Quartzito","LINK":"p_cod_amostra=116507&p_cod_rocha=560273&p_cod_afloramento=485207","LOCAL_LAMINA":"SUREG-SP","LOTE_LAMINA":null,"NUM_LAB_LAMINA":null,"FICHA":null,"MINERAIS_IDENTIFICADOS":"Quartzo(97%), Muscovita(2%), Rutilo(<1%), Granada(<1%)","X":-57.0698,"Y":-21.4871,"DATUM":"WGS84","__atlas_chave_independente":"AFLOR_ROCHA:485207:560273","__atlas_n_registros_grupo":1,"__atlas_q_registro":0.875,"__atlas_q_grupo":0.875,"__atlas_unidade_geologica_id":"1455","__atlas_unidade_geologica_sigla":"PP4at","__atlas_unidade_geologica_nome":"Formação Alto Tererê","__atlas_fonte":"SGB · GeoSGB · Petrografia","__atlas_snapshot":"2026-08-14"}},{"type":"Feature","id":28844337,"geometry":{"type":"Point","coordinates":[-57.160799999999995,-21.390899999999988]},"properties":{"OBJECTID":28844337,"COD_AMOSTRA":116514,"COD_AFLORAMENTO":485211,"COD_ROCHA":560280,"NUM_CAMPO_AMOSTRA":"MS-0022-A","COD_LAMINA":42321,"NUM_CAMPO_LAMINA":"4220-MS-R-0022-A","NOTAS":"Rocha lepidogranoblástica fina, milonítica e porfiroclástica. A matriz é composta por quartzo, biotita, feldspato e muscovita. A foliação é definida pela orientação das placas de biotita (de coloração castanho a verde), que ocorrem dispersas pela matriz formando finas lentes de comprimento milimétrico. As placas de biotita nestas lentes é ligeiramente maior que as dispersas na matriz. Ocorre um cristal de mineral isótropo que não sei se é granada ou fluorita.\r\n\r\nOs cristais de quartzo são equigranulares subédricos, com contatos retos a curvos. ","PETROGRAFO":"Mauricio Pavan Silva","PROJETO":"Geologia das Folhas Aldeia Tomázia e Fazenda Santa Otília","BASE_CARTOGRAFICA":"SF.21-V-D-III - Fazenda Santa Otilia","TIPO_SECAO":"Delgada","GRAU_INTEMPERISMO":"Pouco intemperizada","TAMANHO_AMOSTRA":"40 cm","COR_RX_FRESCA":"Rosa","COR_RX_INTEMPERIZADA":"Rosa claro","GRANULACAO_MINIMA":"Fanerítica fina (<1,0mm)","GRANULACAO_MEDIA":"Fanerítica fina (<1,0mm)","GRANULACAO_MAXIMA":"Fanerítica média (1,0-5,0mm)","SELECIONAMENTO":null,"CONSISTENCIA_AMOSTRA":"Consistente","CONTATO":null,"COD_CLASSIFICACAO":null,"PROTOLITO":"Arenito micáceo","ROCHA":"Biotita quartzito","LINK":"p_cod_amostra=116514&p_cod_rocha=560280&p_cod_afloramento=485211","LOCAL_LAMINA":"SUREG-SP","LOTE_LAMINA":null,"NUM_LAB_LAMINA":null,"FICHA":null,"MINERAIS_IDENTIFICADOS":"Quartzo(85%), Biotita(<14%), Feldspato(>1%)","X":-57.1608,"Y":-21.390900000000002,"DATUM":"WGS84","__atlas_chave_independente":"AFLOR_ROCHA:485211:560280","__atlas_n_registros_grupo":1,"__atlas_q_registro":0.875,"__atlas_q_grupo":0.875,"__atlas_unidade_geologica_id":"3375","__atlas_unidade_geologica_sigla":"PP3_gamma_almgr","__atlas_unidade_geologica_nome":"Fácies Microgranito Alumiador","__atlas_fonte":"SGB · GeoSGB · Petrografia","__atlas_snapshot":"2026-08-14"}},{"type":"Feature","id":28844353,"geometry":{"type":"Point","coordinates":[-57.1173,-21.35329999999999]},"properties":{"OBJECTID":28844353,"COD_AMOSTRA":116517,"COD_AFLORAMENTO":485214,"COD_ROCHA":560283,"NUM_CAMPO_AMOSTRA":"MS-0025-A","COD_LAMINA":42322,"NUM_CAMPO_LAMINA":"4220-MS-R-0025-A","NOTAS":"Rocha leucocrática lepidogranoblástica muito fina, com foliação milonítica e porfiroclástica. A matriz é composta por granada, muscovita, quartzo, feldspato e opacos. A rocha exibe três faixas granulométricas, cada uma associada com uma banda (ou nível). As duas de granulometria mais fina constituem a a maior parte da rocha, sendo compostas por cristais alongados de quartzo e feldspato, alguns deles exibindo textura em mosaico. As placas de muscovita definem a Sm, distribuídas nas margens dos domínios granoblásticos.  Opacos ocorrem de forma dispersa. Ocorrem cristais euédricos de granada, com minerais opacos associados, estando parcialmente rotacionados (caráter pós-cinemático). Porfiroclastos de feldspato exibem sombra de pressão. Os porfiroclastos indicam movimentação sinistral, com topo para SE.","PETROGRAFO":"Mauricio Pavan Silva","PROJETO":"Geologia das Folhas Aldeia Tomázia e Fazenda Santa Otília","BASE_CARTOGRAFICA":"SF.21-V-D-III - Fazenda Santa Otilia","TIPO_SECAO":"Delgada","GRAU_INTEMPERISMO":"Pouco intemperizada","TAMANHO_AMOSTRA":"40 cm","COR_RX_FRESCA":"Rosa","COR_RX_INTEMPERIZADA":"Rosa escuro","GRANULACAO_MINIMA":"Fanerítica fina (<1,0mm)","GRANULACAO_MEDIA":"Fanerítica fina (<1,0mm)","GRANULACAO_MAXIMA":"Fanerítica média (1,0-5,0mm)","SELECIONAMENTO":null,"CONSISTENCIA_AMOSTRA":"Consistente","CONTATO":null,"COD_CLASSIFICACAO":null,"PROTOLITO":"Arenito micáceo","ROCHA":"Quartzito","LINK":"p_cod_amostra=116517&p_cod_rocha=560283&p_cod_afloramento=485214","LOCAL_LAMINA":"SUREG-SP","LOTE_LAMINA":null,"NUM_LAB_LAMINA":null,"FICHA":null,"MINERAIS_IDENTIFICADOS":"Quartzo(70%), Feldspato(25%), Muscovita(<5%), Granada(<1%)","X":-57.1173,"Y":-21.3533,"DATUM":"WGS84","__atlas_chave_independente":"AFLOR_ROCHA:485214:560283","__atlas_n_registros_grupo":1,"__atlas_q_registro":0.875,"__atlas_q_grupo":0.875,"__atlas_unidade_geologica_id":"1455","__atlas_unidade_geologica_sigla":"PP4at","__atlas_unidade_geologica_nome":"Formação Alto Tererê","__atlas_fonte":"SGB · GeoSGB · Petrografia","__atlas_snapshot":"2026-08-14"}},{"type":"Feature","id":28844401,"geometry":{"type":"Point","coordinates":[-57.01999999999998,-21.44999999999999]},"properties":{"OBJECTID":28844401,"COD_AMOSTRA":116524,"COD_AFLORAMENTO":485225,"COD_ROCHA":560296,"NUM_CAMPO_AMOSTRA":"MS-0035-A","COD_LAMINA":42325,"NUM_CAMPO_LAMINA":"4220-MS-R-0035-A","NOTAS":"Rocha granolepidoblástica, milonítica, fanerítica fina, composta por cristais subédricos de quartzo e plagioclásio e microclínio e placas marrom acastanhadas de biotita. Presença de porfiroclastos de quartzo e mirmequita. Microclínio ocorre de forma subédrica a anédrica, indicando ser uma das últimas fases cristalizadas, preenchendo regiões intersticiais.\r\nRocha: álcali-feldspato granito.","PETROGRAFO":"Mauricio Pavan Silva","PROJETO":"Geologia das Folhas Aldeia Tomázia e Fazenda Santa Otília","BASE_CARTOGRAFICA":"SF.21-V-D-III - Fazenda Santa Otilia","TIPO_SECAO":"Delgada","GRAU_INTEMPERISMO":"Moderadamente intemperizada","TAMANHO_AMOSTRA":"20 cm","COR_RX_FRESCA":"Cinza","COR_RX_INTEMPERIZADA":"Cinza claro","GRANULACAO_MINIMA":"Fanerítica fina (<1,0mm)","GRANULACAO_MEDIA":"Fanerítica fina (<1,0mm)","GRANULACAO_MAXIMA":"Fanerítica fina (<1,0mm)","SELECIONAMENTO":null,"CONSISTENCIA_AMOSTRA":"Consistente","CONTATO":null,"COD_CLASSIFICACAO":null,"PROTOLITO":null,"ROCHA":"Álcali-feldspato granito","LINK":"p_cod_amostra=116524&p_cod_rocha=560296&p_cod_afloramento=485225","LOCAL_LAMINA":"SUREG-SP","LOTE_LAMINA":null,"NUM_LAB_LAMINA":null,"FICHA":null,"MINERAIS_IDENTIFICADOS":"Quartzo(58%), Microclínio(30%), Biotita(8%), Zircão(<1%), Opaco (Microscopia)(<1%)","X":-57.02,"Y":-21.45,"DATUM":"WGS84","__atlas_chave_independente":"AFLOR_ROCHA:485225:560296","__atlas_n_registros_grupo":1,"__atlas_q_registro":0.875,"__atlas_q_grupo":0.875,"__atlas_unidade_geologica_id":"1455","__atlas_unidade_geologica_sigla":"PP4at","__atlas_unidade_geologica_nome":"Formação Alto Tererê","__atlas_fonte":"SGB · GeoSGB · Petrografia","__atlas_snapshot":"2026-08-14"}},{"type":"Feature","id":28844417,"geometry":{"type":"Point","coordinates":[-57.000999999999976,-21.350000000000023]},"properties":{"OBJECTID":28844417,"COD_AMOSTRA":116531,"COD_AFLORAMENTO":485228,"COD_ROCHA":560301,"NUM_CAMPO_AMOSTRA":"MS-0038-A","COD_LAMINA":42326,"NUM_CAMPO_LAMINA":"4220-MS-R-0038-A","NOTAS":"Rocha leucocrática, fanerítica fina a média, inequigranular, coloração rosa clara, composta por muscovita, quartzo, microclíno, plagioclásio, biotita, zircão, opacos, fluorita e clorita. Muscovita ocorre como placas orientadas segundo a Sm. Plagioclásio é subédrico, com textura poiquilítica (inclusões de quartzo). Microclínio també é subédrico, havendo porém domínios onde apresenta faces bem formadas, com textura em mosaico. Quartzo ocorre como cristais subédricos. Fluorita ocorre associada a minerais opacos, formando cristais subédricos a anédricos.\r\nRocha: Granodiorito com muscovita (?)","PETROGRAFO":"Mauricio Pavan Silva","PROJETO":"Geologia das Folhas Aldeia Tomázia e Fazenda Santa Otília","BASE_CARTOGRAFICA":"SF.21-V-D-III - Fazenda Santa Otilia","TIPO_SECAO":"Delgada","GRAU_INTEMPERISMO":"Moderadamente intemperizada","TAMANHO_AMOSTRA":"30 cm","COR_RX_FRESCA":"Rosa","COR_RX_INTEMPERIZADA":"Rosa claro","GRANULACAO_MINIMA":"Fanerítica fina (<1,0mm)","GRANULACAO_MEDIA":"Fanerítica fina (<1,0mm)","GRANULACAO_MAXIMA":"Fanerítica fina (<1,0mm)","SELECIONAMENTO":null,"CONSISTENCIA_AMOSTRA":"Consistente","CONTATO":"Contato tectônico","COD_CLASSIFICACAO":null,"PROTOLITO":null,"ROCHA":"Granodiorito","LINK":"p_cod_amostra=116531&p_cod_rocha=560301&p_cod_afloramento=485228","LOCAL_LAMINA":"SUREG-SP","LOTE_LAMINA":null,"NUM_LAB_LAMINA":null,"FICHA":null,"MINERAIS_IDENTIFICADOS":"Quartzo(50%), Microclínio(5%), Muscovita(5%), Opaco (Microscopia)(<1%), Zircão(<1%), Biotita(<1%), Fluorita(<1%), Clorita(<1%)","X":-57.001000000000005,"Y":-21.35,"DATUM":"WGS84","__atlas_chave_independente":"AFLOR_ROCHA:485228:560301","__atlas_n_registros_grupo":1,"__atlas_q_registro":0.875,"__atlas_q_grupo":0.875,"__atlas_unidade_geologica_id":"1455","__atlas_unidade_geologica_sigla":"PP4at","__atlas_unidade_geologica_nome":"Formação Alto Tererê","__atlas_fonte":"SGB · GeoSGB · Petrografia","__atlas_snapshot":"2026-08-14"}},{"type":"Feature","id":28844449,"geometry":{"type":"Point","coordinates":[-57.08100000000002,-21.5]},"properties":{"OBJECTID":28844449,"COD_AMOSTRA":116537,"COD_AFLORAMENTO":485231,"COD_ROCHA":560306,"NUM_CAMPO_AMOSTRA":"MS-0041-A","COD_LAMINA":42328,"NUM_CAMPO_LAMINA":"4220-MS-R-0041-A","NOTAS":"Rocha leucocrática, fina a muito fina, milonítica, composta por quartzo e muscovita. A foliação é marcada pela orientação das placas de muscovita, com presença de mica-fish indicando movimentação destral, com topo para E. O quartzo ocorre como cristais inequigranulares, subédricos, com contatos serrilhados a retos, exibindo feição de sobrecrescimento por bulging e migração de borda de grão.\r\nRocha: muscovita-quartzito","PETROGRAFO":"Mauricio Pavan Silva","PROJETO":"Geologia das Folhas Aldeia Tomázia e Fazenda Santa Otília","BASE_CARTOGRAFICA":"SF.21-V-D-III - Fazenda Santa Otilia","TIPO_SECAO":"Delgada","GRAU_INTEMPERISMO":"Moderadamente intemperizada","TAMANHO_AMOSTRA":"20 cm","COR_RX_FRESCA":"Creme","COR_RX_INTEMPERIZADA":"Amarelo escuro","GRANULACAO_MINIMA":"Fanerítica fina (<1,0mm)","GRANULACAO_MEDIA":"Fanerítica fina (<1,0mm)","GRANULACAO_MAXIMA":"Fanerítica fina (<1,0mm)","SELECIONAMENTO":null,"CONSISTENCIA_AMOSTRA":"Friável","CONTATO":null,"COD_CLASSIFICACAO":null,"PROTOLITO":"Arenito micáceo","ROCHA":"Muscovita quartzito","LINK":"p_cod_amostra=116537&p_cod_rocha=560306&p_cod_afloramento=485231","LOCAL_LAMINA":"SUREG-SP","LOTE_LAMINA":null,"NUM_LAB_LAMINA":null,"FICHA":null,"MINERAIS_IDENTIFICADOS":"Quartzo(97%), Muscovita(3%)","X":-57.081,"Y":-21.5,"DATUM":"WGS84","__atlas_chave_independente":"AFLOR_ROCHA:485231:560306","__atlas_n_registros_grupo":1,"__atlas_q_registro":0.875,"__atlas_q_grupo":0.875,"__atlas_unidade_geologica_id":"1455","__atlas_unidade_geologica_sigla":"PP4at","__atlas_unidade_geologica_nome":"Formação Alto Tererê","__atlas_fonte":"SGB · GeoSGB · Petrografia","__atlas_snapshot":"2026-08-14"}},{"type":"Feature","id":28844481,"geometry":{"type":"Point","coordinates":[-57.000999999999976,-21.382000000000005]},"properties":{"OBJECTID":28844481,"COD_AMOSTRA":116543,"COD_AFLORAMENTO":485235,"COD_ROCHA":560310,"NUM_CAMPO_AMOSTRA":"MS-0045-B","COD_LAMINA":42330,"NUM_CAMPO_LAMINA":"4220-MS-R-0045-B","NOTAS":"Rocha leucocrática, foliada, fanerítica \"porfirítica\" de granulaçãoi fina a média, composta por quartz, plagioclásio, microclínio, biotita, hornblenda, opacos, monazita, zircão. A rocha exibe textura lepido-granoblástica, com a foliação sendo definida pela orientação dos minerais máficos e pela orientação preferencial dos cristais de feldspato. Hornblenda ocorre como prismas orientados seguindo a Sm, com pleocroóismo nas cores verde-azulado a verde-claro. Biotita ocorre como placas orientadas segundo a foliação; exibe pleocroísmo nas cores castanho-esverdeado claro a castanho-escuro. Ocorre também associada a minerais opacos, substituindo a hornblenda. Plagioclásio ocorre como cristais subédricos a anédricos com contatos lobados a curvos (em cúspide?). Apresenta inclusões de quartzo, zonamento composicional, teor de An28 (oligoclásio) determinado visualmente. Microclínio exibe as mesmas características texturais. Quartzo ocorre como cristais subédricos a anédricos com contatos curvos a lobados. Há uma estreita faixa, composta essencialmente por quartzo fino, aparentemente registrando deformação de baixa temperatura. Zircão ocore como cristais euédricos dispersos pela rocha.\r\nRocha: Hornblenda-biotita-monzo a sienogranito gnáissico","PETROGRAFO":"Mauricio Pavan Silva","PROJETO":"Geologia das Folhas Aldeia Tomázia e Fazenda Santa Otília","BASE_CARTOGRAFICA":"SF.21-V-D-III - Fazenda Santa Otilia","TIPO_SECAO":"Delgada","GRAU_INTEMPERISMO":"Moderadamente intemperizada","TAMANHO_AMOSTRA":"20 cm","COR_RX_FRESCA":"Rosa claro","COR_RX_INTEMPERIZADA":"Cinza rosado","GRANULACAO_MINIMA":"Fanerítica fina (<1,0mm)","GRANULACAO_MEDIA":"Fanerítica fina (<1,0mm)","GRANULACAO_MAXIMA":"Fanerítica média (1,0-5,0mm)","SELECIONAMENTO":null,"CONSISTENCIA_AMOSTRA":"Consistente","CONTATO":null,"COD_CLASSIFICACAO":null,"PROTOLITO":"Monzogranito","ROCHA":"Gnaisse","LINK":"p_cod_amostra=116543&p_cod_rocha=560310&p_cod_afloramento=485235","LOCAL_LAMINA":"SUREG-SP","LOTE_LAMINA":null,"NUM_LAB_LAMINA":null,"FICHA":null,"MINERAIS_IDENTIFICADOS":"Microclínio(39%), Quartzo(25%), Biotita(5%), Hornblenda(<1%), Opaco (Microscopia)(<1%), Zircão(<1%)","X":-57.001000000000005,"Y":-21.382,"DATUM":"WGS84","__atlas_chave_independente":"AFLOR_ROCHA:485235:560310","__atlas_n_registros_grupo":1,"__atlas_q_registro":0.875,"__atlas_q_grupo":0.875,"__atlas_unidade_geologica_id":"1455","__atlas_unidade_geologica_sigla":"PP4at","__atlas_unidade_geologica_nome":"Formação Alto Tererê","__atlas_fonte":"SGB · GeoSGB · Petrografia","__atlas_snapshot":"2026-08-14"}},{"type":"Feature","id":28844497,"geometry":{"type":"Point","coordinates":[-57.019000000000005,-21.396000000000015]},"properties":{"OBJECTID":28844497,"COD_AMOSTRA":116544,"COD_AFLORAMENTO":485238,"COD_ROCHA":560313,"NUM_CAMPO_AMOSTRA":"MS-0048-A","COD_LAMINA":42331,"NUM_CAMPO_LAMINA":"4220-MS-R-0048-A","NOTAS":"Rocha leucocrática fina, foliada, inequigranular, com textura granolepidoblástica, composta por quartzo, muscovita, opacos, zircão e monazita. A foliação (Sm) é marcada pela orientação das placas de muscovita. Opacos ocorrem como cristais retangulares e equidimensionais, alinhados segundo a Sm, estando oxidados e exibindo tamanha inferior a 0.5mm. Quartzo ocorre como cristais subédricos com contatos retos a irregulares, apresentando extinção ondulante. Cristais de zircão detrítico exibem formas arredondadas ou de primas com bordas arredondadas. Ocorrem alguns cristais de monazita.\r\nRocha: Muscovita quartzito","PETROGRAFO":"Mauricio Pavan Silva","PROJETO":"Geologia das Folhas Aldeia Tomázia e Fazenda Santa Otília","BASE_CARTOGRAFICA":"SF.21-V-D-III - Fazenda Santa Otilia","TIPO_SECAO":"Delgada","GRAU_INTEMPERISMO":"Moderadamente intemperizada","TAMANHO_AMOSTRA":"20 cm","COR_RX_FRESCA":"Amarelo","COR_RX_INTEMPERIZADA":"Amarelo claro","GRANULACAO_MINIMA":"Fanerítica fina (<1,0mm)","GRANULACAO_MEDIA":"Fanerítica fina (<1,0mm)","GRANULACAO_MAXIMA":"Fanerítica grossa (5,0-30,0mm)","SELECIONAMENTO":null,"CONSISTENCIA_AMOSTRA":"Friável","CONTATO":null,"COD_CLASSIFICACAO":null,"PROTOLITO":"Arenito micáceo","ROCHA":"Muscovita quartzito","LINK":"p_cod_amostra=116544&p_cod_rocha=560313&p_cod_afloramento=485238","LOCAL_LAMINA":"SUREG-SP","LOTE_LAMINA":null,"NUM_LAB_LAMINA":null,"FICHA":null,"MINERAIS_IDENTIFICADOS":"Quartzo(85%), Muscovita(14%), Opaco (Microscopia)(1%), Monazita(<1%), Zircão(<1%)","X":-57.019000000000005,"Y":-21.396,"DATUM":"WGS84","__atlas_chave_independente":"AFLOR_ROCHA:485238:560313","__atlas_n_registros_grupo":1,"__atlas_q_registro":0.875,"__atlas_q_grupo":0.875,"__atlas_unidade_geologica_id":"1455","__atlas_unidade_geologica_sigla":"PP4at","__atlas_unidade_geologica_nome":"Formação Alto Tererê","__atlas_fonte":"SGB · GeoSGB · Petrografia","__atlas_snapshot":"2026-08-14"}},{"type":"Feature","id":28844529,"geometry":{"type":"Point","coordinates":[-57.023000000000025,-21.420000000000016]},"properties":{"OBJECTID":28844529,"COD_AMOSTRA":116545,"COD_AFLORAMENTO":485239,"COD_ROCHA":560314,"NUM_CAMPO_AMOSTRA":"MS-0049-A","COD_LAMINA":42332,"NUM_CAMPO_LAMINA":"4220-MS-R-0049-A","NOTAS":"Rocha lepdiogranoblástica fina, composta por quartzo, microclínio, plagioclásio, biotita, titanita, muscovita e rutilo. Os cristais de feldspatos e quartzo são subédricos e exibem contatos retos a curvos, comumente formando junções tríplices, havendo também cristais anédricos com contatos com angulo inferior a 60o. Biotita exibe coloração verde-escura. Titanita também ocorre como cristais subédricos com rutilo associado. A proporção entre plagioclásio e microclínio são similares. A foliação na rocha exibe aspecto regular e contínuo (bandamento gnáissico). QAP = campo monzogranito","PETROGRAFO":"Mauricio Pavan Silva","PROJETO":"Geologia das Folhas Aldeia Tomázia e Fazenda Santa Otília","BASE_CARTOGRAFICA":"SF.21-V-D-III - Fazenda Santa Otilia","TIPO_SECAO":"Delgada","GRAU_INTEMPERISMO":"Pouco intemperizada","TAMANHO_AMOSTRA":"40 cm","COR_RX_FRESCA":"Cinza escuro","COR_RX_INTEMPERIZADA":"Cinza claro","GRANULACAO_MINIMA":"Fanerítica fina (<1,0mm)","GRANULACAO_MEDIA":"Fanerítica média (1,0-5,0mm)","GRANULACAO_MAXIMA":"Fanerítica média (1,0-5,0mm)","SELECIONAMENTO":null,"CONSISTENCIA_AMOSTRA":"Consistente","CONTATO":null,"COD_CLASSIFICACAO":null,"PROTOLITO":null,"ROCHA":null,"LINK":"p_cod_amostra=116545&p_cod_rocha=560314&p_cod_afloramento=485239","LOCAL_LAMINA":"SUREG-SP","LOTE_LAMINA":null,"NUM_LAB_LAMINA":null,"FICHA":null,"MINERAIS_IDENTIFICADOS":null,"X":-57.023,"Y":-21.42,"DATUM":"WGS84","__atlas_chave_independente":"AFLOR_ROCHA:485239:560314","__atlas_n_registros_grupo":2,"__atlas_q_registro":0.625,"__atlas_q_grupo":0.625,"__atlas_unidade_geologica_id":"1455","__atlas_unidade_geologica_sigla":"PP4at","__atlas_unidade_geologica_nome":"Formação Alto Tererê","__atlas_fonte":"SGB · GeoSGB · Petrografia","__atlas_snapshot":"2026-08-14"}},{"type":"Feature","id":28844545,"geometry":{"type":"Point","coordinates":[-57.019000000000005,-21.430999999999983]},"properties":{"OBJECTID":28844545,"COD_AMOSTRA":116550,"COD_AFLORAMENTO":485240,"COD_ROCHA":560315,"NUM_CAMPO_AMOSTRA":"MS-0050-D","COD_LAMINA":42335,"NUM_CAMPO_LAMINA":"4220-MS-R-0050-D","NOTAS":"Rocha granoblástica com granulometria mais grossa que as demais (ainda fanerítica fina), composta por quartzo, plagioclásio, epidoto, biotita, muscovita, titanita (sem presença de K-feldspato). Os cristais apresentam contatos retos a curvos, com textura poligonal. Epidoto ocorre como cristais euédricos com inclusões no centro e bordas \"limpas\". Biotita ocorre na borda do epidoto. A rocha exibe domínios melanocráticos (epidoto+biotita+titanita). Apesar da ausência de K-feldspato na matriz, ocorrem bolsões centimétricos (<10cm) de K-feldspatos. Índicio de segregação?\r\nQAP = campo do tonalito.","PETROGRAFO":"Mauricio Pavan Silva","PROJETO":"Geologia das Folhas Aldeia Tomázia e Fazenda Santa Otília","BASE_CARTOGRAFICA":"SF.21-V-D-III - Fazenda Santa Otilia","TIPO_SECAO":"Delgada","GRAU_INTEMPERISMO":"Pouco intemperizada","TAMANHO_AMOSTRA":"40 cm","COR_RX_FRESCA":"Cinza","COR_RX_INTEMPERIZADA":"Creme","GRANULACAO_MINIMA":"Fanerítica fina (<1,0mm)","GRANULACAO_MEDIA":"Fanerítica fina (<1,0mm)","GRANULACAO_MAXIMA":"Fanerítica média (1,0-5,0mm)","SELECIONAMENTO":null,"CONSISTENCIA_AMOSTRA":"Consistente","CONTATO":null,"COD_CLASSIFICACAO":null,"PROTOLITO":null,"ROCHA":null,"LINK":"p_cod_amostra=116550&p_cod_rocha=560315&p_cod_afloramento=485240","LOCAL_LAMINA":"SUREG-SP","LOTE_LAMINA":null,"NUM_LAB_LAMINA":null,"FICHA":null,"MINERAIS_IDENTIFICADOS":null,"X":-57.019000000000005,"Y":-21.431,"DATUM":"WGS84","__atlas_chave_independente":"AFLOR_ROCHA:485240:560315","__atlas_n_registros_grupo":2,"__atlas_q_registro":0.625,"__atlas_q_grupo":0.625,"__atlas_unidade_geologica_id":"1455","__atlas_unidade_geologica_sigla":"PP4at","__atlas_unidade_geologica_nome":"Formação Alto Tererê","__atlas_fonte":"SGB · GeoSGB · Petrografia","__atlas_snapshot":"2026-08-14"}},{"type":"Feature","id":28844609,"geometry":{"type":"Point","coordinates":[-57.240999999999985,-21.262]},"properties":{"OBJECTID":28844609,"COD_AMOSTRA":116574,"COD_AFLORAMENTO":485250,"COD_ROCHA":560331,"NUM_CAMPO_AMOSTRA":"MS-0060-A","COD_LAMINA":42338,"NUM_CAMPO_LAMINA":"4220-MS-R-0060-A","NOTAS":"Rocha hololeucocrática, fanerítica média a grossa (1 - 10 cm), inequigranular seriada, isótropa, constituída por quartzo, plagioclásio, K-feldspato, biotita, clorita, sericita, epidoto, titanita, rutilo e opacos. A rocha está bastante alterada, com os cristais de plagioclásio parcialmente substituídos por sericita + epidoto. Somente a borda dos cristais encontra-se mais preservada, com contatos lobados. O plagioclásio forma aglomerados de cristais ripiformes; K-feldspato ocorre como cristais euédricos a subédricos com pouca ou nenhuma alteração, exibindo lamelas de exsolução e inclusões de plagioclásio. Quartzo ocorre como cristais subédricos preenchendo os espaços na matriz; biotita é substituída pela associação clorita + epidoto e junto a ela ocorrem pequenos cristais de titanita ou rutilo. QAP = campo monzogranito","PETROGRAFO":"Mauricio Pavan Silva","PROJETO":"Geologia das Folhas Aldeia Tomázia e Fazenda Santa Otília","BASE_CARTOGRAFICA":"SF.21-V-D-III - Fazenda Santa Otilia","TIPO_SECAO":"Delgada","GRAU_INTEMPERISMO":"Intemperizada","TAMANHO_AMOSTRA":"25 cm","COR_RX_FRESCA":"Cinza claro","COR_RX_INTEMPERIZADA":"Amarelo claro","GRANULACAO_MINIMA":"Fanerítica grossa (5,0-30,0mm)","GRANULACAO_MEDIA":"Fanerítica fina (<1,0mm)","GRANULACAO_MAXIMA":"Fanerítica grossa (5,0-30,0mm)","SELECIONAMENTO":null,"CONSISTENCIA_AMOSTRA":"Consistente","CONTATO":null,"COD_CLASSIFICACAO":null,"PROTOLITO":null,"ROCHA":"Biotita monzogranito","LINK":"p_cod_amostra=116574&p_cod_rocha=560331&p_cod_afloramento=485250","LOCAL_LAMINA":"SUREG-SP","LOTE_LAMINA":null,"NUM_LAB_LAMINA":null,"FICHA":null,"MINERAIS_IDENTIFICADOS":"Quartzo(20%), Biotita(5%), Rutilo(<1%), Epidoto(<1%), Titanita(<1%), Sericita(<1%), Clorita(<1%), Opaco (Microscopia)(<1%)","X":-57.241,"Y":-21.262,"DATUM":"WGS84","__atlas_chave_independente":"AFLOR_ROCHA:485250:560331","__atlas_n_registros_grupo":1,"__atlas_q_registro":0.875,"__atlas_q_grupo":0.875,"__atlas_unidade_geologica_id":"1064","__atlas_unidade_geologica_sigla":"PP3_gamma_al","__atlas_unidade_geologica_nome":"Corpo Granito Alumiador","__atlas_fonte":"SGB · GeoSGB · Petrografia","__atlas_snapshot":"2026-08-14"}},{"type":"Feature","id":28844625,"geometry":{"type":"Point","coordinates":[-57.156000000000006,-21.331999999999994]},"properties":{"OBJECTID":28844625,"COD_AMOSTRA":116583,"COD_AFLORAMENTO":485252,"COD_ROCHA":560339,"NUM_CAMPO_AMOSTRA":"MS-0062-A","COD_LAMINA":42339,"NUM_CAMPO_LAMINA":"4220-MS-R-0062-A","NOTAS":"Rocha leucocrática, lepido-granoblástica porfiroclástica, fanerítica fina a muito fina. É composta por quartzo, biotita, plagioclásio, sericita, magnetita, epidoto, microclínio e zircão. A foliação é espaçada, com domínios onde predomina aspecto regular (paralelo) e domínios onde predomina o tipo anastomosado. A foliação é marcada pela orientação das placas de biotita, que exibe pleocroísmo castanho amarelado a castanho escuro. A distribuição da biotita na rocha condiciona o tipo da foliação presente. Plagioclásio ocorre como porfiroclastos rotacionados (movimento dextral), parcialmente substituídos por sericita + epidoto; quartzo ocorre como cristais subédricos, com contatos retos a curvos. Ocorre também em veios, apresentando textura poligonizada.","PETROGRAFO":"Mauricio Pavan Silva","PROJETO":"Geologia das Folhas Aldeia Tomázia e Fazenda Santa Otília","BASE_CARTOGRAFICA":"SF.21-V-D-III - Fazenda Santa Otilia","TIPO_SECAO":"Delgada","GRAU_INTEMPERISMO":"Pouco intemperizada","TAMANHO_AMOSTRA":"20 cm","COR_RX_FRESCA":"Cinza escuro","COR_RX_INTEMPERIZADA":"Cinza claro","GRANULACAO_MINIMA":"Fanerítica fina (<1,0mm)","GRANULACAO_MEDIA":"Fanerítica fina (<1,0mm)","GRANULACAO_MAXIMA":"Fanerítica fina (<1,0mm)","SELECIONAMENTO":null,"CONSISTENCIA_AMOSTRA":"Consistente","CONTATO":null,"COD_CLASSIFICACAO":null,"PROTOLITO":null,"ROCHA":"Milonito","LINK":"p_cod_amostra=116583&p_cod_rocha=560339&p_cod_afloramento=485252","LOCAL_LAMINA":"SUREG-SP","LOTE_LAMINA":null,"NUM_LAB_LAMINA":null,"FICHA":null,"MINERAIS_IDENTIFICADOS":"Quartzo(90%), Biotita(5%), Epidoto(<1%), Sericita(<1%), Zircão(<1%), Magnetita(<1%)","X":-57.156000000000006,"Y":-21.332,"DATUM":"WGS84","__atlas_chave_independente":"AFLOR_ROCHA:485252:560339","__atlas_n_registros_grupo":1,"__atlas_q_registro":0.875,"__atlas_q_grupo":0.875,"__atlas_unidade_geologica_id":"3375","__atlas_unidade_geologica_sigla":"PP3_gamma_almgr","__atlas_unidade_geologica_nome":"Fácies Microgranito Alumiador","__atlas_fonte":"SGB · GeoSGB · Petrografia","__atlas_snapshot":"2026-08-14"}},{"type":"Feature","id":28844641,"geometry":{"type":"Point","coordinates":[-57.03899999999999,-21.38499999999999]},"properties":{"OBJECTID":28844641,"COD_AMOSTRA":116592,"COD_AFLORAMENTO":485258,"COD_ROCHA":560348,"NUM_CAMPO_AMOSTRA":"MS-0068-A","COD_LAMINA":42340,"NUM_CAMPO_LAMINA":"4220-MS-R-0068-A","NOTAS":"Rocha hololeucocrática fina a média (0,1 - 1,2 mm), foliada e bandada, com alternância de bandas quartzosas e bandas ricas em K-feldspato. A espessura das bandas é de 1 a 2 mm. A associação opacos + zircão + mineral muito fino forma lâminas intercaladas na estrutura. A rocha é composta por quartzo, plagioclásio, K-feldspato, opacos e zircão. Microclínio ocorre como cristais euédricos a subédricos, por vezes exibindo textura poligonizada, com cristais equidimensionais e apresentam geminação em grade e zonamento composicional. Em algumas porções da lâmina o microclínio parece estar preenchendo vazios entre os cristais de plagioclásio e quartzo. Quartzo ocorre disposto em faixas (bandas), com aspecto equigranular e exibindo feições de recristalização por migração de borda de grão. Plagioclásio ocorre como cristais isolados, subédricos e também equidimensionais. QAP = campo do sieno-granito","PETROGRAFO":"Mauricio Pavan Silva","PROJETO":"Geologia das Folhas Aldeia Tomázia e Fazenda Santa Otília","BASE_CARTOGRAFICA":"SF.21-V-D-III - Fazenda Santa Otilia","TIPO_SECAO":"Delgada","GRAU_INTEMPERISMO":"Pouco intemperizada","TAMANHO_AMOSTRA":"30 cm","COR_RX_FRESCA":"Cinza claro","COR_RX_INTEMPERIZADA":"Cinza","GRANULACAO_MINIMA":"Fanerítica fina (<1,0mm)","GRANULACAO_MEDIA":"Fanerítica fina (<1,0mm)","GRANULACAO_MAXIMA":"Fanerítica média (1,0-5,0mm)","SELECIONAMENTO":null,"CONSISTENCIA_AMOSTRA":"Consistente","CONTATO":null,"COD_CLASSIFICACAO":null,"PROTOLITO":"Sienogranito","ROCHA":"Gnaisse","LINK":"p_cod_amostra=116592&p_cod_rocha=560348&p_cod_afloramento=485258","LOCAL_LAMINA":"SUREG-SP","LOTE_LAMINA":null,"NUM_LAB_LAMINA":null,"FICHA":null,"MINERAIS_IDENTIFICADOS":"Quartzo(30%), Opaco (Microscopia)(2%), Zircão(<1%)","X":-57.039,"Y":-21.385,"DATUM":"WGS84","__atlas_chave_independente":"AFLOR_ROCHA:485258:560348","__atlas_n_registros_grupo":1,"__atlas_q_registro":0.875,"__atlas_q_grupo":0.875,"__atlas_unidade_geologica_id":"1455","__atlas_unidade_geologica_sigla":"PP4at","__atlas_unidade_geologica_nome":"Formação Alto Tererê","__atlas_fonte":"SGB · GeoSGB · Petrografia","__atlas_snapshot":"2026-08-14"}},{"type":"Feature","id":28844657,"geometry":{"type":"Point","coordinates":[-57.04199999999997,-21.394999999999982]},"properties":{"OBJECTID":28844657,"COD_AMOSTRA":116596,"COD_AFLORAMENTO":485260,"COD_ROCHA":560350,"NUM_CAMPO_AMOSTRA":"MS-0070-A","COD_LAMINA":42341,"NUM_CAMPO_LAMINA":"4220-MS-R-0070-A","NOTAS":"Rocha leucocrática, bandada, milonítica, fanerítica fina a média (0,1 - 1,0 mm), textura granoblástica, com a foliação sendo definida plea orientação dos cristais de feldspato; A rocha é constituída por quartzo, plagioclásio, K-feldspato, biotita, opacos e zircão. Os cristais de K-feldspato (microclínio) são equidimensinais e tabulares, com contatos retos a curvos, apresentam lamelas de exsolução; el alguns domínios o arranjo dos cristais forma textura poligonizada; Plagioclásio possui algumas características texturais do microclínio e quando próximo a faixas enriquecidas em bioita marrom, ambos os feldspatos estão parcialmente sericitizados; ocorre um pseudomorfo com resquícios de hornblenda. Quartzo ocorre como cristais subédricos, por vezes anédricos, formando faixas sem feições de recristalização.\r\nQAP = campo do sienogranito","PETROGRAFO":"Mauricio Pavan Silva","PROJETO":"Geologia das Folhas Aldeia Tomázia e Fazenda Santa Otília","BASE_CARTOGRAFICA":"SF.21-V-D-III - Fazenda Santa Otilia","TIPO_SECAO":"Delgada","GRAU_INTEMPERISMO":"Moderadamente intemperizada","TAMANHO_AMOSTRA":"30 cm","COR_RX_FRESCA":"Rosa","COR_RX_INTEMPERIZADA":"Rosa claro","GRANULACAO_MINIMA":"Fanerítica fina (<1,0mm)","GRANULACAO_MEDIA":"Fanerítica média (1,0-5,0mm)","GRANULACAO_MAXIMA":"Fanerítica média (1,0-5,0mm)","SELECIONAMENTO":null,"CONSISTENCIA_AMOSTRA":"Consistente","CONTATO":null,"COD_CLASSIFICACAO":null,"PROTOLITO":null,"ROCHA":null,"LINK":"p_cod_amostra=116596&p_cod_rocha=560350&p_cod_afloramento=485260","LOCAL_LAMINA":"SUREG-SP","LOTE_LAMINA":null,"NUM_LAB_LAMINA":null,"FICHA":null,"MINERAIS_IDENTIFICADOS":null,"X":-57.042,"Y":-21.395,"DATUM":"WGS84","__atlas_chave_independente":"AFLOR_ROCHA:485260:560350","__atlas_n_registros_grupo":1,"__atlas_q_registro":0.625,"__atlas_q_grupo":0.625,"__atlas_unidade_geologica_id":"1455","__atlas_unidade_geologica_sigla":"PP4at","__atlas_unidade_geologica_nome":"Formação Alto Tererê","__atlas_fonte":"SGB · GeoSGB · Petrografia","__atlas_snapshot":"2026-08-14"}},{"type":"Feature","id":28844689,"geometry":{"type":"Point","coordinates":[-57.166,-21.39100000000002]},"properties":{"OBJECTID":28844689,"COD_AMOSTRA":116603,"COD_AFLORAMENTO":485266,"COD_ROCHA":560357,"NUM_CAMPO_AMOSTRA":"MS-0076-A","COD_LAMINA":42343,"NUM_CAMPO_LAMINA":"4220-MS-R-0076-A","NOTAS":"Rocha leucocrática, foliada, fanerítica fina a média (0,1 - 2,0 mm); com textura lepidogranoblástica. A foliação (Sn) é definida pela orientação das placas de biotita. A rocha é composta por quartzo, feldspatos, biotita, opacos, clorita, muscovita e zircão. Biotita ocorre como finas placas com pleocroísmo castanho esverdeado a castanho escuro, e algumas placas estão substituídas por clorita. Quartzo ocorre como cristais equigranulares subédricos, com contatos retos a curvos. Plagioclásio ocorre como porfiroclastos rotacionados, com bordas recristalizadas; os porfiroclastos também são formados por agregados de microclínio. Epidoto e sericita ocorrem substituindo os cristais de palgioclásio. Zircão ocorre como cristais euédricos dispersos pela matriz.","PETROGRAFO":"Mauricio Pavan Silva","PROJETO":"Geologia das Folhas Aldeia Tomázia e Fazenda Santa Otília","BASE_CARTOGRAFICA":"SF.21-V-D-III - Fazenda Santa Otilia","TIPO_SECAO":"Delgada","GRAU_INTEMPERISMO":"Pouco intemperizada","TAMANHO_AMOSTRA":"40 cm","COR_RX_FRESCA":"Cinza escuro","COR_RX_INTEMPERIZADA":"Cinza","GRANULACAO_MINIMA":"Fanerítica fina (<1,0mm)","GRANULACAO_MEDIA":"Fanerítica fina (<1,0mm)","GRANULACAO_MAXIMA":"Fanerítica média (1,0-5,0mm)","SELECIONAMENTO":null,"CONSISTENCIA_AMOSTRA":"Consistente","CONTATO":null,"COD_CLASSIFICACAO":null,"PROTOLITO":null,"ROCHA":"Biotita quartzito","LINK":"p_cod_amostra=116603&p_cod_rocha=560357&p_cod_afloramento=485266","LOCAL_LAMINA":"SUREG-SP","LOTE_LAMINA":null,"NUM_LAB_LAMINA":null,"FICHA":null,"MINERAIS_IDENTIFICADOS":"Quartzo(88%), Biotita(<6%), Feldspato(5%), Muscovita(<1%), Opaco (Microscopia)(<1%), Clorita(<1%), Zircão(<1%)","X":-57.166000000000004,"Y":-21.391000000000002,"DATUM":"WGS84","__atlas_chave_independente":"AFLOR_ROCHA:485266:560357","__atlas_n_registros_grupo":1,"__atlas_q_registro":0.875,"__atlas_q_grupo":0.875,"__atlas_unidade_geologica_id":"3375","__atlas_unidade_geologica_sigla":"PP3_gamma_almgr","__atlas_unidade_geologica_nome":"Fácies Microgranito Alumiador","__atlas_fonte":"SGB · GeoSGB · Petrografia","__atlas_snapshot":"2026-08-14"}},{"type":"Feature","id":28844721,"geometry":{"type":"Point","coordinates":[-57.23399999999998,-21.285000000000025]},"properties":{"OBJECTID":28844721,"COD_AMOSTRA":116614,"COD_AFLORAMENTO":485269,"COD_ROCHA":560361,"NUM_CAMPO_AMOSTRA":"MS-0079-A","COD_LAMINA":42345,"NUM_CAMPO_LAMINA":"4220-MS-R-0079-A","NOTAS":"Rocha holo a leucocrática, isótropa, inequigranular seriada, fanerítica fina amédia (<1 - 2,0 mm); é composta por quartzo, feldspato, biotita, opacos e sericita. A rocha exibe criustais euédricos de quartzo disperso entre os cristais de feldspato intercrescidos com quartzo em textura gráfica. O feldspato tem aspecto turvo, com feicções de de substituição de sericita e epiodoto. Os cristais de feldspato e quartzo são envolvidos por uma fina faixa de sericita + epidoto + clorita. Ocorrem glomérulos de opacos + epidoto + biotita esverdeada.","PETROGRAFO":"Mauricio Pavan Silva","PROJETO":"Geologia das Folhas Aldeia Tomázia e Fazenda Santa Otília","BASE_CARTOGRAFICA":"SF.21-V-D-III - Fazenda Santa Otilia","TIPO_SECAO":"Delgada","GRAU_INTEMPERISMO":"Moderadamente intemperizada","TAMANHO_AMOSTRA":"30 cm","COR_RX_FRESCA":"Rosa claro","COR_RX_INTEMPERIZADA":"Cinza rosado","GRANULACAO_MINIMA":"Fanerítica fina (<1,0mm)","GRANULACAO_MEDIA":"Fanerítica fina (<1,0mm)","GRANULACAO_MAXIMA":"Fanerítica média (1,0-5,0mm)","SELECIONAMENTO":null,"CONSISTENCIA_AMOSTRA":"Consistente","CONTATO":null,"COD_CLASSIFICACAO":null,"PROTOLITO":null,"ROCHA":"Granito","LINK":"p_cod_amostra=116614&p_cod_rocha=560361&p_cod_afloramento=485269","LOCAL_LAMINA":"SUREG-SP","LOTE_LAMINA":null,"NUM_LAB_LAMINA":null,"FICHA":null,"MINERAIS_IDENTIFICADOS":"Feldspato(55%), Quartzo(35%), Sericita(<2%), Opaco (Microscopia)(<1%), Epidoto(<1%), Biotita(1%)","X":-57.234,"Y":-21.285,"DATUM":"WGS84","__atlas_chave_independente":"AFLOR_ROCHA:485269:560361","__atlas_n_registros_grupo":1,"__atlas_q_registro":0.875,"__atlas_q_grupo":0.875,"__atlas_unidade_geologica_id":"1064","__atlas_unidade_geologica_sigla":"PP3_gamma_al","__atlas_unidade_geologica_nome":"Corpo Granito Alumiador","__atlas_fonte":"SGB · GeoSGB · Petrografia","__atlas_snapshot":"2026-08-14"}},{"type":"Feature","id":28844737,"geometry":{"type":"Point","coordinates":[-57.233000000000004,-21.31400000000002]},"properties":{"OBJECTID":28844737,"COD_AMOSTRA":116616,"COD_AFLORAMENTO":485272,"COD_ROCHA":560364,"NUM_CAMPO_AMOSTRA":"MS-0082-A","COD_LAMINA":42346,"NUM_CAMPO_LAMINA":"4220-MS-R-0082-A","NOTAS":"Rocha hololeucocrática, inequigranular seriada, fanerítica fina a média (0,1 - 2,0 mm), contituída por quartzo, plagioclásio, K-feldspato, biotita, muscovita, opacos e titanita. A rocha possui cristais retangulares a ovalados de feldspato, por vezes com feições de exsolução, envoltos por uma coroa de intercrescimento com quartzo (textura gráfica - intercrescimento poligonal ou vermiforme). Ocorre alguns cristais de retangulares de plagioclásio, com zonamento composicional e núcleo substituído por sericita. Os minerais máficos ocorrem como agregados dispersos pela rocha. Opacos e titanita ocorrem intercrescidos.\r\nQAP = Sieno-granito","PETROGRAFO":"Mauricio Pavan Silva","PROJETO":"Geologia das Folhas Aldeia Tomázia e Fazenda Santa Otília","BASE_CARTOGRAFICA":"SF.21-V-D-III - Fazenda Santa Otilia","TIPO_SECAO":"Delgada","GRAU_INTEMPERISMO":"Pouco intemperizada","TAMANHO_AMOSTRA":"30 cm","COR_RX_FRESCA":"Rosa","COR_RX_INTEMPERIZADA":"Rosa claro","GRANULACAO_MINIMA":"Fanerítica fina (<1,0mm)","GRANULACAO_MEDIA":"Fanerítica fina (<1,0mm)","GRANULACAO_MAXIMA":"Fanerítica média (1,0-5,0mm)","SELECIONAMENTO":null,"CONSISTENCIA_AMOSTRA":"Consistente","CONTATO":null,"COD_CLASSIFICACAO":null,"PROTOLITO":null,"ROCHA":"Biotita sienogranito","LINK":"p_cod_amostra=116616&p_cod_rocha=560364&p_cod_afloramento=485272","LOCAL_LAMINA":"SUREG-SP","LOTE_LAMINA":null,"NUM_LAB_LAMINA":null,"FICHA":null,"MINERAIS_IDENTIFICADOS":"Quartzo(30%), Titanita(<1%), Opaco (Microscopia)(1%), Biotita(<1%), Muscovita(<1%)","X":-57.233000000000004,"Y":-21.314,"DATUM":"WGS84","__atlas_chave_independente":"AFLOR_ROCHA:485272:560364","__atlas_n_registros_grupo":1,"__atlas_q_registro":0.875,"__atlas_q_grupo":0.875,"__atlas_unidade_geologica_id":"1064","__atlas_unidade_geologica_sigla":"PP3_gamma_al","__atlas_unidade_geologica_nome":"Corpo Granito Alumiador","__atlas_fonte":"SGB · GeoSGB · Petrografia","__atlas_snapshot":"2026-08-14"}},{"type":"Feature","id":28844753,"geometry":{"type":"Point","coordinates":[-57.22300000000001,-21.314999999999998]},"properties":{"OBJECTID":28844753,"COD_AMOSTRA":116619,"COD_AFLORAMENTO":485273,"COD_ROCHA":560365,"NUM_CAMPO_AMOSTRA":"MS-0083-C","COD_LAMINA":42347,"NUM_CAMPO_LAMINA":"4220-MS-R-0083-C","NOTAS":"Rocha hololeucocrática, inequigranular seriada, fanerítica fina a média (0,1 - 2,0 mm), contituída por quartzo, plagioclásio, K-feldspato, biotita, muscovita, opacos e titanita. A rocha possui cristais prismáticos de feldspato, por vezes com feições de exsolução, envoltos por uma coroa de intercrescimento com quartzo (textura gráfica - intercrescimento poligonal ou vermiforme). Ocorre alguns cristais de retangulares de plagioclásio e com zonamento composicional. Os minerais máficos ocorrem como agregados dispersos pela rocha. Opacos e titanita ocorrem intercrescidos.\r\nQAP = Sieno-granito","PETROGRAFO":"Mauricio Pavan Silva","PROJETO":"Geologia das Folhas Aldeia Tomázia e Fazenda Santa Otília","BASE_CARTOGRAFICA":"SF.21-V-D-III - Fazenda Santa Otilia","TIPO_SECAO":"Delgada","GRAU_INTEMPERISMO":"Pouco intemperizada","TAMANHO_AMOSTRA":"30 cm","COR_RX_FRESCA":"Rosa","COR_RX_INTEMPERIZADA":"Rosa claro","GRANULACAO_MINIMA":"Fanerítica fina (<1,0mm)","GRANULACAO_MEDIA":"Fanerítica fina (<1,0mm)","GRANULACAO_MAXIMA":"Fanerítica média (1,0-5,0mm)","SELECIONAMENTO":null,"CONSISTENCIA_AMOSTRA":"Consistente","CONTATO":null,"COD_CLASSIFICACAO":null,"PROTOLITO":null,"ROCHA":null,"LINK":"p_cod_amostra=116619&p_cod_rocha=560365&p_cod_afloramento=485273","LOCAL_LAMINA":"SUREG-SP","LOTE_LAMINA":null,"NUM_LAB_LAMINA":null,"FICHA":null,"MINERAIS_IDENTIFICADOS":null,"X":-57.223000000000006,"Y":-21.315,"DATUM":"WGS84","__atlas_chave_independente":"AFLOR_ROCHA:485273:560365","__atlas_n_registros_grupo":1,"__atlas_q_registro":0.625,"__atlas_q_grupo":0.625,"__atlas_unidade_geologica_id":"1064","__atlas_unidade_geologica_sigla":"PP3_gamma_al","__atlas_unidade_geologica_nome":"Corpo Granito Alumiador","__atlas_fonte":"SGB · GeoSGB · Petrografia","__atlas_snapshot":"2026-08-14"}},{"type":"Feature","id":28844769,"geometry":{"type":"Point","coordinates":[-57.158000000000015,-21.226999999999975]},"properties":{"OBJECTID":28844769,"COD_AMOSTRA":116624,"COD_AFLORAMENTO":485278,"COD_ROCHA":560375,"NUM_CAMPO_AMOSTRA":"MS-0088-B","COD_LAMINA":42348,"NUM_CAMPO_LAMINA":"4220-MS-R-0088-B","NOTAS":"Rocha melanocrática, com textura nematogranoblástica fina a muito fina (0,01 - 0,5 mm), constituída por actinolita, epidoto, quartzo, plagioclásio e opacos. A actinolita ocorre como cristais prismáticos, com pleocroísmo nas cores verde amarelado claro a verde azulado, orientados segundo a Sn. Ocorrem pequenos bolsões de quartzoe e plagioclásio, onde os cristais de anfibólio são ligeiramente maiores do que na matriz, e orientados de forma oblíqua à foliação. Epidoto ocorre como cristais euédricos dispersos pela matriz, havendo maior concentração nas porções com plagioclásio. Opacos formam aglomerados de cristais.","PETROGRAFO":"Mauricio Pavan Silva","PROJETO":"Geologia das Folhas Aldeia Tomázia e Fazenda Santa Otília","BASE_CARTOGRAFICA":"SF.21-V-D-III - Fazenda Santa Otilia","TIPO_SECAO":"Delgada","GRAU_INTEMPERISMO":"Pouco intemperizada","TAMANHO_AMOSTRA":"30 cm","COR_RX_FRESCA":"Verde escuro","COR_RX_INTEMPERIZADA":"Verde claro","GRANULACAO_MINIMA":"Fanerítica fina (<1,0mm)","GRANULACAO_MEDIA":"Fanerítica fina (<1,0mm)","GRANULACAO_MAXIMA":"Fanerítica fina (<1,0mm)","SELECIONAMENTO":null,"CONSISTENCIA_AMOSTRA":"Consistente","CONTATO":null,"COD_CLASSIFICACAO":null,"PROTOLITO":null,"ROCHA":null,"LINK":"p_cod_amostra=116624&p_cod_rocha=560375&p_cod_afloramento=485278","LOCAL_LAMINA":"SUREG-SP","LOTE_LAMINA":null,"NUM_LAB_LAMINA":null,"FICHA":null,"MINERAIS_IDENTIFICADOS":null,"X":-57.158,"Y":-21.227,"DATUM":"WGS84","__atlas_chave_independente":"AFLOR_ROCHA:485278:560375","__atlas_n_registros_grupo":1,"__atlas_q_registro":0.625,"__atlas_q_grupo":0.625,"__atlas_unidade_geologica_id":"1503","__atlas_unidade_geologica_sigla":"Q1p1","__atlas_unidade_geologica_nome":"Fácies Pantanal, terraços aluvionares","__atlas_fonte":"SGB · GeoSGB · Petrografia","__atlas_snapshot":"2026-08-14"}},{"type":"Feature","id":28844801,"geometry":{"type":"Point","coordinates":[-57.394799999999975,-21.254599999999982]},"properties":{"OBJECTID":28844801,"COD_AMOSTRA":116635,"COD_AFLORAMENTO":485291,"COD_ROCHA":560391,"NUM_CAMPO_AMOSTRA":"MS-0102-A","COD_LAMINA":42350,"NUM_CAMPO_LAMINA":"4220-MS-R-0102-A","NOTAS":"Rocha vulcânica (possivelmente vulcanoclástica), de granulação muito fina a média (<0,1 - 1,0 mm), com matriz microgranular cortada por faixas de quartzo (paralelos a estrutura da rocha).  A proporção entre matriz e cristais é de 70/30. Ocorrem cristais (maiores que a granulometria da matriz) euédricos a subédricos de quartzo (20%), plagioclásio (8%) e opacos (2%). Alguns exibem bordas lobadas, indicando possível reação de reabsorção com a matriz. Os cristais opacos são euédricos ou com textura esquelética.","PETROGRAFO":"Mauricio Pavan Silva","PROJETO":"Geologia das Folhas Aldeia Tomázia e Fazenda Santa Otília","BASE_CARTOGRAFICA":"SF.21-V-D-III - Fazenda Santa Otilia","TIPO_SECAO":"Delgada","GRAU_INTEMPERISMO":"Pouco intemperizada","TAMANHO_AMOSTRA":"30 cm","COR_RX_FRESCA":"Cinza","COR_RX_INTEMPERIZADA":"Cinza rosado","GRANULACAO_MINIMA":"Fanerítica fina (<1,0mm)","GRANULACAO_MEDIA":"Fanerítica fina (<1,0mm)","GRANULACAO_MAXIMA":"Fanerítica média (1,0-5,0mm)","SELECIONAMENTO":null,"CONSISTENCIA_AMOSTRA":"Consistente","CONTATO":null,"COD_CLASSIFICACAO":null,"PROTOLITO":null,"ROCHA":"Tufo félsico","LINK":"p_cod_amostra=116635&p_cod_rocha=560391&p_cod_afloramento=485291","LOCAL_LAMINA":"SUREG-SP","LOTE_LAMINA":null,"NUM_LAB_LAMINA":null,"FICHA":null,"MINERAIS_IDENTIFICADOS":null,"X":-57.394800000000004,"Y":-21.2546,"DATUM":"WGS84","__atlas_chave_independente":"AFLOR_ROCHA:485291:560391","__atlas_n_registros_grupo":1,"__atlas_q_registro":0.75,"__atlas_q_grupo":0.75,"__atlas_unidade_geologica_id":"1503","__atlas_unidade_geologica_sigla":"Q1p1","__atlas_unidade_geologica_nome":"Fácies Pantanal, terraços aluvionares","__atlas_fonte":"SGB · GeoSGB · Petrografia","__atlas_snapshot":"2026-08-14"}},{"type":"Feature","id":28844833,"geometry":{"type":"Point","coordinates":[-57.386300000000006,-21.277600000000007]},"properties":{"OBJECTID":28844833,"COD_AMOSTRA":116637,"COD_AFLORAMENTO":485293,"COD_ROCHA":560393,"NUM_CAMPO_AMOSTRA":"MS-0104-B","COD_LAMINA":42352,"NUM_CAMPO_LAMINA":"4220-MS-R-0104-B","NOTAS":"Rocha leucocrática, isótropa, equi a inequigranular, fanerítica fina a média (0,1 - 2,0 mm). É composta por quartzo, feldspato, clorita, biotita, epidoto, sericita, opacos e titanita.\r\nOs cristais de feldspato são euédricos, parcialmente substituídos por sericita + epidoto. Quartzo ocorre como fase intersticial por vezes formando contatos agudos (em cúspide) e com extinção ondulante. Biotita possui coloração marrom clara, ocorre envolvida por clorita (substituição). A associação clorita + epidoto + opacos + titanita ocorre com forma retangular entre os cristais de feldspatos, possivelmente substituindo alguma fase máfica. As bordas dos cristais de feldspato não exibem alteração sericítica. ","PETROGRAFO":"Mauricio Pavan Silva","PROJETO":"Geologia das Folhas Aldeia Tomázia e Fazenda Santa Otília","BASE_CARTOGRAFICA":"SF.21-V-D-III - Fazenda Santa Otilia","TIPO_SECAO":"Delgada","GRAU_INTEMPERISMO":"Pouco intemperizada","TAMANHO_AMOSTRA":"30 cm","COR_RX_FRESCA":"Rosa","COR_RX_INTEMPERIZADA":"Rosa claro","GRANULACAO_MINIMA":"Fanerítica fina (<1,0mm)","GRANULACAO_MEDIA":"Fanerítica fina (<1,0mm)","GRANULACAO_MAXIMA":"Fanerítica média (1,0-5,0mm)","SELECIONAMENTO":null,"CONSISTENCIA_AMOSTRA":"Consistente","CONTATO":null,"COD_CLASSIFICACAO":null,"PROTOLITO":null,"ROCHA":"Granito","LINK":"p_cod_amostra=116637&p_cod_rocha=560393&p_cod_afloramento=485293","LOCAL_LAMINA":"SUREG-SP","LOTE_LAMINA":null,"NUM_LAB_LAMINA":null,"FICHA":null,"MINERAIS_IDENTIFICADOS":"Feldspato(50%), Quartzo(35%), Sericita(5%), Clorita(5%), Epidoto(3%), Titanita(<1%), Opaco (Microscopia)(1%), Biotita(<1%)","X":-57.386300000000006,"Y":-21.2776,"DATUM":"WGS84","__atlas_chave_independente":"AFLOR_ROCHA:485293:560393","__atlas_n_registros_grupo":1,"__atlas_q_registro":0.875,"__atlas_q_grupo":0.875,"__atlas_unidade_geologica_id":"1503","__atlas_unidade_geologica_sigla":"Q1p1","__atlas_unidade_geologica_nome":"Fácies Pantanal, terraços aluvionares","__atlas_fonte":"SGB · GeoSGB · Petrografia","__atlas_snapshot":"2026-08-14"}},{"type":"Feature","id":28844849,"geometry":{"type":"Point","coordinates":[-57.435,-21.147400000000005]},"properties":{"OBJECTID":28844849,"COD_AMOSTRA":116640,"COD_AFLORAMENTO":485297,"COD_ROCHA":560399,"NUM_CAMPO_AMOSTRA":"MS-0108-C","COD_LAMINA":42353,"NUM_CAMPO_LAMINA":"4220-MS-R-0108-C","NOTAS":"Rocha subvulcânica equigranular fanaerítica muito fina a afanítica. É composta por piroxênio, plagioclásio, quartzo, opacos e epidoto. A amostra encontra-se bastante alterada, com aspecto \"turvo\". Não é possível determinar se a alteração é produto de metamorfismo e/ou alteração intempérica.","PETROGRAFO":"Mauricio Pavan Silva","PROJETO":"Geologia das Folhas Aldeia Tomázia e Fazenda Santa Otília","BASE_CARTOGRAFICA":"SF.21-V-D-III - Fazenda Santa Otilia","TIPO_SECAO":"Delgada","GRAU_INTEMPERISMO":"Muito intemperizada","TAMANHO_AMOSTRA":"30 cm","COR_RX_FRESCA":"Cinza escuro","COR_RX_INTEMPERIZADA":"Cinza esverdeado","GRANULACAO_MINIMA":"Afanítica ","GRANULACAO_MEDIA":"Fanerítica fina (<1,0mm)","GRANULACAO_MAXIMA":"Fanerítica fina (<1,0mm)","SELECIONAMENTO":null,"CONSISTENCIA_AMOSTRA":"Consistente","CONTATO":null,"COD_CLASSIFICACAO":null,"PROTOLITO":null,"ROCHA":null,"LINK":"p_cod_amostra=116640&p_cod_rocha=560399&p_cod_afloramento=485297","LOCAL_LAMINA":"SUREG-SP","LOTE_LAMINA":null,"NUM_LAB_LAMINA":null,"FICHA":null,"MINERAIS_IDENTIFICADOS":null,"X":-57.435,"Y":-21.1474,"DATUM":"WGS84","__atlas_chave_independente":"AFLOR_ROCHA:485297:560399","__atlas_n_registros_grupo":1,"__atlas_q_registro":0.625,"__atlas_q_grupo":0.625,"__atlas_unidade_geologica_id":"1504","__atlas_unidade_geologica_sigla":"Q1p2","__atlas_unidade_geologica_nome":"Fácies Pantanal, depósitos aluvionares","__atlas_fonte":"SGB · GeoSGB · Petrografia","__atlas_snapshot":"2026-08-14"}},{"type":"Feature","id":28844865,"geometry":{"type":"Point","coordinates":[-57.392600000000016,-21.194200000000023]},"properties":{"OBJECTID":28844865,"COD_AMOSTRA":116642,"COD_AFLORAMENTO":485299,"COD_ROCHA":560401,"NUM_CAMPO_AMOSTRA":"MS-0110-B","COD_LAMINA":42354,"NUM_CAMPO_LAMINA":"4220-MS-R-0110-B","NOTAS":"Rocha leucocrática, bandada, com alternância de níveis com quartzo e feldspatos e níveis de clorita + sericita + opacos + epidoto. \r\nQuartzo ocorre como cristais subédricos com contatos irregulares a suturados com os demais minerais; apresenta extinção ondulante e alguns cristais possuem inclusões de monazita. Os cristais de feldspato são  subédricos, estando parcialmente ou totalmente substituídos por sericita + epidoto; nota-se que alguns cristais possuem mirmequitas. A sericita ocorre com dois hábitos: quando alterando o feldspato ocorre como placas individualizadas; quando associada à clorita e opacos, ocorre formando agregados, por vezes com textura radial. A textura radial também é formada por agregados de clorita. Os cristais de opacos são subédricos a euédricos.","PETROGRAFO":"Mauricio Pavan Silva","PROJETO":"Geologia das Folhas Aldeia Tomázia e Fazenda Santa Otília","BASE_CARTOGRAFICA":"SF.21-V-D-III - Fazenda Santa Otilia","TIPO_SECAO":"Delgada","GRAU_INTEMPERISMO":"Moderadamente intemperizada","TAMANHO_AMOSTRA":"30 cm","COR_RX_FRESCA":"Cinza","COR_RX_INTEMPERIZADA":"Cinza claro","GRANULACAO_MINIMA":"Fanerítica fina (<1,0mm)","GRANULACAO_MEDIA":"Fanerítica média (1,0-5,0mm)","GRANULACAO_MAXIMA":"Fanerítica grossa (5,0-30,0mm)","SELECIONAMENTO":null,"CONSISTENCIA_AMOSTRA":"Consistente","CONTATO":null,"COD_CLASSIFICACAO":null,"PROTOLITO":null,"ROCHA":"Gnaisse","LINK":"p_cod_amostra=116642&p_cod_rocha=560401&p_cod_afloramento=485299","LOCAL_LAMINA":"SUREG-SP","LOTE_LAMINA":null,"NUM_LAB_LAMINA":null,"FICHA":null,"MINERAIS_IDENTIFICADOS":"Feldspato(40%), Sericita(25%), Quartzo(25%), Clorita(10%), Opaco (Microscopia)(>1%), Epidoto(<1%)","X":-57.3926,"Y":-21.194200000000002,"DATUM":"WGS84","__atlas_chave_independente":"AFLOR_ROCHA:485299:560401","__atlas_n_registros_grupo":1,"__atlas_q_registro":0.875,"__atlas_q_grupo":0.875,"__atlas_unidade_geologica_id":"1503","__atlas_unidade_geologica_sigla":"Q1p1","__atlas_unidade_geologica_nome":"Fácies Pantanal, terraços aluvionares","__atlas_fonte":"SGB · GeoSGB · Petrografia","__atlas_snapshot":"2026-08-14"}},{"type":"Feature","id":28844881,"geometry":{"type":"Point","coordinates":[-57.470399999999984,-21.161299999999983]},"properties":{"OBJECTID":28844881,"COD_AMOSTRA":116644,"COD_AFLORAMENTO":485300,"COD_ROCHA":560402,"NUM_CAMPO_AMOSTRA":"MS-0111-A","COD_LAMINA":42355,"NUM_CAMPO_LAMINA":"4220-MS-R-0111-A","NOTAS":"Rocha hololeucocrática muito alterada, inequigranular seriada, fanerítica fina a grossa (<1,0 - 10,0 mm), isótropa, composta por quartzo, plagioclásio, K-feldspato, clorita, epidoto, sericita e opacos.\r\nOs cristais de feldspatos são euédricos a subédricos, com K-feldspato sendo maior que o plagioclásio e apresenta lamelas de exsolução e micro fraturas preenchidas por clorita. O plagioclásio está parcialmente substituído por sericita + epidoto. Quartzo ocorre de forma intersticial, com extinção ondulante.\r\nQAP = sienogranito","PETROGRAFO":"Mauricio Pavan Silva","PROJETO":"Geologia das Folhas Aldeia Tomázia e Fazenda Santa Otília","BASE_CARTOGRAFICA":"SF.21-V-D-III - Fazenda Santa Otilia","TIPO_SECAO":"Delgada","GRAU_INTEMPERISMO":"Intemperizada","TAMANHO_AMOSTRA":"30 cm","COR_RX_FRESCA":"Cinza","COR_RX_INTEMPERIZADA":"Cinza claro","GRANULACAO_MINIMA":"Fanerítica fina (<1,0mm)","GRANULACAO_MEDIA":"Fanerítica média (1,0-5,0mm)","GRANULACAO_MAXIMA":"Fanerítica grossa (5,0-30,0mm)","SELECIONAMENTO":null,"CONSISTENCIA_AMOSTRA":"Friável","CONTATO":null,"COD_CLASSIFICACAO":null,"PROTOLITO":null,"ROCHA":"Sienogranito","LINK":"p_cod_amostra=116644&p_cod_rocha=560402&p_cod_afloramento=485300","LOCAL_LAMINA":"SUREG-SP","LOTE_LAMINA":null,"NUM_LAB_LAMINA":null,"FICHA":null,"MINERAIS_IDENTIFICADOS":"K-feldspato(40%), Quartzo(35%), Clorita(<2%), Epidoto(2%), Opaco (Microscopia)(<1%), Sericita(<1%)","X":-57.470400000000005,"Y":-21.1613,"DATUM":"WGS84","__atlas_chave_independente":"AFLOR_ROCHA:485300:560402","__atlas_n_registros_grupo":1,"__atlas_q_registro":0.875,"__atlas_q_grupo":0.875,"__atlas_unidade_geologica_id":"1000","__atlas_unidade_geologica_sigla":"NPu","__atlas_unidade_geologica_nome":"Formação Urucum","__atlas_fonte":"SGB · GeoSGB · Petrografia","__atlas_snapshot":"2026-08-14"}},{"type":"Feature","id":28844897,"geometry":{"type":"Point","coordinates":[-57.46339999999998,-21.161400000000015]},"properties":{"OBJECTID":28844897,"COD_AMOSTRA":116652,"COD_AFLORAMENTO":485302,"COD_ROCHA":560407,"NUM_CAMPO_AMOSTRA":"MS-0112-E","COD_LAMINA":42356,"NUM_CAMPO_LAMINA":"4220-MS-R-0112-E","NOTAS":"Rocha sedimentar, de granulação fina a média, constituída por grãos de quartzp subarredondados, bem compactados, com presença de grãos de turmalina, placas de muscovita detrítica e ao menos duas famílias de fragmentos: (i) aglomerados de fragmentos líticos de quartzo com feldspato fino e cristis de feldspato sericitazado; (ii) grãos oxidados com biotita (?) ou equivalente intempérico com material residual opaco. O cimento é microcristalino e de coloração castanho amarelada.","PETROGRAFO":"Mauricio Pavan Silva","PROJETO":"Geologia das Folhas Aldeia Tomázia e Fazenda Santa Otília","BASE_CARTOGRAFICA":"SF.21-V-D-III - Fazenda Santa Otilia","TIPO_SECAO":"Delgada","GRAU_INTEMPERISMO":"Moderadamente intemperizada","TAMANHO_AMOSTRA":"30 cm","COR_RX_FRESCA":"Amarelo","COR_RX_INTEMPERIZADA":"Vermelho claro","GRANULACAO_MINIMA":"Areia fina (0,062-0,25mm)","GRANULACAO_MEDIA":"Areia fina (0,062-0,25mm)","GRANULACAO_MAXIMA":"Areia média (0,25-1,0mm)","SELECIONAMENTO":null,"CONSISTENCIA_AMOSTRA":"Friável","CONTATO":"Contato irregular","COD_CLASSIFICACAO":null,"PROTOLITO":null,"ROCHA":null,"LINK":"p_cod_amostra=116652&p_cod_rocha=560407&p_cod_afloramento=485302","LOCAL_LAMINA":"SUREG-SP","LOTE_LAMINA":null,"NUM_LAB_LAMINA":null,"FICHA":null,"MINERAIS_IDENTIFICADOS":null,"X":-57.4634,"Y":-21.1614,"DATUM":"WGS84","__atlas_chave_independente":"AFLOR_ROCHA:485302:560407","__atlas_n_registros_grupo":1,"__atlas_q_registro":0.625,"__atlas_q_grupo":0.625,"__atlas_unidade_geologica_id":null,"__atlas_unidade_geologica_sigla":"","__atlas_unidade_geologica_nome":"","__atlas_fonte":"SGB · GeoSGB · Petrografia","__atlas_snapshot":"2026-08-14"}},{"type":"Feature","id":28844913,"geometry":{"type":"Point","coordinates":[-57.34930000000003,-21.455600000000004]},"properties":{"OBJECTID":28844913,"COD_AMOSTRA":116660,"COD_AFLORAMENTO":485305,"COD_ROCHA":560414,"NUM_CAMPO_AMOSTRA":"MS-0115-A","COD_LAMINA":42357,"NUM_CAMPO_LAMINA":"4220-MS-R-0115-A","NOTAS":"Rocha sedimetnar de granulação fina a muito fina, mal selecionada, composta por grãos de quartzo e feldspato alongados a equidimensionais, com bordas sub-arredondadas a retas. O cimento é constituído por material microgranular, pouco oxidado, com alguns grãos de opacos. Ocorre um amterial de coloração amarronzada (talvez algum argilo mineral).","PETROGRAFO":"Mauricio Pavan Silva","PROJETO":"Geologia das Folhas Aldeia Tomázia e Fazenda Santa Otília","BASE_CARTOGRAFICA":"SF.21-V-D-III - Fazenda Santa Otilia","TIPO_SECAO":"Delgada","GRAU_INTEMPERISMO":"Moderadamente intemperizada","TAMANHO_AMOSTRA":"20 cm","COR_RX_FRESCA":"Amarelo claro","COR_RX_INTEMPERIZADA":"Amarelo","GRANULACAO_MINIMA":"Areia fina (0,062-0,25mm)","GRANULACAO_MEDIA":"Areia fina (0,062-0,25mm)","GRANULACAO_MAXIMA":"Areia fina (0,062-0,25mm)","SELECIONAMENTO":"Mal selecionado","CONSISTENCIA_AMOSTRA":"Friável","CONTATO":null,"COD_CLASSIFICACAO":null,"PROTOLITO":null,"ROCHA":null,"LINK":"p_cod_amostra=116660&p_cod_rocha=560414&p_cod_afloramento=485305","LOCAL_LAMINA":"SUREG-SP","LOTE_LAMINA":null,"NUM_LAB_LAMINA":null,"FICHA":null,"MINERAIS_IDENTIFICADOS":null,"X":-57.3493,"Y":-21.4556,"DATUM":"WGS84","__atlas_chave_independente":"AFLOR_ROCHA:485305:560414","__atlas_n_registros_grupo":1,"__atlas_q_registro":0.625,"__atlas_q_grupo":0.625,"__atlas_unidade_geologica_id":null,"__atlas_unidade_geologica_sigla":"","__atlas_unidade_geologica_nome":"","__atlas_fonte":"SGB · GeoSGB · Petrografia","__atlas_snapshot":"2026-08-14"}},{"type":"Feature","id":28844929,"geometry":{"type":"Point","coordinates":[-57.321500000000015,-21.442799999999977]},"properties":{"OBJECTID":28844929,"COD_AMOSTRA":116663,"COD_AFLORAMENTO":485310,"COD_ROCHA":560419,"NUM_CAMPO_AMOSTRA":"MS-0120-A","COD_LAMINA":42358,"NUM_CAMPO_LAMINA":"4220-MS-R-0120-A","NOTAS":"Rocja hololeucocrática, isótropa, inequigranular seriada, fanerítica fina a grossa (<0,1 - 1,0 cm); é constituída por K-feldspato, plagioclásio, quartzo, epidoto, sericita, clorita, biotita, opacos e titanita. k-feldspato ocorre como cristais subédricos, ricos em exsoluções,com intercrescimento gráfico com quartzo. Plagioclásio ocorre como cristais euédricos a subédricos, parcialmente substituídos por epidoto + sericita. Quartzo ocorre como cristais intersiticais aos feldspato e incluso no K-feldspato ; exibe extinção ondulante. Clorita e alguma biotita ocorrem em faixas com opacos e titanita associados. A titanita ocorre formando coroas ao redor dos opacos.","PETROGRAFO":"Mauricio Pavan Silva","PROJETO":"Geologia das Folhas Aldeia Tomázia e Fazenda Santa Otília","BASE_CARTOGRAFICA":"SF.21-V-D-III - Fazenda Santa Otilia","TIPO_SECAO":"Delgada","GRAU_INTEMPERISMO":"Pouco intemperizada","TAMANHO_AMOSTRA":"30 cm","COR_RX_FRESCA":"Rosa","COR_RX_INTEMPERIZADA":"Rosa claro","GRANULACAO_MINIMA":"Fanerítica fina (<1,0mm)","GRANULACAO_MEDIA":"Fanerítica fina (<1,0mm)","GRANULACAO_MAXIMA":"Fanerítica grossa (5,0-30,0mm)","SELECIONAMENTO":null,"CONSISTENCIA_AMOSTRA":"Consistente","CONTATO":null,"COD_CLASSIFICACAO":null,"PROTOLITO":null,"ROCHA":"Álcali-feldspato granito","LINK":"p_cod_amostra=116663&p_cod_rocha=560419&p_cod_afloramento=485310","LOCAL_LAMINA":"SUREG-SP","LOTE_LAMINA":null,"NUM_LAB_LAMINA":null,"FICHA":null,"MINERAIS_IDENTIFICADOS":"Quartzo(30%), Sericita(<1%), Titanita(<1%), Opaco (Microscopia)(<1%), Epidoto(<1%), Clorita(<1%), Biotita(<1%)","X":-57.3215,"Y":-21.442800000000002,"DATUM":"WGS84","__atlas_chave_independente":"AFLOR_ROCHA:485310:560419","__atlas_n_registros_grupo":1,"__atlas_q_registro":0.875,"__atlas_q_grupo":0.875,"__atlas_unidade_geologica_id":null,"__atlas_unidade_geologica_sigla":"","__atlas_unidade_geologica_nome":"","__atlas_fonte":"SGB · GeoSGB · Petrografia","__atlas_snapshot":"2026-08-14"}},{"type":"Feature","id":28844945,"geometry":{"type":"Point","coordinates":[-57.3082,-21.47230000000002]},"properties":{"OBJECTID":28844945,"COD_AMOSTRA":116665,"COD_AFLORAMENTO":485313,"COD_ROCHA":560422,"NUM_CAMPO_AMOSTRA":"MS-0123-A","COD_LAMINA":42359,"NUM_CAMPO_LAMINA":"4220-MS-R-0123-A","NOTAS":"Rocha hololeucocrática, isótropa, inequigranular seriada, fanerítica fina a grossa (<0,1 - 1,0 cm); é constituída por K-feldspato, plagioclásio, quartzo, epidoto, sericita, clorita, biotita, opacos, titanita e fluorita. k-feldspato ocorre como cristais subédricos, por vezes com aspecto semi-arredondado, envolvidos por uma matriz muito fina, constituída por quartzo + plagioclásio, além de coroas com intercrescimento gráfico com quartzo. Clorita e alguma biotita ocorrem em faixas com opacos e titanita associados. A titanita ocorre formando coroas ao redor dos opacos. ","PETROGRAFO":"Mauricio Pavan Silva","PROJETO":"Geologia das Folhas Aldeia Tomázia e Fazenda Santa Otília","BASE_CARTOGRAFICA":"SF.21-V-D-III - Fazenda Santa Otilia","TIPO_SECAO":"Delgada","GRAU_INTEMPERISMO":"Pouco intemperizada","TAMANHO_AMOSTRA":"30 cm","COR_RX_FRESCA":"Rosa","COR_RX_INTEMPERIZADA":"Rosa claro","GRANULACAO_MINIMA":"Fanerítica fina (<1,0mm)","GRANULACAO_MEDIA":"Fanerítica fina (<1,0mm)","GRANULACAO_MAXIMA":"Fanerítica grossa (5,0-30,0mm)","SELECIONAMENTO":null,"CONSISTENCIA_AMOSTRA":"Consistente","CONTATO":null,"COD_CLASSIFICACAO":null,"PROTOLITO":null,"ROCHA":"Sienogranito","LINK":"p_cod_amostra=116665&p_cod_rocha=560422&p_cod_afloramento=485313","LOCAL_LAMINA":"SUREG-SP","LOTE_LAMINA":null,"NUM_LAB_LAMINA":null,"FICHA":null,"MINERAIS_IDENTIFICADOS":"Quartzo(25%), Fluorita(<1%), Sericita(<1%), Titanita(<1%), Opaco (Microscopia)(<1%), Epidoto(<1%), Clorita(<1%)","X":-57.3082,"Y":-21.4723,"DATUM":"WGS84","__atlas_chave_independente":"AFLOR_ROCHA:485313:560422","__atlas_n_registros_grupo":1,"__atlas_q_registro":0.875,"__atlas_q_grupo":0.875,"__atlas_unidade_geologica_id":"1505","__atlas_unidade_geologica_sigla":"Q1pc","__atlas_unidade_geologica_nome":"Fácies Pantanal, depósitos coluvionares","__atlas_fonte":"SGB · GeoSGB · Petrografia","__atlas_snapshot":"2026-08-14"}},{"type":"Feature","id":28844961,"geometry":{"type":"Point","coordinates":[-57.41829999999999,-21.332499999999982]},"properties":{"OBJECTID":28844961,"COD_AMOSTRA":116669,"COD_AFLORAMENTO":485318,"COD_ROCHA":560427,"NUM_CAMPO_AMOSTRA":"MS-0127-A","COD_LAMINA":42360,"NUM_CAMPO_LAMINA":"4220-MS-R-0127-A","NOTAS":"Rocha hololeucocrática, isótropa, moderadamente alterada, inequigranular seriada, granulaçãi fina a média (0,1 - 2,0 mm), constituída por plagioclásio, K-feldspato, quartzo, sericita e epidoto. Plagioclásio ocorre como cristais subédricos, com bordas irregulares, substituídos por sericita + epidoto, exibindo coroa sem alteração composta por quartzo (?). Essa feição ocorre tanto na matriz como nas inclusões de plagioclásio em cristais de K-feldspato (a diferença de relevo entre o mineral hospedeiro e a borda do plagioclásio indica que são minerais distintos). K-feldspato ocorre como cristais euédricos a subédricos, ricos em lamelas de exsolução e inclusões de plagioclásio e quartzo; Qaurtzo ocorre como cristais subédricos a anédricos, por vezes preenchendo espaçoes entre os cristais de feldspatos. Sericita e epidoto ocorrem substituindo o plagioclásio.\r\nQAP = monzogranito","PETROGRAFO":"Mauricio Pavan Silva","PROJETO":"Geologia das Folhas Aldeia Tomázia e Fazenda Santa Otília","BASE_CARTOGRAFICA":"SF.21-V-D-III - Fazenda Santa Otilia","TIPO_SECAO":"Delgada","GRAU_INTEMPERISMO":"Moderadamente intemperizada","TAMANHO_AMOSTRA":"30 cm","COR_RX_FRESCA":"Roxo escuro","COR_RX_INTEMPERIZADA":"Roxo","GRANULACAO_MINIMA":"Fanerítica fina (<1,0mm)","GRANULACAO_MEDIA":"Fanerítica fina (<1,0mm)","GRANULACAO_MAXIMA":"Fanerítica média (1,0-5,0mm)","SELECIONAMENTO":"Mal selecionado","CONSISTENCIA_AMOSTRA":"Consistente","CONTATO":null,"COD_CLASSIFICACAO":null,"PROTOLITO":null,"ROCHA":null,"LINK":"p_cod_amostra=116669&p_cod_rocha=560427&p_cod_afloramento=485318","LOCAL_LAMINA":"SUREG-SP","LOTE_LAMINA":null,"NUM_LAB_LAMINA":null,"FICHA":null,"MINERAIS_IDENTIFICADOS":null,"X":-57.4183,"Y":-21.3325,"DATUM":"WGS84","__atlas_chave_independente":"AFLOR_ROCHA:485318:560427","__atlas_n_registros_grupo":1,"__atlas_q_registro":0.625,"__atlas_q_grupo":0.625,"__atlas_unidade_geologica_id":"1503","__atlas_unidade_geologica_sigla":"Q1p1","__atlas_unidade_geologica_nome":"Fácies Pantanal, terraços aluvionares","__atlas_fonte":"SGB · GeoSGB · Petrografia","__atlas_snapshot":"2026-08-14"}},{"type":"Feature","id":28844977,"geometry":{"type":"Point","coordinates":[-57.40699999999998,-21.336400000000026]},"properties":{"OBJECTID":28844977,"COD_AMOSTRA":116670,"COD_AFLORAMENTO":485319,"COD_ROCHA":560428,"NUM_CAMPO_AMOSTRA":"MS-0128-A","COD_LAMINA":42361,"NUM_CAMPO_LAMINA":"4220-MS-R-0128-S","NOTAS":"Rocha hololeucorática, isótropa, inequigranular porfirítica com cristais de K-feldspato exibindo intercrescimetno gráfico com quartzo (+-ms?), com matri constituída por quartzo + plagioclásio (alterado por sericita + epidoto).\r\nK-feldspato exibe grande quantidade de lamealas de exsolição, formando uma rede nos cristais (lamelas em forma de chama ou lenticular). os intercrecimentos de quartzo são alongados, por vezes curvos; alguns cristais de quartzo da matriz exibem contatos irregulares, com ângulo interfacial inferior a 60o.\r\nQAP = álcali-feldspato granito","PETROGRAFO":"Mauricio Pavan Silva","PROJETO":"Geologia das Folhas Aldeia Tomázia e Fazenda Santa Otília","BASE_CARTOGRAFICA":"SF.21-V-D-III - Fazenda Santa Otilia","TIPO_SECAO":"Delgada","GRAU_INTEMPERISMO":"Pouco intemperizada","TAMANHO_AMOSTRA":"30 cm","COR_RX_FRESCA":"Cinza","COR_RX_INTEMPERIZADA":"Cinza","GRANULACAO_MINIMA":"Fanerítica fina (<1,0mm)","GRANULACAO_MEDIA":"Fanerítica fina (<1,0mm)","GRANULACAO_MAXIMA":"Fanerítica grossa (5,0-30,0mm)","SELECIONAMENTO":null,"CONSISTENCIA_AMOSTRA":"Consistente","CONTATO":null,"COD_CLASSIFICACAO":null,"PROTOLITO":null,"ROCHA":null,"LINK":"p_cod_amostra=116670&p_cod_rocha=560428&p_cod_afloramento=485319","LOCAL_LAMINA":"SUREG-SP","LOTE_LAMINA":null,"NUM_LAB_LAMINA":null,"FICHA":null,"MINERAIS_IDENTIFICADOS":null,"X":-57.407000000000004,"Y":-21.3364,"DATUM":"WGS84","__atlas_chave_independente":"AFLOR_ROCHA:485319:560428","__atlas_n_registros_grupo":1,"__atlas_q_registro":0.625,"__atlas_q_grupo":0.625,"__atlas_unidade_geologica_id":"1503","__atlas_unidade_geologica_sigla":"Q1p1","__atlas_unidade_geologica_nome":"Fácies Pantanal, terraços aluvionares","__atlas_fonte":"SGB · GeoSGB · Petrografia","__atlas_snapshot":"2026-08-14"}},{"type":"Feature","id":28845009,"geometry":{"type":"Point","coordinates":[-57.2903,-21.495600000000024]},"properties":{"OBJECTID":28845009,"COD_AMOSTRA":116681,"COD_AFLORAMENTO":485326,"COD_ROCHA":560437,"NUM_CAMPO_AMOSTRA":"MS-0135-A","COD_LAMINA":42363,"NUM_CAMPO_LAMINA":"4220-MS-R-0135-A","NOTAS":"Rocha hololeucocrática, inequigranular porfirítica, com leve orientação mineral (foliação magmática?), fanerítica fina a média (0,1 - 2,0 mm), comstituída por quartzo, K-feldspato, plagioclásio, biotita, clorita, epidoto, titanita e opacos. Os fenocristais de K-feldspato estão alongados segundo uma direção preferencial e exibem coroas de intercrescimento gráfico com quartzo. Plagioclásio ocorre de forma restrita na matriz, a qual é composta por quartzo equidimensional, subédrico a anédrico junto com cristais menores de K-feldspato. Biotita e clorita ocorem em aglomerados com opacos, epidoto e titanita associados. Sericita está presente como alteração do plagioclásio.\r\nQAP = álcali-feldspato granito","PETROGRAFO":"Mauricio Pavan Silva","PROJETO":"Geologia das Folhas Aldeia Tomázia e Fazenda Santa Otília","BASE_CARTOGRAFICA":"SF.21-V-D-III - Fazenda Santa Otilia","TIPO_SECAO":"Delgada","GRAU_INTEMPERISMO":"Moderadamente intemperizada","TAMANHO_AMOSTRA":"30 cm","COR_RX_FRESCA":"Cinza","COR_RX_INTEMPERIZADA":"Cinza claro","GRANULACAO_MINIMA":"Fanerítica fina (<1,0mm)","GRANULACAO_MEDIA":"Fanerítica fina (<1,0mm)","GRANULACAO_MAXIMA":"Fanerítica média (1,0-5,0mm)","SELECIONAMENTO":null,"CONSISTENCIA_AMOSTRA":"Consistente","CONTATO":null,"COD_CLASSIFICACAO":null,"PROTOLITO":null,"ROCHA":"Álcali-feldspato granito","LINK":"p_cod_amostra=116681&p_cod_rocha=560437&p_cod_afloramento=485326","LOCAL_LAMINA":"SUREG-SP","LOTE_LAMINA":null,"NUM_LAB_LAMINA":null,"FICHA":null,"MINERAIS_IDENTIFICADOS":"K-feldspato(60%), Quartzo(25%), Biotita(<2%), Clorita(<2%), Titanita(<1%), Epidoto(<1%)","X":-57.2903,"Y":-21.4956,"DATUM":"WGS84","__atlas_chave_independente":"AFLOR_ROCHA:485326:560437","__atlas_n_registros_grupo":1,"__atlas_q_registro":0.875,"__atlas_q_grupo":0.875,"__atlas_unidade_geologica_id":"1064","__atlas_unidade_geologica_sigla":"PP3_gamma_al","__atlas_unidade_geologica_nome":"Corpo Granito Alumiador","__atlas_fonte":"SGB · GeoSGB · Petrografia","__atlas_snapshot":"2026-08-14"}},{"type":"Feature","id":28845025,"geometry":{"type":"Point","coordinates":[-57.29899999999998,-21.49259999999998]},"properties":{"OBJECTID":28845025,"COD_AMOSTRA":116682,"COD_AFLORAMENTO":485327,"COD_ROCHA":560438,"NUM_CAMPO_AMOSTRA":"MS-0136-A","COD_LAMINA":42364,"NUM_CAMPO_LAMINA":"4220-MS-R-0136-A","NOTAS":"Rocha hololeucocrática, inequigranular porfirítica, com leve orientação mineral (foliação magmática?), fanerítica fina a média (0,1 - 2,0 mm), comstituída por quartzo, K-feldspato, plagioclásio, clorita, epidoto, titanita e opacos. Os fenocristais de K-feldspato estão alongados segundo uma direção preferencial e exibem coroas de intercrescimento gráfico com quartzo. Plagioclásio ocorre de forma restrita na matriz, a qual é composta por quartzo equidimensional, subédrico a anédrico junto com cristais menores de K-feldspato. Biotita e clorita ocorrem em aglomerados com opacos, epidoto e titanita associados. Sericita está presente como alteração do plagioclásio. Opacos apresentam aspecto lamelar ou esquelético.\r\nQAP = álcali-feldspato granito","PETROGRAFO":"Mauricio Pavan Silva","PROJETO":"Geologia das Folhas Aldeia Tomázia e Fazenda Santa Otília","BASE_CARTOGRAFICA":"SF.21-V-D-III - Fazenda Santa Otilia","TIPO_SECAO":"Delgada","GRAU_INTEMPERISMO":"Moderadamente intemperizada","TAMANHO_AMOSTRA":"30 cm","COR_RX_FRESCA":"Cinza","COR_RX_INTEMPERIZADA":"Cinza claro","GRANULACAO_MINIMA":"Fanerítica fina (<1,0mm)","GRANULACAO_MEDIA":"Fanerítica fina (<1,0mm)","GRANULACAO_MAXIMA":"Fanerítica média (1,0-5,0mm)","SELECIONAMENTO":null,"CONSISTENCIA_AMOSTRA":"Consistente","CONTATO":null,"COD_CLASSIFICACAO":null,"PROTOLITO":null,"ROCHA":"Álcali-feldspato granito","LINK":"p_cod_amostra=116682&p_cod_rocha=560438&p_cod_afloramento=485327","LOCAL_LAMINA":"SUREG-SP","LOTE_LAMINA":null,"NUM_LAB_LAMINA":null,"FICHA":null,"MINERAIS_IDENTIFICADOS":"Quartzo(30%), Clorita(2%), Titanita(<1%), Opaco (Microscopia)(<1%)","X":-57.299,"Y":-21.4926,"DATUM":"WGS84","__atlas_chave_independente":"AFLOR_ROCHA:485327:560438","__atlas_n_registros_grupo":1,"__atlas_q_registro":0.875,"__atlas_q_grupo":0.875,"__atlas_unidade_geologica_id":"1064","__atlas_unidade_geologica_sigla":"PP3_gamma_al","__atlas_unidade_geologica_nome":"Corpo Granito Alumiador","__atlas_fonte":"SGB · GeoSGB · Petrografia","__atlas_snapshot":"2026-08-14"}},{"type":"Feature","id":28845041,"geometry":{"type":"Point","coordinates":[-57.483799999999974,-21.464999999999975]},"properties":{"OBJECTID":28845041,"COD_AMOSTRA":116683,"COD_AFLORAMENTO":485328,"COD_ROCHA":560439,"NUM_CAMPO_AMOSTRA":"MS-0137-A","COD_LAMINA":42365,"NUM_CAMPO_LAMINA":"4220-MS-R-0137-A","NOTAS":"Rocha vulcânica piroclástica, composta por cristais de plagioclasio e quartzo envoltos em uma matriz muito fina contituída por quartzo, plagioclásio, sericita e opacos. Os cristais de quartzo e plagioclásio atingem tamanho até 1,5mm, e o plagioclásio está parcialmente substituído por sericita. A borda desses cristais é irregular, indicando crescimento sobre a matriz (annealing?). Presença de estrutura plano-paralela que parece representar acamamento do depósito piroclástico.\r\nProporção matriz/cristais = 85/15\r\nCristais maiores = 12% plagioclásio e 3% quartzo.","PETROGRAFO":"Mauricio Pavan Silva","PROJETO":"Geologia das Folhas Aldeia Tomázia e Fazenda Santa Otília","BASE_CARTOGRAFICA":"SF.21-V-D-III - Fazenda Santa Otilia","TIPO_SECAO":"Delgada","GRAU_INTEMPERISMO":"Pouco intemperizada","TAMANHO_AMOSTRA":"30 cm","COR_RX_FRESCA":"Cinza rosado","COR_RX_INTEMPERIZADA":"Rosa","GRANULACAO_MINIMA":"Fanerítica fina (<1,0mm)","GRANULACAO_MEDIA":"Fanerítica fina (<1,0mm)","GRANULACAO_MAXIMA":"Fanerítica fina (<1,0mm)","SELECIONAMENTO":null,"CONSISTENCIA_AMOSTRA":"Consistente","CONTATO":null,"COD_CLASSIFICACAO":null,"PROTOLITO":null,"ROCHA":"Tufo riolítico","LINK":"p_cod_amostra=116683&p_cod_rocha=560439&p_cod_afloramento=485328","LOCAL_LAMINA":"SUREG-SP","LOTE_LAMINA":null,"NUM_LAB_LAMINA":null,"FICHA":null,"MINERAIS_IDENTIFICADOS":null,"X":-57.4838,"Y":-21.465,"DATUM":"WGS84","__atlas_chave_independente":"AFLOR_ROCHA:485328:560439","__atlas_n_registros_grupo":1,"__atlas_q_registro":0.75,"__atlas_q_grupo":0.75,"__atlas_unidade_geologica_id":"1064","__atlas_unidade_geologica_sigla":"PP3_gamma_al","__atlas_unidade_geologica_nome":"Corpo Granito Alumiador","__atlas_fonte":"SGB · GeoSGB · Petrografia","__atlas_snapshot":"2026-08-14"}},{"type":"Feature","id":28845057,"geometry":{"type":"Point","coordinates":[-57.45460000000003,-21.440200000000004]},"properties":{"OBJECTID":28845057,"COD_AMOSTRA":116686,"COD_AFLORAMENTO":485330,"COD_ROCHA":560441,"NUM_CAMPO_AMOSTRA":"MS-0139-A","COD_LAMINA":42366,"NUM_CAMPO_LAMINA":"4220-MS-R-0139-A","NOTAS":"Rocha vulcânica piroclástica, composta por cristais de plagioclasio e quartzo envoltos em uma matriz muito fina contituída por quartzo, plagioclásio, sericita e opacos. Os cristais de quartzo e plagioclásio atingem tamanho até 1,5mm, e o plagioclásio está parcialmente substituído por sericita. A borda desses cristais é irregular, indicando crescimento sobre a matriz (annealing?).\r\nObs:\r\n- presença de faixas  de material recristalizado com presença de estruturas radiais (zeólitas?);\r\n- cristais de quartzo com bordas corroídas;\r\n- presença de carbonato;\r\nProporção matriz/cristais = 75/25\r\n","PETROGRAFO":"Mauricio Pavan Silva","PROJETO":"Geologia das Folhas Aldeia Tomázia e Fazenda Santa Otília","BASE_CARTOGRAFICA":"SF.21-V-D-III - Fazenda Santa Otilia","TIPO_SECAO":"Delgada","GRAU_INTEMPERISMO":"Pouco intemperizada","TAMANHO_AMOSTRA":"20 cm","COR_RX_FRESCA":"Cinza rosado","COR_RX_INTEMPERIZADA":"Rosa","GRANULACAO_MINIMA":"Fanerítica fina (<1,0mm)","GRANULACAO_MEDIA":"Fanerítica fina (<1,0mm)","GRANULACAO_MAXIMA":"Fanerítica fina (<1,0mm)","SELECIONAMENTO":"Mal selecionado","CONSISTENCIA_AMOSTRA":"Consistente","CONTATO":null,"COD_CLASSIFICACAO":null,"PROTOLITO":null,"ROCHA":null,"LINK":"p_cod_amostra=116686&p_cod_rocha=560441&p_cod_afloramento=485330","LOCAL_LAMINA":"SUREG-SP","LOTE_LAMINA":null,"NUM_LAB_LAMINA":null,"FICHA":null,"MINERAIS_IDENTIFICADOS":null,"X":-57.4546,"Y":-21.4402,"DATUM":"WGS84","__atlas_chave_independente":"AFLOR_ROCHA:485330:560441","__atlas_n_registros_grupo":1,"__atlas_q_registro":0.625,"__atlas_q_grupo":0.625,"__atlas_unidade_geologica_id":"1503","__atlas_unidade_geologica_sigla":"Q1p1","__atlas_unidade_geologica_nome":"Fácies Pantanal, terraços aluvionares","__atlas_fonte":"SGB · GeoSGB · Petrografia","__atlas_snapshot":"2026-08-14"}},{"type":"Feature","id":28845073,"geometry":{"type":"Point","coordinates":[-57.453700000000026,-21.446300000000008]},"properties":{"OBJECTID":28845073,"COD_AMOSTRA":116688,"COD_AFLORAMENTO":485331,"COD_ROCHA":560442,"NUM_CAMPO_AMOSTRA":"MS-0140-A","COD_LAMINA":42367,"NUM_CAMPO_LAMINA":"4220-MS-R-0140-A","NOTAS":"Rocha vulcanoclástica composta por cristais de quartzo, plagioclásio e fragmentos líticos, envoltos por matriz muito fina. Os cristais de plagioclásio e parte da matriz encontram-se sericitizados. O fragmento lítico presente na lâmina possui estrutura plano-paralela preservada (deposicional), porém oblíqua a estrutura da rocha - possível retrabalhamento do depósito? \r\n- presença de cristais de quartzo corroídos;\r\n- presença de sobrecrescimento dos cristais de plagioclásio sobre a matriz;\r\n- presença de \"bolsões\", lentes e faixas quartzosas com textura indicando reequilíbrio textural (ângulo interfacial em 120o;\r\n- presença de agregados de opacos.\r\nProporção matriz/cristais = 70/30.\r\n","PETROGRAFO":"Mauricio Pavan Silva","PROJETO":"Geologia das Folhas Aldeia Tomázia e Fazenda Santa Otília","BASE_CARTOGRAFICA":"SF.21-V-D-III - Fazenda Santa Otilia","TIPO_SECAO":"Delgada","GRAU_INTEMPERISMO":"Pouco intemperizada","TAMANHO_AMOSTRA":"30 cm","COR_RX_FRESCA":"Cinza rosado","COR_RX_INTEMPERIZADA":"Rosa","GRANULACAO_MINIMA":"Fanerítica fina (<1,0mm)","GRANULACAO_MEDIA":"Fanerítica fina (<1,0mm)","GRANULACAO_MAXIMA":"Fanerítica fina (<1,0mm)","SELECIONAMENTO":"Mal selecionado","CONSISTENCIA_AMOSTRA":"Consistente","CONTATO":null,"COD_CLASSIFICACAO":null,"PROTOLITO":null,"ROCHA":null,"LINK":"p_cod_amostra=116688&p_cod_rocha=560442&p_cod_afloramento=485331","LOCAL_LAMINA":"SUREG-SP","LOTE_LAMINA":null,"NUM_LAB_LAMINA":null,"FICHA":null,"MINERAIS_IDENTIFICADOS":null,"X":-57.453700000000005,"Y":-21.4463,"DATUM":"WGS84","__atlas_chave_independente":"AFLOR_ROCHA:485331:560442","__atlas_n_registros_grupo":1,"__atlas_q_registro":0.625,"__atlas_q_grupo":0.625,"__atlas_unidade_geologica_id":"1503","__atlas_unidade_geologica_sigla":"Q1p1","__atlas_unidade_geologica_nome":"Fácies Pantanal, terraços aluvionares","__atlas_fonte":"SGB · GeoSGB · Petrografia","__atlas_snapshot":"2026-08-14"}},{"type":"Feature","id":28845089,"geometry":{"type":"Point","coordinates":[-57.461299999999994,-21.452699999999993]},"properties":{"OBJECTID":28845089,"COD_AMOSTRA":116692,"COD_AFLORAMENTO":485332,"COD_ROCHA":560444,"NUM_CAMPO_AMOSTRA":"MS-0141-D","COD_LAMINA":42370,"NUM_CAMPO_LAMINA":"4220-MS-R-0141-D","NOTAS":"Rocha vulcânica mesocrática, isótropa, fanerítica fina (0,1 - 1,0 mm), com textura subofítica. É constituída por clinipiroxênio, plagioclásio, quartzo, opacos, anfibólio e biotita. Os cristais de plagioclásio são subédricos com zonamento composicional. São bordejados por intercrescimento de quartzo e feldspato alcalino (?) com aspecto mais parecido com textura gráfica do que mirmequítica.  O clinopiroxênio ocorre como cristais subédricos, com cor de interferência baixa, exibe zonamento composicional e geminação. Na borda dos cristais de clinopiroxênio nota-se o desenvolvimento de biotita amarronzada e/ou subsitutição por anfibólio incolor a esverdeado (Actinolita-Tremolita). \r\n","PETROGRAFO":"Mauricio Pavan Silva","PROJETO":"Geologia das Folhas Aldeia Tomázia e Fazenda Santa Otília","BASE_CARTOGRAFICA":"SF.21-V-D-III - Fazenda Santa Otilia","TIPO_SECAO":"Delgada","GRAU_INTEMPERISMO":"Pouco intemperizada","TAMANHO_AMOSTRA":"30 cm","COR_RX_FRESCA":"Cinza","COR_RX_INTEMPERIZADA":"Cinza claro","GRANULACAO_MINIMA":"Fanerítica fina (<1,0mm)","GRANULACAO_MEDIA":"Fanerítica fina (<1,0mm)","GRANULACAO_MAXIMA":"Fanerítica fina (<1,0mm)","SELECIONAMENTO":null,"CONSISTENCIA_AMOSTRA":"Consistente","CONTATO":null,"COD_CLASSIFICACAO":null,"PROTOLITO":null,"ROCHA":"Diabásio","LINK":"p_cod_amostra=116692&p_cod_rocha=560444&p_cod_afloramento=485332","LOCAL_LAMINA":"SUREG-SP","LOTE_LAMINA":null,"NUM_LAB_LAMINA":null,"FICHA":null,"MINERAIS_IDENTIFICADOS":"Piroxênio(40%), Opaco (Microscopia)(<5%), Anfibólio(<2%), Quartzo(<1%), Biotita(<1%)","X":-57.4613,"Y":-21.4527,"DATUM":"WGS84","__atlas_chave_independente":"AFLOR_ROCHA:485332:560444","__atlas_n_registros_grupo":1,"__atlas_q_registro":0.875,"__atlas_q_grupo":0.875,"__atlas_unidade_geologica_id":"1064","__atlas_unidade_geologica_sigla":"PP3_gamma_al","__atlas_unidade_geologica_nome":"Corpo Granito Alumiador","__atlas_fonte":"SGB · GeoSGB · Petrografia","__atlas_snapshot":"2026-08-14"}},{"type":"Feature","id":28845105,"geometry":{"type":"Point","coordinates":[-57.461299999999994,-21.452699999999993]},"properties":{"OBJECTID":28845105,"COD_AMOSTRA":116691,"COD_AFLORAMENTO":485332,"COD_ROCHA":560443,"NUM_CAMPO_AMOSTRA":"MS-0141-C","COD_LAMINA":42369,"NUM_CAMPO_LAMINA":"4220-MS-R-0141-C","NOTAS":"Rocha hololeucocrática, isótropa, fanerítica fina a média (0,2 - 1,5 mm), porfirítica, composta por quartzo, plagioclásio, K-feldspato, clorita, opacos, sericita e fluorita. A rocha é composta por cristais subédricos de quartzo envolvidos por uma matriz de feldspatos muito alterados, exibindo aspecto turvo. Os cristais de quartzo exibem contatos irregulares ocorrendo também como inclusões nos fenocristais de feldspato alcalino. Na matriz de feldspatos, os contatos com os cristais de quartzo são irregulares em forma de cúspide. A associação clorita + opacos + sericita ocorrem como material de substituição de minerais máficos.\r\nObs.: em um cristal de feldspato alcalino ocorrem inclusões de quartzo vermiforme (textura gráfica).\r\nQAP = sienogranito","PETROGRAFO":"Mauricio Pavan Silva","PROJETO":"Geologia das Folhas Aldeia Tomázia e Fazenda Santa Otília","BASE_CARTOGRAFICA":"SF.21-V-D-III - Fazenda Santa Otilia","TIPO_SECAO":"Delgada","GRAU_INTEMPERISMO":"Moderadamente intemperizada","TAMANHO_AMOSTRA":"30 cm","COR_RX_FRESCA":"Cinza","COR_RX_INTEMPERIZADA":"Cinza claro","GRANULACAO_MINIMA":"Fanerítica fina (<1,0mm)","GRANULACAO_MEDIA":"Fanerítica fina (<1,0mm)","GRANULACAO_MAXIMA":"Fanerítica fina (<1,0mm)","SELECIONAMENTO":null,"CONSISTENCIA_AMOSTRA":"Consistente","CONTATO":null,"COD_CLASSIFICACAO":null,"PROTOLITO":null,"ROCHA":"Sienogranito","LINK":"p_cod_amostra=116691&p_cod_rocha=560443&p_cod_afloramento=485332","LOCAL_LAMINA":"SUREG-SP","LOTE_LAMINA":null,"NUM_LAB_LAMINA":null,"FICHA":null,"MINERAIS_IDENTIFICADOS":"Quartzo(40%), Opaco (Microscopia)(<1%), Sericita(<1%), Clorita(<1%), Fluorita(<1%)","X":-57.4613,"Y":-21.4527,"DATUM":"WGS84","__atlas_chave_independente":"AFLOR_ROCHA:485332:560443","__atlas_n_registros_grupo":2,"__atlas_q_registro":0.875,"__atlas_q_grupo":0.875,"__atlas_unidade_geologica_id":"1064","__atlas_unidade_geologica_sigla":"PP3_gamma_al","__atlas_unidade_geologica_nome":"Corpo Granito Alumiador","__atlas_fonte":"SGB · GeoSGB · Petrografia","__atlas_snapshot":"2026-08-14"}},{"type":"Feature","id":28845121,"geometry":{"type":"Point","coordinates":[-57.461299999999994,-21.452699999999993]},"properties":{"OBJECTID":28845121,"COD_AMOSTRA":116689,"COD_AFLORAMENTO":485332,"COD_ROCHA":560443,"NUM_CAMPO_AMOSTRA":"MS-0141-A","COD_LAMINA":42368,"NUM_CAMPO_LAMINA":"4220-MS-R-0141-A","NOTAS":"Rocha holo a leucocrática, isótropa, inequigranular porfirítica com matriz fina a muito fina (0,1 - 0,2 mm) e fenocristais com tamanho entre 1 e 5 mm; A rocha exibe intensa alteração hidrotermal com formação de epidoto + clorita + sericita. A matriz é constituída por cristais subédricos de plagioclásio, K-feldspato e quartzo, com textura equigranular e contatos retos a curvos. Os fenocristais são de K-feldspato, plagioclásio e quartzo, além de pseudomorfos de anfibólio (?), constituídos por clorita + opacos + epidoto + titanita.\r\nFenocristais de plagioclásio são euédricos com zonamento composicional e estão \"salpicados\" de sericita e epidoto, além da presença de inclusões de quartzo (textura gráfica). Em alguns cristais essa associação substitui o plagioclásio por completo. Além de cristais individuais, ocorrem aglomerados de plagioclásio com quartzo intersticial. Os fenocristais de K-feldspato são subédricos com lamelas de exsolução e podem formar agregados de cristais distribuídos pela rocha. Fenocristais de quartzo são subédricos, com extinção ondulante, bordas irregulares (indício de sobrecrescimento?). Os cristais são ricos em inclusões fluidas.\r\nEpidoto ocorre como cristais subédricos a euédricos de coloração amarelada, geralmente na matriz associado à clorita, como produto de reação de substituição de minerais máficos e ta,bém alteração de plagioclásio. Clorita ocorre como placas associadas ao epidoto em subsituição de minerais máficos.\r\nOpacos e titanita ocorrem no pseudomorfo de mineral máfico.\r\nZircão ocorre como pequenos cristais prismáticos.\r\nQAP = monzogranito","PETROGRAFO":"Mauricio Pavan Silva","PROJETO":"Geologia das Folhas Aldeia Tomázia e Fazenda Santa Otília","BASE_CARTOGRAFICA":"SF.21-V-D-III - Fazenda Santa Otilia","TIPO_SECAO":"Delgada","GRAU_INTEMPERISMO":"Moderadamente intemperizada","TAMANHO_AMOSTRA":"30 cm","COR_RX_FRESCA":"Cinza","COR_RX_INTEMPERIZADA":"Cinza claro","GRANULACAO_MINIMA":"Fanerítica fina (<1,0mm)","GRANULACAO_MEDIA":"Fanerítica fina (<1,0mm)","GRANULACAO_MAXIMA":"Fanerítica média (1,0-5,0mm)","SELECIONAMENTO":null,"CONSISTENCIA_AMOSTRA":"Consistente","CONTATO":null,"COD_CLASSIFICACAO":null,"PROTOLITO":null,"ROCHA":"Monzogranito","LINK":"p_cod_amostra=116689&p_cod_rocha=560443&p_cod_afloramento=485332","LOCAL_LAMINA":"SUREG-SP","LOTE_LAMINA":null,"NUM_LAB_LAMINA":null,"FICHA":null,"MINERAIS_IDENTIFICADOS":"Quartzo(30%), Epidoto(<2%), Titanita(<1%), Opaco (Microscopia)(<1%), Sericita(<1%), Clorita(<1%), Zircão(<1%)","X":-57.4613,"Y":-21.4527,"DATUM":"WGS84","__atlas_chave_independente":"AFLOR_ROCHA:485332:560443","__atlas_n_registros_grupo":2,"__atlas_q_registro":0.875,"__atlas_q_grupo":0.875,"__atlas_unidade_geologica_id":"1064","__atlas_unidade_geologica_sigla":"PP3_gamma_al","__atlas_unidade_geologica_nome":"Corpo Granito Alumiador","__atlas_fonte":"SGB · GeoSGB · Petrografia","__atlas_snapshot":"2026-08-14"}},{"type":"Feature","id":28845137,"geometry":{"type":"Point","coordinates":[-57.47289999999998,-21.494100000000003]},"properties":{"OBJECTID":28845137,"COD_AMOSTRA":116695,"COD_AFLORAMENTO":485334,"COD_ROCHA":560447,"NUM_CAMPO_AMOSTRA":"MS-0142-A","COD_LAMINA":42371,"NUM_CAMPO_LAMINA":"4220-MS-R-0142-A","NOTAS":"Rocha holo a leucocrática, isótropa, fanerítica fina a média (0,1 - 3,0 mm), inequigranular seriada, constituída por quartzo, plagioclásio, K-feldspato, epidoto, sericita, opacos, clorita e biotita. Plagioclásio ocorre como cristais euédricos, com zonamento composicional concêntrico e intensamente sericitizados. K-feldspato ocorre como cristais  euédricos a subédricos, com lamelas de exsolução. Quartzo ocorre em faixas, com extinção ondulante, exibindo contatos irregulares (migração de borda de grão) e entre os cristais maiores de feldspatos, ocorre aglomerados com textura poligonal. Os minerais máficos são em sua maioria de origem secundária, produto de alteração de biotita e/ou anfibólio.\r\nQAP = sieno a monzogranito","PETROGRAFO":"Mauricio Pavan Silva","PROJETO":"Geologia das Folhas Aldeia Tomázia e Fazenda Santa Otília","BASE_CARTOGRAFICA":"SF.21-V-D-III - Fazenda Santa Otilia","TIPO_SECAO":"Delgada","GRAU_INTEMPERISMO":"Pouco intemperizada","TAMANHO_AMOSTRA":"30 cm","COR_RX_FRESCA":"Rosa","COR_RX_INTEMPERIZADA":"Rosa claro","GRANULACAO_MINIMA":"Fanerítica fina (<1,0mm)","GRANULACAO_MEDIA":"Fanerítica fina (<1,0mm)","GRANULACAO_MAXIMA":"Fanerítica média (1,0-5,0mm)","SELECIONAMENTO":null,"CONSISTENCIA_AMOSTRA":"Consistente","CONTATO":null,"COD_CLASSIFICACAO":null,"PROTOLITO":null,"ROCHA":"Sienogranito","LINK":"p_cod_amostra=116695&p_cod_rocha=560447&p_cod_afloramento=485334","LOCAL_LAMINA":"SUREG-SP","LOTE_LAMINA":null,"NUM_LAB_LAMINA":null,"FICHA":null,"MINERAIS_IDENTIFICADOS":"Quartzo(30%), Epidoto(<1%), Biotita(<1%), Opaco (Microscopia)(<1%), Clorita(<1%), Sericita(<1%)","X":-57.4729,"Y":-21.4941,"DATUM":"WGS84","__atlas_chave_independente":"AFLOR_ROCHA:485334:560447","__atlas_n_registros_grupo":1,"__atlas_q_registro":0.875,"__atlas_q_grupo":0.875,"__atlas_unidade_geologica_id":"1064","__atlas_unidade_geologica_sigla":"PP3_gamma_al","__atlas_unidade_geologica_nome":"Corpo Granito Alumiador","__atlas_fonte":"SGB · GeoSGB · Petrografia","__atlas_snapshot":"2026-08-14"}},{"type":"Feature","id":28846001,"geometry":{"type":"Point","coordinates":[-57.04153500000001,-21.50464199999999]},"properties":{"OBJECTID":28846001,"COD_AMOSTRA":124745,"COD_AFLORAMENTO":499331,"COD_ROCHA":576710,"NUM_CAMPO_AMOSTRA":"EA-0002-B","COD_LAMINA":45413,"NUM_CAMPO_LAMINA":"4187-EA-R-0002-B","NOTAS":"Textura granoblástica com biotita em textura lepidoblástica\r\nSericitização\r\nA seção apresenta uma foliação espaçada com um leito com cristais anédricos de feldspato e quartzo com contatos curvados, ondulados e localmente retos por vezes formando feições próximas a junções tríplices. O feldspato está alterado, parcialmente sericitizado e por vezes é intersticial e com formas irregulares. Localmente ocorrem cristais muito pequenos de feldspato recristalizado concentrado nos contatos e em microfraturas. O quartzo ocorre na forma de cristais isolados, por vezes inclusos em feldspato ou concentrados em pequenos agregados com cristais com extinção ondulante e contatos irregulares (migração de borda de grão?). A seção apresenta pequenos cristais subédricos de biotita marrom, alterada e com orientação paralela à foliação principal espaçada. Ocorrem cristais de biotita com orientação oblíqua à foliação principal. Ocorrem cristais deformados de feldspato com ~2 mm e localizados em meio a região mais fina. Os cristais de minerais opacos são manteados por titanita. Também são observados raros cristais de clorita. A seção apresenta algumas lâminas com maior deformação.  Ocorre uma porção com maior granulação e com concentração de cristais zonados de microclínio, com 3 mm, deformado e com uma borda mais alterada.\r\nQuartzo\r\nMicroclínio\r\nPlagioclásio\r\nOpacos\r\nTitanita\r\nAllanita\r\nClorita\r\nEpidoto\r\nApatita\r\n","PETROGRAFO":"Vidyã Vieira de Almeida","PROJETO":"Geologia da Folha Colônia São Lourenço","BASE_CARTOGRAFICA":"SF.21-V-D-VI - Colonia São Lourenço","TIPO_SECAO":"Delgada","GRAU_INTEMPERISMO":"Muito intemperizada","TAMANHO_AMOSTRA":"14 cm","COR_RX_FRESCA":"Cinza","COR_RX_INTEMPERIZADA":"Cinza esverdeado","GRANULACAO_MINIMA":"Fanerítica fina (<1,0mm)","GRANULACAO_MEDIA":"Fanerítica média (1,0-5,0mm)","GRANULACAO_MAXIMA":"Fanerítica média (1,0-5,0mm)","SELECIONAMENTO":null,"CONSISTENCIA_AMOSTRA":"Consistente","CONTATO":"Contato abrupto","COD_CLASSIFICACAO":null,"PROTOLITO":"Biotita monzogranito","ROCHA":"Gnaisse","LINK":"p_cod_amostra=124745&p_cod_rocha=576710&p_cod_afloramento=499331","LOCAL_LAMINA":"SUREG-SP","LOTE_LAMINA":null,"NUM_LAB_LAMINA":null,"FICHA":null,"MINERAIS_IDENTIFICADOS":"Quartzo(40%), Microclínio(30%), Biotita(7%), Opaco (Microscopia)(2%), Apatita(<1%), Clorita(<1%), Allanita(<1%), Epidoto(<1%), Titanita(1%)","X":-57.041534999999996,"Y":-21.504642,"DATUM":"WGS84","__atlas_chave_independente":"AFLOR_ROCHA:499331:576710","__atlas_n_registros_grupo":1,"__atlas_q_registro":0.875,"__atlas_q_grupo":0.875,"__atlas_unidade_geologica_id":"1455","__atlas_unidade_geologica_sigla":"PP4at","__atlas_unidade_geologica_nome":"Formação Alto Tererê","__atlas_fonte":"SGB · GeoSGB · Petrografia","__atlas_snapshot":"2026-08-14"}},{"type":"Feature","id":28846017,"geometry":{"type":"Point","coordinates":[-57.04153500000001,-21.50464199999999]},"properties":{"OBJECTID":28846017,"COD_AMOSTRA":124744,"COD_AFLORAMENTO":499331,"COD_ROCHA":576709,"NUM_CAMPO_AMOSTRA":"EA-0002-A","COD_LAMINA":45412,"NUM_CAMPO_LAMINA":"4187-EA-R-0002-A","NOTAS":"leitos granoblásticos alternados com lâminas lepidoblásticas\r\nfácies xisto verde\r\nA seção apresenta uma foliação contínua com leitos granoblásticos com finas lâminas micáceas orientadas. Os leitos granoblásticos são formados por grãos de quartzo alongados, por vezes sigmoidais, com extinção ondulante, com formas e contatos irregulares (recristalização por migração de borda de grão). Localmente ocorrem grãos de quartzo muito pequenos recristalizados por bulging nos contatos. As lâminas micáceas mostram concentração de pequenos grãos deformados de muscovita em contato ou intercrescida com biotita alterada deformada. A muscovita é sigmoidal e por vezes apresenta orientação oblíqua à foliação principal (foliações SC). Ocorrem pequenas regiões por vezes arredondadas com concentração de material de oxidação (granada alterada??). Ocorrem bandas com maior deformação onde os cristais estão mais alongados.\r\nQuartzo\r\nMuscovita\r\nBiotita\r\nGranada Alterada\r\nMuscovita quartzito milonítico com biotita e granada","PETROGRAFO":"Vidyã Vieira de Almeida","PROJETO":"Geologia da Folha Colônia São Lourenço","BASE_CARTOGRAFICA":"SF.21-V-D-VI - Colonia São Lourenço","TIPO_SECAO":"Delgada","GRAU_INTEMPERISMO":"Muito intemperizada","TAMANHO_AMOSTRA":"9 cm","COR_RX_FRESCA":"Marrom claro","COR_RX_INTEMPERIZADA":"Laranja claro","GRANULACAO_MINIMA":"Areia fina (0,062-0,25mm)","GRANULACAO_MEDIA":"Areia fina (0,062-0,25mm)","GRANULACAO_MAXIMA":"Areia média (0,25-1,0mm)","SELECIONAMENTO":null,"CONSISTENCIA_AMOSTRA":"Friável","CONTATO":"Contato abrupto","COD_CLASSIFICACAO":null,"PROTOLITO":"Muscovita quartzito","ROCHA":"Milonito","LINK":"p_cod_amostra=124744&p_cod_rocha=576709&p_cod_afloramento=499331","LOCAL_LAMINA":"SUREG-SP","LOTE_LAMINA":null,"NUM_LAB_LAMINA":null,"FICHA":null,"MINERAIS_IDENTIFICADOS":"Quartzo(86%), Muscovita(8%), Biotita(4%), Granada(>2%)","X":-57.041534999999996,"Y":-21.504642,"DATUM":"WGS84","__atlas_chave_independente":"AFLOR_ROCHA:499331:576709","__atlas_n_registros_grupo":1,"__atlas_q_registro":0.875,"__atlas_q_grupo":0.875,"__atlas_unidade_geologica_id":"1455","__atlas_unidade_geologica_sigla":"PP4at","__atlas_unidade_geologica_nome":"Formação Alto Tererê","__atlas_fonte":"SGB · GeoSGB · Petrografia","__atlas_snapshot":"2026-08-14"}},{"type":"Feature","id":28846033,"geometry":{"type":"Point","coordinates":[-57.04983900000002,-21.507205999999996]},"properties":{"OBJECTID":28846033,"COD_AMOSTRA":124747,"COD_AFLORAMENTO":499332,"COD_ROCHA":576712,"NUM_CAMPO_AMOSTRA":"EA-0003-B","COD_LAMINA":45415,"NUM_CAMPO_LAMINA":"4187-EA-R-0003","NOTAS":"Granulação (mm): fina (até 1 mm) \r\nTextura: xenomórfica\r\nNotas: A seção apresenta uma textura xenomórfica com concentração de cristais anédricos de quartzo, plagioclásio e microclínio com contatos curvados. O quartzo ocorre na forma de pequenos cristais, por vezes concentrados em agregados formados por cristais ora arredondados ora com formas irregulares e com extinção levemente ondulante. Os cristais de microclínio são maiores, com até 1 mm, por vezes micropertíticos, levemente deformados e por vezes com pequenas inclusões arredondadas de quartzo. O microclínio e principalmente o plagioclásio são por vezes intersticiais e com formas bastante irregulares. Localmente ocorrem cristais de feldspato com contatos que formam junções tríplices. Ocorrem pequenos cristais subédricos de biotita alterada e orientada para duas direções. Também ocorrem pequenos cristais subédricos de minerais opacos. A biotita está por vezes em contato reto com muscovita. Alguns cristais de biotita estão localizados em descontinuidades. \r\nQuartzo\r\nMicroclínio\r\nPlagioclásio (oligoclásio)\r\nBiotita\r\nMinerais opacos\r\nMuscovita\r\nZircão\r\nNome da rocha*: monzogranito com biotita foliado (próximo a limite com sienogranito) ","PETROGRAFO":"Vidyã Vieira de Almeida","PROJETO":"Geologia da Folha Colônia São Lourenço","BASE_CARTOGRAFICA":"SF.21-V-D-VI - Colonia São Lourenço","TIPO_SECAO":"Delgada","GRAU_INTEMPERISMO":"Muito intemperizada","TAMANHO_AMOSTRA":"10 cm","COR_RX_FRESCA":"Vermelho claro","COR_RX_INTEMPERIZADA":"Marrom","GRANULACAO_MINIMA":"Fanerítica fina (<1,0mm)","GRANULACAO_MEDIA":"Fanerítica fina (<1,0mm)","GRANULACAO_MAXIMA":"Fanerítica fina (<1,0mm)","SELECIONAMENTO":null,"CONSISTENCIA_AMOSTRA":"Consistente","CONTATO":"Contato intrusivo","COD_CLASSIFICACAO":null,"PROTOLITO":null,"ROCHA":null,"LINK":"p_cod_amostra=124747&p_cod_rocha=576712&p_cod_afloramento=499332","LOCAL_LAMINA":"SUREG-SP","LOTE_LAMINA":null,"NUM_LAB_LAMINA":null,"FICHA":null,"MINERAIS_IDENTIFICADOS":null,"X":-57.049839,"Y":-21.507206,"DATUM":"WGS84","__atlas_chave_independente":"AFLOR_ROCHA:499332:576712","__atlas_n_registros_grupo":1,"__atlas_q_registro":0.625,"__atlas_q_grupo":0.625,"__atlas_unidade_geologica_id":"1455","__atlas_unidade_geologica_sigla":"PP4at","__atlas_unidade_geologica_nome":"Formação Alto Tererê","__atlas_fonte":"SGB · GeoSGB · Petrografia","__atlas_snapshot":"2026-08-14"}},{"type":"Feature","id":28846049,"geometry":{"type":"Point","coordinates":[-57.04983900000002,-21.507205999999996]},"properties":{"OBJECTID":28846049,"COD_AMOSTRA":124746,"COD_AFLORAMENTO":499332,"COD_ROCHA":576711,"NUM_CAMPO_AMOSTRA":"EA-0003-A","COD_LAMINA":45414,"NUM_CAMPO_LAMINA":"4187-EA-R-0003","NOTAS":"Granulação (mm): fina a média \r\nTextura: alternância entre lâminas/leitos lepidoblásticos e leitos granoblásticos\r\nMetamorfismo: xisto verde - zona da granada\r\nA seção apresenta alternância entre lâminas/leitos quartzosos e lâminas/leitos micáceos com concentração de muscovita, ambos dispostos segundo foliação anastomosada. As lâminas/leitos quartzosos são formados por pequenos grãos de quartzo recristalizado, anédrico, com extinção levemente ondulante e contatos irregulares com pequenas reentrâncias (migração de borda de grão). Localmente ocorrem concentrações de grãos muito pequenos de quartzo associados com pequenos grãos de muscovita. Em alguns locais também ocorrem grãos de quartzo com contatos que lembram junções tríplices. As lâminas/leitos micáceos mostram concentração de muscovita, por vezes deformada, sigmoidal e com extinção ondulante. Alguns grãos de muscovita apresentam dimensões de porfiroblastos com até 4 mm. Os grãos de quartzo apresentam contato reto com a muscovita. Ocorrem pequenos pseudomorfos oxidados de granada e pseudomorfos de porfiroblastos euédricos e subédricos de granada com 1 mm. A granada frequentemente apresenta inclusões de quartzo que por vezes formam foliação interna concordante com a foliação externa. Alguns pequenos grãos de granada estão alongados na direção da foliação, no entanto a maioria dos grãos não são alongados e são amoldados pela muscovita. Ocorrem regiões com concentração de sericita e material de oxidação que podem representar pseudomorfos de algum outro mineral (estaurolita??, andalusita??). Ocorrem bandas com maior deformação.\r\nQuartzo\r\nMuscovita\r\nPseudomorfos de granada e mineral desconhecido\r\nMinerais opacos\r\nZircão (subédrico, com até 0,1 mm)\r\nTitanita?\r\nNome da rocha*: muscovita-quartzo xisto milonítico com granada","PETROGRAFO":"Vidyã Vieira de Almeida","PROJETO":"Geologia da Folha Colônia São Lourenço","BASE_CARTOGRAFICA":"SF.21-V-D-VI - Colonia São Lourenço","TIPO_SECAO":"Delgada","GRAU_INTEMPERISMO":"Moderadamente intemperizada","TAMANHO_AMOSTRA":"20 cm","COR_RX_FRESCA":"Marrom","COR_RX_INTEMPERIZADA":"Cinza rosado","GRANULACAO_MINIMA":"Fanerítica média (1,0-5,0mm)","GRANULACAO_MEDIA":"Fanerítica média (1,0-5,0mm)","GRANULACAO_MAXIMA":"Fanerítica média (1,0-5,0mm)","SELECIONAMENTO":null,"CONSISTENCIA_AMOSTRA":"Consistente","CONTATO":"Contato intrusivo","COD_CLASSIFICACAO":null,"PROTOLITO":null,"ROCHA":null,"LINK":"p_cod_amostra=124746&p_cod_rocha=576711&p_cod_afloramento=499332","LOCAL_LAMINA":"SUREG-SP","LOTE_LAMINA":null,"NUM_LAB_LAMINA":null,"FICHA":null,"MINERAIS_IDENTIFICADOS":null,"X":-57.049839,"Y":-21.507206,"DATUM":"WGS84","__atlas_chave_independente":"AFLOR_ROCHA:499332:576711","__atlas_n_registros_grupo":1,"__atlas_q_registro":0.625,"__atlas_q_grupo":0.625,"__atlas_unidade_geologica_id":"1455","__atlas_unidade_geologica_sigla":"PP4at","__atlas_unidade_geologica_nome":"Formação Alto Tererê","__atlas_fonte":"SGB · GeoSGB · Petrografia","__atlas_snapshot":"2026-08-14"}},{"type":"Feature","id":28846065,"geometry":{"type":"Point","coordinates":[-57.12549999999999,-21.5471]},"properties":{"OBJECTID":28846065,"COD_AMOSTRA":124752,"COD_AFLORAMENTO":499339,"COD_ROCHA":576722,"NUM_CAMPO_AMOSTRA":"EA-0010","COD_LAMINA":45416,"NUM_CAMPO_LAMINA":"4187-EA-R-0010","NOTAS":"Granulação (mm): fina\r\nTextura: em mosaico\r\nAlteração hidrotermal: saussuritização\r\nA seção delgada foi feita no plano com a dobra na região com flanco rompido pela venulação feldspática que por sua vez apresenta concentração de cristais de microclínio anédrico, micropertítico, com até 2 mm, com contatos curvados a retos e com textura em mosaico formando junções tríplices. Ocorrem alguns cristais muito pequenos de plagioclásio parcialmente saussuritizado, anédrico e localizado nos contatos entre os cristais de microclínio do veio. A matriz da rocha mostra um bandamento dobrado com alternância entre leitos com maior concentração de quartzo e feldspato e lâminas mais alteradas também quartzo-feldspáticas, porém com maior concentração de biotita marrom. Em ambos os leitos o quartzo e o feldspato estão presentes na forma de pequenos cristais levemente alongados com contatos retos e curvados em uma textura em mosaico. Ocorrem porções mais grossas também com textura em mosaico. Boa parte dos cristais de biotita estão orientados para uma direção oblíqua, por vezes perpendicular à direção do bandamento. Ocorrem pequenos cristais subordinados de clorita. Ocorrem minerais opacos por vezes euédricos e menores que 1 mm. Ocorre um pequeno cristal de granada? (possibilidade de ser fluorita) associada com muscovita. Pequenos cristais de muscovita são por vezes observados como inclusões em plagioclásio parcialmente saussuritizado.\r\nQuartzo\r\nMicroclínio\r\nPlagioclásio\r\nBiotita\r\nMinerais opacos\r\nClorita\r\nGranada? (possibilidade de ser fluorita)\r\nZircão (<< 0,1 mm)\r\nMuscovita\r\nEpidoto\r\nNome da rocha*: biotita monzogranito gnáissico?","PETROGRAFO":"Vidyã Vieira de Almeida","PROJETO":"Geologia da Folha Colônia São Lourenço","BASE_CARTOGRAFICA":"SF.21-V-D-VI - Colonia São Lourenço","TIPO_SECAO":"Delgada","GRAU_INTEMPERISMO":"Pouco intemperizada","TAMANHO_AMOSTRA":"12 cm","COR_RX_FRESCA":"Cinza rosado","COR_RX_INTEMPERIZADA":"Marrom","GRANULACAO_MINIMA":"Fanerítica fina (<1,0mm)","GRANULACAO_MEDIA":"Fanerítica fina (<1,0mm)","GRANULACAO_MAXIMA":"Fanerítica fina (<1,0mm)","SELECIONAMENTO":null,"CONSISTENCIA_AMOSTRA":"Consistente","CONTATO":null,"COD_CLASSIFICACAO":null,"PROTOLITO":"Biotita monzogranito","ROCHA":"Gnaisse","LINK":"p_cod_amostra=124752&p_cod_rocha=576722&p_cod_afloramento=499339","LOCAL_LAMINA":"SUREG-SP","LOTE_LAMINA":null,"NUM_LAB_LAMINA":null,"FICHA":null,"MINERAIS_IDENTIFICADOS":"Quartzo(43%), Microclínio(20%), Biotita(8%), Opaco (Microscopia)(3%), Clorita(1%), Epidoto(<1%), Muscovita(<1%), Zircão(<1%), Granada(<1%)","X":-57.1255,"Y":-21.5471,"DATUM":"WGS84","__atlas_chave_independente":"AFLOR_ROCHA:499339:576722","__atlas_n_registros_grupo":1,"__atlas_q_registro":0.875,"__atlas_q_grupo":0.875,"__atlas_unidade_geologica_id":"1455","__atlas_unidade_geologica_sigla":"PP4at","__atlas_unidade_geologica_nome":"Formação Alto Tererê","__atlas_fonte":"SGB · GeoSGB · Petrografia","__atlas_snapshot":"2026-08-14"}},{"type":"Feature","id":28874145,"geometry":{"type":"Point","coordinates":[-57.204200000000014,-21.580399999999997]},"properties":{"OBJECTID":28874145,"COD_AMOSTRA":124756,"COD_AFLORAMENTO":499344,"COD_ROCHA":576729,"NUM_CAMPO_AMOSTRA":"EA-0015","COD_LAMINA":45417,"NUM_CAMPO_LAMINA":"4187-EA-R-0015","NOTAS":"Granulação (mm): fina com fenocristais com granulação média (até 3 mm)\r\nTextura: gráfica\r\nGrande parte da seção é formada por uma matriz fina com intercrescimento gráfico entre quartzo e microclínio. Em meio a essa textura ocorrem fenocristais, por vezes zonados, de plagioclásio e feldspato alcalino (microclínio), com até 3 mm, com núcleos com diversas inclusões de clorita (por vezes intercrescida com biotita), biotita, fluorita, epidoto? e apatita. O fenocristal apresenta bordas parcialmente corroídas. Ocorrem porções com maior granulação com microclínio intercrescido com quartzo e agregados de quartzo anédrico, com ~1 mm e com extinção ondulante. Nessas regiões mais grossas ocorrem cristais de feldspato em textura em mosaico com contatos retos. Ocorrem pequenos cristais subédricos de biotita esverdeada associada com minerais opacos, titanita e epidoto. Ocorrem pequenos cristais subédricos e anédricos de fluorita associada com o quartzo e o feldspato da matriz.\r\nQuartzo\r\nPlagioclásio\r\nMicroclínio\r\nBiotita\r\nMinerais opacos\r\nTitanita?\r\nEpidoto\r\nFluorita\r\nClorita\r\nApatita\r\nNome da rocha*: microsienogranito com biotita","PETROGRAFO":"Vidyã Vieira de Almeida","PROJETO":"Geologia da Folha Colônia São Lourenço","BASE_CARTOGRAFICA":"SF.21-V-D-VI - Colonia São Lourenço","TIPO_SECAO":"Delgada","GRAU_INTEMPERISMO":"Moderadamente intemperizada","TAMANHO_AMOSTRA":"7 cm","COR_RX_FRESCA":"Castanho escuro","COR_RX_INTEMPERIZADA":null,"GRANULACAO_MINIMA":"Fanerítica fina (<1,0mm)","GRANULACAO_MEDIA":"Fanerítica média (1,0-5,0mm)","GRANULACAO_MAXIMA":"Fanerítica média (1,0-5,0mm)","SELECIONAMENTO":null,"CONSISTENCIA_AMOSTRA":"Consistente","CONTATO":null,"COD_CLASSIFICACAO":null,"PROTOLITO":null,"ROCHA":null,"LINK":"p_cod_amostra=124756&p_cod_rocha=576729&p_cod_afloramento=499344","LOCAL_LAMINA":"SUREG-SP","LOTE_LAMINA":null,"NUM_LAB_LAMINA":null,"FICHA":null,"MINERAIS_IDENTIFICADOS":null,"X":-57.2042,"Y":-21.5804,"DATUM":"WGS84","__atlas_chave_independente":"AFLOR_ROCHA:499344:576729","__atlas_n_registros_grupo":1,"__atlas_q_registro":0.625,"__atlas_q_grupo":0.625,"__atlas_unidade_geologica_id":"1455","__atlas_unidade_geologica_sigla":"PP4at","__atlas_unidade_geologica_nome":"Formação Alto Tererê","__atlas_fonte":"SGB · GeoSGB · Petrografia","__atlas_snapshot":"2026-08-14"}},{"type":"Feature","id":28874161,"geometry":{"type":"Point","coordinates":[-57.21640000000002,-21.586599999999976]},"properties":{"OBJECTID":28874161,"COD_AMOSTRA":124757,"COD_AFLORAMENTO":499345,"COD_ROCHA":576730,"NUM_CAMPO_AMOSTRA":"EA-0016","COD_LAMINA":45418,"NUM_CAMPO_LAMINA":"4187-EA-R-0016","NOTAS":"Granulação (mm): fina a média (<1 a 2 mm) \r\nTextura: gráfica\r\nAlteração hidrotermal: associação entre epidoto + fluorita + clorita \r\nA seção é semelhante à descrita na amostra 4187-EA-R-015. Boa parte da seção é formada por porções finas compostas por intercrescimento por vezes gráfico entre quartzo e microclínio anédricos. Ocorrem regiões onde quartzo, microclínio e subordinadamente plagioclásio parcialmente sericitizados mostram textura em mosaico com contatos curvados a retos formando junções tríplices. Localmente essas regiões mostram maior granulação. Também ocorrem agregados mais grossos compostos por quartzo, com 1 mm, com extinção levemente ondulante e contatos curvados a retos. Ocorrem alguns fenocristais subédricos e anédricos de plagioclásio e microclínio, com ~2 mm e com diversas inclusões muito pequenas de clorita e subordinadamente biotita. Pequenos cristais de minerais opacos, epidoto, clorita parcialmente alterada e subordinadamente biotita alterada ocorrem isolados ou concentrados em agregados juntamente com fluorita e muscovita. Os minerais opacos são por vezes manteados por epidoto.\r\nQuartzo\r\nMicroclínio\r\nPlagioclásio\r\nClorita\r\nEpidoto\r\nFluorita\r\nMinerais opacos\r\nBiotita\r\nZircão? (<< 0,1 mm)\r\nMuscovita\r\nNome da rocha*: microsienogranito com biotita hidrotermalizado?","PETROGRAFO":"Vidyã Vieira de Almeida","PROJETO":"Geologia da Folha Colônia São Lourenço","BASE_CARTOGRAFICA":"SF.21-V-D-VI - Colonia São Lourenço","TIPO_SECAO":"Delgada","GRAU_INTEMPERISMO":"Moderadamente intemperizada","TAMANHO_AMOSTRA":"11 cm","COR_RX_FRESCA":"Cinza escuro","COR_RX_INTEMPERIZADA":null,"GRANULACAO_MINIMA":"Fanerítica fina (<1,0mm)","GRANULACAO_MEDIA":"Fanerítica média (1,0-5,0mm)","GRANULACAO_MAXIMA":"Fanerítica média (1,0-5,0mm)","SELECIONAMENTO":null,"CONSISTENCIA_AMOSTRA":"Consistente","CONTATO":null,"COD_CLASSIFICACAO":null,"PROTOLITO":null,"ROCHA":null,"LINK":"p_cod_amostra=124757&p_cod_rocha=576730&p_cod_afloramento=499345","LOCAL_LAMINA":"SUREG-SP","LOTE_LAMINA":null,"NUM_LAB_LAMINA":null,"FICHA":null,"MINERAIS_IDENTIFICADOS":null,"X":-57.2164,"Y":-21.5866,"DATUM":"WGS84","__atlas_chave_independente":"AFLOR_ROCHA:499345:576730","__atlas_n_registros_grupo":1,"__atlas_q_registro":0.625,"__atlas_q_grupo":0.625,"__atlas_unidade_geologica_id":"1064","__atlas_unidade_geologica_sigla":"PP3_gamma_al","__atlas_unidade_geologica_nome":"Corpo Granito Alumiador","__atlas_fonte":"SGB · GeoSGB · Petrografia","__atlas_snapshot":"2026-08-14"}},{"type":"Feature","id":28874177,"geometry":{"type":"Point","coordinates":[-57.0487,-21.688499999999976]},"properties":{"OBJECTID":28874177,"COD_AMOSTRA":124759,"COD_AFLORAMENTO":499350,"COD_ROCHA":576738,"NUM_CAMPO_AMOSTRA":"EA-0021-C","COD_LAMINA":45420,"NUM_CAMPO_LAMINA":"4187-EA-R-0021-B","NOTAS":"Granulação (mm): fina a média (1-3 mm) com porfiroblastos com granulação grossa (~6 mm) \r\nTextura: leitos granoblásticos cortados por lâminas lepidoblásticas\r\nMetamorfismo: xisto verde - zona da granada\r\nA seção apresenta leitos quartzosos cortados por finas lâminas micáceas levemente onduladas com concentração de muscovita, com até 3 mm, deformada, com textura mica fish e por vezes ondulada. Os leitos quartzosos estão levemente ondulados e são formados por grãos de quartzo alongados, formando \"tiras\" com contatos irregulares e rodeadas por grãos muito pequenos de quartzo recristalizado (rotação de subgrão). A direção do alongamento do quartzo é, em algumas regiões, discordante da orientação das lâminas micáceas. Ocorrem grãos de granada muito alterada/oxidada, menores que 1 mm e frequentemente alongada na direção da foliação. Ocorre um porfiroblasto de granada alongada, com 6 mm, muito alterada/oxidada e parcialmente substituída por material micáceo (clorita??). O porfiroblasto é amoldado pelos leitos quartzosos e pelas lâminas micáceas. O porfiroblasto apresenta algumas inclusões orientadas de muscovita.\r\nQuartzo\r\nMuscovita\r\nGranada\r\nZircão (<< 0,1 mm)\r\nNome da rocha*: muscovita quartzito milonítico com granada","PETROGRAFO":"Vidyã Vieira de Almeida","PROJETO":"Geologia da Folha Colônia São Lourenço","BASE_CARTOGRAFICA":"SF.21-V-D-VI - Colonia São Lourenço","TIPO_SECAO":"Delgada","GRAU_INTEMPERISMO":"Muito intemperizada","TAMANHO_AMOSTRA":"14 cm","COR_RX_FRESCA":"Castanho escuro","COR_RX_INTEMPERIZADA":"Laranja escuro","GRANULACAO_MINIMA":"Areia fina (0,062-0,25mm)","GRANULACAO_MEDIA":"Areia média (0,25-1,0mm)","GRANULACAO_MAXIMA":"Grânulo (2,0-4,0mm)","SELECIONAMENTO":null,"CONSISTENCIA_AMOSTRA":"Consistente","CONTATO":"Contato tectônico","COD_CLASSIFICACAO":null,"PROTOLITO":"Muscovita quartzito","ROCHA":"Milonito","LINK":"p_cod_amostra=124759&p_cod_rocha=576738&p_cod_afloramento=499350","LOCAL_LAMINA":"SUREG-SP","LOTE_LAMINA":null,"NUM_LAB_LAMINA":null,"FICHA":null,"MINERAIS_IDENTIFICADOS":"Quartzo(88%), Muscovita(8%), Granada(4%), Zircão(<1%)","X":-57.048700000000004,"Y":-21.6885,"DATUM":"WGS84","__atlas_chave_independente":"AFLOR_ROCHA:499350:576738","__atlas_n_registros_grupo":2,"__atlas_q_registro":0.875,"__atlas_q_grupo":0.875,"__atlas_unidade_geologica_id":"1465","__atlas_unidade_geologica_sigla":"PP3ap","__atlas_unidade_geologica_nome":"Complexo Rio Apa","__atlas_fonte":"SGB · GeoSGB · Petrografia","__atlas_snapshot":"2026-08-14"}},{"type":"Feature","id":28874209,"geometry":{"type":"Point","coordinates":[-57.0487,-21.688499999999976]},"properties":{"OBJECTID":28874209,"COD_AMOSTRA":124761,"COD_AFLORAMENTO":499350,"COD_ROCHA":576739,"NUM_CAMPO_AMOSTRA":"EA-0021-A","COD_LAMINA":45422,"NUM_CAMPO_LAMINA":"4187-EA-R-0021-A","NOTAS":"Granulação (mm): média (1 - 4 mm)\r\nTextura: granoblástica com lâminas lepidoblásticas\r\nAlteração hidrotermal: saussuritização\r\nA seção é formada por leitos ondulados quartzo-feldspáticos cortados por finas lâminas micáceas. Os leitos quartzo-feldspáticos são formados por cristais de microclínio e plagioclásio anédricos, com até 4 mm, alongados na direção da foliação principal. O plagioclásio está parcialmente saussuritizado e localmente mostra intercrescimento mirmequítico quando em contato com microclínio. O microclínio é por vezes micropertítico, apresenta pequenas inclusões de quartzo e plagioclásio e planos de geminação deformados. Os contatos entre feldspato são curvados a levemente irregulares e raramente mostram concentração de alguns cristais muito pequenos recristalizados também presentes em microfraturas e em uma matriz milonítica mais fina. Localmente ocorrem cristais de feldspato com contatos formando junções tríplices. O quartzo ocorre na forma de cristais isolados ou concentrados em pequenos agregados orientados com cristais alongados, com até 2 mm, com extinção ondulante e com contatos irregulares (migração de borda de grão). As lâminas micáceas amoldam porções dos leitos quartzo-feldspáticos e por vezes \"cortam\" cristais de feldspato. As lâminas mostram concentração de muscovita e biotita com pequenas inclusões de minerais opacos e por vezes intercrescida com muscovita. As micas estão associadas com pequenos cristais de epidoto (clinozoisita e zoisita) em contato com piemontita (mineral do grupo do epidoto com Mn) cujo pleocroísmo varia de pink a amarelo e a extinção é reta. O epidoto está por vezes incluso nas micas preenchendo regiões paralelas às clivagens. Ocorrem cristais maiores de muscovita inclusa em plagioclásio. Nesse caso a muscovita apresenta inclusões vermiformes de quartzo.\r\nMicroclínio\r\nPlagioclásio\r\nQuartzo\r\nMuscovita\r\nBiotita\r\nMinerais opacos\r\nEpidoto (incluindo clinozoisita e zoisita)\r\nPiemontita\r\nNome da rocha*: biotita monzogranito milonítico com piemontita (milonito de alta temperatura)","PETROGRAFO":"Vidyã Vieira de Almeida","PROJETO":"Geologia da Folha Colônia São Lourenço","BASE_CARTOGRAFICA":"SF.21-V-D-VI - Colonia São Lourenço","TIPO_SECAO":"Delgada","GRAU_INTEMPERISMO":"Intemperizada","TAMANHO_AMOSTRA":"10 cm","COR_RX_FRESCA":"Cinza","COR_RX_INTEMPERIZADA":"Cinza claro","GRANULACAO_MINIMA":"Fanerítica média (1,0-5,0mm)","GRANULACAO_MEDIA":"Fanerítica média (1,0-5,0mm)","GRANULACAO_MAXIMA":"Fanerítica média (1,0-5,0mm)","SELECIONAMENTO":null,"CONSISTENCIA_AMOSTRA":"Consistente","CONTATO":"Contato tectônico","COD_CLASSIFICACAO":null,"PROTOLITO":"Biotita monzogranito","ROCHA":"Milonito granítico","LINK":"p_cod_amostra=124761&p_cod_rocha=576739&p_cod_afloramento=499350","LOCAL_LAMINA":"SUREG-SP","LOTE_LAMINA":null,"NUM_LAB_LAMINA":null,"FICHA":null,"MINERAIS_IDENTIFICADOS":"Microclínio(32%), Quartzo(27%), Muscovita(4%), Opaco (Microscopia)(2%), Epidoto(2%), Piedmontita(1%)","X":-57.048700000000004,"Y":-21.6885,"DATUM":"WGS84","__atlas_chave_independente":"AFLOR_ROCHA:499350:576739","__atlas_n_registros_grupo":1,"__atlas_q_registro":0.875,"__atlas_q_grupo":0.875,"__atlas_unidade_geologica_id":"1465","__atlas_unidade_geologica_sigla":"PP3ap","__atlas_unidade_geologica_nome":"Complexo Rio Apa","__atlas_fonte":"SGB · GeoSGB · Petrografia","__atlas_snapshot":"2026-08-14"}},{"type":"Feature","id":28874241,"geometry":{"type":"Point","coordinates":[-57.0557,-21.691399999999987]},"properties":{"OBJECTID":28874241,"COD_AMOSTRA":124763,"COD_AFLORAMENTO":499351,"COD_ROCHA":576741,"NUM_CAMPO_AMOSTRA":"EA-0022","COD_LAMINA":45423,"NUM_CAMPO_LAMINA":"4187-EA-R-0022","NOTAS":"Granulação (mm): matriz muito fina a fina com porfiroclastos com granulação média (até 4 mm) \r\nTextura: alternância entre leitos granoblásticos e lâminas lepidoblásticas\r\nAlteração hidrotermal: epidotização\r\nA seção apresenta leitos essencialmente quartzo-feldspáticos alternados com lâminas micáceas que representam zonas com maior deformação (bandas de cisalhamento). Os leitos quartzo-feldspáticos mostram grãos (porfiroclastos) anédricos de feldspato (plagioclásio e microclínio), com até 4 mm e por vezes deformados. O microclínio é por vezes micropertítico, mostra formas bastante irregulares e por vezes está localizado em fraturas do plagioclásio (vein-like microclínio). O plagioclásio mostra intercrescimento mirmequítico quando em contato com microclínio. Tanto o plagioclásio como o microclínio mostram inclusões arredondadas de quartzo. Localmente ocorrem concentrações de grãos muito pequenos de feldspato recristalizado. O quartzo é anédrico e está localmente concentrado em pequenos agregados formados por grãos com extinção ondulante, com formas e contatos irregulares (migração de borda de grão). As bandas de cisalhamento mostram concentração de grãos muito pequenos de quartzo recristalizado com semelhante orientação cristalográfica (rotação de subgrão) associados com grãos muito pequenos de feldspato recristalizado (bulging). As bandas de cisalhamento também mostram concentração de biotita orientada, com até ~1 mm, em contato reto com muscovita por vezes sigmoidal e com até ~2 mm. As micas estão associadas com epidoto incluindo pequenos grãos de allanita manteada por clinozoisita.\r\nQuartzo\r\nMicroclínio\r\nPlagioclásio\r\nBiotita\r\nMuscovita\r\nEpidoto (incluindo allanita)\r\nMinerais opacos\r\nApatita\r\nZircão? (<0,1 mm)\r\nNome da rocha*: muscovita-biotita gnaisse com bandas miloníticas","PETROGRAFO":"Vidyã Vieira de Almeida","PROJETO":"Geologia da Folha Colônia São Lourenço","BASE_CARTOGRAFICA":"SF.21-V-D-VI - Colonia São Lourenço","TIPO_SECAO":"Delgada","GRAU_INTEMPERISMO":"Pouco intemperizada","TAMANHO_AMOSTRA":"14 cm","COR_RX_FRESCA":"Cinza escuro","COR_RX_INTEMPERIZADA":"Cinza escuro","GRANULACAO_MINIMA":"Fanerítica média (1,0-5,0mm)","GRANULACAO_MEDIA":"Fanerítica média (1,0-5,0mm)","GRANULACAO_MAXIMA":"Fanerítica média (1,0-5,0mm)","SELECIONAMENTO":null,"CONSISTENCIA_AMOSTRA":"Consistente","CONTATO":null,"COD_CLASSIFICACAO":null,"PROTOLITO":null,"ROCHA":null,"LINK":"p_cod_amostra=124763&p_cod_rocha=576741&p_cod_afloramento=499351","LOCAL_LAMINA":"SUREG-SP","LOTE_LAMINA":null,"NUM_LAB_LAMINA":null,"FICHA":null,"MINERAIS_IDENTIFICADOS":null,"X":-57.0557,"Y":-21.6914,"DATUM":"WGS84","__atlas_chave_independente":"AFLOR_ROCHA:499351:576741","__atlas_n_registros_grupo":1,"__atlas_q_registro":0.625,"__atlas_q_grupo":0.625,"__atlas_unidade_geologica_id":"1455","__atlas_unidade_geologica_sigla":"PP4at","__atlas_unidade_geologica_nome":"Formação Alto Tererê","__atlas_fonte":"SGB · GeoSGB · Petrografia","__atlas_snapshot":"2026-08-14"}},{"type":"Feature","id":28874257,"geometry":{"type":"Point","coordinates":[-57.068100000000015,-21.68520000000001]},"properties":{"OBJECTID":28874257,"COD_AMOSTRA":124765,"COD_AFLORAMENTO":499353,"COD_ROCHA":576744,"NUM_CAMPO_AMOSTRA":"EA-0024","COD_LAMINA":45424,"NUM_CAMPO_LAMINA":"4187-EA-R-0024","NOTAS":"Granulação (mm): média a grossa (até 7 mm)\r\nTextura: alternância entre leitos granoblásticos e lâminas lepidoblásticas\r\nMetamorfismo: xisto verde - zona da granada\r\nNotas: A seção representa a região da charneira de uma das dobras. Ocorre uma alternância entre leitos quartzosos e lâminas micáceas. Os leitos quartzosos são compostos por grãos de quartzo anédricos (com até ~7 mm), com extinção ondulante, com trilhas de inclusões fluidas e com formas e contatos irregulares com pequenas reentrâncias (migração de borda de grão). O quartzo mostra pequenas inclusões de muscovita euédrica com orientação paralela à superfície dobrada e também com orientação paralela ao plano axial da dobra. O quartzo também mostra pequenas inclusões de granada, parcialmente a totalmente alterada, euédrica e subédrica e por vezes alongada. Alguns grãos de granada mostram borda de reação formada por clorita associada com biotita. As lâminas micáceas mostram concentração de muscovita subédrica, com até 2 mm e com orientação paralela à superfície dobrada. A charneira mostra concentração de grãos de muscovita paralelos ao plano axial. Alguns grãos de granada estão inseridos nas lâminas micáceas. A muscovita está associada com sericita em algumas regiões. Uma das lâminas micáceas \"corta\" alguns grãos de quartzo e mostra um pequeno deslocamento (microfalha?, deslocamento por dissolução por pressão??).\r\nQuartzo\r\nMuscovita\r\nGranada\r\nClorita\r\nBiotita\r\nSericita\r\nNome da rocha*: muscovita quartzito com granada","PETROGRAFO":"Vidyã Vieira de Almeida","PROJETO":"Geologia da Folha Colônia São Lourenço","BASE_CARTOGRAFICA":"SF.21-V-D-VI - Colonia São Lourenço","TIPO_SECAO":"Delgada","GRAU_INTEMPERISMO":"Muito intemperizada","TAMANHO_AMOSTRA":"15 cm","COR_RX_FRESCA":"Cinza","COR_RX_INTEMPERIZADA":"Laranja claro","GRANULACAO_MINIMA":"Areia fina (0,062-0,25mm)","GRANULACAO_MEDIA":"Areia média (0,25-1,0mm)","GRANULACAO_MAXIMA":"Areia grossa (1,0- 2,0mm)","SELECIONAMENTO":null,"CONSISTENCIA_AMOSTRA":"Consistente","CONTATO":"Contato tectônico","COD_CLASSIFICACAO":null,"PROTOLITO":null,"ROCHA":null,"LINK":"p_cod_amostra=124765&p_cod_rocha=576744&p_cod_afloramento=499353","LOCAL_LAMINA":"SUREG-SP","LOTE_LAMINA":null,"NUM_LAB_LAMINA":null,"FICHA":null,"MINERAIS_IDENTIFICADOS":null,"X":-57.0681,"Y":-21.685200000000002,"DATUM":"WGS84","__atlas_chave_independente":"AFLOR_ROCHA:499353:576744","__atlas_n_registros_grupo":1,"__atlas_q_registro":0.625,"__atlas_q_grupo":0.625,"__atlas_unidade_geologica_id":"1455","__atlas_unidade_geologica_sigla":"PP4at","__atlas_unidade_geologica_nome":"Formação Alto Tererê","__atlas_fonte":"SGB · GeoSGB · Petrografia","__atlas_snapshot":"2026-08-14"}},{"type":"Feature","id":28874289,"geometry":{"type":"Point","coordinates":[-57.092899999999986,-21.513800000000003]},"properties":{"OBJECTID":28874289,"COD_AMOSTRA":124779,"COD_AFLORAMENTO":499369,"COD_ROCHA":576768,"NUM_CAMPO_AMOSTRA":"EA-0040","COD_LAMINA":45426,"NUM_CAMPO_LAMINA":"4187-EA-R-0040","NOTAS":"Granulação (mm): muito fina (<<1 mm)\r\nTextura: milonítica\r\nA seção apresenta alternância entre leitos com concentração de grãos muito pequenos de quartzo recristalizado e lâminas micáceas localmente crenuladas e com concentração de pequenos grãos de muscovita deformada. Os grãos de quartzo apresentam semelhante orientação cristalográfica (rotação de subgrão) e estão orientados segundo uma foliação S. As lâminas micáceas estão orientadas segundo uma foliação C (pares SC). Ocorrem pequenas vênulas com orientação discordante da foliação milonítica e com concentração de grãos maiores de quartzo.\r\nQuartzo\r\nMuscovita\r\nMinerais opacos\r\nEpidoto\r\nNome da rocha*: muscovita quartzito ultramilonítico","PETROGRAFO":"Vidyã Vieira de Almeida","PROJETO":"Geologia da Folha Colônia São Lourenço","BASE_CARTOGRAFICA":"SF.21-V-D-VI - Colonia São Lourenço","TIPO_SECAO":"Delgada","GRAU_INTEMPERISMO":"Pouco intemperizada","TAMANHO_AMOSTRA":"10 cm","COR_RX_FRESCA":"Cinza esverdeado","COR_RX_INTEMPERIZADA":"Marrom claro","GRANULACAO_MINIMA":"Areia fina (0,062-0,25mm)","GRANULACAO_MEDIA":"Areia fina (0,062-0,25mm)","GRANULACAO_MAXIMA":"Areia fina (0,062-0,25mm)","SELECIONAMENTO":null,"CONSISTENCIA_AMOSTRA":"Consistente","CONTATO":"Contato tectônico","COD_CLASSIFICACAO":null,"PROTOLITO":null,"ROCHA":null,"LINK":"p_cod_amostra=124779&p_cod_rocha=576768&p_cod_afloramento=499369","LOCAL_LAMINA":"SUREG-SP","LOTE_LAMINA":null,"NUM_LAB_LAMINA":null,"FICHA":null,"MINERAIS_IDENTIFICADOS":null,"X":-57.0929,"Y":-21.5138,"DATUM":"WGS84","__atlas_chave_independente":"AFLOR_ROCHA:499369:576768","__atlas_n_registros_grupo":1,"__atlas_q_registro":0.625,"__atlas_q_grupo":0.625,"__atlas_unidade_geologica_id":"1455","__atlas_unidade_geologica_sigla":"PP4at","__atlas_unidade_geologica_nome":"Formação Alto Tererê","__atlas_fonte":"SGB · GeoSGB · Petrografia","__atlas_snapshot":"2026-08-14"}},{"type":"Feature","id":28874305,"geometry":{"type":"Point","coordinates":[-57.087699999999984,-21.52249999999998]},"properties":{"OBJECTID":28874305,"COD_AMOSTRA":124780,"COD_AFLORAMENTO":499370,"COD_ROCHA":576772,"NUM_CAMPO_AMOSTRA":"EA-0041","COD_LAMINA":45427,"NUM_CAMPO_LAMINA":"4187-EA-R-0041-A","NOTAS":"Granulação (mm): fina (até 1 mm)\r\nTextura: milonítica\r\nAlteração hidrotermal: saussuritização incipiente, muscovita + epidoto nas lâminas micáceas\r\nA seção apresenta lâminas micáceas dobradas dispostas segundo uma foliação milonítica e alternadas com agregados de quartzo recristalizado com grãos com orientação cristalográfica semelhante (rotação de subgrão). Alguns agregados de quartzo mostram grãos com orientação oblíqua à foliação principal formando pares SC. Também ocorrem agregados de quartzo com grãos bem alongados, com extinção ondulante e contatos irregulares (migração de borda de grão). Ocorrem leitos com maior concentração de feldspato (plagioclásio e feldspato alcalino), em sua maioria anédrico e por vezes levemente sigmoidais. O plagioclásio mostra extinção concêntrica e o microclínio é por vezes micropertítico. Localmente ocorrem grãos muito pequenos de feldspato recristalizado localizados nos contatos entre grãos maiores de feldspato. Parte dos grãos de plagioclásio apresenta leve saussuritização. As lâminas micáceas mostram concentração de pequenos grãos de biotita marrom escuro, com intenso pleocroísmo e associada com pequenos grãos de clorita. Ocorrem alguns grãos de biotita intercrescida com clorita. As lâminas micáceas também mostram grãos subordinados de muscovita e epidoto. \r\nPlagioclásio\r\nQuartzo\r\nFeldspato alcalino (microclínio)\r\nBiotita\r\nClorita\r\nMinerais opacos\r\nEpidoto\r\nApatita\r\nMuscovita\r\nZircão\r\nAllanita\r\nNome da rocha*: biotita granodiorito (gnaisse?) milonítico","PETROGRAFO":"Vidyã Vieira de Almeida","PROJETO":"Geologia da Folha Colônia São Lourenço","BASE_CARTOGRAFICA":"SF.21-V-D-VI - Colonia São Lourenço","TIPO_SECAO":"Delgada","GRAU_INTEMPERISMO":"Pouco intemperizada","TAMANHO_AMOSTRA":"9 cm","COR_RX_FRESCA":"Cinza escuro","COR_RX_INTEMPERIZADA":"Marrom escuro","GRANULACAO_MINIMA":"Fanerítica fina (<1,0mm)","GRANULACAO_MEDIA":"Fanerítica fina (<1,0mm)","GRANULACAO_MAXIMA":"Fanerítica fina (<1,0mm)","SELECIONAMENTO":null,"CONSISTENCIA_AMOSTRA":"Consistente","CONTATO":"Contato tectônico","COD_CLASSIFICACAO":null,"PROTOLITO":null,"ROCHA":null,"LINK":"p_cod_amostra=124780&p_cod_rocha=576772&p_cod_afloramento=499370","LOCAL_LAMINA":"SUREG-SP","LOTE_LAMINA":null,"NUM_LAB_LAMINA":null,"FICHA":null,"MINERAIS_IDENTIFICADOS":null,"X":-57.087700000000005,"Y":-21.5225,"DATUM":"WGS84","__atlas_chave_independente":"AFLOR_ROCHA:499370:576772","__atlas_n_registros_grupo":1,"__atlas_q_registro":0.625,"__atlas_q_grupo":0.625,"__atlas_unidade_geologica_id":"1455","__atlas_unidade_geologica_sigla":"PP4at","__atlas_unidade_geologica_nome":"Formação Alto Tererê","__atlas_fonte":"SGB · GeoSGB · Petrografia","__atlas_snapshot":"2026-08-14"}},{"type":"Feature","id":28874321,"geometry":{"type":"Point","coordinates":[-57.079499999999996,-21.524200000000008]},"properties":{"OBJECTID":28874321,"COD_AMOSTRA":124782,"COD_AFLORAMENTO":499372,"COD_ROCHA":576775,"NUM_CAMPO_AMOSTRA":"EA-0043-B","COD_LAMINA":45429,"NUM_CAMPO_LAMINA":"4187-EA-R-0043-A","NOTAS":"Granulação (mm): fina a média (<1 mm a 2 mm)\r\nTextura: milonítica\r\nAlteração hidrotermal: epidotização?\r\nA seção foi feita em corte praticamente paralelo à foliação milonítica e não é possível observar as relações texturais e estruturais.\r\nQuartzo\r\nPlagioclásio\r\nFeldspato alcalino? (difícil identificação)\r\nEpidoto\r\nMinerais opacos\r\nBiotita\r\nClorita\r\nNome da rocha*: granito milonítico","PETROGRAFO":"Vidyã Vieira de Almeida","PROJETO":"Geologia da Folha Colônia São Lourenço","BASE_CARTOGRAFICA":"SF.21-V-D-VI - Colonia São Lourenço","TIPO_SECAO":"Delgada","GRAU_INTEMPERISMO":"Muito intemperizada","TAMANHO_AMOSTRA":"11 cm","COR_RX_FRESCA":"Rosa","COR_RX_INTEMPERIZADA":"Marrom","GRANULACAO_MINIMA":"Fanerítica fina (<1,0mm)","GRANULACAO_MEDIA":"Fanerítica fina (<1,0mm)","GRANULACAO_MAXIMA":"Fanerítica fina (<1,0mm)","SELECIONAMENTO":null,"CONSISTENCIA_AMOSTRA":"Consistente","CONTATO":null,"COD_CLASSIFICACAO":null,"PROTOLITO":null,"ROCHA":null,"LINK":"p_cod_amostra=124782&p_cod_rocha=576775&p_cod_afloramento=499372","LOCAL_LAMINA":"SUREG-SP","LOTE_LAMINA":null,"NUM_LAB_LAMINA":null,"FICHA":null,"MINERAIS_IDENTIFICADOS":null,"X":-57.0795,"Y":-21.5242,"DATUM":"WGS84","__atlas_chave_independente":"AFLOR_ROCHA:499372:576775","__atlas_n_registros_grupo":2,"__atlas_q_registro":0.625,"__atlas_q_grupo":0.625,"__atlas_unidade_geologica_id":"1455","__atlas_unidade_geologica_sigla":"PP4at","__atlas_unidade_geologica_nome":"Formação Alto Tererê","__atlas_fonte":"SGB · GeoSGB · Petrografia","__atlas_snapshot":"2026-08-14"}},{"type":"Feature","id":28874337,"geometry":{"type":"Point","coordinates":[-57.079499999999996,-21.524200000000008]},"properties":{"OBJECTID":28874337,"COD_AMOSTRA":124781,"COD_AFLORAMENTO":499372,"COD_ROCHA":576775,"NUM_CAMPO_AMOSTRA":"EA-0043-A","COD_LAMINA":45428,"NUM_CAMPO_LAMINA":"4187-EA-R-0043-A","NOTAS":"Granulação (mm): fina a média (<<1 mm a ~1,5 mm)\r\nA seção apresenta agregados de quartzo anédrico associados com grãos, em geral anédricos, de microclínio micropertítico e plagioclásio, ambos com até ~1,5 mm. Os contatos são curvados e por vezes levemente irregulares. O plagioclásio está mais alterado. Os agregados de quartzo são compostos por grãos com extinção ondulante, com formas e contatos irregulares (migração de borda de grão). Ocorrem agregados de quartzo com grãos muito pequenos de quartzo recristalizado localizado no contato entre grãos maiores. Ocorrem porções (bandas de deformação) onde ocorrem grãos muito pequenos de feldspato no contato entre grãos maiores de feldspato. Ocorrem pequenos grãos subédricos de biotita alterada e com orientação variada. Ocorrem pequenos grãos anédricos de fluorita. A foliação está melhor definida em algumas regiões.\r\nPlagioclásio\r\nQuartzo\r\nMicroclínio\r\nBiotita\r\nMinerais opacos\r\nFluorita\r\nNome da rocha*: monzogranito (gnaisse?) com biotita protomilonítico","PETROGRAFO":"Vidyã Vieira de Almeida","PROJETO":"Geologia da Folha Colônia São Lourenço","BASE_CARTOGRAFICA":"SF.21-V-D-VI - Colonia São Lourenço","TIPO_SECAO":"Delgada","GRAU_INTEMPERISMO":"Pouco intemperizada","TAMANHO_AMOSTRA":"7 cm","COR_RX_FRESCA":"Rosa","COR_RX_INTEMPERIZADA":"Marrom","GRANULACAO_MINIMA":"Fanerítica fina (<1,0mm)","GRANULACAO_MEDIA":"Fanerítica fina (<1,0mm)","GRANULACAO_MAXIMA":"Fanerítica média (1,0-5,0mm)","SELECIONAMENTO":null,"CONSISTENCIA_AMOSTRA":"Consistente","CONTATO":null,"COD_CLASSIFICACAO":null,"PROTOLITO":null,"ROCHA":null,"LINK":"p_cod_amostra=124781&p_cod_rocha=576775&p_cod_afloramento=499372","LOCAL_LAMINA":"SUREG-SP","LOTE_LAMINA":null,"NUM_LAB_LAMINA":null,"FICHA":null,"MINERAIS_IDENTIFICADOS":null,"X":-57.0795,"Y":-21.5242,"DATUM":"WGS84","__atlas_chave_independente":"AFLOR_ROCHA:499372:576775","__atlas_n_registros_grupo":2,"__atlas_q_registro":0.625,"__atlas_q_grupo":0.625,"__atlas_unidade_geologica_id":"1455","__atlas_unidade_geologica_sigla":"PP4at","__atlas_unidade_geologica_nome":"Formação Alto Tererê","__atlas_fonte":"SGB · GeoSGB · Petrografia","__atlas_snapshot":"2026-08-14"}},{"type":"Feature","id":28874353,"geometry":{"type":"Point","coordinates":[-57.1121,-21.538900000000012]},"properties":{"OBJECTID":28874353,"COD_AMOSTRA":124787,"COD_AFLORAMENTO":499375,"COD_ROCHA":576781,"NUM_CAMPO_AMOSTRA":"EA-0046","COD_LAMINA":45430,"NUM_CAMPO_LAMINA":"4187-EA-R-0046-A","NOTAS":"Granulação (mm): fina a média (<1 mm a 2 mm)\r\nTextura: xenomórfica\r\nAlteração hidrotermal: sericitização?\r\nMetamorfismo: \r\nA seção apresenta grãos anédricos de quartzo com contatos curvados e ondulados com grãos menores de plagioclásio anédrico muitas vezes sem geminação. Também ocorrem grãos anédricos de microclínio. Ocorrem pequenos grãos subédricos de muscovita alterada e localmente associada com biotita.\r\nQuartzo\r\nMicroclínio\r\nPlagioclásio\r\nMuscovita-sericita\r\nMinerais opacos\r\nBiotita\r\nZircão\r\nNome da rocha*: granitoide rico em quartzo foliado?","PETROGRAFO":"Vidyã Vieira de Almeida","PROJETO":"Geologia da Folha Colônia São Lourenço","BASE_CARTOGRAFICA":"SF.21-V-D-VI - Colonia São Lourenço","TIPO_SECAO":"Delgada","GRAU_INTEMPERISMO":"Intemperizada","TAMANHO_AMOSTRA":"13 cm","COR_RX_FRESCA":"Rosa","COR_RX_INTEMPERIZADA":"Marrom","GRANULACAO_MINIMA":"Fanerítica fina (<1,0mm)","GRANULACAO_MEDIA":"Fanerítica fina (<1,0mm)","GRANULACAO_MAXIMA":"Fanerítica média (1,0-5,0mm)","SELECIONAMENTO":null,"CONSISTENCIA_AMOSTRA":"Consistente","CONTATO":null,"COD_CLASSIFICACAO":null,"PROTOLITO":null,"ROCHA":null,"LINK":"p_cod_amostra=124787&p_cod_rocha=576781&p_cod_afloramento=499375","LOCAL_LAMINA":"SUREG-SP","LOTE_LAMINA":null,"NUM_LAB_LAMINA":null,"FICHA":null,"MINERAIS_IDENTIFICADOS":null,"X":-57.112100000000005,"Y":-21.5389,"DATUM":"WGS84","__atlas_chave_independente":"AFLOR_ROCHA:499375:576781","__atlas_n_registros_grupo":1,"__atlas_q_registro":0.625,"__atlas_q_grupo":0.625,"__atlas_unidade_geologica_id":"1455","__atlas_unidade_geologica_sigla":"PP4at","__atlas_unidade_geologica_nome":"Formação Alto Tererê","__atlas_fonte":"SGB · GeoSGB · Petrografia","__atlas_snapshot":"2026-08-14"}},{"type":"Feature","id":28874369,"geometry":{"type":"Point","coordinates":[-57.11219999999997,-21.54570000000001]},"properties":{"OBJECTID":28874369,"COD_AMOSTRA":124791,"COD_AFLORAMENTO":499376,"COD_ROCHA":576785,"NUM_CAMPO_AMOSTRA":"EA-0047-B","COD_LAMINA":45434,"NUM_CAMPO_LAMINA":"4187-EA-R-0047","NOTAS":"Granulação (mm): fina (até 1 mm)\r\nTextura: inequigranular/ intergranular\r\nA seção apresenta uma matriz fina (<<1 mm) composta por ripas de plagioclásio com orientação aleatória e associadas com pequenos cristais, subédricos e euédricos, de ortopiroxênio e clinopiroxênio. Ocorrem fenocristais de ortopiroxênio com ~1 mm, subédrico e euédrico e em sua maioria orientado para uma direção. Ocorrem cristais de ortopiroxênio com borda de reação formada por clinopiroxênio. Ocorrem interstícios com concentração de material de alteração marrom escuro (material desvitrificado?). Também ocorrem ripas de plagioclásio com bordas de reação compostas por anfibólio.\r\nPlagioclásio\r\nOrtopiroxênio\r\nClinopiroxênio\r\nMinerais opacos\r\nNome da rocha*: norito","PETROGRAFO":"Vidyã Vieira de Almeida","PROJETO":"Geologia da Folha Colônia São Lourenço","BASE_CARTOGRAFICA":"SF.21-V-D-VI - Colonia São Lourenço","TIPO_SECAO":"Delgada","GRAU_INTEMPERISMO":null,"TAMANHO_AMOSTRA":null,"COR_RX_FRESCA":null,"COR_RX_INTEMPERIZADA":null,"GRANULACAO_MINIMA":" ","GRANULACAO_MEDIA":" ","GRANULACAO_MAXIMA":" ","SELECIONAMENTO":null,"CONSISTENCIA_AMOSTRA":null,"CONTATO":null,"COD_CLASSIFICACAO":null,"PROTOLITO":null,"ROCHA":null,"LINK":"p_cod_amostra=124791&p_cod_rocha=576785&p_cod_afloramento=499376","LOCAL_LAMINA":"SUREG-SP","LOTE_LAMINA":null,"NUM_LAB_LAMINA":null,"FICHA":null,"MINERAIS_IDENTIFICADOS":null,"X":-57.1122,"Y":-21.5457,"DATUM":"WGS84","__atlas_chave_independente":"AFLOR_ROCHA:499376:576785","__atlas_n_registros_grupo":1,"__atlas_q_registro":0.625,"__atlas_q_grupo":0.625,"__atlas_unidade_geologica_id":"1455","__atlas_unidade_geologica_sigla":"PP4at","__atlas_unidade_geologica_nome":"Formação Alto Tererê","__atlas_fonte":"SGB · GeoSGB · Petrografia","__atlas_snapshot":"2026-08-14"}},{"type":"Feature","id":28874385,"geometry":{"type":"Point","coordinates":[-57.11219999999997,-21.54570000000001]},"properties":{"OBJECTID":28874385,"COD_AMOSTRA":124790,"COD_AFLORAMENTO":499376,"COD_ROCHA":576784,"NUM_CAMPO_AMOSTRA":"EA-0047-D","COD_LAMINA":45433,"NUM_CAMPO_LAMINA":"4187-EA-R-0047","NOTAS":"Granulação (mm): fina a média (até 1 mm) \r\nTextura: xenomórfica\r\nA seção apresenta pequenos cristais anédricos de quartzo com extinção ondulante e por vezes concentrados em agregados. O quartzo está em contato curvado com cristais maiores e anédricos de microclínio, por vezes pertítico e plagioclásio. Em várias regiões ocorrem contatos com junções tríplices (recristalização estática). Por toda a seção ocorrem pequenos cristais subédricos de hornblenda verde levemente azulada que por vezes forma agregados juntamente com epidoto. O microclínio apresenta extinção concêntrica.\r\nMicroclínio\r\nPlagioclásio\r\nQuartzo\r\nHornblenda\r\nEpidoto\r\nTitanita\r\nMinerais opacos\r\nApatita\r\nBiotita\r\nZircão\r\nNome da rocha*: hornblenda monzogranito com epidoto foliado (gnaisse?)","PETROGRAFO":"Vidyã Vieira de Almeida","PROJETO":"Geologia da Folha Colônia São Lourenço","BASE_CARTOGRAFICA":"SF.21-V-D-VI - Colonia São Lourenço","TIPO_SECAO":"Delgada","GRAU_INTEMPERISMO":"Muito intemperizada","TAMANHO_AMOSTRA":"7 cm","COR_RX_FRESCA":"Preta","COR_RX_INTEMPERIZADA":"Ocre","GRANULACAO_MINIMA":"Fanerítica fina (<1,0mm)","GRANULACAO_MEDIA":"Fanerítica fina (<1,0mm)","GRANULACAO_MAXIMA":"Fanerítica média (1,0-5,0mm)","SELECIONAMENTO":null,"CONSISTENCIA_AMOSTRA":"Consistente","CONTATO":"Contato tectônico","COD_CLASSIFICACAO":null,"PROTOLITO":null,"ROCHA":null,"LINK":"p_cod_amostra=124790&p_cod_rocha=576784&p_cod_afloramento=499376","LOCAL_LAMINA":"SUREG-SP","LOTE_LAMINA":null,"NUM_LAB_LAMINA":null,"FICHA":null,"MINERAIS_IDENTIFICADOS":null,"X":-57.1122,"Y":-21.5457,"DATUM":"WGS84","__atlas_chave_independente":"AFLOR_ROCHA:499376:576784","__atlas_n_registros_grupo":1,"__atlas_q_registro":0.625,"__atlas_q_grupo":0.625,"__atlas_unidade_geologica_id":"1455","__atlas_unidade_geologica_sigla":"PP4at","__atlas_unidade_geologica_nome":"Formação Alto Tererê","__atlas_fonte":"SGB · GeoSGB · Petrografia","__atlas_snapshot":"2026-08-14"}},{"type":"Feature","id":28874417,"geometry":{"type":"Point","coordinates":[-57.11219999999997,-21.54570000000001]},"properties":{"OBJECTID":28874417,"COD_AMOSTRA":124788,"COD_AFLORAMENTO":499376,"COD_ROCHA":576782,"NUM_CAMPO_AMOSTRA":"EA-0047-A","COD_LAMINA":45431,"NUM_CAMPO_LAMINA":"4187-EA-R-0047","NOTAS":"Granulação (mm): fina a média (<1 mm a 2 mm)\r\nTextura: alternância entre lâminas nematoblásticas e lâminas granoblásticas\r\nMetamorfismo: fácies anfibolito\r\nA seção foi feita no plano perpendicular ao plano com as dobras em chevron e mostra um padrão de interferência de dobras centimétricas. Ocorre alternância entre lâminas-leitos com concentração de hornblenda (i) e lâminas-leitos feldspáticos (ii). Em (i) ocorrem grãos subédricos e euédricos de hornblenda verde levemente azulada formando agregados com grãos com contatos retos com textura em mosaico. Ocorrem alguns porfiroblastos de hornblenda com 2 mm. Ocorrem grãos menores subordinados de titanita e grãos de biotita laranja avermelhado. Em (ii) ocorrem pequenos grãos anédricos de plagioclásio em muitos casos sem geminação, com extinção concêntrica e em geral com contatos curvados a retos, com ângulos de 120º, com quartzo.\r\nHornblenda\r\nPlagioclásio\r\nQuartzo\r\nTitanita\r\nBiotita\r\nEpidoto\r\nNome da rocha*: anfibolito","PETROGRAFO":"Vidyã Vieira de Almeida","PROJETO":"Geologia da Folha Colônia São Lourenço","BASE_CARTOGRAFICA":"SF.21-V-D-VI - Colonia São Lourenço","TIPO_SECAO":"Delgada","GRAU_INTEMPERISMO":"Moderadamente intemperizada","TAMANHO_AMOSTRA":"13 cm","COR_RX_FRESCA":"Cinza esverdeado","COR_RX_INTEMPERIZADA":"Marrom","GRANULACAO_MINIMA":"Fanerítica fina (<1,0mm)","GRANULACAO_MEDIA":"Fanerítica fina (<1,0mm)","GRANULACAO_MAXIMA":"Fanerítica média (1,0-5,0mm)","SELECIONAMENTO":null,"CONSISTENCIA_AMOSTRA":"Consistente","CONTATO":"Contato tectônico","COD_CLASSIFICACAO":null,"PROTOLITO":null,"ROCHA":null,"LINK":"p_cod_amostra=124788&p_cod_rocha=576782&p_cod_afloramento=499376","LOCAL_LAMINA":"SUREG-SP","LOTE_LAMINA":null,"NUM_LAB_LAMINA":null,"FICHA":null,"MINERAIS_IDENTIFICADOS":null,"X":-57.1122,"Y":-21.5457,"DATUM":"WGS84","__atlas_chave_independente":"AFLOR_ROCHA:499376:576782","__atlas_n_registros_grupo":1,"__atlas_q_registro":0.625,"__atlas_q_grupo":0.625,"__atlas_unidade_geologica_id":"1455","__atlas_unidade_geologica_sigla":"PP4at","__atlas_unidade_geologica_nome":"Formação Alto Tererê","__atlas_fonte":"SGB · GeoSGB · Petrografia","__atlas_snapshot":"2026-08-14"}},{"type":"Feature","id":28874449,"geometry":{"type":"Point","coordinates":[-57.11239999999998,-21.549199999999985]},"properties":{"OBJECTID":28874449,"COD_AMOSTRA":124800,"COD_AFLORAMENTO":499378,"COD_ROCHA":576793,"NUM_CAMPO_AMOSTRA":"EA-0049-D","COD_LAMINA":45438,"NUM_CAMPO_LAMINA":"4187-EA-R-0049","NOTAS":"Granulação (mm): fina (até 1 mm)\r\nMetamorfismo: xisto verde - zona da granada\r\nA seção apresenta grãos anédricos de quartzo em contato curvado a reto com feldspato (microclínio e plagioclásio). Os contatos formam junções tríplices em várias regiões. Ocorrem pequenos grãos orientados de biotita marrom subédrica e granada subédrica e anédrica por vezes associada com minerais opacos.\r\nMicroclínio\r\nQuartzo\r\nPlagioclásio\r\nBiotita\r\nMinerais opacos\r\nGranada\r\nEpidoto\r\nZircão\r\nNome da rocha*: metarcóseo com biotita e granada (ver contexto de campo)","PETROGRAFO":"Vidyã Vieira de Almeida","PROJETO":"Geologia da Folha Colônia São Lourenço","BASE_CARTOGRAFICA":"SF.21-V-D-VI - Colonia São Lourenço","TIPO_SECAO":"Delgada","GRAU_INTEMPERISMO":null,"TAMANHO_AMOSTRA":null,"COR_RX_FRESCA":null,"COR_RX_INTEMPERIZADA":null,"GRANULACAO_MINIMA":" ","GRANULACAO_MEDIA":" ","GRANULACAO_MAXIMA":" ","SELECIONAMENTO":null,"CONSISTENCIA_AMOSTRA":null,"CONTATO":null,"COD_CLASSIFICACAO":null,"PROTOLITO":null,"ROCHA":null,"LINK":"p_cod_amostra=124800&p_cod_rocha=576793&p_cod_afloramento=499378","LOCAL_LAMINA":"SUREG-SP","LOTE_LAMINA":null,"NUM_LAB_LAMINA":null,"FICHA":null,"MINERAIS_IDENTIFICADOS":null,"X":-57.1124,"Y":-21.549200000000003,"DATUM":"WGS84","__atlas_chave_independente":"AFLOR_ROCHA:499378:576793","__atlas_n_registros_grupo":1,"__atlas_q_registro":0.625,"__atlas_q_grupo":0.625,"__atlas_unidade_geologica_id":"1455","__atlas_unidade_geologica_sigla":"PP4at","__atlas_unidade_geologica_nome":"Formação Alto Tererê","__atlas_fonte":"SGB · GeoSGB · Petrografia","__atlas_snapshot":"2026-08-14"}},{"type":"Feature","id":28874465,"geometry":{"type":"Point","coordinates":[-57.11239999999998,-21.549199999999985]},"properties":{"OBJECTID":28874465,"COD_AMOSTRA":124799,"COD_AFLORAMENTO":499378,"COD_ROCHA":576792,"NUM_CAMPO_AMOSTRA":"EA-0049-F","COD_LAMINA":45437,"NUM_CAMPO_LAMINA":"4187-EA-R-0049","NOTAS":"Granulação (mm): leitos com granulação fina (<<1 mm) alternados com leitos com grãos com até 1 mm\r\nTextura: lepidogranoblástica\r\nA seção apresenta alternância entre leitos quartzo-feldspáticos com granulação variada. Ocorrem grãos anédricos de quartzo com extinção ondulante em contato curvado a reto com feldspato (microclínio e plagioclásio). Em várias regiões ocorrem contatos poligonizados. Ocorrem pequenos grãos orientados de biotita marrom associada com grãos subordinados de muscovita. \r\nPlagioclásio\r\nQuartzo\r\nMicroclínio\r\nBiotita\r\nMuscovita\r\nMinerais opacos\r\nZircão\r\nNome da rocha*: Filonito","PETROGRAFO":"Vidyã Vieira de Almeida","PROJETO":"Geologia da Folha Colônia São Lourenço","BASE_CARTOGRAFICA":"SF.21-V-D-VI - Colonia São Lourenço","TIPO_SECAO":"Delgada","GRAU_INTEMPERISMO":null,"TAMANHO_AMOSTRA":null,"COR_RX_FRESCA":null,"COR_RX_INTEMPERIZADA":null,"GRANULACAO_MINIMA":" ","GRANULACAO_MEDIA":" ","GRANULACAO_MAXIMA":" ","SELECIONAMENTO":null,"CONSISTENCIA_AMOSTRA":null,"CONTATO":null,"COD_CLASSIFICACAO":null,"PROTOLITO":null,"ROCHA":null,"LINK":"p_cod_amostra=124799&p_cod_rocha=576792&p_cod_afloramento=499378","LOCAL_LAMINA":"SUREG-SP","LOTE_LAMINA":null,"NUM_LAB_LAMINA":null,"FICHA":null,"MINERAIS_IDENTIFICADOS":null,"X":-57.1124,"Y":-21.549200000000003,"DATUM":"WGS84","__atlas_chave_independente":"AFLOR_ROCHA:499378:576792","__atlas_n_registros_grupo":1,"__atlas_q_registro":0.625,"__atlas_q_grupo":0.625,"__atlas_unidade_geologica_id":"1455","__atlas_unidade_geologica_sigla":"PP4at","__atlas_unidade_geologica_nome":"Formação Alto Tererê","__atlas_fonte":"SGB · GeoSGB · Petrografia","__atlas_snapshot":"2026-08-14"}},{"type":"Feature","id":28874481,"geometry":{"type":"Point","coordinates":[-57.11239999999998,-21.549199999999985]},"properties":{"OBJECTID":28874481,"COD_AMOSTRA":124795,"COD_AFLORAMENTO":499378,"COD_ROCHA":576789,"NUM_CAMPO_AMOSTRA":"EA-0049-A","COD_LAMINA":45436,"NUM_CAMPO_LAMINA":"4187-EA-R-0049","NOTAS":"Granulação (mm): fina a média (<1 mm a 3 mm)\r\nTextura: alternância entre lâminas nematoblásticas e lâminas granoblásticas\r\nMetamorfismo: fácies anfibolito\r\nA seção apresenta alternância entre lâminas com concentração de grãos de hornblenda subédrica e euédrica e lâminas com concentração de grãos anédricos de plagioclásio e quartzo subordinado. O plagioclásio muitas vezes apresenta extinção concêntrica e por vezes sericitização/saussuritização incipiente. A hornblenda frequentemente apresenta dimensão de porfiroblastos com até 3 mm. As lâminas estão dispostas segundo as dobras observadas macroscopicamente. A orientação dos grãos segue a forma das dobras. Grãos de epidoto são observados em contato reto com a hornblenda.\r\nHornblenda\r\nPlagioclásio\r\nQuartzo\r\nEpidoto\r\nTitanita\r\nNome da rocha*: anfibolito","PETROGRAFO":"Vidyã Vieira de Almeida","PROJETO":"Geologia da Folha Colônia São Lourenço","BASE_CARTOGRAFICA":"SF.21-V-D-VI - Colonia São Lourenço","TIPO_SECAO":"Delgada","GRAU_INTEMPERISMO":"Muito intemperizada","TAMANHO_AMOSTRA":"18 cm","COR_RX_FRESCA":"Cinza esverdeado","COR_RX_INTEMPERIZADA":"Roxo claro","GRANULACAO_MINIMA":"Fanerítica grossa (5,0-30,0mm)","GRANULACAO_MEDIA":"Fanerítica fina (<1,0mm)","GRANULACAO_MAXIMA":"Fanerítica média (1,0-5,0mm)","SELECIONAMENTO":null,"CONSISTENCIA_AMOSTRA":"Consistente","CONTATO":"Contato tectônico","COD_CLASSIFICACAO":null,"PROTOLITO":null,"ROCHA":null,"LINK":"p_cod_amostra=124795&p_cod_rocha=576789&p_cod_afloramento=499378","LOCAL_LAMINA":"SUREG-SP","LOTE_LAMINA":null,"NUM_LAB_LAMINA":null,"FICHA":null,"MINERAIS_IDENTIFICADOS":null,"X":-57.1124,"Y":-21.549200000000003,"DATUM":"WGS84","__atlas_chave_independente":"AFLOR_ROCHA:499378:576789","__atlas_n_registros_grupo":1,"__atlas_q_registro":0.625,"__atlas_q_grupo":0.625,"__atlas_unidade_geologica_id":"1455","__atlas_unidade_geologica_sigla":"PP4at","__atlas_unidade_geologica_nome":"Formação Alto Tererê","__atlas_fonte":"SGB · GeoSGB · Petrografia","__atlas_snapshot":"2026-08-14"}},{"type":"Feature","id":28874513,"geometry":{"type":"Point","coordinates":[-57.18407100000002,-21.57560000000001]},"properties":{"OBJECTID":28874513,"COD_AMOSTRA":124802,"COD_AFLORAMENTO":499380,"COD_ROCHA":576796,"NUM_CAMPO_AMOSTRA":"EA-0051","COD_LAMINA":45440,"NUM_CAMPO_LAMINA":"4187-EA-R-0051","NOTAS":"Granulação (mm): fina (até 1 mm)\r\nTextura: alternância entre leitos granoblásticos e leitos lepidoblásticos\r\nMetamorfismo: fácies xisto verde - zona da granada?\r\nA seção apresenta leitos, com espessura milimétrica, compostos por pequenos grãos de quartzo (~0,1 mm) em textura em mosaico, com contatos curvados a retos comumente formando junções tríplices. Localmente ocorrem alguns porfiroblastos anédricos de quartzo com pequenas inclusões de muscovita. Esses leitos estão alternados com leitos compostos por muscovita, subédrica e euédrica e com até 1 mm. Os leitos estão dispostos segundo uma dobra maior aberta com pequenas dobras parasitas. Ocorrem cristais de muscovita com orientação plano axial à dobra maior?. Localmente ocorrem pseudomorfos de porfiroblastos de granada?, com até 2 mm e substituída por material de oxidação. Os pseudomorfos de granada são amoldados pelos leitos com muscovita e apresentam uma sombra de deformação formada por grãos maiores e anédricos de quartzo.\r\nQuartzo\r\nMuscovita\r\nPseudomorfos de granada?\r\nMinerais opacos\r\nNome da rocha*: muscovita-quartzo xisto com granada?","PETROGRAFO":"Vidyã Vieira de Almeida","PROJETO":"Geologia da Folha Colônia São Lourenço","BASE_CARTOGRAFICA":"SF.21-V-D-VI - Colonia São Lourenço","TIPO_SECAO":"Delgada","GRAU_INTEMPERISMO":"Muito intemperizada","TAMANHO_AMOSTRA":"5 cm","COR_RX_FRESCA":"Castanho claro","COR_RX_INTEMPERIZADA":"Bege","GRANULACAO_MINIMA":"Areia fina (0,062-0,25mm)","GRANULACAO_MEDIA":"Areia fina (0,062-0,25mm)","GRANULACAO_MAXIMA":"Areia média (0,25-1,0mm)","SELECIONAMENTO":null,"CONSISTENCIA_AMOSTRA":"Consistente","CONTATO":"Contato tectônico","COD_CLASSIFICACAO":null,"PROTOLITO":null,"ROCHA":null,"LINK":"p_cod_amostra=124802&p_cod_rocha=576796&p_cod_afloramento=499380","LOCAL_LAMINA":"SUREG-SP","LOTE_LAMINA":null,"NUM_LAB_LAMINA":null,"FICHA":null,"MINERAIS_IDENTIFICADOS":null,"X":-57.184070999999996,"Y":-21.5756,"DATUM":"WGS84","__atlas_chave_independente":"AFLOR_ROCHA:499380:576796","__atlas_n_registros_grupo":1,"__atlas_q_registro":0.625,"__atlas_q_grupo":0.625,"__atlas_unidade_geologica_id":"1455","__atlas_unidade_geologica_sigla":"PP4at","__atlas_unidade_geologica_nome":"Formação Alto Tererê","__atlas_fonte":"SGB · GeoSGB · Petrografia","__atlas_snapshot":"2026-08-14"}},{"type":"Feature","id":28874529,"geometry":{"type":"Point","coordinates":[-57.17720000000003,-21.566700000000026]},"properties":{"OBJECTID":28874529,"COD_AMOSTRA":124803,"COD_AFLORAMENTO":499381,"COD_ROCHA":576799,"NUM_CAMPO_AMOSTRA":"EA-0052","COD_LAMINA":45441,"NUM_CAMPO_LAMINA":"4187-EA-R-0052","NOTAS":"Granulação (mm): fina (<< 1 mm) com porfiroblastos com granulação média (até 3 mm)\r\nTextura: nematoblástica\r\nAlteração hidrotermal: em fraturas\r\nMetamorfismo: fácies anfibolito\r\nA seção apresenta leito com textura nematoblástica composto por grãos subédricos e euédricos de hornblenda verde levemente azulada, subédrica e euédrica e orientada segundo a foliação principal contínua. A hornblenda ocorre na forma de pequenos grãos (<<1 mm) e porfiroblastos com até ~3 mm. Ocorrem pequenos grãos anédricos de plagioclásio por vezes totalmente sericitizado-saussuritizado. Os grãos de plagioclásio em geral não apresentam geminação, a extinção é concêntrica e ocorrem associados com grãos anédricos de quartzo subordinado. Os contatos entre os grãos são retos a curvados. Ocorre uma banda com maior concentração de plagioclásio e quartzo. Ocorrem fraturas perpendiculares à direção da foliação e preenchidas por titanita e epidoto. Ocorre um pequeno deslocamento na direção da foliação próximo à região de uma fratura. A foliação também localmente apresenta ondulações. \r\nHornblenda\r\nPlagioclásio\r\nQuartzo\r\nMinerais opacos\r\nTitanita\r\nEpidoto\r\nNome da rocha*: anfibolito","PETROGRAFO":"Vidyã Vieira de Almeida","PROJETO":"Geologia da Folha Colônia São Lourenço","BASE_CARTOGRAFICA":"SF.21-V-D-VI - Colonia São Lourenço","TIPO_SECAO":"Delgada","GRAU_INTEMPERISMO":"Muito intemperizada","TAMANHO_AMOSTRA":"23 cm","COR_RX_FRESCA":"Cinza esverdeado","COR_RX_INTEMPERIZADA":"Marrom","GRANULACAO_MINIMA":"Fanerítica média (1,0-5,0mm)","GRANULACAO_MEDIA":"Fanerítica média (1,0-5,0mm)","GRANULACAO_MAXIMA":"Fanerítica média (1,0-5,0mm)","SELECIONAMENTO":null,"CONSISTENCIA_AMOSTRA":"Consistente","CONTATO":null,"COD_CLASSIFICACAO":null,"PROTOLITO":null,"ROCHA":null,"LINK":"p_cod_amostra=124803&p_cod_rocha=576799&p_cod_afloramento=499381","LOCAL_LAMINA":"SUREG-SP","LOTE_LAMINA":null,"NUM_LAB_LAMINA":null,"FICHA":null,"MINERAIS_IDENTIFICADOS":null,"X":-57.177200000000006,"Y":-21.5667,"DATUM":"WGS84","__atlas_chave_independente":"AFLOR_ROCHA:499381:576799","__atlas_n_registros_grupo":1,"__atlas_q_registro":0.625,"__atlas_q_grupo":0.625,"__atlas_unidade_geologica_id":"1455","__atlas_unidade_geologica_sigla":"PP4at","__atlas_unidade_geologica_nome":"Formação Alto Tererê","__atlas_fonte":"SGB · GeoSGB · Petrografia","__atlas_snapshot":"2026-08-14"}},{"type":"Feature","id":28874545,"geometry":{"type":"Point","coordinates":[-57.17230000000001,-21.571900000000028]},"properties":{"OBJECTID":28874545,"COD_AMOSTRA":124806,"COD_AFLORAMENTO":499382,"COD_ROCHA":576802,"NUM_CAMPO_AMOSTRA":"EA-0053-C","COD_LAMINA":45443,"NUM_CAMPO_LAMINA":"4187-EA-R-0053-A","NOTAS":"Granulação (mm): fina (até 1 mm)\r\nTextura: alternância entre leitos granoblásticos e lâminas lepidoblásticas\r\nMetamorfismo: fácies xisto verde - zona da granada\r\nA seção apresenta leitos com concentração de pequenos grãos anédricos de quartzo associados com pequenos grãos anédricos de feldspato (plagioclásio, pode ter feldspato alcalino) muitas vezes sem geminação e com sericitização incipiente. O quartzo e o feldspato comumente apresentam contatos curvados a retos com junções tríplices. Os contatos entre os grãos também mostram uma fina película formada por sericita? Os leitos quartzo-feldspáticos estão alternados com lâminas micáceas compostas por muscovita subédrica e euédrica, em sua maioria com orientação paralela à foliação e com grãos subordinados com orientação oblíqua. Alguns grãos de muscovita estão deformados. Ocorrem alguns grãos subordinados de biotita marrom, parcialmente alterada, com orientação paralela e oblíqua à foliação principal. Ocorrem pequenos grãos de granada (~0,1 mm), parcialmente oxidada e em geral arredondada. Os grãos de granada em geral truncam a foliação.\r\nQuartzo\r\nMuscovita\r\nFeldspato\r\nBiotita\r\nGranada\r\nMinerais opacos\r\nZircão\r\nNome da rocha*: feldspato-muscovita-quartzo xisto com granada (metarcóseo)","PETROGRAFO":"Vidyã Vieira de Almeida","PROJETO":"Geologia da Folha Colônia São Lourenço","BASE_CARTOGRAFICA":"SF.21-V-D-VI - Colonia São Lourenço","TIPO_SECAO":"Delgada","GRAU_INTEMPERISMO":"Muito intemperizada","TAMANHO_AMOSTRA":"8 cm","COR_RX_FRESCA":"Cinza claro","COR_RX_INTEMPERIZADA":"Ocre","GRANULACAO_MINIMA":"Areia fina (0,062-0,25mm)","GRANULACAO_MEDIA":"Areia fina (0,062-0,25mm)","GRANULACAO_MAXIMA":"Areia fina (0,062-0,25mm)","SELECIONAMENTO":null,"CONSISTENCIA_AMOSTRA":"Consistente","CONTATO":"Contato tectônico","COD_CLASSIFICACAO":null,"PROTOLITO":null,"ROCHA":null,"LINK":"p_cod_amostra=124806&p_cod_rocha=576802&p_cod_afloramento=499382","LOCAL_LAMINA":"SUREG-SP","LOTE_LAMINA":null,"NUM_LAB_LAMINA":null,"FICHA":null,"MINERAIS_IDENTIFICADOS":null,"X":-57.1723,"Y":-21.5719,"DATUM":"WGS84","__atlas_chave_independente":"AFLOR_ROCHA:499382:576802","__atlas_n_registros_grupo":1,"__atlas_q_registro":0.625,"__atlas_q_grupo":0.625,"__atlas_unidade_geologica_id":"1455","__atlas_unidade_geologica_sigla":"PP4at","__atlas_unidade_geologica_nome":"Formação Alto Tererê","__atlas_fonte":"SGB · GeoSGB · Petrografia","__atlas_snapshot":"2026-08-14"}},{"type":"Feature","id":28874561,"geometry":{"type":"Point","coordinates":[-57.17230000000001,-21.571900000000028]},"properties":{"OBJECTID":28874561,"COD_AMOSTRA":124805,"COD_AFLORAMENTO":499382,"COD_ROCHA":576801,"NUM_CAMPO_AMOSTRA":"EA-0053-D","COD_LAMINA":45442,"NUM_CAMPO_LAMINA":"4187-EA-R-0053-A","NOTAS":"Granulação (mm): matriz fina (<1 mm) com fenocristais-porfiroclastos com granulação fina a média (1 a 2 mm)\r\nTextura: matriz em mosaico\r\nA seção foi feita no plano ortogonal à lineação. A seção apresenta uma matriz, com textura em mosaico, composta por pequenos grãos de plagioclásio sem geminação em contato reto a curvado com pequenos grãos de quartzo e feldspato alcalino. O feldspato apresenta extinção concêntrica e o quartzo mostra extinção ondulante e forma pequenos agregados composto por grãos maiores. Ocorrem porfiroclastos-fenocristais de hornblenda verde, por vezes levemente azulada e em geral sem orientação. A hornblenda forma pequenos agregados com minerais opacos e biotita associados. A biotita mostra contato regular com hornblenda.\r\nPlagioclásio\r\nHornblenda\r\nQuartzo\r\nFeldspato alcalino\r\nMinerais opacos\r\nApatita \r\nBiotita\r\nNome da rocha*: hornblenda granodiorito com biotita deformado (L-tectonito) (gnaisse?)","PETROGRAFO":"Vidyã Vieira de Almeida","PROJETO":"Geologia da Folha Colônia São Lourenço","BASE_CARTOGRAFICA":"SF.21-V-D-VI - Colonia São Lourenço","TIPO_SECAO":"Delgada","GRAU_INTEMPERISMO":"Muito intemperizada","TAMANHO_AMOSTRA":"8 cm","COR_RX_FRESCA":"Cinza","COR_RX_INTEMPERIZADA":"Ocre","GRANULACAO_MINIMA":"Fanerítica fina (<1,0mm)","GRANULACAO_MEDIA":"Fanerítica fina (<1,0mm)","GRANULACAO_MAXIMA":"Fanerítica média (1,0-5,0mm)","SELECIONAMENTO":null,"CONSISTENCIA_AMOSTRA":"Consistente","CONTATO":"Contato tectônico","COD_CLASSIFICACAO":null,"PROTOLITO":null,"ROCHA":null,"LINK":"p_cod_amostra=124805&p_cod_rocha=576801&p_cod_afloramento=499382","LOCAL_LAMINA":"SUREG-SP","LOTE_LAMINA":null,"NUM_LAB_LAMINA":null,"FICHA":null,"MINERAIS_IDENTIFICADOS":null,"X":-57.1723,"Y":-21.5719,"DATUM":"WGS84","__atlas_chave_independente":"AFLOR_ROCHA:499382:576801","__atlas_n_registros_grupo":1,"__atlas_q_registro":0.625,"__atlas_q_grupo":0.625,"__atlas_unidade_geologica_id":"1455","__atlas_unidade_geologica_sigla":"PP4at","__atlas_unidade_geologica_nome":"Formação Alto Tererê","__atlas_fonte":"SGB · GeoSGB · Petrografia","__atlas_snapshot":"2026-08-14"}},{"type":"Feature","id":28874577,"geometry":{"type":"Point","coordinates":[-57.161,-21.583399999999983]},"properties":{"OBJECTID":28874577,"COD_AMOSTRA":124811,"COD_AFLORAMENTO":499384,"COD_ROCHA":576805,"NUM_CAMPO_AMOSTRA":"EA-0055-B","COD_LAMINA":45445,"NUM_CAMPO_LAMINA":"4187-EA-R-0055","NOTAS":"Granulação (mm): fina (<1 mm) com alguns porfiroblastos de granada com granulação média (~2 mm)\r\nTextura: leitos granoblásticos alternados com lâminas lepidoblásticas\r\nA seção apresenta alternância entre leitos quartzo-feldspáticos (i) e lâminas micáceas com concentração de muscovita (ii). Em (i) ocorrem pequenos grãos anédricos de quartzo, microclínio e plagioclásio em contato curvado a reto comumente formando junções tríplices. Ocorrem lentes quartzo-feldspáticas paralelas à foliação e com maior granulação. Essas lentes mostram maior concentração de microclínio. As lâminas com muscovita (ii) mostram grãos subédricos orientados para duas direções. Ocorrem grãos de granada por vezes alongados na direção da foliação e com dimensões de porfiroblastos (~2 mm). Ocorrem grãos menores de granada, subédrica e anédrica, amoldados pela foliação. A granada mostra pequenas inclusões de quartzo e minerais opacos. Em algumas regiões o quartzo e o feldspato estão com leve orientação ortogonal à foliação principal.  \r\nQuartzo\r\nMicroclínio\r\nMuscovita\r\nPlagioclásio\r\nMinerais opacos\r\nGranada\r\nBiotita\r\nNome da rocha*: muscovita-feldspato-quartzo xisto com granada (metarcóseo)","PETROGRAFO":"Vidyã Vieira de Almeida","PROJETO":"Geologia da Folha Colônia São Lourenço","BASE_CARTOGRAFICA":"SF.21-V-D-VI - Colonia São Lourenço","TIPO_SECAO":"Delgada","GRAU_INTEMPERISMO":"Muito intemperizada","TAMANHO_AMOSTRA":"9 cm","COR_RX_FRESCA":"Rosa claro","COR_RX_INTEMPERIZADA":"Laranja claro","GRANULACAO_MINIMA":"Argila (<0,004mm)","GRANULACAO_MEDIA":"Areia fina (0,062-0,25mm)","GRANULACAO_MAXIMA":"Areia média (0,25-1,0mm)","SELECIONAMENTO":null,"CONSISTENCIA_AMOSTRA":"Consistente","CONTATO":null,"COD_CLASSIFICACAO":null,"PROTOLITO":null,"ROCHA":null,"LINK":"p_cod_amostra=124811&p_cod_rocha=576805&p_cod_afloramento=499384","LOCAL_LAMINA":"SUREG-SP","LOTE_LAMINA":null,"NUM_LAB_LAMINA":null,"FICHA":null,"MINERAIS_IDENTIFICADOS":null,"X":-57.161,"Y":-21.5834,"DATUM":"WGS84","__atlas_chave_independente":"AFLOR_ROCHA:499384:576805","__atlas_n_registros_grupo":2,"__atlas_q_registro":0.625,"__atlas_q_grupo":0.625,"__atlas_unidade_geologica_id":"1455","__atlas_unidade_geologica_sigla":"PP4at","__atlas_unidade_geologica_nome":"Formação Alto Tererê","__atlas_fonte":"SGB · GeoSGB · Petrografia","__atlas_snapshot":"2026-08-14"}},{"type":"Feature","id":28874593,"geometry":{"type":"Point","coordinates":[-57.161,-21.583399999999983]},"properties":{"OBJECTID":28874593,"COD_AMOSTRA":124810,"COD_AFLORAMENTO":499384,"COD_ROCHA":576805,"NUM_CAMPO_AMOSTRA":"EA-0055-A","COD_LAMINA":45444,"NUM_CAMPO_LAMINA":"4187-EA-R-0055","NOTAS":"Granulação (mm): fina (<1 mm) com veio com grãos com até 1 mm\r\nTextura: granoblástica\r\nMetamorfismo: fácies xisto verde - zona da granada?\r\nA seção apresenta leitos compostos por pequenos grãos de quartzo, feldspato alcalino (microclínio) e plagioclásio com contatos curvados a retos comumente formando junções tríplices. Ocorre uma alternância entre leitos quartzo-feldspáticos com diferentes granulações e com diferentes proporções de minerais máficos (biotita, minerais opacos e granada). Os minerais opacos ocorrem localmente alinhados. A biotita ocorre na forma de pequenos grãos subédricos, com cor marrom esverdeado e orientados para duas direções. Ocorrem pequenos grãos de granada anédrica arredondada. Ocorrem alguns grãos de biotita intercrescida com clorita. Ocorre uma venulação bifurcada, com direção discordante da foliação e composta por quartzo anédrico, com até 1 mm, com extinção ondulante e com orientação por vezes perpendicular à direção da venulação. Ocorre concentração de grãos de microclínio na borda da venulação. Ocorre uma foliação principal paralela ao bandamento e uma clivagem incipiente com orientação oblíqua à foliação principal.  \r\nQuartzo\r\nPlagioclásio\r\nMicroclínio\r\nBiotita\r\nMinerais opacos\r\nClorita\r\nGranada\r\nMuscovita\r\nNome da rocha*: quartzo-feldspato xisto? (metarcóseo) com biotita e granada","PETROGRAFO":"Vidyã Vieira de Almeida","PROJETO":"Geologia da Folha Colônia São Lourenço","BASE_CARTOGRAFICA":"SF.21-V-D-VI - Colonia São Lourenço","TIPO_SECAO":"Delgada","GRAU_INTEMPERISMO":"Muito intemperizada","TAMANHO_AMOSTRA":"5 cm","COR_RX_FRESCA":"Rosa claro","COR_RX_INTEMPERIZADA":"Marrom","GRANULACAO_MINIMA":"Argila (<0,004mm)","GRANULACAO_MEDIA":"Areia fina (0,062-0,25mm)","GRANULACAO_MAXIMA":"Areia fina (0,062-0,25mm)","SELECIONAMENTO":null,"CONSISTENCIA_AMOSTRA":"Consistente","CONTATO":null,"COD_CLASSIFICACAO":null,"PROTOLITO":null,"ROCHA":null,"LINK":"p_cod_amostra=124810&p_cod_rocha=576805&p_cod_afloramento=499384","LOCAL_LAMINA":"SUREG-SP","LOTE_LAMINA":null,"NUM_LAB_LAMINA":null,"FICHA":null,"MINERAIS_IDENTIFICADOS":null,"X":-57.161,"Y":-21.5834,"DATUM":"WGS84","__atlas_chave_independente":"AFLOR_ROCHA:499384:576805","__atlas_n_registros_grupo":2,"__atlas_q_registro":0.625,"__atlas_q_grupo":0.625,"__atlas_unidade_geologica_id":"1455","__atlas_unidade_geologica_sigla":"PP4at","__atlas_unidade_geologica_nome":"Formação Alto Tererê","__atlas_fonte":"SGB · GeoSGB · Petrografia","__atlas_snapshot":"2026-08-14"}},{"type":"Feature","id":28874609,"geometry":{"type":"Point","coordinates":[-57.155399999999986,-21.59129999999999]},"properties":{"OBJECTID":28874609,"COD_AMOSTRA":124812,"COD_AFLORAMENTO":499385,"COD_ROCHA":576807,"NUM_CAMPO_AMOSTRA":"EA-0056","COD_LAMINA":45446,"NUM_CAMPO_LAMINA":"4187-EA-R-0056","NOTAS":"Granulação (mm): matriz fina (<< 1 mm) com porfiroblastos/porfiroclastos com granulação média (2 a 4 mm)\r\nTextura: porfiroclástica?\r\nMetamorfismo: fácies epidoto-anfibolito\r\nA seção apresenta leito (i) com matriz composta por pequenos grãos de hornblenda euédrica associada com pequenos grãos anédricos e subédricos de epidoto e titanita anédrica. Ocorrem porfiroblastos orientados de hornblenda subédrica com até 2 mm. Localmente ocorrem pequenos grãos de  plagioclásio? intersticial por vezes com inclusões de hornblenda e epidoto. Esse leito está em contato com leito (ii) também composto por hornblenda e epidoto, porém com porfiroclastos? alongados de clinopiroxênio com até 4 mm. O clinopiroxênio está repleto de pequenas inclusões, muitas vezes euédricas, de hornblenda, epidoto e titanita. Subordinadamente também ocorrem porfiroblastos menores de hornblenda. Esse leito (ii) também apresenta lentes compostas essencialmente por grãos de epidoto com orientação ortogonal à direção da lente. Também ocorrem lentes com maior concentração de plagioclásio por vezes parcialmente a totalmente sericitizado-saussuritizado. O plagioclásio é anédrico e com frequência apresenta bordas corroídas.\r\nHornblenda (pode ter actinolita associada)\r\nEpidoto\r\nPlagioclásio\r\nClinopiroxênio\r\nTitanita\r\nMinerais opacos\r\nNome da rocha*: anfibolito","PETROGRAFO":"Vidyã Vieira de Almeida","PROJETO":"Geologia da Folha Colônia São Lourenço","BASE_CARTOGRAFICA":"SF.21-V-D-VI - Colonia São Lourenço","TIPO_SECAO":"Delgada","GRAU_INTEMPERISMO":"Muito intemperizada","TAMANHO_AMOSTRA":"9 cm","COR_RX_FRESCA":"Verde escuro","COR_RX_INTEMPERIZADA":"Ocre","GRANULACAO_MINIMA":"Fanerítica fina (<1,0mm)","GRANULACAO_MEDIA":"Fanerítica fina (<1,0mm)","GRANULACAO_MAXIMA":"Fanerítica média (1,0-5,0mm)","SELECIONAMENTO":null,"CONSISTENCIA_AMOSTRA":"Consistente","CONTATO":null,"COD_CLASSIFICACAO":null,"PROTOLITO":null,"ROCHA":null,"LINK":"p_cod_amostra=124812&p_cod_rocha=576807&p_cod_afloramento=499385","LOCAL_LAMINA":"SUREG-SP","LOTE_LAMINA":null,"NUM_LAB_LAMINA":null,"FICHA":null,"MINERAIS_IDENTIFICADOS":null,"X":-57.1554,"Y":-21.5913,"DATUM":"WGS84","__atlas_chave_independente":"AFLOR_ROCHA:499385:576807","__atlas_n_registros_grupo":1,"__atlas_q_registro":0.625,"__atlas_q_grupo":0.625,"__atlas_unidade_geologica_id":"1455","__atlas_unidade_geologica_sigla":"PP4at","__atlas_unidade_geologica_nome":"Formação Alto Tererê","__atlas_fonte":"SGB · GeoSGB · Petrografia","__atlas_snapshot":"2026-08-14"}},{"type":"Feature","id":28874625,"geometry":{"type":"Point","coordinates":[-57.041,-21.524800000000027]},"properties":{"OBJECTID":28874625,"COD_AMOSTRA":124816,"COD_AFLORAMENTO":499389,"COD_ROCHA":576813,"NUM_CAMPO_AMOSTRA":"EA-0060-A","COD_LAMINA":45447,"NUM_CAMPO_LAMINA":"4187-EA-R-0060","NOTAS":"Granulação (mm): fina (<1 mm)\r\nTextura: lepidogranoblástica com um leito essencialmente lepidoblástico\r\nA seção apresenta um leito composto por pequenos grãos de quartzo anédrico e com contatos curvados a retos com junções tríplices. Ocorrem pequenos grãos de muscovita subédrica e euédrica, em geral orientada para duas direções e localizada preferencialmente nos limites entre os grãos de quartzo. Ocorre um leito com concentração de grãos maiores de muscovita com orientação paralela à foliação principal.\r\nQuartzo\r\nMuscovita\r\nMinerais opacos\r\nNome da rocha*: muscovita-quartzo xisto milonítico","PETROGRAFO":"Vidyã Vieira de Almeida","PROJETO":"Geologia da Folha Colônia São Lourenço","BASE_CARTOGRAFICA":"SF.21-V-D-VI - Colonia São Lourenço","TIPO_SECAO":"Delgada","GRAU_INTEMPERISMO":"Muito intemperizada","TAMANHO_AMOSTRA":"13 cm","COR_RX_FRESCA":"Cinza claro","COR_RX_INTEMPERIZADA":"Roxo claro","GRANULACAO_MINIMA":"Fanerítica fina (<1,0mm)","GRANULACAO_MEDIA":"Fanerítica média (1,0-5,0mm)","GRANULACAO_MAXIMA":"Fanerítica muito grossa (>30,0mm)","SELECIONAMENTO":null,"CONSISTENCIA_AMOSTRA":"Consistente","CONTATO":null,"COD_CLASSIFICACAO":null,"PROTOLITO":null,"ROCHA":null,"LINK":"p_cod_amostra=124816&p_cod_rocha=576813&p_cod_afloramento=499389","LOCAL_LAMINA":"SUREG-SP","LOTE_LAMINA":null,"NUM_LAB_LAMINA":null,"FICHA":null,"MINERAIS_IDENTIFICADOS":null,"X":-57.041000000000004,"Y":-21.524800000000003,"DATUM":"WGS84","__atlas_chave_independente":"AFLOR_ROCHA:499389:576813","__atlas_n_registros_grupo":1,"__atlas_q_registro":0.625,"__atlas_q_grupo":0.625,"__atlas_unidade_geologica_id":"1465","__atlas_unidade_geologica_sigla":"PP3ap","__atlas_unidade_geologica_nome":"Complexo Rio Apa","__atlas_fonte":"SGB · GeoSGB · Petrografia","__atlas_snapshot":"2026-08-14"}},{"type":"Feature","id":28874641,"geometry":{"type":"Point","coordinates":[-57.046400000000006,-21.527300000000025]},"properties":{"OBJECTID":28874641,"COD_AMOSTRA":124818,"COD_AFLORAMENTO":499390,"COD_ROCHA":576814,"NUM_CAMPO_AMOSTRA":"EA-0061","COD_LAMINA":45448,"NUM_CAMPO_LAMINA":"4187-EA-R-0061","NOTAS":"Granulação (mm): fina a média (<1 mm a 2 mm)\r\nA seção apresenta alternância entre leitos quartzo-feldspáticos subcentimétricos (i) e lâminas micáceas com concentração de biotita (ii). Em (i) ocorrem grãos anédricos de microclínio pertítico alongado, com até 2 mm, associados com grãos menores e subordinados de plagioclásio. Ocorrem grãos anédricos de quartzo por vezes alongado, com extinção ondulante e por vezes concentrado em pequenos agregados com grãos com contatos levemente irregulares (migração de borda de grão). Em (ii) ocorrem grãos subédricos e euédricos de biotita (<1 mm) orientada e com cor marrom. A orientação da biotita é concordante com o bandamento. Ocorrem pequenas inclusões de monazita/ zircão com halo pleocróico na biotita. A biotita está por vezes intercrescida com muscovita. Os contatos são em geral curvados a por vezes ondulados. Localmente o plagioclásio apresenta borda com intercrescimento mirmequítico quando em contato com \r\nmicroclínio.\r\nMicroclínio\t40\r\nQuartzo\t34\r\nPlagioclásio\t15\r\nBiotita\t07\r\nMinerais opacos\t03\r\nMuscovita\ttr\r\nMonazita/ zircão\ttr\r\nNome da rocha*: biotita gnaisse (composição de sienogranito)","PETROGRAFO":"Vidyã Vieira de Almeida","PROJETO":"Geologia da Folha Colônia São Lourenço","BASE_CARTOGRAFICA":"SF.21-V-D-VI - Colonia São Lourenço","TIPO_SECAO":"Delgada","GRAU_INTEMPERISMO":"Muito intemperizada","TAMANHO_AMOSTRA":"14 cm","COR_RX_FRESCA":"Cinza rosado","COR_RX_INTEMPERIZADA":"Cinza rosado","GRANULACAO_MINIMA":"Fanerítica média (1,0-5,0mm)","GRANULACAO_MEDIA":"Fanerítica média (1,0-5,0mm)","GRANULACAO_MAXIMA":"Fanerítica média (1,0-5,0mm)","SELECIONAMENTO":null,"CONSISTENCIA_AMOSTRA":"Consistente","CONTATO":null,"COD_CLASSIFICACAO":null,"PROTOLITO":null,"ROCHA":null,"LINK":"p_cod_amostra=124818&p_cod_rocha=576814&p_cod_afloramento=499390","LOCAL_LAMINA":"SUREG-SP","LOTE_LAMINA":null,"NUM_LAB_LAMINA":null,"FICHA":null,"MINERAIS_IDENTIFICADOS":null,"X":-57.046400000000006,"Y":-21.5273,"DATUM":"WGS84","__atlas_chave_independente":"AFLOR_ROCHA:499390:576814","__atlas_n_registros_grupo":1,"__atlas_q_registro":0.625,"__atlas_q_grupo":0.625,"__atlas_unidade_geologica_id":"1465","__atlas_unidade_geologica_sigla":"PP3ap","__atlas_unidade_geologica_nome":"Complexo Rio Apa","__atlas_fonte":"SGB · GeoSGB · Petrografia","__atlas_snapshot":"2026-08-14"}},{"type":"Feature","id":28693857,"geometry":{"type":"Point","coordinates":[-56.90698359999999,-21.734416899999985]},"properties":{"OBJECTID":28693857,"COD_AMOSTRA":84269,"COD_AFLORAMENTO":412979,"COD_ROCHA":468221,"NUM_CAMPO_AMOSTRA":"MR-0011-B","COD_LAMINA":24761,"NUM_CAMPO_LAMINA":"4075-MR-R-0011","NOTAS":"Macroscopia\r\nAmostra com 14 x 6 cm com superfície bastante alterada com porções com cor marrom esverdeado e marrom avermelhado. A parte mais interna da amostra também mostra alteração. A granulação é média (1 a 2 mm) e ocorre uma foliação principal milonítica mais visível na região mais alterada.\r\nMicroscopia\r\nPresença de cristais anédricos de quartzo com dimensões que variam de <<0,1 mm a 1 mm, boa parte recristalizados por migração de borda de grão e rotação de sub grão. Os cristais de quartzo com menores dimensões encontram-se concentrados em bandas de deformação com orientação paralela e oblíqua à direção da foliação principal. Essas bandas também mostram concentração de cristais anédricos de biotita com 0,3 mm e minerais opacos. \r\nOs cristais de feldspato são maiores (até 2 mm) , anédricos, com extinção ondulante e deformação dos planos de geminação. Os cristais de plagioclásio encontram-se parcialmente saussuritizados. Os cristais de feldspato potássico (microclínio) mostram micropertitas. Também ocorrem cristais de minerais opacos associados com cristais vermelhos isótropos, como também observado em outras amostras. Ocorrem mirmequitas de quartzo inclusas em plagioclásio.\r\nClassificação: granito protomilonítico","PETROGRAFO":"Vidyã Vieira de Almeida","PROJETO":"Bonito - Porto Murtinho","BASE_CARTOGRAFICA":"SF.21-X-C-IV - Fazenda Margarida","TIPO_SECAO":"Delgada","GRAU_INTEMPERISMO":"Muito intemperizada","TAMANHO_AMOSTRA":"14 cm","COR_RX_FRESCA":"Marrom claro","COR_RX_INTEMPERIZADA":null,"GRANULACAO_MINIMA":"Fanerítica média (1,0-5,0mm)","GRANULACAO_MEDIA":"Fanerítica média (1,0-5,0mm)","GRANULACAO_MAXIMA":"Fanerítica média (1,0-5,0mm)","SELECIONAMENTO":null,"CONSISTENCIA_AMOSTRA":"Consistente","CONTATO":null,"COD_CLASSIFICACAO":null,"PROTOLITO":"Granito","ROCHA":"Granito","LINK":"p_cod_amostra=84269&p_cod_rocha=468221&p_cod_afloramento=412979","LOCAL_LAMINA":"SUREG-SP","LOTE_LAMINA":null,"NUM_LAB_LAMINA":null,"FICHA":null,"MINERAIS_IDENTIFICADOS":"Quartzo(45%), Opaco (Microscopia)(6%), Biotita(3%)","X":-56.9069836,"Y":-21.7344169,"DATUM":"WGS84","__atlas_chave_independente":"AFLOR_ROCHA:412979:468221","__atlas_n_registros_grupo":1,"__atlas_q_registro":0.875,"__atlas_q_grupo":0.875,"__atlas_unidade_geologica_id":"1465","__atlas_unidade_geologica_sigla":"PP3ap","__atlas_unidade_geologica_nome":"Complexo Rio Apa","__atlas_fonte":"SGB · GeoSGB · Petrografia","__atlas_snapshot":"2026-08-14"}},{"type":"Feature","id":28693873,"geometry":{"type":"Point","coordinates":[-56.87127800000002,-21.727471999999977]},"properties":{"OBJECTID":28693873,"COD_AMOSTRA":84272,"COD_AFLORAMENTO":412982,"COD_ROCHA":468225,"NUM_CAMPO_AMOSTRA":"MR-0014-A","COD_LAMINA":24762,"NUM_CAMPO_LAMINA":"4075-MR-R-0014","NOTAS":"Macroscopia\r\nAmostra com 10 x 10 x 09 cm com superfície moderadamente a bastante alterada. As porções mais alteradas mostram cor marrom avermelhado. A granulação é média (1 mm) e o índice de cor em torno de 10%. Ocorrem cristais de quartzo, feldspato potássico e plagioclásio (com alteração característica). Ocorrem cristais de minerais máficos muitas vezes concentrados em leitos milimétricos que por vezes se sobressaltam na amostra. Ocorre uma foliação principal bem marcada e uma foliação oblíqua à principal. Também ocorrem lentes milimétricas essencialmente quartzo-feldspáticas.\r\nMicroscopia\r\nPresença de cristais de quartzo anédricos, com extinção ondulante e dimensões que variam de << 0,1 mm a ~0,6 mm. Os maiores estão alongados na direção da foliação principal (milonítica) dobrada e os menores em bandas com maior cisalhamento com direção paralela e oblíqua à direção da foliação principal (formam pares SC). Os cristais de quartzo mostram feições indicativas de recristalização por migração de borda de grão e rotação de sub grão. A foliação oblíqua encontra-se também frequentemente preenchida por pequenos cristais de minerais opacos por vezes associados com cristais vermelhos semelhantes aos observados na MR-17. Cristais de minerais opacos também se concentram em fraturas e regiões paralelas à foliação principal.  Os cristais de feldspato são maiores, anédricos e com extinção ondulante, ocorrendo porfiroclastos com até 5 mm que formam aglomerados lenticularizados com sombra de pressão composta por cristais de quartzo. O feldspato potássico é micropertítico. O plagioclásio encontra-se parcialmente saussuritizado e com planos de geminação deformados. Pequenos cristais de biotita com extinção ondulante mostram orientação paralela à foliação principal.   \r\nNome da rocha: granito gnaisse protomilonítico","PETROGRAFO":"Vidyã Vieira de Almeida","PROJETO":"Bonito - Porto Murtinho","BASE_CARTOGRAFICA":"SF.21-X-C-IV - Fazenda Margarida","TIPO_SECAO":"Delgada","GRAU_INTEMPERISMO":"Moderadamente intemperizada","TAMANHO_AMOSTRA":"10 cm","COR_RX_FRESCA":"Cinza rosado","COR_RX_INTEMPERIZADA":null,"GRANULACAO_MINIMA":"Fanerítica fina (<1,0mm)","GRANULACAO_MEDIA":"Fanerítica média (1,0-5,0mm)","GRANULACAO_MAXIMA":"Fanerítica grossa (5,0-30,0mm)","SELECIONAMENTO":null,"CONSISTENCIA_AMOSTRA":"Consistente","CONTATO":"Contato intrusivo","COD_CLASSIFICACAO":null,"PROTOLITO":null,"ROCHA":"Granito gnáissico","LINK":"p_cod_amostra=84272&p_cod_rocha=468225&p_cod_afloramento=412982","LOCAL_LAMINA":"SUREG-SP","LOTE_LAMINA":null,"NUM_LAB_LAMINA":null,"FICHA":null,"MINERAIS_IDENTIFICADOS":"Quartzo(50%), Opaco (Microscopia)(5%), Biotita(2%)","X":-56.871278,"Y":-21.727472,"DATUM":"WGS84","__atlas_chave_independente":"AFLOR_ROCHA:412982:468225","__atlas_n_registros_grupo":1,"__atlas_q_registro":0.875,"__atlas_q_grupo":0.875,"__atlas_unidade_geologica_id":"1465","__atlas_unidade_geologica_sigla":"PP3ap","__atlas_unidade_geologica_nome":"Complexo Rio Apa","__atlas_fonte":"SGB · GeoSGB · Petrografia","__atlas_snapshot":"2026-08-14"}},{"type":"Feature","id":28693937,"geometry":{"type":"Point","coordinates":[-56.989450999999974,-21.986655999999982]},"properties":{"OBJECTID":28693937,"COD_AMOSTRA":84291,"COD_AFLORAMENTO":413011,"COD_ROCHA":468257,"NUM_CAMPO_AMOSTRA":"VC-002-","COD_LAMINA":24766,"NUM_CAMPO_LAMINA":"4075-VC-R-002-B","NOTAS":"Macroscopia\r\nAmostra com 08 x 18 cm com superfície alterada para cor marrom avermelhado. A região mais sã tem cor cinza com porções esbranquiçadas. A granulação é fina a média (~1 mm) com cristais de quartzo, feldspato (plagioclásio) e biotita sobressalientes. Ocorre um leito milimétrico essencialmente quartzo-feldspático. Ocorre uma foliação incipiente\r\nMicroscopia\r\nPresença de cristais anédricos de quartzo, com até ~1 mm, com extinção ondulante e feições indicativas de recristalização por migração de borda de grão. Os cristais de quartzo estão em contato curvado com microclínio e plagioclásio (An ~30 Andesina, parcialmente saussuritizada) com até ~1 mm, ambos com deformação nos planos de geminação e pequenas inclusões de epidoto. Os cristais de biotita (~1 mm) são, em sua maioria, subédricos e também estão deformados e com extinção ondulante. Apresentam orientação preferencial para uma direção e pleocroísmo que varia do vermelho amarronzado ao laranja esverdeado. Os cristais de biotita podem ser encontrados em contato com cristais de epidoto, com ~0,5 mm, levemente esverdeados que comumente mostram algumas inclusões vermiformes de quartzo. Ocorrem pequenos cristais anédricos do grupo do epidoto, dissociados da biotita, onde o núcleo é pleocróico e mostra cor marrom esverdeado e menor birrefringência (allanita) e a borda é levemente esverdeada com maior birrefringência. Ocorrem cristais de muscovita com até ~1 mm, com textura simplectítica e presença de inclusões vermiformes de quartzo. Esses cristais de muscovita por vezes estão em contato reto com biotita.\r\nPequenos cristais de titanita são observados em toda a lâmina e também encontram-se orientados e associados com biotita e epidoto e por vezes manteiam cristais de minerais opacos.   \r\nNome da rocha:  muscovita -biotita granito deformado","PETROGRAFO":"Vidyã Vieira de Almeida","PROJETO":"Bonito - Porto Murtinho","BASE_CARTOGRAFICA":"SF.21-X-C-IV - Fazenda Margarida","TIPO_SECAO":"Delgada","GRAU_INTEMPERISMO":"Intemperizada","TAMANHO_AMOSTRA":"18 cm","COR_RX_FRESCA":"Marrom claro","COR_RX_INTEMPERIZADA":null,"GRANULACAO_MINIMA":"Fanerítica fina (<1,0mm)","GRANULACAO_MEDIA":"Fanerítica média (1,0-5,0mm)","GRANULACAO_MAXIMA":"Fanerítica média (1,0-5,0mm)","SELECIONAMENTO":null,"CONSISTENCIA_AMOSTRA":"Consistente","CONTATO":null,"COD_CLASSIFICACAO":null,"PROTOLITO":null,"ROCHA":"Muscovita-biotita granito","LINK":"p_cod_amostra=84291&p_cod_rocha=468257&p_cod_afloramento=413011","LOCAL_LAMINA":"SUREG-SP","LOTE_LAMINA":null,"NUM_LAB_LAMINA":null,"FICHA":null,"MINERAIS_IDENTIFICADOS":"Quartzo(35%), Microclínio(22%), Biotita(15%), Epidoto(6%), Muscovita(4%), Titanita(3%), Opaco (Microscopia)(1%), Apatita(<1%), Zircão(<1%)","X":-56.989450999999995,"Y":-21.986656,"DATUM":"WGS84","__atlas_chave_independente":"AFLOR_ROCHA:413011:468257","__atlas_n_registros_grupo":1,"__atlas_q_registro":0.875,"__atlas_q_grupo":0.875,"__atlas_unidade_geologica_id":"1465","__atlas_unidade_geologica_sigla":"PP3ap","__atlas_unidade_geologica_nome":"Complexo Rio Apa","__atlas_fonte":"SGB · GeoSGB · Petrografia","__atlas_snapshot":"2026-08-14"}},{"type":"Feature","id":28694001,"geometry":{"type":"Point","coordinates":[-56.85090500000001,-21.979352000000006]},"properties":{"OBJECTID":28694001,"COD_AMOSTRA":84299,"COD_AFLORAMENTO":413023,"COD_ROCHA":468271,"NUM_CAMPO_AMOSTRA":"VC-0014-B","COD_LAMINA":24770,"NUM_CAMPO_LAMINA":"4075-VC-R-0014-B","NOTAS":"Macroscopia\r\nAmostra com   x   cm com superfície alterada para cor marrom acinzentado. A parte mais sã mostra cor cinza claro com porções cinza escuro. A granulação é média a grossa (1 a 5 mm). Ocorre um bandamento gnáissico com alternância entre lâminas máficas milimétricas a centimétricas, dobradas e com predominância de biotita, e bandas/lentes centimétricas essencialmente quartzo-feldspáticas com baixo índice de cor e maior granulação.\r\nMicroscopia\r\nEm lâmina ocorre uma alternância entre leitos menos deformados com maior granulação e bandas menos espessas mais deformadas, dobradas, miloníticas e com concentração de biotita/clorita e quartzo. Os leitos menos deformados mostram cristais de feldspato potássico (microclínio) micropertítico, com até ~1 cm, com pequenas inclusões de plagioclásio saussuritizado/sericitizado, quartzo e mica (clorita). Os cristais de plagioclásio deste leito são menores, que o microclínio, também anédricos, parcialmente saussuritizados/sericitizados, com mirmequitas e por vezes parcialmente envolvidos por microclínio. Os cristais de feldspato mostram contato irregular com quartzo, este é anédrico com até ~3 mm e com extinção ondulante. Ocorrem bandas de deformação dobradas que mostram concentração de cristais subédricos, com até ~1 mm, com intercrescimento entre biotita e clorita associados com cristais de minerais opacos. Nessas bandas ocorrem cristais muito pequenos (<< 0,1 mm) recristalizados de quartzo concentrados em algumas porções. Também ocorrem cristais maiores de quartzo (até 1 mm) , com extinção ondulante,bastante alongados e recristalizados por migração de borda de grão??   \r\nNome da rocha: biotita gnaisse com bandas miloníticas / granito gnaisse milonítico","PETROGRAFO":"Vidyã Vieira de Almeida","PROJETO":"Bonito - Porto Murtinho","BASE_CARTOGRAFICA":"SF.21-X-C-IV - Fazenda Margarida","TIPO_SECAO":"Delgada","GRAU_INTEMPERISMO":"Intemperizada","TAMANHO_AMOSTRA":"6 cm","COR_RX_FRESCA":"Marrom escuro","COR_RX_INTEMPERIZADA":null,"GRANULACAO_MINIMA":"Fanerítica média (1,0-5,0mm)","GRANULACAO_MEDIA":"Fanerítica média (1,0-5,0mm)","GRANULACAO_MAXIMA":"Fanerítica grossa (5,0-30,0mm)","SELECIONAMENTO":null,"CONSISTENCIA_AMOSTRA":"Consistente","CONTATO":null,"COD_CLASSIFICACAO":null,"PROTOLITO":null,"ROCHA":"Biotita gnaisse milonítico","LINK":"p_cod_amostra=84299&p_cod_rocha=468271&p_cod_afloramento=413023","LOCAL_LAMINA":"SUREG-SP","LOTE_LAMINA":null,"NUM_LAB_LAMINA":null,"FICHA":null,"MINERAIS_IDENTIFICADOS":"Quartzo(40%), Microclínio(32%), Biotita(4%), Opaco (Microscopia)(1%), Epidoto(<1%)","X":-56.850905,"Y":-21.979352,"DATUM":"WGS84","__atlas_chave_independente":"AFLOR_ROCHA:413023:468271","__atlas_n_registros_grupo":1,"__atlas_q_registro":0.875,"__atlas_q_grupo":0.875,"__atlas_unidade_geologica_id":"1465","__atlas_unidade_geologica_sigla":"PP3ap","__atlas_unidade_geologica_nome":"Complexo Rio Apa","__atlas_fonte":"SGB · GeoSGB · Petrografia","__atlas_snapshot":"2026-08-14"}},{"type":"Feature","id":28694033,"geometry":{"type":"Point","coordinates":[-56.831857000000014,-21.974725999999976]},"properties":{"OBJECTID":28694033,"COD_AMOSTRA":84301,"COD_AFLORAMENTO":413025,"COD_ROCHA":468273,"NUM_CAMPO_AMOSTRA":"VC-0016","COD_LAMINA":24772,"NUM_CAMPO_LAMINA":"4075-VC-R-0016","NOTAS":"Macroscopia\r\nAmostra com 10 x 6 cm com superfície alterada para cor marrom acinzentado com porções esbranquiçadas (alteração de feldspato). A granulação é média a grossa (2 a 3 mm). Existe uma aparente segregação mineralógica centimétrica com porção essencialmente quartzo-feldspática com baixo índice de cor e uma porção centimétrica com forma irregular com alto índice de cor (máximo 20%) com cristais de biotita, epidoto e magnetita (amostra com magnetismo nessas porções), pequenos cristais vermelhos e também quartzo e feldspato. A estrutura é foliada (foliação milonítica). \r\nMicroscopia\r\nPresença de cristais de quartzo anédricos com dimensões que variam de << 0,1 mm a até ~1 mm com extinção ondulante, parte recristalizados por migração de borda de grão e rotação de sub grão, com predominância deste último processo. Os cristais muito pequenos de quartzo recristalizado mostram contatos poligonizados. Os cristais maiores de quartzo mostram contatos irregulares (curvados e interlobados) entre si e com feldspato, estes mostram pequenas inclusões de quartzo. No microclínio essas inclusões são arredondadas e no plagioclásio as inclusões ocorrem na forma de mirmequitas. Os cristais de plagioclásio são anédricos, têm até ~3 mm e estão parcialmente a totalmente saussuritizados/sericitizados. Também estão por vezes parcialmente a totalmente inclusos em microclínio e em contato irregular com este. Os cristais de microclínio têm até ~3 mm, são anédricos, com extinção ondulante e poiquilíticos em algumas regiões. Ocorrem cristais de biotita intercrescida com clorita. Esses cristais são subédricos, com até ~1 mm, e com pequenas inclusões de minerais opacos. Ocorrem pequenos cristais de titanita e epidoto, este forma um aglomerado em uma região da lâmina. O contato entre os cristais bem como interstícios encontram-se preenchidos por óxido de ferro e minerais opacos. Pequenos cristais de clorita subédrica também são observados.    \r\nNome da rocha: biotita granito protomilonítico","PETROGRAFO":"Vidyã Vieira de Almeida","PROJETO":"Bonito - Porto Murtinho","BASE_CARTOGRAFICA":"SF.21-X-C-IV - Fazenda Margarida","TIPO_SECAO":"Delgada","GRAU_INTEMPERISMO":"Intemperizada","TAMANHO_AMOSTRA":"10 cm","COR_RX_FRESCA":"Marrom claro","COR_RX_INTEMPERIZADA":null,"GRANULACAO_MINIMA":"Fanerítica média (1,0-5,0mm)","GRANULACAO_MEDIA":"Fanerítica média (1,0-5,0mm)","GRANULACAO_MAXIMA":"Fanerítica grossa (5,0-30,0mm)","SELECIONAMENTO":null,"CONSISTENCIA_AMOSTRA":"Consistente","CONTATO":null,"COD_CLASSIFICACAO":null,"PROTOLITO":null,"ROCHA":"Milonito granítico","LINK":"p_cod_amostra=84301&p_cod_rocha=468273&p_cod_afloramento=413025","LOCAL_LAMINA":"SUREG-SP","LOTE_LAMINA":null,"NUM_LAB_LAMINA":null,"FICHA":null,"MINERAIS_IDENTIFICADOS":"Microclínio(35%), Quartzo(30%), Biotita(3%), Magnetita(3%), Epidoto(2%), Clorita(1%), Titanita(1%)","X":-56.831857,"Y":-21.974726,"DATUM":"WGS84","__atlas_chave_independente":"AFLOR_ROCHA:413025:468273","__atlas_n_registros_grupo":1,"__atlas_q_registro":0.875,"__atlas_q_grupo":0.875,"__atlas_unidade_geologica_id":"1465","__atlas_unidade_geologica_sigla":"PP3ap","__atlas_unidade_geologica_nome":"Complexo Rio Apa","__atlas_fonte":"SGB · GeoSGB · Petrografia","__atlas_snapshot":"2026-08-14"}},{"type":"Feature","id":28694161,"geometry":{"type":"Point","coordinates":[-56.601248,-21.70980400000002]},"properties":{"OBJECTID":28694161,"COD_AMOSTRA":84319,"COD_AFLORAMENTO":413045,"COD_ROCHA":468300,"NUM_CAMPO_AMOSTRA":"VC-0036-B","COD_LAMINA":24779,"NUM_CAMPO_LAMINA":"4075-VC-R-0036-B","NOTAS":"Macroscopia\r\nAmostra orientada.\r\nRocha bandada (cores roxa e esverdeada), granulação muito fina (sem minerais visíveis), aspecto sedoso ao toque.\r\nMicroscopia\r\nEstrutura bandada (S0): bandas roxas com concentração de opaco (grafita), além de talco, flogopita (grãos maiores que os outros minerais) e quartzo; bandas esverdeadas com flogopita, talco, quartzo e grafita.\r\nFoliação (S1) marcada principalmente pela grafita. Textura grano-lepidoblástica, muito fina. S1 é paralela a S0.\r\nOcorrem veios (?) de quartzo (granulação fina) discordantes da S0/S1.\r\nProtólito: Ultramáfica (?)\r\nGrau de metamorfismo: baixo\r\nNome da rocha: flogopita-talco xisto grafitoso (ardósia?)","PETROGRAFO":"Vidyã Vieira de Almeida","PROJETO":"Bonito - Porto Murtinho","BASE_CARTOGRAFICA":"SF.21-X-C-IV - Fazenda Margarida","TIPO_SECAO":"Delgada","GRAU_INTEMPERISMO":"Moderadamente intemperizada","TAMANHO_AMOSTRA":"6 cm","COR_RX_FRESCA":"Roxo claro","COR_RX_INTEMPERIZADA":null,"GRANULACAO_MINIMA":"Argila (<0,004mm)","GRANULACAO_MEDIA":"Silte (0,062-0,004mm)","GRANULACAO_MAXIMA":"Areia fina (0,062-0,25mm)","SELECIONAMENTO":null,"CONSISTENCIA_AMOSTRA":"Consistente","CONTATO":"Contato gradacional","COD_CLASSIFICACAO":null,"PROTOLITO":"Ultramafito","ROCHA":"Talco xisto","LINK":"p_cod_amostra=84319&p_cod_rocha=468300&p_cod_afloramento=413045","LOCAL_LAMINA":"SUREG-SP","LOTE_LAMINA":null,"NUM_LAB_LAMINA":null,"FICHA":null,"MINERAIS_IDENTIFICADOS":"Talco(30%), Grafita(30%), Quartzo(20%), Flogopita(20%)","X":-56.601248,"Y":-21.709804,"DATUM":"WGS84","__atlas_chave_independente":"AFLOR_ROCHA:413045:468300","__atlas_n_registros_grupo":1,"__atlas_q_registro":0.875,"__atlas_q_grupo":0.875,"__atlas_unidade_geologica_id":"3344","__atlas_unidade_geologica_sigla":"NP3cec","__atlas_unidade_geologica_nome":"Fácies Cerradinho, calcário calcítico","__atlas_fonte":"SGB · GeoSGB · Petrografia","__atlas_snapshot":"2026-08-14"}},{"type":"Feature","id":28694177,"geometry":{"type":"Point","coordinates":[-56.60352,-21.60704800000002]},"properties":{"OBJECTID":28694177,"COD_AMOSTRA":84324,"COD_AFLORAMENTO":413052,"COD_ROCHA":468309,"NUM_CAMPO_AMOSTRA":"VC-0043-A","COD_LAMINA":24781,"NUM_CAMPO_LAMINA":"4075-VC-R-0043-A","NOTAS":"Microscopia\r\nAmostra orientada. Muito alterada.\r\nRocha com granulação muito fina, com forte foliação (Sn) marcada por muscovita; textura grano-lepidoblástica, equigranular.\r\nOcorrem lentes enriquecidas em quartzo concordantes e discordantes da Sn, nas quais os grãos de quartzo por vezes apresentam granulação fina.\r\nHá também uma lente (mais espessa) composta principalmente por quartzo e opacos, granulação muito fina a fina, inequigranular, paralela à foliação.\r\nAparentemente ocorrem parese S-C indicando uma foliação Sn-1, marcada principalmente por grãos de quartzo.\r\nGrau de metamorfismo: baixo\r\nProtólito: pelito\r\nNome da rocha: filito","PETROGRAFO":"Vidyã Vieira de Almeida","PROJETO":"Bonito - Porto Murtinho","BASE_CARTOGRAFICA":"SF.21-X-C-IV - Fazenda Margarida","TIPO_SECAO":"Delgada","GRAU_INTEMPERISMO":null,"TAMANHO_AMOSTRA":null,"COR_RX_FRESCA":null,"COR_RX_INTEMPERIZADA":null,"GRANULACAO_MINIMA":" ","GRANULACAO_MEDIA":" ","GRANULACAO_MAXIMA":" ","SELECIONAMENTO":null,"CONSISTENCIA_AMOSTRA":null,"CONTATO":null,"COD_CLASSIFICACAO":null,"PROTOLITO":"Pelito","ROCHA":"Filito","LINK":"p_cod_amostra=84324&p_cod_rocha=468309&p_cod_afloramento=413052","LOCAL_LAMINA":"SUREG-SP","LOTE_LAMINA":null,"NUM_LAB_LAMINA":null,"FICHA":null,"MINERAIS_IDENTIFICADOS":"Muscovita(50%), Quartzo(30%), Opaco (Microscopia)(20%)","X":-56.603519999999996,"Y":-21.607048,"DATUM":"WGS84","__atlas_chave_independente":"AFLOR_ROCHA:413052:468309","__atlas_n_registros_grupo":1,"__atlas_q_registro":0.875,"__atlas_q_grupo":0.875,"__atlas_unidade_geologica_id":"3348","__atlas_unidade_geologica_sigla":"NPcumm","__atlas_unidade_geologica_nome":"Litofácies Cuiabá, mármore","__atlas_fonte":"SGB · GeoSGB · Petrografia","__atlas_snapshot":"2026-08-14"}},{"type":"Feature","id":28694193,"geometry":{"type":"Point","coordinates":[-56.998986,-21.502505999999983]},"properties":{"OBJECTID":28694193,"COD_AMOSTRA":84327,"COD_AFLORAMENTO":413058,"COD_ROCHA":468315,"NUM_CAMPO_AMOSTRA":"MR-0043-B","COD_LAMINA":24783,"NUM_CAMPO_LAMINA":"4075-MR-R-0043-B","NOTAS":"Macroscopia\r\nAmostra com 14 x 9 cm com superfície alterada para cor cinza amarronzado com porções alaranjadas. A granulação é média (1 mm). Ocorrem cristais de quartzo, feldspato e biotita. A estrutura é foliada. A foliação é contínua e bem marcada pela orientação dos cristais de biotita. Ocorrem algumas bandas quartzo-feldspáticas, com 1 cm de espessura, com orientação concordante à da foliação principal e granulação média a grossa (~3 mm).\r\nMicroscopia\r\nPresença de cristais de feldspato (plagioclásio e microclínio) anédricos, com até ~2 mm, por vezes alongados segundo a direção da foliação principal. Os cristais de plagioclásio encontram-se parcialmente saussuritizados e um cristal mostra inclusões de quartzo mirmequítico. Neste caso o cristal de plagioclásio é parcialmente envolvido por microclínio. Os cristais de microclínio mostram micropertitas e pequenas inclusões arredondadas de quartzo e plagioclásio. Os cristais de quartzo também são anédricos, com até 1 mm, com extinção ondulante. Ocorrem cristais possivelmente recristalizados por migração de borda de grão. Em várias regiões ocorrem cristais de feldspato e quartzo, com contatos poligonizados entre si formando ângulos de 120º. Ocorrem cristais subédricos de biotita disseminados, com até 1 mm, com cor marrom esverdeado na direção E-W, orientados predominantemente para uma direção, por vezes levemente dobrados e com extinção ondulante. Os cristais de biotita são frequentemente encontrados em contato reto com cristais muscovita e também  manteados por muscovita. A muscovita mostra por vezes textura simplectítica com inclusões vermiformes de quartzo concentradas próximo à borda. Ocorrem pequenos cristais de (~0,1 mm) de granada anédrica, arredondada, em equilíbrio com biotita. Também ocorrem cristais muito pequenos de epidoto e zircão, este ocorre na forma de cristais subédricos e anédricos.\r\nClassificação: biotita gnaisse com muscovita e granada","PETROGRAFO":"Vidyã Vieira de Almeida","PROJETO":"Bonito - Porto Murtinho","BASE_CARTOGRAFICA":"SF.21-X-C-IV - Fazenda Margarida","TIPO_SECAO":"Delgada","GRAU_INTEMPERISMO":"Moderadamente intemperizada","TAMANHO_AMOSTRA":"14 cm","COR_RX_FRESCA":"Marrom claro","COR_RX_INTEMPERIZADA":null,"GRANULACAO_MINIMA":"Fanerítica média (1,0-5,0mm)","GRANULACAO_MEDIA":"Fanerítica média (1,0-5,0mm)","GRANULACAO_MAXIMA":"Fanerítica grossa (5,0-30,0mm)","SELECIONAMENTO":null,"CONSISTENCIA_AMOSTRA":"Consistente","CONTATO":"Contato intrusivo","COD_CLASSIFICACAO":null,"PROTOLITO":null,"ROCHA":"Granada-biotita gnaisse","LINK":"p_cod_amostra=84327&p_cod_rocha=468315&p_cod_afloramento=413058","LOCAL_LAMINA":"SUREG-SP","LOTE_LAMINA":null,"NUM_LAB_LAMINA":null,"FICHA":null,"MINERAIS_IDENTIFICADOS":"Quartzo(32%), Microclínio(28%), Biotita(12%), Muscovita(3%), Granada(2%), Epidoto(1%), Zircão(<1%)","X":-56.998985999999995,"Y":-21.502506,"DATUM":"WGS84","__atlas_chave_independente":"AFLOR_ROCHA:413058:468315","__atlas_n_registros_grupo":2,"__atlas_q_registro":0.875,"__atlas_q_grupo":0.875,"__atlas_unidade_geologica_id":"1465","__atlas_unidade_geologica_sigla":"PP3ap","__atlas_unidade_geologica_nome":"Complexo Rio Apa","__atlas_fonte":"SGB · GeoSGB · Petrografia","__atlas_snapshot":"2026-08-14"}},{"type":"Feature","id":28694289,"geometry":{"type":"Point","coordinates":[-56.85046299999999,-21.545590000000004]},"properties":{"OBJECTID":28694289,"COD_AMOSTRA":84336,"COD_AFLORAMENTO":413073,"COD_ROCHA":468330,"NUM_CAMPO_AMOSTRA":"MR-0058-C","COD_LAMINA":24789,"NUM_CAMPO_LAMINA":"4075-MR-R-0058-C","NOTAS":"Macroscopia\r\nAmostra com 03 x 11 cm com superfície bastante alterada para cor marrom avermelhado. A parte mais sã tem cor cinza rosada. A granulação é média (até ~3 mm). Ocorrem cristais de quartzo, feldspato (feldspato potássico e plagioclásio) e muscovita. A estrutura é foliada com presença de uma foliação principal contínua e uma foliação oblíqua. Ocorre alternância entre lentes milimétricas quartzo-feldspáticas e lâminas micáceas aparentemente dobradas. Ocorre uma lineação mineral observada pela orientação dos cristais de muscovita no plano da foliação principal.\r\nMicroscopia\r\nOcorre uma alternância entre leitos/lentes quartzo-feldspáticas alternadas e por vezes envolvidas por finos leitos micáceos. Os cristais de quartzo são anédricos, pequenos (< 1 mm), parte alongados com extinção ondulante e recristalizados por migração de borda de grão? e rotação de sub grão?, predominância deste último processo. Ocorrem porções com concentração de cristais muito pequenos de quartzo (<< 0,1 mm). Os cristais de quartzo estão em contato irregular com feldspato (plagioclásio e microclínio micropertítico) anédrico, deformado, com até 1 mm, alongado na direção da foliação principal. Os cristais de muscovita são subédricos, com até 3 mm, deformados, com extinção ondulante, boa parte orientados na direção da foliação principal e alguns cristais com orientação oblíqua. Alguns cristais mostram foram sigmoidal. O contato da muscovita com quartzo e feldspato é reto. Também ocorrem pequenos cristais de granada (< 1 mm) bastante alterada, com óxido de ferro nas bordas e microfraturas. Também ocorre óxido de ferro em interstícios e bordas de cristais de muscovita. Ocorrem cristais muito pequenos de zircão subédrico.  \r\nNome da rocha: granada-muscovita gnaisse milonítico","PETROGRAFO":"Vidyã Vieira de Almeida","PROJETO":"Bonito - Porto Murtinho","BASE_CARTOGRAFICA":"SF.21-X-C-IV - Fazenda Margarida","TIPO_SECAO":"Delgada","GRAU_INTEMPERISMO":"Muito intemperizada","TAMANHO_AMOSTRA":"11 cm","COR_RX_FRESCA":"Cinza rosado","COR_RX_INTEMPERIZADA":null,"GRANULACAO_MINIMA":"Fanerítica média (1,0-5,0mm)","GRANULACAO_MEDIA":"Fanerítica média (1,0-5,0mm)","GRANULACAO_MAXIMA":"Fanerítica média (1,0-5,0mm)","SELECIONAMENTO":null,"CONSISTENCIA_AMOSTRA":"Consistente","CONTATO":"Contato abrupto","COD_CLASSIFICACAO":null,"PROTOLITO":"Granito","ROCHA":"Granada gnaisse","LINK":"p_cod_amostra=84336&p_cod_rocha=468330&p_cod_afloramento=413073","LOCAL_LAMINA":"SUREG-SP","LOTE_LAMINA":null,"NUM_LAB_LAMINA":null,"FICHA":null,"MINERAIS_IDENTIFICADOS":"Quartzo(40%), Muscovita(28%), Microclínio(17%), Granada(1%), Zircão(<1%)","X":-56.850463,"Y":-21.54559,"DATUM":"WGS84","__atlas_chave_independente":"AFLOR_ROCHA:413073:468330","__atlas_n_registros_grupo":2,"__atlas_q_registro":0.875,"__atlas_q_grupo":0.875,"__atlas_unidade_geologica_id":"1465","__atlas_unidade_geologica_sigla":"PP3ap","__atlas_unidade_geologica_nome":"Complexo Rio Apa","__atlas_fonte":"SGB · GeoSGB · Petrografia","__atlas_snapshot":"2026-08-14"}},{"type":"Feature","id":28694353,"geometry":{"type":"Point","coordinates":[-56.83275200000003,-21.55389500000001]},"properties":{"OBJECTID":28694353,"COD_AMOSTRA":84343,"COD_AFLORAMENTO":413075,"COD_ROCHA":468334,"NUM_CAMPO_AMOSTRA":"MR-0060-A","COD_LAMINA":24791,"NUM_CAMPO_LAMINA":"4075-MR-R-0060-A","NOTAS":"Macroscopia\r\nAmostra com 06 x 05 cm moderadamente alterada. A cor é cinza escuro com porções esbranquiçadas. A granulação é média (03 mm). Textura nematoblástica. É composta por anfibólio (hornblenda) e feldspato (plagioclásio). A amostra é foliada.\r\nMicroscopia\r\nOcorrem cristais de hornblenda verde anédrica e subédrica, com até 04 mm, em contato reto entre si que por vezes formam junções tríplices. Os cristais de hornblenda mostram freqüentes inclusões de plagioclásio. Boa parte dos cristais de hornblenda mostram orientação para uma direção, porém ocorrem cristais com orientação distinta. Alguns cristais de hornblenda mostram muitas inclusões e parecem ter uma textura simplectítica.\r\nOcorrem cristais de plagioclásio anédrico, com até 01 mm, com extinção concêntrica e por vezes sem geminação. Parte dos cristais de plagioclásio estão alongados na direção da foliação. Ocorrem alguns cristais de microclínio associados. Os contatos entre cristais de plagioclásio por vezes também mostram junções tríplices. Ocorrem alguns cristais de plagioclásio com pequenas inclusões de quartzo. Ocorre uma região com concentração de cristais de plagioclásio saussuritizados. Alguns cristais de biotita fibrosa, com até 01 mm, são encontrados parcialmente inclusos em hornblenda. \r\nCristais de titanita e subordinadamente epidoto ocorrem associados e por vezes também inclusos em hornblenda. Esses minerais mostram inclusões muito pequenas de hornblenda e plagioclásio.\r\nNome da rocha: anfibolito com biotita","PETROGRAFO":"Vidyã Vieira de Almeida","PROJETO":"Bonito - Porto Murtinho","BASE_CARTOGRAFICA":"SF.21-X-C-IV - Fazenda Margarida","TIPO_SECAO":"Delgada","GRAU_INTEMPERISMO":"Moderadamente intemperizada","TAMANHO_AMOSTRA":"6 cm","COR_RX_FRESCA":"Cinza escuro","COR_RX_INTEMPERIZADA":null,"GRANULACAO_MINIMA":"Fanerítica média (1,0-5,0mm)","GRANULACAO_MEDIA":"Fanerítica média (1,0-5,0mm)","GRANULACAO_MAXIMA":"Fanerítica média (1,0-5,0mm)","SELECIONAMENTO":null,"CONSISTENCIA_AMOSTRA":"Consistente","CONTATO":"Contato intrusivo","COD_CLASSIFICACAO":null,"PROTOLITO":null,"ROCHA":"Hornblenda anfibolito","LINK":"p_cod_amostra=84343&p_cod_rocha=468334&p_cod_afloramento=413075","LOCAL_LAMINA":"SUREG-SP","LOTE_LAMINA":null,"NUM_LAB_LAMINA":null,"FICHA":null,"MINERAIS_IDENTIFICADOS":"Hornblenda(70%), Titanita(3%), Opaco (Microscopia)(<1%), Epidoto(1%), Microclínio(1%), Apatita(<1%), Biotita(1%), Quartzo(1%)","X":-56.832752,"Y":-21.553895,"DATUM":"WGS84","__atlas_chave_independente":"AFLOR_ROCHA:413075:468334","__atlas_n_registros_grupo":2,"__atlas_q_registro":0.875,"__atlas_q_grupo":0.875,"__atlas_unidade_geologica_id":"1465","__atlas_unidade_geologica_sigla":"PP3ap","__atlas_unidade_geologica_nome":"Complexo Rio Apa","__atlas_fonte":"SGB · GeoSGB · Petrografia","__atlas_snapshot":"2026-08-14"}},{"type":"Feature","id":28694385,"geometry":{"type":"Point","coordinates":[-56.826764000000026,-21.56179400000002]},"properties":{"OBJECTID":28694385,"COD_AMOSTRA":84345,"COD_AFLORAMENTO":413076,"COD_ROCHA":468335,"NUM_CAMPO_AMOSTRA":"MR-0061-A","COD_LAMINA":24793,"NUM_CAMPO_LAMINA":"4075-MR-R-0061-A","NOTAS":"Macroscopia\r\nAmostra com 13 x 12 cm, pouco alterada com coloração rósea. A estrutura é levemente foliada com granulação fina a média.\r\nMicroscopia\r\nA textura da rocha é granoblástica definida pelo quartzo e pelo feldspato (plagioclásio e alcalino). Ocorrem grãos de feldspato potássico com lamelas de exsolução de plagioclásio (pertitas).\r\nOs cristais de quartzo são xenoblásticos, com extinção ondulante. Grãos policristalinos com contatos irregulares formados por recristalização grain boundary migration (GBM). \r\nOs cristais de plagioclásio são subidioblásticos a xenoblásticos e estão parcialmente sericitizados. Há deformação dos planos de geminação e extinção ondulante.\r\nOs cristais de feldspato potássico estão subidioblásticos a xenoblásticos. \r\nOs cristais de biotita estão orientados e alguns grãos estão intercrescidos com clorita e outros estão nas bordas do mineral opaco.\r\nOs cristais de mineral opaco estão subidioblásticos. \r\nNome da rocha: biotita granito gnaisse","PETROGRAFO":"Vidyã Vieira de Almeida","PROJETO":"Bonito - Porto Murtinho","BASE_CARTOGRAFICA":"SF.21-X-C-IV - Fazenda Margarida","TIPO_SECAO":"Delgada","GRAU_INTEMPERISMO":"Pouco intemperizada","TAMANHO_AMOSTRA":"13 cm","COR_RX_FRESCA":"Cinza rosado","COR_RX_INTEMPERIZADA":null,"GRANULACAO_MINIMA":"Fanerítica fina (<1,0mm)","GRANULACAO_MEDIA":"Fanerítica média (1,0-5,0mm)","GRANULACAO_MAXIMA":"Fanerítica média (1,0-5,0mm)","SELECIONAMENTO":null,"CONSISTENCIA_AMOSTRA":"Consistente","CONTATO":null,"COD_CLASSIFICACAO":null,"PROTOLITO":null,"ROCHA":"Granito gnáissico","LINK":"p_cod_amostra=84345&p_cod_rocha=468335&p_cod_afloramento=413076","LOCAL_LAMINA":"SUREG-SP","LOTE_LAMINA":null,"NUM_LAB_LAMINA":null,"FICHA":null,"MINERAIS_IDENTIFICADOS":"Microclínio(40%), Quartzo(35%), Biotita(5%), Opaco (Microscopia)(3%), Clorita(2%), Zircão(<1%)","X":-56.826764,"Y":-21.561794,"DATUM":"WGS84","__atlas_chave_independente":"AFLOR_ROCHA:413076:468335","__atlas_n_registros_grupo":2,"__atlas_q_registro":0.875,"__atlas_q_grupo":0.875,"__atlas_unidade_geologica_id":"1465","__atlas_unidade_geologica_sigla":"PP3ap","__atlas_unidade_geologica_nome":"Complexo Rio Apa","__atlas_fonte":"SGB · GeoSGB · Petrografia","__atlas_snapshot":"2026-08-14"}},{"type":"Feature","id":28694433,"geometry":{"type":"Point","coordinates":[-56.790188,-21.561155999999983]},"properties":{"OBJECTID":28694433,"COD_AMOSTRA":84350,"COD_AFLORAMENTO":413079,"COD_ROCHA":468338,"NUM_CAMPO_AMOSTRA":"MR-0064-A","COD_LAMINA":24796,"NUM_CAMPO_LAMINA":"4075-MR-R-0064-A","NOTAS":"Macroscopia\r\nAmostra com 09 x 05 cm com superfície alterada. A cor é cinza escuro esverdeado. A granulação é média. A amostra é foliada com alternância entre finas lentes feldspáticas (plagioclásio) parcialmente alteradas e finas lentes com concentração de essencialmente hornblenda. Também ocorrem cristais de epidoto. Ocorrem lentes com concentração de feldspato róseo? e epidoto. Ocorre uma banda com granulação mais fina.\r\nMicroscopia\r\nPresença de cristais de hornblenda verde em sua maioria orientados para uma direção, subédricos e com até 03 mm. Os cristais de hornblenda estão em contato curvado a levemente irregular com clinopiroxênio levemente esverdeado (pode ter ortopiroxênio), anédrico e com até 03 mm. Em algumas regiões hornblenda e clinopiroxênio formam textura simplectítica.\r\nOcorrem cristais saussuritizados de plagioclásio anédrico, com até 02 mm e por vezes sem geminação. Ocorrem algumas junções tríplices entre cristais de plagioclásio. Ocorrem pequenos cristais intersticiais de microclínio e alguns cristais muito pequenos de microclínio incluso em plagioclásio. Pequenos cristais de hornblenda e clinopiroxênio também são encontrados como inclusões em plagioclásio. Cristais de titanita estão muitas vezes inclusos em hornblenda.\r\nNome da rocha: piroxênio anfibolito","PETROGRAFO":"Vidyã Vieira de Almeida","PROJETO":"Bonito - Porto Murtinho","BASE_CARTOGRAFICA":"SF.21-X-C-IV - Fazenda Margarida","TIPO_SECAO":"Delgada","GRAU_INTEMPERISMO":"Intemperizada","TAMANHO_AMOSTRA":"9 cm","COR_RX_FRESCA":"Cinza esverdeado","COR_RX_INTEMPERIZADA":null,"GRANULACAO_MINIMA":"Fanerítica média (1,0-5,0mm)","GRANULACAO_MEDIA":"Fanerítica média (1,0-5,0mm)","GRANULACAO_MAXIMA":"Fanerítica média (1,0-5,0mm)","SELECIONAMENTO":null,"CONSISTENCIA_AMOSTRA":"Consistente","CONTATO":"Contato intrusivo","COD_CLASSIFICACAO":null,"PROTOLITO":null,"ROCHA":"Piroxênio hornblendito","LINK":"p_cod_amostra=84350&p_cod_rocha=468338&p_cod_afloramento=413079","LOCAL_LAMINA":"SUREG-SP","LOTE_LAMINA":null,"NUM_LAB_LAMINA":null,"FICHA":null,"MINERAIS_IDENTIFICADOS":"Hornblenda(42%), Piroxênio(15%), Titanita(4%), Microclínio(1%), Opaco (Microscopia)(<1%), Epidoto(1%), Apatita(1%)","X":-56.790188,"Y":-21.561156,"DATUM":"WGS84","__atlas_chave_independente":"AFLOR_ROCHA:413079:468338","__atlas_n_registros_grupo":2,"__atlas_q_registro":0.875,"__atlas_q_grupo":0.875,"__atlas_unidade_geologica_id":"1465","__atlas_unidade_geologica_sigla":"PP3ap","__atlas_unidade_geologica_nome":"Complexo Rio Apa","__atlas_fonte":"SGB · GeoSGB · Petrografia","__atlas_snapshot":"2026-08-14"}},{"type":"Feature","id":28694465,"geometry":{"type":"Point","coordinates":[-56.884739000000025,-21.95569899999998]},"properties":{"OBJECTID":28694465,"COD_AMOSTRA":84363,"COD_AFLORAMENTO":413097,"COD_ROCHA":468358,"NUM_CAMPO_AMOSTRA":"MR-0082-B","COD_LAMINA":24801,"NUM_CAMPO_LAMINA":"4075-MR-R-0082-B","NOTAS":"Macroscopia\r\nAmostra com 9 x 5 cm com superfície bastante alterada para cor cinza amarronzado. A rocha sã mostra porfiroclastos de feldspato (feldspato potássico e plagioclásio) que formam aglomerados com até 2 cm, lenticularizados, envolvidos por uma matriz crenulada com cristais bem menores de feldspato e porções mais finas com cor cinza escuro com presença de mica alterada (muscovita).\r\nMicroscopia\r\nOcorrem porfiroclastos de plagioclásio com cerca de 5 mm que podem ser encontrados em aglomerados lenticularizados juntamente com microclínio. Os cristais de plagioclásio encontram-se muitas vezes totalmente saussuritizados com apenas relíquias da geminação polissintética por vezes dobrada. Os cristais de microclínio já se encontram mais preservados.\r\nOcorrem cristais menores de feldspato (plagioclásio e microclínio) com até 1 mm. Os porfiroclastos e os aglomerados estão circundados por leitos formados por pequenos cristais de quartzo anédricos, com extinção ondulante e recristalizados por migração de borda de grão e rotação de subgrão. A orientação desses cristais acompanha a forma dos porfiroclastos formando uma sombra de deformação. Esses leitos quartzosos se alternam com leitos milimétricos crenulados com concentração de sericita e de cristais maiores de muscovita subédrica que variam de 0,1 mm a 1 mm, deformados, com textura tipo mica fish e extinção ondulante. Também ocorrem cristais de biotita no geral com dimensões menores que 1 mm. Os leitos micáceos também circundam os porfiroclastos e por vezes formam uma sombra de deformação. Ocorre concentração de óxido de ferro nos leitos micáceos.\r\nNome da rocha: granito gnaisse milonítico hidrotermalizado?","PETROGRAFO":"Vidyã Vieira de Almeida","PROJETO":"Bonito - Porto Murtinho","BASE_CARTOGRAFICA":"SF.21-X-C-IV - Fazenda Margarida","TIPO_SECAO":"Delgada","GRAU_INTEMPERISMO":"Muito intemperizada","TAMANHO_AMOSTRA":"9 cm","COR_RX_FRESCA":"Cinza escuro","COR_RX_INTEMPERIZADA":null,"GRANULACAO_MINIMA":"Fanerítica fina (<1,0mm)","GRANULACAO_MEDIA":"Fanerítica média (1,0-5,0mm)","GRANULACAO_MAXIMA":"Fanerítica grossa (5,0-30,0mm)","SELECIONAMENTO":null,"CONSISTENCIA_AMOSTRA":"Consistente","CONTATO":null,"COD_CLASSIFICACAO":null,"PROTOLITO":null,"ROCHA":"Granito gnáissico","LINK":"p_cod_amostra=84363&p_cod_rocha=468358&p_cod_afloramento=413097","LOCAL_LAMINA":"SUREG-SP","LOTE_LAMINA":null,"NUM_LAB_LAMINA":null,"FICHA":null,"MINERAIS_IDENTIFICADOS":"Quartzo(20%), Sericita(15%), Microclínio(10%), Muscovita(10%), Biotita(5%), Opaco (Microscopia)(3%)","X":-56.884738999999996,"Y":-21.955699,"DATUM":"WGS84","__atlas_chave_independente":"AFLOR_ROCHA:413097:468358","__atlas_n_registros_grupo":2,"__atlas_q_registro":0.875,"__atlas_q_grupo":0.875,"__atlas_unidade_geologica_id":"1465","__atlas_unidade_geologica_sigla":"PP3ap","__atlas_unidade_geologica_nome":"Complexo Rio Apa","__atlas_fonte":"SGB · GeoSGB · Petrografia","__atlas_snapshot":"2026-08-14"}},{"type":"Feature","id":28694481,"geometry":{"type":"Point","coordinates":[-56.884739000000025,-21.95569899999998]},"properties":{"OBJECTID":28694481,"COD_AMOSTRA":84362,"COD_AFLORAMENTO":413097,"COD_ROCHA":468358,"NUM_CAMPO_AMOSTRA":"MR-0082-A","COD_LAMINA":24800,"NUM_CAMPO_LAMINA":"4075-MR-R-0082-A","NOTAS":"Macroscopia\r\nRocha foliada, cor cinza-escura, granulação fina a média, com profiroclastos de cor branca (pela microscopia, são de plagioclásio, muito alterado). Observa-se mica e quartzo.\r\nMicroscopia-\r\nEstrutura foliada (Sn), marcada principalmente por muscovita e subordinadamente por quartzo; textura lépido-granoblástica porfiroclástica, granulação fina a grossa, inequigranular.\r\nQuartzo muito deformado, com subgrãos e migração de borda (contatos muito interdigitados). Comumente observa-se padrão fitado (ao longo da Sn). Porfiroclastos de plagioclásio, muito sericitizados, tornando difícil a determinação de sua composição; aparentemente alguns grãos formam boudins. Muscovita comumente com textura fish, com granulação muito variada, muito alterada (ao longo da clivagem ocorrem porções avermelhadas e crescimento de opacos). Biotita é fina a média, concordante com a Sn, cresendo também na borda de muscovita e plagioclásio, indicando metamorfismo progressivo; é encontrada também sobre esses minerais, discordante da Sn.\r\nProtólito: pelito\r\nGrau de metamorfismo: baixo (zona da biotita) \r\nNome da rocha: biotita-muscovita xisto","PETROGRAFO":"Vidyã Vieira de Almeida","PROJETO":"Bonito - Porto Murtinho","BASE_CARTOGRAFICA":"SF.21-X-C-IV - Fazenda Margarida","TIPO_SECAO":"Delgada","GRAU_INTEMPERISMO":"Muito intemperizada","TAMANHO_AMOSTRA":"7 cm","COR_RX_FRESCA":"Cinza escuro","COR_RX_INTEMPERIZADA":null,"GRANULACAO_MINIMA":"Silte (0,062-0,004mm)","GRANULACAO_MEDIA":"Areia fina (0,062-0,25mm)","GRANULACAO_MAXIMA":"Areia média (0,25-1,0mm)","SELECIONAMENTO":null,"CONSISTENCIA_AMOSTRA":"Consistente","CONTATO":"Contato abrupto","COD_CLASSIFICACAO":null,"PROTOLITO":"Pelito","ROCHA":"Biotita-muscovita-quartzo xisto","LINK":"p_cod_amostra=84362&p_cod_rocha=468358&p_cod_afloramento=413097","LOCAL_LAMINA":"SUREG-SP","LOTE_LAMINA":null,"NUM_LAB_LAMINA":null,"FICHA":null,"MINERAIS_IDENTIFICADOS":"Quartzo(40%), Muscovita(35%), Biotita(13%), Opaco (Microscopia)(2%)","X":-56.884738999999996,"Y":-21.955699,"DATUM":"WGS84","__atlas_chave_independente":"AFLOR_ROCHA:413097:468358","__atlas_n_registros_grupo":2,"__atlas_q_registro":0.875,"__atlas_q_grupo":0.875,"__atlas_unidade_geologica_id":"1465","__atlas_unidade_geologica_sigla":"PP3ap","__atlas_unidade_geologica_nome":"Complexo Rio Apa","__atlas_fonte":"SGB · GeoSGB · Petrografia","__atlas_snapshot":"2026-08-14"}},{"type":"Feature","id":28694689,"geometry":{"type":"Point","coordinates":[-56.92786050000001,-21.521789300000023]},"properties":{"OBJECTID":28694689,"COD_AMOSTRA":84418,"COD_AFLORAMENTO":413193,"COD_ROCHA":468464,"NUM_CAMPO_AMOSTRA":"EL00014-A","COD_LAMINA":24813,"NUM_CAMPO_LAMINA":"4075-EL-R-0014-A","NOTAS":"Macroscopia\r\nAmostra com 05 x 04 cm pouco alterada com porções com cor cinza escuro esverdeado e porções com cor cinza esbranquiçado. Textura fanerítica média (02 mm). Estrutura maciça. IC=55%. É composta essencialmente por piroxênio e plagioclásio.\r\nMicroscopia\r\nOcorrem cristais subédricos e euédricos de plagioclásio (Labradorita An 60; Andesina An 48), com até 03 mm, parcialmente sericitizados (substituídos por actinolita-tremolita?) e orientados aleatoriamente. Pequenos cristais de plagioclásio por vezes são parcialmente envolvidos por piroxênio formando localmente textura subofítica.\r\nOs cristais maiores de piroxênio (opx e cpx) são levemente esverdeados e em sua maioria subédricos (com 02 mm). Ocorrem cristais menores de piroxênio anédrico e intersticial. Comumente os cristais de piroxênio mostram uma borda de reação formada por intercrescimento entre hornblenda e biotita. Os contatos entre opx e cpx por vezes são irregulares Ocorrem cristais de cpx geminado. \r\nOs interstícios são ocupados por cristais de quartzo, com até 01 mm, muitas vezes associados com porções com textura micrográfica. \r\nOs cristais de minerais opacos têm até 03 mm, são anédricos e frequentemente associados com biotita e hornblenda. Ocorrem regiões com concentração de clorita.\r\nNome da rocha: piroxênio quartzo gabro com hornblenda e biotita","PETROGRAFO":"Vidyã Vieira de Almeida","PROJETO":"Bonito - Porto Murtinho","BASE_CARTOGRAFICA":"SF.21-X-C-IV - Fazenda Margarida","TIPO_SECAO":"Delgada","GRAU_INTEMPERISMO":"Pouco intemperizada","TAMANHO_AMOSTRA":"5 cm","COR_RX_FRESCA":"Cinza esverdeado","COR_RX_INTEMPERIZADA":null,"GRANULACAO_MINIMA":"Fanerítica média (1,0-5,0mm)","GRANULACAO_MEDIA":"Fanerítica média (1,0-5,0mm)","GRANULACAO_MAXIMA":"Fanerítica média (1,0-5,0mm)","SELECIONAMENTO":null,"CONSISTENCIA_AMOSTRA":"Consistente","CONTATO":null,"COD_CLASSIFICACAO":null,"PROTOLITO":null,"ROCHA":"Hornblenda gabro","LINK":"p_cod_amostra=84418&p_cod_rocha=468464&p_cod_afloramento=413193","LOCAL_LAMINA":"SUREG-SP","LOTE_LAMINA":null,"NUM_LAB_LAMINA":null,"FICHA":null,"MINERAIS_IDENTIFICADOS":"Enstatita(23%), Augita(16%), Quartzo(5%), Opaco (Microscopia)(5%), Actinolita(3%), Biotita(2%), Clorita(2%), Hornblenda(2%)","X":-56.9278605,"Y":-21.521789300000002,"DATUM":"WGS84","__atlas_chave_independente":"AFLOR_ROCHA:413193:468464","__atlas_n_registros_grupo":1,"__atlas_q_registro":0.875,"__atlas_q_grupo":0.875,"__atlas_unidade_geologica_id":"1465","__atlas_unidade_geologica_sigla":"PP3ap","__atlas_unidade_geologica_nome":"Complexo Rio Apa","__atlas_fonte":"SGB · GeoSGB · Petrografia","__atlas_snapshot":"2026-08-14"}},{"type":"Feature","id":28694705,"geometry":{"type":"Point","coordinates":[-56.922364800000025,-21.524623799999972]},"properties":{"OBJECTID":28694705,"COD_AMOSTRA":84419,"COD_AFLORAMENTO":413194,"COD_ROCHA":468465,"NUM_CAMPO_AMOSTRA":"EL-0015-A","COD_LAMINA":24814,"NUM_CAMPO_LAMINA":"4075-EL-R-0015-A","NOTAS":"Macroscopia\r\nSem amostra (a amostra e o tarugo não retornaram do LAMIR).\r\nMicroscopia\r\nA lâmina apresenta uma estrutura brechada com uma matriz muito fina composta por porções amarronzadas criptocristalinas (material desvitrificado?, alterado?) associadas com pequenos cristais de quartzo (< 0,1 mm) e feldspato. Também ocorrem cristaloclastos maiores (~0,5 mm) de quartzo e feldspato euédricos e anédricos (arredondados).\r\nA matriz foi bastante modificada por venulações preenchidas por quartzo euédrico, por vezes fibroso, com até 01 mm. As venulações por vezes \"cortam\" os fragmentos líticos. Os fragmentos maiores são por vezes amoldados pelas venulações. \r\nOcorre uma série de fragmentos líticos que variam de <1 mm a 1,3 cm. Os fragmentos líticos são, em sua maioria, angulosos e alguns mostram contatos com difícil delimitação. Os fragmentos líticos são compostos por matriz escura (marrom a preta na lâmina) por vezes criptocristalina (com material muito fino e escuro associado com quartzo recristalizado?) onde estão \"mergulhados\" cristaloclastos de quartzo e feldspato (plagioclásio e microclínio), por vezes euédricos, com bordas corroídas e texturas de reabsorção.\r\nOs fragmentos líticos maiores mostram inclusões de fragmentos menores por vezes isótropos e/ou achatados e também por vezes compostos por quartzo recristalizado.\r\nOcorrem vários fragmentos achatados (fiammes?), com cor preta (material de oxidação?) por vezes com inclusões de cristais de quartzo orientados na direção do maior comprimento.\r\nTambém ocorrem fragmentos líticos laminados com textura eutaxítica?? (com feições de soldamento??).\r\nOcorrem fragmentos compostos por feldspato e quartzo recristalizados? (litoclasto acidental?) e também fragmento composto por microclínio deformado, com microfalhas e recristalizado por bulging (litoclasto acidental?).\r\nOcorrem fragmentos líticos com biotita associada com mineral opaco.\r\nA outra seção delgada sem lamínula apresenta uma matriz com maior proporção de quartzo e feldspato.\r\nNome da rocha: lapilitufo ","PETROGRAFO":"Vidyã Vieira de Almeida","PROJETO":"Bonito - Porto Murtinho","BASE_CARTOGRAFICA":"SF.21-X-C-IV - Fazenda Margarida","TIPO_SECAO":"Delgada","GRAU_INTEMPERISMO":null,"TAMANHO_AMOSTRA":null,"COR_RX_FRESCA":null,"COR_RX_INTEMPERIZADA":null,"GRANULACAO_MINIMA":" ","GRANULACAO_MEDIA":" ","GRANULACAO_MAXIMA":" ","SELECIONAMENTO":null,"CONSISTENCIA_AMOSTRA":null,"CONTATO":null,"COD_CLASSIFICACAO":null,"PROTOLITO":null,"ROCHA":"Tufo lapillítico","LINK":"p_cod_amostra=84419&p_cod_rocha=468465&p_cod_afloramento=413194","LOCAL_LAMINA":"SUREG-SP","LOTE_LAMINA":null,"NUM_LAB_LAMINA":null,"FICHA":null,"MINERAIS_IDENTIFICADOS":"Quartzo(80%), Opaco (Microscopia)(1%)","X":-56.9223648,"Y":-21.5246238,"DATUM":"WGS84","__atlas_chave_independente":"AFLOR_ROCHA:413194:468465","__atlas_n_registros_grupo":1,"__atlas_q_registro":0.875,"__atlas_q_grupo":0.875,"__atlas_unidade_geologica_id":"1465","__atlas_unidade_geologica_sigla":"PP3ap","__atlas_unidade_geologica_nome":"Complexo Rio Apa","__atlas_fonte":"SGB · GeoSGB · Petrografia","__atlas_snapshot":"2026-08-14"}},{"type":"Feature","id":28694769,"geometry":{"type":"Point","coordinates":[-56.867302600000016,-21.612942599999997]},"properties":{"OBJECTID":28694769,"COD_AMOSTRA":84424,"COD_AFLORAMENTO":413201,"COD_ROCHA":468473,"NUM_CAMPO_AMOSTRA":"MR-0222-A","COD_LAMINA":24817,"NUM_CAMPO_LAMINA":"4075-MR-R-0222-A","NOTAS":"Macroscopia\r\nAmostra com 09 x 05 cm com superfície moderadamente alterada. A cor é cinza. A granulação é média (01 a 03 mm). É composta basicamente por anfibólio (hornblenda) e feldspato (plagioclásio). A estrutura é foliada. Ocorrem finas lentes com concentração de plagioclásio.\r\nMicroscopia\r\nOcorrem cristais de hornblenda verde anédrica, com até 02 mm, orientadas principalmente para uma direção e por vezes com pequenas inclusões arredondadas de quartzo. Os cristais de hornblenda estão associados com cristais de plagioclásio anédrico, com 01 mm, com e sem geminação. Os cristais sem geminação mostram zoneamento e extinção concêntrica. Alguns cristais de plagioclásio mostram pequenas inclusões de hornblenda e quartzo. Ocorrem cristais de plagioclásio parcialmente saussuritizados. Ocorrem alguns cristais de   clorita que em um caso está intercrescida com muscovita. Pequenos cristais de minerais opacos e epidoto também são encontrados. \r\nNome da rocha: anfibolito","PETROGRAFO":"Vidyã Vieira de Almeida","PROJETO":"Bonito - Porto Murtinho","BASE_CARTOGRAFICA":"SF.21-X-C-IV - Fazenda Margarida","TIPO_SECAO":"Delgada","GRAU_INTEMPERISMO":"Moderadamente intemperizada","TAMANHO_AMOSTRA":"9 cm","COR_RX_FRESCA":"Cinza esverdeado","COR_RX_INTEMPERIZADA":null,"GRANULACAO_MINIMA":"Fanerítica média (1,0-5,0mm)","GRANULACAO_MEDIA":"Fanerítica média (1,0-5,0mm)","GRANULACAO_MAXIMA":"Fanerítica média (1,0-5,0mm)","SELECIONAMENTO":null,"CONSISTENCIA_AMOSTRA":"Consistente","CONTATO":"Contato intrusivo","COD_CLASSIFICACAO":null,"PROTOLITO":null,"ROCHA":"Hornblenda anfibolito","LINK":"p_cod_amostra=84424&p_cod_rocha=468473&p_cod_afloramento=413201","LOCAL_LAMINA":"SUREG-SP","LOTE_LAMINA":null,"NUM_LAB_LAMINA":null,"FICHA":null,"MINERAIS_IDENTIFICADOS":"Hornblenda(55%), Opaco (Microscopia)(2%), Epidoto(2%), Quartzo(1%), Biotita(<1%), Clorita(<1%), Muscovita(<1%)","X":-56.8673026,"Y":-21.6129426,"DATUM":"WGS84","__atlas_chave_independente":"AFLOR_ROCHA:413201:468473","__atlas_n_registros_grupo":1,"__atlas_q_registro":0.875,"__atlas_q_grupo":0.875,"__atlas_unidade_geologica_id":"1465","__atlas_unidade_geologica_sigla":"PP3ap","__atlas_unidade_geologica_nome":"Complexo Rio Apa","__atlas_fonte":"SGB · GeoSGB · Petrografia","__atlas_snapshot":"2026-08-14"}},{"type":"Feature","id":28694865,"geometry":{"type":"Point","coordinates":[-56.8177096,-21.7499368]},"properties":{"OBJECTID":28694865,"COD_AMOSTRA":84436,"COD_AFLORAMENTO":413213,"COD_ROCHA":468487,"NUM_CAMPO_AMOSTRA":"MR-0234-H","COD_LAMINA":24821,"NUM_CAMPO_LAMINA":"4075-MR-R-0234-H","NOTAS":"Macroscopia\r\nAmostra com 13 x 08 cm, moderadamente alterada, cor cinza escuro esverdeado. Granulação média (01 a 03 mm). Textura nematoblástica. É composta basicamente por anfibólio e feldspato. A amostra apresenta uma foliação proeminente.  \r\nMicroscopia\r\nOcorrem cristais de hornblenda verde anédricos e subédricos, com até 03 mm, em sua maioria orientados segundo a foliação principal, com textura simplectítica e com freqüentes inclusões irregulares de cristais de quartzo. Os cristais de hornblenda frequentemente estão em contato reto com cristais de clorita, com até 02 mm, por vezes associados, substituídos por cristais menores de epidoto. \r\nHornblenda e clorita estão em contato reto com plagioclásio parcial a totalmente saussuritizados, anédricos, com 01 mm e associados com cristais anédricos de quartzo menores que 01 mm e com extinção ondulante. \r\nCristais de titanita estão associados com hornblenda e por vezes inclusos em hornblenda.\r\nCristais de minerais opacos são observados em toda a lâmina e têm até 01 mm.  \r\nNome da rocha: anfibolito (paranfibolito) ","PETROGRAFO":"Vidyã Vieira de Almeida","PROJETO":"Bonito - Porto Murtinho","BASE_CARTOGRAFICA":"SF.21-X-C-IV - Fazenda Margarida","TIPO_SECAO":"Delgada","GRAU_INTEMPERISMO":"Moderadamente intemperizada","TAMANHO_AMOSTRA":"13 cm","COR_RX_FRESCA":"Cinza esverdeado","COR_RX_INTEMPERIZADA":null,"GRANULACAO_MINIMA":"Fanerítica média (1,0-5,0mm)","GRANULACAO_MEDIA":"Fanerítica média (1,0-5,0mm)","GRANULACAO_MAXIMA":"Fanerítica média (1,0-5,0mm)","SELECIONAMENTO":null,"CONSISTENCIA_AMOSTRA":"Consistente","CONTATO":"Contato intrusivo","COD_CLASSIFICACAO":null,"PROTOLITO":null,"ROCHA":"Paraanfibolito","LINK":"p_cod_amostra=84436&p_cod_rocha=468487&p_cod_afloramento=413213","LOCAL_LAMINA":"SUREG-SP","LOTE_LAMINA":null,"NUM_LAB_LAMINA":null,"FICHA":null,"MINERAIS_IDENTIFICADOS":"Hornblenda(41%), Quartzo(15%), Clorita(12%), Opaco (Microscopia)(5%), Titanita(3%), Epidoto(2%)","X":-56.8177096,"Y":-21.7499368,"DATUM":"WGS84","__atlas_chave_independente":"AFLOR_ROCHA:413213:468487","__atlas_n_registros_grupo":2,"__atlas_q_registro":0.875,"__atlas_q_grupo":0.875,"__atlas_unidade_geologica_id":"1465","__atlas_unidade_geologica_sigla":"PP3ap","__atlas_unidade_geologica_nome":"Complexo Rio Apa","__atlas_fonte":"SGB · GeoSGB · Petrografia","__atlas_snapshot":"2026-08-14"}},{"type":"Feature","id":28694945,"geometry":{"type":"Point","coordinates":[-56.99042800000001,-21.5656879]},"properties":{"OBJECTID":28694945,"COD_AMOSTRA":84447,"COD_AFLORAMENTO":413222,"COD_ROCHA":468499,"NUM_CAMPO_AMOSTRA":"VC080 (","COD_LAMINA":24829,"NUM_CAMPO_LAMINA":"4075-VC-R-80","NOTAS":"Macroscopia\r\nAmostra com 10 x 05 cm moderadamente alterada. Cor marrom avermelhado. Granulação média a grossa (até 05 mm). É composta por feldspato róseo, quartzo, plagioclásio (alterado), muscovita (cristais com até 05 mm) e biotita (concentrada em finas lâminas). A amostra é foliada.\r\nMicroscopia\r\nOcorrem cristais anédricos de quartzo, com até 02 mm, com extinção ondulante. Os cristais de quartzo por vezes formam agregados compostos por cristais com contatos curvados e interlobados entre si. Os cristais de quartzo por vezes mostram pequenas inclusões de muscovita euédrica.\r\nOcorrem cristais anédricos de microclínio micropertítico, com até 02 mm, deformado e com inclusões arredondadas de quartzo e também de muscovita euédrica. Subordinadamente ocorrem cristais menores de plagioclásio deformado por vezes também com inclusões arredondadas de quartzo. Os contatos entre feldspato e quartzo são ondulados e levemente irregulares.\r\nOcorrem cristais de muscovita euédrica e subédrica, com até 01 mm, orientados para mais de uma direção. Alguns cristais também mostram extinção ondulante.\r\nNome da rocha: muscovita sienogranito foliado ","PETROGRAFO":"Vidyã Vieira de Almeida","PROJETO":"Bonito - Porto Murtinho","BASE_CARTOGRAFICA":"SF.21-X-C-IV - Fazenda Margarida","TIPO_SECAO":"Delgada","GRAU_INTEMPERISMO":"Moderadamente intemperizada","TAMANHO_AMOSTRA":"10 cm","COR_RX_FRESCA":"Marrom claro","COR_RX_INTEMPERIZADA":null,"GRANULACAO_MINIMA":"Fanerítica média (1,0-5,0mm)","GRANULACAO_MEDIA":"Fanerítica média (1,0-5,0mm)","GRANULACAO_MAXIMA":"Fanerítica grossa (5,0-30,0mm)","SELECIONAMENTO":null,"CONSISTENCIA_AMOSTRA":"Consistente","CONTATO":null,"COD_CLASSIFICACAO":null,"PROTOLITO":null,"ROCHA":"Muscovita-biotita sienogranito","LINK":"p_cod_amostra=84447&p_cod_rocha=468499&p_cod_afloramento=413222","LOCAL_LAMINA":"SUREG-SP","LOTE_LAMINA":null,"NUM_LAB_LAMINA":null,"FICHA":null,"MINERAIS_IDENTIFICADOS":"Quartzo(50%), Microclínio(34%), Muscovita(6%)","X":-56.990427999999994,"Y":-21.5656879,"DATUM":"WGS84","__atlas_chave_independente":"AFLOR_ROCHA:413222:468499","__atlas_n_registros_grupo":1,"__atlas_q_registro":0.875,"__atlas_q_grupo":0.875,"__atlas_unidade_geologica_id":"1465","__atlas_unidade_geologica_sigla":"PP3ap","__atlas_unidade_geologica_nome":"Complexo Rio Apa","__atlas_fonte":"SGB · GeoSGB · Petrografia","__atlas_snapshot":"2026-08-14"}},{"type":"Feature","id":28694977,"geometry":{"type":"Point","coordinates":[-56.980040299999985,-21.59831250000002]},"properties":{"OBJECTID":28694977,"COD_AMOSTRA":84449,"COD_AFLORAMENTO":413228,"COD_ROCHA":468505,"NUM_CAMPO_AMOSTRA":"VC086 (","COD_LAMINA":24831,"NUM_CAMPO_LAMINA":"4075-VC-R-86","NOTAS":"Macroscopia\r\nAmostra com 11 x 08 cm moderadamente alterada. A cor é cinza escuro com porções cinza esbranquiçado. A textura é fanerítica média (01 a 02 mm). Estrutura maciça. É composta essencialmente pó piroxênio e ripas de plagioclásio.  \r\nMicroscopia\r\nOcorrem ripas de plagioclásio euédricos e subédricos, com até 02 mm, por vezes deformados, parcialmente sericitizados e orientados aleatoriamente. Localmente ocorre textura subofítica onde os cristais de plagioclásio são parcialmente (alguns totalmente) envolvidos por cristais de piroxênio. Os cristais de piroxênio (maioria cpx) são em parte subédricos e em parte anédricos (intersticiais) com até 03 mm. Os cristais são levemente esverdeados, por vezes geminados e comumente mostram borda de reação formada por hornblenda verde intercrescida com biotita. A borda de reação por vezes ocupa quase todo o cristal. Os contatos entre opx e cpx são irregulares.\r\nOcorrem cristais intersticiais de quartzo muitas vezes associado com porções com textura gráfica/mirmequítica?. Essas porções estão em contato irregular com plagioclásio.\r\nOcorrem pequenas porções com concentração de clorita.  \r\nOs cristais de minerais opacos têm 01 mm e estão frequentemente associados com biotita e hornblenda.\r\nNome da rocha: piroxênio quartzo gabro com hornblenda e biotita","PETROGRAFO":"Vidyã Vieira de Almeida","PROJETO":"Bonito - Porto Murtinho","BASE_CARTOGRAFICA":"SF.21-X-C-IV - Fazenda Margarida","TIPO_SECAO":"Delgada","GRAU_INTEMPERISMO":"Moderadamente intemperizada","TAMANHO_AMOSTRA":"11 cm","COR_RX_FRESCA":"Cinza escuro","COR_RX_INTEMPERIZADA":null,"GRANULACAO_MINIMA":"Fanerítica média (1,0-5,0mm)","GRANULACAO_MEDIA":"Fanerítica média (1,0-5,0mm)","GRANULACAO_MAXIMA":"Fanerítica média (1,0-5,0mm)","SELECIONAMENTO":null,"CONSISTENCIA_AMOSTRA":"Consistente","CONTATO":"Contato intrusivo","COD_CLASSIFICACAO":null,"PROTOLITO":null,"ROCHA":"Ortopiroxênio gabro","LINK":"p_cod_amostra=84449&p_cod_rocha=468505&p_cod_afloramento=413228","LOCAL_LAMINA":"SUREG-SP","LOTE_LAMINA":null,"NUM_LAB_LAMINA":null,"FICHA":null,"MINERAIS_IDENTIFICADOS":"Augita(20%), Quartzo(15%), Hornblenda(7%), Opaco (Microscopia)(6%), Biotita(4%), Clorita(2%)","X":-56.9800403,"Y":-21.5983125,"DATUM":"WGS84","__atlas_chave_independente":"AFLOR_ROCHA:413228:468505","__atlas_n_registros_grupo":1,"__atlas_q_registro":0.875,"__atlas_q_grupo":0.875,"__atlas_unidade_geologica_id":"1465","__atlas_unidade_geologica_sigla":"PP3ap","__atlas_unidade_geologica_nome":"Complexo Rio Apa","__atlas_fonte":"SGB · GeoSGB · Petrografia","__atlas_snapshot":"2026-08-14"}},{"type":"Feature","id":28694993,"geometry":{"type":"Point","coordinates":[-56.97624080000003,-21.615270699999996]},"properties":{"OBJECTID":28694993,"COD_AMOSTRA":84450,"COD_AFLORAMENTO":413230,"COD_ROCHA":468507,"NUM_CAMPO_AMOSTRA":"VC088-A","COD_LAMINA":24832,"NUM_CAMPO_LAMINA":"4075-VC-R-88","NOTAS":"Macroscopia\r\nAmostra orientada.\r\nRocha de cor cinza-esverdeada, com uma banda branca a rósea, de granulação fina a média.\r\n\r\nMicroscopia\r\nEstrutura levemente foliada (marcada pelo epídoto), Sn; textura nemato-granoblástica. Granulação fina a média, inequigranular.\r\nOcorrem concentrações de epídoto fino, mas geralmente o mineral ocorre disperso, com granulação fina a média.\r\nNa parte central da lâmina há uma banda rica em feldspatos, onde ocorre o microclício (por vezes pertítico), muito alterada. O plagioclásio, que também ocorre disperso no restante da rocha, encontra-se muito saussuritizado.\r\nProtólito: Calciossilicática ?\r\nGrau de metamorfismo: médio a alto (zona da zoisita)\r\n\r\nNome da rocha: epidotito","PETROGRAFO":"Vidyã Vieira de Almeida","PROJETO":"Bonito - Porto Murtinho","BASE_CARTOGRAFICA":"SF.21-X-C-IV - Fazenda Margarida","TIPO_SECAO":"Delgada","GRAU_INTEMPERISMO":"Moderadamente intemperizada","TAMANHO_AMOSTRA":"6 cm","COR_RX_FRESCA":"Cinza esverdeado","COR_RX_INTEMPERIZADA":null,"GRANULACAO_MINIMA":"Fanerítica fina (<1,0mm)","GRANULACAO_MEDIA":"Fanerítica média (1,0-5,0mm)","GRANULACAO_MAXIMA":"Fanerítica média (1,0-5,0mm)","SELECIONAMENTO":null,"CONSISTENCIA_AMOSTRA":"Consistente","CONTATO":null,"COD_CLASSIFICACAO":null,"PROTOLITO":"Rocha calcissilicática","ROCHA":"Epidotito","LINK":"p_cod_amostra=84450&p_cod_rocha=468507&p_cod_afloramento=413230","LOCAL_LAMINA":"SUREG-SP","LOTE_LAMINA":null,"NUM_LAB_LAMINA":null,"FICHA":null,"MINERAIS_IDENTIFICADOS":"Epidoto(45%), Quartzo(40%), Microclínio(2%), Titanita(<1%)","X":-56.9762408,"Y":-21.6152707,"DATUM":"WGS84","__atlas_chave_independente":"AFLOR_ROCHA:413230:468507","__atlas_n_registros_grupo":1,"__atlas_q_registro":0.875,"__atlas_q_grupo":0.875,"__atlas_unidade_geologica_id":"1465","__atlas_unidade_geologica_sigla":"PP3ap","__atlas_unidade_geologica_nome":"Complexo Rio Apa","__atlas_fonte":"SGB · GeoSGB · Petrografia","__atlas_snapshot":"2026-08-14"}},{"type":"Feature","id":28695057,"geometry":{"type":"Point","coordinates":[-56.78584699999999,-21.504862300000013]},"properties":{"OBJECTID":28695057,"COD_AMOSTRA":84465,"COD_AFLORAMENTO":413254,"COD_ROCHA":468533,"NUM_CAMPO_AMOSTRA":"EL-0027-A","COD_LAMINA":24836,"NUM_CAMPO_LAMINA":"4075-EL-R-0027","NOTAS":"Macroscopia\r\nAmostra com 07 x 04 cm com superfície bastante alterada. A rocha sã mostra cor cinza. Granulação média (01 a 02 mm). Textura lepidogranoblástica. É composta por quartzo, muscovita e subordinadamente feldspato (cristais alterados). Estrutura xistosa. Ocorre uma foliação principal milonítica. Na região mais alterada ocorre uma fliação oblíqua formando pares SC.\r\nMicroscopia\r\nOcorrem cristais alongados de quartzo, com até 02 mm, com extinção ondulante e recristalizados por migração de borda de grão. Ocorre uma incipiente sobreposição por bulging. \r\nOcorrem finas lâminas micáceas formadas por muscovita sigmoidal, com 02 mm e com extinção ondulante.\r\nOcorrem alguns possíveis cristais de feldspato completamente alterados.\r\nOcorre uma foliação principal paralela ao alongamento do quartzo e à orientação das lâminas micáceas e uma foliação oblíqua dada pela orientação de cristais de muscovita formando pares SC. \r\n\r\nNome da rocha: muscovita quartzito milonítico (com feldspato?)","PETROGRAFO":"Vidyã Vieira de Almeida","PROJETO":"Bonito - Porto Murtinho","BASE_CARTOGRAFICA":"SF.21-X-C-IV - Fazenda Margarida","TIPO_SECAO":"Delgada","GRAU_INTEMPERISMO":"Muito intemperizada","TAMANHO_AMOSTRA":"7 cm","COR_RX_FRESCA":"Cinza","COR_RX_INTEMPERIZADA":null,"GRANULACAO_MINIMA":"Areia média (0,25-1,0mm)","GRANULACAO_MEDIA":"Areia média (0,25-1,0mm)","GRANULACAO_MAXIMA":"Areia média (0,25-1,0mm)","SELECIONAMENTO":null,"CONSISTENCIA_AMOSTRA":"Consistente","CONTATO":null,"COD_CLASSIFICACAO":null,"PROTOLITO":null,"ROCHA":"Muscovita quartzito","LINK":"p_cod_amostra=84465&p_cod_rocha=468533&p_cod_afloramento=413254","LOCAL_LAMINA":"SUREG-SP","LOTE_LAMINA":null,"NUM_LAB_LAMINA":null,"FICHA":null,"MINERAIS_IDENTIFICADOS":"Quartzo(70%), Muscovita(30%)","X":-56.785847,"Y":-21.5048623,"DATUM":"WGS84","__atlas_chave_independente":"AFLOR_ROCHA:413254:468533","__atlas_n_registros_grupo":1,"__atlas_q_registro":0.875,"__atlas_q_grupo":0.875,"__atlas_unidade_geologica_id":"1465","__atlas_unidade_geologica_sigla":"PP3ap","__atlas_unidade_geologica_nome":"Complexo Rio Apa","__atlas_fonte":"SGB · GeoSGB · Petrografia","__atlas_snapshot":"2026-08-14"}},{"type":"Feature","id":28695169,"geometry":{"type":"Point","coordinates":[-56.922234600000024,-21.76803430000001]},"properties":{"OBJECTID":28695169,"COD_AMOSTRA":84501,"COD_AFLORAMENTO":413301,"COD_ROCHA":468590,"NUM_CAMPO_AMOSTRA":"MR-0254","COD_LAMINA":24843,"NUM_CAMPO_LAMINA":"4075-MR-R-0254","NOTAS":"Microscopia\r\nEstrutura levemente foliada (Sn), marcada principalmente por grãos de plagioclásio e em menor intensidade por grãos de quartzo mais grossos; textura granoblástica, granulação fina a grossa, inequigranular.\r\nGrãos de quartzo muito deformados, apresentando comumente borda de migração, e menos frequentemente lamelas de deformação.\r\nGrãos de plagioclásio (Andesina ~An43) muito saussuritizados, tornando difícil a observação de geminação (subeuédricos a anédricos). \r\nSericita muito fina ocorre como alteração de plagioclásio e grãos finos de muscovita são encontrados também associados a plagioclásio, principalmente nas bordas.\r\n\r\nGrau de metamorfismo: baixo\r\nProtólito: arenito feldspático\r\nNome da rocha: quartzito feldspático","PETROGRAFO":"Vidyã Vieira de Almeida","PROJETO":"Bonito - Porto Murtinho","BASE_CARTOGRAFICA":"SF.21-X-C-IV - Fazenda Margarida","TIPO_SECAO":"Delgada","GRAU_INTEMPERISMO":null,"TAMANHO_AMOSTRA":null,"COR_RX_FRESCA":null,"COR_RX_INTEMPERIZADA":null,"GRANULACAO_MINIMA":" ","GRANULACAO_MEDIA":" ","GRANULACAO_MAXIMA":" ","SELECIONAMENTO":null,"CONSISTENCIA_AMOSTRA":null,"CONTATO":null,"COD_CLASSIFICACAO":null,"PROTOLITO":"Arenito feldspático","ROCHA":"Quartzito feldspático","LINK":"p_cod_amostra=84501&p_cod_rocha=468590&p_cod_afloramento=413301","LOCAL_LAMINA":"SUREG-SP","LOTE_LAMINA":null,"NUM_LAB_LAMINA":null,"FICHA":null,"MINERAIS_IDENTIFICADOS":"Quartzo(75%), Muscovita(5%), Monazita(<1%)","X":-56.9222346,"Y":-21.7680343,"DATUM":"WGS84","__atlas_chave_independente":"AFLOR_ROCHA:413301:468590","__atlas_n_registros_grupo":1,"__atlas_q_registro":0.875,"__atlas_q_grupo":0.875,"__atlas_unidade_geologica_id":"1465","__atlas_unidade_geologica_sigla":"PP3ap","__atlas_unidade_geologica_nome":"Complexo Rio Apa","__atlas_fonte":"SGB · GeoSGB · Petrografia","__atlas_snapshot":"2026-08-14"}},{"type":"Feature","id":28695249,"geometry":{"type":"Point","coordinates":[-56.76126119999998,-21.93544639999999]},"properties":{"OBJECTID":28695249,"COD_AMOSTRA":84509,"COD_AFLORAMENTO":413310,"COD_ROCHA":468599,"NUM_CAMPO_AMOSTRA":"MR-0263","COD_LAMINA":24848,"NUM_CAMPO_LAMINA":"4075-MR-R-0263","NOTAS":"Macroscopia\r\nAmostra com 7,5 x 6,5 cm moderadamente alterada. A granulação é muito fina. A cor é cinza escuro com venulações milimétricas carbonáticas, com cor cinza claro, dispostas para várias direções. É composta por carbonato. Estrutura maciça. As porções mais escuras e as venulações mostraram efervescência com a adição de HCl.\r\nMicroscopia\r\nA matriz da rocha é composta essencialmente por cristais muito pequenos de carbonato (<<0,1 mm) sem orientação preferencial. Ocorrem alguns cristais associados de quartzo e feldspato (plagioclásio?).\r\nAs venulações mais claras são compostas por cristais de carbonato em geral maiores, com até 1,5 mm. As venulações por vezes apresentam alguns cristais de quartzo e feldspato?.\r\nOcorrem estilólitos preenchidos por material de oxidação (óxido de ferro). Os estilólitos estão dispostos para mais de uma direção.\r\nNome da rocha: calcário calcítico","PETROGRAFO":"Vidyã Vieira de Almeida","PROJETO":"Bonito - Porto Murtinho","BASE_CARTOGRAFICA":"SF.21-X-C-IV - Fazenda Margarida","TIPO_SECAO":"Delgada","GRAU_INTEMPERISMO":"Moderadamente intemperizada","TAMANHO_AMOSTRA":"7 cm","COR_RX_FRESCA":"Cinza escuro","COR_RX_INTEMPERIZADA":null,"GRANULACAO_MINIMA":"Silte (0,062-0,004mm)","GRANULACAO_MEDIA":"Areia fina (0,062-0,25mm)","GRANULACAO_MAXIMA":"Areia fina (0,062-0,25mm)","SELECIONAMENTO":null,"CONSISTENCIA_AMOSTRA":"Consistente","CONTATO":null,"COD_CLASSIFICACAO":null,"PROTOLITO":null,"ROCHA":"Calcário calcítico","LINK":"p_cod_amostra=84509&p_cod_rocha=468599&p_cod_afloramento=413310","LOCAL_LAMINA":"SUREG-SP","LOTE_LAMINA":null,"NUM_LAB_LAMINA":null,"FICHA":null,"MINERAIS_IDENTIFICADOS":"Carbonato(99%), Quartzo(1%), Feldspato(<1%)","X":-56.7612612,"Y":-21.9354464,"DATUM":"WGS84","__atlas_chave_independente":"AFLOR_ROCHA:413310:468599","__atlas_n_registros_grupo":1,"__atlas_q_registro":0.875,"__atlas_q_grupo":0.875,"__atlas_unidade_geologica_id":"3344","__atlas_unidade_geologica_sigla":"NP3cec","__atlas_unidade_geologica_nome":"Fácies Cerradinho, calcário calcítico","__atlas_fonte":"SGB · GeoSGB · Petrografia","__atlas_snapshot":"2026-08-14"}},{"type":"Feature","id":28695281,"geometry":{"type":"Point","coordinates":[-56.88184699999999,-21.916414999999972]},"properties":{"OBJECTID":28695281,"COD_AMOSTRA":84521,"COD_AFLORAMENTO":413337,"COD_ROCHA":468632,"NUM_CAMPO_AMOSTRA":"MR-0099","COD_LAMINA":24850,"NUM_CAMPO_LAMINA":"4075-MR-R-0099","NOTAS":"Macroscopia\r\nAmostra com 10 x 08 cm com superfície alterada para cor marrom avermelhado. A parte mais sã mostra uma região com cor rosada com porções esbranquiçadas, granulação média composta por plagioclásio, feldspato potássico e quartzo com venulações com quartzo fumê com ~5 mm de espessura. Esta região está em contato brusco com uma região muito fina (afanítica) com cor marrom avermelhado. A estrutura da amostra é foliada. Em uma face ocorre alternância entre bandas afaníticas e lâminas/bandas quartzo-feldspáticas com maior granulação.\r\nMicroscopia\r\nA lâmina está repleta de buracos. Ocorre uma região quartzo-feldspática, com maior granulação, com bandas miloníticas compostas por cristais muito pequenos de principalmente quartzo (<<0,1 mm) concentrados por vezes próximos ou como preenchimento de falhas que se bifurcam e que cortam toda a lâmina. Os cristais maiores de quartzo são anédricos, com até ~2 mm, com extinção ondulante e alongados para uma direção distinta das falhas. Os cristais maiores de quartzo estão presentes em venulações quartzosas. Os cristais maiores de feldspato (plagioclásio e microclínio) são anédricos, com até ~2 mm, com planos de geminação deformados. Alguns cristais encontram-se parcialmente sericitizados. Os contatos entre feldspato e quartzo são irregulares.\r\nEssa região mais grossa está em contato, por vezes brusco, com uma região (ocupa 1 cm da lâmina) no geral muito fina, milonítica, com porções ultramiloníticas, onde predominam cristais de quartzo e feldspato muito pequenos (<< 0,1 mm) associados com cristais de quartzo e feldspato anédricos com até 0,1 mm. O contato entre as duas regiões mostra mesma orientação das falhas.   \r\n(A região milonítica pode ser correspondente às porções afaníticas da amostra de mão)\r\nNome da rocha: granito milonítico (granito gnaisse?) com porções ultramiloníticas","PETROGRAFO":"Vidyã Vieira de Almeida","PROJETO":"Bonito - Porto Murtinho","BASE_CARTOGRAFICA":"SF.21-X-C-IV - Fazenda Margarida","TIPO_SECAO":"Delgada","GRAU_INTEMPERISMO":"Moderadamente intemperizada","TAMANHO_AMOSTRA":"10 cm","COR_RX_FRESCA":"Cinza rosado","COR_RX_INTEMPERIZADA":null,"GRANULACAO_MINIMA":"Fanerítica fina (<1,0mm)","GRANULACAO_MEDIA":"Fanerítica média (1,0-5,0mm)","GRANULACAO_MAXIMA":"Fanerítica média (1,0-5,0mm)","SELECIONAMENTO":null,"CONSISTENCIA_AMOSTRA":"Consistente","CONTATO":"Contato abrupto","COD_CLASSIFICACAO":null,"PROTOLITO":null,"ROCHA":"Monzogranito milonítico","LINK":"p_cod_amostra=84521&p_cod_rocha=468632&p_cod_afloramento=413337","LOCAL_LAMINA":"SUREG-SP","LOTE_LAMINA":null,"NUM_LAB_LAMINA":null,"FICHA":null,"MINERAIS_IDENTIFICADOS":"Quartzo(50%), Opaco (Microscopia)(1%), Sericita(1%)","X":-56.881847,"Y":-21.916415,"DATUM":"WGS84","__atlas_chave_independente":"AFLOR_ROCHA:413337:468632","__atlas_n_registros_grupo":1,"__atlas_q_registro":0.875,"__atlas_q_grupo":0.875,"__atlas_unidade_geologica_id":"1465","__atlas_unidade_geologica_sigla":"PP3ap","__atlas_unidade_geologica_nome":"Complexo Rio Apa","__atlas_fonte":"SGB · GeoSGB · Petrografia","__atlas_snapshot":"2026-08-14"}},{"type":"Feature","id":28695393,"geometry":{"type":"Point","coordinates":[-56.922257,-21.869684000000007]},"properties":{"OBJECTID":28695393,"COD_AMOSTRA":84557,"COD_AFLORAMENTO":413387,"COD_ROCHA":468689,"NUM_CAMPO_AMOSTRA":"MR-0291-D","COD_LAMINA":24863,"NUM_CAMPO_LAMINA":"4075-MR-R-0291","NOTAS":"","PETROGRAFO":"Vidyã Vieira de Almeida","PROJETO":"Bonito - Porto Murtinho","BASE_CARTOGRAFICA":"SF.21-X-C-IV - Fazenda Margarida","TIPO_SECAO":"Delgada","GRAU_INTEMPERISMO":"Pouco intemperizada","TAMANHO_AMOSTRA":"6 cm","COR_RX_FRESCA":"Cinza rosado","COR_RX_INTEMPERIZADA":null,"GRANULACAO_MINIMA":"Fanerítica fina (<1,0mm)","GRANULACAO_MEDIA":"Fanerítica média (1,0-5,0mm)","GRANULACAO_MAXIMA":"Fanerítica grossa (5,0-30,0mm)","SELECIONAMENTO":null,"CONSISTENCIA_AMOSTRA":"Consistente","CONTATO":"Contato intrusivo","COD_CLASSIFICACAO":null,"PROTOLITO":null,"ROCHA":"Álcali-feldspato granito","LINK":"p_cod_amostra=84557&p_cod_rocha=468689&p_cod_afloramento=413387","LOCAL_LAMINA":"SUREG-SP","LOTE_LAMINA":null,"NUM_LAB_LAMINA":null,"FICHA":null,"MINERAIS_IDENTIFICADOS":"Quartzo(55%), Microclínio(40%)","X":-56.922256999999995,"Y":-21.869684,"DATUM":"WGS84","__atlas_chave_independente":"AFLOR_ROCHA:413387:468689","__atlas_n_registros_grupo":1,"__atlas_q_registro":0.875,"__atlas_q_grupo":0.875,"__atlas_unidade_geologica_id":"1465","__atlas_unidade_geologica_sigla":"PP3ap","__atlas_unidade_geologica_nome":"Complexo Rio Apa","__atlas_fonte":"SGB · GeoSGB · Petrografia","__atlas_snapshot":"2026-08-14"}},{"type":"Feature","id":28695457,"geometry":{"type":"Point","coordinates":[-56.922257,-21.869684000000007]},"properties":{"OBJECTID":28695457,"COD_AMOSTRA":84552,"COD_AFLORAMENTO":413387,"COD_ROCHA":468684,"NUM_CAMPO_AMOSTRA":"MR-0291-C","COD_LAMINA":24859,"NUM_CAMPO_LAMINA":"4075-MR-R-0291-C","NOTAS":"Macroscopia\r\nAmostra com 07 x 06 cm moderadamente alterada. Cor cinza escuro amarronzado com porções rosadas. Granulação fina a média (até 01 mm). Estrutura foliada. É composta por feldspato róseo, quartzo, plagioclásio, muscovita e minerais máficos (biotita). Os minerais máficos encontram-se concentrados em finas lâminas orientadas segundo a foliação principal. Em um plano da amostra são observadas lentes quartzo-feldspáticas com orientação oblíqua à Sp formando pares SC.\r\nMicroscopia\r\nOcorrem cristais anédricos de quartzo, no geral menores que 01 mm, com extinção ondulante e recristalizados por migração de borda de grão com sobreposição de bulging. Os cristais de quartzo formam agregados orientados na direção da foliação principal. Ocorrem bandas de deformação.\r\nOs cristais e agregados de quartzo estão associados com cristais anédricos de feldspato (microclínio micropertítico e plagioclásio) levemente deformados, com até 02 mm e com incipiente recristalização por bulging. O plagioclásio encontra-se levemente sericitizado/saussuritizado e mostra inclusões de quartzo vermiforme em textura mirmequítica quando em contato ou parcialmente envolvido por microclínio.\r\nPequenos cristais arredondados de quartzo encontram-se inclusos em microclínio.\r\nOcorrem cristais de biotita subédrica marrom esverdeada, com até 01 mm, associada com muscovita e pequenos cristais de epidoto.\r\nOcorre uma foliação espaçada oblíqua à foliação principal.\r\nNome da rocha: biotita granito gnaisse protomilonítico com muscovita e granada (limite entre monzo e sienogranito).  ","PETROGRAFO":"Vidyã Vieira de Almeida","PROJETO":"Bonito - Porto Murtinho","BASE_CARTOGRAFICA":"SF.21-X-C-IV - Fazenda Margarida","TIPO_SECAO":"Delgada","GRAU_INTEMPERISMO":"Moderadamente intemperizada","TAMANHO_AMOSTRA":"7 cm","COR_RX_FRESCA":"Cinza escuro","COR_RX_INTEMPERIZADA":null,"GRANULACAO_MINIMA":"Fanerítica fina (<1,0mm)","GRANULACAO_MEDIA":"Fanerítica média (1,0-5,0mm)","GRANULACAO_MAXIMA":"Fanerítica média (1,0-5,0mm)","SELECIONAMENTO":null,"CONSISTENCIA_AMOSTRA":"Consistente","CONTATO":"Contato abrupto","COD_CLASSIFICACAO":null,"PROTOLITO":null,"ROCHA":"Biotita-granada gnaisse","LINK":"p_cod_amostra=84552&p_cod_rocha=468684&p_cod_afloramento=413387","LOCAL_LAMINA":"SUREG-SP","LOTE_LAMINA":null,"NUM_LAB_LAMINA":null,"FICHA":null,"MINERAIS_IDENTIFICADOS":"Quartzo(39%), Microclínio(24%), Biotita(10%), Muscovita(4%), Opaco (Microscopia)(3%), Epidoto(2%), Apatita(1%), Clorita(1%), Granada(<1%)","X":-56.922256999999995,"Y":-21.869684,"DATUM":"WGS84","__atlas_chave_independente":"AFLOR_ROCHA:413387:468684","__atlas_n_registros_grupo":1,"__atlas_q_registro":0.875,"__atlas_q_grupo":0.875,"__atlas_unidade_geologica_id":"1465","__atlas_unidade_geologica_sigla":"PP3ap","__atlas_unidade_geologica_nome":"Complexo Rio Apa","__atlas_fonte":"SGB · GeoSGB · Petrografia","__atlas_snapshot":"2026-08-14"}},{"type":"Feature","id":28695649,"geometry":{"type":"Point","coordinates":[-56.97552000000002,-21.70685800000001]},"properties":{"OBJECTID":28695649,"COD_AMOSTRA":84579,"COD_AFLORAMENTO":413417,"COD_ROCHA":468736,"NUM_CAMPO_AMOSTRA":"MR-0302","COD_LAMINA":24873,"NUM_CAMPO_LAMINA":"4075-MR-R-0302","NOTAS":"Macroscopia\r\nAmostra com 10 x 05 cm moderadamente alterada. Presença de bandamento composto por lentes milimétricas com cor cinza claro, granulação média e composição quartzo-feldspática alternadas com lâminas micáceas (biotita + muscovita) menos espessas e com granulação média (1 - 2 mm). As lâminas/lentes encontram-se dobradas. \r\nMicroscopia\r\nPresença de leitos quartzo-feldspáticos e lâminas com concentração de biotita, hornblenda, epidoto (incluindo allanita) e subordinadamente titanita. Ocorrem cristais de quartzo anédrico, com extinção ondulante, em contato curvado com feldspato (microclínio e plagioclásio). Os cristais de plagioclásio encontram-se parcialmente saussuritizados com pequenas inclusões de epidoto. O plagioclásio mostra inclusões de mirmequita no contato com microclínio. Inclusões arredondadas de quartzo também ocorrem em plagioclásio. Os cristais de microclínio mostram micropertitas e inclusões arredondadas muito pequenas de quartzo e plagioclásio. A forma dos cristais de microclínio por vezes é bastante irregular. Os cristais de feldspato mostram deformação. Localmente ocorrem cristais menores de feldspato formando textura em mosaico.\r\nAs lâminas-lentes mostram concentração de cristais subédricos de biotita em equilíbrio com hornblenda. Ambas mostram inclusões de epidoto. Ocorrem cristais de allanita com até 1,5 mm. Os cristais menores de allanita são bordejados por epidoto.\r\nOs cristais de hornblenda mostram freqüentes inclusões de quartzo.\r\nNome da rocha: hornblenda-biotita gnaisse com titanita (migmatítico?)","PETROGRAFO":"Vidyã Vieira de Almeida","PROJETO":"Bonito - Porto Murtinho","BASE_CARTOGRAFICA":"SF.21-X-C-IV - Fazenda Margarida","TIPO_SECAO":"Delgada","GRAU_INTEMPERISMO":"Moderadamente intemperizada","TAMANHO_AMOSTRA":"10 cm","COR_RX_FRESCA":"Cinza claro","COR_RX_INTEMPERIZADA":null,"GRANULACAO_MINIMA":"Fanerítica média (1,0-5,0mm)","GRANULACAO_MEDIA":"Fanerítica média (1,0-5,0mm)","GRANULACAO_MAXIMA":"Fanerítica média (1,0-5,0mm)","SELECIONAMENTO":null,"CONSISTENCIA_AMOSTRA":"Consistente","CONTATO":null,"COD_CLASSIFICACAO":null,"PROTOLITO":null,"ROCHA":"Hornblenda gnaisse","LINK":"p_cod_amostra=84579&p_cod_rocha=468736&p_cod_afloramento=413417","LOCAL_LAMINA":"SUREG-SP","LOTE_LAMINA":null,"NUM_LAB_LAMINA":null,"FICHA":null,"MINERAIS_IDENTIFICADOS":"Quartzo(30%), Microclínio(20%), Biotita(15%), Hornblenda(5%), Epidoto(3%), Titanita(1%), Opaco (Microscopia)(<1%)","X":-56.975519999999996,"Y":-21.706858,"DATUM":"WGS84","__atlas_chave_independente":"AFLOR_ROCHA:413417:468736","__atlas_n_registros_grupo":1,"__atlas_q_registro":0.875,"__atlas_q_grupo":0.875,"__atlas_unidade_geologica_id":"1465","__atlas_unidade_geologica_sigla":"PP3ap","__atlas_unidade_geologica_nome":"Complexo Rio Apa","__atlas_fonte":"SGB · GeoSGB · Petrografia","__atlas_snapshot":"2026-08-14"}},{"type":"Feature","id":28842161,"geometry":{"type":"Point","coordinates":[-57.44400000000002,-20.918999999999983]},"properties":{"OBJECTID":28842161,"COD_AMOSTRA":116353,"COD_AFLORAMENTO":484972,"COD_ROCHA":559863,"NUM_CAMPO_AMOSTRA":"FM-0001-C","COD_LAMINA":42180,"NUM_CAMPO_LAMINA":"4220-FM-R-0001-C","NOTAS":"Granulação: Matriz fina (menor ou igual a 0,15mm), Megacristal de até 3,6mm.\r\nTextura: Reliquia ígnea, aparentemente intergranular\r\nAlteração hidrotermal: Saussuriização, sericitização, cloritização\r\nNome da rocha: Diabásio hidrotermalizado. \r\n\r\nA rocha apresenta pseudomorfos de plagioclásio ripiforme ígneo aparentemente orientado em uma direção preferencial e substituído por uma massa extremamente fina de alteração de sericitização associado com clorita e opacos. A clorita ocorre na borda de grãos já alterados entre ripas de plagioclásios. Os minerais opacos estão em formas cúbicas ou em aglomerados granulares. Ocorre saussuritização formada por agregados de mineral verde (Actinolita?) + sericita + epidoto. Esses agregados também aparentam associação com vidro muito fino (isótropo a NC). Entre ripas de plagioclásio ocorrem quartzo com cor de interferência amarelada e extinção ondulante, anédrico de contato amebóide e por vezes associado com carbonato.\r\n","PETROGRAFO":"Frederico Meira Faleiros","PROJETO":"Geologia das Folhas Aldeia Tomázia e Fazenda Santa Otília","BASE_CARTOGRAFICA":"SF.21-V-B-VI - Aldeia Tomasia","TIPO_SECAO":"Delgada","GRAU_INTEMPERISMO":null,"TAMANHO_AMOSTRA":null,"COR_RX_FRESCA":null,"COR_RX_INTEMPERIZADA":null,"GRANULACAO_MINIMA":" ","GRANULACAO_MEDIA":" ","GRANULACAO_MAXIMA":" ","SELECIONAMENTO":null,"CONSISTENCIA_AMOSTRA":null,"CONTATO":null,"COD_CLASSIFICACAO":null,"PROTOLITO":null,"ROCHA":"Diabásio","LINK":"p_cod_amostra=116353&p_cod_rocha=559863&p_cod_afloramento=484972","LOCAL_LAMINA":"SUREG-SP","LOTE_LAMINA":null,"NUM_LAB_LAMINA":null,"FICHA":null,"MINERAIS_IDENTIFICADOS":null,"X":-57.444,"Y":-20.919,"DATUM":"WGS84","__atlas_chave_independente":"AFLOR_ROCHA:484972:559863","__atlas_n_registros_grupo":1,"__atlas_q_registro":0.75,"__atlas_q_grupo":0.75,"__atlas_unidade_geologica_id":"1504","__atlas_unidade_geologica_sigla":"Q1p2","__atlas_unidade_geologica_nome":"Fácies Pantanal, depósitos aluvionares","__atlas_fonte":"SGB · GeoSGB · Petrografia","__atlas_snapshot":"2026-08-14"}},{"type":"Feature","id":28842193,"geometry":{"type":"Point","coordinates":[-57.442999999999984,-20.920000000000016]},"properties":{"OBJECTID":28842193,"COD_AMOSTRA":116354,"COD_AFLORAMENTO":484973,"COD_ROCHA":559864,"NUM_CAMPO_AMOSTRA":"FM-0002-B","COD_LAMINA":42181,"NUM_CAMPO_LAMINA":"4220-FM-R-0002-B","NOTAS":"Contato entre Biotita-gnaisse e Biotita-quartzo-xisto hidrotermalizado\r\n\r\nTextura: Granoblástica e localmente lepidoblástica, bandada\r\nAlteração hidrotermal: sericitização, saussuritização\r\nGranulação: <0,01 a 4 mm\r\n\r\nA rocha é definida por um dominío predominantemente granoblástico e quartzo-feldspático com feldspato fortemente sericitizado e por vezes saussuritizado. O quartzo possui contatos poligonais a interlobados e possui fraturas preenchidas por massa mineral pouco identificável. As micas apresentam-se desorientadas. O quartzo possui extinção ondulante.\r\n\r\nNo domínio lepidoblástico, o mineral predominantemente é a biotita, de cor verde escura e aparência túrbida. Possui pleocroismo verde a marrom e alterações para clorita + epidoto + quartzo nas bordas e também paralelamente à clivagem. \r\n\r\nA muscovita é lamelar e possui faixas pleocróicas paralelamente a clivagem de verde-pálido para verde. A maor parte das micas apresentam completa alteração para minerais agregados e extrememante finos, podendo haver epidoto + carbonato + sericita. Concentram-se nessas alterações e incluso nas biotitas, mineral opaco subédrico a anédrico. As faixas quartzo-feldspáticas entre a foliação apresenta-se corroída e fraturada, com vênulas preenchidas por epidoto e feldspatos com bordas intensamente alteradas.  \r\n\r\nMinerais:\r\nBiotita tabular verde escura-marrom (0,5 - 4mm) \r\nMuscovita lamelar (até 2mm) \r\nQuartzo (0,03 - 2,3 mm)\r\nOpacos (0,02 - 0,7mm)\r\nSericita (<0,01mm)\r\nFeldspato (com maclas e pseudomórficos) (Até 3mm)\r\nEpidoto (menor ou igual a 0,01mm)\r\n","PETROGRAFO":"Frederico Meira Faleiros","PROJETO":"Geologia das Folhas Aldeia Tomázia e Fazenda Santa Otília","BASE_CARTOGRAFICA":"SF.21-V-B-VI - Aldeia Tomasia","TIPO_SECAO":"Delgada","GRAU_INTEMPERISMO":null,"TAMANHO_AMOSTRA":null,"COR_RX_FRESCA":null,"COR_RX_INTEMPERIZADA":null,"GRANULACAO_MINIMA":" ","GRANULACAO_MEDIA":" ","GRANULACAO_MAXIMA":" ","SELECIONAMENTO":null,"CONSISTENCIA_AMOSTRA":null,"CONTATO":null,"COD_CLASSIFICACAO":null,"PROTOLITO":null,"ROCHA":"Biotita gnaisse","LINK":"p_cod_amostra=116354&p_cod_rocha=559864&p_cod_afloramento=484973","LOCAL_LAMINA":"SUREG-SP","LOTE_LAMINA":null,"NUM_LAB_LAMINA":null,"FICHA":null,"MINERAIS_IDENTIFICADOS":"Quartzo(30%), Biotita(25%), Opaco (Microscopia)(20%), Feldspato(20%), Muscovita(5%), Epidoto(<1%), Sericita(<1%)","X":-57.443000000000005,"Y":-20.92,"DATUM":"WGS84","__atlas_chave_independente":"AFLOR_ROCHA:484973:559864","__atlas_n_registros_grupo":1,"__atlas_q_registro":0.875,"__atlas_q_grupo":0.875,"__atlas_unidade_geologica_id":"1504","__atlas_unidade_geologica_sigla":"Q1p2","__atlas_unidade_geologica_nome":"Fácies Pantanal, depósitos aluvionares","__atlas_fonte":"SGB · GeoSGB · Petrografia","__atlas_snapshot":"2026-08-14"}},{"type":"Feature","id":28842225,"geometry":{"type":"Point","coordinates":[-57.41699999999997,-20.947000000000003]},"properties":{"OBJECTID":28842225,"COD_AMOSTRA":116355,"COD_AFLORAMENTO":484974,"COD_ROCHA":559865,"NUM_CAMPO_AMOSTRA":"FM-0003-C","COD_LAMINA":42182,"NUM_CAMPO_LAMINA":"4220-FM-R-0003-C","NOTAS":"Textura: subofítica a ofítica.\r\nGranulação: menor que 0,01 mm a 1 mm.\r\nNome: Meta-biotita granodiorito hidrotermalizado.\r\nMetamorfismo: fácies xisto verde inferior/sem deformação.\r\nUnidade geológica: Granito Fazenda Matão\r\n\r\nRocha isótropa com textura subofítica a ofítica marcada por ripas de pseudomorfos de plagioclásio parcial a totalmente inclusos em cristais intersticiais de quartzo e microclínio. As ripas apresentam-se em orientação aleatória e consistem de agregados muito finos (<0,01-0,05mm) de epidoto e sericita com ± albita ± clorita ± apatita. Comumente existe zonação mineralógica com bordas de albita monocrisalinas, que são melhor desenvolvidas quando em contato com microclínio. Os pseudomorfos de biotita são euédricos e alongados, constituídos por intercrescimentos com diferentes proporções entre clorita e epidoto. A clorita é verde-escuro com forte pleocroísmo para bege e cor de interferência roxo, indicando composição rica em ferro. O microclínio apresenta geminação em grade e está livre de alteração hidrotermal, embora suas inclusões (plagioclásio e biotita) estejam completamente pseudomorfizadas. Albita geminada chega a formar pequenos agregados monominerálicos localizados, onde aparece livre de alteração. O quartzo apresenta textura intersticial ígnea preservada, embora mostre extinção ipo tabuleiro de xadrez. É muito rico em inclusões fluidas aquocarbônicas e carbônicas em trilhas e faixas (secundárias), com dimensões superando 10 micrômetros. Suas inclusões de plagioclásio e biotita foram completamente pseudomorfizadas. Não ocorrem sinais de recristalização dinâmica. Ocorre titanita ígnea intersticial (até 0,5mm) e titanita hidrotermal intercrescida com clorita (até 0,05mm). O epidoto associado a clorita é mais rosso que aquele associado a sericita. Ocorrem agregados de biotita marrom-escuro alaranjada fibrosa comumente formando coroas ao redor de agregados de clorita pseudiomorfizando mineral não identificado (possível óxido de ferro). Os minerais opacos são arredondados e circulares e aparecem dominantemente inclusos em quartzo. Ocorre rara biotita marrom-escuro esverdeada euédrica inclusa em quartzo.","PETROGRAFO":"Frederico Meira Faleiros","PROJETO":"Geologia das Folhas Aldeia Tomázia e Fazenda Santa Otília","BASE_CARTOGRAFICA":"SF.21-V-B-VI - Aldeia Tomasia","TIPO_SECAO":"Delgada","GRAU_INTEMPERISMO":null,"TAMANHO_AMOSTRA":null,"COR_RX_FRESCA":null,"COR_RX_INTEMPERIZADA":null,"GRANULACAO_MINIMA":" ","GRANULACAO_MEDIA":" ","GRANULACAO_MAXIMA":" ","SELECIONAMENTO":null,"CONSISTENCIA_AMOSTRA":null,"CONTATO":null,"COD_CLASSIFICACAO":null,"PROTOLITO":"Biotita granodiorito","ROCHA":"Metagranodiorito","LINK":"p_cod_amostra=116355&p_cod_rocha=559865&p_cod_afloramento=484974","LOCAL_LAMINA":"SUREG-SP","LOTE_LAMINA":null,"NUM_LAB_LAMINA":null,"FICHA":null,"MINERAIS_IDENTIFICADOS":"Epidoto(85%), Quartzo(<40%), Albita(25%), Microclínio(18%), Sericita(7%), Biotita(5%), Clorita(5%), Opaco (Microscopia)(1%), Apatita(<1%), Carbonato(<1%), Titanita(<1%), Zircão(<1%)","X":-57.417,"Y":-20.947000000000003,"DATUM":"WGS84","__atlas_chave_independente":"AFLOR_ROCHA:484974:559865","__atlas_n_registros_grupo":2,"__atlas_q_registro":0.875,"__atlas_q_grupo":0.875,"__atlas_unidade_geologica_id":"1064","__atlas_unidade_geologica_sigla":"PP3_gamma_al","__atlas_unidade_geologica_nome":"Corpo Granito Alumiador","__atlas_fonte":"SGB · GeoSGB · Petrografia","__atlas_snapshot":"2026-08-14"}},{"type":"Feature","id":28842241,"geometry":{"type":"Point","coordinates":[-57.416,-20.947000000000003]},"properties":{"OBJECTID":28842241,"COD_AMOSTRA":116357,"COD_AFLORAMENTO":484975,"COD_ROCHA":559867,"NUM_CAMPO_AMOSTRA":"FM-0004-A","COD_LAMINA":42184,"NUM_CAMPO_LAMINA":"4220-FM-R-0004-A","NOTAS":"Granulação: Inequigranular seriada muito fina a média (0,04 a 2mm)\r\nTextura: Equigranular subédrica a anédrica\r\nAlteração idrotermal: Saussuritização\r\nMetamorfismo: Fácies xisto verde\r\n\r\nA rocha apresenta-se moderadamente alterada. A matriz é constituída basicamente de quartzo e plagioclásio. O plagioclásio está intensamente alterado e possui, em bordas de grão, inclusões de quartzo arredondado em mosaico. Ocorre inclusões de mineral que se assemelha a biotita, mas que deve corresponder à sua seudomorfização por clorita de cor amarela anômala, associado a epidoto. O quartzo possui fraca extinção ondulantes. Minerais opacos ocorrem inclusos em clorita. ","PETROGRAFO":"Frederico Meira Faleiros","PROJETO":"Geologia das Folhas Aldeia Tomázia e Fazenda Santa Otília","BASE_CARTOGRAFICA":"SF.21-V-B-VI - Aldeia Tomasia","TIPO_SECAO":"Delgada","GRAU_INTEMPERISMO":null,"TAMANHO_AMOSTRA":null,"COR_RX_FRESCA":null,"COR_RX_INTEMPERIZADA":null,"GRANULACAO_MINIMA":" ","GRANULACAO_MEDIA":" ","GRANULACAO_MAXIMA":" ","SELECIONAMENTO":null,"CONSISTENCIA_AMOSTRA":null,"CONTATO":null,"COD_CLASSIFICACAO":null,"PROTOLITO":null,"ROCHA":"Metatonalito","LINK":"p_cod_amostra=116357&p_cod_rocha=559867&p_cod_afloramento=484975","LOCAL_LAMINA":"SUREG-SP","LOTE_LAMINA":null,"NUM_LAB_LAMINA":null,"FICHA":null,"MINERAIS_IDENTIFICADOS":"Quartzo(30%), Clorita(20%), Opaco (Microscopia)(<1%), Epidoto(<1%)","X":-57.416000000000004,"Y":-20.947000000000003,"DATUM":"WGS84","__atlas_chave_independente":"AFLOR_ROCHA:484975:559867","__atlas_n_registros_grupo":1,"__atlas_q_registro":0.875,"__atlas_q_grupo":0.875,"__atlas_unidade_geologica_id":"1064","__atlas_unidade_geologica_sigla":"PP3_gamma_al","__atlas_unidade_geologica_nome":"Corpo Granito Alumiador","__atlas_fonte":"SGB · GeoSGB · Petrografia","__atlas_snapshot":"2026-08-14"}},{"type":"Feature","id":28842257,"geometry":{"type":"Point","coordinates":[-57.44,-20.951000000000022]},"properties":{"OBJECTID":28842257,"COD_AMOSTRA":116358,"COD_AFLORAMENTO":484977,"COD_ROCHA":559870,"NUM_CAMPO_AMOSTRA":"FM-0006-A","COD_LAMINA":42185,"NUM_CAMPO_LAMINA":"4220-FM-R-0006-A","NOTAS":"Granulação: Inequigranular porfiroblástica (muito fina a grossa)\r\nTextura: Pseudomórfica portfirítica\r\nAlteração hidrotermal: Cloritização intensa\r\nNome da rocha: Clorita-fels\r\n\r\nA rocha apresenta matriz totalmente alterada para clorita anédrica de cor verde e cor de interferência cinza a amarelado palha. Só é possível reconhecer fenocristais de feldspato, de forma euédrica e alongada, mas já alterado para agregados microcrisalinos irreconhecíveis. Ocorre cristais de opacos subédricos e de rutilo anédrico. Incluso em clorita, ocorre agregados com extinção no final da 2ª ordem, que pode corresponder a resquícios de piroxênios ou anfibólios que estão cloritizados. ","PETROGRAFO":"Frederico Meira Faleiros","PROJETO":"Geologia das Folhas Aldeia Tomázia e Fazenda Santa Otília","BASE_CARTOGRAFICA":"SF.21-V-B-VI - Aldeia Tomasia","TIPO_SECAO":"Delgada","GRAU_INTEMPERISMO":null,"TAMANHO_AMOSTRA":null,"COR_RX_FRESCA":null,"COR_RX_INTEMPERIZADA":null,"GRANULACAO_MINIMA":" ","GRANULACAO_MEDIA":" ","GRANULACAO_MAXIMA":" ","SELECIONAMENTO":null,"CONSISTENCIA_AMOSTRA":null,"CONTATO":null,"COD_CLASSIFICACAO":null,"PROTOLITO":null,"ROCHA":"Cloritito","LINK":"p_cod_amostra=116358&p_cod_rocha=559870&p_cod_afloramento=484977","LOCAL_LAMINA":"SUREG-SP","LOTE_LAMINA":null,"NUM_LAB_LAMINA":null,"FICHA":null,"MINERAIS_IDENTIFICADOS":"Clorita(90%), Opaco (Microscopia)(10%)","X":-57.44,"Y":-20.951,"DATUM":"WGS84","__atlas_chave_independente":"AFLOR_ROCHA:484977:559870","__atlas_n_registros_grupo":1,"__atlas_q_registro":0.875,"__atlas_q_grupo":0.875,"__atlas_unidade_geologica_id":"1504","__atlas_unidade_geologica_sigla":"Q1p2","__atlas_unidade_geologica_nome":"Fácies Pantanal, depósitos aluvionares","__atlas_fonte":"SGB · GeoSGB · Petrografia","__atlas_snapshot":"2026-08-14"}},{"type":"Feature","id":28842273,"geometry":{"type":"Point","coordinates":[-57.428,-20.920000000000016]},"properties":{"OBJECTID":28842273,"COD_AMOSTRA":116360,"COD_AFLORAMENTO":484981,"COD_ROCHA":559880,"NUM_CAMPO_AMOSTRA":"FM-0010-F","COD_LAMINA":42187,"NUM_CAMPO_LAMINA":"4220-FM-R-0010-F","NOTAS":"Textura: blastomicroporfirítica, blastointersertal\r\nGranulação: < 0,01 a 0,8 mm\r\nNome: Carbonato-epidoto-clorita fels\r\nMetamorfismo: fácies xisto verde\r\nUnidade Geológica: Suíte Rio Perdido\r\n\r\nOcorrem pseudomorfos de microfenocristais euédricos de aé 1,4 mm totalmente substituídos por agregados de clorita + carbonato ± epidoto ± quartzo. Ocorre orientação preferencial forte dos microfenocristais . A matriz apresenta textura blastointersetal com pseudomorfos de plagioclásio ripiforme euédrico em orientação aleatória com agregados de clorita, pidoto ou clorita + epidoto pseudomorfizando mineral intersticial. Também monocristais ou agregados de carbonato. As ripas de plagioclásio estão fortemente transformadas em agregados criptocristalinos de clorita + epidoto. A clorita é verde-escuro com cor de interferência marrom. ","PETROGRAFO":"Frederico Meira Faleiros","PROJETO":"Geologia das Folhas Aldeia Tomázia e Fazenda Santa Otília","BASE_CARTOGRAFICA":"SF.21-V-B-VI - Aldeia Tomasia","TIPO_SECAO":"Delgada","GRAU_INTEMPERISMO":null,"TAMANHO_AMOSTRA":null,"COR_RX_FRESCA":null,"COR_RX_INTEMPERIZADA":null,"GRANULACAO_MINIMA":" ","GRANULACAO_MEDIA":" ","GRANULACAO_MAXIMA":" ","SELECIONAMENTO":null,"CONSISTENCIA_AMOSTRA":null,"CONTATO":null,"COD_CLASSIFICACAO":null,"PROTOLITO":null,"ROCHA":"Metadiabásio","LINK":"p_cod_amostra=116360&p_cod_rocha=559880&p_cod_afloramento=484981","LOCAL_LAMINA":"SUREG-SP","LOTE_LAMINA":null,"NUM_LAB_LAMINA":null,"FICHA":null,"MINERAIS_IDENTIFICADOS":"Clorita(55%), Epidoto(20%), Carbonato(14%), Opaco (Microscopia)(6%), Quartzo(<1%)","X":-57.428000000000004,"Y":-20.92,"DATUM":"WGS84","__atlas_chave_independente":"AFLOR_ROCHA:484981:559880","__atlas_n_registros_grupo":1,"__atlas_q_registro":0.875,"__atlas_q_grupo":0.875,"__atlas_unidade_geologica_id":"1064","__atlas_unidade_geologica_sigla":"PP3_gamma_al","__atlas_unidade_geologica_nome":"Corpo Granito Alumiador","__atlas_fonte":"SGB · GeoSGB · Petrografia","__atlas_snapshot":"2026-08-14"}},{"type":"Feature","id":28842305,"geometry":{"type":"Point","coordinates":[-57.43000000000001,-20.920000000000016]},"properties":{"OBJECTID":28842305,"COD_AMOSTRA":116364,"COD_AFLORAMENTO":484982,"COD_ROCHA":559884,"NUM_CAMPO_AMOSTRA":"FM-0011-E","COD_LAMINA":42191,"NUM_CAMPO_LAMINA":"4220-FM-R-0011-E","NOTAS":"Mesoscopia\r\nCor da rocha fresca: Cinza com detalhes brancos\r\nCor da rocha alterada: Marrom\r\nGranulação: Matriz menor que 1mm e fenocristais de 1 a 7 mm.\r\nTextura: Inequigranular porfirítica\r\nEstrutura: Maciça\r\n\r\nMicroscopia\r\nGranulação: Inequigranular fino a médio (0,1 a 1,mm)\r\nTextura: Intergranular subédrico a anédrico\r\nAlteração hidrotermal: Saussuritização, epidotização\r\nNome da rocha: Diorito hidrotermalizado\r\n\r\nA rocha é composta predominantemente de plagioclásio intensamente alterado para agregados de saussurita e com formas cúbicas subeuédricas a anédricas. O piroxênio ocorre incluso no plagioclásio ou intersticialmente a ele. Quartzo ocorre incluso tanto no plagioclásio quanto no piroxênio. Em geral, a alteração é intensa na lâminam, sendo dificultoso diferenciar fenocristais e matriz. Ocorre vênulas preenchidas por agregados de epidoto por toda a lâmina. ","PETROGRAFO":"Frederico Meira Faleiros","PROJETO":"Geologia das Folhas Aldeia Tomázia e Fazenda Santa Otília","BASE_CARTOGRAFICA":"SF.21-V-B-VI - Aldeia Tomasia","TIPO_SECAO":"Delgada","GRAU_INTEMPERISMO":"Pouco intemperizada","TAMANHO_AMOSTRA":"11 cm","COR_RX_FRESCA":"Cinza claro","COR_RX_INTEMPERIZADA":null,"GRANULACAO_MINIMA":"Fanerítica média (1,0-5,0mm)","GRANULACAO_MEDIA":"Fanerítica média (1,0-5,0mm)","GRANULACAO_MAXIMA":"Fanerítica grossa (5,0-30,0mm)","SELECIONAMENTO":null,"CONSISTENCIA_AMOSTRA":"Consistente","CONTATO":null,"COD_CLASSIFICACAO":null,"PROTOLITO":null,"ROCHA":"Diorito","LINK":"p_cod_amostra=116364&p_cod_rocha=559884&p_cod_afloramento=484982","LOCAL_LAMINA":"SUREG-SP","LOTE_LAMINA":null,"NUM_LAB_LAMINA":null,"FICHA":null,"MINERAIS_IDENTIFICADOS":"Piroxênio(25%), Quartzo(8%), Epidoto(7%), Carbonato(<1%), Clorita(<1%)","X":-57.43,"Y":-20.92,"DATUM":"WGS84","__atlas_chave_independente":"AFLOR_ROCHA:484982:559884","__atlas_n_registros_grupo":1,"__atlas_q_registro":0.875,"__atlas_q_grupo":0.875,"__atlas_unidade_geologica_id":"1064","__atlas_unidade_geologica_sigla":"PP3_gamma_al","__atlas_unidade_geologica_nome":"Corpo Granito Alumiador","__atlas_fonte":"SGB · GeoSGB · Petrografia","__atlas_snapshot":"2026-08-14"}},{"type":"Feature","id":28842353,"geometry":{"type":"Point","coordinates":[-57.43000000000001,-20.920000000000016]},"properties":{"OBJECTID":28842353,"COD_AMOSTRA":116361,"COD_AFLORAMENTO":484982,"COD_ROCHA":559881,"NUM_CAMPO_AMOSTRA":"FM-0011-A","COD_LAMINA":42188,"NUM_CAMPO_LAMINA":"4220-FM-R-0011-A","NOTAS":"Mesoscopia\r\nIC: 50\r\nGranulação: Grossa, fenocristais de até 5mm\r\nTextura: Fanerítica cumulática\r\nEstrutura: Maciça\r\nMinerais observáveis: Piroxênio/anfibólio preto, plagioclásio intercumulus.\r\n\r\nMicroscopia\r\nGranulação: 1 a 6,5 mm\r\nTextura: Reliquia ígnea, cumulática\r\nMetamorfismo: Fácies xisto verde\r\nNome da rocha: Metagabro\r\nA rocha é basicamente formada por clinopiroxênio e plagioclásio parcialmente pseudomorfizado e intersticial. O clinopiroxênio está preservado em núcleos envoltos por actinolita ± epidoto, podendo ocorrer clorita nas bordas. O plagioclásio possui aparência túrbida e corroída com presença de maclas polissintéticas. É intersticial e está saussuritizado. O quartzo ocorre localmente, aparentemente fraturado e arredondado, com extinção ondulante. \r\n\r\nMinerais:\r\nClinopiroxênio subeuédrico a anédrico (até 1,3 mm) \r\nPlagioclásio (muito alterado) anédrico (Até 5 mm)\r\nActinolita subédrica a anédrica (Até 6,5 mm)\r\nQuartzo arredondado (até 4,3 mm)\r\nEpidoto\r\nClorita anédrica","PETROGRAFO":"Frederico Meira Faleiros","PROJETO":"Geologia das Folhas Aldeia Tomázia e Fazenda Santa Otília","BASE_CARTOGRAFICA":"SF.21-V-B-VI - Aldeia Tomasia","TIPO_SECAO":"Delgada","GRAU_INTEMPERISMO":"Pouco intemperizada","TAMANHO_AMOSTRA":"10 cm","COR_RX_FRESCA":"Preta","COR_RX_INTEMPERIZADA":"Laranja escuro","GRANULACAO_MINIMA":"Fanerítica grossa (5,0-30,0mm)","GRANULACAO_MEDIA":"Fanerítica grossa (5,0-30,0mm)","GRANULACAO_MAXIMA":"Fanerítica grossa (5,0-30,0mm)","SELECIONAMENTO":null,"CONSISTENCIA_AMOSTRA":"Consistente","CONTATO":null,"COD_CLASSIFICACAO":null,"PROTOLITO":null,"ROCHA":"Metagabro","LINK":"p_cod_amostra=116361&p_cod_rocha=559881&p_cod_afloramento=484982","LOCAL_LAMINA":"SUREG-SP","LOTE_LAMINA":null,"NUM_LAB_LAMINA":null,"FICHA":null,"MINERAIS_IDENTIFICADOS":"Actinolita(70%), Piroxênio(10%), Clorita(5%), Quartzo(3%), Epidoto(1%)","X":-57.43,"Y":-20.92,"DATUM":"WGS84","__atlas_chave_independente":"AFLOR_ROCHA:484982:559881","__atlas_n_registros_grupo":1,"__atlas_q_registro":0.875,"__atlas_q_grupo":0.875,"__atlas_unidade_geologica_id":"1064","__atlas_unidade_geologica_sigla":"PP3_gamma_al","__atlas_unidade_geologica_nome":"Corpo Granito Alumiador","__atlas_fonte":"SGB · GeoSGB · Petrografia","__atlas_snapshot":"2026-08-14"}},{"type":"Feature","id":28842385,"geometry":{"type":"Point","coordinates":[-57.39299999999997,-20.937000000000012]},"properties":{"OBJECTID":28842385,"COD_AMOSTRA":116366,"COD_AFLORAMENTO":484985,"COD_ROCHA":559889,"NUM_CAMPO_AMOSTRA":"FM-0014-B","COD_LAMINA":42193,"NUM_CAMPO_LAMINA":"4220-FM-R-0014-B","NOTAS":"Textura: lenticularizada, anastomosada, porfiroblástica, lepidoblástica\r\nGranulação: fina\r\nNome: Filito\r\nMetamorfismo: fácies xisto verde inferior\r\nUnidade geológica: Formação Alto Tererê\r\n\r\nA estrutura principal consiste de uma clivagem de banda de cisalhamento do tipo C`, com sericita orientada segundo as direções S e C. Ocorrem porfiroblastos/porfiroclastos de mineral opaco, anédricos a arredondados, com sombras de deformação assimétricas, do tipo sigma, ricas em sericita. Na matriz ocorrem alternâncias entre lâminas ricas em opacos (lentes) e lâminas sericiticas amplamente dominantes.","PETROGRAFO":"Frederico Meira Faleiros","PROJETO":"Geologia das Folhas Aldeia Tomázia e Fazenda Santa Otília","BASE_CARTOGRAFICA":"SF.21-V-B-VI - Aldeia Tomasia","TIPO_SECAO":"Delgada","GRAU_INTEMPERISMO":null,"TAMANHO_AMOSTRA":null,"COR_RX_FRESCA":null,"COR_RX_INTEMPERIZADA":null,"GRANULACAO_MINIMA":" ","GRANULACAO_MEDIA":" ","GRANULACAO_MAXIMA":" ","SELECIONAMENTO":null,"CONSISTENCIA_AMOSTRA":null,"CONTATO":null,"COD_CLASSIFICACAO":null,"PROTOLITO":null,"ROCHA":"Filito","LINK":"p_cod_amostra=116366&p_cod_rocha=559889&p_cod_afloramento=484985","LOCAL_LAMINA":"SUREG-SP","LOTE_LAMINA":null,"NUM_LAB_LAMINA":null,"FICHA":null,"MINERAIS_IDENTIFICADOS":"Sericita(79%), Opaco (Microscopia)(20%), Quartzo(1%)","X":-57.393,"Y":-20.937,"DATUM":"WGS84","__atlas_chave_independente":"AFLOR_ROCHA:484985:559889","__atlas_n_registros_grupo":1,"__atlas_q_registro":0.875,"__atlas_q_grupo":0.875,"__atlas_unidade_geologica_id":"1064","__atlas_unidade_geologica_sigla":"PP3_gamma_al","__atlas_unidade_geologica_nome":"Corpo Granito Alumiador","__atlas_fonte":"SGB · GeoSGB · Petrografia","__atlas_snapshot":"2026-08-14"}},{"type":"Feature","id":28842401,"geometry":{"type":"Point","coordinates":[-57.38099999999997,-20.930000000000007]},"properties":{"OBJECTID":28842401,"COD_AMOSTRA":116367,"COD_AFLORAMENTO":484987,"COD_ROCHA":559892,"NUM_CAMPO_AMOSTRA":"FM-0016-A","COD_LAMINA":42194,"NUM_CAMPO_LAMINA":"4220-FM-R-0016-A","NOTAS":"Granulação: Equigranular extremamente fino\r\nTextura: Lepidoblástica bandada\r\nNome da rocha: A rocha é definida por uma foliação principal dada por sericita aparentemente orientada com alternância de leitos mais enriquecidos em minerais opacos, com quartzo associado. A foliação está dobrada formando uma clivagem ardosiana paralela a foliação principai (So//S1), identificado pela orientação de sericita. ","PETROGRAFO":"Frederico Meira Faleiros","PROJETO":"Geologia das Folhas Aldeia Tomázia e Fazenda Santa Otília","BASE_CARTOGRAFICA":"SF.21-V-B-VI - Aldeia Tomasia","TIPO_SECAO":"Delgada","GRAU_INTEMPERISMO":null,"TAMANHO_AMOSTRA":null,"COR_RX_FRESCA":null,"COR_RX_INTEMPERIZADA":null,"GRANULACAO_MINIMA":" ","GRANULACAO_MEDIA":" ","GRANULACAO_MAXIMA":" ","SELECIONAMENTO":null,"CONSISTENCIA_AMOSTRA":null,"CONTATO":null,"COD_CLASSIFICACAO":null,"PROTOLITO":null,"ROCHA":"Filito, Sericita xisto","LINK":"p_cod_amostra=116367&p_cod_rocha=559892&p_cod_afloramento=484987","LOCAL_LAMINA":"SUREG-SP","LOTE_LAMINA":null,"NUM_LAB_LAMINA":null,"FICHA":null,"MINERAIS_IDENTIFICADOS":"Sericita(65%), Opaco (Microscopia)(20%), Quartzo(15%)","X":-57.381,"Y":-20.93,"DATUM":"WGS84","__atlas_chave_independente":"AFLOR_ROCHA:484987:559892","__atlas_n_registros_grupo":1,"__atlas_q_registro":0.875,"__atlas_q_grupo":0.875,"__atlas_unidade_geologica_id":"1465","__atlas_unidade_geologica_sigla":"PP3ap","__atlas_unidade_geologica_nome":"Complexo Rio Apa","__atlas_fonte":"SGB · GeoSGB · Petrografia","__atlas_snapshot":"2026-08-14"}},{"type":"Feature","id":28842513,"geometry":{"type":"Point","coordinates":[-57.440999999999974,-20.824000000000012]},"properties":{"OBJECTID":28842513,"COD_AMOSTRA":116384,"COD_AFLORAMENTO":484997,"COD_ROCHA":559920,"NUM_CAMPO_AMOSTRA":"FM-0026-K","COD_LAMINA":42211,"NUM_CAMPO_LAMINA":"4220-FM-R-0026-K","NOTAS":"Textura: blastoporfirítica, blastosubofítica, decussada\r\nGranulação: 0,01 - 0,7 mm\r\nNome: Plagioclásio-clorita-epidoto-actinolita fels\r\nMetamorfismo: fácies xisto verde\r\nUnidade Geológica: Suíte Rio Perdido\r\n\r\nOcorrem pseudomorfos de mineral máfico subédrico a euédrico de até 4 mm totalmente substituído por actinolita ± clorita ± epidoto ± ortopiroxênio em textura interna decussada. Esses microfenocristais representavam aproximadamente 20% da rocha.\r\nA matriz apresenta textura blastosubofítica ígnea reliquiar, agora constituída por ripas de plagioclásio parcial a totalmente transformado em agregados criptocristalino de epidoto ± sericita ± clorita, inclusos ou parcialmente inclusos em cristais de actinolita muitas vezes pseudomorfisando piroxênio. A clorita ocorre geralmente formando agregados de cristais muito finos intercrescidos com actinolita. Localmente epidoto e sericita formam agregados com minerais subédricos de até 0,2 mm em textura decussada. ","PETROGRAFO":"Frederico Meira Faleiros","PROJETO":"Geologia das Folhas Aldeia Tomázia e Fazenda Santa Otília","BASE_CARTOGRAFICA":"SF.21-V-B-VI - Aldeia Tomasia","TIPO_SECAO":"Delgada","GRAU_INTEMPERISMO":null,"TAMANHO_AMOSTRA":null,"COR_RX_FRESCA":null,"COR_RX_INTEMPERIZADA":null,"GRANULACAO_MINIMA":" ","GRANULACAO_MEDIA":" ","GRANULACAO_MAXIMA":" ","SELECIONAMENTO":null,"CONSISTENCIA_AMOSTRA":null,"CONTATO":null,"COD_CLASSIFICACAO":null,"PROTOLITO":null,"ROCHA":"Metadiabásio","LINK":"p_cod_amostra=116384&p_cod_rocha=559920&p_cod_afloramento=484997","LOCAL_LAMINA":"SUREG-SP","LOTE_LAMINA":null,"NUM_LAB_LAMINA":null,"FICHA":null,"MINERAIS_IDENTIFICADOS":"Actinolita(45%), Epidoto(25%), Clorita(17%), Sericita(2%), Opaco (Microscopia)(1%)","X":-57.441,"Y":-20.824,"DATUM":"WGS84","__atlas_chave_independente":"AFLOR_ROCHA:484997:559920","__atlas_n_registros_grupo":1,"__atlas_q_registro":0.875,"__atlas_q_grupo":0.875,"__atlas_unidade_geologica_id":"1503","__atlas_unidade_geologica_sigla":"Q1p1","__atlas_unidade_geologica_nome":"Fácies Pantanal, terraços aluvionares","__atlas_fonte":"SGB · GeoSGB · Petrografia","__atlas_snapshot":"2026-08-14"}},{"type":"Feature","id":28842545,"geometry":{"type":"Point","coordinates":[-57.440999999999974,-20.824000000000012]},"properties":{"OBJECTID":28842545,"COD_AMOSTRA":116382,"COD_AFLORAMENTO":484997,"COD_ROCHA":559919,"NUM_CAMPO_AMOSTRA":"FM-0026-I","COD_LAMINA":42209,"NUM_CAMPO_LAMINA":"4220-FM-R-0026-I","NOTAS":"Textura: Blasto intergranular seriada\r\nGranulação: 0,01 - 2 mm\r\nNome: Hornblenda-clorita-sericita-epidoto granofels\r\nMetamorfismo: fácies xisto verde inferior\r\nUnidade Geológica: Gabro Morro da Sede\r\n\r\nRocha isótropa com textura intergranular seriada ígnea ainda reconhecível. Cristais anédricos e por vezes esqueléticos de hornblenda, pseudomorfos de biotita e clorita, além de quartzo intersticial encontram-se disseminados em matriz muito fina constituída essencialmente por epidoto e sericita, com conteúdos subordinados de clorita, quartzo e albita. Essa matriz ainda guarda formas reliquiares de plagioclásio subédrico (pseudomorfos). A hornblenda é verde-escuro levemente acastanhada e contra-se heterogeneamente intercrescida com clorita, actinolita, quartzo e epidoto. A clorita é verde-claro com cor de interferência bege a marrom. O quartzo é essencialmente intersticial, com textura ígnea preservada embora apresente leve extinção ondulante irregular. Apresenta-se como grãos isolados de 0,15 a 0,7 mm porém em continuidade óptica com outros grãos por até 3 mm. A apatita é subédrica a euédrica e aparece concentrada em alguns domínios. Os minerais opacos são subédricos ou com formas corroídas, neste caso com coroas de clorita. Os pseudomorfos de biotita são formados por agregados criptocristalinos possivelmente de clorita, ou por agregados submilimétricos de clorita + epidoto. Os primeiros apresentam cor marrom-claro com cor de interferência marrom. ","PETROGRAFO":"Frederico Meira Faleiros","PROJETO":"Geologia das Folhas Aldeia Tomázia e Fazenda Santa Otília","BASE_CARTOGRAFICA":"SF.21-V-B-VI - Aldeia Tomasia","TIPO_SECAO":"Delgada","GRAU_INTEMPERISMO":null,"TAMANHO_AMOSTRA":null,"COR_RX_FRESCA":null,"COR_RX_INTEMPERIZADA":null,"GRANULACAO_MINIMA":" ","GRANULACAO_MEDIA":" ","GRANULACAO_MAXIMA":" ","SELECIONAMENTO":null,"CONSISTENCIA_AMOSTRA":null,"CONTATO":null,"COD_CLASSIFICACAO":null,"PROTOLITO":null,"ROCHA":"Metadiabásio","LINK":"p_cod_amostra=116382&p_cod_rocha=559919&p_cod_afloramento=484997","LOCAL_LAMINA":"SUREG-SP","LOTE_LAMINA":null,"NUM_LAB_LAMINA":null,"FICHA":null,"MINERAIS_IDENTIFICADOS":"Epidoto(55%), Sericita(17%), Hornblenda(10%), Clorita(10%), Quartzo(8%), Opaco (Microscopia)(2%), Actinolita(2%), Albita(<1%), Apatita(1%)","X":-57.441,"Y":-20.824,"DATUM":"WGS84","__atlas_chave_independente":"AFLOR_ROCHA:484997:559919","__atlas_n_registros_grupo":6,"__atlas_q_registro":0.875,"__atlas_q_grupo":0.875,"__atlas_unidade_geologica_id":"1503","__atlas_unidade_geologica_sigla":"Q1p1","__atlas_unidade_geologica_nome":"Fácies Pantanal, terraços aluvionares","__atlas_fonte":"SGB · GeoSGB · Petrografia","__atlas_snapshot":"2026-08-14"}},{"type":"Feature","id":28842577,"geometry":{"type":"Point","coordinates":[-57.440999999999974,-20.824000000000012]},"properties":{"OBJECTID":28842577,"COD_AMOSTRA":116380,"COD_AFLORAMENTO":484997,"COD_ROCHA":559919,"NUM_CAMPO_AMOSTRA":"FM-0026-G","COD_LAMINA":42207,"NUM_CAMPO_LAMINA":"4220-FM-R-0026-G","NOTAS":"Textura: blastointergranular, decussada\r\nGranulação: < 0,01 - 0,8 mm\r\nNome: Sericita-epidoto-actinolita granofels\r\nMetamorfismo: fácies xisto verde inferior\r\nUnidade Geológica: Gabro Morro da Sede\r\n\r\nA rocha apresenta estrutura isótropa e textura blastointergranular com agregados de actinolita como pseudomorfos de piroxênio e agregados de epidoto + sericita ± albita como pseudomorfos de plagioclásio ripiforme euédrico. É possível reconhecer que aglomerados ricos em piroxênio se alternavam com aglomerados ricos em plagioclásio. A hornblenda é verde-acastanhada, subédrica e ocorre disseminada na rocha, aparentemente sendo de origem ígneaq reliquiar. Apresenta zonação textural irregular, com domínios de actinolita. Agregados de actinolita apresentam textura decussada, com cristais essencialmente  anédricos, embora alongados. Os agregados de epidoto + sericita ± clorita ± albita (pseudomorfos de plagioclásio) apresentam granulação muito fina a criptocristalina. A clorita é verde-claro com cor de interferência bege e, por vezes ocorre associada com titanita em intercrescimento sagenítico como pseudomorfo de mineral totalmente substituído (magnetita?).","PETROGRAFO":"Frederico Meira Faleiros","PROJETO":"Geologia das Folhas Aldeia Tomázia e Fazenda Santa Otília","BASE_CARTOGRAFICA":"SF.21-V-B-VI - Aldeia Tomasia","TIPO_SECAO":"Delgada","GRAU_INTEMPERISMO":null,"TAMANHO_AMOSTRA":null,"COR_RX_FRESCA":null,"COR_RX_INTEMPERIZADA":null,"GRANULACAO_MINIMA":" ","GRANULACAO_MEDIA":" ","GRANULACAO_MAXIMA":" ","SELECIONAMENTO":null,"CONSISTENCIA_AMOSTRA":null,"CONTATO":null,"COD_CLASSIFICACAO":null,"PROTOLITO":null,"ROCHA":"Metadiabásio","LINK":"p_cod_amostra=116380&p_cod_rocha=559919&p_cod_afloramento=484997","LOCAL_LAMINA":"SUREG-SP","LOTE_LAMINA":null,"NUM_LAB_LAMINA":null,"FICHA":null,"MINERAIS_IDENTIFICADOS":"Actinolita(50%), Epidoto(29%), Sericita(12%), Hornblenda(3%), Albita(2%), Clorita(2%), Opaco (Microscopia)(1%), Titanita(1%), Quartzo(<1%), Carbonato(<1%)","X":-57.441,"Y":-20.824,"DATUM":"WGS84","__atlas_chave_independente":"AFLOR_ROCHA:484997:559919","__atlas_n_registros_grupo":6,"__atlas_q_registro":0.875,"__atlas_q_grupo":0.875,"__atlas_unidade_geologica_id":"1503","__atlas_unidade_geologica_sigla":"Q1p1","__atlas_unidade_geologica_nome":"Fácies Pantanal, terraços aluvionares","__atlas_fonte":"SGB · GeoSGB · Petrografia","__atlas_snapshot":"2026-08-14"}},{"type":"Feature","id":28842673,"geometry":{"type":"Point","coordinates":[-57.440999999999974,-20.824000000000012]},"properties":{"OBJECTID":28842673,"COD_AMOSTRA":116374,"COD_AFLORAMENTO":484997,"COD_ROCHA":559918,"NUM_CAMPO_AMOSTRA":"FM-0026-A","COD_LAMINA":42201,"NUM_CAMPO_LAMINA":"4220-FM-R-0026-A","NOTAS":"Textura: cumulática\r\nGranulação: <1 mm a 5 mm\r\nNome: Meta-hornblenda-quartzo-gabro\r\nMetamorfismo: fácies xisto verde\r\n\r\nRocha isótropa e indeformada com textura e mineralogia ígnea em grande parte preservada. É constituída dominantemente por hornblenda verde-amarronzada cumulática com quartzo intercúmulus sem nenhum sinal de deformação. Piroxênio e pseudomorfos de plagioclásio são euédricos a subédricos e ocorrem essencialmente inclusos na hornblenda. Contudo, plagioclásio também formavam agregados cumuláticos. O plagioclásio está totalmente pseudomorfizado por agregados de epidoto ± clorita ± sericita. Os piroxênios estão parcial a totalmente substituídos por tremolita. O quartzo apresenta inclusões fluidas aquocarbônicas e carbônicas primárias com dimensões > 10 micrômetros. ","PETROGRAFO":"Frederico Meira Faleiros","PROJETO":"Geologia das Folhas Aldeia Tomázia e Fazenda Santa Otília","BASE_CARTOGRAFICA":"SF.21-V-B-VI - Aldeia Tomasia","TIPO_SECAO":"Delgada","GRAU_INTEMPERISMO":null,"TAMANHO_AMOSTRA":null,"COR_RX_FRESCA":null,"COR_RX_INTEMPERIZADA":null,"GRANULACAO_MINIMA":" ","GRANULACAO_MEDIA":" ","GRANULACAO_MAXIMA":" ","SELECIONAMENTO":null,"CONSISTENCIA_AMOSTRA":null,"CONTATO":null,"COD_CLASSIFICACAO":null,"PROTOLITO":"Hornblenda gabro","ROCHA":"Metagabro","LINK":"p_cod_amostra=116374&p_cod_rocha=559918&p_cod_afloramento=484997","LOCAL_LAMINA":"SUREG-SP","LOTE_LAMINA":null,"NUM_LAB_LAMINA":null,"FICHA":null,"MINERAIS_IDENTIFICADOS":"Hornblenda(66%), Epidoto(13%), Quartzo(3%), Actinolita(2%), Piroxênio(2%), Apatita(<1%), Opaco (Microscopia)(<1%), Clorita(<1%), Albita(<1%), Tremolita(1%), Sericita(<1%)","X":-57.441,"Y":-20.824,"DATUM":"WGS84","__atlas_chave_independente":"AFLOR_ROCHA:484997:559918","__atlas_n_registros_grupo":4,"__atlas_q_registro":0.875,"__atlas_q_grupo":0.875,"__atlas_unidade_geologica_id":"1503","__atlas_unidade_geologica_sigla":"Q1p1","__atlas_unidade_geologica_nome":"Fácies Pantanal, terraços aluvionares","__atlas_fonte":"SGB · GeoSGB · Petrografia","__atlas_snapshot":"2026-08-14"}},{"type":"Feature","id":28842705,"geometry":{"type":"Point","coordinates":[-57.21800000000002,-20.944999999999993]},"properties":{"OBJECTID":28842705,"COD_AMOSTRA":116385,"COD_AFLORAMENTO":485001,"COD_ROCHA":559925,"NUM_CAMPO_AMOSTRA":"FM-0030-A","COD_LAMINA":42212,"NUM_CAMPO_LAMINA":"4220-FM-R-0030-A","NOTAS":"Textura: bandada, lenticularizada, interlobada equigranular, lepidoblástica\r\nNome: Sericita-quartzito feldspático milonítico\r\nMetamorfismo: fácies xisto verde inferior\r\nUnidade geológica: Formação Alto Tererê\r\n\r\nA rocha apresenta um bandamento submilimétrico anastomosado com domínios de quartzo puro com granulação média em torno de 0,25 mm intercaladas com lâminas descontínuas formadas por sericita ± feldspato ± opacos com granulação entre 0,01 e 0,1 mm. A sericita apresenta forte orientação preferencial paralela ao bandamento  composicional (S1). Os leitos quartzosos apresentam textura equigranular interlobada, sugerindo recristalização por grain boundary migration. Ocorre forte orientação preferecial dos grãos de quartzo definindo uma xistosidade S2 + S1. Os grãos de quartzo apresentam extinção ondulante forte e agregados de grãos muito finos (menor ou igual a 0,02 mm) em bordas de grãos, indicando superposição de bulging.","PETROGRAFO":"Frederico Meira Faleiros","PROJETO":"Geologia das Folhas Aldeia Tomázia e Fazenda Santa Otília","BASE_CARTOGRAFICA":"SF.21-V-B-VI - Aldeia Tomasia","TIPO_SECAO":"Delgada","GRAU_INTEMPERISMO":null,"TAMANHO_AMOSTRA":null,"COR_RX_FRESCA":null,"COR_RX_INTEMPERIZADA":null,"GRANULACAO_MINIMA":" ","GRANULACAO_MEDIA":" ","GRANULACAO_MAXIMA":" ","SELECIONAMENTO":null,"CONSISTENCIA_AMOSTRA":null,"CONTATO":null,"COD_CLASSIFICACAO":null,"PROTOLITO":null,"ROCHA":"Quartzito feldspático","LINK":"p_cod_amostra=116385&p_cod_rocha=559925&p_cod_afloramento=485001","LOCAL_LAMINA":"SUREG-SP","LOTE_LAMINA":null,"NUM_LAB_LAMINA":null,"FICHA":null,"MINERAIS_IDENTIFICADOS":"Quartzo(88%), Sericita(7%), Feldspato(5%), Opaco (Microscopia)(<1%)","X":-57.218,"Y":-20.945,"DATUM":"WGS84","__atlas_chave_independente":"AFLOR_ROCHA:485001:559925","__atlas_n_registros_grupo":2,"__atlas_q_registro":0.875,"__atlas_q_grupo":0.875,"__atlas_unidade_geologica_id":"1503","__atlas_unidade_geologica_sigla":"Q1p1","__atlas_unidade_geologica_nome":"Fácies Pantanal, terraços aluvionares","__atlas_fonte":"SGB · GeoSGB · Petrografia","__atlas_snapshot":"2026-08-14"}},{"type":"Feature","id":28842737,"geometry":{"type":"Point","coordinates":[-57.149,-20.99200000000002]},"properties":{"OBJECTID":28842737,"COD_AMOSTRA":116388,"COD_AFLORAMENTO":485003,"COD_ROCHA":559928,"NUM_CAMPO_AMOSTRA":"FM-0032-A","COD_LAMINA":42215,"NUM_CAMPO_LAMINA":"4220-FM-R-0032-A","NOTAS":"Textura: lâminas lepidoblásticas e lentes granoblásticas a lepidogranoblásticas\r\nGranulação: 0,2 a 1,5 mm\r\nNome: Quartzo-muscovita-xisto\r\nMetamorfismo: fácies xisto verde inferior\r\nUnidade geológica: Suíte metamórfica Alto Tererê\r\n\r\nOcorre um bandamento composicional com leitos muscovíticos lepidoblásticos se amoldando em lentes granoblásticas a lepidogranoblásticas se amoldando em lentes granoblásticas a lepidogranoblásticas ricas em quartzo. A muscovita presente nos leitos lepidoblásticos aparentemente passou por crescimento estático, destruindo parcialmente o arranjo lepidoblástico. Os leitos quartzosos apresentam grãos com formas irregulares e contatos lobados, indicando grain boundary migration. O quartzo apresenta extinção ondulante. Os opacos são alongados segundo a S1, com azão axial entre 2:1 e 5:1. Por vezes são pisciformes e apresentam sombras de deformação assimétrica tipo sigma. Ocorrem porfiroblastos de muscovita-fish. Ocorre uma clivagem de banda de cisalhamento topo C linha sugerindo cinemática contrária à indicada pelos outros critérios cinemáticos.  \r\n\r\nGranulação: 0,2 a 1,5. ","PETROGRAFO":"Frederico Meira Faleiros","PROJETO":"Geologia das Folhas Aldeia Tomázia e Fazenda Santa Otília","BASE_CARTOGRAFICA":"SF.21-V-B-VI - Aldeia Tomasia","TIPO_SECAO":"Delgada","GRAU_INTEMPERISMO":null,"TAMANHO_AMOSTRA":null,"COR_RX_FRESCA":null,"COR_RX_INTEMPERIZADA":null,"GRANULACAO_MINIMA":" ","GRANULACAO_MEDIA":" ","GRANULACAO_MAXIMA":" ","SELECIONAMENTO":null,"CONSISTENCIA_AMOSTRA":null,"CONTATO":null,"COD_CLASSIFICACAO":null,"PROTOLITO":null,"ROCHA":"Muscovita-quartzo xisto","LINK":"p_cod_amostra=116388&p_cod_rocha=559928&p_cod_afloramento=485003","LOCAL_LAMINA":"SUREG-SP","LOTE_LAMINA":null,"NUM_LAB_LAMINA":null,"FICHA":null,"MINERAIS_IDENTIFICADOS":"Muscovita(54%), Quartzo(43%), Opaco (Microscopia)(3%), Feldspato(<1%)","X":-57.149,"Y":-20.992,"DATUM":"WGS84","__atlas_chave_independente":"AFLOR_ROCHA:485003:559928","__atlas_n_registros_grupo":1,"__atlas_q_registro":0.875,"__atlas_q_grupo":0.875,"__atlas_unidade_geologica_id":"1455","__atlas_unidade_geologica_sigla":"PP4at","__atlas_unidade_geologica_nome":"Formação Alto Tererê","__atlas_fonte":"SGB · GeoSGB · Petrografia","__atlas_snapshot":"2026-08-14"}},{"type":"Feature","id":28842769,"geometry":{"type":"Point","coordinates":[-57.27199999999999,-20.84899999999999]},"properties":{"OBJECTID":28842769,"COD_AMOSTRA":116390,"COD_AFLORAMENTO":485004,"COD_ROCHA":559929,"NUM_CAMPO_AMOSTRA":"FM-0033-D","COD_LAMINA":42217,"NUM_CAMPO_LAMINA":"4220-FM-R-0033-D","NOTAS":"Mesoscopia\r\nTextura: lepidoblástica\r\nGranulação: muito fina (menor que 0,1 mm a 0,2 mm)\r\nEstrutura: clivagem ardosiana, crenulação, clivagem de crenulação\r\n\r\nCorresponde a níveis de espessura milimétrica a centimétrica de filito cinza-escuro arroxeado por vezes aparentando formação ferrífera. Ocorrem, intercalados com camadas de quartzo-muscovita-xisto verde-claro prateado.\r\n\r\nTextura: bandada, lepidoblástica\r\nGranulação: < 0,1 mm a 0,2 mm\r\nNome: Filito\r\nMetamorfismo: fácies xisto verde inferior\r\nUnidade Geológica: Suíte metamórfica Alto Tererê\r\n\r\nA rocha apresenta em média, 20% de minerais opacos que não puderam ser identificados. Quartzo ocorre preferencialmente em agregados monominerálicos restritos em meio aos domínios formados por sericita + minerais opacos. Ocorrem duas foliações S0, definida por variação composicional com intercalações entre leitos mais ricos e mais pobres em minerais opacos. Em algumas lâminas, os opacos chegam a representar 70-80%. Ocorre orientação preferencial de sericita paralela à S0, sugerindo uma clivagem ardosiana S1 paralela a subparalela. S0//S1 estão dobradas em padrão apertado a isoclinal, com uma clivagem de crenulação do tipo zonal associada (S2). Em alguns domínios a clivagem de crenulação é a estrutura principal. Ocorre veio de quartzo deformado, paralelo ao S0 e dobrado juntamente com este, e veio indeformado truncando todas as estruturas. No primeiro caso, os grãos de quartzo são alongados e orientados segundo plano axial  das dobras D2, definindo também uma xistosidade S2, poém defletida em relação à S2 desenvolvida nos leitos ricos em sericita. O veio indeformado apresenta textura blocada. Ambos os veios são muito ricos em inclusões fluidas.\r\nO quartzo presente no veio deformado apresenta recristalização incipiente por bulging. ","PETROGRAFO":"Frederico Meira Faleiros","PROJETO":"Geologia das Folhas Aldeia Tomázia e Fazenda Santa Otília","BASE_CARTOGRAFICA":"SF.21-V-B-VI - Aldeia Tomasia","TIPO_SECAO":"Delgada","GRAU_INTEMPERISMO":"Não intemperizada","TAMANHO_AMOSTRA":"10 cm","COR_RX_FRESCA":"Cinza escuro","COR_RX_INTEMPERIZADA":null,"GRANULACAO_MINIMA":"Fanerítica fina (<1,0mm)","GRANULACAO_MEDIA":"Fanerítica fina (<1,0mm)","GRANULACAO_MAXIMA":"Fanerítica fina (<1,0mm)","SELECIONAMENTO":null,"CONSISTENCIA_AMOSTRA":"Consistente","CONTATO":null,"COD_CLASSIFICACAO":null,"PROTOLITO":null,"ROCHA":"Filito","LINK":"p_cod_amostra=116390&p_cod_rocha=559929&p_cod_afloramento=485004","LOCAL_LAMINA":"SUREG-SP","LOTE_LAMINA":null,"NUM_LAB_LAMINA":null,"FICHA":null,"MINERAIS_IDENTIFICADOS":"Sericita(78%), Quartzo(20%), Opaco (Microscopia)(20%)","X":-57.272000000000006,"Y":-20.849,"DATUM":"WGS84","__atlas_chave_independente":"AFLOR_ROCHA:485004:559929","__atlas_n_registros_grupo":2,"__atlas_q_registro":0.875,"__atlas_q_grupo":0.875,"__atlas_unidade_geologica_id":"1503","__atlas_unidade_geologica_sigla":"Q1p1","__atlas_unidade_geologica_nome":"Fácies Pantanal, terraços aluvionares","__atlas_fonte":"SGB · GeoSGB · Petrografia","__atlas_snapshot":"2026-08-14"}},{"type":"Feature","id":28842865,"geometry":{"type":"Point","coordinates":[-57.41399999999999,-20.961000000000013]},"properties":{"OBJECTID":28842865,"COD_AMOSTRA":116397,"COD_AFLORAMENTO":485014,"COD_ROCHA":559954,"NUM_CAMPO_AMOSTRA":"FM-0043-B","COD_LAMINA":42224,"NUM_CAMPO_LAMINA":"4220-FM-R-0043-B","NOTAS":"Textura: blastosubofítica decussada\r\nGranulação: 0,02 a 2 mm\r\nNome: Micabege-clorita-epidoto-actinolita-fels\r\nMetamorfismo: fácies xisto verde\r\nUnidade Geológica: Suíte Rio Perdido\r\n\r\nExibe textura subofítica preservada, com \"fantasmas\" de plagioclásio tabular euédrico agora fortemente saussuritizado, em meio a pseudomorfos de piroxênio milimétrico substituído por actinolita intercrescida com clorita ± epidoto ± mica bege. Todos os minerais metamórficos são mal formados, evidenciando forte desequílibrio. O quartzo é intersitical e preserva a textura ígnea original. Está livre de recristalização e extinção ondulante, indicando que não ocorreu deformação concomitante com o metamorfismo. A actinolita ocorre como porfiroblastos \"esqueléticos\" intercrescida essencialmente por agregados de clorita verde-escuro com cor de interferência roxo-marrom anômalo. Mica bege ocorre em sua maior parte como agregados monominerálicos pseudomorfisando mineral intersticial totalmente substituído. Nestes agregados, a mica é fibrosa, muito fina e comumente fibroradiada. Epidoto + sericita ± clorita ± actinolita ± feldspato ± quartzo forma uma matriz muito fina, em arranjo caótico e composicionalmente complexo, com domínios irregulares às vezes mais ricos em epidoto, às vezes sericita e outras mais clorita ou feldspato. Epidoto forma também agregados monominerálicos. \r\n\r\nGranulação: 0,02 a 2 mm.","PETROGRAFO":"Frederico Meira Faleiros","PROJETO":"Geologia das Folhas Aldeia Tomázia e Fazenda Santa Otília","BASE_CARTOGRAFICA":"SF.21-V-B-VI - Aldeia Tomasia","TIPO_SECAO":"Delgada","GRAU_INTEMPERISMO":null,"TAMANHO_AMOSTRA":null,"COR_RX_FRESCA":null,"COR_RX_INTEMPERIZADA":null,"GRANULACAO_MINIMA":" ","GRANULACAO_MEDIA":" ","GRANULACAO_MAXIMA":" ","SELECIONAMENTO":null,"CONSISTENCIA_AMOSTRA":null,"CONTATO":null,"COD_CLASSIFICACAO":null,"PROTOLITO":null,"ROCHA":"Metadiabásio","LINK":"p_cod_amostra=116397&p_cod_rocha=559954&p_cod_afloramento=485014","LOCAL_LAMINA":"SUREG-SP","LOTE_LAMINA":null,"NUM_LAB_LAMINA":null,"FICHA":null,"MINERAIS_IDENTIFICADOS":"Actinolita(30%), Epidoto(23%), Clorita(20%), Mica(15%), Leucoxênio(5%), Quartzo(2%), Opaco (Microscopia)(<1%)","X":-57.414,"Y":-20.961000000000002,"DATUM":"WGS84","__atlas_chave_independente":"AFLOR_ROCHA:485014:559954","__atlas_n_registros_grupo":1,"__atlas_q_registro":0.875,"__atlas_q_grupo":0.875,"__atlas_unidade_geologica_id":"1064","__atlas_unidade_geologica_sigla":"PP3_gamma_al","__atlas_unidade_geologica_nome":"Corpo Granito Alumiador","__atlas_fonte":"SGB · GeoSGB · Petrografia","__atlas_snapshot":"2026-08-14"}},{"type":"Feature","id":28842913,"geometry":{"type":"Point","coordinates":[-57.41699999999997,-20.96199999999999]},"properties":{"OBJECTID":28842913,"COD_AMOSTRA":116399,"COD_AFLORAMENTO":485016,"COD_ROCHA":559958,"NUM_CAMPO_AMOSTRA":"FM-0045-A","COD_LAMINA":42226,"NUM_CAMPO_LAMINA":"4220-FM-R-0045-A","NOTAS":"Granulação: menor que 0,1 a 1,9mm\r\nTextura: Granoblástica\r\nAlteração hidrotermal: Cloritização\r\nNome da rocha: Biotita-clorita-muscovita-quartzo fels\r\n\r\nA rocha possui intensa alteração para clorita + quartzo, por hidrotermalismo e preservando muito pouco as estrutruras e texturas anteriores. A alteração corresponde a agregados minerais submilimétricos e cloritização nas bordas de micas e incluso em quartzo. As micas possuem orientação aleatória, com a biotita sofrendo opacitização e/ou oxidação. O quartzo comumente apresenta extinção ondulante e varia em formas poligonais arredondadas à totalmente anedral. \r\n\r\n","PETROGRAFO":"Frederico Meira Faleiros","PROJETO":"Geologia das Folhas Aldeia Tomázia e Fazenda Santa Otília","BASE_CARTOGRAFICA":"SF.21-V-B-VI - Aldeia Tomasia","TIPO_SECAO":"Delgada","GRAU_INTEMPERISMO":null,"TAMANHO_AMOSTRA":null,"COR_RX_FRESCA":null,"COR_RX_INTEMPERIZADA":null,"GRANULACAO_MINIMA":" ","GRANULACAO_MEDIA":" ","GRANULACAO_MAXIMA":" ","SELECIONAMENTO":null,"CONSISTENCIA_AMOSTRA":null,"CONTATO":null,"COD_CLASSIFICACAO":null,"PROTOLITO":null,"ROCHA":"Hornfels","LINK":"p_cod_amostra=116399&p_cod_rocha=559958&p_cod_afloramento=485016","LOCAL_LAMINA":"SUREG-SP","LOTE_LAMINA":null,"NUM_LAB_LAMINA":null,"FICHA":null,"MINERAIS_IDENTIFICADOS":"Quartzo(30%), Muscovita(20%), Clorita(20%), Biotita(20%), Opaco (Microscopia)(10%), Rutilo(<1%)","X":-57.417,"Y":-20.962,"DATUM":"WGS84","__atlas_chave_independente":"AFLOR_ROCHA:485016:559958","__atlas_n_registros_grupo":1,"__atlas_q_registro":0.875,"__atlas_q_grupo":0.875,"__atlas_unidade_geologica_id":"1504","__atlas_unidade_geologica_sigla":"Q1p2","__atlas_unidade_geologica_nome":"Fácies Pantanal, depósitos aluvionares","__atlas_fonte":"SGB · GeoSGB · Petrografia","__atlas_snapshot":"2026-08-14"}},{"type":"Feature","id":28842993,"geometry":{"type":"Point","coordinates":[-57.446000000000026,-20.94799999999998]},"properties":{"OBJECTID":28842993,"COD_AMOSTRA":116404,"COD_AFLORAMENTO":485020,"COD_ROCHA":559964,"NUM_CAMPO_AMOSTRA":"FM-0049-B","COD_LAMINA":42231,"NUM_CAMPO_LAMINA":"4220-FM-R-0049-B","NOTAS":"Granulação: Inequigranular seriada (0,1 a 1,4 mm)\r\nTextura: Granoblástica\r\nNome da rocha: Clorita-sericita hornfels\r\n\r\nA rocha apresenta-se intensamente alterada. Predominantemente ocorrem domínios de quartzo granoblástico, com contatos poligonais subédricos a anédricos, por vezes arredondados. Ocorre fraca extinção ondulante. Há agregados minerais extremamente finos de sericita + clorita formando uma matriz e alterando outros minerais. Ocorre muscovita de forma lamelar sem orientação preferencial. A biotita é marrom-escura e ocorre muito alterada, opacitizada e oxidada, também disposta aleatoriamente. Cloritóide aparece alterando os agregados finos de sericita + clorita. ","PETROGRAFO":"Frederico Meira Faleiros","PROJETO":"Geologia das Folhas Aldeia Tomázia e Fazenda Santa Otília","BASE_CARTOGRAFICA":"SF.21-V-B-VI - Aldeia Tomasia","TIPO_SECAO":"Delgada","GRAU_INTEMPERISMO":null,"TAMANHO_AMOSTRA":null,"COR_RX_FRESCA":null,"COR_RX_INTEMPERIZADA":null,"GRANULACAO_MINIMA":" ","GRANULACAO_MEDIA":" ","GRANULACAO_MAXIMA":" ","SELECIONAMENTO":null,"CONSISTENCIA_AMOSTRA":null,"CONTATO":null,"COD_CLASSIFICACAO":null,"PROTOLITO":null,"ROCHA":"Hornfels","LINK":"p_cod_amostra=116404&p_cod_rocha=559964&p_cod_afloramento=485020","LOCAL_LAMINA":"SUREG-SP","LOTE_LAMINA":null,"NUM_LAB_LAMINA":null,"FICHA":null,"MINERAIS_IDENTIFICADOS":"Clorita(<50%), Sericita(<50%), Quartzo(30%), Opaco (Microscopia)(7%), Biotita(7%), Muscovita(5%), Cloritóide(1%)","X":-57.446000000000005,"Y":-20.948,"DATUM":"WGS84","__atlas_chave_independente":"AFLOR_ROCHA:485020:559964","__atlas_n_registros_grupo":1,"__atlas_q_registro":0.875,"__atlas_q_grupo":0.875,"__atlas_unidade_geologica_id":"1504","__atlas_unidade_geologica_sigla":"Q1p2","__atlas_unidade_geologica_nome":"Fácies Pantanal, depósitos aluvionares","__atlas_fonte":"SGB · GeoSGB · Petrografia","__atlas_snapshot":"2026-08-14"}},{"type":"Feature","id":28843105,"geometry":{"type":"Point","coordinates":[-57.28199999999998,-20.911]},"properties":{"OBJECTID":28843105,"COD_AMOSTRA":116411,"COD_AFLORAMENTO":485035,"COD_ROCHA":559985,"NUM_CAMPO_AMOSTRA":"FM-0064","COD_LAMINA":42238,"NUM_CAMPO_LAMINA":"4220-FM-R-0064","NOTAS":"Textura: lepidoblástica, bandada, interlobada seriada\r\nGranulação: fina (0,03 - 0,45 mm)\r\nNome: Sericita-metarcóseo\r\nMetamorfismo: fácies xisto verde inferior\r\nUnidade geológica: Formação Alto Tererê\r\n\r\nA rocha apresenta um bandamento composicional com intercação entre leitos lepido-granoblásticos subcentimétricos ricos em feldspatos e quartzo, e lâminas lepidogranobásticas de expessura menor ou igual a 1 mm ricas em sericita. Orientação preferencial de forma de sericita define uma xistosidade  anastomosodada paralela ao bandamento composicional. Ocorre orientação preferencial de forma de feldspato e quartzo menos pronunciada. Os grãos de feldspato e quartzo apresentam razão axial entre 1:1 e 1:2 e uma distribuição seriada de granulação. Em geral, os porfiroclastos são envolvidos por sombras de deformação assimétricas ricas em sericita ou envoltos por agregados de quartzo com granulação entre 0,03 - 0,05 mm. O plagioclásio  o microclínio apresenam geminações bem formadas. O último é pertítico. Os contatos entre grãos são em geral lobados. ","PETROGRAFO":"Frederico Meira Faleiros","PROJETO":"Geologia das Folhas Aldeia Tomázia e Fazenda Santa Otília","BASE_CARTOGRAFICA":"SF.21-V-B-VI - Aldeia Tomasia","TIPO_SECAO":"Delgada","GRAU_INTEMPERISMO":null,"TAMANHO_AMOSTRA":null,"COR_RX_FRESCA":null,"COR_RX_INTEMPERIZADA":null,"GRANULACAO_MINIMA":" ","GRANULACAO_MEDIA":" ","GRANULACAO_MAXIMA":" ","SELECIONAMENTO":null,"CONSISTENCIA_AMOSTRA":null,"CONTATO":null,"COD_CLASSIFICACAO":null,"PROTOLITO":null,"ROCHA":"Metarenito arcoseano","LINK":"p_cod_amostra=116411&p_cod_rocha=559985&p_cod_afloramento=485035","LOCAL_LAMINA":"SUREG-SP","LOTE_LAMINA":null,"NUM_LAB_LAMINA":null,"FICHA":null,"MINERAIS_IDENTIFICADOS":"Sericita(<33%), Microclínio(<33%), Quartzo(20%), Rutilo(<1%), Opaco (Microscopia)(<1%), Zircão(<1%)","X":-57.282000000000004,"Y":-20.911,"DATUM":"WGS84","__atlas_chave_independente":"AFLOR_ROCHA:485035:559985","__atlas_n_registros_grupo":1,"__atlas_q_registro":0.875,"__atlas_q_grupo":0.875,"__atlas_unidade_geologica_id":"1455","__atlas_unidade_geologica_sigla":"PP4at","__atlas_unidade_geologica_nome":"Formação Alto Tererê","__atlas_fonte":"SGB · GeoSGB · Petrografia","__atlas_snapshot":"2026-08-14"}},{"type":"Feature","id":28843137,"geometry":{"type":"Point","coordinates":[-57.468999999999994,-20.666999999999973]},"properties":{"OBJECTID":28843137,"COD_AMOSTRA":116412,"COD_AFLORAMENTO":485037,"COD_ROCHA":559987,"NUM_CAMPO_AMOSTRA":"FM-0066-A","COD_LAMINA":42239,"NUM_CAMPO_LAMINA":"4220-FM-R-0066-A","NOTAS":"Mesoscopia\r\nTextura: porfirítica com matriz afanítica\r\nGranulação: < 0,1 mm\r\nEstrutura: isótropa\r\nMineralogia observável: fenocristais milimétricos a submilimétricos de quartzo\r\n\r\nA rocha está fraturada.\r\n\r\nMicroscopia\r\nTextura: porfirítica\r\nGranulação: < 0,01 - 0,7 mm\r\nNome: Metariolito ou Metariodacito\r\nMetamorfismo: fácies xisto verde inferior\r\nUnidade geológica: Formação Alto Tererê\r\n\r\nA rocha apresenta fenocristais euédricos, arredondados ou angulosos de quartzo (ou agregado de quartzo localmente) e pseudomorfos ripiformes de feldspato dispersos em matriz essencialmente criptocristalina composta por epidoto + sericita ± quartzo ± tremolita fibrosa. Apesar de transformada, a matriz ainda apresenta textura ígnea reliquiar, com pseudomorfos aciculares de feldspato em orientação aleatória. Localmente ocorrem domínios com cristais bem formados de epidoto e tremolita. A tremolita forma coroas crescidas envolvendo os cristais de quartzo, geralmente com hábito fibrorradiado. O quartzo apresenta graus variados de deformação, com extinção ondulante fraca a forte e irregular, podendo apresentar bandas e lamelas de deformação. Os grãos líticos apresentam agregados com textura interlobada e contatos sobre (...), extinção ondulante, bandas e lamelas de deformação. Os fragmentos líticos são sempre bem arredondados, e boa parte dos \"fenocristais\" monocristalinos de quartzo também é, o que pode indicar que boa parte do quartzo pode ser xenocristal. Os cristais e fragmentos líticos de quartzo estão invariavelmente envoltos por coroas de matriz mais escura que o restante da matriz, apesar de apresentar essencialmente a mesma composição mineralógica. ","PETROGRAFO":"Frederico Meira Faleiros","PROJETO":"Geologia das Folhas Aldeia Tomázia e Fazenda Santa Otília","BASE_CARTOGRAFICA":"SF.21-V-B-VI - Aldeia Tomasia","TIPO_SECAO":"Delgada","GRAU_INTEMPERISMO":"Intemperizada","TAMANHO_AMOSTRA":"10 cm","COR_RX_FRESCA":"Verde claro","COR_RX_INTEMPERIZADA":"Cinza claro","GRANULACAO_MINIMA":"Afanítica ","GRANULACAO_MEDIA":"Afanítica ","GRANULACAO_MAXIMA":"Fanerítica muito grossa (>30,0mm)","SELECIONAMENTO":null,"CONSISTENCIA_AMOSTRA":"Consistente","CONTATO":null,"COD_CLASSIFICACAO":null,"PROTOLITO":null,"ROCHA":"Metarriodacito, Metarriolito","LINK":"p_cod_amostra=116412&p_cod_rocha=559987&p_cod_afloramento=485037","LOCAL_LAMINA":"SUREG-SP","LOTE_LAMINA":null,"NUM_LAB_LAMINA":null,"FICHA":null,"MINERAIS_IDENTIFICADOS":"Epidoto(89%), Sericita(89%), Tremolita(89%), Quartzo(5%), Opaco (Microscopia)(<1%)","X":-57.469,"Y":-20.667,"DATUM":"WGS84","__atlas_chave_independente":"AFLOR_ROCHA:485037:559987","__atlas_n_registros_grupo":2,"__atlas_q_registro":0.875,"__atlas_q_grupo":0.875,"__atlas_unidade_geologica_id":"1455","__atlas_unidade_geologica_sigla":"PP4at","__atlas_unidade_geologica_nome":"Formação Alto Tererê","__atlas_fonte":"SGB · GeoSGB · Petrografia","__atlas_snapshot":"2026-08-14"}},{"type":"Feature","id":28843153,"geometry":{"type":"Point","coordinates":[-57.375,-20.72199999999998]},"properties":{"OBJECTID":28843153,"COD_AMOSTRA":116414,"COD_AFLORAMENTO":485049,"COD_ROCHA":560009,"NUM_CAMPO_AMOSTRA":"FM-0078-A","COD_LAMINA":42241,"NUM_CAMPO_LAMINA":"4220-FM-R-0078-A","NOTAS":"Textura: lepidoblástica, crenulada, decussada \r\nGranulação: 0,05 - 1 mm\r\nNome: Magnetita-clorita-muscovita xisto\r\nMetamorfismo: fácies xisto verde inferior, zona da clorita\r\nUnidade geológica: Formação Alto Tererê\r\n\r\nRocha com bandamento milimétrico lenticularizado com intercalações entre bandas lepidoblásticas formadas essencialmente por sericita com pseudomorfos de agregados de fibrolita. lâminas formadas por agregados de muscovita em textura decussada; lâminas lepidoblásticas formadas por clorita verde-escuro ± muscovita. Minerais opacos alongados (razão axial de até 4:1) ocorrem disseminados ou formando pequenos agregados em todos os leitos anteriormente descritos. Ocorre uma xistosidade S1 paralela ao bandamento, definida pela orientação preferencial de sericita, clorita e opacos. Localmente a S1 apresenta-se dobrada intrafolialmente (dobras de arrasto, ou fase D2).\r\n\r\nOcorre uma crenulação perpendicular à S1, que não gera uma clivagem associada. É difícil reconhecer se os domínios decussados vieram antes ou depois que os domínios lepidoblásticos. Ora ocorrem lentes com textura interna decussada em meio aos leitos lepidoblásticos (pseudomorfos de fibrolita), ora ocorre o inverso. Entretanto, alguns leitos ricos em clorita apresentam muscovita bem formada em orientação aleatória truncando a textura lepidoblástica dos agregados de clorita.","PETROGRAFO":"Frederico Meira Faleiros","PROJETO":"Geologia das Folhas Aldeia Tomázia e Fazenda Santa Otília","BASE_CARTOGRAFICA":"SF.21-V-B-VI - Aldeia Tomasia","TIPO_SECAO":"Delgada","GRAU_INTEMPERISMO":null,"TAMANHO_AMOSTRA":null,"COR_RX_FRESCA":null,"COR_RX_INTEMPERIZADA":null,"GRANULACAO_MINIMA":" ","GRANULACAO_MEDIA":" ","GRANULACAO_MAXIMA":" ","SELECIONAMENTO":null,"CONSISTENCIA_AMOSTRA":null,"CONTATO":null,"COD_CLASSIFICACAO":null,"PROTOLITO":null,"ROCHA":"Clorita-muscovita xisto","LINK":"p_cod_amostra=116414&p_cod_rocha=560009&p_cod_afloramento=485049","LOCAL_LAMINA":"SUREG-SP","LOTE_LAMINA":null,"NUM_LAB_LAMINA":null,"FICHA":null,"MINERAIS_IDENTIFICADOS":"Muscovita(50%), Fibrolita (Silimanita)(20%), Clorita(20%), Magnetita(10%), Zircão(<1%), Epidoto(<1%), Feldspato(<1%)","X":-57.375,"Y":-20.722,"DATUM":"WGS84","__atlas_chave_independente":"AFLOR_ROCHA:485049:560009","__atlas_n_registros_grupo":1,"__atlas_q_registro":0.875,"__atlas_q_grupo":0.875,"__atlas_unidade_geologica_id":"1455","__atlas_unidade_geologica_sigla":"PP4at","__atlas_unidade_geologica_nome":"Formação Alto Tererê","__atlas_fonte":"SGB · GeoSGB · Petrografia","__atlas_snapshot":"2026-08-14"}},{"type":"Feature","id":28843169,"geometry":{"type":"Point","coordinates":[-57.370000000000005,-20.723000000000013]},"properties":{"OBJECTID":28843169,"COD_AMOSTRA":116415,"COD_AFLORAMENTO":485050,"COD_ROCHA":560013,"NUM_CAMPO_AMOSTRA":"FM-0079","COD_LAMINA":42242,"NUM_CAMPO_LAMINA":"4220-FM-R-0079","NOTAS":"Nome da rocha: Muscovita-feldspato-quartzito com biotita\r\n\r\nTextura: Granoblástica\r\nMetamorfismo: Transição zona da clorita/zona da biotita\r\n\r\nA rocha não possui uma estrutura definida. Predomina uma matriz quartzo-feldspática de grãos xenoblásticos e arredondados, o quartzo possui forte extinção ondulante e presença de bulging e grain boundary migration no contato entre grãos. Abundante inclusões arredondadas de quartzo nos limites de grãos minerais maiores. O feldspato ocorre intensamente alterado entre grãos arredondados de quartzo e possui contatos em desequilíbrio com muscovita, costumeiramente inclusa com quartzo. A biotita ocorre em hábitos aciculares, subidioblásticas a xenoblásticas nos domínios entre grânulos de quartzo, associado a feldspato + muscovita. Ocorre clorita pseudomorfizadando grãos de biotita nesse domínio. \r\nA associação mineralógica e texturas de reação indicam que a rocha deve ter passado as condições de PxT da reação clorita + feldspato potássico = Biotita + Muscovita (+ quartzo), a partir de ~430C","PETROGRAFO":"Frederico Meira Faleiros","PROJETO":"Geologia das Folhas Aldeia Tomázia e Fazenda Santa Otília","BASE_CARTOGRAFICA":"SF.21-V-B-VI - Aldeia Tomasia","TIPO_SECAO":"Delgada","GRAU_INTEMPERISMO":null,"TAMANHO_AMOSTRA":null,"COR_RX_FRESCA":null,"COR_RX_INTEMPERIZADA":null,"GRANULACAO_MINIMA":" ","GRANULACAO_MEDIA":" ","GRANULACAO_MAXIMA":" ","SELECIONAMENTO":null,"CONSISTENCIA_AMOSTRA":null,"CONTATO":null,"COD_CLASSIFICACAO":null,"PROTOLITO":null,"ROCHA":"Quartzito","LINK":"p_cod_amostra=116415&p_cod_rocha=560013&p_cod_afloramento=485050","LOCAL_LAMINA":"SUREG-SP","LOTE_LAMINA":null,"NUM_LAB_LAMINA":null,"FICHA":null,"MINERAIS_IDENTIFICADOS":"Quartzo(50%), Muscovita(15%), Feldspato(15%), Biotita(5%), Clorita(1%)","X":-57.370000000000005,"Y":-20.723000000000003,"DATUM":"WGS84","__atlas_chave_independente":"AFLOR_ROCHA:485050:560013","__atlas_n_registros_grupo":1,"__atlas_q_registro":0.875,"__atlas_q_grupo":0.875,"__atlas_unidade_geologica_id":"1064","__atlas_unidade_geologica_sigla":"PP3_gamma_al","__atlas_unidade_geologica_nome":"Corpo Granito Alumiador","__atlas_fonte":"SGB · GeoSGB · Petrografia","__atlas_snapshot":"2026-08-14"}},{"type":"Feature","id":28843217,"geometry":{"type":"Point","coordinates":[-57.346000000000004,-20.730999999999995]},"properties":{"OBJECTID":28843217,"COD_AMOSTRA":116419,"COD_AFLORAMENTO":485053,"COD_ROCHA":560019,"NUM_CAMPO_AMOSTRA":"FM-0082-B","COD_LAMINA":42246,"NUM_CAMPO_LAMINA":"4220-FM-R-0082-B","NOTAS":"Textura: glomeroporfirítica, traquítica, microporfirítica \r\nNome: Metadacito\r\nMetamorfismo: fácies xisto verde inferior\r\n\r\nRocha orientada com textura ígnea preservada. Fenocristais ripiformes de plagioclásio isolados ou em pequenos agregados estão imersos em matriz muito fina (0,05 - 0,15 mm) constituída por feldspato, quartzo, minerais opacos, sericita, carbonato e clorita. Os feldspatos são em sua maioria plagioclásio ripiforme com geminação, mas não descartamos a possibilidade de ocorrrer feldspato alcalino. Os feldspatos apresentam forte orientação preferencial de forma definindo uma textura traquítica. Comumente, ripas de plagioclásio estão inclusas de maneira subofítica em cristais de quartzo. Sericita + carbonato ± clorita ± epidoto encontram-se dispersos pela matriz em orientação aleatória. Os fenocristais de plagioclásio apresentam intercrescimento de carbonato + sericita ± epidoto ± clorita ± fluorita. Ocorrem vênulas ricas em epídoto e/ou clorita + opacos. Por vezes, clorita ± opacos pseudomorfizam mineral tabular euédrico submilimétrico. ","PETROGRAFO":"Frederico Meira Faleiros","PROJETO":"Geologia das Folhas Aldeia Tomázia e Fazenda Santa Otília","BASE_CARTOGRAFICA":"SF.21-V-B-VI - Aldeia Tomasia","TIPO_SECAO":"Delgada","GRAU_INTEMPERISMO":null,"TAMANHO_AMOSTRA":null,"COR_RX_FRESCA":null,"COR_RX_INTEMPERIZADA":null,"GRANULACAO_MINIMA":" ","GRANULACAO_MEDIA":" ","GRANULACAO_MAXIMA":" ","SELECIONAMENTO":null,"CONSISTENCIA_AMOSTRA":null,"CONTATO":null,"COD_CLASSIFICACAO":null,"PROTOLITO":null,"ROCHA":"Metadacito","LINK":"p_cod_amostra=116419&p_cod_rocha=560019&p_cod_afloramento=485053","LOCAL_LAMINA":"SUREG-SP","LOTE_LAMINA":null,"NUM_LAB_LAMINA":null,"FICHA":null,"MINERAIS_IDENTIFICADOS":"Quartzo(43%), Carbonato(14%), Epidoto(1%), Opaco (Microscopia)(1%), Clorita(1%)","X":-57.346000000000004,"Y":-20.731,"DATUM":"WGS84","__atlas_chave_independente":"AFLOR_ROCHA:485053:560019","__atlas_n_registros_grupo":1,"__atlas_q_registro":0.875,"__atlas_q_grupo":0.875,"__atlas_unidade_geologica_id":"1064","__atlas_unidade_geologica_sigla":"PP3_gamma_al","__atlas_unidade_geologica_nome":"Corpo Granito Alumiador","__atlas_fonte":"SGB · GeoSGB · Petrografia","__atlas_snapshot":"2026-08-14"}},{"type":"Feature","id":28843233,"geometry":{"type":"Point","coordinates":[-57.346000000000004,-20.730999999999995]},"properties":{"OBJECTID":28843233,"COD_AMOSTRA":116418,"COD_AFLORAMENTO":485053,"COD_ROCHA":560018,"NUM_CAMPO_AMOSTRA":"FM-0082-A","COD_LAMINA":42245,"NUM_CAMPO_LAMINA":"4220-FM-R-0082-A","NOTAS":"Nome da rocha: Muscovita-gnaisse com biotita\r\n\r\nTextura: Granoblástica\r\nGranulação: Inequigranular fina a média\r\n\r\nA rocha é definida por um domínio granoblástico quartzo-feldspático alternado com domínio micáceo de muscovita + biotita sem orientação muito bem definida. Os feldspatos ocorrem intensamente alterados para muscovita pseudomórfica associada com quartzo + biotita. \r\n\r\nMinerais:\r\nQuartzo (até 1,3mm)\r\nMuscovita (aproximadamente 0,1mm)\r\nFeldspato (até 1,3mm)\r\nBiotita (aproximadamente 0,1mm)\r\nOpacos (0,18 a 0,92mm)","PETROGRAFO":"Frederico Meira Faleiros","PROJETO":"Geologia das Folhas Aldeia Tomázia e Fazenda Santa Otília","BASE_CARTOGRAFICA":"SF.21-V-B-VI - Aldeia Tomasia","TIPO_SECAO":"Delgada","GRAU_INTEMPERISMO":null,"TAMANHO_AMOSTRA":null,"COR_RX_FRESCA":null,"COR_RX_INTEMPERIZADA":null,"GRANULACAO_MINIMA":" ","GRANULACAO_MEDIA":" ","GRANULACAO_MAXIMA":" ","SELECIONAMENTO":null,"CONSISTENCIA_AMOSTRA":null,"CONTATO":null,"COD_CLASSIFICACAO":null,"PROTOLITO":null,"ROCHA":"Muscovita gnaisse","LINK":"p_cod_amostra=116418&p_cod_rocha=560018&p_cod_afloramento=485053","LOCAL_LAMINA":"SUREG-SP","LOTE_LAMINA":null,"NUM_LAB_LAMINA":null,"FICHA":null,"MINERAIS_IDENTIFICADOS":"Quartzo(40%), Muscovita(40%), Feldspato(15%), Biotita(5%), Opaco (Microscopia)(<1%)","X":-57.346000000000004,"Y":-20.731,"DATUM":"WGS84","__atlas_chave_independente":"AFLOR_ROCHA:485053:560018","__atlas_n_registros_grupo":1,"__atlas_q_registro":0.875,"__atlas_q_grupo":0.875,"__atlas_unidade_geologica_id":"1064","__atlas_unidade_geologica_sigla":"PP3_gamma_al","__atlas_unidade_geologica_nome":"Corpo Granito Alumiador","__atlas_fonte":"SGB · GeoSGB · Petrografia","__atlas_snapshot":"2026-08-14"}},{"type":"Feature","id":28843377,"geometry":{"type":"Point","coordinates":[-57.25799999999998,-20.500999999999976]},"properties":{"OBJECTID":28843377,"COD_AMOSTRA":116428,"COD_AFLORAMENTO":485077,"COD_ROCHA":560064,"NUM_CAMPO_AMOSTRA":"FM-0101-B","COD_LAMINA":42255,"NUM_CAMPO_LAMINA":"4220-FM-R-0101-B","NOTAS":"Mesoscopia\r\nTextura: lepidoganoblástica, blastoinequiranular seriada, porfiroclástica\r\nGranulação: 1 - 7 mm\r\nEstrutura: gnáissica\r\nIC: 7\r\nMineralogia observável: plagioclásio, feldspato alcalino, quartzo, biotita, epidoto\r\n\r\nOcorrem veios de epidoto e quartzo + epidoto (milimétrico a centimétrico)\r\n\r\nMicroscopia\r\nTextura: blasto-inequigranular seriada, porfiroclástica com matriz granoblástica \r\nGranulação: 0,2 - 7 mm\r\nNome: Biotita monzogranito protomilonítico hidrotermalizado\r\nUnidade geológica: Gnaisse Córrego Jibóia\r\n\r\nA rocha apresenta textura ígnea reliquiar inequigranular seriada superposta por uma foliação protomilonítica que afetou essencialmente os agregados de quartzo. Domínios quartzosos e domínios feldspáticos estão segregados. Os domínios quartzosos apresentam formas irregulares, entretanto, tendendo a lenticulares. Os grãos de quartzo apresentam formas muito irregulares e ampla variação da granulação (0,1 - 1,5 mm) com contatos interlobados e serrilhados entre os grãos. Adicionalmente, contatos entre grãos comumente são decorados por grãos ou pequenos agregados de grãos de poucos micrômetros de dimensão. Os grãos maiores apresentam forte extinção ondulante irregular e subgrãos. O conjunto de microestruturas sugere que o quartzo inicialmente passou por grain boundary migration e depois bulging, indicando deformação e milonitização em temperaturas progressivamente mais baixas. O plagioclásio apresenta sua forma ígnea original em grande parte preservada (anédrica a subédrica). Apresenta grau de alteração heterogêneo, variando de grãos com cerca de 40% de intercrescimento de sericita + epidoto ± biotita verde-amarronzada ± clorita a grãos completamente pseudomorfizados. Grãos mais preservados preservam sinais de deformação intracristalina, tais como kinks internos com deslocamento de geminação e extição ondulante. Não ocorrem sinais de recristalização dinâmica. O microclínio apresenta intercrescimento de albita neoformada, bem como faixas de cristais neoformados de poucos micrômetros a 0,2 mm de diâmetro aparentemente desenvolvidos ao longo de microfraturas conjugadas. Essas feições se asssemelham aquelas de bulging, embora possa ter ocorrido com modificação composicional. A porcentagem de recristalização do microclínio varia de 15 a 50% em grãos individuais. A biotita apresenta cor verde-amarronzada, textura sagenítica e apresenta-se geralmente associada aos minerais hidrotermais epidoto, sericita, apatita e titanita. Alguns agregados de sericita + epidto ± biotita ± titanita apresentam-se segregados ao longo de interstícios entre agregados de quartzo ou feldspato, ou ao longo de bandas de deformação descontínuas. \r\nA foliação protomilonítica é marcada pelo alongamento de agregados quartzosos e compostos por sericita + epidoto, que formam os domínios que acomodaram a deformação geral da rocha. ","PETROGRAFO":"Frederico Meira Faleiros","PROJETO":"Geologia das Folhas Aldeia Tomázia e Fazenda Santa Otília","BASE_CARTOGRAFICA":"SF.21-V-B-VI - Aldeia Tomasia","TIPO_SECAO":"Delgada","GRAU_INTEMPERISMO":"Não intemperizada","TAMANHO_AMOSTRA":"10 cm","COR_RX_FRESCA":"Cinza rosado","COR_RX_INTEMPERIZADA":null,"GRANULACAO_MINIMA":"Fanerítica média (1,0-5,0mm)","GRANULACAO_MEDIA":"Fanerítica média (1,0-5,0mm)","GRANULACAO_MAXIMA":"Fanerítica grossa (5,0-30,0mm)","SELECIONAMENTO":null,"CONSISTENCIA_AMOSTRA":"Consistente","CONTATO":null,"COD_CLASSIFICACAO":null,"PROTOLITO":null,"ROCHA":"Biotita monzogranito, Protomilonito","LINK":"p_cod_amostra=116428&p_cod_rocha=560064&p_cod_afloramento=485077","LOCAL_LAMINA":"SUREG-SP","LOTE_LAMINA":null,"NUM_LAB_LAMINA":null,"FICHA":null,"MINERAIS_IDENTIFICADOS":"Quartzo(30%), Microclínio(25%), Epidoto(<24%), Sericita(<24%), Titanita(<24%), Apatita(<24%), Albita(10%), Biotita(6%), Opaco (Microscopia)(<1%)","X":-57.258,"Y":-20.501,"DATUM":"WGS84","__atlas_chave_independente":"AFLOR_ROCHA:485077:560064","__atlas_n_registros_grupo":1,"__atlas_q_registro":0.875,"__atlas_q_grupo":0.875,"__atlas_unidade_geologica_id":"1465","__atlas_unidade_geologica_sigla":"PP3ap","__atlas_unidade_geologica_nome":"Complexo Rio Apa","__atlas_fonte":"SGB · GeoSGB · Petrografia","__atlas_snapshot":"2026-08-14"}},{"type":"Feature","id":28843393,"geometry":{"type":"Point","coordinates":[-57.21600000000001,-20.579000000000008]},"properties":{"OBJECTID":28843393,"COD_AMOSTRA":116429,"COD_AFLORAMENTO":485079,"COD_ROCHA":560069,"NUM_CAMPO_AMOSTRA":"FM-0108","COD_LAMINA":42256,"NUM_CAMPO_LAMINA":"4220-FM-R-0108","NOTAS":"Textura: lenticularizada protomilonítica, domínios granoblásticos, domínios lepidoblásticos\r\nGranulação: 0,05 - 6 mm\r\nNome: Monzogranito protomilonítico hidrotermalizado\r\n\r\nA rocha apresenta segregação entre leitos quartzosos, leites feldspáticos, leitos micáceos e leitos ricos em epidoto, formando um bandamento lenticularizado. Os agregados quartzosos são compostos por grãos relativamente grossos (0,2 - 0,7 mm) com leve elongação (menor ou igual a 2:1), forte orientação preferencial de forma e orientação cristalográfica preferencial, extinção ondulante, subgrãos e contatos lobados e serrilhados. Os contatos serrilhados são decorados por grãos isolados ou pequenos agregados de grãos com granulação entre 0,01 e 0,02 mm. As microestruturas indicam grain boundary migration superposta por bulging. O plagioclásio apresenta abundante intercrescimento de sericita/muscovita + epidoto + clorita + carbonato ± fluorita, em proporções que ultrapassam 50%. Preservam em geral sua forma ígnea subédrica a anédrica, embora ocorram grãos fraturados e falhados. Mostra uma certa orientação preferencial de forma. Alguns grãos mostram-se lenticularizados e envoltos por sombras de deformação formada por muscovita + epidoto + clorita ± biotita ± quartzo. Por vezes esses agregados ocorrem também preenchendo fraturas. Cristais de plagioclásio em contato com microclínio apresentam bordas com sobrecrescimento de albita livre de alteração idrotermal. O microclínio é anédrico e poiquilítico, com inclusões de plagioclásio euédrico e localmente quartzo. Em geral, não foi muito afetado por alteração hidrotermal, embora o plagioclásio incluso tenha sido saussuritizado (também com coroas de albita). Alguns grãos apresentam-se cortados por bandas de cisalhamento com recristalização do microclínio para agregados de cerca de 0,01 mm de granulação (bulging), com associação de sericita + epidoto + quartzo. Os leitos micáceos apresentam textura lepidoblástica. \r\n\r\nAs microestruturas permitem inferir que a rocha passou por deformação em temperatura da ordem de 500°C (recristalização do microclínio por bulging; recristalização do quartzo por grain boundary rotation), que foi superposta por deformação em temperatura da ordem 300-350°C (recristalização do quartzo por bulging). Provavelmente o hidrotermalismo está associado à última fase de deformação.   ","PETROGRAFO":"Frederico Meira Faleiros","PROJETO":"Geologia das Folhas Aldeia Tomázia e Fazenda Santa Otília","BASE_CARTOGRAFICA":"SF.21-V-B-VI - Aldeia Tomasia","TIPO_SECAO":"Delgada","GRAU_INTEMPERISMO":null,"TAMANHO_AMOSTRA":null,"COR_RX_FRESCA":null,"COR_RX_INTEMPERIZADA":null,"GRANULACAO_MINIMA":" ","GRANULACAO_MEDIA":" ","GRANULACAO_MAXIMA":" ","SELECIONAMENTO":null,"CONSISTENCIA_AMOSTRA":null,"CONTATO":null,"COD_CLASSIFICACAO":null,"PROTOLITO":null,"ROCHA":"Monzogranito milonítico","LINK":"p_cod_amostra=116429&p_cod_rocha=560069&p_cod_afloramento=485079","LOCAL_LAMINA":"SUREG-SP","LOTE_LAMINA":null,"NUM_LAB_LAMINA":null,"FICHA":null,"MINERAIS_IDENTIFICADOS":"Quartzo(33%), Microclínio(27%), Sericita(<4%), Epidoto(4%), Muscovita(<4%), Biotita(<3%), Albita(1%), Carbonato(1%), Clorita(1%), Fluorita(<1%)","X":-57.216,"Y":-20.579,"DATUM":"WGS84","__atlas_chave_independente":"AFLOR_ROCHA:485079:560069","__atlas_n_registros_grupo":1,"__atlas_q_registro":0.875,"__atlas_q_grupo":0.875,"__atlas_unidade_geologica_id":"1503","__atlas_unidade_geologica_sigla":"Q1p1","__atlas_unidade_geologica_nome":"Fácies Pantanal, terraços aluvionares","__atlas_fonte":"SGB · GeoSGB · Petrografia","__atlas_snapshot":"2026-08-14"}},{"type":"Feature","id":28843409,"geometry":{"type":"Point","coordinates":[-57.21100000000001,-20.920000000000016]},"properties":{"OBJECTID":28843409,"COD_AMOSTRA":116430,"COD_AFLORAMENTO":485080,"COD_ROCHA":560070,"NUM_CAMPO_AMOSTRA":"FM-0109-A","COD_LAMINA":42257,"NUM_CAMPO_LAMINA":"4220-FM-R-0109-A","NOTAS":"Textura: lenticularizada milonítica\r\nGranulação: 0,01 - 4 mm\r\nNome: Monzogranito milonítico hidrotermalizado\r\n\r\nRocha com forte foliação milonítica dada por intercalações entre lentes quartzosas, ricas em muscovita e ricas em feldspato, e também por orientação preferencial de forma dos minerais internos a cada leito. Leitos mais ricos em feldspatos ocorrem na forma de porfiroclastos geralmente lenticulares e com sombras de deformação do tipo sigma em matriz de granulação fina mas bastante variável, formada por quartzo, feldspatos, muscovita e epidoto. O microclínio está livre de alteração, apresenta inclusões arredondadas de quartzo e pseudomorfos de plagioclásio, extinção ondulante e mantos de grãos recristalizados com dimensões da ordem de 0,01 mm desenvolvidos em sombras de deformação (bulging). Pseudomorfos de plagioclásio são ocupados por agregados de epidoto + sericita + albita e envoltos por sombras de deformação ricas em muscovita. Frequentemente ocorrem pseudomorfos fragmentados, com fragmentos deslocados e interstícios preenchidos por muscovita ± epidoto. Agregados de quartzo apresentam textura granoblástica inequigranular interlobada com os contatos entre grãos decorados por cristais isolados ou agregados de quartzo de granulação menor ou igual a 0,01 mm, indicando grain boundary migration superposta por bulging. O quartzo apresenta forte extinção ondulante, bandas de deformação e domínios de subgrãos. ","PETROGRAFO":"Frederico Meira Faleiros","PROJETO":"Geologia das Folhas Aldeia Tomázia e Fazenda Santa Otília","BASE_CARTOGRAFICA":"SF.21-V-B-VI - Aldeia Tomasia","TIPO_SECAO":"Delgada","GRAU_INTEMPERISMO":null,"TAMANHO_AMOSTRA":null,"COR_RX_FRESCA":null,"COR_RX_INTEMPERIZADA":null,"GRANULACAO_MINIMA":" ","GRANULACAO_MEDIA":" ","GRANULACAO_MAXIMA":" ","SELECIONAMENTO":null,"CONSISTENCIA_AMOSTRA":null,"CONTATO":null,"COD_CLASSIFICACAO":null,"PROTOLITO":null,"ROCHA":"Monzogranito milonítico","LINK":"p_cod_amostra=116430&p_cod_rocha=560070&p_cod_afloramento=485080","LOCAL_LAMINA":"SUREG-SP","LOTE_LAMINA":null,"NUM_LAB_LAMINA":null,"FICHA":null,"MINERAIS_IDENTIFICADOS":"Quartzo(30%), Microclínio(<30%), Sericita(<9%), Muscovita(<8%), Epidoto(8%), Albita(1%), Opaco (Microscopia)(<1%), Biotita(<1%), Zircão(<1%)","X":-57.211000000000006,"Y":-20.92,"DATUM":"WGS84","__atlas_chave_independente":"AFLOR_ROCHA:485080:560070","__atlas_n_registros_grupo":1,"__atlas_q_registro":0.875,"__atlas_q_grupo":0.875,"__atlas_unidade_geologica_id":"1507","__atlas_unidade_geologica_sigla":"Q2a","__atlas_unidade_geologica_nome":"Depósitos aluvionares","__atlas_fonte":"SGB · GeoSGB · Petrografia","__atlas_snapshot":"2026-08-14"}},{"type":"Feature","id":28843521,"geometry":{"type":"Point","coordinates":[-57.34800000000001,-20.839]},"properties":{"OBJECTID":28843521,"COD_AMOSTRA":116435,"COD_AFLORAMENTO":485099,"COD_ROCHA":560111,"NUM_CAMPO_AMOSTRA":"FM-0128-A","COD_LAMINA":42262,"NUM_CAMPO_LAMINA":"4220-FM-R-0128-A","NOTAS":"Mesoscopia\r\nTextura: porfirítica\r\nGranulação: 0,5 - 3 cm\r\nEstrutura: foliação ígnea dada pela orientação preferencial de fenocristais de feldspato alcalino euédrico\r\nIC: 13\r\nMineralogia observável: plagioclásio verde, feldspato alcalino róseo, quartzo, biotita.\r\n\r\nRocha hidrotermalizada mas indeformada.\r\n\r\nMicroscopia\r\nTextura: porfirítica com matriz inequigranular seriada subédrica  \r\nGranulação: matriz (1 - 10 mm), fenocristal (até 30 mm)\r\nAlteração hidrotermal: pervasiva, saussuritização, carbonatação\r\nNome: Biotita monzogranito hidrotermalizado\r\nUnidade geológica: Formação Alto Tererê\r\n\r\nRocha com estrutura e textura ígnea ainda preservada apesar de forte alteração hidrotermal. O quartzo é intersticial, ocupando interstícios entre cristais euédricos de plagioclásio e microclínio. Apresenta leve extinção ondulante irregular e ausência de sinais de recristalização dinâmica. Pseudomorfos euédricos a subédricos de plagioclásio encontram-se totalmente ou quase totalmente constituídos por agregados criptocristalinos de sericita + epidoto ± albita. Quase invariavelmente os pseudomorfos de plagioclásio apresentam bordas com sobrecrescimento de albita livre de alteração (com ou sem geminação polissintética). Pseudomorfos de plagioclásio com as mesmas características ocorrem inclusos em microclínio. O microclínio é anédrico e apresenta intercrescimentos de carbonato, albita e, subordinadamente, muscovita. Os minerais hidrotermais ocupam cerca de 30% do microclínio. Pseudomorfos de biotita ígnea milimétrica apresentam-se constituídos por agregados intercrescidos de biotita verde + epidoto + apatita ± muscovita ± clorita + titanita.\r\nOcorrem vênulas de quartzo e carbonato + quartzo.\r\nO quartzo ígneo é rico em inclusões fluidas carbônicas e aquocarbônicas secundárias, em trilhas de dimensões da ordem de até 30 micrometros. ","PETROGRAFO":"Frederico Meira Faleiros","PROJETO":"Geologia das Folhas Aldeia Tomázia e Fazenda Santa Otília","BASE_CARTOGRAFICA":"SF.21-V-B-VI - Aldeia Tomasia","TIPO_SECAO":"Delgada-polida","GRAU_INTEMPERISMO":"Não intemperizada","TAMANHO_AMOSTRA":"15 cm","COR_RX_FRESCA":"Verde escuro","COR_RX_INTEMPERIZADA":null,"GRANULACAO_MINIMA":"Fanerítica fina (<1,0mm)","GRANULACAO_MEDIA":"Fanerítica fina (<1,0mm)","GRANULACAO_MAXIMA":"Fanerítica muito grossa (>30,0mm)","SELECIONAMENTO":null,"CONSISTENCIA_AMOSTRA":"Consistente","CONTATO":null,"COD_CLASSIFICACAO":null,"PROTOLITO":null,"ROCHA":"Biotita monzogranito","LINK":"p_cod_amostra=116435&p_cod_rocha=560111&p_cod_afloramento=485099","LOCAL_LAMINA":"SUREG-SP","LOTE_LAMINA":null,"NUM_LAB_LAMINA":null,"FICHA":null,"MINERAIS_IDENTIFICADOS":"Quartzo(25%), Microclínio(20%), Sericita(15%), Biotita(10%), Epidoto(4%), Carbonato(<2%), Albita(<2%), Apatita(<1%), Zircão(<1%), Titanita(1%), Clorita(<1%)","X":-57.348000000000006,"Y":-20.839000000000002,"DATUM":"WGS84","__atlas_chave_independente":"AFLOR_ROCHA:485099:560111","__atlas_n_registros_grupo":1,"__atlas_q_registro":0.875,"__atlas_q_grupo":0.875,"__atlas_unidade_geologica_id":"1507","__atlas_unidade_geologica_sigla":"Q2a","__atlas_unidade_geologica_nome":"Depósitos aluvionares","__atlas_fonte":"SGB · GeoSGB · Petrografia","__atlas_snapshot":"2026-08-14"}},{"type":"Feature","id":28843585,"geometry":{"type":"Point","coordinates":[-57.065,-20.843000000000018]},"properties":{"OBJECTID":28843585,"COD_AMOSTRA":116441,"COD_AFLORAMENTO":485118,"COD_ROCHA":560148,"NUM_CAMPO_AMOSTRA":"FM-0147-B","COD_LAMINA":42268,"NUM_CAMPO_LAMINA":"4220-FM-R-0147-B","NOTAS":"Mesoscopia\r\nTextura: lepidogranoblástica\r\nGranulação: média (1 - 2 mm)\r\nEstrutura: gnáissica\r\nIC: 30\r\nMineralogia observável: feldspato, quartzo, biotita e muscovita\r\n\r\nMicroscopia\r\nTextura: lepidogranoblástica seriada \r\nGranulação: 0,1 a 2 mm\r\nNome: Muscovita-biotita gnaisse sienogranítico\r\nUnidade geológica: Complexo Rio Apa\r\n\r\nOcorre uma foliação gnáissica homogênea definida por orientação preferencial de forma de micas e grãos alongados de feldspato e quartzo. As micas estão disseminadas, não chegando a formar bandamento composicional. Localmente o quartzo está segregado em domínios, onde mostra contatos lobados entre grãos indicativos de grain boundary migration. Apresenta extinção ondulante fraca a ausente. Os feldspatos são anédricos e apresentam contatos lobados, mesmo quando em contato com quartzo . Apresentam baixa razão axial (menor ou igual a 1,5:1) e orientação preferencial de forma. O plagioclásio apresenta-se leve a moderadamente saussuritizado. A muscovita aparece principalmente esquelética, com dimensão ultrapassando 1 mm e comumente intercrescida com carbonato e epidoto, indicando origem hidrotermal. É possível que alguns cristais esqueléticos tenham substituído totalmente cristais de plagioclásio. A biotita é marrom-escura, subédrica com forte orientação preferencial de forma. Alguns cristais aparecem intercrescidos com muscovita ± epidoto ± carbonato. Cristais inclusos ou parcialmente inclusos em plagioclásio apresentam coroas discretas de abita, ou são envolvidas por filmes de albita (ou quartzo em alguns casos). A titanita aparece ou associada à bordas de mineral opaco(magnetita?) ou em agregados de titanita + epidoto + muscovita + feldspato + carbonato, geralmente em domínios ricos em restos de biotita corroída. ","PETROGRAFO":"Frederico Meira Faleiros","PROJETO":"Geologia das Folhas Aldeia Tomázia e Fazenda Santa Otília","BASE_CARTOGRAFICA":"SF.21-V-B-VI - Aldeia Tomasia","TIPO_SECAO":"Delgada-polida","GRAU_INTEMPERISMO":"Não intemperizada","TAMANHO_AMOSTRA":"10 cm","COR_RX_FRESCA":"Cinza","COR_RX_INTEMPERIZADA":null,"GRANULACAO_MINIMA":"Fanerítica média (1,0-5,0mm)","GRANULACAO_MEDIA":"Fanerítica média (1,0-5,0mm)","GRANULACAO_MAXIMA":"Fanerítica média (1,0-5,0mm)","SELECIONAMENTO":null,"CONSISTENCIA_AMOSTRA":"Consistente","CONTATO":null,"COD_CLASSIFICACAO":null,"PROTOLITO":null,"ROCHA":"Muscovita-biotita gnaisse","LINK":"p_cod_amostra=116441&p_cod_rocha=560148&p_cod_afloramento=485118","LOCAL_LAMINA":"SUREG-SP","LOTE_LAMINA":null,"NUM_LAB_LAMINA":null,"FICHA":null,"MINERAIS_IDENTIFICADOS":"Quartzo(34%), Microclínio(33%), Biotita(15%), Muscovita(5%), Magnetita(2%), Zircão(<1%), Titanita(1%), Carbonato(<1%), Epidoto(<1%)","X":-57.065000000000005,"Y":-20.843,"DATUM":"WGS84","__atlas_chave_independente":"AFLOR_ROCHA:485118:560148","__atlas_n_registros_grupo":1,"__atlas_q_registro":0.875,"__atlas_q_grupo":0.875,"__atlas_unidade_geologica_id":"1455","__atlas_unidade_geologica_sigla":"PP4at","__atlas_unidade_geologica_nome":"Formação Alto Tererê","__atlas_fonte":"SGB · GeoSGB · Petrografia","__atlas_snapshot":"2026-08-14"}},{"type":"Feature","id":28843633,"geometry":{"type":"Point","coordinates":[-57.14499999999998,-20.759000000000015]},"properties":{"OBJECTID":28843633,"COD_AMOSTRA":116444,"COD_AFLORAMENTO":485130,"COD_ROCHA":560160,"NUM_CAMPO_AMOSTRA":"FM-0159","COD_LAMINA":42271,"NUM_CAMPO_LAMINA":"4220-FM-R-0159","NOTAS":"Mesoscopia\r\nTextura: granoblástica e lepidoblástica\r\nGranulação: 1 - 5 mm\r\nEstrutura: gnáissica\r\nIC: 5\r\nMineralogia observável: feldspato róseo, quartzo e muscovita\r\n\r\nMicroscopia\r\nTextura: domínios granoblásticos e domínios lepidoblásticos\r\nGranulação: 0,15 - 1 mm\r\nNome: Muscovita gnaisse sienogranítico com granada\r\nUnidade geológica: Complexo Rio Apa\r\n\r\nA rocha apresenta estrutura gnáissica definida por orientação preferencial de forma de muscovita, quartzo e feldspatos, além de alternância entre lentes lepidoblásticas muscovíticas e leitos granoblásticos quartzo-feldspáticos. Ocorre segregação incipiente entre domínios feldspáticos e domínios quartzosos, sem no entanto, formação de leitos específicos. O quartzo é pouco a moderadamente alongado (menor ou igual a 1:3) e apresenta contatos lobados entre grãos indicando recristalização por grain boundary migration. Apresenta extinção ondulante fraca e subgrãos, e é muito rico em inclusões fluidas aquocarbônicas e carbônicas em faixas pouco regulares. O microclínio apresenta inclusões arredondadas de quartzo e contatos lobados tanto com quartzo quanto com plagioclásio. Entretanto, por vezes, apresenta terminações em cúspide envolvendo parcialmente terminações ovaladas de grãos de quartzo (fusão parcial?). Pseudomorfos de plagioclásio ainda com a geminação preservada estão parcial a totalmente substituídos por agregados de sericita ± epidoto ± albita. Entretanto, apresentam borda de albita livre de alteração hidrotermal, bem desenvolvidas quando em contato com microclínio. A granada é euédrica e apresenta inclusões de quartzo ovalado com tendência de orientação preferencial perpendicular à foliação externa. A granulação das inclusões é muito menor que a matriz externa (0,5 - 1mm contra 0,03 - 0,05 mm). A muscovita apresenta intercrescimento ao longo das clivagens de epidoto e de agregados de um mineral turvo como o rutilo, porém com extinção inclinada, e com alo pleocróico (monazita?). O zircão ocorre como cristais dominantemente arredondados.\r\n","PETROGRAFO":"Frederico Meira Faleiros","PROJETO":"Geologia das Folhas Aldeia Tomázia e Fazenda Santa Otília","BASE_CARTOGRAFICA":"SF.21-V-B-VI - Aldeia Tomasia","TIPO_SECAO":"Delgada-polida","GRAU_INTEMPERISMO":"Não intemperizada","TAMANHO_AMOSTRA":"10 cm","COR_RX_FRESCA":"Rosa","COR_RX_INTEMPERIZADA":null,"GRANULACAO_MINIMA":"Fanerítica fina (<1,0mm)","GRANULACAO_MEDIA":"Fanerítica média (1,0-5,0mm)","GRANULACAO_MAXIMA":"Fanerítica grossa (5,0-30,0mm)","SELECIONAMENTO":null,"CONSISTENCIA_AMOSTRA":"Consistente","CONTATO":null,"COD_CLASSIFICACAO":null,"PROTOLITO":null,"ROCHA":"Muscovita gnaisse","LINK":"p_cod_amostra=116444&p_cod_rocha=560160&p_cod_afloramento=485130","LOCAL_LAMINA":"SUREG-SP","LOTE_LAMINA":null,"NUM_LAB_LAMINA":null,"FICHA":null,"MINERAIS_IDENTIFICADOS":"Microclínio(50%), Quartzo(15%), Muscovita(8%), Zircão(<1%), Epidoto(1%), Granada(1%), Albita(<1%), Monazita(<1%)","X":-57.145,"Y":-20.759,"DATUM":"WGS84","__atlas_chave_independente":"AFLOR_ROCHA:485130:560160","__atlas_n_registros_grupo":1,"__atlas_q_registro":0.875,"__atlas_q_grupo":0.875,"__atlas_unidade_geologica_id":"1455","__atlas_unidade_geologica_sigla":"PP4at","__atlas_unidade_geologica_nome":"Formação Alto Tererê","__atlas_fonte":"SGB · GeoSGB · Petrografia","__atlas_snapshot":"2026-08-14"}},{"type":"Feature","id":28843665,"geometry":{"type":"Point","coordinates":[-57.15699999999998,-20.767999999999972]},"properties":{"OBJECTID":28843665,"COD_AMOSTRA":116446,"COD_AFLORAMENTO":485133,"COD_ROCHA":560163,"NUM_CAMPO_AMOSTRA":"FM-0162","COD_LAMINA":42273,"NUM_CAMPO_LAMINA":"4220-FM-R-0162","NOTAS":"Mesoscopia\r\nTextura: lepidogranoblástica\r\nGranulação: fina a média\r\nEstrutura: gnáissica\r\nIC: menor que 10\r\nMineralogia observável: feldspato e muscovita\r\n\r\nMicroscopia\r\nTextura: lepidogranoblástica seriada\r\nGranulação: 0,15 - 1,5 mm\r\nNome: Muscovita gnaisse com granada (composição monzogranítica)\r\n\r\nRocha apresenta foliação gnáissica definida por orientação preferencial de forma de feldspatos e quartzo alongados, além de muscovita. A muscovita ocorre como grãos isolados ou formando agregados de poucos grãos, não chegando a formar bandamento/laminação. Ocorre segregação muito insipiente em domínios quartzosos monominerálicos e domínios ricos em feldspato. Ocorre uma tendência do microclínio apresentar granulação mais grossa que quartzo e plagioclásio, entretanto, não chega a formar uma textura porfiroclástica. Agregados de quartzo apresentam contatos lobados entre grãos, indicando grain boundary migration. O quartzo apresenta extinção ondulante muito leve à ausente. Quartzo e feldspatos apresentam razões axiais geralmente entre 1,5:1 e 3:1 e fortíssima orientação preferencial de forma. A granada (apenas 1 cristal) apresenta inclusões de plagioclásio e quartzo, com granulações consideravelmente mais finas que a matriz (0,02 - 0,15 contra 0,3 - 1,5), indicando que houve crescimento dos grãos após sua cristalização. Ela aqpresenta forma arredondadas e as inclusões em orientação aleatória. Os grãos maiores, de microclínio (milimétricos a submilimétricos) apresentam inclusões arredondadas de quartzo e plagioclásio. Ocorrem pseudomorfos euédricos de zircão substituídos por agregados criptocristalinos de mineral não classificado (epidoto ou titanita). Não é possível ter certeza de que essa rocha representa um granito deformado (peraluminoso) ou um paragnaisse derivado de metarcóseo (comum na Formação Alto Tererê). O petrógrafo opta pela primeira hipótese. ","PETROGRAFO":"Frederico Meira Faleiros","PROJETO":"Geologia das Folhas Aldeia Tomázia e Fazenda Santa Otília","BASE_CARTOGRAFICA":"SF.21-V-B-VI - Aldeia Tomasia","TIPO_SECAO":"Delgada-polida","GRAU_INTEMPERISMO":"Moderadamente intemperizada","TAMANHO_AMOSTRA":"15 cm","COR_RX_FRESCA":"Rosa","COR_RX_INTEMPERIZADA":"Esbranquiçada","GRANULACAO_MINIMA":"Fanerítica fina (<1,0mm)","GRANULACAO_MEDIA":"Fanerítica média (1,0-5,0mm)","GRANULACAO_MAXIMA":"Fanerítica média (1,0-5,0mm)","SELECIONAMENTO":null,"CONSISTENCIA_AMOSTRA":"Consistente","CONTATO":null,"COD_CLASSIFICACAO":null,"PROTOLITO":null,"ROCHA":"Muscovita gnaisse","LINK":"p_cod_amostra=116446&p_cod_rocha=560163&p_cod_afloramento=485133","LOCAL_LAMINA":"SUREG-SP","LOTE_LAMINA":null,"NUM_LAB_LAMINA":null,"FICHA":null,"MINERAIS_IDENTIFICADOS":"Quartzo(31%), Microclínio(28%), Muscovita(17%), Opaco (Microscopia)(<1%), Zircão(<1%), Granada(<1%)","X":-57.157000000000004,"Y":-20.768,"DATUM":"WGS84","__atlas_chave_independente":"AFLOR_ROCHA:485133:560163","__atlas_n_registros_grupo":1,"__atlas_q_registro":0.875,"__atlas_q_grupo":0.875,"__atlas_unidade_geologica_id":"1507","__atlas_unidade_geologica_sigla":"Q2a","__atlas_unidade_geologica_nome":"Depósitos aluvionares","__atlas_fonte":"SGB · GeoSGB · Petrografia","__atlas_snapshot":"2026-08-14"}},{"type":"Feature","id":28843857,"geometry":{"type":"Point","coordinates":[-57.45600000000002,-20.694000000000017]},"properties":{"OBJECTID":28843857,"COD_AMOSTRA":116458,"COD_AFLORAMENTO":485145,"COD_ROCHA":560187,"NUM_CAMPO_AMOSTRA":"FM-0174","COD_LAMINA":42285,"NUM_CAMPO_LAMINA":"4220-FM-R-0174","NOTAS":"Textura: inequigranular anédrica\r\nGranulação: 0,1 -5 mm\r\nNome: Muscovita monzogranito\r\n\r\nA rocha apresenta foliação marcada por orientação preferencial de forma de muscovita e alguns grãos levemente alongados de quartzo e, mais raramente, feldspatos. Ocorre uma segregação incipiente entre domínios irregulares ricos em feldspatos, quartzosos e muscovíticos. O plagioclásio apresenta aspecto turvo devido a um moderado intercrescimento de agregados de sericita ± epidoto. Apresenta fraca extinção ondulante, geminações deslocadas, microfraturas, lamelas de exsolução e inclusões de quartzo com hábito arredondado e localmente euédrico, e inclusões de muscovita. Alguns cristais apresentam bandas de deformação com intercrescimento interno de agregados de quartzo e subgrãos. Também ocorrem grãos milimétricos com interiores ocupados por agregados de grãos de plagioclásio fino (0,01 - 0,1 mm) recristalizado, em arranjos irregulares, por vezes, seguindo faixas. Os grãos hospedeiros apresentam abundantes subgrãos com granulação da ordem de 0,1 - 0,2 mm. O microclínio é poiquilítico, com inclusões arredondadas de quartzo, e subédricas de plagioclásio e muscovita. Por vezes ocorrem inclusões de agregados de plagioclásio (também anédricas, incluindo amebóides e por vezes com intercrescimento mirmequítico de quartzo). Apresenta localmente mantos descontínuos localizados, de grãos muito finos recristalizados. O quartzo forma agregados com textura inequigranular interlobada e apresenta forte extinção ondulante, bandas e lamelas de deformação, subgrãos e localmente domínios de grãos muito finos recristalizados ao longo de microfraturas (grain bondary migration x bulging). Locamente o quartzo encontra-se em textura intersticial envolvendo terminações euédricas de plagioclásio. O microclínio tem leve intercrescimento de sericita criptocristalina. Ocorre mineral opaco alongado intercrescido com muscovita ao longo de suas clivagens.","PETROGRAFO":"Frederico Meira Faleiros","PROJETO":"Geologia das Folhas Aldeia Tomázia e Fazenda Santa Otília","BASE_CARTOGRAFICA":"SF.21-V-B-VI - Aldeia Tomasia","TIPO_SECAO":"Delgada-polida","GRAU_INTEMPERISMO":null,"TAMANHO_AMOSTRA":null,"COR_RX_FRESCA":null,"COR_RX_INTEMPERIZADA":null,"GRANULACAO_MINIMA":" ","GRANULACAO_MEDIA":" ","GRANULACAO_MAXIMA":" ","SELECIONAMENTO":null,"CONSISTENCIA_AMOSTRA":null,"CONTATO":null,"COD_CLASSIFICACAO":null,"PROTOLITO":null,"ROCHA":"Monzogranito","LINK":"p_cod_amostra=116458&p_cod_rocha=560187&p_cod_afloramento=485145","LOCAL_LAMINA":"SUREG-SP","LOTE_LAMINA":null,"NUM_LAB_LAMINA":null,"FICHA":null,"MINERAIS_IDENTIFICADOS":"Quartzo(20%), Microclínio(20%), Sericita(7%), Opaco (Microscopia)(<1%), Muscovita(<1%), Epidoto(<1%), Biotita(<1%), Zircão(<1%)","X":-57.456,"Y":-20.694000000000003,"DATUM":"WGS84","__atlas_chave_independente":"AFLOR_ROCHA:485145:560187","__atlas_n_registros_grupo":1,"__atlas_q_registro":0.875,"__atlas_q_grupo":0.875,"__atlas_unidade_geologica_id":"1503","__atlas_unidade_geologica_sigla":"Q1p1","__atlas_unidade_geologica_nome":"Fácies Pantanal, terraços aluvionares","__atlas_fonte":"SGB · GeoSGB · Petrografia","__atlas_snapshot":"2026-08-14"}},{"type":"Feature","id":28843937,"geometry":{"type":"Point","coordinates":[-57.303999999999974,-20.654999999999973]},"properties":{"OBJECTID":28843937,"COD_AMOSTRA":116463,"COD_AFLORAMENTO":485157,"COD_ROCHA":560205,"NUM_CAMPO_AMOSTRA":"FM-0187","COD_LAMINA":42290,"NUM_CAMPO_LAMINA":"4220-FM-R-0187","NOTAS":"Mesoscopia\r\nTextura: equigranular média\r\nGranulação: aproximadamente 1 mm\r\nEstrutura: levemente foliada\r\nIC: 2\r\n\r\nMicroscopia\r\nTextura: blasto-granular e granoblástica\r\nNome: Monzogranito hidrotermalizado\r\nUnidade Geológica: Granito Ponto Alto\r\n\r\nDomínios feldspáticos e domínios quartzosos estão segregados heterogeneamente. Os agregados de quartzo apresentam contatos lobados a amebóides, localmente serrilhados. Os grãos de quartzo apresentam forte extinção ondulante irregular, subgrãos e bandas e lamelas de deformação. As microestruturas indicam grain boundary migration superposta por bulging incipiente. Pseudomorfos de plagioclásio consistem de agregados intercrescidos de sericita + epidoto ± albita. O plagioclásio foi totalmente consumido. Cristais anédricos de feldspato alcalino com geminação em grade apresentam-se intercrescidos e/ou manteados por albita ± sericita. É possível que todo o feldspato alcalino seja atualmente albita hidrotermal. Uma orientação preferencial de forma incipiente dos agregados de quartzo e feldspatos define uma foliação também incipiente. \r\nOcorrem agregados recristalizados de albita geminada com dimensão da ordem 0,1 - 0,2 mm.","PETROGRAFO":"Frederico Meira Faleiros","PROJETO":"Geologia das Folhas Aldeia Tomázia e Fazenda Santa Otília","BASE_CARTOGRAFICA":"SF.21-V-B-VI - Aldeia Tomasia","TIPO_SECAO":"Delgada","GRAU_INTEMPERISMO":"Pouco intemperizada","TAMANHO_AMOSTRA":"10 cm","COR_RX_FRESCA":"Rosa","COR_RX_INTEMPERIZADA":"Marrom","GRANULACAO_MINIMA":"Fanerítica fina (<1,0mm)","GRANULACAO_MEDIA":"Fanerítica fina (<1,0mm)","GRANULACAO_MAXIMA":"Fanerítica fina (<1,0mm)","SELECIONAMENTO":null,"CONSISTENCIA_AMOSTRA":"Consistente","CONTATO":null,"COD_CLASSIFICACAO":null,"PROTOLITO":null,"ROCHA":"Monzogranito","LINK":"p_cod_amostra=116463&p_cod_rocha=560205&p_cod_afloramento=485157","LOCAL_LAMINA":"SUREG-SP","LOTE_LAMINA":null,"NUM_LAB_LAMINA":null,"FICHA":null,"MINERAIS_IDENTIFICADOS":"Quartzo(30%), Muscovita(17%), Microclínio(14%), Epidoto(11%), Biotita(2%), Zircão(<1%), Apatita(<1%), Opaco (Microscopia)(<1%), Albita(1%)","X":-57.304,"Y":-20.655,"DATUM":"WGS84","__atlas_chave_independente":"AFLOR_ROCHA:485157:560205","__atlas_n_registros_grupo":1,"__atlas_q_registro":0.875,"__atlas_q_grupo":0.875,"__atlas_unidade_geologica_id":"1455","__atlas_unidade_geologica_sigla":"PP4at","__atlas_unidade_geologica_nome":"Formação Alto Tererê","__atlas_fonte":"SGB · GeoSGB · Petrografia","__atlas_snapshot":"2026-08-14"}},{"type":"Feature","id":28844001,"geometry":{"type":"Point","coordinates":[-57.30200000000002,-20.66300000000001]},"properties":{"OBJECTID":28844001,"COD_AMOSTRA":116467,"COD_AFLORAMENTO":485160,"COD_ROCHA":560208,"NUM_CAMPO_AMOSTRA":"FM-0190-B","COD_LAMINA":42294,"NUM_CAMPO_LAMINA":"4220-FM-R-0190-B","NOTAS":"Nome da rocha: Tonalito\r\n\r\nTextura: Localmente granoblástico, microporfirítica\r\n\r\nA rocha constitui de um granitóide composto majotariamente por fenocristais de quartzo e plagioclásio com geminação da lei da albita. Os fenocristais de quartzo sofreram recristalização havendo contatos interlobados entre os grãos em padrão grain boundary migration, também possuindo intensa extinção ondulante. O plagioclásio sofre sericitização com as bordas com associação de desequilíbrio com quartzo. \r\nGrãos desenvolvidos de muscovita são raros e estão parcialmente inclusos em plagioclásio. \r\nA matriz é composta por quartzo localmente granoblástico associado a sericita/muscovita.","PETROGRAFO":"Frederico Meira Faleiros","PROJETO":"Geologia das Folhas Aldeia Tomázia e Fazenda Santa Otília","BASE_CARTOGRAFICA":"SF.21-V-B-VI - Aldeia Tomasia","TIPO_SECAO":"Delgada","GRAU_INTEMPERISMO":null,"TAMANHO_AMOSTRA":null,"COR_RX_FRESCA":null,"COR_RX_INTEMPERIZADA":null,"GRANULACAO_MINIMA":" ","GRANULACAO_MEDIA":" ","GRANULACAO_MAXIMA":" ","SELECIONAMENTO":null,"CONSISTENCIA_AMOSTRA":null,"CONTATO":null,"COD_CLASSIFICACAO":null,"PROTOLITO":null,"ROCHA":"Tonalito","LINK":"p_cod_amostra=116467&p_cod_rocha=560208&p_cod_afloramento=485160","LOCAL_LAMINA":"SUREG-SP","LOTE_LAMINA":null,"NUM_LAB_LAMINA":null,"FICHA":null,"MINERAIS_IDENTIFICADOS":"Quartzo(50%), Muscovita(20%), Opaco (Microscopia)(<1%)","X":-57.302,"Y":-20.663,"DATUM":"WGS84","__atlas_chave_independente":"AFLOR_ROCHA:485160:560208","__atlas_n_registros_grupo":1,"__atlas_q_registro":0.875,"__atlas_q_grupo":0.875,"__atlas_unidade_geologica_id":"1455","__atlas_unidade_geologica_sigla":"PP4at","__atlas_unidade_geologica_nome":"Formação Alto Tererê","__atlas_fonte":"SGB · GeoSGB · Petrografia","__atlas_snapshot":"2026-08-14"}},{"type":"Feature","id":28844033,"geometry":{"type":"Point","coordinates":[-57.317999999999984,-20.73599999999999]},"properties":{"OBJECTID":28844033,"COD_AMOSTRA":116473,"COD_AFLORAMENTO":485167,"COD_ROCHA":560222,"NUM_CAMPO_AMOSTRA":"FM-0197-C","COD_LAMINA":42300,"NUM_CAMPO_LAMINA":"4220-FM-R-0197-C","NOTAS":"Textura: inequigranular subédrica\r\nGranulação: 0,01 - 3,5 mm\r\nNome: Meta-hornblenda tonalito\r\nUnidade Geológica: Gnaisse Aldeia Barro Preto\r\n\r\nRocha isótropa com textura inequigranular subédrica preservada, formada essencialmente por hornblenda, quartzo, plagioclásio, epídoto e sericita. Os minerais estão dispersos aleatoriamente, embora ocorram pequenas concentrações de quartzo, hornblenda e plagioclásio. O plagioclásio apresenta geminação bem formada e intercrescimento de epidoto + sericita em proporção média de aproximadamente 50% do volume dos cristais. É anédrico a localmente subédrico. A hornblenda é essencialmente anédrica; verde-escuro acastanhado, com forte pleocroísmo, e apresenta zonação textural irregular com domínios de actinolita preferencialmente ao longo de clivagens  e microfraturas. Agregados de quartzo apresentam textura inequigranular interlobada e extinção ondulante dominantemente fraca e localmente do tipo tabuleiro de xadrez. A textura é ígnea reliquiar e não ocorrem sinais de recristalização. Agregados de clorita + epidoto ± minerais opacos aparentemente mimetizam biotita pretérita. A clorita é verde-claro com cor de interferência marrom anômalo. \r\nAlguns cristais de quartzo apresentam inclusões vermiformes com terminação em cúspide de plagioclásio contra terminações euédricas de quartzo, indicando que o plagioclásio pseudomorfiza fundido magmático pretérito. Os mesmos cristais de quartzo apresentam inclusões de hornblenda. Vênulas de epídoto com espessuras da ordem de 0,1 mm cortam toda estrutura da rocha. ","PETROGRAFO":"Frederico Meira Faleiros","PROJETO":"Geologia das Folhas Aldeia Tomázia e Fazenda Santa Otília","BASE_CARTOGRAFICA":"SF.21-V-B-VI - Aldeia Tomasia","TIPO_SECAO":"Delgada","GRAU_INTEMPERISMO":null,"TAMANHO_AMOSTRA":null,"COR_RX_FRESCA":null,"COR_RX_INTEMPERIZADA":null,"GRANULACAO_MINIMA":" ","GRANULACAO_MEDIA":" ","GRANULACAO_MAXIMA":" ","SELECIONAMENTO":null,"CONSISTENCIA_AMOSTRA":null,"CONTATO":null,"COD_CLASSIFICACAO":null,"PROTOLITO":"Hornblenda tonalito","ROCHA":"Metatonalito","LINK":"p_cod_amostra=116473&p_cod_rocha=560222&p_cod_afloramento=485167","LOCAL_LAMINA":"SUREG-SP","LOTE_LAMINA":null,"NUM_LAB_LAMINA":null,"FICHA":null,"MINERAIS_IDENTIFICADOS":"Hornblenda(38%), Quartzo(26%), Epidoto(9%), Sericita(9%), Apatita(<1%), Opaco (Microscopia)(<1%), Clorita(1%), Titanita(<1%), Zircão(<1%)","X":-57.318000000000005,"Y":-20.736,"DATUM":"WGS84","__atlas_chave_independente":"AFLOR_ROCHA:485167:560222","__atlas_n_registros_grupo":1,"__atlas_q_registro":0.875,"__atlas_q_grupo":0.875,"__atlas_unidade_geologica_id":"1064","__atlas_unidade_geologica_sigla":"PP3_gamma_al","__atlas_unidade_geologica_nome":"Corpo Granito Alumiador","__atlas_fonte":"SGB · GeoSGB · Petrografia","__atlas_snapshot":"2026-08-14"}},{"type":"Feature","id":28844145,"geometry":{"type":"Point","coordinates":[-57.309000000000026,-20.73599999999999]},"properties":{"OBJECTID":28844145,"COD_AMOSTRA":116476,"COD_AFLORAMENTO":485170,"COD_ROCHA":560229,"NUM_CAMPO_AMOSTRA":"FM-0200","COD_LAMINA":42303,"NUM_CAMPO_LAMINA":"4220-FM-R-0200","NOTAS":"A rocha apresenta estrutura lenticularizada, com lentes de cor clara de dimensões milimétricas, envoltas por matriz verde-escura xistosa. As primeiras são constituídas por agregados granoblásticos (± monominerálicos) ricos em carbonato. A matriz verde-escura é composta por clorita + plagioclásio + albita ± quartzo ± titanita ± epidoto. Apresenta textura blastomicroporfirítica ígnea, marcada por fenocristais subédricos a euédricos de plagioclásio com geminação polissintética, dispostos caoticamente em matriz rica em clorita. A clorita apresenta forte orientação preferencial de forma definindo textura granolepidoblástica . Os fenocristais apresentam sombras de deformação assimétricas, conferindo ao conjunto porfiroclastos-matriz uma trama SC moderadamente desenvolvida. Localmente ocorre quartzo nos agregados ricos em carbonato. A titanita forma agregados de cristais criptocristalinos , disseminados em meio a matriz rica em clorita. ","PETROGRAFO":"Frederico Meira Faleiros","PROJETO":"Geologia das Folhas Aldeia Tomázia e Fazenda Santa Otília","BASE_CARTOGRAFICA":"SF.21-V-B-VI - Aldeia Tomasia","TIPO_SECAO":"Delgada","GRAU_INTEMPERISMO":null,"TAMANHO_AMOSTRA":null,"COR_RX_FRESCA":null,"COR_RX_INTEMPERIZADA":null,"GRANULACAO_MINIMA":" ","GRANULACAO_MEDIA":" ","GRANULACAO_MAXIMA":" ","SELECIONAMENTO":null,"CONSISTENCIA_AMOSTRA":null,"CONTATO":null,"COD_CLASSIFICACAO":null,"PROTOLITO":null,"ROCHA":"Clorita xisto","LINK":"p_cod_amostra=116476&p_cod_rocha=560229&p_cod_afloramento=485170","LOCAL_LAMINA":"SUREG-SP","LOTE_LAMINA":null,"NUM_LAB_LAMINA":null,"FICHA":null,"MINERAIS_IDENTIFICADOS":"Clorita(54%), Carbonato(18%), Albita(6%), Titanita(3%), Quartzo(2%), Opaco (Microscopia)(1%), Epidoto(1%)","X":-57.309000000000005,"Y":-20.736,"DATUM":"WGS84","__atlas_chave_independente":"AFLOR_ROCHA:485170:560229","__atlas_n_registros_grupo":1,"__atlas_q_registro":0.875,"__atlas_q_grupo":0.875,"__atlas_unidade_geologica_id":"1455","__atlas_unidade_geologica_sigla":"PP4at","__atlas_unidade_geologica_nome":"Formação Alto Tererê","__atlas_fonte":"SGB · GeoSGB · Petrografia","__atlas_snapshot":"2026-08-14"}},{"type":"Feature","id":28844161,"geometry":{"type":"Point","coordinates":[-57.307000000000016,-20.737000000000023]},"properties":{"OBJECTID":28844161,"COD_AMOSTRA":116478,"COD_AFLORAMENTO":485171,"COD_ROCHA":560230,"NUM_CAMPO_AMOSTRA":"FM-0201-B","COD_LAMINA":42305,"NUM_CAMPO_LAMINA":"4220-FM-R-0201-B","NOTAS":"Textura: lepidoblástica, granoblástica, lepidogranoblástica, crenulada\r\nNome: Feldspato-quartzo-muscovita-filito com biotita\r\nMetamorfismo: fácies xisto verde médio, zona da biotita\r\nUnidade Geológica: Formação Alto Tererê\r\n\r\nOcorre um bandamento composicional milimétrico lenticular (S0) com alternância entre leitos muscovíticos, leitos quartzosos e leitos constituídos por quartzo, feldspatos (plagioclásio e feldspato alcalino) e biotita (metarcóseo); Nos leitos muscovíticos, há uma xistosidade S1 que pode ser subparalela a oblíqua em relação ao S0. Apresenta-se crenulada, entretanto, o conjunto é amplamente dominado por domínios de micrólitons e só localmente a crenulação gera uma clivagem S2 mais desenvolvida. Em geral, a S2 é definida por leitos discretos com percolação de óxidos. Entretanto, em alguns domínios a S2 transpõe totalmente a S1, gerando um paralelismo entre S2 e S0. \r\nDe forma geral pode-se dizer que S1 é subparalelo ao S0. \r\nA biotita aparece preferencialmente orientada na S1, nos leitos ricos em muscovita. Nos leitos de metarcóseo, a relação não é muito clara. Nos leitos de quartzo puro, ocorre orientação preferencial de forma definindo a S2.\r\n\r\n","PETROGRAFO":"Frederico Meira Faleiros","PROJETO":"Geologia das Folhas Aldeia Tomázia e Fazenda Santa Otília","BASE_CARTOGRAFICA":"SF.21-V-B-VI - Aldeia Tomasia","TIPO_SECAO":"Delgada-polida","GRAU_INTEMPERISMO":null,"TAMANHO_AMOSTRA":null,"COR_RX_FRESCA":null,"COR_RX_INTEMPERIZADA":null,"GRANULACAO_MINIMA":" ","GRANULACAO_MEDIA":" ","GRANULACAO_MAXIMA":" ","SELECIONAMENTO":null,"CONSISTENCIA_AMOSTRA":null,"CONTATO":null,"COD_CLASSIFICACAO":null,"PROTOLITO":null,"ROCHA":"Filito","LINK":"p_cod_amostra=116478&p_cod_rocha=560230&p_cod_afloramento=485171","LOCAL_LAMINA":"SUREG-SP","LOTE_LAMINA":null,"NUM_LAB_LAMINA":null,"FICHA":null,"MINERAIS_IDENTIFICADOS":"Muscovita(48%), Quartzo(25%), Feldspato(10%), Biotita(5%), Epidoto(3%), Opaco (Microscopia)(3%), Zircão(<1%)","X":-57.307,"Y":-20.737000000000002,"DATUM":"WGS84","__atlas_chave_independente":"AFLOR_ROCHA:485171:560230","__atlas_n_registros_grupo":2,"__atlas_q_registro":0.875,"__atlas_q_grupo":0.875,"__atlas_unidade_geologica_id":"1455","__atlas_unidade_geologica_sigla":"PP4at","__atlas_unidade_geologica_nome":"Formação Alto Tererê","__atlas_fonte":"SGB · GeoSGB · Petrografia","__atlas_snapshot":"2026-08-14"}},{"type":"Feature","id":28844241,"geometry":{"type":"Point","coordinates":[-57.156600000000026,-21.44670000000002]},"properties":{"OBJECTID":28844241,"COD_AMOSTRA":116496,"COD_AFLORAMENTO":485200,"COD_ROCHA":560261,"NUM_CAMPO_AMOSTRA":"MS-0011-A","COD_LAMINA":42315,"NUM_CAMPO_LAMINA":"4220-MS-R-0011-A","NOTAS":"Rocha pouco alterada, mesocrática, textura granolepidoblástica bandada. A foliação Sn é espaçada, com algumas porções com aspecto anastomosado. Esse espaçamento marca o bandamento composicional com alternância de níveis ora quartzosos ora micáceos. Muscovita é incolor, forma estrutura pisciforme (mica-fish) orientada segundo a Sn, indicando transporte de topo para Oeste. Há também placas orientadas segundo a Sn+1 (bandas de crenulação). Cristais de opacos subédrico ocorrem associados aos níveis micáceos. Quartzo ocorre como cristais equigranulares alongados segundo a Sn, havendo recristalização dinâmica através de bulging.","PETROGRAFO":"Mauricio Pavan Silva","PROJETO":"Geologia das Folhas Aldeia Tomázia e Fazenda Santa Otília","BASE_CARTOGRAFICA":"SF.21-V-D-III - Fazenda Santa Otilia","TIPO_SECAO":"Delgada","GRAU_INTEMPERISMO":"Pouco intemperizada","TAMANHO_AMOSTRA":"30 cm","COR_RX_FRESCA":"Cinza","COR_RX_INTEMPERIZADA":"Cinza claro","GRANULACAO_MINIMA":"Fanerítica fina (<1,0mm)","GRANULACAO_MEDIA":"Fanerítica fina (<1,0mm)","GRANULACAO_MAXIMA":"Fanerítica fina (<1,0mm)","SELECIONAMENTO":null,"CONSISTENCIA_AMOSTRA":"Consistente","CONTATO":null,"COD_CLASSIFICACAO":null,"PROTOLITO":"Arenito micáceo","ROCHA":"Muscovita quartzito","LINK":"p_cod_amostra=116496&p_cod_rocha=560261&p_cod_afloramento=485200","LOCAL_LAMINA":"SUREG-SP","LOTE_LAMINA":null,"NUM_LAB_LAMINA":null,"FICHA":null,"MINERAIS_IDENTIFICADOS":"Quartzo(60%), Muscovita(49%), Opaco (Microscopia)(1%)","X":-57.156600000000005,"Y":-21.4467,"DATUM":"WGS84","__atlas_chave_independente":"AFLOR_ROCHA:485200:560261","__atlas_n_registros_grupo":1,"__atlas_q_registro":0.875,"__atlas_q_grupo":0.875,"__atlas_unidade_geologica_id":"1455","__atlas_unidade_geologica_sigla":"PP4at","__atlas_unidade_geologica_nome":"Formação Alto Tererê","__atlas_fonte":"SGB · GeoSGB · Petrografia","__atlas_snapshot":"2026-08-14"}},{"type":"Feature","id":28844289,"geometry":{"type":"Point","coordinates":[-57.09230000000002,-21.457299999999975]},"properties":{"OBJECTID":28844289,"COD_AMOSTRA":116503,"COD_AFLORAMENTO":485203,"COD_ROCHA":560268,"NUM_CAMPO_AMOSTRA":"MS-0014-C","COD_LAMINA":42317,"NUM_CAMPO_LAMINA":"4220-MS-R-0014-C","NOTAS":"Rocha leucocrática muito fina a fina, moderadamente alterada, composta por biotita, feldspato, granada, quartzo, titanita, zircão e oapcos. Possui textura lepidogranoblástica porfiroclástica, com a Sn definida pela orientação das placas de biotita.\r\nBiotita ocorre como placas isoladas com pleocroísmo nas cores marrom-avermelahada a castanho esverdeada. Quartzo ocorre como cristais equigranulares subédricos, com extinção ondulante, contatos curvos, por vezes formando textura em mosaico. Plagioclásio e microclínio ocorrem na matriz como cristais subédricos a anédricos, por vezes de forma intersticial aos cristais de quartzo. Quando esses minerais ocorrem como porfiroclastos formam aglomerados de cristais. Granada ocorre de forma esparsa como cristais poiquilíticos. Zircão, titanita e opacos formam pequenos aglomerados.","PETROGRAFO":"Mauricio Pavan Silva","PROJETO":"Geologia das Folhas Aldeia Tomázia e Fazenda Santa Otília","BASE_CARTOGRAFICA":"SF.21-V-D-III - Fazenda Santa Otilia","TIPO_SECAO":"Delgada","GRAU_INTEMPERISMO":"Muito intemperizada","TAMANHO_AMOSTRA":"20 cm","COR_RX_FRESCA":"Cinza","COR_RX_INTEMPERIZADA":"Laranja","GRANULACAO_MINIMA":"Fanerítica fina (<1,0mm)","GRANULACAO_MEDIA":"Fanerítica fina (<1,0mm)","GRANULACAO_MAXIMA":"Fanerítica média (1,0-5,0mm)","SELECIONAMENTO":null,"CONSISTENCIA_AMOSTRA":"Friável","CONTATO":null,"COD_CLASSIFICACAO":null,"PROTOLITO":"Arenito arcoseano","ROCHA":"Quartzito arcoseano","LINK":"p_cod_amostra=116503&p_cod_rocha=560268&p_cod_afloramento=485203","LOCAL_LAMINA":"SUREG-SP","LOTE_LAMINA":null,"NUM_LAB_LAMINA":null,"FICHA":null,"MINERAIS_IDENTIFICADOS":"Quartzo(75%), Feldspato(20%), Biotita(3%), Granada(2%), Titanita(<1%), Opaco (Microscopia)(<1%), Zircão(<1%)","X":-57.0923,"Y":-21.4573,"DATUM":"WGS84","__atlas_chave_independente":"AFLOR_ROCHA:485203:560268","__atlas_n_registros_grupo":1,"__atlas_q_registro":0.875,"__atlas_q_grupo":0.875,"__atlas_unidade_geologica_id":"1455","__atlas_unidade_geologica_sigla":"PP4at","__atlas_unidade_geologica_nome":"Formação Alto Tererê","__atlas_fonte":"SGB · GeoSGB · Petrografia","__atlas_snapshot":"2026-08-14"}},{"type":"Feature","id":28844321,"geometry":{"type":"Point","coordinates":[-57.0711,-21.49849999999998]},"properties":{"OBJECTID":28844321,"COD_AMOSTRA":116509,"COD_AFLORAMENTO":485208,"COD_ROCHA":560274,"NUM_CAMPO_AMOSTRA":"MS-0019-A","COD_LAMINA":42320,"NUM_CAMPO_LAMINA":"4220-MS-R-0019-A","NOTAS":"Rocha lepidogranoblástica fina, milonítica e porfiroblástica, composta por muscovita, quartzo e granada. Muscovita ocorre em agregados formando lâminas ou lentes sigmoidais (movimentação destral - topo para N), intercaladas com níveis quartzosos. O quartzo é alongado segundo a Sm, com extinção ondulante/setorial, exibindo feição de recristalização (bulging). Os porfiroblastos de granada estão bastante oxidados e ocorrem associados às lentes de muscovita.","PETROGRAFO":"Mauricio Pavan Silva","PROJETO":"Geologia das Folhas Aldeia Tomázia e Fazenda Santa Otília","BASE_CARTOGRAFICA":"SF.21-V-D-III - Fazenda Santa Otilia","TIPO_SECAO":"Delgada","GRAU_INTEMPERISMO":"Pouco intemperizada","TAMANHO_AMOSTRA":"20 cm","COR_RX_FRESCA":"Cinza claro","COR_RX_INTEMPERIZADA":"Cinza claro","GRANULACAO_MINIMA":"Fanerítica fina (<1,0mm)","GRANULACAO_MEDIA":"Fanerítica fina (<1,0mm)","GRANULACAO_MAXIMA":"Fanerítica média (1,0-5,0mm)","SELECIONAMENTO":null,"CONSISTENCIA_AMOSTRA":"Consistente","CONTATO":null,"COD_CLASSIFICACAO":null,"PROTOLITO":"Arenito micáceo","ROCHA":"Quartzito","LINK":"p_cod_amostra=116509&p_cod_rocha=560274&p_cod_afloramento=485208","LOCAL_LAMINA":"SUREG-SP","LOTE_LAMINA":null,"NUM_LAB_LAMINA":null,"FICHA":null,"MINERAIS_IDENTIFICADOS":"Quartzo(85%), Muscovita(<15%), Opaco (Microscopia)(<,5%), Granada(>,5%)","X":-57.0711,"Y":-21.4985,"DATUM":"WGS84","__atlas_chave_independente":"AFLOR_ROCHA:485208:560274","__atlas_n_registros_grupo":1,"__atlas_q_registro":0.875,"__atlas_q_grupo":0.875,"__atlas_unidade_geologica_id":"1455","__atlas_unidade_geologica_sigla":"PP4at","__atlas_unidade_geologica_nome":"Formação Alto Tererê","__atlas_fonte":"SGB · GeoSGB · Petrografia","__atlas_snapshot":"2026-08-14"}},{"type":"Feature","id":28844369,"geometry":{"type":"Point","coordinates":[-57.12299999999999,-21.35809999999998]},"properties":{"OBJECTID":28844369,"COD_AMOSTRA":116518,"COD_AFLORAMENTO":485215,"COD_ROCHA":560285,"NUM_CAMPO_AMOSTRA":"MS-0026-A","COD_LAMINA":42323,"NUM_CAMPO_LAMINA":"4220-MS-R-0026-A","NOTAS":"Rocha leucocrática muito fina a fina, foliada com textura granolepidoblástica. É composta por muscovita, quartzo, opacos e zircão. A orientação das placas de muscovita define a foliação espaçada, ligeiramente anastomosada, exibindo estruturas sigmoidais devido o desenvolvimento de planos de cisalhamento (Sc). Em algumas porções da lâmina se observa agregados de minerais opacos oxidados. Quartzo constitui a fase mineral dominante na rocha. É representado por cristais subédricos, com contatos retos a curvos, podendo formar textura em mosaico e exibindo extinção ondulante. ","PETROGRAFO":"Mauricio Pavan Silva","PROJETO":"Geologia das Folhas Aldeia Tomázia e Fazenda Santa Otília","BASE_CARTOGRAFICA":"SF.21-V-D-III - Fazenda Santa Otilia","TIPO_SECAO":"Delgada","GRAU_INTEMPERISMO":"Moderadamente intemperizada","TAMANHO_AMOSTRA":"30 cm","COR_RX_FRESCA":"Cinza","COR_RX_INTEMPERIZADA":"Cinza claro","GRANULACAO_MINIMA":"Fanerítica fina (<1,0mm)","GRANULACAO_MEDIA":"Fanerítica fina (<1,0mm)","GRANULACAO_MAXIMA":"Fanerítica fina (<1,0mm)","SELECIONAMENTO":null,"CONSISTENCIA_AMOSTRA":"Consistente","CONTATO":null,"COD_CLASSIFICACAO":null,"PROTOLITO":"Arenito micáceo","ROCHA":"Muscovita quartzito","LINK":"p_cod_amostra=116518&p_cod_rocha=560285&p_cod_afloramento=485215","LOCAL_LAMINA":"SUREG-SP","LOTE_LAMINA":null,"NUM_LAB_LAMINA":null,"FICHA":null,"MINERAIS_IDENTIFICADOS":"Quartzo(75%), Muscovita(20%), Opaco (Microscopia)(>4%), Zircão(<1%)","X":-57.123000000000005,"Y":-21.3581,"DATUM":"WGS84","__atlas_chave_independente":"AFLOR_ROCHA:485215:560285","__atlas_n_registros_grupo":1,"__atlas_q_registro":0.875,"__atlas_q_grupo":0.875,"__atlas_unidade_geologica_id":"1455","__atlas_unidade_geologica_sigla":"PP4at","__atlas_unidade_geologica_nome":"Formação Alto Tererê","__atlas_fonte":"SGB · GeoSGB · Petrografia","__atlas_snapshot":"2026-08-14"}},{"type":"Feature","id":28844385,"geometry":{"type":"Point","coordinates":[-57.12950000000001,-21.369399999999985]},"properties":{"OBJECTID":28844385,"COD_AMOSTRA":116520,"COD_AFLORAMENTO":485218,"COD_ROCHA":560288,"NUM_CAMPO_AMOSTRA":"MS-0028-A","COD_LAMINA":42324,"NUM_CAMPO_LAMINA":"4220-MS-R-0028-A","NOTAS":"Rocha melanocrática fanerítica fina a média, foliada com textura granonematoblástica porfiroblástica. É composta por hornblenda, quarto, plagioclásio, opacos e epidoto. A foliação é definida pela orientação dos cristais de anfibólio, havendo também cristais ortogonais à foliação. Ao redor dos cristais de hornblenda ocorrem agregados de quartzo e plagioclásio, por vezes formando textura em mosaico. Opacos ocorrem de forma esparsa na lâmina, assim como epidoto.","PETROGRAFO":"Mauricio Pavan Silva","PROJETO":"Geologia das Folhas Aldeia Tomázia e Fazenda Santa Otília","BASE_CARTOGRAFICA":"SF.21-V-D-III - Fazenda Santa Otilia","TIPO_SECAO":"Delgada","GRAU_INTEMPERISMO":"Pouco intemperizada","TAMANHO_AMOSTRA":"40 cm","COR_RX_FRESCA":"Cinza escuro","COR_RX_INTEMPERIZADA":"Cinza esverdeado","GRANULACAO_MINIMA":"Fanerítica fina (<1,0mm)","GRANULACAO_MEDIA":"Fanerítica fina (<1,0mm)","GRANULACAO_MAXIMA":"Fanerítica média (1,0-5,0mm)","SELECIONAMENTO":null,"CONSISTENCIA_AMOSTRA":"Consistente","CONTATO":null,"COD_CLASSIFICACAO":null,"PROTOLITO":"Rocha vulcanossedimentar","ROCHA":"Anfibolito","LINK":"p_cod_amostra=116520&p_cod_rocha=560288&p_cod_afloramento=485218","LOCAL_LAMINA":"SUREG-SP","LOTE_LAMINA":null,"NUM_LAB_LAMINA":null,"FICHA":null,"MINERAIS_IDENTIFICADOS":"Hornblenda(80%), Quartzo(7%), Opaco (Microscopia)(4%), Epidoto(2%)","X":-57.1295,"Y":-21.369400000000002,"DATUM":"WGS84","__atlas_chave_independente":"AFLOR_ROCHA:485218:560288","__atlas_n_registros_grupo":1,"__atlas_q_registro":0.875,"__atlas_q_grupo":0.875,"__atlas_unidade_geologica_id":"1455","__atlas_unidade_geologica_sigla":"PP4at","__atlas_unidade_geologica_nome":"Formação Alto Tererê","__atlas_fonte":"SGB · GeoSGB · Petrografia","__atlas_snapshot":"2026-08-14"}},{"type":"Feature","id":28844433,"geometry":{"type":"Point","coordinates":[-57.00400000000002,-21.365999999999985]},"properties":{"OBJECTID":28844433,"COD_AMOSTRA":116534,"COD_AFLORAMENTO":485230,"COD_ROCHA":560304,"NUM_CAMPO_AMOSTRA":"MS-0040-A","COD_LAMINA":42327,"NUM_CAMPO_LAMINA":"4220-MS-R-0040-A","NOTAS":"Rocha milonítica, exibindo textura lepidogranoblástica porfiroblástica, de coloração cinza amarelada e granulação fina a muito fina. A foliação é definida pela orientação das placas de muscovita, apresentando textura pisciforme (S-C). Quartzo ocorre como cristais alongados segundo a Sm, exibindo extinção ondulante e \"chessboard\", além de bordas irregulares por recristalização tipo-bulging e inclusões fluidas.\r\nGranada ocorre como porfiroblastos euédricos a subédricos com caráter pós-cinemático.\r\nRocha: Granada-muscovita-quartzito milonítico\r\n","PETROGRAFO":"Mauricio Pavan Silva","PROJETO":"Geologia das Folhas Aldeia Tomázia e Fazenda Santa Otília","BASE_CARTOGRAFICA":"SF.21-V-D-III - Fazenda Santa Otilia","TIPO_SECAO":"Delgada","GRAU_INTEMPERISMO":"Moderadamente intemperizada","TAMANHO_AMOSTRA":"20 cm","COR_RX_FRESCA":"Cinza","COR_RX_INTEMPERIZADA":"Cinza claro","GRANULACAO_MINIMA":"Fanerítica fina (<1,0mm)","GRANULACAO_MEDIA":"Fanerítica fina (<1,0mm)","GRANULACAO_MAXIMA":"Fanerítica média (1,0-5,0mm)","SELECIONAMENTO":null,"CONSISTENCIA_AMOSTRA":"Friável","CONTATO":null,"COD_CLASSIFICACAO":null,"PROTOLITO":"Arenito micáceo","ROCHA":"Quartzito","LINK":"p_cod_amostra=116534&p_cod_rocha=560304&p_cod_afloramento=485230","LOCAL_LAMINA":"SUREG-SP","LOTE_LAMINA":null,"NUM_LAB_LAMINA":null,"FICHA":null,"MINERAIS_IDENTIFICADOS":"Quartzo(94%), Muscovita(5%), Granada(1%)","X":-57.004000000000005,"Y":-21.366,"DATUM":"WGS84","__atlas_chave_independente":"AFLOR_ROCHA:485230:560304","__atlas_n_registros_grupo":1,"__atlas_q_registro":0.875,"__atlas_q_grupo":0.875,"__atlas_unidade_geologica_id":"1455","__atlas_unidade_geologica_sigla":"PP4at","__atlas_unidade_geologica_nome":"Formação Alto Tererê","__atlas_fonte":"SGB · GeoSGB · Petrografia","__atlas_snapshot":"2026-08-14"}},{"type":"Feature","id":28844465,"geometry":{"type":"Point","coordinates":[-57.000999999999976,-21.374000000000024]},"properties":{"OBJECTID":28844465,"COD_AMOSTRA":116541,"COD_AFLORAMENTO":485234,"COD_ROCHA":560309,"NUM_CAMPO_AMOSTRA":"MS-0044-B","COD_LAMINA":42329,"NUM_CAMPO_LAMINA":"4220-MS-R-0044-B","NOTAS":"Rocha leucocrática, foliada, fanerítica inequigranular seriada fina a média, composta por quartzo, plagioclásio, feldspato alcalino, biotita, opacos e mineral oxidado. A rocha exibe textura lepido-granoblástica, com foliação contínua (regular). Biotita ocorre como placas com pleocroísmo nas cores amarelo/esverdeado a castanho avermelhado escuro. Encontra-se parcialmente oxidada, com pequenos cristais opacos associados (Fe-Ti?). Plagioclásio ocorre como cristais subédricos, com contatos arredondados/curvos, por vezes formando contatos em cúspide, exibindo inclusões de quartzo, ora retangulares, ora arredondadas). A composição aproximada do plagioclásio (deteminada visualmente) está no limite entre oligoclásio-andesina (An25-35) -  havendo zonamento composicional nos cristais. Microclínio ocorre com as mesmas características texturais do plagioclásio. Quartzo ocore como cristais subédricos a anédricos, e como inclusões nos cristais de feldspatos.\r\nRocha: Biotita monzogranito","PETROGRAFO":"Mauricio Pavan Silva","PROJETO":"Geologia das Folhas Aldeia Tomázia e Fazenda Santa Otília","BASE_CARTOGRAFICA":"SF.21-V-D-III - Fazenda Santa Otilia","TIPO_SECAO":"Delgada","GRAU_INTEMPERISMO":"Pouco intemperizada","TAMANHO_AMOSTRA":"20 cm","COR_RX_FRESCA":"Rosa claro","COR_RX_INTEMPERIZADA":"Cinza rosado","GRANULACAO_MINIMA":"Fanerítica fina (<1,0mm)","GRANULACAO_MEDIA":"Fanerítica fina (<1,0mm)","GRANULACAO_MAXIMA":"Fanerítica média (1,0-5,0mm)","SELECIONAMENTO":null,"CONSISTENCIA_AMOSTRA":"Consistente","CONTATO":null,"COD_CLASSIFICACAO":null,"PROTOLITO":null,"ROCHA":"Monzogranito","LINK":"p_cod_amostra=116541&p_cod_rocha=560309&p_cod_afloramento=485234","LOCAL_LAMINA":"SUREG-SP","LOTE_LAMINA":null,"NUM_LAB_LAMINA":null,"FICHA":null,"MINERAIS_IDENTIFICADOS":"Quartzo(40%), Microclínio(34%), Biotita(6%), Opaco (Microscopia)(6%)","X":-57.001000000000005,"Y":-21.374000000000002,"DATUM":"WGS84","__atlas_chave_independente":"AFLOR_ROCHA:485234:560309","__atlas_n_registros_grupo":1,"__atlas_q_registro":0.875,"__atlas_q_grupo":0.875,"__atlas_unidade_geologica_id":"1455","__atlas_unidade_geologica_sigla":"PP4at","__atlas_unidade_geologica_nome":"Formação Alto Tererê","__atlas_fonte":"SGB · GeoSGB · Petrografia","__atlas_snapshot":"2026-08-14"}},{"type":"Feature","id":28844513,"geometry":{"type":"Point","coordinates":[-57.023000000000025,-21.420000000000016]},"properties":{"OBJECTID":28844513,"COD_AMOSTRA":116546,"COD_AFLORAMENTO":485239,"COD_ROCHA":560314,"NUM_CAMPO_AMOSTRA":"MS-0049-B","COD_LAMINA":42333,"NUM_CAMPO_LAMINA":"4220-MS-R-0049-B","NOTAS":"Rocha nemato-lepidogranoblástica fina (granulometria pouco superior às amostras descritas anteriormente). É composta por palgioclásio sericitizado, quartzo, epidoto. clorita, opacos e titanita. Os cristais exibem textura poligonizada (ângulo interfacial = 120o). Cristais de epidoto possuem coloração amarelada, hábito prismático (orientado segundo Sn) e é substituído por clorita esverdeada, havendo cristais de epidoto euédrico associados a fraturas. A rocha exibe bandamento composicional. QAP = campo do tonalito","PETROGRAFO":"Mauricio Pavan Silva","PROJETO":"Geologia das Folhas Aldeia Tomázia e Fazenda Santa Otília","BASE_CARTOGRAFICA":"SF.21-V-D-III - Fazenda Santa Otilia","TIPO_SECAO":"Delgada","GRAU_INTEMPERISMO":"Pouco intemperizada","TAMANHO_AMOSTRA":"20 cm","COR_RX_FRESCA":"Cinza","COR_RX_INTEMPERIZADA":"Creme","GRANULACAO_MINIMA":"Fanerítica fina (<1,0mm)","GRANULACAO_MEDIA":"Fanerítica fina (<1,0mm)","GRANULACAO_MAXIMA":"Fanerítica média (1,0-5,0mm)","SELECIONAMENTO":null,"CONSISTENCIA_AMOSTRA":"Consistente","CONTATO":null,"COD_CLASSIFICACAO":null,"PROTOLITO":null,"ROCHA":null,"LINK":"p_cod_amostra=116546&p_cod_rocha=560314&p_cod_afloramento=485239","LOCAL_LAMINA":"SUREG-SP","LOTE_LAMINA":null,"NUM_LAB_LAMINA":null,"FICHA":null,"MINERAIS_IDENTIFICADOS":null,"X":-57.023,"Y":-21.42,"DATUM":"WGS84","__atlas_chave_independente":"AFLOR_ROCHA:485239:560314","__atlas_n_registros_grupo":2,"__atlas_q_registro":0.625,"__atlas_q_grupo":0.625,"__atlas_unidade_geologica_id":"1455","__atlas_unidade_geologica_sigla":"PP4at","__atlas_unidade_geologica_nome":"Formação Alto Tererê","__atlas_fonte":"SGB · GeoSGB · Petrografia","__atlas_snapshot":"2026-08-14"}},{"type":"Feature","id":28844561,"geometry":{"type":"Point","coordinates":[-57.019000000000005,-21.430999999999983]},"properties":{"OBJECTID":28844561,"COD_AMOSTRA":116549,"COD_AFLORAMENTO":485240,"COD_ROCHA":560315,"NUM_CAMPO_AMOSTRA":"MS-0050-C","COD_LAMINA":42334,"NUM_CAMPO_LAMINA":"4220-MS-R-0050-C","NOTAS":"Rocha com matriz similar à MS-049-RA, com quantidade de epidoto de aproximadamente 2%. Plagioclásio encontra-se em estágio inicial de sericitização; K-feldspato ocorre como cristais subédricos a anédricos; Epiodo exibe variação entre centro e borda, com hábito euédrico a subédrico. Occorre associado com biotita escura e alguma muscovita. Ocorrem cristais de titanita. QAP = campo monzo a sienogranito.","PETROGRAFO":"Mauricio Pavan Silva","PROJETO":"Geologia das Folhas Aldeia Tomázia e Fazenda Santa Otília","BASE_CARTOGRAFICA":"SF.21-V-D-III - Fazenda Santa Otilia","TIPO_SECAO":"Delgada","GRAU_INTEMPERISMO":"Pouco intemperizada","TAMANHO_AMOSTRA":"20 cm","COR_RX_FRESCA":"Cinza","COR_RX_INTEMPERIZADA":"Creme","GRANULACAO_MINIMA":"Fanerítica fina (<1,0mm)","GRANULACAO_MEDIA":"Fanerítica fina (<1,0mm)","GRANULACAO_MAXIMA":"Fanerítica média (1,0-5,0mm)","SELECIONAMENTO":null,"CONSISTENCIA_AMOSTRA":"Consistente","CONTATO":null,"COD_CLASSIFICACAO":null,"PROTOLITO":null,"ROCHA":null,"LINK":"p_cod_amostra=116549&p_cod_rocha=560315&p_cod_afloramento=485240","LOCAL_LAMINA":"SUREG-SP","LOTE_LAMINA":null,"NUM_LAB_LAMINA":null,"FICHA":null,"MINERAIS_IDENTIFICADOS":null,"X":-57.019000000000005,"Y":-21.431,"DATUM":"WGS84","__atlas_chave_independente":"AFLOR_ROCHA:485240:560315","__atlas_n_registros_grupo":2,"__atlas_q_registro":0.625,"__atlas_q_grupo":0.625,"__atlas_unidade_geologica_id":"1455","__atlas_unidade_geologica_sigla":"PP4at","__atlas_unidade_geologica_nome":"Formação Alto Tererê","__atlas_fonte":"SGB · GeoSGB · Petrografia","__atlas_snapshot":"2026-08-14"}},{"type":"Feature","id":28844577,"geometry":{"type":"Point","coordinates":[-57.02499999999998,-21.480000000000018]},"properties":{"OBJECTID":28844577,"COD_AMOSTRA":116564,"COD_AFLORAMENTO":485245,"COD_ROCHA":560324,"NUM_CAMPO_AMOSTRA":"MS-0055-A","COD_LAMINA":42336,"NUM_CAMPO_LAMINA":"4220-MS-R-0055-A","NOTAS":"Rocha lepidogranoblástica porfiroblástica fina a média (0,1 - 3,0 mm), composta por quartzo, muscovita, granada, estaurolita, cianita, biotita, opacos, rutilo e zircão. Os cristais são em sua maioria subédricos. A foliação é espaçada, ligeiramente anastomosada, sendo definida pela orientação das placas de muscovita. Quartzo possui contatos irregulares, extinção ondulante e forma alongada segundo a foliação; Cristais de cianita são escassos na rocha e estão associados aos níveis micáceos; Estaurolita possui tamanho inferior a 0,8 mm, apresentando inclusões de zircão, e ocorrendo inclusa em granada. Biotita ocorre como placas bastante alteradas; Granada ocorre com tamanho entre 0,4 e 3,0 mm (porfiroblastos), com contatos retos e forma textura tipo bola-de-neve, indicando cristalização sin-cinemática. Presença de rutilo associado aos níveis micáceos. Os cristais de zircão são prismáticos com as pontas arredondadas.","PETROGRAFO":"Mauricio Pavan Silva","PROJETO":"Geologia das Folhas Aldeia Tomázia e Fazenda Santa Otília","BASE_CARTOGRAFICA":"SF.21-V-D-III - Fazenda Santa Otilia","TIPO_SECAO":"Delgada","GRAU_INTEMPERISMO":"Moderadamente intemperizada","TAMANHO_AMOSTRA":"40 cm","COR_RX_FRESCA":"Cinza","COR_RX_INTEMPERIZADA":"Vermelho claro","GRANULACAO_MINIMA":"Fanerítica fina (<1,0mm)","GRANULACAO_MEDIA":"Fanerítica média (1,0-5,0mm)","GRANULACAO_MAXIMA":"Fanerítica média (1,0-5,0mm)","SELECIONAMENTO":null,"CONSISTENCIA_AMOSTRA":"Friável","CONTATO":null,"COD_CLASSIFICACAO":null,"PROTOLITO":null,"ROCHA":"Granada-cianita-biotita-muscovita-quartzo xisto","LINK":"p_cod_amostra=116564&p_cod_rocha=560324&p_cod_afloramento=485245","LOCAL_LAMINA":"SUREG-SP","LOTE_LAMINA":null,"NUM_LAB_LAMINA":null,"FICHA":null,"MINERAIS_IDENTIFICADOS":"Quartzo(80%), Muscovita(<15%), Granada(<3%), Estaurolita(<1%), Opaco (Microscopia)(<1%), Rutilo(<1%), Zircão(<1%), Biotita(<1%), Cianita(<1%)","X":-57.025000000000006,"Y":-21.48,"DATUM":"WGS84","__atlas_chave_independente":"AFLOR_ROCHA:485245:560324","__atlas_n_registros_grupo":1,"__atlas_q_registro":0.875,"__atlas_q_grupo":0.875,"__atlas_unidade_geologica_id":"1455","__atlas_unidade_geologica_sigla":"PP4at","__atlas_unidade_geologica_nome":"Formação Alto Tererê","__atlas_fonte":"SGB · GeoSGB · Petrografia","__atlas_snapshot":"2026-08-14"}},{"type":"Feature","id":28844593,"geometry":{"type":"Point","coordinates":[-57.01799999999997,-21.488999999999976]},"properties":{"OBJECTID":28844593,"COD_AMOSTRA":116565,"COD_AFLORAMENTO":485246,"COD_ROCHA":560325,"NUM_CAMPO_AMOSTRA":"MS-0056-A","COD_LAMINA":42337,"NUM_CAMPO_LAMINA":"4220-MS-R-0056-A","NOTAS":"Rocha moderadamente alterada, leucocrática, foliada, nemato-lepido-granoblástica fina a média.É composta por feldspatos, quartzo, biotita, hornblenda, clorita, opacos, titanita e zircão. A foliação é regular e contínua, sendo definida pela orientação das placas de biotita e dos prismas de hornblenda. Os cristais de feldspatos formam uma matriz ao redor do quartzo, estando parcialmente substituídos por sericita; Quartzo apresenta extinção ondulante, contatos retos a curvos, por vezes com desenvolvimento de bulging nas bordas; Hornblenda apresenta pleocroísmo nas cores verde-amarelado claro a verde-azulado, estando parcialmente substituída pela associação biotita+clorita+opacos+-titanita. A titanita ocorre também formando aglomerados com formato elipsoidal, alongados segundo a Sn. Apatita ocorre de forma restrita como cristais subarredondados. Zircão ocorre como cristais subédricos, com tamanho inferior a 0,1 mm.\r\n","PETROGRAFO":"Mauricio Pavan Silva","PROJETO":"Geologia das Folhas Aldeia Tomázia e Fazenda Santa Otília","BASE_CARTOGRAFICA":"SF.21-V-D-III - Fazenda Santa Otilia","TIPO_SECAO":"Delgada","GRAU_INTEMPERISMO":"Moderadamente intemperizada","TAMANHO_AMOSTRA":"30 cm","COR_RX_FRESCA":"Esbranquiçada","COR_RX_INTEMPERIZADA":"Cinza claro","GRANULACAO_MINIMA":"Fanerítica fina (<1,0mm)","GRANULACAO_MEDIA":"Fanerítica fina (<1,0mm)","GRANULACAO_MAXIMA":"Fanerítica média (1,0-5,0mm)","SELECIONAMENTO":null,"CONSISTENCIA_AMOSTRA":"Consistente","CONTATO":null,"COD_CLASSIFICACAO":null,"PROTOLITO":"Hornblenda granito","ROCHA":"Milonito granítico","LINK":"p_cod_amostra=116565&p_cod_rocha=560325&p_cod_afloramento=485246","LOCAL_LAMINA":"SUREG-SP","LOTE_LAMINA":null,"NUM_LAB_LAMINA":null,"FICHA":null,"MINERAIS_IDENTIFICADOS":"Feldspato(50%), Quartzo(40%), Biotita(8%), Hornblenda(<2%), Clorita(<1%), Zircão(<1%), Apatita(<1%), Opaco (Microscopia)(<1%), Titanita(<1%)","X":-57.018,"Y":-21.489,"DATUM":"WGS84","__atlas_chave_independente":"AFLOR_ROCHA:485246:560325","__atlas_n_registros_grupo":1,"__atlas_q_registro":0.875,"__atlas_q_grupo":0.875,"__atlas_unidade_geologica_id":"1455","__atlas_unidade_geologica_sigla":"PP4at","__atlas_unidade_geologica_nome":"Formação Alto Tererê","__atlas_fonte":"SGB · GeoSGB · Petrografia","__atlas_snapshot":"2026-08-14"}},{"type":"Feature","id":28844673,"geometry":{"type":"Point","coordinates":[-57.053,-21.408999999999992]},"properties":{"OBJECTID":28844673,"COD_AMOSTRA":116597,"COD_AFLORAMENTO":485262,"COD_ROCHA":560352,"NUM_CAMPO_AMOSTRA":"MS-0072-A","COD_LAMINA":42342,"NUM_CAMPO_LAMINA":"4220-MS-R-0072-A","NOTAS":"Rocha leucocrática, de granulação fina a muito fina (<0,1 - 0,5 mm), foliada, com textura lepidogranoblástica. É constituída essencialmente por quartzo e muscovita. A foliação (Sn) é contínua, tipo C, formando estruturas tipo mica pisciforme. A foliação anterior (Sn-1), marcada pela orientação de alguns cristais de quartzo. Opacos e zircão ocorrem como minerais traço (detríticos).","PETROGRAFO":"Mauricio Pavan Silva","PROJETO":"Geologia das Folhas Aldeia Tomázia e Fazenda Santa Otília","BASE_CARTOGRAFICA":"SF.21-V-D-III - Fazenda Santa Otilia","TIPO_SECAO":"Delgada","GRAU_INTEMPERISMO":"Moderadamente intemperizada","TAMANHO_AMOSTRA":"20 cm","COR_RX_FRESCA":"Cinza claro","COR_RX_INTEMPERIZADA":"Cinza","GRANULACAO_MINIMA":"Fanerítica fina (<1,0mm)","GRANULACAO_MEDIA":"Fanerítica fina (<1,0mm)","GRANULACAO_MAXIMA":"Fanerítica fina (<1,0mm)","SELECIONAMENTO":null,"CONSISTENCIA_AMOSTRA":"Friável","CONTATO":null,"COD_CLASSIFICACAO":null,"PROTOLITO":"Arenito micáceo","ROCHA":"Muscovita quartzito","LINK":"p_cod_amostra=116597&p_cod_rocha=560352&p_cod_afloramento=485262","LOCAL_LAMINA":"SUREG-SP","LOTE_LAMINA":null,"NUM_LAB_LAMINA":null,"FICHA":null,"MINERAIS_IDENTIFICADOS":"Quartzo(90%), Muscovita(<10%), Opaco (Microscopia)(<1%), Zircão(<1%)","X":-57.053000000000004,"Y":-21.409000000000002,"DATUM":"WGS84","__atlas_chave_independente":"AFLOR_ROCHA:485262:560352","__atlas_n_registros_grupo":1,"__atlas_q_registro":0.875,"__atlas_q_grupo":0.875,"__atlas_unidade_geologica_id":"1455","__atlas_unidade_geologica_sigla":"PP4at","__atlas_unidade_geologica_nome":"Formação Alto Tererê","__atlas_fonte":"SGB · GeoSGB · Petrografia","__atlas_snapshot":"2026-08-14"}},{"type":"Feature","id":28844705,"geometry":{"type":"Point","coordinates":[-57.23700000000002,-21.269999999999982]},"properties":{"OBJECTID":28844705,"COD_AMOSTRA":116610,"COD_AFLORAMENTO":485267,"COD_ROCHA":560359,"NUM_CAMPO_AMOSTRA":"MS-0077-A","COD_LAMINA":42344,"NUM_CAMPO_LAMINA":"4220-MS-R-0077-A","NOTAS":"Rocha holo a leucocrática, fanerítica méida a grossa (1,0 - 5,0 mm); isótropa e composta por quartzo, palgioclásio, microclínio, biotita, epidoto, sericita, zircão, titanita e clorita. Os cristais de plagioclásio são euédricos, com intensa substituição por epidoto + sericita; em alguns cristais a borda é limpa (sem alteração), com contatos lobados a curvos com os demais minerais. Microclínio ocorre de forma dispersa, com cristais subédricos, com pouca a nenhuma alteração, além de apresentar lamelas de exsolução. Quartzo ocorre como cristais subédricos, ocupando os espaços vazios entre os cristais de feldspato, exibe extinção ondulante (padrão tabuleiro de xadrez). Biotita ocorre como pequenas placas com pleocroísmo nas cores esverdeada escura a amarelo claro. É comum a substituição por clorita, com titanita ou rutilo associado. Presença de cristais euédricos de epidoto e coroas de titanita ao redor de opacos. Zircão ocorre como cristais euédricos.\r\nQAP = monzogranito\r\n\r\n\r\n","PETROGRAFO":"Mauricio Pavan Silva","PROJETO":"Geologia das Folhas Aldeia Tomázia e Fazenda Santa Otília","BASE_CARTOGRAFICA":"SF.21-V-D-III - Fazenda Santa Otilia","TIPO_SECAO":"Delgada","GRAU_INTEMPERISMO":"Pouco intemperizada","TAMANHO_AMOSTRA":"40 cm","COR_RX_FRESCA":"Cinza escuro","COR_RX_INTEMPERIZADA":"Cinza claro","GRANULACAO_MINIMA":"Fanerítica média (1,0-5,0mm)","GRANULACAO_MEDIA":"Fanerítica média (1,0-5,0mm)","GRANULACAO_MAXIMA":"Fanerítica grossa (5,0-30,0mm)","SELECIONAMENTO":null,"CONSISTENCIA_AMOSTRA":"Consistente","CONTATO":null,"COD_CLASSIFICACAO":null,"PROTOLITO":null,"ROCHA":"Biotita monzogranito","LINK":"p_cod_amostra=116610&p_cod_rocha=560359&p_cod_afloramento=485267","LOCAL_LAMINA":"SUREG-SP","LOTE_LAMINA":null,"NUM_LAB_LAMINA":null,"FICHA":null,"MINERAIS_IDENTIFICADOS":"Microclínio(25%), Quartzo(25%), Epidoto(<2%), Biotita(1%), Titanita(<1%), Rutilo(<1%), Sericita(<1%), Clorita(<1%), Zirconita(<1%)","X":-57.237,"Y":-21.27,"DATUM":"WGS84","__atlas_chave_independente":"AFLOR_ROCHA:485267:560359","__atlas_n_registros_grupo":1,"__atlas_q_registro":0.875,"__atlas_q_grupo":0.875,"__atlas_unidade_geologica_id":"1064","__atlas_unidade_geologica_sigla":"PP3_gamma_al","__atlas_unidade_geologica_nome":"Corpo Granito Alumiador","__atlas_fonte":"SGB · GeoSGB · Petrografia","__atlas_snapshot":"2026-08-14"}},{"type":"Feature","id":28844785,"geometry":{"type":"Point","coordinates":[-57.16899999999998,-21.252999999999986]},"properties":{"OBJECTID":28844785,"COD_AMOSTRA":116627,"COD_AFLORAMENTO":485281,"COD_ROCHA":560378,"NUM_CAMPO_AMOSTRA":"MS-0091-C","COD_LAMINA":42349,"NUM_CAMPO_LAMINA":"4220-MS-R-0091-C","NOTAS":"Rocha leucocrática, inequigranular porfirítica, fanerítica fina a média (0,1 - 2,5 mm), isótropa. composta por quartzo, plagioclásio, K-feldspato, epidoto, titanita, sericita. zircão.\r\nRocha de composição granítica e alterada por hidrotermalismo. Os cristais de plagioclásio são euédricos, exibindo zonamento composicional e parcialmente substituídos por sericita/muscovita.K-feldspato ocorre como cristais euédricos, com porções ricas em exsoluções. Quartzo ocorre como cristais subédricos, com extinção ondulante. Entre os cristais de feldspatos ocorrem agregados de sericita e epidoto.\r\nQAP = monzogranito a granodiorito","PETROGRAFO":"Mauricio Pavan Silva","PROJETO":"Geologia das Folhas Aldeia Tomázia e Fazenda Santa Otília","BASE_CARTOGRAFICA":"SF.21-V-D-III - Fazenda Santa Otilia","TIPO_SECAO":"Delgada","GRAU_INTEMPERISMO":"Moderadamente intemperizada","TAMANHO_AMOSTRA":"30 cm","COR_RX_FRESCA":"Cinza","COR_RX_INTEMPERIZADA":"Cinza claro","GRANULACAO_MINIMA":"Fanerítica fina (<1,0mm)","GRANULACAO_MEDIA":"Fanerítica fina (<1,0mm)","GRANULACAO_MAXIMA":"Fanerítica média (1,0-5,0mm)","SELECIONAMENTO":null,"CONSISTENCIA_AMOSTRA":"Consistente","CONTATO":null,"COD_CLASSIFICACAO":null,"PROTOLITO":null,"ROCHA":null,"LINK":"p_cod_amostra=116627&p_cod_rocha=560378&p_cod_afloramento=485281","LOCAL_LAMINA":"SUREG-SP","LOTE_LAMINA":null,"NUM_LAB_LAMINA":null,"FICHA":null,"MINERAIS_IDENTIFICADOS":null,"X":-57.169000000000004,"Y":-21.253,"DATUM":"WGS84","__atlas_chave_independente":"AFLOR_ROCHA:485281:560378","__atlas_n_registros_grupo":1,"__atlas_q_registro":0.625,"__atlas_q_grupo":0.625,"__atlas_unidade_geologica_id":"1503","__atlas_unidade_geologica_sigla":"Q1p1","__atlas_unidade_geologica_nome":"Fácies Pantanal, terraços aluvionares","__atlas_fonte":"SGB · GeoSGB · Petrografia","__atlas_snapshot":"2026-08-14"}},{"type":"Feature","id":28844817,"geometry":{"type":"Point","coordinates":[-57.394799999999975,-21.260899999999992]},"properties":{"OBJECTID":28844817,"COD_AMOSTRA":116636,"COD_AFLORAMENTO":485292,"COD_ROCHA":560392,"NUM_CAMPO_AMOSTRA":"MS-0103-A","COD_LAMINA":42351,"NUM_CAMPO_LAMINA":"4220-MS-R-0103-A","NOTAS":"Rocha vulcânica (possivelmente vulcanoclástica), de aspecto heterogêneo, fanerítica muito fina a média (<0,1 - 2,0 mm), constituída por fragmentos  líticos de tufo (similar à amostra do ponto MS-102), além de cristais e \"glass-shards\". Ocorre um cristal euédrico que parece ser de fluorita.","PETROGRAFO":"Mauricio Pavan Silva","PROJETO":"Geologia das Folhas Aldeia Tomázia e Fazenda Santa Otília","BASE_CARTOGRAFICA":"SF.21-V-D-III - Fazenda Santa Otilia","TIPO_SECAO":"Delgada","GRAU_INTEMPERISMO":"Pouco intemperizada","TAMANHO_AMOSTRA":"30 cm","COR_RX_FRESCA":"Cinza","COR_RX_INTEMPERIZADA":"Cinza rosado","GRANULACAO_MINIMA":"Fanerítica fina (<1,0mm)","GRANULACAO_MEDIA":"Fanerítica fina (<1,0mm)","GRANULACAO_MAXIMA":"Fanerítica média (1,0-5,0mm)","SELECIONAMENTO":null,"CONSISTENCIA_AMOSTRA":"Consistente","CONTATO":null,"COD_CLASSIFICACAO":null,"PROTOLITO":null,"ROCHA":null,"LINK":"p_cod_amostra=116636&p_cod_rocha=560392&p_cod_afloramento=485292","LOCAL_LAMINA":"SUREG-SP","LOTE_LAMINA":null,"NUM_LAB_LAMINA":null,"FICHA":null,"MINERAIS_IDENTIFICADOS":null,"X":-57.394800000000004,"Y":-21.2609,"DATUM":"WGS84","__atlas_chave_independente":"AFLOR_ROCHA:485292:560392","__atlas_n_registros_grupo":1,"__atlas_q_registro":0.625,"__atlas_q_grupo":0.625,"__atlas_unidade_geologica_id":"1503","__atlas_unidade_geologica_sigla":"Q1p1","__atlas_unidade_geologica_nome":"Fácies Pantanal, terraços aluvionares","__atlas_fonte":"SGB · GeoSGB · Petrografia","__atlas_snapshot":"2026-08-14"}},{"type":"Feature","id":28844993,"geometry":{"type":"Point","coordinates":[-57.27080000000001,-21.47859999999997]},"properties":{"OBJECTID":28844993,"COD_AMOSTRA":116676,"COD_AFLORAMENTO":485322,"COD_ROCHA":560433,"NUM_CAMPO_AMOSTRA":"MS-0131-A","COD_LAMINA":42362,"NUM_CAMPO_LAMINA":"4220-MS-R-0131-A","NOTAS":"Rocha hololeucocrática isótropa, inequigranular seriada, fanerítica fina amédia (<0,1 - 5,0 mm); composta por plagioclásio, K-feldspato, quartzo, biotita, opacos, epidoto, titanita, apatita, sericita/mucovita. A rocha é constituída por cristais subédricos a euédricos de K-feldspato, com lamelas de exsolução. Exibe intercrescimento com quartzo formando textura gráfica. A textura apresenta variação textural do centro para a borda do cristal na qual se observa formas equidimensionais do quartzo próximo ao centro, passando para lamelas alongadas em direção a borda do K-feldspato. Plagioclásio ocorre como pequenos cristais ao redor do K-feldspato ou inclusos no mesmo. Quartzo ocorre principalmente formando a textura gráfica, sendo que os cristais maiores parecem estarem associados aos intercrescimentos. Biotita de coloração alaranjada ocorre como aglomerados de placas, com opacos e titanita associados.\r\nQAP = Álcali-feldspato granito","PETROGRAFO":"Mauricio Pavan Silva","PROJETO":"Geologia das Folhas Aldeia Tomázia e Fazenda Santa Otília","BASE_CARTOGRAFICA":"SF.21-V-D-III - Fazenda Santa Otilia","TIPO_SECAO":"Delgada","GRAU_INTEMPERISMO":"Moderadamente intemperizada","TAMANHO_AMOSTRA":"30 cm","COR_RX_FRESCA":"Cinza","COR_RX_INTEMPERIZADA":"Cinza claro","GRANULACAO_MINIMA":"Fanerítica fina (<1,0mm)","GRANULACAO_MEDIA":"Fanerítica fina (<1,0mm)","GRANULACAO_MAXIMA":"Fanerítica média (1,0-5,0mm)","SELECIONAMENTO":null,"CONSISTENCIA_AMOSTRA":"Consistente","CONTATO":null,"COD_CLASSIFICACAO":null,"PROTOLITO":null,"ROCHA":"Granófiro","LINK":"p_cod_amostra=116676&p_cod_rocha=560433&p_cod_afloramento=485322","LOCAL_LAMINA":"SUREG-SP","LOTE_LAMINA":null,"NUM_LAB_LAMINA":null,"FICHA":null,"MINERAIS_IDENTIFICADOS":"Quartzo(25%), Biotita(5%), Opaco (Microscopia)(5%), Sericita(<1%), Apatita(<1%), Epidoto(<1%), Titanita(<1%)","X":-57.2708,"Y":-21.4786,"DATUM":"WGS84","__atlas_chave_independente":"AFLOR_ROCHA:485322:560433","__atlas_n_registros_grupo":1,"__atlas_q_registro":0.875,"__atlas_q_grupo":0.875,"__atlas_unidade_geologica_id":"1064","__atlas_unidade_geologica_sigla":"PP3_gamma_al","__atlas_unidade_geologica_nome":"Corpo Granito Alumiador","__atlas_fonte":"SGB · GeoSGB · Petrografia","__atlas_snapshot":"2026-08-14"}},{"type":"Feature","id":28845153,"geometry":{"type":"Point","coordinates":[-57.478200000000015,-21.494100000000003]},"properties":{"OBJECTID":28845153,"COD_AMOSTRA":116696,"COD_AFLORAMENTO":485335,"COD_ROCHA":560448,"NUM_CAMPO_AMOSTRA":"MS-0143-A","COD_LAMINA":42372,"NUM_CAMPO_LAMINA":"4220-MS-R-0143-A","NOTAS":"Rocha hololeucocrática a leucocrática, inequigranular fina a média (0,1 - 3,0 mm), isótropa, com intensa alteração hidrotermal. A rocha é composta por quartzo, plagioclásio, K-feldspato, biotita como fases principais e sericita, epidoto, clorita e opacos como fases secundárias associadas a alteração. Plagioclásio ocorre como cristais eudédricos a subédricos, com intensa sericitização. Exibe contatos retos a curvos com K-feldspato e quartzo. Possui tamanho entre 0.2 e 1,0 mm, e alguns dos cristais possuem bordas limpas de alteração (composição albítica?). Ocorre também como pequenos cristais euédricos inclusos no quartzo. K-feldspato ocorre como cristais subédricos a euédricos com pouca alteração; exibem lamelas de exsolução, extinção ondulante, geminação em grade e com inclusões de quartzo, plagioclásio, opacos e biotita. Os cristais possuem tamanho entre 0,. e 2,0 mm. na borda de alguns dos cristais nota-se o desenvolvimento de pequenos cristais subédricos de plagioclásio. O quartzo forma cristais subédricos a anédricos, por vezes com inclusão de plagioclásio e K-feldspato, com tamanho variando entre 0,1 - 1,5 mm. Exibe extinção ondulante, podendo formar padrão tipo tabuleiro de xadrez (chessboard). Os contatos com os feldspatos são lobados, se assemelhando a um interdigitação. Biotita ocorre como placas dispersas na rocha, com tamanho entre 0,1 e 0,5 mm. Possui coloração verde escura a amarelo esverdeada,e stando associada a minerais opacos além da presença de inclusões aciculares de ilmenita (?). Algumas placas apresentam substituição parcial por clorita e epidoto.","PETROGRAFO":"Mauricio Pavan Silva","PROJETO":"Geologia das Folhas Aldeia Tomázia e Fazenda Santa Otília","BASE_CARTOGRAFICA":"SF.21-V-D-III - Fazenda Santa Otilia","TIPO_SECAO":"Delgada","GRAU_INTEMPERISMO":"Moderadamente intemperizada","TAMANHO_AMOSTRA":"30 cm","COR_RX_FRESCA":"Rosa","COR_RX_INTEMPERIZADA":"Rosa claro","GRANULACAO_MINIMA":"Fanerítica fina (<1,0mm)","GRANULACAO_MEDIA":"Fanerítica fina (<1,0mm)","GRANULACAO_MAXIMA":"Fanerítica média (1,0-5,0mm)","SELECIONAMENTO":null,"CONSISTENCIA_AMOSTRA":"Consistente","CONTATO":null,"COD_CLASSIFICACAO":null,"PROTOLITO":null,"ROCHA":"Monzogranito","LINK":"p_cod_amostra=116696&p_cod_rocha=560448&p_cod_afloramento=485335","LOCAL_LAMINA":"SUREG-SP","LOTE_LAMINA":null,"NUM_LAB_LAMINA":null,"FICHA":null,"MINERAIS_IDENTIFICADOS":"Quartzo(55%), Biotita(2%), Zircão(<1%), Epidoto(<1%), Opaco (Microscopia)(<1%), Sericita(<1%)","X":-57.4782,"Y":-21.4941,"DATUM":"WGS84","__atlas_chave_independente":"AFLOR_ROCHA:485335:560448","__atlas_n_registros_grupo":1,"__atlas_q_registro":0.875,"__atlas_q_grupo":0.875,"__atlas_unidade_geologica_id":"1504","__atlas_unidade_geologica_sigla":"Q1p2","__atlas_unidade_geologica_nome":"Fácies Pantanal, depósitos aluvionares","__atlas_fonte":"SGB · GeoSGB · Petrografia","__atlas_snapshot":"2026-08-14"}},{"type":"Feature","id":28874193,"geometry":{"type":"Point","coordinates":[-57.0487,-21.688499999999976]},"properties":{"OBJECTID":28874193,"COD_AMOSTRA":124758,"COD_AFLORAMENTO":499350,"COD_ROCHA":576737,"NUM_CAMPO_AMOSTRA":"EA-0021-E","COD_LAMINA":45419,"NUM_CAMPO_LAMINA":"4187-EA-R-0021-C","NOTAS":"Granulação (mm): fina a média\r\nTextura: leitos granoblásticos cortados por lâminas lepidoblásticas\r\nNotas: A seção apresenta leitos quartzosos e quartzo-feldspáticos cortados por lâminas micáceas com concentração de muscovita, com até 2 mm, com textura micafish e kinks. O quartzo está presente na forma de pequenos grãos anédricos, recristalizados, concentrados em agregados compostos dominantemente por grãos com semelhante orientação cristalográfica (rotação de subgrão) e grãos recristalizados, alongados, com extinção ondulante e com formas e contatos irregulares com reentrâncias (migração de borda de grão). Ocorre um leito com maior concentração de feldspato (plagioclásio e microclínio micropertítico) anédrico, por vezes alongado, deformado e com bordas irregulares. Ocorrem grãos de plagioclásio com intercrescimento mirmequítico em contato com microclínio. Ocorrem grãos maiores de muscovita manteados por regiões muito finas com concentração de grãos de quartzo associados com grãos muito pequenos de muscovita. Ocorrem bandas com maior deformação. Ocorre um pequeno agregado sigmoidal com concentração de microclínio e quartzo.\r\nQuartzo\r\nMuscovita\r\nPlagioclásio\r\nMicroclínio\r\nNome da rocha*: muscovita-quartzo xisto feldspático milonítico","PETROGRAFO":"Vidyã Vieira de Almeida","PROJETO":"Geologia da Folha Colônia São Lourenço","BASE_CARTOGRAFICA":"SF.21-V-D-VI - Colonia São Lourenço","TIPO_SECAO":"Delgada","GRAU_INTEMPERISMO":"Muito intemperizada","TAMANHO_AMOSTRA":"12 cm","COR_RX_FRESCA":"Cinza","COR_RX_INTEMPERIZADA":"Marrom","GRANULACAO_MINIMA":"Areia fina (0,062-0,25mm)","GRANULACAO_MEDIA":"Fanerítica fina (<1,0mm)","GRANULACAO_MAXIMA":"Fanerítica média (1,0-5,0mm)","SELECIONAMENTO":null,"CONSISTENCIA_AMOSTRA":"Consistente","CONTATO":"Contato tectônico","COD_CLASSIFICACAO":null,"PROTOLITO":null,"ROCHA":null,"LINK":"p_cod_amostra=124758&p_cod_rocha=576737&p_cod_afloramento=499350","LOCAL_LAMINA":"SUREG-SP","LOTE_LAMINA":null,"NUM_LAB_LAMINA":null,"FICHA":null,"MINERAIS_IDENTIFICADOS":null,"X":-57.048700000000004,"Y":-21.6885,"DATUM":"WGS84","__atlas_chave_independente":"AFLOR_ROCHA:499350:576737","__atlas_n_registros_grupo":1,"__atlas_q_registro":0.625,"__atlas_q_grupo":0.625,"__atlas_unidade_geologica_id":"1465","__atlas_unidade_geologica_sigla":"PP3ap","__atlas_unidade_geologica_nome":"Complexo Rio Apa","__atlas_fonte":"SGB · GeoSGB · Petrografia","__atlas_snapshot":"2026-08-14"}},{"type":"Feature","id":28874225,"geometry":{"type":"Point","coordinates":[-57.0487,-21.688499999999976]},"properties":{"OBJECTID":28874225,"COD_AMOSTRA":124760,"COD_AFLORAMENTO":499350,"COD_ROCHA":576738,"NUM_CAMPO_AMOSTRA":"EA-0021-D","COD_LAMINA":45421,"NUM_CAMPO_LAMINA":"4187-EA-R-0021-B","NOTAS":"Granulação (mm): muito fina a fina com porfiroblastos com granulação média (até 3 mm)\r\nTextura: leitos granoblásticos cortados por lâminas lepidoblásticas\r\nMetamorfismo: xisto verde - zona da granada\r\nA seção apresenta leitos quartzosos cortados por finas lâminas com concentração de material de oxidação e de pequenos cristais de muscovita deformada por vezes com textura micafish. Ocorrem agregados sigmoidais com porfiroblastos de muscovita, com até 3 mm, associada com quartzo. Os leitos quartzosos e as lâminas micáceas estão dispostos segundo foliações espaçadas do tipo SC. Os leitos quartzosos são formados dominantemente por pequenos grãos (<<1 mm) de quartzo anédrico recristalizado e com semelhante orientação cristalográfica (rotação de subgrão) e grãos anédricos, alongados, por vezes com extinção ondulante e com contatos com reentrâncias (migração de borda de grão). Ocorrem grãos parcialmente a totalmente alterados de granada subédrica, por vezes alongada na direção da foliação. A granada ocorre na forma de pequenos grãos (<< 1 mm) a porfiroblastos (~2 mm). A granada apresenta pequenas inclusões de quartzo formando por vezes uma foliação interna paralela ao alongamento da granada. Ocorrem bandas com menor granulação.\r\nQuartzo\r\nMuscovita\r\nGranada\r\nNome da rocha*: muscovita quartzito milonítico com granada","PETROGRAFO":"Vidyã Vieira de Almeida","PROJETO":"Geologia da Folha Colônia São Lourenço","BASE_CARTOGRAFICA":"SF.21-V-D-VI - Colonia São Lourenço","TIPO_SECAO":"Delgada","GRAU_INTEMPERISMO":"Muito intemperizada","TAMANHO_AMOSTRA":"13 cm","COR_RX_FRESCA":"Ocre","COR_RX_INTEMPERIZADA":"Castanho","GRANULACAO_MINIMA":"Areia fina (0,062-0,25mm)","GRANULACAO_MEDIA":"Areia grossa (1,0- 2,0mm)","GRANULACAO_MAXIMA":"Grânulo (2,0-4,0mm)","SELECIONAMENTO":null,"CONSISTENCIA_AMOSTRA":"Consistente","CONTATO":"Contato tectônico","COD_CLASSIFICACAO":null,"PROTOLITO":"Muscovita quartzito","ROCHA":"Milonito","LINK":"p_cod_amostra=124760&p_cod_rocha=576738&p_cod_afloramento=499350","LOCAL_LAMINA":"SUREG-SP","LOTE_LAMINA":null,"NUM_LAB_LAMINA":null,"FICHA":null,"MINERAIS_IDENTIFICADOS":"Quartzo(88%), Muscovita(8%), Granada(4%)","X":-57.048700000000004,"Y":-21.6885,"DATUM":"WGS84","__atlas_chave_independente":"AFLOR_ROCHA:499350:576738","__atlas_n_registros_grupo":2,"__atlas_q_registro":0.875,"__atlas_q_grupo":0.875,"__atlas_unidade_geologica_id":"1465","__atlas_unidade_geologica_sigla":"PP3ap","__atlas_unidade_geologica_nome":"Complexo Rio Apa","__atlas_fonte":"SGB · GeoSGB · Petrografia","__atlas_snapshot":"2026-08-14"}},{"type":"Feature","id":28874273,"geometry":{"type":"Point","coordinates":[-57.240200000000016,-21.787699999999973]},"properties":{"OBJECTID":28874273,"COD_AMOSTRA":124773,"COD_AFLORAMENTO":499361,"COD_ROCHA":576755,"NUM_CAMPO_AMOSTRA":"EA-0032","COD_LAMINA":45425,"NUM_CAMPO_LAMINA":"4187-EA-R-0032","NOTAS":"Granulação (mm): fina (< 1mm) e porfiroblastos com granulação média (até 2 mm)\r\nTextura: alternância entre lâminas nematoblásticas e lâminas/porções granoblásticas\r\nMetamorfismo: anfibolito\r\nA seção apresenta uma alternância entre lâminas nematoblásticas com predominância de hornblenda subédrica e lâminas/agregados com concentração de plagioclásio, ambas dispostas segundo foliações SC. As lâminas/agregados com plagioclásio apresentam textura granoblástica em mosaico (recristalização estática) com contatos retos formando junções tríplices. O plagioclásio frequentemente apresenta extinção concêntrica. Ocorrem grãos de quartzo subordinados. Ocorrem agregados levemente sigmoidais de plagioclásio. Os grãos de hornblenda estão em contato reto com tremolita? incolor a levemente esverdeada e frequentemente com coroa de reação composta por biotita. Ocorrem porfiroblastos de biotita subédrica, com orientação concordante e discordante das foliações SC e por vezes com pequenos núcleos de tremolita.\r\nA lâmina EA-32(1) representa um corte paralelo à foliação e mostra um arranjo aleatório dos grãos de hornblenda (textura decussada).\r\nHornblenda\r\nPlagioclásio\r\nQuartzo\r\nMinerais opacos\r\nBiotita\r\nTremolita?\r\nNome da rocha*: anfibolito ","PETROGRAFO":"Vidyã Vieira de Almeida","PROJETO":"Geologia da Folha Colônia São Lourenço","BASE_CARTOGRAFICA":"SF.21-V-D-VI - Colonia São Lourenço","TIPO_SECAO":"Delgada","GRAU_INTEMPERISMO":"Não intemperizada","TAMANHO_AMOSTRA":"10 cm","COR_RX_FRESCA":"Preta","COR_RX_INTEMPERIZADA":"Verde escuro","GRANULACAO_MINIMA":"Fanerítica fina (<1,0mm)","GRANULACAO_MEDIA":"Fanerítica fina (<1,0mm)","GRANULACAO_MAXIMA":"Fanerítica média (1,0-5,0mm)","SELECIONAMENTO":null,"CONSISTENCIA_AMOSTRA":"Consistente","CONTATO":null,"COD_CLASSIFICACAO":null,"PROTOLITO":null,"ROCHA":"Anfibolito","LINK":"p_cod_amostra=124773&p_cod_rocha=576755&p_cod_afloramento=499361","LOCAL_LAMINA":"SUREG-SP","LOTE_LAMINA":null,"NUM_LAB_LAMINA":null,"FICHA":null,"MINERAIS_IDENTIFICADOS":"Hornblenda(58%), Quartzo(<5%), Opaco (Microscopia)(5%), Biotita(3%), Tremolita(2%)","X":-57.2402,"Y":-21.7877,"DATUM":"WGS84","__atlas_chave_independente":"AFLOR_ROCHA:499361:576755","__atlas_n_registros_grupo":1,"__atlas_q_registro":0.875,"__atlas_q_grupo":0.875,"__atlas_unidade_geologica_id":null,"__atlas_unidade_geologica_sigla":"","__atlas_unidade_geologica_nome":"","__atlas_fonte":"SGB · GeoSGB · Petrografia","__atlas_snapshot":"2026-08-14"}},{"type":"Feature","id":28874401,"geometry":{"type":"Point","coordinates":[-57.11219999999997,-21.54570000000001]},"properties":{"OBJECTID":28874401,"COD_AMOSTRA":124789,"COD_AFLORAMENTO":499376,"COD_ROCHA":576783,"NUM_CAMPO_AMOSTRA":"EA-0047-C","COD_LAMINA":45432,"NUM_CAMPO_LAMINA":"4187-EA-R-0047","NOTAS":"Granulação (mm): fina a média (<1 mm a 1 mm)\r\nAlteração hidrotermal: epidotização, cloritização\r\nA seção apresenta cristais anédricos de plagioclásio, com e sem geminação e em contato curvado a levemente irregular com microclínio anédrico levemente deformado. Ocorrem cristais subordinados de quartzo. Por toda a seção são observados cristais euédricos e subédricos de epidoto, com orientação variada e por vezes inclusos em feldspato. Ocorre uma região com concentração de cristais de titanita e regiões com concentração de cristais muito pequenos de clorita. Pequenos cristais de biotita são por vezes observados. Localmente ocorrem regiões com contatos com junções tríplices.\r\nMicroclínio\r\nPlagioclásio\r\nEpidoto\r\nQuartzo\r\nClorita\r\nTitanita\r\nBiotita\r\nMinerais opacos\r\nZircão\r\nAllanita?\r\nNome da rocha*: epidoto gnaisse com biotita (composição de quartzo-monzonito)","PETROGRAFO":"Vidyã Vieira de Almeida","PROJETO":"Geologia da Folha Colônia São Lourenço","BASE_CARTOGRAFICA":"SF.21-V-D-VI - Colonia São Lourenço","TIPO_SECAO":"Delgada","GRAU_INTEMPERISMO":"Moderadamente intemperizada","TAMANHO_AMOSTRA":"26 cm","COR_RX_FRESCA":"Cinza rosado","COR_RX_INTEMPERIZADA":"Cinza escuro","GRANULACAO_MINIMA":"Fanerítica fina (<1,0mm)","GRANULACAO_MEDIA":"Fanerítica média (1,0-5,0mm)","GRANULACAO_MAXIMA":"Fanerítica média (1,0-5,0mm)","SELECIONAMENTO":null,"CONSISTENCIA_AMOSTRA":"Consistente","CONTATO":"Contato tectônico","COD_CLASSIFICACAO":null,"PROTOLITO":null,"ROCHA":null,"LINK":"p_cod_amostra=124789&p_cod_rocha=576783&p_cod_afloramento=499376","LOCAL_LAMINA":"SUREG-SP","LOTE_LAMINA":null,"NUM_LAB_LAMINA":null,"FICHA":null,"MINERAIS_IDENTIFICADOS":null,"X":-57.1122,"Y":-21.5457,"DATUM":"WGS84","__atlas_chave_independente":"AFLOR_ROCHA:499376:576783","__atlas_n_registros_grupo":1,"__atlas_q_registro":0.625,"__atlas_q_grupo":0.625,"__atlas_unidade_geologica_id":"1455","__atlas_unidade_geologica_sigla":"PP4at","__atlas_unidade_geologica_nome":"Formação Alto Tererê","__atlas_fonte":"SGB · GeoSGB · Petrografia","__atlas_snapshot":"2026-08-14"}},{"type":"Feature","id":28874433,"geometry":{"type":"Point","coordinates":[-57.112300000000005,-21.54770000000002]},"properties":{"OBJECTID":28874433,"COD_AMOSTRA":124793,"COD_AFLORAMENTO":499377,"COD_ROCHA":576787,"NUM_CAMPO_AMOSTRA":"EA-0048-B","COD_LAMINA":45435,"NUM_CAMPO_LAMINA":"4187-EA-R-0048","NOTAS":"Granulação (mm): fina a média (até 1 mm) \r\nNotas: A seção apresenta leitos com concentração de cristais anédricos de plagioclásio e microclínio, com até 1 mm, com contatos retos a levemente irregulares comumente formando feições próximas de junções tríplices. Os leitos feldspáticos são cortados por lâminas com concentração de pequenos cristais de clorita associada com cristais subédricos de epidoto\r\nPlagioclásio\r\nMicroclínio\r\nEpidoto\r\nClorita\r\nQuartzo?\r\nMinerais opacos\r\nBiotita\r\nZircão\r\nNome da rocha*: epidoto gnaisse com biotita (composição monzonítica)","PETROGRAFO":"Vidyã Vieira de Almeida","PROJETO":"Geologia da Folha Colônia São Lourenço","BASE_CARTOGRAFICA":"SF.21-V-D-VI - Colonia São Lourenço","TIPO_SECAO":"Delgada","GRAU_INTEMPERISMO":"Muito intemperizada","TAMANHO_AMOSTRA":"18 cm","COR_RX_FRESCA":"Cinza escuro","COR_RX_INTEMPERIZADA":"Cinza rosado","GRANULACAO_MINIMA":"Fanerítica fina (<1,0mm)","GRANULACAO_MEDIA":"Fanerítica fina (<1,0mm)","GRANULACAO_MAXIMA":"Fanerítica média (1,0-5,0mm)","SELECIONAMENTO":null,"CONSISTENCIA_AMOSTRA":"Consistente","CONTATO":"Contato tectônico","COD_CLASSIFICACAO":null,"PROTOLITO":null,"ROCHA":null,"LINK":"p_cod_amostra=124793&p_cod_rocha=576787&p_cod_afloramento=499377","LOCAL_LAMINA":"SUREG-SP","LOTE_LAMINA":null,"NUM_LAB_LAMINA":null,"FICHA":null,"MINERAIS_IDENTIFICADOS":null,"X":-57.112300000000005,"Y":-21.547700000000003,"DATUM":"WGS84","__atlas_chave_independente":"AFLOR_ROCHA:499377:576787","__atlas_n_registros_grupo":1,"__atlas_q_registro":0.625,"__atlas_q_grupo":0.625,"__atlas_unidade_geologica_id":"1455","__atlas_unidade_geologica_sigla":"PP4at","__atlas_unidade_geologica_nome":"Formação Alto Tererê","__atlas_fonte":"SGB · GeoSGB · Petrografia","__atlas_snapshot":"2026-08-14"}},{"type":"Feature","id":28874497,"geometry":{"type":"Point","coordinates":[-57.112599999999986,-21.55630000000002]},"properties":{"OBJECTID":28874497,"COD_AMOSTRA":124801,"COD_AFLORAMENTO":499379,"COD_ROCHA":576794,"NUM_CAMPO_AMOSTRA":"EA-0050","COD_LAMINA":45439,"NUM_CAMPO_LAMINA":"4187-EA-R-0050","NOTAS":"Granulação (mm): matriz fina a média (<1 mm a 1 mm) e porfiroblastos com granulação média (2 a 4 mm)\r\nTextura: alternância entre lâminas nematoblásticas e lâminas granoblásticas\r\nAlteração hidrotermal: sericitização-saussuritização\r\nA seção apresenta alternância entre lâminas com concentração de pequenos grãos orientados, subédricos e euédricos, de hornblenda verde levemente azulada e lâminas com concentração de grãos anédricos e subédricos de plagioclásio parcialmente a totalmente sericitizado/ saussuritizado, com extinção concêntrica e muitas vezes sem geminação. Subordinadamente ocorrem grãos de epidoto por vezes concentrados em venulação com orientação discordante da foliação principal. Ocorrem grãos de hornblenda levemente sigmoidal.\r\nHornblenda\r\nPlagioclásio\r\nQuartzo\r\nEpidoto\r\nTitanita\r\nNome da rocha*: anfibolito bandado","PETROGRAFO":"Vidyã Vieira de Almeida","PROJETO":"Geologia da Folha Colônia São Lourenço","BASE_CARTOGRAFICA":"SF.21-V-D-VI - Colonia São Lourenço","TIPO_SECAO":"Delgada","GRAU_INTEMPERISMO":"Moderadamente intemperizada","TAMANHO_AMOSTRA":"11 cm","COR_RX_FRESCA":"Cinza esverdeado","COR_RX_INTEMPERIZADA":"Marrom","GRANULACAO_MINIMA":"Fanerítica fina (<1,0mm)","GRANULACAO_MEDIA":"Fanerítica média (1,0-5,0mm)","GRANULACAO_MAXIMA":"Grânulo (2,0-4,0mm)","SELECIONAMENTO":null,"CONSISTENCIA_AMOSTRA":"Consistente","CONTATO":null,"COD_CLASSIFICACAO":null,"PROTOLITO":null,"ROCHA":"Anfibolito","LINK":"p_cod_amostra=124801&p_cod_rocha=576794&p_cod_afloramento=499379","LOCAL_LAMINA":"SUREG-SP","LOTE_LAMINA":null,"NUM_LAB_LAMINA":null,"FICHA":null,"MINERAIS_IDENTIFICADOS":null,"X":-57.1126,"Y":-21.5563,"DATUM":"WGS84","__atlas_chave_independente":"AFLOR_ROCHA:499379:576794","__atlas_n_registros_grupo":1,"__atlas_q_registro":0.75,"__atlas_q_grupo":0.75,"__atlas_unidade_geologica_id":"1455","__atlas_unidade_geologica_sigla":"PP4at","__atlas_unidade_geologica_nome":"Formação Alto Tererê","__atlas_fonte":"SGB · GeoSGB · Petrografia","__atlas_snapshot":"2026-08-14"}}],"atlas_metadata":{"id":"petrografia_geosgb_ms","nome":"Registros petrográficos e lâminas descritas","fonte":"Serviço Geológico do Brasil · GeoSGB · Petrografia","fonte_materializada_por":"ArcGIS REST GeoSGB · consulta por IDs em lotes","url_consulta":"https://geoportal.sgb.gov.br/server/rest/services/geologia/petrografia/MapServer/0","corte":"2026-08-14","sha256_snapshot_mesclado":"875e26612f451658c8716584bf9a5d05afd8b8760ecd0168004ba1947b4b1f78","registros_recortados_ms":339,"unidades_independentes":303,"deduplicacao":"COD_AFLORAMENTO + COD_ROCHA quando disponíveis; depois COD_AMOSTRA; depois NUM_CAMPO_AMOSTRA; fallback coordenada + classificação","regra":"múltiplas lâminas ou registros do mesmo afloramento e rocha não aumentam P como evidências independentes","invalid_geometry_removed":0,"outside_ms_removed":1}}
