{"type":"FeatureCollection","features":[{"type":"Feature","id":1,"geometry":{"type":"Polygon","coordinates":[[[-57.63362583556381,-19.270919205168134],[-57.63355880099784,-19.27128762773276],[-57.63339090116904,-19.272127467719464],[-57.633357316886645,-19.27231748457522],[-57.63332340884813,-19.27250740070693],[-57.63330514901333,-19.272602035466512],[-57.633285388210034,-19.272696303302688],[-57.63326365249554,-19.272790089102298],[-57.63323946792707,-19.272883280449967],[-57.633147600381335,-19.273174122099032],[-57.633047749553896,-19.273463303599563],[-57.63301973926951,-19.273549387605104],[-57.63299326142975,-19.273635858319157],[-57.63296869195147,-19.273722772398965],[-57.6329464040532,-19.273810186501855],[-57.63289868782408,-19.274039805903204],[-57.63285690352319,-19.274270734717437],[-57.632823057537955,-19.274441967433773],[-57.632784057538125,-19.27461210477568],[-57.63273771097652,-19.27478586818412],[-57.63268841463855,-19.27495896879227],[-57.63254731730468,-19.275466168439788],[-57.63225464013947,-19.276495948839834],[-57.63189946189055,-19.277740585370513],[-57.631764363034904,-19.278212119704335],[-57.63168131424118,-19.27851653661962],[-57.63158985049108,-19.278819154890787],[-57.6315851047687,-19.278833276945004],[-57.63158037343544,-19.27884740259638],[-57.63157122553156,-19.278875715053044],[-57.631566942060665,-19.278889930636563],[-57.63156294187621,-19.278904203776765],[-57.63155929242737,-19.27891854796341],[-57.63155606026385,-19.27893297758559],[-57.63155504942596,-19.27893799850066],[-57.631554093446596,-19.278943030207454],[-57.63155233707056,-19.278953125097452],[-57.63155076865297,-19.27896325506098],[-57.6315493648113,-19.27897341470211],[-57.63154696631933,-19.27899380053416],[-57.631544962629846,-19.279014234030488],[-57.631538780690164,-19.27909817405222],[-57.63153419684567,-19.27918212306727],[-57.63149086481143,-19.279783290177495],[-57.63143958906574,-19.28030256502216],[-57.63139755025668,-19.280821876739008],[-57.631389455458994,-19.28099223441487],[-57.63138174377241,-19.281163049845564],[-57.6313550267131,-19.281634209162203],[-57.63135182782445,-19.281708847495985],[-57.63134804527596,-19.281783717855053],[-57.63134551638234,-19.28182150197144],[-57.631342339077605,-19.281859656608578],[-57.63133834698704,-19.281898287886307],[-57.63133337013886,-19.28193749922697],[-57.63133285033075,-19.281941177454097],[-57.631332308938845,-19.28194485298333],[-57.631331120934306,-19.281952168068823],[-57.63133045183884,-19.281955790538017],[-57.63132971889137,-19.281959380631637],[-57.63132891040084,-19.28196292845713],[-57.63132801647475,-19.281966427719173],[-57.63132702542185,-19.281969869424596],[-57.63132592645025,-19.281973246378946],[-57.631325333797065,-19.281974908326063],[-57.63132470966758,-19.28197655048804],[-57.63132405316242,-19.281978172865088],[-57.63132336248315,-19.2819797736583],[-57.63132263762957,-19.28198135286784],[-57.63132187590378,-19.281982908694953],[-57.6313210764065,-19.28198444024043],[-57.631320237339025,-19.281985947504165],[-57.63131935870132,-19.281987427788252],[-57.63131843779559,-19.28198888109274],[-57.63131747372239,-19.281990307417413],[-57.63131646468298,-19.28199170316527],[-57.631315965559274,-19.281992362368285],[-57.631315455643744,-19.281993013477475],[-57.63131440523551,-19.281994296810023],[-57.63131331615654,-19.281995554062306],[-57.631312189306016,-19.281996787032835],[-57.63131102558334,-19.281997994822365],[-57.63130982678706,-19.2819991792294],[-57.63130859471578,-19.282000340254186],[-57.63130732936968,-19.282001480594612],[-57.63130603434592,-19.282002599351202],[-57.63130470874523,-19.28200369742332],[-57.631303356164885,-19.282004776609842],[-57.63130197570558,-19.28200583601126],[-57.63129914194178,-19.282007903552607],[-57.63129621824583,-19.282009905443445],[-57.631293216308734,-19.282011848878383],[-57.631290146922645,-19.282013740152713],[-57.63128702177857,-19.282015585561528],[-57.6312838516684,-19.282017391400206],[-57.63127742421363,-19.2820209104474],[-57.63127095269227,-19.28202434855559],[-57.631247520856334,-19.282036721428263],[-57.63122460792919,-19.282048892852856],[-57.63117986665747,-19.282073393982685],[-57.6311290396734,-19.282103284749503],[-57.63107895373064,-19.282134856349174],[-57.631029458642445,-19.282167787723957],[-57.630980403322894,-19.282201759614235],[-57.63088300494661,-19.282271542508344],[-57.63078554991312,-19.282341640165278],[-57.63017101258214,-19.28274985323383],[-57.62986033908333,-19.282962924210256],[-57.62953939982328,-19.2831689525958],[-57.629527063822884,-19.2831762092254],[-57.62951479077486,-19.28318352880749],[-57.62949085351993,-19.283198746235804],[-57.629485073577264,-19.283202741923596],[-57.62947940155311,-19.283206840134238],[-57.6294738500381,-19.28321105165933],[-57.62946843342144,-19.283215388190207],[-57.629463164293554,-19.283219864116155],[-57.62945805614436,-19.28322448932941],[-57.62945556682087,-19.283226862640316],[-57.62945312246358,-19.28322927731998],[-57.629450723971615,-19.2832317369657],[-57.629448374942456,-19.283234240678304],[-57.629447125784175,-19.283235613943116],[-57.62944589011556,-19.283237001596984],[-57.62944346194615,-19.283239813777108],[-57.62944108773599,-19.283242674520437],[-57.62943876748505,-19.28324558292801],[-57.62943427627073,-19.283251526547396],[-57.62942997391411,-19.283257623051586],[-57.62942584332796,-19.283263849058066],[-57.62942187012316,-19.283270183882543],[-57.62941803901111,-19.283276605041955],[-57.62941433380439,-19.283283089153866],[-57.62940644495143,-19.28329772741891],[-57.62939900126286,-19.283312531159062],[-57.62939189841733,-19.28332745630772],[-57.629385027596875,-19.283342460596746],[-57.62935774306527,-19.283402404907772],[-57.629350031378806,-19.283418010843246],[-57.629342008526805,-19.28343347468573],[-57.629333697891695,-19.283448807227362],[-57.62932512285608,-19.283464021058457],[-57.629307276709376,-19.28349412946122],[-57.62928866164237,-19.283523888926965],[-57.62924988827166,-19.28358270189088],[-57.62921033428943,-19.28364115332712],[-57.62912094617463,-19.283777550803983],[-57.62903530913212,-19.283915698361476],[-57.628953159660455,-19.284055572617277],[-57.62887423515781,-19.284197149289714],[-57.62884394059529,-19.284253197737552],[-57.62881348145698,-19.284309172441002],[-57.62874958102827,-19.284419575014002],[-57.628735909534555,-19.284441356594023],[-57.62872190169435,-19.28446295201422],[-57.628692852692886,-19.284505526819252],[-57.62866237826603,-19.284547191510338],[-57.62863042445434,-19.284587836370235],[-57.628616356359714,-19.284604811973104],[-57.62860202206566,-19.28462158612796],[-57.62857260524146,-19.284654545381617],[-57.62854227290746,-19.28468673931218],[-57.62851112308982,-19.284718196698012],[-57.628459468729375,-19.284767421090233],[-57.6284062783269,-19.284815131024168],[-57.628351881933725,-19.28486165385288],[-57.62829660600352,-19.284907315131125],[-57.62818472854236,-19.28499736424765],[-57.62807327106458,-19.28508789360204],[-57.627464957941356,-19.28563685506745],[-57.627070553063504,-19.285976010095425],[-57.626678132090035,-19.286318715646825],[-57.6266296370481,-19.28636381305013],[-57.626581306581954,-19.2864090912172],[-57.626484088969505,-19.28649890740929],[-57.62643468111554,-19.286542805117],[-57.62638439102676,-19.286585602054526],[-57.62633295879891,-19.286626978063225],[-57.626280121830064,-19.286666612984398],[-57.626100399513746,-19.286783430421572],[-57.625915885609515,-19.28689527370852],[-57.625820033167884,-19.28695719472937],[-57.62572468974258,-19.28701959598811],[-57.62567668932764,-19.28705011807909],[-57.62562819158774,-19.28707972825742],[-57.625578987879926,-19.287108082982225],[-57.625528870460975,-19.28713484051109],[-57.62548479378819,-19.2871564485219],[-57.625440017442784,-19.287176855937723],[-57.625394680819795,-19.287196304676332],[-57.62534891791814,-19.28721503845388],[-57.62525666276474,-19.287251335990952],[-57.625164344658636,-19.287287695581302],[-57.624819402493415,-19.28743820342093],[-57.624475202268734,-19.287587854206702],[-57.62430787171087,-19.287651349041006],[-57.62413903298989,-19.287711784381923],[-57.62380298781761,-19.28783922101381],[-57.62377273642261,-19.287852080419697],[-57.62374251830249,-19.287865015368737],[-57.623681907593955,-19.287890247647315],[-57.623651374711066,-19.287902111503758],[-57.623620597212664,-19.28791318665472],[-57.62360509559864,-19.287918361353864],[-57.62358950675019,-19.28792325636377],[-57.623573821674476,-19.28792784740282],[-57.62355803227729,-19.287932104793327],[-57.623539815609945,-19.287936555538153],[-57.623521469440156,-19.287940596192104],[-57.62350301535179,-19.287944288808458],[-57.62348447223053,-19.28794769454102],[-57.62344719982838,-19.287953892668586],[-57.623409811413644,-19.287959684302585],[-57.62287114538692,-19.288048415012923],[-57.62192473034202,-19.288203247692216],[-57.62091555970517,-19.288358289014372],[-57.61984934057448,-19.28851351829475],[-57.618596611044666,-19.288705518155613],[-57.61830582965024,-19.288749818759708],[-57.61822760931665,-19.288761410121534],[-57.6181492828631,-19.28877222356984],[-57.6180708242091,-19.288781574720424],[-57.61799220907313,-19.28878878278665],[-57.61786124619948,-19.288795656305016],[-57.61772983006757,-19.28880049915428],[-57.617682647136405,-19.28880262065491],[-57.61763549118489,-19.288804148603113],[-57.61761194693372,-19.288804355447215],[-57.61758843955483,-19.288804011006857],[-57.61757670250279,-19.2888035910234],[-57.61756497804129,-19.288802983081734],[-57.61755326706958,-19.288802170094645],[-57.61754157228569,-19.288801135874284],[-57.61753590475814,-19.288800549516292],[-57.6175302417272,-19.288799908299676],[-57.61751893095385,-19.288798462189803],[-57.617507641764234,-19.28879680294069],[-57.617496379554154,-19.28879493684736],[-57.61748514612254,-19.28879286930595],[-57.61747394686512,-19.28879060571246],[-57.617462783580486,-19.288788150563224],[-57.617451661664745,-19.288785511952373],[-57.61742955183228,-19.288779701432656],[-57.61740764614587,-19.288773218219955],[-57.61738597338382,-19.288766109079187],[-57.61736456142529,-19.288758417177704],[-57.61735537574987,-19.28875491791565],[-57.61734624133595,-19.28875132242616],[-57.61732811100342,-19.288743866147065],[-57.61731014075031,-19.288736091507932],[-57.61729230179821,-19.28872804167629],[-57.6172569071805,-19.288711281910718],[-57.6172216987224,-19.28869392499508],[-57.61720146307704,-19.28868377524657],[-57.61718130837062,-19.288673445633556],[-57.6171416149935,-19.288651869099066],[-57.61712226518035,-19.288640432420443],[-57.6171033704241,-19.288628439061778],[-57.61709412359477,-19.288622203162685],[-57.61708502515375,-19.28861579189579],[-57.61707608859053,-19.288609195368625],[-57.61706732469725,-19.288602399191877],[-57.61706272196698,-19.288598687689856],[-57.61705817049807,-19.288594917731828],[-57.61704921954578,-19.288587208743262],[-57.61704046464565,-19.288579283917393],[-57.617031899502486,-19.288571155844767],[-57.617023515123094,-19.28856283531719],[-57.61701530611146,-19.288554334025783],[-57.61700726527306,-19.28854566546063],[-57.61699938541319,-19.288536840413382],[-57.6169840798513,-19.28851876943623],[-57.61696933276846,-19.288500217321726],[-57.61695508930586,-19.288481276700132],[-57.616941292806295,-19.288462045597523],[-57.616933851815695,-19.288451340967207],[-57.61692653223361,-19.28844057698156],[-57.61691226448937,-19.28841887094469],[-57.61689850576135,-19.28839692838611],[-57.61688527313669,-19.288374750205108],[-57.61687258370272,-19.288352339099692],[-57.61686045274762,-19.28832969417064],[-57.61684889825801,-19.28830681901504],[-57.61683793732089,-19.28828371363297],[-57.616825989827475,-19.288256667421845],[-57.61681480226122,-19.288229336125564],[-57.61680431526685,-19.288201743126507],[-57.61679447038841,-19.288173910907826],[-57.616776472256284,-19.288117615146426],[-57.616760337519445,-19.28806062780629],[-57.616731775950605,-19.28794529425048],[-57.61670502471702,-19.287829338363828],[-57.61648522501309,-19.287023309288884],[-57.61621912101549,-19.286038753995822],[-57.61611335085041,-19.28564393183259],[-57.6159972870451,-19.285251726696504],[-57.615970199465096,-19.285168306482817],[-57.615942650532865,-19.28508499868438],[-57.61588813003311,-19.28491825358514],[-57.615862137827314,-19.284834585158638],[-57.61583764479144,-19.28475056419779],[-57.61581514015648,-19.284666074690165],[-57.61579511405324,-19.284581000623355],[-57.61579001669577,-19.28455718117959],[-57.61578500567339,-19.284533339252842],[-57.61577467516105,-19.284485720150496],[-57.61576906878747,-19.284462007726123],[-57.61576297767914,-19.284438403220417],[-57.615756258844215,-19.284414938109485],[-57.615748769290185,-19.284391646567894],[-57.61574358649721,-19.284376948048255],[-57.61573823912829,-19.284362288199716],[-57.61572786364997,-19.284332905549775],[-57.61572548494302,-19.28432551402188],[-57.61572324293326,-19.28431809371574],[-57.61572116370065,-19.284310638335977],[-57.6157192724263,-19.284303142486706],[-57.615717594291425,-19.284295599872692],[-57.61571615537623,-19.284288006896652],[-57.615715533944694,-19.28428418837525],[-57.615714980861576,-19.284280356363986],[-57.6157145006236,-19.284276507265535],[-57.61571409592875,-19.284272642878776],[-57.61571339175958,-19.28426299045526],[-57.615712938501254,-19.284253285871113],[-57.615711851220844,-19.284233927064754],[-57.615711370982865,-19.28422913637611],[-57.61571074865208,-19.28422437806326],[-57.61571037543336,-19.284222012846158],[-57.615709955450036,-19.28421965932053],[-57.615709486003944,-19.28421731568723],[-57.615708962598376,-19.284214985543784],[-57.615708381636416,-19.28421266799087],[-57.615707739520474,-19.284210363927794],[-57.615707033552724,-19.28420807515319],[-57.61570625833713,-19.28420580076773],[-57.615705412075044,-19.284203543469356],[-57.615704489370614,-19.284201303258175],[-57.61570348752588,-19.28419908103343],[-57.6157024029435,-19.284196877694406],[-57.61570206120114,-19.28419622028998],[-57.61570171136481,-19.284195564684193],[-57.615700988309925,-19.284194260667288],[-57.61570023557737,-19.284192964744204],[-57.61569945406637,-19.284191679613016],[-57.61569864287799,-19.284190406172982],[-57.61569780381051,-19.284189145323424],[-57.6156969377634,-19.284187898863152],[-57.6156960438372,-19.284186666791882],[-57.615695123830726,-19.284185450908417],[-57.61569417864326,-19.28418425211215],[-57.61569320737556,-19.284183071302387],[-57.61569221182605,-19.284181910277603],[-57.61569119199482,-19.284180769937237],[-57.615690149680574,-19.284179651180594],[-57.615689083983966,-19.28417855580632],[-57.6156879958043,-19.284177483814418],[-57.61568688604091,-19.284176437003573],[-57.61568575559307,-19.284175416273072],[-57.6156846044609,-19.284174422522216],[-57.6156834335436,-19.28417345754958],[-57.61568224284122,-19.28417252225479],[-57.61568103415231,-19.284171617536817],[-57.61567980747702,-19.284170744295075],[-57.6156785637147,-19.284169904328294],[-57.61567730286521,-19.284169098535706],[-57.61567602492852,-19.28416832781677],[-57.61567473260271,-19.284167593969997],[-57.615673424089145,-19.284166896995334],[-57.615672102085796,-19.284166238691636],[-57.61567076569327,-19.284165619958014],[-57.61566941581082,-19.284165041694006],[-57.61566805423723,-19.284164505697976],[-57.61566765044166,-19.28416435641061],[-57.6156672457467,-19.284164210720416],[-57.6156664327596,-19.284163929232605],[-57.61566561617519,-19.284163663033272],[-57.615664795094126,-19.28416341032375],[-57.615663142140185,-19.284162947172902],[-57.61566147479721,-19.284162537981402],[-57.615659792165566,-19.284162180051183],[-57.61565809604422,-19.284161872483097],[-57.615656386432995,-19.28416161167969],[-57.615654664231336,-19.284161397641032],[-57.61565292943903,-19.284161226769893],[-57.615651183855,-19.28416109726744],[-57.61564942657974,-19.284161008234555],[-57.61564765941194,-19.284160956073904],[-57.61564588145223,-19.284160939886146],[-57.61564409539858,-19.28416095697329],[-57.6156423003518,-19.284161005536657],[-57.615640496311755,-19.284161083777697],[-57.61563686754738,-19.284161321198628],[-57.61563321360188,-19.284161651249814],[-57.61562953807265,-19.28416205954206],[-57.61562584635567,-19.28416252988752],[-57.61561843234466,-19.284163588389514],[-57.61561100754192,-19.284164698152907],[-57.61560267172581,-19.284165879862044],[-57.615594368285315,-19.28416696624317],[-57.61557785313533,-19.284168871007257],[-57.61556145309857,-19.28417044661951],[-57.61554515828237,-19.284171726354725],[-57.615512847439845,-19.284173536690012],[-57.615480842366935,-19.284174572709006],[-57.61541744196131,-19.28417540548117],[-57.61535434013063,-19.284176392037534],[-57.61529778086782,-19.284178873267035],[-57.61524100666702,-19.284182952591845],[-57.61518405889717,-19.284188373705167],[-57.61512697892681,-19.284194882098813],[-57.61501258516256,-19.284210133701382],[-57.614898152727505,-19.28422665964332],[-57.61408275451549,-19.284326863904322],[-57.613335710174795,-19.284399762949313],[-57.61236062114562,-19.28451132564777],[-57.611116875843095,-19.284641109510293],[-57.61078354302601,-19.28466537951431],[-57.610736655971834,-19.28466988152047],[-57.610689790501404,-19.284673631693362],[-57.61066639733633,-19.284674821496477],[-57.61064304823793,-19.284675341304656],[-57.6106313939236,-19.28467529903651],[-57.610619755797075,-19.2846750292398],[-57.61060813475757,-19.284674510331058],[-57.610596532603836,-19.284673723424252],[-57.610589999928436,-19.284673155052765],[-57.610583474447765,-19.28467249674895],[-57.61057044596919,-19.28467091843867],[-57.61055744986641,-19.28466900378214],[-57.61054449063566,-19.28466676716823],[-57.61053157097513,-19.28466422478476],[-57.610518694482096,-19.28466139102107],[-57.61050586385443,-19.284658281165378],[-57.610493082689565,-19.28465491050628],[-57.6104803554839,-19.28465129433244],[-57.61046768403628,-19.284647447932066],[-57.610455071943925,-19.284643385694324],[-57.61044252370345,-19.284639122907837],[-57.610417629569845,-19.284630057741538],[-57.610393028615306,-19.284620372942538],[-57.61037716817168,-19.284613781811238],[-57.61036144172709,-19.284606980238618],[-57.6103303845395,-19.284592749366485],[-57.610299844462126,-19.28457769021884],[-57.61026980800517,-19.2845618126882],[-57.61024026347735,-19.284545124868266],[-57.6102111964895,-19.284527636651767],[-57.61018259445109,-19.284509357031823],[-57.610154445671064,-19.28449029500177],[-57.6101436798869,-19.28448271461629],[-57.610132993242985,-19.2844750137216],[-57.61011191403355,-19.284459230619703],[-57.610091317760066,-19.28444290882386],[-57.61007131324045,-19.284426010562594],[-57.61006156818679,-19.284417332104866],[-57.610052011990724,-19.284408495366343],[-57.610042659041426,-19.284399495850725],[-57.61003352282876,-19.284390327262436],[-57.61002461684256,-19.28438098600436],[-57.61001595547186,-19.284371467579845],[-57.61000755220675,-19.284361765693586],[-57.60999942053672,-19.284351876748367],[-57.60999240942204,-19.284342906010984],[-57.60998560605082,-19.284333794080013],[-57.60997899063784,-19.284324552646652],[-57.609972544297364,-19.284315193402055],[-57.60996007789515,-19.284296165546216],[-57.60994805306018,-19.28427680224327],[-57.6099247066598,-19.284237437118705],[-57.60990126313276,-19.284197831875147],[-57.609875662132076,-19.284156355142343],[-57.60985069875073,-19.284114738115377],[-57.60984480549331,-19.284104230436537],[-57.60983911907999,-19.284093660704535],[-57.609833671886406,-19.284083017228134],[-57.60982849628806,-19.284072290114707],[-57.60982362645917,-19.28406146677391],[-57.60981909477539,-19.28405053911174],[-57.609814935410895,-19.28403949363834],[-57.60981118074136,-19.284028322259935],[-57.60981004399821,-19.28402463054296],[-57.60980895312059,-19.28402092533613],[-57.60980690806224,-19.284013472654316],[-57.60980504106965,-19.2840059660132],[-57.60980334584764,-19.28399840990939],[-57.60980181700018,-19.283990805242087],[-57.60980045003072,-19.283983156508178],[-57.60979923864391,-19.283975466405323],[-57.60979817834317,-19.28396773763167],[-57.60979648581912,-19.28395217756163],[-57.60979533108963,-19.28393649788179],[-57.609794670087865,-19.28392072377308],[-57.60979445964654,-19.283904879517152],[-57.6097946808797,-19.28388714038989],[-57.609795213278346,-19.28386939856457],[-57.60979642646373,-19.283834122657332],[-57.60979671424685,-19.28381669919198],[-57.60979652718794,-19.28379949156393],[-57.60979619443873,-19.283790986675314],[-57.60979567013396,-19.283782555531186],[-57.60979492819331,-19.283774206225328],[-57.60979394523429,-19.28376594505303],[-57.60979354773394,-19.28376312837635],[-57.60979311875736,-19.283760320692938],[-57.6097921726706,-19.28375472960775],[-57.60979111147048,-19.283749160106286],[-57.60978993965397,-19.28374360049744],[-57.60978728755321,-19.28373246419258],[-57.60978425863652,-19.283721227163557],[-57.60977723673,-19.283698077714824],[-57.60976920578417,-19.283673403915174],[-57.60976820663735,-19.28367036420653],[-57.609767186806216,-19.28366731280696],[-57.60976504372173,-19.28366126036954],[-57.609763897086054,-19.283658298902047],[-57.60976268749789,-19.283655407581673],[-57.60976205527453,-19.28365399564607],[-57.60976140236676,-19.28365260799214],[-57.609760728774575,-19.283651249116552],[-57.60976003179991,-19.283649920817847],[-57.609759311442986,-19.28364862489482],[-57.60975856500568,-19.283647364944642],[-57.60975779158878,-19.283646142765946],[-57.60975698939347,-19.28364496195607],[-57.60975657750395,-19.283644387289286],[-57.609756158419884,-19.28364382341439],[-57.609755731241876,-19.283643272129922],[-57.60975529597004,-19.283642731637393],[-57.60975485260435,-19.283642203735408],[-57.609754401144585,-19.28364168752452],[-57.60975394159107,-19.28364118480354],[-57.609753473044236,-19.28364069467305],[-57.609752995504266,-19.28364021803233],[-57.60975250897104,-19.283639755780793],[-57.60975201434388,-19.283639307019104],[-57.609751509824264,-19.283638871747222],[-57.60975099541201,-19.283638452663155],[-57.609750471107304,-19.283638047068926],[-57.60974993780928,-19.28363765766247],[-57.6097493946188,-19.28363728354449],[-57.60974884063643,-19.283636925614275],[-57.609748276761536,-19.28363658387192],[-57.60974770209476,-19.283636258317387],[-57.6097471175354,-19.283635950749183],[-57.609746521284876,-19.283635659368848],[-57.60974591424247,-19.283635385974918],[-57.60974529640817,-19.283635129668106],[-57.609744666882825,-19.283634892247193],[-57.60974433863021,-19.283634777133933],[-57.60974400767975,-19.283634666517372],[-57.60974333588621,-19.283634460572586],[-57.60974265330065,-19.28363427261431],[-57.6097419599235,-19.283634103541743],[-57.6097412566536,-19.283633952455574],[-57.609740543491164,-19.283633818456654],[-57.609739821335666,-19.28363370064543],[-57.60973909018684,-19.283633599921384],[-57.60973835094404,-19.283633515385098],[-57.60973760450674,-19.283633446137316],[-57.60973684997555,-19.283633392177958],[-57.6097360900485,-19.283633353507046],[-57.60973532292673,-19.28363332832604],[-57.609734551308414,-19.283633317534193],[-57.60973377339485,-19.283633319332775],[-57.609732991884016,-19.283633334621324],[-57.60973141627182,-19.283633402070418],[-57.6097298289684,-19.283633515385112],[-57.609728232671785,-19.28363367186713],[-57.60972663277778,-19.28363386791929],[-57.609725031984624,-19.28363409994446],[-57.609723435687904,-19.283634363445824],[-57.60972184748516,-19.283634655725482],[-57.60972027097365,-19.283634974085455],[-57.6097188689306,-19.28363527715701],[-57.60971747947797,-19.283635598214993],[-57.60971473744508,-19.283636287994984],[-57.60971204037832,-19.283637038928784],[-57.609709385579606,-19.283637848318758],[-57.60970676945181,-19.28363870986922],[-57.60970418929685,-19.283639620882443],[-57.609701642416724,-19.283640576861753],[-57.60969912521444,-19.283641574209902],[-57.609694165453334,-19.28364367592561],[-57.60968928663124,-19.283645893653752],[-57.609684462667694,-19.28364819411954],[-57.609679667482574,-19.28365054674602],[-57.60962888906192,-19.28367665406503],[-57.60957830849196,-19.283704041119247],[-57.60947676424115,-19.283759284673945],[-57.60940483466527,-19.283795791753075],[-57.609332101095454,-19.283830437235583],[-57.609258804550166,-19.283863794888834],[-57.609185183349496,-19.283896441178417],[-57.60889225167597,-19.284031387149433],[-57.60882309201202,-19.284067469748567],[-57.608754477337186,-19.284104805103375],[-57.60861780736586,-19.284180214156223],[-57.6085492160733,-19.284216779691192],[-57.60848009777823,-19.284251578058566],[-57.60844525714287,-19.284268079718814],[-57.60841018448235,-19.284283857424676],[-57.60837484562251,-19.28429881584834],[-57.60833920728845,-19.284312861460037],[-57.60832382348559,-19.28431861262454],[-57.60830841450154,-19.28432434040663],[-57.60827766308359,-19.28433637423496],[-57.60827001524898,-19.28433962168686],[-57.60826239169597,-19.2843430049364],[-57.60825479782056,-19.28434654466799],[-57.60824723811947,-19.284350260666603],[-57.60823971618987,-19.284354174516196],[-57.60823223742773,-19.284358304203018],[-57.608224805430325,-19.284362672210143],[-57.60821742469438,-19.284367297423504],[-57.60821491738449,-19.28436894048492],[-57.60821242626241,-19.284370617720533],[-57.60820753574916,-19.28437407741234],[-57.608205156142965,-19.284375861667296],[-57.6082028340935,-19.284377684593107],[-57.608200579493094,-19.28437954708904],[-57.60819840313372,-19.28438145095386],[-57.60819734643035,-19.28438241772506],[-57.60819631400864,-19.28438339528816],[-57.608195305868605,-19.28438438454231],[-57.60819432290964,-19.284385383689145],[-57.60819336782964,-19.284386394527147],[-57.60819244062856,-19.28438741615703],[-57.60819154400451,-19.284388448578632],[-57.60819067705802,-19.284389493590883],[-57.608189842487214,-19.284390549395034],[-57.60818904209049,-19.28439161689028],[-57.608188275868194,-19.284392696976006],[-57.60818754561864,-19.28439378875299],[-57.608186852241374,-19.284394893120417],[-57.608186198434225,-19.284396009179158],[-57.608185583297946,-19.284397138727577],[-57.60818501042979,-19.284398279967327],[-57.608184792793914,-19.284398740420222],[-57.6081845814532,-19.284399202671644],[-57.60818417945626,-19.284400133470008],[-57.60818380353964,-19.284401072362254],[-57.608183453703305,-19.284402018449065],[-57.608183129048136,-19.28440297262979],[-57.608182829573764,-19.28440393400502],[-57.60818255438136,-19.284404903474144],[-57.608182303470414,-19.284405879238594],[-57.608182075942004,-19.284406863096827],[-57.608181871795914,-19.284407853250453],[-57.608181691032144,-19.284408849699336],[-57.6081815318521,-19.28440985334272],[-57.60818139515521,-19.284410863281273],[-57.60818127914268,-19.284411880414552],[-57.60818118471388,-19.284412902943817],[-57.60818111096938,-19.284413931768153],[-57.60818105790935,-19.28441496598851],[-57.60818102373508,-19.284416006504163],[-57.60818100934597,-19.284417053315003],[-57.608181013842625,-19.28441810462249],[-57.60818107859387,-19.2844202243245],[-57.608181212592804,-19.284422363811654],[-57.608181414940304,-19.28442452308389],[-57.60818168024031,-19.284426700342642],[-57.608182004895575,-19.28442889558767],[-57.60818238710744,-19.28443110522193],[-57.60818282237932,-19.284433331043942],[-57.60818330801317,-19.284435569456665],[-57.608183839512556,-19.28443782135907],[-57.60818441417927,-19.28444008405331],[-57.60818567772674,-19.284444639119393],[-57.60818707167589,-19.284449226561218],[-57.608190140162776,-19.28445846259866],[-57.60819339840657,-19.284467720219713],[-57.60829133457742,-19.284757935940657],[-57.60838251863822,-19.285030552828403],[-57.608410822101746,-19.285111432457246],[-57.60843679002579,-19.285193885899723],[-57.60844242877499,-19.285214706104377],[-57.60844759627946,-19.285235598254907],[-57.60845222868726,-19.28525655785453],[-57.60845625854938,-19.285277579507337],[-57.60845962291319,-19.28529865781744],[-57.6084622552288,-19.285319787388957],[-57.60846327685869,-19.285330369711435],[-57.608464091644464,-19.28534096372509],[-57.60846469149225,-19.285351566732043],[-57.608465066509545,-19.285362180530836],[-57.60846517532747,-19.285367998245174],[-57.608465215796976,-19.285373818657476],[-57.60846509708649,-19.285385465777193],[-57.60846472206924,-19.285397116494305],[-57.60846410153698,-19.285408768110795],[-57.608462164397274,-19.28543206235046],[-57.608459371102974,-19.285455321516547],[-57.60845580798912,-19.285478522226683],[-57.608451560491005,-19.28550163660189],[-57.60844671404459,-19.285524640360425],[-57.608441354085066,-19.28554750652288],[-57.608428959628675,-19.28559431173861],[-57.60841516672639,-19.28564066099832],[-57.60840040705306,-19.285686790823355],[-57.608385113182294,-19.285732942232165],[-57.608371621553026,-19.28577278219879],[-57.608357047139975,-19.285812221967113],[-57.60834903957641,-19.285831605954417],[-57.60834038360178,-19.285850668883906],[-57.608335773676906,-19.285860056007404],[-57.608330954210146,-19.28586933431299],[-57.608325910812084,-19.285878495706665],[-57.60832062549645,-19.285887530295923],[-57.60831800756994,-19.285891806572263],[-57.608315332086875,-19.285896051372298],[-57.60830981474601,-19.285904452838867],[-57.608304084266024,-19.28591273559484],[-57.608298153237,-19.285920905036356],[-57.60829203245123,-19.285928964760526],[-57.60828573180094,-19.285936917465413],[-57.608279264776236,-19.285944766748145],[-57.60827264037,-19.28595251710563],[-57.60825896887628,-19.285967734533955],[-57.60824480545329,-19.285982597629438],[-57.608230240033485,-19.285997136069533],[-57.60821536344821,-19.286011378632857],[-57.60820430898161,-19.286021643494696],[-57.60819313940175,-19.28603176896157],[-57.60817047109027,-19.28605161699916],[-57.60814738998994,-19.28607095332247],[-57.60812392757715,-19.28608980760915],[-57.608075991913445,-19.286126195977733],[-57.60802692310397,-19.286161027619936],[-57.60795696574132,-19.286207414651034],[-57.6078854498536,-19.28625146614282],[-57.607812521130825,-19.286293397932596],[-57.607738321666034,-19.286333426756826],[-57.60766299535089,-19.286371768452973],[-57.60758668607661,-19.286408639757575],[-57.60750953773493,-19.286444255608505],[-57.607431692418636,-19.286478832742556],[-57.60711622013741,-19.28661108074738],[-57.606801088699235,-19.286744003243776],[-57.60607859585048,-19.2870937414936],[-57.60516126488045,-19.287536746634128],[-57.60445500119726,-19.287878705748227],[-57.60360260667494,-19.288290613231723],[-57.603287006689925,-19.288447480177652],[-57.602965870478435,-19.288594761249794],[-57.602936036368874,-19.2886071979744],[-57.60290606556242,-19.288619337922647],[-57.602845632919525,-19.288642336285328],[-57.60281512881512,-19.28865299954681],[-57.602784404376735,-19.288662975726325],[-57.602753438020606,-19.288672164998967],[-57.602722210861266,-19.28868047113742],[-57.60270694217156,-19.288684176344205],[-57.60269163211303,-19.288687746652624],[-57.60266099131167,-19.28869486928335],[-57.60264571093081,-19.288698614060376],[-57.602630491703735,-19.28870261154681],[-57.60261535881164,-19.28870695707094],[-57.6026003374356,-19.288711747759468],[-57.60259425442126,-19.288713841381206],[-57.602588185796094,-19.288715980868293],[-57.602576057539004,-19.288720223869813],[-57.60256998081991,-19.288722240149816],[-57.6025638852151,-19.288724128726145],[-57.602560826620795,-19.28872501096107],[-57.60255776083192,-19.28872584553194],[-57.60255468604982,-19.288726625244077],[-57.6025516004758,-19.288727345601],[-57.60254817226029,-19.288728069555315],[-57.602544731454095,-19.288728717067222],[-57.60254127715814,-19.28872929173395],[-57.602537811170976,-19.288729795354314],[-57.602534333492656,-19.28873023152545],[-57.60253084412306,-19.288730604744167],[-57.602527343961576,-19.288730915909596],[-57.60252383390775,-19.28873116861906],[-57.60251678322288,-19.288731513059375],[-57.602509698363804,-19.288731662346915],[-57.60250258112916,-19.288731638964535],[-57.60249543601543,-19.288731468093328],[-57.602466656810634,-19.28872980075022],[-57.6024377472042,-19.288727721517727],[-57.602351581360324,-19.28872543274305],[-57.602266938968,-19.288720566511433],[-57.6022592281808,-19.288719536787774],[-57.60225153358135,-19.288718377561626],[-57.602236199241084,-19.288715683192788],[-57.60222093774598,-19.288712504089364],[-57.60220575449194,-19.288708860036376],[-57.602190651277446,-19.28870477171842],[-57.60217563259931,-19.288700260719008],[-57.60216070025604,-19.288695347722697],[-57.60214585874428,-19.288690053413816],[-57.602131111661436,-19.28868439757747],[-57.60211646170529,-19.288678400898057],[-57.602101912473245,-19.2886720858586],[-57.60208746666319,-19.28866547134499],[-57.60205890059775,-19.288651428431205],[-57.60203079048847,-19.288636439430668],[-57.602009608756354,-19.288624482944126],[-57.60198859519749,-19.288612357384817],[-57.60194661934099,-19.288588743885906],[-57.6019360532062,-19.288583182478433],[-57.60192543041422,-19.288577829713578],[-57.60191473657579,-19.288572721564393],[-57.601903957301765,-19.288567893104375],[-57.601893077303544,-19.288563380306314],[-57.60188208489024,-19.288559220042565],[-57.601876540569776,-19.288557282902858],[-57.60187096387386,-19.288555447386575],[-57.601865350305616,-19.28855371709086],[-57.60185970076453,-19.288552097411877],[-57.60185678516234,-19.28855131050507],[-57.60185386056719,-19.288550553275986],[-57.60184798079951,-19.288549121555278],[-57.60184206236125,-19.28854779775323],[-57.60183610525201,-19.288546571977307],[-57.601824082215494,-19.2885443902219],[-57.601811919784154,-19.288542519632145],[-57.60178721360892,-19.28853947722565],[-57.60176205597401,-19.288536982506308],[-57.60175944794013,-19.288536739689352],[-57.60175683900689,-19.288536503167578],[-57.60175162383831,-19.288536074190986],[-57.60174642935419,-19.288535740542507],[-57.60174127264157,-19.288535548986957],[-57.6017387149696,-19.28853552020856],[-57.60173617258624,-19.288535544490355],[-57.60173364998792,-19.288535627228004],[-57.60173114717469,-19.288535773817408],[-57.60172866864309,-19.288535989654697],[-57.60172621529256,-19.28853628193441],[-57.60172499850984,-19.28853645820154],[-57.60172378982093,-19.28853665605233],[-57.60172258742745,-19.28853687458765],[-57.60172139402704,-19.288537116505214],[-57.60172011159381,-19.288537403389018],[-57.601718838153765,-19.288537717252343],[-57.601717574606376,-19.288538057196163],[-57.601716319152665,-19.2885384214215],[-57.60171507269239,-19.288538811727346],[-57.60171383432595,-19.288539225415448],[-57.601712603154056,-19.288539662485917],[-57.601711380975416,-19.28854012293881],[-57.60171016599134,-19.288540604975385],[-57.60170895820182,-19.28854110949517],[-57.6017077576069,-19.28854163469926],[-57.601706564206566,-19.28854218058776],[-57.60170419719083,-19.288543330820534],[-57.601701855356275,-19.288544555697246],[-57.60169953600472,-19.28854585072101],[-57.601697238236916,-19.288547210495963],[-57.60169496025417,-19.288548629626074],[-57.601692699358466,-19.288550104514293],[-57.601688224332065,-19.28855319908139],[-57.6016837969696,-19.288556456425862],[-57.60166628177337,-19.288570324871177],[-57.6016483717749,-19.288583669011544],[-57.60164453616636,-19.28858613855],[-57.601640648397165,-19.288588490277057],[-57.601636713863115,-19.288590733186375],[-57.60163273616172,-19.288592878968764],[-57.601624671940904,-19.288596916924696],[-57.601616495305,-19.288600688681363],[-57.601599956772475,-19.288607760050652],[-57.60158342543469,-19.288614756776163],[-57.6015709104691,-19.288620436894146],[-57.60155856817334,-19.288626439868793],[-57.60154638505759,-19.288632740519013],[-57.60153434943061,-19.288639317261254],[-57.60151066938186,-19.288653203692835],[-57.60148742640354,-19.288667908507723],[-57.601441847862866,-19.288699022352553],[-57.60139680441887,-19.288731151531938],[-57.600195857852505,-19.289460656394667],[-57.59922213219563,-19.290058190243798],[-57.59797595692481,-19.29082807556575],[-57.597562069134085,-19.29106870896414],[-57.5975164887949,-19.291096125696136],[-57.597470522646454,-19.291122805883166],[-57.59744723470209,-19.291135533988218],[-57.59742365807523,-19.29114767573504],[-57.597411742058185,-19.291153484456178],[-57.59739972981361,-19.291159096225783],[-57.59738761414701,-19.291164494856055],[-57.597375386065096,-19.291169662360517],[-57.597368883067475,-19.29117229197811],[-57.59736234769417,-19.29117485414662],[-57.597349183418025,-19.291179777035506],[-57.59733590133066,-19.291184438221766],[-57.597322507727476,-19.291188845799017],[-57.59730901250077,-19.291193004264247],[-57.59729542194612,-19.29119692261031],[-57.5972817441571,-19.2912006071328],[-57.597267987227724,-19.2912040659254],[-57.597240266525034,-19.291210329703464],[-57.59721232099173,-19.29121577150114],[-57.59718421268121,-19.291220446177142],[-57.59715600454592,-19.291224410388683],[-57.59714333579626,-19.291225971611826],[-57.59713065985204,-19.291227399735142],[-57.597105288178454,-19.29122985308573],[-57.59707989402182,-19.29123176054782],[-57.597054480979466,-19.29123311402748],[-57.59702905264856,-19.291233903632186],[-57.59700361442515,-19.291234119469493],[-57.59697816900717,-19.291233752546137],[-57.59695271999192,-19.291232792969545],[-57.596940347119244,-19.2912321103841],[-57.59692797784379,-19.291231281209154],[-57.5969032689706,-19.291229174097563],[-57.596878622150655,-19.29122644555452],[-57.596854069759445,-19.291223068600246],[-57.59682964327334,-19.29121901805377],[-57.59680537416859,-19.2912142669353],[-57.596781292122905,-19.291208788265468],[-57.59675742861242,-19.291202556863038],[-57.59674991028009,-19.29120041917452],[-57.59674241712872,-19.29119820414422],[-57.59672750636923,-19.29119354925341],[-57.59671269633384,-19.29118860388132],[-57.59669798792174,-19.291183377921026],[-57.59668337933442,-19.291177883962696],[-57.596668871471074,-19.29117213189886],[-57.596654465231325,-19.29116613521944],[-57.59664015971555,-19.291159902917688],[-57.59661185085616,-19.29114678090957],[-57.59658394759106,-19.291132855807067],[-57.596556449020795,-19.291118218441515],[-57.59652935514555,-19.291102959644384],[-57.596496537085386,-19.29108344255729],[-57.59646424692744,-19.291063234790844],[-57.59643239473917,-19.291042454156354],[-57.59640089418582,-19.29102121396836],[-57.5963385909531,-19.290977818082364],[-57.596276633060086,-19.290933973434626],[-57.595436977434524,-19.29038096861725],[-57.591811655583335,-19.287964793351055],[-57.5902220589008,-19.286912477739296],[-57.58890148181791,-19.286036809661677],[-57.588464234137,-19.285725574086626],[-57.58801787002859,-19.28542727795705],[-57.58793271502276,-19.285375416752725],[-57.58784697545747,-19.285324367635983],[-57.587675248114174,-19.28522255089063],[-57.58759001666589,-19.285170703176103],[-57.58750570972064,-19.28511751007567],[-57.58742270589312,-19.285062431096932],[-57.58734138199907,-19.2850049266467],[-57.58725716318742,-19.284941019023506],[-57.58717435451274,-19.28487511940192],[-57.587009355897,-19.284742718512287],[-57.5869675751934,-19.28471047332033],[-57.58692535651995,-19.28467890531783],[-57.586882587461325,-19.284648182678097],[-57.58683915290448,-19.284618473574316],[-57.58679494223276,-19.284589946179725],[-57.58674984123212,-19.284562767768193],[-57.586726922009795,-19.284549737490988],[-57.58670373748749,-19.28453710741224],[-57.586680274175194,-19.284524898216098],[-57.586656517684105,-19.28451313148645],[-57.58664470418967,-19.28450751252235],[-57.58663280346098,-19.2845020473423],[-57.58660868364375,-19.284491749205532],[-57.5865964375755,-19.284486998986498],[-57.58658404941418,-19.284482571623982],[-57.586571505670356,-19.28447850848704],[-57.58655879375323,-19.28447485184353],[-57.58655579361494,-19.284474059540862],[-57.586552784483324,-19.28447329511716],[-57.58654674013991,-19.28447186249708],[-57.58654066432018,-19.284470579164527],[-57.58653456152075,-19.284469470300508],[-57.5865315011278,-19.28446898916315],[-57.58652843623832,-19.284468561085767],[-57.5865253677515,-19.28446818966586],[-57.58652229386872,-19.284467878500386],[-57.58651921728801,-19.284467628488926],[-57.5865161380093,-19.284467445926577],[-57.58651305603269,-19.28446733171262],[-57.5865099731567,-19.284467289444482],[-57.58650843081938,-19.2844672966391],[-57.58650688848195,-19.284467322719372],[-57.58650380470675,-19.284467427940008],[-57.586500720931504,-19.28446760420718],[-57.58649763985414,-19.28446784882277],[-57.5864945614748,-19.284468158189558],[-57.5864914866927,-19.28446853050896],[-57.58648841820588,-19.28446896398214],[-57.58648535511504,-19.284469454112642],[-57.58647925321481,-19.284470599848873],[-57.58647318908629,-19.28447194703336],[-57.586467170823255,-19.28447347498156],[-57.58646120741872,-19.284475164807702],[-57.586458811624766,-19.284475890560554],[-57.586456424824064,-19.284476637897175],[-57.58645168179958,-19.284478199120215],[-57.586446975647334,-19.284479841282185],[-57.586442303669344,-19.284481560785995],[-57.58643305594069,-19.284485209335635],[-57.58642391882876,-19.284489102500753],[-57.58640590900541,-19.284497452705878],[-57.58638812760994,-19.284506274155838],[-57.58624390153477,-19.284583998963054],[-57.58610206675689,-19.284665406493893],[-57.58581184114348,-19.284816870312913],[-57.58577775503927,-19.2848315202691],[-57.58574345849365,-19.284845811395765],[-57.58567499580437,-19.284874549231688],[-57.585641210073675,-19.2848896092787],[-57.585607975627404,-19.28490553717148],[-57.58559162325469,-19.284913923349446],[-57.58557548132337,-19.28492264137741],[-57.58555957141698,-19.284931730825402],[-57.5855439178174,-19.284941228565394],[-57.58551155481438,-19.284962600054595],[-57.585479658559215,-19.28498475845042],[-57.58541410427738,-19.285026549945933],[-57.585410541163526,-19.28502849338092],[-57.58540695826446,-19.28503040623888],[-57.58539973311115,-19.285034137526097],[-57.58539243331404,-19.2850377447068],[-57.58538506157129,-19.28504122688177],[-57.58537762058069,-19.285044584050965],[-57.5853701157381,-19.285047816214327],[-57.58536254974183,-19.28505092427132],[-57.58535492618881,-19.285053906423283],[-57.5853395199029,-19.28505949570983],[-57.58532392475922,-19.28506458407394],[-57.58530817133498,-19.285069169717005],[-57.585292285710345,-19.285073252639105],[-57.585223439010456,-19.285086182192167],[-57.58515412016646,-19.285096850849516],[-57.58508921339643,-19.28510922102434],[-57.58502408719181,-19.2851204238791],[-57.585018542871346,-19.285121146934042],[-57.58501298955775,-19.285121825022813],[-57.585001860447385,-19.285123040906214],[-57.58499070345818,-19.28512407332799],[-57.58497952398573,-19.28512492138866],[-57.58495711288032,-19.285126069822912],[-57.58493466310415,-19.285126490705508],[-57.58491220883133,-19.28512618943272],[-57.58488978693407,-19.285125169601475],[-57.58486743158664,-19.285123437507288],[-57.584845178761896,-19.285120996747246],[-57.58483728990893,-19.285119958030283],[-57.58482941814305,-19.285118832079068],[-57.58481372677199,-19.28511632386993],[-57.5847981037494,-19.28511348471021],[-57.584782549075335,-19.285110328089843],[-57.58476706185035,-19.285106865699895],[-57.58475164027595,-19.285103111929615],[-57.58473628615053,-19.285099077570965],[-57.58472099677647,-19.285094777012933],[-57.58469061228192,-19.285085426761707],[-57.58466048139604,-19.285075164597778],[-57.58463060142093,-19.28506409124542],[-57.58460096606172,-19.28505231012666],[-57.58458452285736,-19.285045456393387],[-57.584568168686026,-19.285038404809125],[-57.5845357840991,-19.285023676612],[-57.58450392651497,-19.285008055388104],[-57.584472708348706,-19.28499147278892],[-57.58445737490791,-19.284982799727103],[-57.584442243814465,-19.28497386046598],[-57.58442732945758,-19.28496464691158],[-57.58441264622661,-19.284955149171477],[-57.58439820851049,-19.284945360050866],[-57.58438402889976,-19.284935270556893],[-57.58437012448161,-19.284924871696024],[-57.584356506947124,-19.284914155374608],[-57.584344634996796,-19.284904346469084],[-57.584332987877076,-19.28489429474644],[-57.584321549399874,-19.284884017294182],[-57.58431030607573,-19.284873529400556],[-57.58428834193342,-19.28485198793958],[-57.584266975840194,-19.284829800765348],[-57.5842255602613,-19.28478400458879],[-57.584185100661784,-19.284737174191886],[-57.583252674571156,-19.28322728981827],[-57.583247539442375,-19.28322556941513],[-57.58324238992424,-19.28322403247379],[-57.58324109849781,-19.28322369882532],[-57.58323980437336,-19.28322339035791],[-57.583238508450336,-19.28322311066868],[-57.58323720982929,-19.28322286245587],[-57.58323590851034,-19.283222649316468],[-57.58323460449338,-19.283222473049406],[-57.58323329687909,-19.28322233725178],[-57.58323198656689,-19.28322224462162],[-57.58323141729602,-19.283222218541237],[-57.58323084712578,-19.283222200554842],[-57.58322970498688,-19.283222188863636],[-57.58322856104923,-19.28322220774935],[-57.583227415312926,-19.283222254514136],[-57.583226267777945,-19.283222327359084],[-57.58322511844444,-19.283222423586647],[-57.58322396731216,-19.28322254229719],[-57.583222815280635,-19.28322268079271],[-57.58321820355719,-19.283223388559218],[-57.58321359363243,-19.283224243814434],[-57.58321045589769,-19.283224850856843],[-57.58320733075368,-19.283225474087015],[-57.58320113622335,-19.28322681137897],[-57.58319807493115,-19.283227546124962],[-57.58319504331655,-19.28322833932706],[-57.58319204407747,-19.28322920087763],[-57.583189083509296,-19.283230143367103],[-57.58318798723576,-19.283230517485077],[-57.583186897257406,-19.283230904193523],[-57.583184734387885,-19.283231713583437],[-57.583182592202725,-19.28323256973793],[-57.58318047160134,-19.283233470858622],[-57.583178369885836,-19.283234416046106],[-57.58317628795526,-19.283235402602465],[-57.583174224910515,-19.283236428728834],[-57.58317217805354,-19.28323749352623],[-57.583168135600935,-19.28323973014015],[-57.58316415250351,-19.28324209805508],[-57.58316022426481,-19.283244582881913],[-57.58315634189165,-19.28324717203001],[-57.58314115773823,-19.28325828585188],[-57.583126210106464,-19.283269939267008],[-57.58310578110683,-19.28328536443875],[-57.5830850481363,-19.283300190661894],[-57.58306403817477,-19.28331446919803],[-57.583042776402976,-19.283328250409145],[-57.58299960354878,-19.283354525901338],[-57.58295573731726,-19.28337942453149],[-57.582866761991404,-19.283426723475117],[-57.58277752136547,-19.283473409081264],[-57.58225746680847,-19.283784224672925],[-57.5815659654968,-19.284179900292727],[-57.58089220690966,-19.284569895794743],[-57.579842317668756,-19.28518266146129],[-57.578902605270905,-19.285730882784634],[-57.578098802018076,-19.286194353796947],[-57.577300954975044,-19.2866690447512],[-57.57722465379465,-19.28671786714648],[-57.57714731209876,-19.286765087849123],[-57.577127192465866,-19.286776627050187],[-57.57710690645854,-19.2867879063474],[-57.57706584161525,-19.286809669041528],[-57.57702413015937,-19.286830351650003],[-57.57698178378224,-19.286849926293655],[-57.576965492563254,-19.286857082199216],[-57.57694911321096,-19.286864057341017],[-57.57691609550135,-19.28687740058217],[-57.57688274504261,-19.28688982381692],[-57.57684907442518,-19.28690119844214],[-57.57683858922945,-19.286904487262916],[-57.57682807525543,-19.28690766546703],[-57.57680696367038,-19.286913697219973],[-57.57678574506599,-19.28691931348601],[-57.576764422140336,-19.286924531352668],[-57.576721487606505,-19.286933844731724],[-57.57667819604182,-19.28694178124874],[-57.57663458701655,-19.286948484795296],[-57.576590696503395,-19.286954100162234],[-57.57654656317334,-19.28695877124085],[-57.576502223898494,-19.28696264282229],[-57.576323557386225,-19.286973011106106],[-57.5761446012923,-19.286982115842473],[-57.57609585444005,-19.286985571037803],[-57.57604725327809,-19.286989590108128],[-57.575950437662414,-19.28699917778038],[-57.57585405372158,-19.28701060546557],[-57.57575799893249,-19.28702359707193],[-57.57556647571226,-19.287053177572652],[-57.57537506041069,-19.28708572044024],[-57.575336739398885,-19.287092362832873],[-57.57529838421294,-19.28709887392443],[-57.57522155153327,-19.287110846598907],[-57.57518306324773,-19.28711598352634],[-57.575144518304846,-19.28712033534576],[-57.57510591220795,-19.287123741078332],[-57.575067239561356,-19.28712603704758],[-57.57505395657472,-19.287126541567257],[-57.57504066279631,-19.287126902195325],[-57.57501404376302,-19.287127216058767],[-57.57498737166975,-19.287127023603883],[-57.57496063932195,-19.287126372494704],[-57.574951683873046,-19.287126056832605],[-57.5749427302228,-19.287125676419397],[-57.57492486339158,-19.28712464579637],[-57.57491596909665,-19.287123957815023],[-57.57490711347241,-19.287123128640072],[-57.57489830461293,-19.28712214118445],[-57.57488955241087,-19.28712097566307],[-57.57488255658461,-19.28711989737593],[-57.574875602127236,-19.287118694083],[-57.574868688139304,-19.287117367583043],[-57.5748618155203,-19.287115922372486],[-57.57485498157211,-19.2871143584515],[-57.57484818629473,-19.287112680316564],[-57.57484142788951,-19.287110888867062],[-57.57483470725577,-19.28710898680083],[-57.57482137300792,-19.287104863409343],[-57.57480817725553,-19.28710032902757],[-57.57479511190485,-19.2870954025414],[-57.57478217155989,-19.2870901055345],[-57.5747693490261,-19.287084456892778],[-57.574756638008346,-19.28707847550186],[-57.57474403221129,-19.287072182945504],[-57.57473152444021,-19.28706559721007],[-57.57470677959407,-19.287051628940166],[-57.574682350410065,-19.287036729871765],[-57.57458674078538,-19.286970984034262],[-57.57449199630849,-19.28690300518008],[-57.57407661474388,-19.286668226368143],[-57.57357226414865,-19.286394380107215],[-57.57343650069385,-19.286323134016033],[-57.573300928794716,-19.28625191760257],[-57.57323366220368,-19.28621564164913],[-57.57316698017195,-19.28617855810463],[-57.573101060765225,-19.286140396272877],[-57.57303608474741,-19.28610088276017],[-57.57295867110576,-19.28605087505845],[-57.572882662205025,-19.285998840284908],[-57.572807811631094,-19.285945139966856],[-57.572733874768396,-19.2858901347325],[-57.57258775562036,-19.285777659222195],[-57.572442337943535,-19.285664302376315],[-57.57216406072279,-19.28545110999133],[-57.57189006877161,-19.28523321145409],[-57.57184929620797,-19.28519886184863],[-57.57180893283596,-19.285164057186],[-57.57172984195853,-19.28509281199432],[-57.57169132219666,-19.285056235667348],[-57.57165362261651,-19.28501893448691],[-57.57161684753941,-19.284980840104247],[-57.57158109948813,-19.284941883271976],[-57.57156593242179,-19.284924698126872],[-57.57155097399817,-19.28490734390942],[-57.57152166419337,-19.28487215613575],[-57.57149313500014,-19.284836371212172],[-57.57146535134478,-19.284800039500848],[-57.571411879454566,-19.284725943458177],[-57.57136096523629,-19.28465027719921],[-57.57133768088914,-19.284614027326143],[-57.571314897464504,-19.284577515750414],[-57.57127079471138,-19.28450370479283],[-57.57122858323248,-19.2844288362324],[-57.5711881883841,-19.28435290197548],[-57.571173595984654,-19.284324343104647],[-57.57115927428101,-19.284295634946208],[-57.5711315490816,-19.284237777961785],[-57.57110523581786,-19.28417933461925],[-57.571080556622285,-19.284120311214068],[-57.57105773362742,-19.28406071404136],[-57.57103698986515,-19.284000546698525],[-57.57102746604465,-19.283970252136115],[-57.571018546568496,-19.283939816380062],[-57.57101025661797,-19.28390924212848],[-57.571002625870385,-19.283878528482003],[-57.57099224679468,-19.28383137253044],[-57.57098320231291,-19.283783944084373],[-57.57097522622565,-19.283736295304347],[-57.570968054132386,-19.283688473854703],[-57.57095505443214,-19.283592520688927],[-57.57094207991298,-19.283496485684992],[-57.57093281779527,-19.283433336190196],[-57.57092384705777,-19.283370217272395],[-57.570919846873316,-19.28333863488074],[-57.57091637009438,-19.283307019214277],[-57.57091356870621,-19.28327535678288],[-57.57091159199627,-19.28324363409715],[-57.57091083926372,-19.28322390297135],[-57.570910455253276,-19.28320414936273],[-57.57091076911666,-19.28316460077637],[-57.570912478727855,-19.283125037800893],[-57.57091553282555,-19.283085511697703],[-57.57091987655099,-19.283046070130737],[-57.570925456844286,-19.28300676615997],[-57.57093221974611,-19.282967647449578],[-57.570940112196354,-19.282928766160282],[-57.57095129526602,-19.282880808013584],[-57.57096334168484,-19.282833084589857],[-57.57098682658068,-19.282737503743522],[-57.57099804022732,-19.282683907746847],[-57.57100867381121,-19.28263018224782],[-57.571033463623394,-19.282523758275545],[-57.5710387831133,-19.282505727767777],[-57.57104447042593,-19.28248779888355],[-57.57105049408494,-19.28246996262931],[-57.571056822614196,-19.28245221001214],[-57.57107026568013,-19.282416917917143],[-57.571084547813605,-19.282381848853905],[-57.57111461664618,-19.28231209293944],[-57.571145008335414,-19.282242356810073],[-57.57119599809681,-19.28212027204365],[-57.571250768608024,-19.282000321368415],[-57.57126861745269,-19.281966371961133],[-57.57128737551188,-19.281932841638096],[-57.571306878209725,-19.281899643164664],[-57.57132695917175,-19.281866692904277],[-57.57136819218823,-19.281801187185764],[-57.57140974896066,-19.281735634702518],[-57.571414807647216,-19.28172746795902],[-57.571419601932966,-19.28171918520293],[-57.57142072968286,-19.28171708348728],[-57.57142182145986,-19.281714967382552],[-57.57142287366662,-19.28171283329126],[-57.57142388180666,-19.281710681213628],[-57.57142484228262,-19.281708509350906],[-57.57142575059783,-19.28170631410589],[-57.571426604054416,-19.28170409637757],[-57.571427398155826,-19.281701852569153],[-57.571427677845,-19.281701009904353],[-57.57142794854093,-19.281700163642387],[-57.57142846475181,-19.281698461225773],[-57.571428944989805,-19.281696745319227],[-57.57142939015421,-19.281695016822322],[-57.57142979934565,-19.281693278432805],[-57.57143017346362,-19.281691528352123],[-57.57143051160881,-19.28168977017749],[-57.571430814680305,-19.281688003908947],[-57.57143108177893,-19.281686230445885],[-57.57143131290474,-19.28168444978822],[-57.57143150805757,-19.28168266463401],[-57.57143166723762,-19.281680874983138],[-57.57143179044459,-19.28167908173494],[-57.57143187767889,-19.28167728578878],[-57.571431928940285,-19.28167548894335],[-57.57143194422878,-19.281673691198552],[-57.57143192264505,-19.28167189435313],[-57.57143186508841,-19.281670098407083],[-57.57143177155899,-19.281668305158885],[-57.57143164025798,-19.281666515507954],[-57.571431473883315,-19.281664729454434],[-57.571431269737275,-19.281662948796765],[-57.57143102961817,-19.281661174434323],[-57.57143075262701,-19.281659407266563],[-57.5714304378643,-19.281657648192624],[-57.5714300871287,-19.28165589811195],[-57.57142969952099,-19.28165415882304],[-57.57142927414162,-19.28165242942676],[-57.57142881278941,-19.281650712621023],[-57.571428313665706,-19.281649008405704],[-57.571427776770456,-19.28164731857955],[-57.57142720300293,-19.281645643142692],[-57.57142671377164,-19.28164430405209],[-57.57142620025878,-19.281642973954796],[-57.57142510578393,-19.28164034433713],[-57.57142392497411,-19.281637750692287],[-57.57142266502381,-19.281635192121048],[-57.57142133043004,-19.28163266502624],[-57.571419926588305,-19.281630168508144],[-57.57141846069334,-19.281627699869173],[-57.571416937241736,-19.281625256411196],[-57.57141374195061,-19.28162043874297],[-57.571410386580055,-19.281615696617866],[-57.57140691609624,-19.281611012948613],[-57.57140337816326,-19.281606370648106],[-57.57139248197734,-19.281592432055866],[-57.571381389739315,-19.281578692213625],[-57.571358671965065,-19.281551749424374],[-57.571335332759354,-19.281525424469375],[-57.571311481839366,-19.281499600436938],[-57.57126268372582,-19.28144899108875],[-57.57121315086613,-19.281398986085065],[-57.57119556552282,-19.281381215481453],[-57.5711780395348,-19.281363374730656],[-57.57114332930116,-19.28132736947325],[-57.57110935111558,-19.281290742784257],[-57.57107643682804,-19.28125326623601],[-57.57105960691525,-19.2812330890466],[-57.5710431502211,-19.28121263036931],[-57.571011303428804,-19.28117094409456],[-57.57098078673385,-19.281128359397012],[-57.570951489519594,-19.28108502466493],[-57.5709077285087,-19.2810158838867],[-57.570866177132295,-19.28094554790946],[-57.570826321877234,-19.280874294623782],[-57.570787647431864,-19.28080240012143],[-57.57071178152347,-19.280657799028905],[-57.57063446500854,-19.280513965058155],[-57.570414065456646,-19.28014366380985],[-57.570319680708614,-19.279984721228697],[-57.570229374386024,-19.2798238397092],[-57.5701897187804,-19.279749325481713],[-57.570150351857194,-19.27967465027571],[-57.57006844879976,-19.279526425814723],[-57.57005492119759,-19.279503583034703],[-57.57004129736782,-19.279480778925596],[-57.57001444900749,-19.27943503670841],[-57.570001565319956,-19.279411971795835],[-57.56998927158759,-19.27938869374392],[-57.56998339811531,-19.279376955792678],[-57.56997773688295,-19.279365140499664],[-57.56997230857507,-19.279353239770924],[-57.5699671338761,-19.279341247311518],[-57.56996102118415,-19.27932606405741],[-57.569955303294535,-19.27931073601243],[-57.56994994243586,-19.27929527756575],[-57.56994489993707,-19.279279700408576],[-57.569935615336355,-19.279248248418664],[-57.56992714192404,-19.279216487961282],[-57.569911394794936,-19.279152474218137],[-57.5698951944076,-19.279088524326685],[-57.569867878399755,-19.278995758358384],[-57.56984125576923,-19.27890319743543],[-57.569833355225114,-19.278870678849596],[-57.56982625417817,-19.278837983996517],[-57.56981981952901,-19.278805132661525],[-57.56981391637901,-19.278772142830952],[-57.56980317667524,-19.27870581872933],[-57.569792966671976,-19.278639158281333],[-57.56978503734957,-19.2785871199104],[-57.56977830052812,-19.27853505815726],[-57.56977585437215,-19.278509047065697],[-57.569774276061935,-19.27848306565181],[-57.56977387136703,-19.278470090233263],[-57.5697737553544,-19.278457125606668],[-57.56977395050734,-19.27844417357049],[-57.569774481107345,-19.27843123682293],[-57.569775372335535,-19.278418189458637],[-57.56977659451405,-19.27840515648357],[-57.569778115267695,-19.278392136098986],[-57.569779897724,-19.278379126506305],[-57.569784116443714,-19.278353131602536],[-57.569788973682144,-19.278327155584513],[-57.56979950654187,-19.27827520444799],[-57.56980929386379,-19.278223149889303],[-57.5698140935454,-19.278191043192855],[-57.569817894080465,-19.278158860054127],[-57.569820811481115,-19.278126605869026],[-57.56982295906226,-19.278094288731268],[-57.569825408815525,-19.27802949257784],[-57.56982616604466,-19.277964528251243],[-57.56982618582963,-19.27794758322523],[-57.569826093199545,-19.277930641796505],[-57.569825326977195,-19.27789680840176],[-57.56982453287578,-19.277879938918893],[-57.56982338354226,-19.27786311440207],[-57.569821817822515,-19.277846345643184],[-57.569819777260875,-19.27782964343414],[-57.56981735089,-19.27781378838643],[-57.569814490146534,-19.277797995391904],[-57.56981125078851,-19.27778225635684],[-57.569807686775285,-19.2777665613885],[-57.569799797922315,-19.27773527307523],[-57.56979125706078,-19.27770406480158],[-57.5697592375987,-19.27757870830153],[-57.569756208682016,-19.277561991703426],[-57.56975355118539,-19.277545213951342],[-57.56975121834399,-19.277528384038487],[-57.56974916249373,-19.27751151185767],[-57.569745689312015,-19.2774776757649],[-57.56974275032757,-19.277443775820426],[-57.56972869482336,-19.277308992626693],[-57.56972416224022,-19.277282514787114],[-57.56971927982079,-19.277256029752856],[-57.569710559994235,-19.277202249395113],[-57.56970853112375,-19.277184718910487],[-57.56970666862782,-19.2771670912991],[-57.56970211985686,-19.277132127456554],[-57.56970057032506,-19.277123553320195],[-57.56969877347956,-19.277115081706512],[-57.56969776983606,-19.27711088996645],[-57.5696966879517,-19.277106731501327],[-57.569695524228905,-19.277102608109733],[-57.56969427237266,-19.277098520691],[-57.56969292788619,-19.27709447374181],[-57.5696914853737,-19.277090468161447],[-57.56968994033838,-19.277086506647805],[-57.56968828558587,-19.277082590999637],[-57.56968651841806,-19.277078723914855],[-57.56968463253975,-19.277074908091404],[-57.56968262255486,-19.277071145327934],[-57.56968048396715,-19.277067437423135],[-57.56967890475761,-19.2770648689594],[-57.569677263494896,-19.277062326575983],[-57.56967556737351,-19.27705980757483],[-57.56967381909146,-19.277057311056883],[-57.56967019212555,-19.27705237108083],[-57.569666423066906,-19.277047490460202],[-57.56965862144807,-19.27703783084203],[-57.56965073889045,-19.27702818291513],[-57.569605648681716,-19.27696648132892],[-57.56956148297604,-19.276904797729085],[-57.569549967157165,-19.276890382495967],[-57.569538058334615,-19.27687623795887],[-57.56952580866908,-19.27686232634611],[-57.56951327032112,-19.276848611684862],[-57.56948753891868,-19.276821629325617],[-57.56946128321164,-19.2767950003998],[-57.56935938103056,-19.276686206713897],[-57.56934933740196,-19.276673674661172],[-57.56933956446926,-19.276660953750913],[-57.569330035252904,-19.27664806196934],[-57.56932072367243,-19.276635016403688],[-57.56930264999727,-19.276608536765405],[-57.569285136599596,-19.276581659626675],[-57.5692509560667,-19.276527287515123],[-57.569216517428295,-19.276473051201197],[-57.569153586468815,-19.276380673739972],[-57.56909151705981,-19.276287945543107],[-57.56908235206884,-19.27627319576224],[-57.56907336964025,-19.27625833806274],[-57.56905594797348,-19.276228311498237],[-57.569039246663806,-19.276197897325964],[-57.56902325761718,-19.27616712342489],[-57.56900797543767,-19.276136018573304],[-57.568993392930615,-19.27610461154943],[-57.568979504700344,-19.27607293203106],[-57.568966303551974,-19.276041008796426],[-57.56892895650611,-19.275940421424135],[-57.56889454214928,-19.27583887447525],[-57.56886653006626,-19.275754917366438],[-57.56884066376556,-19.27567040987237],[-57.56883204556238,-19.275638527107223],[-57.56882405058934,-19.275606490558015],[-57.56880973697975,-19.275542028053064],[-57.56879733982533,-19.275477156356615],[-57.56878647421638,-19.27541201036685],[-57.568781366067135,-19.275378408097943],[-57.56877658257316,-19.275344769856094],[-57.56876808128185,-19.27527739534641],[-57.568761141213656,-19.275209899428223],[-57.568755934139006,-19.27514229469207],[-57.56875420204478,-19.275111919190596],[-57.56875284226982,-19.275081526602058],[-57.56875119201379,-19.275020697358197],[-57.56875088984157,-19.2749598249468],[-57.56875184042508,-19.2748989237572],[-57.56875712484129,-19.274777101592882],[-57.56876629432895,-19.274655360367518],[-57.568769191045305,-19.27462419436191],[-57.5687723620548,-19.27459305983271],[-57.568779799448,-19.274530958048192],[-57.56878420342821,-19.27450002676578],[-57.568789154196004,-19.274469198905347],[-57.56879472010018,-19.27443849335274],[-57.56880097128777,-19.274407926295712],[-57.5688267764345,-19.274303932291545],[-57.568853550151175,-19.27419978360409],[-57.56887274707947,-19.274110743526922],[-57.56889224078424,-19.274021821260916],[-57.568897772514156,-19.27399980405862],[-57.56890373142204,-19.273977923553208],[-57.56891019844688,-19.273956205825176],[-57.56891725542699,-19.273934676954735],[-57.56892498420057,-19.27391336302219],[-57.5689334666061,-19.273892290107995],[-57.56893801537706,-19.273881851677],[-57.56894278358254,-19.2738714824938],[-57.568947781115185,-19.27386118705511],[-57.56895301786744,-19.27385096805868],[-57.56896020974579,-19.27383771025307],[-57.568967631850676,-19.273824531587817],[-57.568982376235624,-19.27379819134438],[-57.56898589708147,-19.27379156873684],[-57.568989303713245,-19.273784917351005],[-57.56899257095029,-19.27377822909289],[-57.56899567271205,-19.273771498566695],[-57.56899858651548,-19.27376471677923],[-57.56900128628024,-19.273757879233578],[-57.56900254802912,-19.27375443662891],[-57.569003746825274,-19.273750976936984],[-57.56900488087047,-19.273747499258654],[-57.56900594476844,-19.273744002694464],[-57.56900645108681,-19.27374224811718],[-57.56900693851929,-19.273740488143964],[-57.569007862123044,-19.27373695380828],[-57.569008716479,-19.273733402385567],[-57.569009505184404,-19.273729832976354],[-57.56901088744246,-19.273722645594543],[-57.569012024185504,-19.27371539885746],[-57.56901292800409,-19.273708097261817],[-57.569013613287616,-19.27370074800199],[-57.56901409262621,-19.27369335647409],[-57.569014382207904,-19.27368592987272],[-57.569014492824465,-19.273678472694193],[-57.569014440663864,-19.27367099213347],[-57.56901423831642,-19.273663493586294],[-57.56901390017134,-19.273655982448528],[-57.569012869548196,-19.273640950280594],[-57.56901145941129,-19.273625943293606],[-57.569002897865346,-19.27356325245302],[-57.56899220042959,-19.273501442048772],[-57.56897507553913,-19.27337873045497],[-57.568974331799836,-19.273367064449427],[-57.568973793106004,-19.273355384054696],[-57.568973295780836,-19.273331982795646],[-57.56897352330941,-19.27330853387259],[-57.56897441633623,-19.27328504268155],[-57.56897591460672,-19.27326151461814],[-57.56897795786631,-19.27323795687705],[-57.5689804876593,-19.273214373955117],[-57.56898344283161,-19.273190772147316],[-57.56899832391338,-19.273096296567775],[-57.569015227570674,-19.273001994557397],[-57.56902763551694,-19.272929822164564],[-57.569039883383816,-19.272857964534314],[-57.56906753393952,-19.272715157589367],[-57.5690725251768,-19.272693239312417],[-57.56907776372776,-19.272671354310507],[-57.569088996260064,-19.272627710211584],[-57.569101255818225,-19.27258427295683],[-57.56911456848246,-19.272541092008773],[-57.569128960333096,-19.27249821772952],[-57.56914445655139,-19.272455699581858],[-57.56916108231798,-19.272413585229767],[-57.56917886281417,-19.272371925934557],[-57.56919027790884,-19.272346770098217],[-57.56920211388643,-19.272321796824468],[-57.56922698373825,-19.27227238177595],[-57.5692533365721,-19.272223647514334],[-57.56928103659055,-19.272175559865193],[-57.56930994529761,-19.272128084654394],[-57.56933992869472,-19.272081189506284],[-57.56937084828599,-19.272034837548727],[-57.569402569173114,-19.271988997305403],[-57.56942421675409,-19.271958549858187],[-57.5694461772992,-19.27192832634221],[-57.569491094838035,-19.271868601465698],[-57.56953743870172,-19.271809910809736],[-57.569585327600635,-19.271752343406877],[-57.56961365714448,-19.271719725895647],[-57.56964253617406,-19.271687530166325],[-57.56970193639524,-19.271624477798415],[-57.569763515673635,-19.271563338288384],[-57.56982726231814,-19.271504263621804],[-57.569849653638585,-19.2714844749396],[-57.569872292272414,-19.271464944362606],[-57.56991828090389,-19.271426641337435],[-57.56996517335398,-19.271389320371778],[-57.570012911166884,-19.271352953586927],[-57.570061437685126,-19.2713175077078],[-57.57011069625162,-19.271282953056758],[-57.570160630208875,-19.2712492581577],[-57.57021118200032,-19.271216391534157],[-57.57024274460696,-19.27119647065161],[-57.57027454103718,-19.271176900504493],[-57.570338904616726,-19.27113899857694],[-57.57037150863807,-19.271120758527235],[-57.57040441932833,-19.271103053574056],[-57.57043765377461,-19.271085929583037],[-57.57047123176188,-19.271069433318704],[-57.57049664300563,-19.271057496617182],[-57.570522246704286,-19.271045927738275],[-57.57057399459416,-19.271023845784846],[-57.57062639359316,-19.271003094827975],[-57.57067936456093,-19.270983584036184],[-57.57073282925654,-19.270965221678644],[-57.57078670584178,-19.27094791692378],[-57.57084091517607,-19.27093157714156],[-57.57089537721981,-19.270916112399625],[-57.57094882123106,-19.27090175382388],[-57.57100242712022,-19.270888108410436],[-57.57111011733787,-19.270862814078573],[-57.57121842538999,-19.270839941621052],[-57.57132732969245,-19.270819205053286],[-57.57137291542762,-19.27081114173184],[-57.57141859469238,-19.270803511883596],[-57.57151021222638,-19.270789998670487],[-57.57155613790537,-19.27078433923687],[-57.57160213553011,-19.270779559340173],[-57.571648197006596,-19.270775772295014],[-57.57169431783848,-19.270773088718116],[-57.57172205023226,-19.27077204640377],[-57.57174979791472,-19.2707714204757],[-57.57180533374912,-19.270771332342083],[-57.57186090375757,-19.270772648949634],[-57.571916487255976,-19.270775195829643],[-57.572027606588726,-19.27078327893618],[-57.572138522674656,-19.270794183215983],[-57.57218176927313,-19.270798932535754],[-57.572224950221205,-19.270803963343287],[-57.572311078293524,-19.270815130225078],[-57.572396836744524,-19.270828201870998],[-57.57248215632644,-19.2708436971899],[-57.57251446986687,-19.27085033238798],[-57.572546690777074,-19.270857412750402],[-57.57261078096269,-19.270872988108934],[-57.572642611567225,-19.270881523574488],[-57.57267427489786,-19.270890582445375],[-57.5727057511694,-19.270900184506914],[-57.57273702239565,-19.270910351342664],[-57.57275650440909,-19.27091701531897],[-57.57277590008766,-19.270923899629235],[-57.57281444053393,-19.270938296875908],[-57.57285266082158,-19.270953473834723],[-57.57289057444041,-19.270969363956016],[-57.57296554552346,-19.27100300849305],[-57.57303947788955,-19.271038688195862],[-57.57327805004195,-19.271165223707115],[-57.57351411308583,-19.271295768395937],[-57.57392345390423,-19.271508083941907],[-57.574445523841746,-19.27178187534422],[-57.57496761536305,-19.272061286610075],[-57.575158067490804,-19.272158022185955],[-57.57534850253126,-19.272254800929293],[-57.57544307074096,-19.27230438954686],[-57.57553686193649,-19.27235540898593],[-57.575629620710394,-19.27240833139037],[-57.575721088057655,-19.272463631602225],[-57.57576475284094,-19.272491249782345],[-57.57580825574639,-19.272519143154934],[-57.57589558261498,-19.272574199650556],[-57.57593980587728,-19.27260058396066],[-57.57598466945689,-19.272625685837713],[-57.57600740431815,-19.272637635129716],[-57.57603037390259,-19.27264911767363],[-57.57605360429029,-19.27266008490599],[-57.57607711886384,-19.272670488263337],[-57.57609067434503,-19.27267618007263],[-57.57610427659103,-19.272681793640714],[-57.576131410036446,-19.272693282479995],[-57.576144833317365,-19.272699403265758],[-57.5761580902236,-19.272705937739786],[-57.576164639086755,-19.272709399230358],[-57.57617112589668,-19.272713010008403],[-57.57617754435807,-19.27271678536223],[-57.57618388727656,-19.272720741479954],[-57.57618752863141,-19.272723113891598],[-57.57619115829527,-19.27272550428958],[-57.57619844370316,-19.272730143891998],[-57.576200281917416,-19.27273123926627],[-57.57620213092349,-19.27273229686889],[-57.57620399162085,-19.2727333104049],[-57.57620586760663,-19.272734274478143],[-57.57620775978023,-19.272735182793344],[-57.57620967083954,-19.272736029055434],[-57.576210634013535,-19.27273642655577],[-57.576211601684015,-19.272736806968982],[-57.576212575649826,-19.27273716849643],[-57.57621355501146,-19.27273751113816],[-57.576215037993556,-19.272737988678244],[-57.57621653266682,-19.27273842215137],[-57.576218041729135,-19.27273881335648],[-57.57621956158334,-19.27273916319282],[-57.576221094927455,-19.27273947435824],[-57.576222639063474,-19.272739747752066],[-57.57622419399133,-19.27273998427384],[-57.57622575971096,-19.27274018572192],[-57.5762273353232,-19.27274035389521],[-57.57622892082799,-19.272740489692833],[-57.57623051622523,-19.272740594014156],[-57.57623211971645,-19.272740669557127],[-57.57623535277924,-19.272740738805016],[-57.576238615519635,-19.272740707328783],[-57.57624190613899,-19.272740586819594],[-57.57624521924145,-19.27274038986805],[-57.57624855212895,-19.27274012636664],[-57.576251902103536,-19.272739808906035],[-57.57625863622695,-19.272739056173485],[-57.57626539553155,-19.272738223401202],[-57.57791168097924,-19.272744268643997],[-57.57991325079586,-19.272743550085714],[-57.581814091147294,-19.27272626781396],[-57.58367982646279,-19.27272021987321],[-57.58503592496793,-19.272721505903768],[-57.58658742007327,-19.272716533552085],[-57.587907968377976,-19.27271229055068],[-57.58886532997099,-19.27270923735236],[-57.59003193142836,-19.27271109625106],[-57.591198573355435,-19.27272419037998],[-57.59270863489553,-19.272724920629543],[-57.593867748597695,-19.272715922013184],[-57.59504621301226,-19.272723331527423],[-57.59678152414796,-19.272785127542505],[-57.59773506452154,-19.272821358529846],[-57.59875208713896,-19.272868789673876],[-57.59959311602938,-19.272905380389904],[-57.60051702823819,-19.272936073352028],[-57.60189107541271,-19.27298776458464],[-57.602826873061694,-19.273029648710256],[-57.60358882996042,-19.273066958883945],[-57.60440615182234,-19.273097984595278],[-57.6047376680089,-19.273116342456216],[-57.605069509750024,-19.27312951572544],[-57.605161413268426,-19.273130819742523],[-57.60525330599517,-19.273132061706193],[-57.605436698444855,-19.27313954226697],[-57.60557588471926,-19.273152819857735],[-57.60571512315437,-19.27316672517516],[-57.60581595244418,-19.273173965616998],[-57.60591652452792,-19.273182920166573],[-57.60598776702175,-19.273192872064282],[-57.60605872892717,-19.27320493287227],[-57.606222334493,-19.27323564382079],[-57.60638467201489,-19.273271304637962],[-57.60656882798895,-19.273319769103022],[-57.606752192559554,-19.27337126338404],[-57.60730343200777,-19.27350995862867],[-57.60772424907474,-19.273609738409622],[-57.608244023942525,-19.27374966032954],[-57.60848114279048,-19.273816323475376],[-57.6085370779237,-19.273831493239754],[-57.60859319651871,-19.273846035277177],[-57.608649596601545,-19.27385958716115],[-57.60870637709758,-19.27387178376676],[-57.6087405963014,-19.27387834342171],[-57.60877491712864,-19.273884524462172],[-57.60884357676963,-19.27389671207453],[-57.60887777438966,-19.273903196186435],[-57.60891178944746,-19.273910261260472],[-57.608945549997095,-19.273918144717577],[-57.60897898499207,-19.273927085777355],[-57.609068195041125,-19.273956579943157],[-57.60915686639623,-19.273988325112043],[-57.60922242877206,-19.27400993312288],[-57.60928731126028,-19.27403285864044],[-57.609308578428056,-19.274041476843582],[-57.609329622563905,-19.27405060316374],[-57.609350484137444,-19.274060147668646],[-57.6093712000208,-19.27407002132531],[-57.60941235839357,-19.274090393667617],[-57.60945341154565,-19.2741109989344],[-57.60953104192395,-19.27414931994603],[-57.60960766865895,-19.274189178798434],[-57.60962286810076,-19.274197699874883],[-57.60963795782545,-19.274206404412876],[-57.60966782251188,-19.27422432160601],[-57.609697287000074,-19.27424283594898],[-57.609726374672334,-19.274261856610266],[-57.60977978810673,-19.274298167637177],[-57.60983323661447,-19.274334573093004],[-57.60988038806931,-19.274365576321234],[-57.60992747387371,-19.274396670380984],[-57.60995066738935,-19.274412573092693],[-57.60997345441132,-19.274428883197327],[-57.609995705437434,-19.27444573019719],[-57.61001729006579,-19.274463242695433],[-57.61003168821179,-19.274475719889477],[-57.61004575180988,-19.274488534329276],[-57.610059524027754,-19.27450164644475],[-57.61007304713336,-19.274515017564884],[-57.610099515080485,-19.274542386632767],[-57.61012549289711,-19.274570333065327],[-57.61023128554535,-19.274681748275007],[-57.610235412534216,-19.274685673815693],[-57.61023956830126,-19.274689572376733],[-57.610247981459,-19.27469726337896],[-57.610256547501535,-19.27470476822131],[-57.6102652925091,-19.274712035642814],[-57.6102697396567,-19.274715565481895],[-57.61027424076349,-19.274719016180576],[-57.61027879942691,-19.27472238324222],[-57.61028341744566,-19.27472565857315],[-57.61028809931628,-19.274728835877994],[-57.61029284683735,-19.274731909760742],[-57.61029766450554,-19.274734873026805],[-57.61030255501879,-19.274737720280513],[-57.610304380642624,-19.274738741910337],[-57.61030621705817,-19.274739746452976],[-57.61030991866778,-19.27474170607579],[-57.61031365984741,-19.274743601846662],[-57.610317437899425,-19.27474543466493],[-57.61032510102251,-19.274748915041283],[-57.61033289724537,-19.274752159795266],[-57.610340816675325,-19.274755178819383],[-57.61034884762108,-19.27475798380479],[-57.610356980190424,-19.274760584644156],[-57.61036520359124,-19.274762993028578],[-57.610373507031674,-19.274765219749984],[-57.61038187971991,-19.27476727560022],[-57.61039031176341,-19.274769171371045],[-57.610398791471034,-19.27477091785445],[-57.610415853408824,-19.274774007925057],[-57.61043297919861,-19.274776632146796],[-57.610445610176725,-19.274778316576963],[-57.61045823126232,-19.274779807652944],[-57.61048344645376,-19.27478225650689],[-57.61050863106846,-19.274784078533315],[-57.61053379319992,-19.274785370859114],[-57.610584079691414,-19.274786757613718],[-57.61063436258564,-19.274787200979432],[-57.61074673107669,-19.274787279220483],[-57.61085926414364,-19.27478629446287],[-57.611084396827444,-19.27478007655023],[-57.611398511132286,-19.274760501906513],[-57.61171193925451,-19.274733008732287],[-57.612697957744494,-19.27463412737402],[-57.613538536074536,-19.274546992060987],[-57.614379176457696,-19.27447671633835],[-57.61530259583804,-19.27437243185311],[-57.616299960174956,-19.274278336686784],[-57.61711686834878,-19.27419688598842],[-57.618188305345996,-19.274086466328182],[-57.618300958922084,-19.274071818170846],[-57.618413170931035,-19.27405794882622],[-57.61846879849623,-19.274051887395547],[-57.61852394042745,-19.27404671989109],[-57.61857847261837,-19.27404267833787],[-57.61863226826455,-19.27403999655949],[-57.61868017335126,-19.2740388840981],[-57.61872784281565,-19.27403892636623],[-57.61877574340582,-19.274039982170386],[-57.61882434007118,-19.274041909417388],[-57.618925486821695,-19.27404781076881],[-57.619035010757045,-19.274055495475626],[-57.6190609022388,-19.274057257247588],[-57.61908684498178,-19.27405852978824],[-57.619099662119595,-19.274058821168573],[-57.61911228410459,-19.27405879508818],[-57.61911850021852,-19.27405864310286],[-57.6191246416887,-19.274058387695316],[-57.61913070042141,-19.274058019872584],[-57.619136666523794,-19.274057532440096],[-57.61914253280157,-19.27405691640449],[-57.619148288462725,-19.274056164571267],[-57.619153927211926,-19.27405526884648],[-57.619159439156704,-19.27405422023696],[-57.619162144317436,-19.274053636576976],[-57.6191648153038,-19.274053011548162],[-57.61916745031744,-19.274052344251164],[-57.61917004845896,-19.274051633786705],[-57.619172607929436,-19.274050878356313],[-57.61917512872918,-19.27405007885902],[-57.61917760815999,-19.27404923259694],[-57.61918004712146,-19.27404833957018],[-57.61918244381462,-19.274047397979967],[-57.61918479644118,-19.274046406926963],[-57.61918710410146,-19.27404536551214],[-57.61918936679575,-19.274044272835845],[-57.61919158272531,-19.27404312799887],[-57.619193750091426,-19.27404192920254],[-57.61919586889417,-19.27404067734625],[-57.61919793823415,-19.27403936883273],[-57.61919995541354,-19.274038004561127],[-57.61920192133158,-19.27403658273305],[-57.61920383329016,-19.274035102448973],[-57.61920569128961,-19.274033562809606],[-57.61920749353095,-19.274031962915718],[-57.61920924001436,-19.274030300968533],[-57.61921009077304,-19.274029446612637],[-57.61921092804187,-19.274028576968178],[-57.619211750022195,-19.274027691135977],[-57.61921255761336,-19.27402678911595],[-57.619212996482595,-19.274026285495598],[-57.61921342995566,-19.274025776479203],[-57.619214285211065,-19.274024744956982],[-57.61921512158056,-19.274023694548752],[-57.61921594086295,-19.27402262525486],[-57.6192175281663,-19.27402043270774],[-57.61921904891989,-19.27401816911418],[-57.61922050402302,-19.27401583807141],[-57.61922189527422,-19.274013441378077],[-57.61922322537152,-19.27401098263163],[-57.619224496113596,-19.27400846273126],[-57.61922570839959,-19.274005886173637],[-57.61922686492783,-19.274003254757286],[-57.61922796749662,-19.274000570281025],[-57.619229017005466,-19.273997837241254],[-57.619230016152244,-19.273995056537487],[-57.6192309667357,-19.273992230867677],[-57.61923186965504,-19.273989363829052],[-57.619232728507484,-19.27398645811944],[-57.61923431760966,-19.273980538781803],[-57.61923574843098,-19.273974493539],[-57.619237035360875,-19.273968343075396],[-57.61923819368763,-19.273962109874446],[-57.619240181189355,-19.2739494743996],[-57.61924182874725,-19.273936753489345],[-57.61924276674023,-19.273928521095282],[-57.61924361210294,-19.273920321076844],[-57.619245033931,-19.273904021764107],[-57.61924610682229,-19.27388785015506],[-57.61924684516571,-19.273871799954517],[-57.619247262451154,-19.27385586666588],[-57.61924737306771,-19.273840044893117],[-57.619247188706765,-19.27382432924031],[-57.619246725555904,-19.27380871341233],[-57.61924501324666,-19.273777763244023],[-57.61924234585752,-19.273747149422313],[-57.6192388322063,-19.273716830578167],[-57.619234582010336,-19.273686761745587],[-57.61921240832595,-19.27356813846978],[-57.619187214718124,-19.273450083565432],[-57.61915143968707,-19.273251823523715],[-57.61912057675317,-19.273051216251602],[-57.619053811983754,-19.272618624360938],[-57.61901733188426,-19.272365801551505],[-57.619007344912916,-19.27228309719809],[-57.61899930047724,-19.272200225570923],[-57.618996268862645,-19.272158748838127],[-57.61899403854403,-19.27211725411892],[-57.618992713842545,-19.272075750406525],[-57.61899239997921,-19.272034245794814],[-57.61899606651508,-19.271927436013343],[-57.61900344185535,-19.27182061004412],[-57.61900756704545,-19.271766968181954],[-57.619012332553034,-19.27171340635953],[-57.619018374198504,-19.271660027998838],[-57.619026326004025,-19.271606933823925],[-57.619030880170946,-19.27158211253543],[-57.619035930763516,-19.271557368588663],[-57.61904725592609,-19.271508076747345],[-57.6190597744889,-19.271458989951324],[-57.619072960348774,-19.27141003985241],[-57.61908540966385,-19.27136479945688],[-57.61909818903012,-19.271319674174553],[-57.61912557968174,-19.271229989283544],[-57.61913531754072,-19.27120076131712],[-57.61914545110164,-19.271171650262495],[-57.61916683248331,-19.27111376449955],[-57.619189578136464,-19.27105630141814],[-57.61921353877374,-19.27099922954178],[-57.61922228018403,-19.27097914318393],[-57.61923118796893,-19.270959122476548],[-57.619249629466765,-19.27091936614677],[-57.61926912407074,-19.270880128726006],[-57.61928992898686,-19.270841581984445],[-57.61931045331471,-19.2708067197653],[-57.61933211888208,-19.27077247807837],[-57.61935472783831,-19.270738744508403],[-57.619378085030576,-19.27070540664024],[-57.619426256316615,-19.2706394710457],[-57.61947505802749,-19.27057377467096],[-57.6195271422638,-19.27050263020325],[-57.6195797615967,-19.270432021731477],[-57.61960678172744,-19.270397324088293],[-57.61963454559776,-19.27036324697733],[-57.61966325825267,-19.27032995407509],[-57.619693122939225,-19.270297606360455],[-57.61970303796471,-19.27028739455866],[-57.61971308698936,-19.270277295172068],[-57.619733562753645,-19.270257412060943],[-57.61975449987022,-19.27023792465153],[-57.61977584527887,-19.2702187987696],[-57.61981955592774,-19.270181502985032],[-57.61986427921306,-19.27014525850789],[-57.6198944559643,-19.270121572163735],[-57.61992488812298,-19.27009822396488],[-57.619986480891264,-19.270052490740834],[-57.62004898017624,-19.270007963507723],[-57.620112310434756,-19.26996454423929],[-57.620249484026374,-19.26987538185436],[-57.62038928183978,-19.269789800569907],[-57.62053091427026,-19.2697067994403],[-57.62067359261215,-19.269625378419498],[-57.621223135938806,-19.269314355983795],[-57.621991265784224,-19.26886768340791],[-57.62324499895749,-19.268162902706845],[-57.62357798013965,-19.26796065237332],[-57.62391856508953,-19.2677671335574],[-57.623965550169885,-19.267742850063527],[-57.62401269532956,-19.267718787802874],[-57.62410646584067,-19.26767022081512],[-57.6241525920683,-19.267645158508326],[-57.62419787832937,-19.26761920767136],[-57.624220128456045,-19.26760581226954],[-57.62424207551135,-19.267592089514423],[-57.624263687119424,-19.26757800613113],[-57.62428493360273,-19.26756352614693],[-57.62429727589852,-19.26755483060202],[-57.6243096172949,-19.267546123365936],[-57.624334843278355,-19.26752922330609],[-57.624341362463774,-19.267525206034502],[-57.624348000359866,-19.267521305674833],[-57.624354774952856,-19.267517540213344],[-57.62436170243057,-19.267513925838088],[-57.62436879988014,-19.26751048143466],[-57.62437608528796,-19.267507222291542],[-57.62437980398471,-19.267505668263016],[-57.62438357484199,-19.26750416729458],[-57.62438740235666,-19.267502721184698],[-57.62439128652858,-19.267501332631507],[-57.62440090657646,-19.267498206588005],[-57.62441078742779,-19.267495348542628],[-57.62442084094903,-19.26749267935473],[-57.62443097900643,-19.267490118984863],[-57.62447062022279,-19.26747938287831],[-57.62447529220094,-19.26747782165522],[-57.62447986345489,-19.267476178593814],[-57.624484324991556,-19.267474443801678],[-57.62448866422045,-19.26747260828533],[-57.62449078482182,-19.26747164870874],[-57.62449287034957,-19.26747066035374],[-57.6244949208039,-19.267469641421926],[-57.624496933486625,-19.267468591013756],[-57.62449890839787,-19.267467507330633],[-57.624500841940176,-19.267466390372753],[-57.62450273501315,-19.26746523744184],[-57.62450458491861,-19.26746404853809],[-57.6245063907573,-19.26746282096353],[-57.624508151629804,-19.267461554718114],[-57.62450986483833,-19.267460248902456],[-57.62451153038275,-19.267458900818706],[-57.62451314556512,-19.26745751046677],[-57.624514710385476,-19.26745607514884],[-57.624516222145814,-19.267454595764082],[-57.62451768084628,-19.26745306961457],[-57.624518388612735,-19.267452288103684],[-57.62451908378864,-19.26745149490158],[-57.624519764575446,-19.26745069000844],[-57.62452043007369,-19.267449872524697],[-57.62452108208226,-19.267449042450426],[-57.624521718802114,-19.267448198886356],[-57.624522341132995,-19.267447343631137],[-57.62452294907479,-19.267446473986674],[-57.624523540828704,-19.267445592651068],[-57.62452411729408,-19.267444696926354],[-57.62452467937044,-19.267443788611033],[-57.62452522435955,-19.267442865906553],[-57.62452575406019,-19.26744192971238],[-57.624526268472486,-19.267440979128985],[-57.624526765797555,-19.26744001505579],[-57.624527246934804,-19.267439036593316],[-57.624527708287076,-19.267438051835697],[-57.62452815345143,-19.26743705358818],[-57.624528999713505,-19.26743502112032],[-57.624529792016176,-19.26743294548508],[-57.62453053395694,-19.26743083297759],[-57.62453188833592,-19.267426525225044],[-57.624533104219324,-19.26742215362054],[-57.624533823676984,-19.267419355829755],[-57.62453450266515,-19.267416553542255],[-57.624535729340316,-19.267410939974006],[-57.62453677435258,-19.267405316513184],[-57.62453762511126,-19.267399684958583],[-57.62453797494749,-19.26739686828198],[-57.62453827082442,-19.267394051605308],[-57.6245385127421,-19.267391234029258],[-57.624538698901794,-19.267388417352706],[-57.62453882750481,-19.267385601575302],[-57.62453889765197,-19.267382787596645],[-57.62453890754443,-19.267379975416578],[-57.624538855383825,-19.26737716593458],[-57.62453878343803,-19.267375218902362],[-57.62453868091524,-19.267373273668785],[-57.624538393132305,-19.267369386798848],[-57.62453799922923,-19.267365504425584],[-57.62453750730009,-19.267361626548897],[-57.62453692543869,-19.267357754068186],[-57.62453625994032,-19.267353885184665],[-57.624535520697634,-19.267350019898622],[-57.62453471400579,-19.26734615910896],[-57.62453097192679,-19.267330746527872],[-57.62452677838809,-19.267315376214746],[-57.6244963435314,-19.26720271094745],[-57.62446671176929,-19.267090739956807],[-57.62424463767986,-19.266304556221392],[-57.623787841435664,-19.264700711579746],[-57.62339757433852,-19.26327992483986],[-57.62305551270157,-19.26207819136671],[-57.62273551772989,-19.260954877876582],[-57.6226333070814,-19.260544891344967],[-57.62263080157015,-19.26053436747839],[-57.62262817914706,-19.260523891275792],[-57.6226267869966,-19.260518694993095],[-57.62262532110162,-19.260513539179733],[-57.622623767972364,-19.260508433728543],[-57.62262211142127,-19.260503387632465],[-57.62262033795822,-19.2604984107843],[-57.62261843229476,-19.2604935121771],[-57.622616380041734,-19.260488700804217],[-57.62261416591098,-19.260483987457345],[-57.62261299409436,-19.260481670803692],[-57.62261177641232,-19.260479381129752],[-57.622610511066114,-19.26047712113347],[-57.62260919535805,-19.26047489171407],[-57.62260782928786,-19.260472692871705],[-57.62260640925831,-19.260470527304278],[-57.622604935269415,-19.260468395011692],[-57.62260340372404,-19.260466298692048],[-57.62260235151718,-19.26046492182996],[-57.62260127412947,-19.260463560256248],[-57.62259904740807,-19.26046088297464],[-57.62259673165374,-19.26045825965218],[-57.622594334061205,-19.260455686691778],[-57.62259186092559,-19.26045316049624],[-57.622589320340744,-19.260450675669347],[-57.62258671950139,-19.26044822681552],[-57.6225840656021,-19.260445811236487],[-57.62257306689339,-19.260436377348242],[-57.62256180648211,-19.260427092747424],[-57.62254869706464,-19.26041602119369],[-57.6225358511486,-19.26040476617828],[-57.62251086528409,-19.26038176601696],[-57.62248667531974,-19.260358218168513],[-57.6224631076862,-19.260334246739383],[-57.62241714963171,-19.260285533162126],[-57.62237160526536,-19.26023662533129],[-57.622272017939174,-19.260134737539378],[-57.6221687272049,-19.260035922730946],[-57.62206242823844,-19.25993960174254],[-57.62195381621552,-19.25984519451141],[-57.621732433704715,-19.259659799271635],[-57.621510142878776,-19.259475095610483],[-57.620422880511455,-19.258500728736912],[-57.6193675503721,-19.2575499699665],[-57.618232755237436,-19.25652516101876],[-57.61695986740383,-19.255396931834312],[-57.616448974240654,-19.25494897142928],[-57.616361516970414,-19.254875900613772],[-57.616274779157656,-19.254802164299893],[-57.61623221784247,-19.254764568141734],[-57.61619048120565,-19.254726231841552],[-57.61614978328578,-19.254686965642385],[-57.61611034081954,-19.254646576189973],[-57.6160959849417,-19.254631182494478],[-57.6160818296127,-19.25461561253192],[-57.61605410081602,-19.25458397258374],[-57.61602711755739,-19.25455171390181],[-57.61600084386372,-19.25451889134522],[-57.615950279481744,-19.254451780336844],[-57.6159021171889,-19.25438308921961],[-57.615872703962054,-19.254338910923465],[-57.61584410282296,-19.25429429465741],[-57.61578920011146,-19.254203825557564],[-57.61573712576769,-19.254111826710858],[-57.61568759650533,-19.254018443807517],[-57.61566982320363,-19.253983460179988],[-57.61565245819429,-19.253948285896115],[-57.61561933166672,-19.25387729341384],[-57.61560376350281,-19.253841436544466],[-57.615588984943535,-19.253805313475826],[-57.61557509401531,-19.253768905322204],[-57.61556218514659,-19.253732193197546],[-57.615556107528285,-19.25371366446541],[-57.61555029071331,-19.25369505839166],[-57.61553939272874,-19.253657633104705],[-57.61552940395876,-19.253619951511055],[-57.6155202344712,-19.25358204688536],[-57.61550400530552,-19.253505711530817],[-57.61549000106254,-19.253428900434816],[-57.61548153484483,-19.25337715344433],[-57.61547382135973,-19.253325323716197],[-57.61546091159169,-19.253221452919217],[-57.615455847509224,-19.25316942713881],[-57.615451796962816,-19.253117351895764],[-57.615448826502075,-19.25306523618317],[-57.61544700267688,-19.253013088094992],[-57.61544719423256,-19.252883863610826],[-57.61545195884071,-19.252754504228417],[-57.61545520899063,-19.252692372766283],[-57.61545959318562,-19.25263034292746],[-57.61546244223779,-19.252599406249068],[-57.61546585156776,-19.252568542415794],[-57.61546991290606,-19.252537769413987],[-57.615474720681725,-19.25250710163287],[-57.615477302635334,-19.25249249664282],[-57.61548006805061,-19.25247791863249],[-57.6154861105955,-19.252448843550756],[-57.61549277816909,-19.252419871891025],[-57.615500002423055,-19.25239100095544],[-57.615515840383694,-19.25233354416916],[-57.61553307049473,-19.25227644351456],[-57.615581421645174,-19.25212970383426],[-57.61563263713641,-19.251983814013318],[-57.615654444796746,-19.251922640329088],[-57.61567691975398,-19.251861699569233],[-57.615700712217965,-19.251801310993237],[-57.61572647060007,-19.251741794759532],[-57.615742595444374,-19.251707663689206],[-57.61575954047037,-19.251673906736865],[-57.61577724182616,-19.251640493325617],[-57.61579563386136,-19.25160739467703],[-57.61583422646834,-19.251542020259468],[-57.61587479758379,-19.251477545164104],[-57.61595978081914,-19.25135033606068],[-57.61604640261936,-19.251223859904723],[-57.616799681959606,-19.249990315612006],[-57.617329366457,-19.249134132246024],[-57.61784293060674,-19.24832493665812],[-57.61827839852924,-19.24760959431898],[-57.61867854737699,-19.24695058011669],[-57.619119886973124,-19.246223974668357],[-57.61970385275055,-19.245296478661253],[-57.620209909359794,-19.244462851191333],[-57.62083497775194,-19.24349714119181],[-57.62114097027944,-19.242995831204315],[-57.62168822393232,-19.242100228754293],[-57.622076675298274,-19.24148621572804],[-57.622571015539904,-19.24069196867123],[-57.62303598212486,-19.23995965252779],[-57.623449645085024,-19.239295831449322],[-57.62399693830803,-19.238417084992303],[-57.62455012478836,-19.237532695289552],[-57.62494585436752,-19.236926353480257],[-57.625375491086,-19.23625036277587],[-57.6260050524911,-19.235213939983254],[-57.62669365978444,-19.23413796680563],[-57.627087888395295,-19.23349581848915],[-57.62737610402388,-19.23300018052586],[-57.62763165447723,-19.23258911210977],[-57.62813179894334,-19.231777967691077],[-57.628791725957335,-19.23068289201385],[-57.62923299990297,-19.22996188394585],[-57.629656509540204,-19.229240935233065],[-57.62984612709698,-19.228932713286163],[-57.63004492313467,-19.228632527681068],[-57.630088173330414,-19.228570689397905],[-57.63013155752532,-19.228509054361353],[-57.63021728989589,-19.228384707800128],[-57.630258915016896,-19.22832115181174],[-57.63029923162412,-19.228256109244146],[-57.63031878738201,-19.22822289907967],[-57.63033787998915,-19.22818915921446],[-57.630356465378554,-19.228154836588477],[-57.63037449768489,-19.228119879041216],[-57.63037674868798,-19.228115381531648],[-57.63037897271135,-19.228110872330987],[-57.6303832741687,-19.228101823352617],[-57.63038531742836,-19.228097283574904],[-57.63038726715855,-19.228092733005308],[-57.63038910627222,-19.228088172543245],[-57.63039081768204,-19.22808360308794],[-57.63039238430099,-19.228079023740097],[-57.63039379084074,-19.228074435399016],[-57.630394427560766,-19.22807213853046],[-57.63039501841524,-19.228069838064677],[-57.630395560706525,-19.228067536699463],[-57.63039605173634,-19.228065232636467],[-57.63039648970608,-19.22806292587539],[-57.630396873716734,-19.228060618215114],[-57.63039719927127,-19.228058307856692],[-57.6303974663698,-19.22805599480038],[-57.630397672314636,-19.228053680844685],[-57.63039781440756,-19.22805136419116],[-57.63039789084996,-19.228049045738977],[-57.63039789984316,-19.22804672548811],[-57.63039788275603,-19.2280457524216],[-57.63039785397768,-19.228044778455892],[-57.63039776044827,-19.22804283142367],[-57.63039762105324,-19.2280408825927],[-57.63039743759157,-19.228038932862578],[-57.630397210063165,-19.22803698313241],[-57.63039694026657,-19.22803503340218],[-57.63039663089978,-19.228033083672003],[-57.63039628196282,-19.228031133941766],[-57.63039547257296,-19.228027235380733],[-57.63039452468751,-19.22802334041692],[-57.63039344819901,-19.228019449949773],[-57.63039225659724,-19.228015566677108],[-57.630390959774964,-19.22801169239782],[-57.63038956942307,-19.228007828011],[-57.63038809723286,-19.22800397621459],[-57.63038655399623,-19.22800013700882],[-57.63038330204774,-19.227992508959275],[-57.63037990350972,-19.227984955553364],[-57.63037718485902,-19.22797909287299],[-57.63037441944375,-19.227973290447135],[-57.63036868986302,-19.227961890640803],[-57.63036569871797,-19.227956304951633],[-57.63036260415083,-19.227950802000045],[-57.6303593935711,-19.22794538898067],[-57.6303560516904,-19.22794006949077],[-57.6303524669927,-19.227934701437373],[-57.63034873480621,-19.227929435007514],[-57.630344861426174,-19.227924266603775],[-57.63034085134911,-19.22791919352811],[-57.63033670997112,-19.2279142112839],[-57.63033244448662,-19.227909315374728],[-57.630328058493085,-19.22790450310247],[-57.630323558285504,-19.2278997699705],[-57.63031895015939,-19.22789511238168],[-57.630314237711794,-19.227890526738566],[-57.63030942903681,-19.227886009443907],[-57.630304527731646,-19.227881556001062],[-57.63029447061325,-19.22787282538263],[-57.63028411132256,-19.22786430700425],[-57.63024054006877,-19.227831731761153],[-57.63019567289195,-19.227800095410196],[-57.62986203610398,-19.227516073320263],[-57.629000716709584,-19.226754572377807],[-57.628287982404395,-19.226144325712237],[-57.62758108739717,-19.2255115717138],[-57.62696333948651,-19.224968445949116],[-57.626318782785575,-19.224416034684467],[-57.62552881110571,-19.22372734555282],[-57.62474474527369,-19.223033012275945],[-57.62409726757477,-19.222450630204673],[-57.62350693099995,-19.221943418865948],[-57.62301986987102,-19.221512255098705],[-57.62254471396732,-19.221097913150505],[-57.621986408545865,-19.2206107782771],[-57.62150533870039,-19.220196453415852],[-57.621429905365794,-19.22013074355126],[-57.6213566358,-19.220063171190667],[-57.62133893354491,-19.220045808879334],[-57.62132155144832,-19.22002821094551],[-57.62130452638269,-19.220010353107646],[-57.62128789522012,-19.219992213781904],[-57.621271695732055,-19.219973766888156],[-57.6212559638916,-19.219954989043877],[-57.6212407365706,-19.219935857765982],[-57.62122605154088,-19.219916347873518],[-57.6212055317099,-19.219887092927344],[-57.62118594987157,-19.219857177878765],[-57.621167004753424,-19.219826805974687],[-57.621148393283704,-19.219796178663074],[-57.6210712287541,-19.219675167687146],[-57.62103162261127,-19.219622827144036],[-57.62099022861611,-19.219571685397305],[-57.62091061253466,-19.21946773366128],[-57.620903820854544,-19.219457579416126],[-57.6208971883545,-19.219447330741932],[-57.62088438470647,-19.219426563597303],[-57.62087217551044,-19.219405456508962],[-57.62086053108857,-19.219384031060514],[-57.620849423561936,-19.219362311533793],[-57.62083882415231,-19.219340320411824],[-57.62082870588006,-19.21931808197619],[-57.620819039067385,-19.219295619609486],[-57.62080094920441,-19.219250113914004],[-57.62078432883368,-19.219203989484907],[-57.620768951325935,-19.21915743338113],[-57.62075459005217,-19.219110630863312],[-57.62074247528494,-19.219068778213835],[-57.62073100353297,-19.219026868007905],[-57.62071003673879,-19.218942833557307],[-57.6206917912931,-19.218858449270375],[-57.620676367020685,-19.218773633308896],[-57.62065789944245,-19.218647404466424],[-57.62063989861235,-19.218520809600076],[-57.620629112143774,-19.218454822744214],[-57.62061839402361,-19.21838886646538],[-57.62061354757714,-19.218355876634753],[-57.62060930097834,-19.218322865220447],[-57.62060585027967,-19.21828982412848],[-57.62060338793594,-19.21825674346634],[-57.6206026936593,-19.21824285163866],[-57.62060220173021,-19.218228952616478],[-57.62060180512907,-19.218201132988273],[-57.62060215586479,-19.21817329267573],[-57.62060321076945,-19.218145437973888],[-57.620604924877334,-19.218117575178333],[-57.62060725681937,-19.218089712382724],[-57.620610162528926,-19.218061854982935],[-57.62061359883847,-19.21803401017383],[-57.62062188968844,-19.217978384407175],[-57.620631784928776,-19.21792288904251],[-57.62064293652219,-19.217867578938034],[-57.62065499912875,-19.217812506254536],[-57.62066318475808,-19.217776872417133],[-57.62067165367382,-19.217741366283374],[-57.62068961763169,-19.21767074791907],[-57.620709248033336,-19.217600681738496],[-57.620730901010226,-19.217531196519836],[-57.6207381405527,-19.217509590307742],[-57.62074560852295,-19.217488046148805],[-57.62076121265977,-19.217445143091286],[-57.620777677447734,-19.217402498139197],[-57.62079496871269,-19.217360120285687],[-57.62083189307731,-19.217276200048993],[-57.62087170786299,-19.217193456125447],[-57.620893704380926,-19.217150471229537],[-57.6209164329469,-19.217107848760616],[-57.62096412309563,-19.217023758552017],[-57.62098910446355,-19.216982324087365],[-57.62101485565103,-19.21694132039805],[-57.621041386550644,-19.216900762772337],[-57.62106870615571,-19.21686066919687],[-57.62108451443873,-19.216838199635607],[-57.62110057722975,-19.216815887455528],[-57.621133461839634,-19.216771755024908],[-57.62116735279108,-19.21672830428024],[-57.62120223929179,-19.21668556849663],[-57.621238115046886,-19.21664358184823],[-57.621274970163704,-19.21660237671074],[-57.62131279654829,-19.216561987258327],[-57.62135158430806,-19.216522446765897],[-57.62137107531475,-19.21650325793137],[-57.621390792950706,-19.21648428313551],[-57.62143089102278,-19.216446967565957],[-57.62147183895405,-19.216410488365792],[-57.62151359717467,-19.21637483474324],[-57.621556127013605,-19.216339995007157],[-57.621599388900556,-19.216305959265014],[-57.62164334326559,-19.216272715825546],[-57.62168794963912,-19.216240253897016],[-57.621724138358275,-19.21621480757972],[-57.62176072907432,-19.216189894560337],[-57.621835147074364,-19.21614181860248],[-57.62187299144534,-19.216118732106178],[-57.62191126839024,-19.21609633089338],[-57.62194998690222,-19.21607465273536],[-57.62198915507537,-19.216053736303312],[-57.62200880346342,-19.21604362882284],[-57.62202855977017,-19.216033712897975],[-57.62206838264956,-19.216014437728585],[-57.62210859043893,-19.215995868526946],[-57.62214914806469,-19.215977961226333],[-57.6222311806244,-19.21594396505425],[-57.62231420783439,-19.215912106570904],[-57.622362816190844,-19.215894460972958],[-57.622411674559025,-19.21587747817547],[-57.622510162014294,-19.215845732107326],[-57.6225598036919,-19.2158310830505],[-57.622609716065426,-19.21581732612113],[-57.62265990722892,-19.215804518875828],[-57.62271038077932,-19.215792718871295],[-57.62273191954239,-19.215788021712296],[-57.622753508667415,-19.215783517907504],[-57.62279682271515,-19.215775088561905],[-57.622840303137416,-19.215767435331333],[-57.62288392835057,-19.21576056271222],[-57.622927676770814,-19.215754473402633],[-57.62297152771379,-19.215749170999878],[-57.62301545959576,-19.215744660000457],[-57.62305944993363,-19.21574094310246],[-57.62310519934544,-19.21573791238713],[-57.62315098832738,-19.215735663182745],[-57.623242676008665,-19.21573318734915],[-57.62333450128614,-19.215732871687024],[-57.623426447972186,-19.215734074080693],[-57.62346662428518,-19.215734938329167],[-57.623506794303076,-19.215736086763417],[-57.623587009332994,-19.215739701138677],[-57.623627001285065,-19.215742400903547],[-57.623666879922496,-19.215745850702906],[-57.623706620064354,-19.21575016834801],[-57.62374619383172,-19.215755469851516],[-57.623794158273654,-19.215763352409244],[-57.62384187810017,-19.215772628916074],[-57.623889394679786,-19.215783059253123],[-57.62393675117994,-19.21579440420084],[-57.62403114402202,-19.215818872955097],[-57.62412539117378,-19.215844115126185],[-57.624741608438455,-19.215993783898416],[-57.62577067117951,-19.21625588681218],[-57.62660023371375,-19.21646665192684],[-57.627714221234264,-19.21674951209273],[-57.6285734092354,-19.216965787353598],[-57.62974074453961,-19.21726531555417],[-57.63103083100794,-19.21758755343526],[-57.63189594644075,-19.217803792723224],[-57.632974389156686,-19.21807550129575],[-57.63436692639243,-19.218436052993805],[-57.63508390639714,-19.218613442468786],[-57.63591725417786,-19.21881486092933],[-57.636924629767755,-19.219075551008174],[-57.63776612450698,-19.219303085781153],[-57.63870832263092,-19.21954712940877],[-57.63959442194494,-19.219782343492703],[-57.64050104109015,-19.22000963904589],[-57.6415203344958,-19.220287123963892],[-57.64228475283903,-19.22048118237298],[-57.64316182385897,-19.220719809383983],[-57.64334060098792,-19.22076245703403],[-57.64351944106932,-19.220804834887538],[-57.64360854140097,-19.220827017565],[-57.64369724693029,-19.220850448501714],[-57.643785420060965,-19.220875564767763],[-57.64387292319679,-19.220902806131903],[-57.643920776122854,-19.22091886172836],[-57.643968354755714,-19.220935698835717],[-57.64406257672646,-19.22097172297896],[-57.64410916070904,-19.220990917209402],[-57.64415535618458,-19.221010902843197],[-57.644201133475406,-19.221031682578374],[-57.64424646290388,-19.221053260911557],[-57.64434162016959,-19.22110177663801],[-57.64443522430611,-19.22115300741768],[-57.64452788775173,-19.221206030546153],[-57.64462022294486,-19.221259924218412],[-57.644696599668286,-19.221304791395248],[-57.64477217599505,-19.22135070538308],[-57.64480935486779,-19.221374391727046],[-57.644845960872324,-19.221398745368038],[-57.64488187080166,-19.221423901204382],[-57.64491695964995,-19.221449994134137],[-57.644936619729094,-19.221465383333033],[-57.644955992924686,-19.221481098086524],[-57.644993969496056,-19.2215134116269],[-57.64503107012769,-19.221546740501974],[-57.64506747468413,-19.22158088955869],[-57.64513891412952,-19.221650877498202],[-57.64520972584814,-19.221721821417233],[-57.64523959143394,-19.221751588976854],[-57.64526939766443,-19.22178138621431],[-57.645328022670064,-19.22184161021439],[-57.645356435850765,-19.221872306773736],[-57.64538397848775,-19.221903572604017],[-57.64539736129916,-19.221919460926674],[-57.64541045003216,-19.221935541704198],[-57.645423219505915,-19.221951832923047],[-57.64543564543863,-19.221968350771046],[-57.64544845358324,-19.22198616094473],[-57.645460878616575,-19.222004222928792],[-57.645472958310286,-19.2220225160385],[-57.6454847259393,-19.222041017790982],[-57.64550746619659,-19.222078557291834],[-57.64552938267485,-19.222116666962815],[-57.64557186754763,-19.22219388455229],[-57.645614427064054,-19.22227125682533],[-57.64566339784749,-19.22235595947224],[-57.64571240640236,-19.22244038512787],[-57.6457360450824,-19.222482891584445],[-57.64575863875012,-19.222525804534552],[-57.64576943331252,-19.222547463806688],[-57.64577983487141,-19.222569284057453],[-57.64578979935959,-19.222591285071882],[-57.64579928181137,-19.222613487534673],[-57.64580597456603,-19.22263007552983],[-57.64581238763157,-19.2226467768395],[-57.6458244061713,-19.222680494221727],[-57.645835402182,-19.222714583023794],[-57.64584543951536,-19.222748989286632],[-57.6458545847213,-19.222783653654975],[-57.645862902550846,-19.22281852216935],[-57.645870458654656,-19.222853537273192],[-57.64587731688465,-19.22288864320848],[-57.64589680069673,-19.22300920362408],[-57.64591377989701,-19.22313021819729],[-57.645922880136766,-19.22319336679271],[-57.64593106666536,-19.22325659722639],[-57.645934329405755,-19.22328822548348],[-57.64593677736036,-19.223319852841186],[-57.64593763531355,-19.223335663822056],[-57.645938215376304,-19.223351473004282],[-57.64593849506548,-19.223367277689924],[-57.64593844830056,-19.223383077879006],[-57.645938058894274,-19.223398907745654],[-57.64593734663123,-19.223414733115636],[-57.645936341189106,-19.223430553989125],[-57.6459350713464,-19.223446371265243],[-57.64593185627007,-19.223477997723695],[-57.645927933427345,-19.22350961788679],[-57.645918899737346,-19.223572855515094],[-57.645909837269066,-19.223636124619624],[-57.64588106975554,-19.22398743668308],[-57.645858685629776,-19.224319156116298],[-57.645841438431546,-19.22451615440925],[-57.64581878360985,-19.22471276869152],[-57.64581540935365,-19.224737546812506],[-57.64581185883019,-19.224762303349852],[-57.645804028433126,-19.224811697713903],[-57.645794888623186,-19.22486084206634],[-57.64578403290677,-19.2249096275894],[-57.64578034928365,-19.22492431351845],[-57.645776481299485,-19.22493895717929],[-57.645768224623794,-19.224968126689824],[-57.64575933662405,-19.224997145114294],[-57.64574989014517,-19.225026023244595],[-57.645729612231776,-19.225083404487684],[-57.645707973644065,-19.225140357653515],[-57.6456842423338,-19.22519997371193],[-57.64565968724475,-19.22525923543759],[-57.64560825681548,-19.225376792117455],[-57.64551250869527,-19.2255799471689],[-57.6454144771962,-19.22578218850934],[-57.645237852145094,-19.226167960794925],[-57.64519615687703,-19.226263337495222],[-57.645153794312144,-19.226358424613775],[-57.64510942805753,-19.22645258722926],[-57.64506172172105,-19.22654519042035],[-57.64504864557847,-19.226568878563086],[-57.64503527445828,-19.226592425512152],[-57.64500772642537,-19.226639119212074],[-57.644979237701534,-19.226685320982956],[-57.64494996476902,-19.226731077589264],[-57.64491232994004,-19.226787812219946],[-57.64487344325472,-19.22684376803762],[-57.64484446170247,-19.226883538756407],[-57.64481455025117,-19.226922669158018],[-57.644698700484575,-19.22705945694055],[-57.644578801070736,-19.22719330843654],[-57.644348971227934,-19.227463926131353],[-57.64401297461899,-19.22783609617095],[-57.64392955620401,-19.227929542926166],[-57.643848004781546,-19.228024371939327],[-57.643808263740254,-19.22807240293115],[-57.64376938964558,-19.228120898872465],[-57.64373151739551,-19.228169899333395],[-57.64369478008995,-19.228219443884345],[-57.6436243793616,-19.228319864881975],[-57.64355348580454,-19.228422297663],[-57.64353812898145,-19.22844400819653],[-57.643522938532726,-19.22846588240654],[-57.64351553981026,-19.228476908994278],[-57.64350834433458,-19.228488010225558],[-57.6435014051657,-19.22849919779182],[-57.64349477716206,-19.228510481585573],[-57.64348851428349,-19.228521874197178],[-57.643482669589496,-19.22853338551939],[-57.6434799212613,-19.22853918974389],[-57.64347729703957,-19.228545027243257],[-57.64347480501812,-19.228550900715522],[-57.64347245059309,-19.22855681106002],[-57.643470241858154,-19.228562759176064],[-57.643468184209155,-19.22856874776161],[-57.643466285740374,-19.22857477681654],[-57.64346455184756,-19.228580848139725],[-57.643462989725094,-19.228586963529633],[-57.64346160656777,-19.228593123885638],[-57.643460408670876,-19.228599330107073],[-57.64345940322885,-19.2286055857912],[-57.6434591379288,-19.228607491454646],[-57.64345888971587,-19.22860940251396],[-57.643458449048126,-19.228613235424604],[-57.64345807942681,-19.22861708182492],[-57.64345778265049,-19.228620940815837],[-57.64345740223729,-19.22862868577723],[-57.643457302412514,-19.228636453221856],[-57.643457480478276,-19.2286442260623],[-57.64345793283729,-19.228651989010157],[-57.643458654992905,-19.22865972407911],[-57.643459644247066,-19.228667415980535],[-57.643459976996276,-19.228669616621538],[-57.64346033222847,-19.228671811866683],[-57.643461102947526,-19.228676189766333],[-57.64346195460547,-19.22868054788111],[-57.64346288450446,-19.22868488890852],[-57.6434649628377,-19.22869351970231],[-57.64346731276624,-19.228702087543326],[-57.64346991000833,-19.228710598727236],[-57.64347272848352,-19.22871905864977],[-57.64347574211171,-19.228727473606078],[-57.643478927510444,-19.228735849891702],[-57.643492872397985,-19.22876907894194],[-57.64350753044811,-19.228802152409475],[-57.64351753540586,-19.228825597735263],[-57.6435271284741,-19.2288491428857],[-57.64354522822964,-19.22889649488935],[-57.643562130987505,-19.228944132877483],[-57.643578138919914,-19.228991979508308],[-57.64360867809797,-19.229087991129983],[-57.64363926134268,-19.22918391911464],[-57.64367630711587,-19.22929176851233],[-57.64371605265359,-19.229398839996534],[-57.643758046496494,-19.229505251378274],[-57.643801836285604,-19.229611118670277],[-57.6438930005615,-19.229821685934155],[-57.64398593560235,-19.230031475284417],[-57.64423679519183,-19.23059831617142],[-57.64427260439714,-19.230676675000645],[-57.64430748190466,-19.230755350391092],[-57.644324106772046,-19.23079493315171],[-57.644339940235966,-19.230834747037964],[-57.64435479703622,-19.230874843311444],[-57.6443684919123,-19.230915272333977],[-57.64437594819134,-19.2309392500584],[-57.644382968299226,-19.230963350989853],[-57.64439582320864,-19.231011886501413],[-57.64440730845047,-19.231060803325327],[-57.6444176722377,-19.231110024120387],[-57.64443603549449,-19.231209079947146],[-57.644452909474126,-19.2313084469393],[-57.64448937518449,-19.231519293892358],[-57.64452559627915,-19.231729767626693],[-57.64462273115396,-19.232347738569253],[-57.64465610229724,-19.23256381867728],[-57.64468362245111,-19.232780343050397],[-57.64470669186028,-19.23312980610759],[-57.644722058576065,-19.23348042659241],[-57.64473257794606,-19.23364079459897],[-57.644743046954034,-19.233801068176728],[-57.64474704444046,-19.233881153704264],[-57.64474956793816,-19.233961196963666],[-57.644750129115096,-19.234041191659514],[-57.64474824053877,-19.234121130597654],[-57.64474370076107,-19.234199877933914],[-57.64473699721464,-19.23427859019675],[-57.64472882327652,-19.234357291667543],[-57.644719867827575,-19.23443600842704],[-57.64471316158313,-19.23449263154167],[-57.644705654042575,-19.234549109865476],[-57.64470136517582,-19.23457724335701],[-57.644696592473686,-19.23460527792314],[-57.64469124330618,-19.23463319467809],[-57.64468522324438,-19.234660971138897],[-57.6446780709362,-19.234690143347258],[-57.64467019647231,-19.23471916446981],[-57.64466172845596,-19.23474806328446],[-57.64465279908734,-19.234776865871623],[-57.64463407790033,-19.23483429657747],[-57.64461507882276,-19.234891679619263],[-57.64456931771974,-19.235035617911397],[-57.6445214719883,-19.23517868116315],[-57.64445853113619,-19.235339576172436],[-57.64439247503259,-19.235499533188786],[-57.64427527448429,-19.235809102320175],[-57.644086323325034,-19.236319412722647],[-57.64405186939813,-19.236408906058035],[-57.644016346177416,-19.23649800998708],[-57.64397915471408,-19.236586475397345],[-57.643939694261405,-19.23667405317694],[-57.64392724224837,-19.23670029269623],[-57.643914530331244,-19.236726426994938],[-57.64388833577806,-19.236778362843086],[-57.64386112499085,-19.23682984003697],[-57.6438329141576,-19.236880836992874],[-57.64380371856669,-19.236931330328535],[-57.64377355350666,-19.23698129845995],[-57.64374243426585,-19.23703071980376],[-57.6437103770321,-19.237079572775908],[-57.64355474395615,-19.23729592897578],[-57.643392338985166,-19.237507888390233],[-57.64302132277578,-19.238015083541086],[-57.642961423430904,-19.23809826993097],[-57.642900720092136,-19.23818088794952],[-57.64283847081873,-19.238262326057338],[-57.64277393367007,-19.238341971816393],[-57.642711857965814,-19.238413511985808],[-57.642647635579856,-19.238483357832532],[-57.642581702683344,-19.238551864588768],[-57.64251449274956,-19.238619385687965],[-57.64237798375683,-19.23875289184433],[-57.64224158538075,-19.23888671366266],[-57.64212628509989,-19.239004542837144],[-57.64201455422825,-19.23912523635241],[-57.64196030712242,-19.23918681832883],[-57.64190728669189,-19.239249309519806],[-57.64185560445248,-19.23931277197867],[-57.64180537192033,-19.239377272255158],[-57.641735144761014,-19.239472380058118],[-57.64166663800484,-19.239568687556723],[-57.64152859386945,-19.239760471580283],[-57.64137277553305,-19.239956974346697],[-57.64121039304519,-19.240149437358482],[-57.641141275649254,-19.240231353905596],[-57.64107388675034,-19.240314426081692],[-57.641041380755034,-19.240356674432814],[-57.64100995304687,-19.240399546014032],[-57.640979821261624,-19.24044315234136],[-57.64095119943823,-19.240487605830136],[-57.64092839083247,-19.24052571999772],[-57.6409066110512,-19.24056441063084],[-57.64088566494138,-19.24060357610596],[-57.640865358249584,-19.240643114799695],[-57.64082588790439,-19.240722902651665],[-57.64078664598691,-19.240802959400863],[-57.64077274066932,-19.240830939108314],[-57.64075904759187,-19.24085896018464],[-57.64074594177174,-19.240887132347083],[-57.64073379822616,-19.240915564413562],[-57.640730614626136,-19.2409236007553],[-57.640727533548784,-19.240931664976127],[-57.640721675365,-19.2409478761553],[-57.64071620658763,-19.240964194353918],[-57.640711112827546,-19.24098061597441],[-57.640706378796324,-19.240997135621047],[-57.640701988305985,-19.241013749696595],[-57.64069792786706,-19.24103045280497],[-57.6406941812914,-19.241047241348888],[-57.640687567677,-19.24108105585786],[-57.64068202605454,-19.241115157250405],[-57.64067743411618,-19.241149511352642],[-57.64067367045345,-19.241184082191445],[-57.640664444308634,-19.241323827844187],[-57.640658684150935,-19.24146421561287],[-57.640649554233505,-19.241613022834517],[-57.640638169715714,-19.24176060248161],[-57.64061952946764,-19.242054559382172],[-57.64061757883809,-19.242132303075113],[-57.64061715255945,-19.242210187062273],[-57.640620379327004,-19.242366232927],[-57.640628226811195,-19.242522407394862],[-57.64063971205302,-19.24267842178347],[-57.6406675217886,-19.242973620647824],[-57.64069528745739,-19.243268433702948],[-57.64075169293625,-19.24407204270235],[-57.64078792302416,-19.244436554115406],[-57.64081352402485,-19.244801268775124],[-57.64081473361302,-19.245010506841087],[-57.64080962906104,-19.245219979630058],[-57.64080493370068,-19.245638829879667],[-57.640816253467214,-19.24586639972617],[-57.640830383615196,-19.24609404331707],[-57.64083595761327,-19.246237424928804],[-57.640837567399785,-19.246380880285038],[-57.640834661690235,-19.246524257400168],[-57.64082668830099,-19.246667399792344],[-57.64081875628045,-19.246760220619258],[-57.64080964614818,-19.246852953312796],[-57.64079251676111,-19.247016022882807],[-57.64077181256897,-19.247175321595417],[-57.640745637800826,-19.24733385588434],[-57.64068643722919,-19.247612614242303],[-57.64062346130356,-19.24789076375934],[-57.64057186989578,-19.24814971814661],[-57.64051889353203,-19.24840826334221],[-57.64048022358338,-19.248568980285793],[-57.640437245882076,-19.24872894719478],[-57.64042672021686,-19.248765927317276],[-57.640415655857744,-19.24880273926659],[-57.64040368588133,-19.248839231956605],[-57.64039044606221,-19.248875257898316],[-57.64038353207428,-19.24889237649354],[-57.64037627004871,-19.24890936378763],[-57.640368690562525,-19.248926232371286],[-57.64036082599131,-19.24894299213697],[-57.64034436030391,-19.24897623467707],[-57.6403271185016,-19.249009184937467],[-57.64029128681341,-19.24907457914004],[-57.640255292347774,-19.249139918483998],[-57.6400849391685,-19.249489017315796],[-57.640038212193595,-19.249587412140894],[-57.63998979179542,-19.249685058729934],[-57.63996462786526,-19.24973339998797],[-57.639938658142455,-19.2497813122693],[-57.63991175582277,-19.249828714635033],[-57.63988379140374,-19.249875525246797],[-57.63985259572064,-19.24992492500682],[-57.63982023901274,-19.249973669160998],[-57.63978692003025,-19.250021869225392],[-57.63975284022138,-19.25006964121255],[-57.639683197621416,-19.25016434971653],[-57.639612912905534,-19.250258701189676],[-57.639429632871106,-19.250508470800778],[-57.63924181395851,-19.250754647620422],[-57.63907147606767,-19.25095744474181],[-57.6388940263381,-19.251154954748824],[-57.63870054079728,-19.251364938352772],[-57.638510798234734,-19.251577869034975],[-57.638425965186116,-19.251678522057603],[-57.63834179044124,-19.251779697586464],[-57.6381689281534,-19.251978153680326],[-57.63797691120544,-19.25217200434598],[-57.63777962333092,-19.252361740613303],[-57.63763364627573,-19.252507483844834],[-57.63748852177781,-19.252653880883393],[-57.63741522343377,-19.252726276307985],[-57.63734087288293,-19.252797577257837],[-57.63726504654454,-19.252867363749342],[-57.637187324435445,-19.252935216698365],[-57.63710246440712,-19.253005049055236],[-57.63701626528825,-19.253073547717538],[-57.63684497051895,-19.2532118382672],[-57.63667938644448,-19.253358229909868],[-57.636514522727,-19.25350528165484],[-57.63627254214401,-19.253708479873808],[-57.636222872587375,-19.253752803860262],[-57.63617454751721,-19.253798426467544],[-57.63615103474239,-19.253821807941453],[-57.63612803098374,-19.25384561389535],[-57.636105595596696,-19.25386987670493],[-57.63608378523844,-19.253894629644893],[-57.63607145823113,-19.253909202259365],[-57.63605934975914,-19.253923940348944],[-57.63603574885071,-19.253953879679266],[-57.63601290157407,-19.25398437389122],[-57.6359907260911,-19.25401534744179],[-57.63594806405189,-19.254078441178585],[-57.63590710892583,-19.254142569135684],[-57.63586864132464,-19.254205086407005],[-57.6358312484133,-19.254268107298735],[-57.635760058080116,-19.25439602596729],[-57.635745119441545,-19.254424530878836],[-57.635730506357724,-19.254453197668322],[-57.63570250326785,-19.254511067243396],[-57.63568924096563,-19.254540294310505],[-57.63567655512889,-19.254569731819096],[-57.635664507810766,-19.254599392359502],[-57.63565316376248,-19.25462928762292],[-57.635647618542684,-19.254644764955323],[-57.635642267576536,-19.254660303441575],[-57.63563211512985,-19.254691553983466],[-57.635622640772105,-19.2547230122685],[-57.6356137761548,-19.254754652216867],[-57.63559761084099,-19.254818364687168],[-57.635583085890694,-19.254882477355835],[-57.63556636389649,-19.254962919014957],[-57.63555004030201,-19.25504336337198],[-57.635513267023555,-19.25520311714157],[-57.635468251458576,-19.255352560183795],[-57.635419677276225,-19.255501356613713],[-57.635372565391556,-19.255654301616065],[-57.63532018797622,-19.25580523663371],[-57.6353125626245,-19.25582412599392],[-57.635304677368936,-19.25584292182475],[-57.635288173010615,-19.255880249085582],[-57.63527076483388,-19.255917240899294],[-57.635252542770615,-19.2559539242456],[-57.6352140095189,-19.256026456367238],[-57.63517328641785,-19.256098039704117],[-57.635148019965065,-19.25614066037457],[-57.63512214107391,-19.256182930309414],[-57.635068224918605,-19.25626610770609],[-57.635040029373776,-19.256306859585308],[-57.63501090303066,-19.256346950462774],[-57.634980766748924,-19.256386301198216],[-57.63494953958951,-19.256424835349147],[-57.63492887226953,-19.256449133232298],[-57.63490774629543,-19.256473077681658],[-57.634864220907055,-19.25651997013192],[-57.63481916307387,-19.256565644000652],[-57.634772772445444,-19.256610228790333],[-57.63467679140075,-19.256696643746512],[-57.63457787317026,-19.2567802492205],[-57.6345345780083,-19.256815740065733],[-57.63449095189588,-19.256850789343765],[-57.63440238036554,-19.256919127027373],[-57.634357273968924,-19.25695219599843],[-57.63431151286597,-19.256984384533073],[-57.63426501521826,-19.257015584712835],[-57.63421770008671,-19.25704568592104],[-57.63419904724816,-19.257057082129986],[-57.63418026041063,-19.25706829307861],[-57.63414229463115,-19.257090144805684],[-57.63410382073471,-19.257111219518517],[-57.634064858506356,-19.257131495633278],[-57.63402542593252,-19.25715094976792],[-57.63398554010052,-19.25716956033832],[-57.633945220795226,-19.257187304861613],[-57.63390448510387,-19.257204160854748],[-57.633882939146304,-19.25721264775685],[-57.633861287068676,-19.257220887345422],[-57.63381768703658,-19.257236638071753],[-57.633773719181704,-19.25725144001328],[-57.63372942127574,-19.257265321049],[-57.63368482659337,-19.257278308158703],[-57.6336399729064,-19.257290430120598],[-57.63359489438874,-19.257301714813615],[-57.63354962791294,-19.257312189217455],[-57.63336087460459,-19.25734871877974],[-57.63317093419124,-19.25738095228049],[-57.63305383706483,-19.257401865115373],[-57.63293667338866,-19.257422139431547],[-57.632878016906766,-19.257431267550338],[-57.63281928308328,-19.257439311986015],[-57.632760453032404,-19.257445965170533],[-57.632701506968885,-19.257450919535604],[-57.63250667694148,-19.257456233629647],[-57.632310733553474,-19.257457891979485],[-57.6322482477583,-19.257460199639773],[-57.632185856392084,-19.257462253691433],[-57.632154750641114,-19.2574626502924],[-57.63212373212451,-19.25746234182493],[-57.63210826288599,-19.25746185619108],[-57.63209282332508,-19.25746111335101],[-57.632077417039106,-19.257460087224626],[-57.63206204492736,-19.257458751731313],[-57.63204371494539,-19.25745672465947],[-57.6320254335268,-19.257454258718404],[-57.632007195275776,-19.257451397974943],[-57.63198899569557,-19.257448184697317],[-57.631952690963885,-19.257440876806374],[-57.63191647706372,-19.257432679485945],[-57.631844149088124,-19.257415002411758],[-57.63177167272448,-19.257397923386826],[-57.63165884467986,-19.25737656898482],[-57.63154564611466,-19.25735813737944],[-57.631489156998896,-19.25734841660752],[-57.631432872928606,-19.257337504233668],[-57.631404839261904,-19.25733140053503],[-57.63137689462792,-19.257324759041655],[-57.631349051617356,-19.257317499714212],[-57.631321321921405,-19.25730954161335],[-57.631296992562,-19.25730195493266],[-57.63127271716206,-19.2572940930593],[-57.631224151073695,-19.257278865738463],[-57.63121197515244,-19.25727540334853],[-57.631199773150975,-19.2572721594939],[-57.631187541471824,-19.257269178241327],[-57.6311752738198,-19.25726649826165],[-57.63116296389962,-19.257264162722233],[-57.631150607214686,-19.257262211193417],[-57.631144409986526,-19.25726139281036],[-57.63113819836901,-19.25726068594329],[-57.631131972362546,-19.257260095988013],[-57.63112573106759,-19.25725962834056],[-57.63112244044817,-19.25725943228823],[-57.63111914533226,-19.25725926951107],[-57.631112539811674,-19.257259041982568],[-57.6311059154055,-19.257258934063906],[-57.63109926851633,-19.257258934063906],[-57.63108590549007,-19.25725921914895],[-57.631072440840406,-19.257259811802243],[-57.63107052528443,-19.257259917022882],[-57.63106860972845,-19.257260031236758],[-57.631064784911814,-19.257260309127357],[-57.63106288014774,-19.257260483595775],[-57.63106098257817,-19.257260687741923],[-57.63105909490122,-19.257260927860866],[-57.63105721891537,-19.257261208449304],[-57.631055355520175,-19.25726153490327],[-57.63105350831268,-19.25726191261847],[-57.631052591004156,-19.25726212126128],[-57.63105167819237,-19.25726234609171],[-57.631050769877106,-19.257262585311384],[-57.631049866957774,-19.257262840718816],[-57.63104896943435,-19.257263112314114],[-57.63104807820623,-19.257263400996553],[-57.63104719147469,-19.25726370856463],[-57.63104631193772,-19.257264034119228],[-57.63104543779662,-19.257264378559533],[-57.63104457085017,-19.25726474368437],[-57.63104371019899,-19.25726512859412],[-57.631042856742404,-19.257265535087722],[-57.63104250420815,-19.257265710455524],[-57.63104215257323,-19.257265889420665],[-57.63104145380004,-19.257266258142614],[-57.63104076042266,-19.257266641253832],[-57.63104007423999,-19.257267038754172],[-57.631039394352456,-19.257267450643642],[-57.63103872165965,-19.257267875123745],[-57.63103805616122,-19.25726831219421],[-57.63103739965623,-19.257268762754585],[-57.63103675124494,-19.25726922500606],[-57.631036110927646,-19.257269698948814],[-57.63103548050298,-19.257270185482035],[-57.63103485997078,-19.257270682807157],[-57.631034250230364,-19.257271190924055],[-57.63103365038262,-19.2572717098329],[-57.631033061326654,-19.25727223863427],[-57.63103248396192,-19.25727277732815],[-57.6310319191877,-19.257273325914657],[-57.63103136610454,-19.257273882594934],[-57.63103082561208,-19.257274449167795],[-57.631030298609296,-19.257275023834573],[-57.63102978509641,-19.257275607494563],[-57.631029285073396,-19.257276198349214],[-57.63102880033881,-19.25727679639837],[-57.63102833089272,-19.257277401642142],[-57.63102787583575,-19.257278014080413],[-57.63102743696646,-19.257278631914655],[-57.63102701428511,-19.257279256943452],[-57.63102660779168,-19.25727988736824],[-57.631026218385216,-19.257280523188992],[-57.631025846965095,-19.25728116350628],[-57.63102549353164,-19.25728180921945],[-57.63102515808447,-19.25728245852994],[-57.631024986314,-19.257282807466904],[-57.63102482083878,-19.257283156403865],[-57.631024504277434,-19.2572838587744],[-57.63102420840045,-19.25728456564158],[-57.63102393320793,-19.257285276105982],[-57.63102367780033,-19.25728599106687],[-57.63102344127867,-19.25728671052459],[-57.63102322544148,-19.25728743447891],[-57.63102302759057,-19.257288161131065],[-57.63102284772617,-19.257288893179208],[-57.631022686747485,-19.257289627925235],[-57.631022543755364,-19.257290367168103],[-57.63102241874957,-19.25729111000797],[-57.63102230993155,-19.25729185644539],[-57.63102221820077,-19.25729260647997],[-57.63102214265775,-19.257293360111778],[-57.63102208330246,-19.257294117340933],[-57.631022040134944,-19.257294877268144],[-57.63102201225598,-19.25729564079259],[-57.63102199876619,-19.257296407914247],[-57.631022000564826,-19.25729717773393],[-57.631022046430246,-19.25729872636643],[-57.63102214715434,-19.257300287589562],[-57.63102229913978,-19.25730185870518],[-57.631022499688584,-19.257303440612674],[-57.63102274700213,-19.257305033312008],[-57.63102303658382,-19.25730663410528],[-57.631023367534276,-19.257308243891675],[-57.6310237362564,-19.257309861772082],[-57.63102413915261,-19.257311487746303],[-57.63102457442454,-19.257313120015823],[-57.63102552950454,-19.25731640254118],[-57.63102657991266,-19.257319705751133],[-57.63102887228456,-19.257326354439066],[-57.63103127257511,-19.257333027408627],[-57.63103421695548,-19.25734137941251],[-57.63103705071927,-19.257349709832592],[-57.631042390893526,-19.257366310418284],[-57.631047309285805,-19.257382830964122],[-57.631051821184485,-19.257399275067797],[-57.63105594097886,-19.257415647225653],[-57.63105968485649,-19.25743194833713],[-57.63106306720675,-19.257448183797944],[-57.63106610331789,-19.257464355407034],[-57.63107119977593,-19.257496520559382],[-57.63107509653839,-19.25752846987429],[-57.63107791411443,-19.257560228533023],[-57.631079774811724,-19.25759182261591],[-57.63108080093809,-19.25762327730378],[-57.63108111480154,-19.257654618677076],[-57.631080838709586,-19.257685870118063],[-57.631080093171704,-19.257717059506053],[-57.63107768388795,-19.257779351047542],[-57.631074862714684,-19.25784169654839],[-57.63106963045897,-19.258439281658863],[-57.631085385681956,-19.259044557771443],[-57.631112920225064,-19.260050624847747],[-57.63114653688313,-19.260722878869036],[-57.631155656907985,-19.2608854196377],[-57.63116209695317,-19.261048239196143],[-57.63116337758771,-19.261130206105342],[-57.631162866772854,-19.261212786352225],[-57.63116019039045,-19.261296159801162],[-57.63115497432249,-19.26138050901457],[-57.63115451836625,-19.261386326728857],[-57.63115407140316,-19.26139214444319],[-57.63115329259034,-19.261403756489454],[-57.63115300480729,-19.26140954002941],[-57.631152815949626,-19.261415300187164],[-57.631152747601114,-19.261421032465904],[-57.63115282224487,-19.261426731469758],[-57.631153061464545,-19.26143239000405],[-57.631153488642504,-19.26143800357229],[-57.631153779123565,-19.261440792369946],[-57.63115412536256,-19.261443566778468],[-57.63115452915815,-19.261446327697143],[-57.63115499410764,-19.261449073327267],[-57.63115552290902,-19.26145180366902],[-57.63115611826015,-19.2614545178229],[-57.63115678195975,-19.261457214889816],[-57.63115751850461,-19.261459894869546],[-57.63115832969306,-19.261462555963455],[-57.63115921822322,-19.261465198171585],[-57.631160187692444,-19.261467821494044],[-57.6311612398992,-19.261470423232684],[-57.63116158523894,-19.261471230823904],[-57.63116193957177,-19.261472035717162],[-57.63116267251928,-19.26147364010754],[-57.631163436942984,-19.261475234605683],[-57.63116423374231,-19.261476820110286],[-57.63116591907181,-19.261479959643708],[-57.63116772401123,-19.26148305331154],[-57.631169644063675,-19.261486099315245],[-57.63117167293433,-19.261489093158367],[-57.63117380702544,-19.261492029444888],[-57.63117604184083,-19.261494906376104],[-57.6311783710849,-19.26149771765674],[-57.63118079116043,-19.261500461488385],[-57.63118329667168,-19.261503133374195],[-57.631185883121944,-19.261505727918255],[-57.63118854511516,-19.261508243321973],[-57.63119127905418,-19.261510674189452],[-57.63119407864372,-19.26151301692349],[-57.631196939387166,-19.261515267926516],[-57.631198410677996,-19.261516371394666],[-57.63119989545873,-19.26151745148045],[-57.63120290638892,-19.26151953880694],[-57.63120597217778,-19.26152153530185],[-57.631209090127236,-19.261523442763938],[-57.63121225843889,-19.261525265689645],[-57.63121547531387,-19.261527005877806],[-57.631218738054145,-19.26152866782506],[-57.63122204486143,-19.26153025422909],[-57.631225393936745,-19.261531768687426],[-57.63122878348139,-19.261533214797254],[-57.631232211697125,-19.261534594357183],[-57.631235675885705,-19.261535911863998],[-57.631242706785436,-19.26153837330847],[-57.63124985999287,-19.261540625210873],[-57.63125711932048,-19.261542693651645],[-57.63126446858024,-19.261544603811696],[-57.63127189428246,-19.26154638267062],[-57.63127937844052,-19.26154805720827],[-57.63129446276917,-19.26155119494288],[-57.631309594761895,-19.261554226557596],[-57.63155007077904,-19.261614785105532],[-57.63178379288763,-19.261681871832103],[-57.63216946534846,-19.2617721853493],[-57.63255429334594,-19.261870322968228],[-57.63266697659958,-19.261907937112834],[-57.63277830817236,-19.261949189914347],[-57.63288881866401,-19.261992780953292],[-57.632999038674654,-19.262037415205796],[-57.63309422831588,-19.262076175086587],[-57.63318878303585,-19.2621160878984],[-57.63323556756735,-19.26213689731123],[-57.633281888048664,-19.262158499026683],[-57.633327641957024,-19.26218106031889],[-57.63337272766916,-19.262204751159587],[-57.63339937638007,-19.262219543208573],[-57.633425756193674,-19.26223478132131],[-57.63347773341059,-19.262266521094332],[-57.63352871417874,-19.262299820291677],[-57.63357875065878,-19.26233452692811],[-57.63362789680991,-19.262370491715963],[-57.63367620749096,-19.262407563569464],[-57.633723735761635,-19.262445591402066],[-57.63377053558173,-19.26248442412811],[-57.63380374574621,-19.262512773456994],[-57.633836532330065,-19.262541516688884],[-57.63390053528144,-19.262600396202508],[-57.63393160146211,-19.262630643100923],[-57.633961943688696,-19.26266149973958],[-57.63399148821651,-19.262693021876654],[-57.63402015950265,-19.262725262572015],[-57.634031216667275,-19.262738191225708],[-57.63404212724225,-19.262751236791242],[-57.63406352301315,-19.262777660671755],[-57.63408436390222,-19.262804505434698],[-57.634104667896,-19.262831736906257],[-57.63414373894239,-19.262887241264416],[-57.63418087824488,-19.26294392463365],[-57.63420195835363,-19.26297784166529],[-57.634222468292194,-19.263012053674508],[-57.63426199349618,-19.26308124481481],[-57.634299880135245,-19.26315126602935],[-57.63433655718626,-19.263221884393705],[-57.634364989252724,-19.263278144182195],[-57.63439280348507,-19.263334677364675],[-57.63444607302779,-19.263448740178358],[-57.63447127742745,-19.263506358842605],[-57.634495360372576,-19.263564428966422],[-57.63451819505855,-19.26362299551605],[-57.634539656479895,-19.263682102558203],[-57.63454697965931,-19.263703402101534],[-57.63455409689403,-19.263724773590667],[-57.6345676523752,-19.263767726110842],[-57.634580206910925,-19.263810941233167],[-57.634591643589374,-19.263854401870297],[-57.63460184729729,-19.26389808733798],[-57.63461070202226,-19.263941979649843],[-57.634618089952774,-19.263986060819228],[-57.63462389687526,-19.26403031285983],[-57.634625927544505,-19.264049858725198],[-57.63462765064554,-19.264069431570213],[-57.63463025328355,-19.26410864920595],[-57.6346318711639,-19.264147950478748],[-57.63463267066117,-19.264187314703992],[-57.63463248450154,-19.264266167260995],[-57.634631028499086,-19.26434506478406],[-57.6346294762692,-19.264416896333856],[-57.634627493264134,-19.264488633454793],[-57.63462028969457,-19.264631773149016],[-57.634614030413054,-19.264705153331317],[-57.63460607770828,-19.264778413004482],[-57.634596731054216,-19.26485157375225],[-57.634586291723906,-19.26492465715824],[-57.63456334282398,-19.265070675582418],[-57.634539639392756,-19.265216638248365],[-57.634412548100435,-19.266092275748996],[-57.634291073074515,-19.26684029135738],[-57.63416953329722,-19.267571443778184],[-57.634070767052094,-19.268089641235036],[-57.63398440155885,-19.268609500638963],[-57.6339726690033,-19.26870225401684],[-57.633961598348954,-19.268795098226303],[-57.633938456094775,-19.268980646350833],[-57.633861972352065,-19.269434040459654],[-57.633776131163415,-19.269886191705417],[-57.63362583556381,-19.270919205168134]],[[-57.643547222026605,-19.223108333195285],[-57.630413888889855,-19.219749999375296],[-57.623316666830654,-19.217936110875215],[-57.63391666642099,-19.22718333315646],[-57.62923611155719,-19.234733332389265],[-57.62299722224395,-19.244766666460126],[-57.61815833364017,-19.25254722128872],[-57.62501944409193,-19.258699999616557],[-57.62770555536707,-19.26823055510706],[-57.62170833367253,-19.271658332776827],[-57.62238055531833,-19.275874999342534],[-57.60818333319418,-19.277280555164353],[-57.608247221931606,-19.276024999065314],[-57.6055250001786,-19.275333333177635],[-57.59488055519341,-19.275247221293075],[-57.58486944426938,-19.275194443679492],[-57.5755388890085,-19.27509444356465],[-57.57181944411189,-19.272961110477826],[-57.57127222193542,-19.274991666343247],[-57.57127499994123,-19.274999999461293],[-57.5712805559528,-19.27500555457359],[-57.571402777416154,-19.275124999829718],[-57.571605555651786,-19.275174999437485],[-57.57186666661335,-19.275241666180886],[-57.57204166658954,-19.275383332785474],[-57.5721888892058,-19.275577777003726],[-57.57230277755111,-19.275797221475447],[-57.57235833317042,-19.276038888195046],[-57.572375000305904,-19.276291666038432],[-57.57238055541819,-19.276530554752107],[-57.572375000305904,-19.276722221863885],[-57.572377777412434,-19.2768583324569],[-57.572383333424,-19.276986110831185],[-57.572391666542046,-19.277105555188058],[-57.57239999966014,-19.277227777550607],[-57.57240833367763,-19.27734166589604],[-57.57246666640339,-19.277658332476914],[-57.57251111089903,-19.277919443438353],[-57.572583333653824,-19.278066666054656],[-57.57266666663327,-19.278211110664977],[-57.572755555624276,-19.27836944350587],[-57.57283333349152,-19.278511110110447],[-57.57291666647092,-19.278658332726692],[-57.572991666332314,-19.278802777337077],[-57.57305555596913,-19.278938887930085],[-57.57312777782465,-19.279080554534765],[-57.57320833369761,-19.279263888528444],[-57.5732999997951,-19.279399999121463],[-57.57341388903973,-19.27950833235447],[-57.573561110756486,-19.279647221852617],[-57.573733333626414,-19.279786110451443],[-57.57392222183302,-19.27993055506187],[-57.5740444441957,-19.28008333279036],[-57.57409999981502,-19.2802305554066],[-57.574161111446074,-19.280455554990617],[-57.57421666706545,-19.280594443589436],[-57.57423888931322,-19.280713887946362],[-57.57424444442552,-19.280727777076024],[-57.57424722243132,-19.28077222157155],[-57.57431944428686,-19.280972221801377],[-57.57439722215401,-19.281152776889922],[-57.574427777519816,-19.28136111023773],[-57.574386111030094,-19.281580554709553],[-57.574341666534615,-19.281791666063285],[-57.57429444403335,-19.281997221405348],[-57.57424166641971,-19.282216665877176],[-57.574250000437075,-19.282441666360512],[-57.574322222292665,-19.282613888330953],[-57.574408333277866,-19.28274444381161],[-57.57450555538696,-19.2828638881686],[-57.574594444378086,-19.282969444295],[-57.57466666623361,-19.283024999015176],[-57.57496111146605,-19.283397221215445],[-57.57532777765477,-19.283908332913903],[-57.57550555563671,-19.28408611089601],[-57.57569166673693,-19.284263887978753],[-57.57588055584296,-19.284441665960802],[-57.5760583329257,-19.284608332818955],[-57.576213888659886,-19.28475833254162],[-57.576330555910324,-19.284894444034013],[-57.5766416664797,-19.285411110844603],[-57.57670000010484,-19.285569443685556],[-57.58362777819924,-19.2815611104676],[-57.58498055550814,-19.28384444417642],[-57.5865750004358,-19.282997221655073],[-57.5970499996576,-19.289958333121067],[-57.602105555626856,-19.28685833315614],[-57.60243888844383,-19.287455554940426],[-57.60751944466659,-19.285044443756696],[-57.60702500010359,-19.28357499919756],[-57.6123249998987,-19.28086944368065],[-57.61531666663074,-19.278372221511628],[-57.615686110825266,-19.278641666490547],[-57.61077500036589,-19.28333888848963],[-57.61644444435557,-19.28284444392664],[-57.61778611143984,-19.287641666040635],[-57.61832777760481,-19.28757777730316],[-57.61892500028846,-19.28748611030629],[-57.619541666314824,-19.287380555079075],[-57.62033888922826,-19.28721666622674],[-57.620911110759046,-19.28712777723575],[-57.621575000186056,-19.287016665996923],[-57.62221944447174,-19.28689444363414],[-57.62283055538575,-19.286761110147665],[-57.62339444469779,-19.286619443543092],[-57.62389722237873,-19.28646666581451],[-57.62434444444051,-19.286302776962216],[-57.62474166689435,-19.28613055499177],[-57.62509722195921,-19.285949999003908],[-57.62541944455165,-19.2857638879037],[-57.625711110879024,-19.285572221691293],[-57.625983332964324,-19.285383332585344],[-57.62623888881354,-19.28517777724328],[-57.6264861115447,-19.28497777701346],[-57.62672222225274,-19.28477499967715],[-57.626949999842516,-19.284577777453084],[-57.62716388920199,-19.284380555229124],[-57.62736666653825,-19.284188888117345],[-57.62755277763847,-19.284002777017193],[-57.627727777614666,-19.283822221928656],[-57.62788611135493,-19.28365277706465],[-57.62802777795952,-19.283488888212315],[-57.62815555543448,-19.28333611048376],[-57.62826388866746,-19.283186110761086],[-57.628355555664314,-19.28303888814479],[-57.62843611153727,-19.282886110416367],[-57.6285000002747,-19.28272499956977],[-57.628549999882516,-19.282552777599268],[-57.628588889265814,-19.282361110487617],[-57.62861388861996,-19.282149999133882],[-57.62863055575542,-19.281919443538193],[-57.62863611086772,-19.28166666569475],[-57.62863888887352,-19.281397221615265],[-57.62863888887352,-19.281111110400197],[-57.62863611086772,-19.28081111095473],[-57.62864166687939,-19.280494443474588],[-57.62864999999737,-19.280169443775563],[-57.628666666233585,-19.279827776941165],[-57.62869722249877,-19.279472221876315],[-57.628738888988494,-19.279097221670245],[-57.62879444460787,-19.278694444104122],[-57.62886666646341,-19.278258333166363],[-57.62895833346022,-19.27778611085115],[-57.629077777817145,-19.277352777019892],[-57.6292444446753,-19.276716665852323],[-57.629433333781265,-19.27608888870207],[-57.629613888869756,-19.27544166641071],[-57.62989444407327,-19.274519444028076],[-57.63006666694309,-19.273988888087658],[-57.63023888891354,-19.27336388804396],[-57.63038888863616,-19.272549999793654],[-57.63062777735002,-19.271822221629215],[-57.63080000021977,-19.271105554588658],[-57.6309305557005,-19.27032222170416],[-57.631016666685696,-19.269641666041068],[-57.63112499991877,-19.269016665997363],[-57.63119444466782,-19.26882777689134],[-57.63129722188921,-19.268047222012775],[-57.63138888888607,-19.26752777719627],[-57.63146944475903,-19.267044443757122],[-57.631802777575956,-19.266738888300054],[-57.63173888883853,-19.266183333005497],[-57.631683333219144,-19.265808332799484],[-57.63170833347277,-19.26546388795923],[-57.631749999962494,-19.26518888786806],[-57.6317999995702,-19.26488888842261],[-57.6318472220716,-19.264602777207532],[-57.63187777743742,-19.264391665853744],[-57.63190833370254,-19.264147222027827],[-57.63193888906841,-19.263997221405777],[-57.63193055595031,-19.26398055516968],[-57.628483333139286,-19.263083333040573],[-57.62835277765844,-19.257330555172324],[-57.625255555699304,-19.255169443826187],[-57.625230555445675,-19.25373888865028],[-57.63279444470782,-19.25463333277347],[-57.632813888949784,-19.254455554791473],[-57.632811110943976,-19.254305555068687],[-57.63288611080531,-19.254041666101497],[-57.632941666424706,-19.253863888119376],[-57.63298333291443,-19.25369166614888],[-57.633033333421515,-19.25354166642621],[-57.63308333302928,-19.253394443810013],[-57.63313333353647,-19.253252777205326],[-57.63346666635346,-19.25308611034713],[-57.633416666745745,-19.25301111048579],[-57.633363889132056,-19.252922221494785],[-57.63338333337402,-19.252791666014076],[-57.63345277812317,-19.252655554521674],[-57.63354166711418,-19.252513887917107],[-57.63363888922328,-19.25233888794081],[-57.633727778214336,-19.252186110212325],[-57.63382777742987,-19.2520583327373],[-57.6339416666745,-19.251891665879207],[-57.63406944414942,-19.251752777280384],[-57.634208333647614,-19.25161666578799],[-57.63435833337031,-19.251486110307273],[-57.63451388910466,-19.25135555482644],[-57.63467499995119,-19.25122499934571],[-57.634844444815265,-19.251091665859253],[-57.63501388877989,-19.25094999925456],[-57.63518888875609,-19.25080277753763],[-57.635366666738214,-19.2506472218034],[-57.635544444720324,-19.2504805549452],[-57.635724999808815,-19.250308332974765],[-57.63590555579675,-19.250124998981086],[-57.63608888889098,-19.250061110243603],[-57.6362749999912,-19.249744443662728],[-57.6364583330855,-19.249547221438657],[-57.63664444418572,-19.24934722120878],[-57.63683055528576,-19.249147221878346],[-57.637011111273694,-19.24894166563691],[-57.63718611125001,-19.248730555182547],[-57.637350000102344,-19.24851666582307],[-57.6375055558367,-19.248294444244806],[-57.63764722244132,-19.248061110643363],[-57.63777222191044,-19.247816665918023],[-57.63787777803697,-19.247561110968142],[-57.637966667028024,-19.247288887983355],[-57.63803333377126,-19.246999999661917],[-57.63808611138484,-19.246691666199084],[-57.638119444756455,-19.246363888494297],[-57.63813611099267,-19.24601944365409],[-57.63814166700416,-19.24565277746539],[-57.63813055588042,-19.245266666135414],[-57.638108333632545,-19.244861110563424],[-57.638077777367464,-19.244436110749643],[-57.63803888888355,-19.243994443800297],[-57.63799722239383,-19.24354444373283],[-57.637958333010495,-19.243091665659545],[-57.6379222225325,-19.24263888848567],[-57.637894444273165,-19.242197221536298],[-57.63787777803697,-19.241769443716542],[-57.63788055514339,-19.24136111013892],[-57.63790277739116,-19.240977776814752],[-57.63794444478025,-19.240619443744155],[-57.63800277750614,-19.240286110927016],[-57.63808333337903,-19.23997222145268],[-57.638177777482326,-19.23967777711951],[-57.63828888872121,-19.23940277702829],[-57.638413889089634,-19.239141666066907],[-57.638555555694325,-19.23889722134156],[-57.638705555417005,-19.238663888639337],[-57.63886944426935,-19.238444444167605],[-57.63903888913336,-19.238233332813888],[-57.63921388910967,-19.238030554578256],[-57.63939166709167,-19.23783055524781],[-57.639572222180284,-19.237636110130225],[-57.63975000016228,-19.237444443917827],[-57.6399277781444,-19.237252776806105],[-57.64009722210904,-19.23705555458199],[-57.64026666697305,-19.236861110363837],[-57.640424999813824,-19.23666666614553],[-57.640580555548176,-19.236474999033753],[-57.64072777816438,-19.236288887933704],[-57.6408638887574,-19.236108332845223],[-57.6409916662323,-19.23593888798122],[-57.64110833348274,-19.235783333146188],[-57.641213888709906,-19.235636110529935],[-57.64130833371257,-19.235505555049226],[-57.641391666692016,-19.235383332686606],[-57.641463888547605,-19.23549166591955],[-57.641530555290835,-19.235163888214828],[-57.64158888891597,-19.23506388809991],[-57.64164166652966,-19.234966665990697],[-57.641688889030945,-19.23486944388166],[-57.641733333526474,-19.234772221772552],[-57.641775000016196,-19.234674999663447],[-57.64181111139357,-19.23457499954848],[-57.64184722187173,-19.234472221427822],[-57.64188055524334,-19.234366666200685],[-57.64191111150853,-19.23426111007409],[-57.64193888886848,-19.234149999734587],[-57.64196944423435,-19.23403333248416],[-57.64199722249379,-19.23391666613315],[-57.64202222184804,-19.233794443770545],[-57.642047222101546,-19.23366944430137],[-57.64206944434932,-19.233541665927092],[-57.64209166659709,-19.23341388845218],[-57.64211111083904,-19.233383333086294],[-57.6421277779745,-19.233152777490627],[-57.64214166710418,-19.2330222220099],[-57.64215000022221,-19.232891665629854],[-57.64215833334032,-19.23276111014914],[-57.64216111134613,-19.232630554668308],[-57.64215833334032,-19.232497222081157],[-57.64215277732876,-19.232363888594577],[-57.64214166710418,-19.232230555107932],[-57.6421277779745,-19.23209444361571],[-57.642105555726744,-19.231955555016892],[-57.642077777467414,-19.2318138884122],[-57.64204166698932,-19.231666665795903],[-57.64200277760608,-19.231519444079147],[-57.641955556004056,-19.231369443457094],[-57.64190555549687,-19.231213888622126],[-57.64184722187173,-19.231055554882012],[-57.641783333134306,-19.23089444403543],[-57.64171388928452,-19.230730555182983],[-57.6416388885238,-19.23056388832473],[-57.64155833355022,-19.230391666354347],[-57.64147777767721,-19.230219443484525],[-57.641391666692016,-19.23004166640179],[-57.64130833371257,-19.22986111041392],[-57.64122499983376,-19.229677777319633],[-57.64114444486012,-19.229491666219534],[-57.64106944409952,-19.229305555119378],[-57.64100000024979,-19.229116666013354],[-57.64093611151231,-19.228924999801013],[-57.64088333299935,-19.228730554683423],[-57.64084166650963,-19.228536110465175],[-57.64081388914957,-19.22834166624697],[-57.64079722201415,-19.228149999135248],[-57.64080277802566,-19.22795555491705],[-57.640825000273416,-19.22776388870465],[-57.64086666676314,-19.227572221592872],[-57.640927777494824,-19.227386110492716],[-57.64101111137364,-19.22719999939261],[-57.6411111114885,-19.227013888292454],[-57.64122777783956,-19.226827777192245],[-57.64136388933195,-19.226636110080577],[-57.64151666706038,-19.22643888785651],[-57.64168333301938,-19.226233332514447],[-57.64186666701295,-19.226019444054227],[-57.642055555219656,-19.22580277758832],[-57.64224166631976,-19.22559722134689],[-57.642416666296064,-19.225408333140244],[-57.64256944402456,-19.225244444287856],[-57.64268888928074,-19.225113887907753],[-57.64276944425438,-19.225030554928313],[-57.642977777602255,-19.224797221326817],[-57.64318055583789,-19.22450277699365],[-57.643341666684535,-19.22418333240697],[-57.6434444448052,-19.223888888073958],[-57.643502777531126,-19.22361111087626],[-57.643547222026605,-19.223108333195285]]]},"properties":{"OBJECTID":1,"NOME_UC":"Parque Natural Municipal Piraputangas","complement":null,"nome":"Parque Natural Municipal Piraputangas","Shape__Area":0.0007032648436447547,"Shape__Length":0.62632451568167}},{"type":"Feature","id":2,"geometry":{"type":"Polygon","coordinates":[[[-53.83699999965023,-22.84799999892437],[-53.83699999965023,-22.848999999174264],[-53.81700000004985,-22.846999999573963],[-53.819999999900006,-22.871999999523354],[-53.82200000039961,-22.892999999373092],[-53.823999999999955,-22.903999999422716],[-53.829999999700135,-22.90499999967249],[-53.83699999965023,-22.91499999947251],[-53.843999999600214,-22.922999999672115],[-53.84799999970017,-22.93699999957187],[-53.85499999965015,-22.95899999967134],[-53.86299999985005,-22.981999999121225],[-53.866999999949996,-22.99399999942068],[-53.8680000001998,-22.99699999927076],[-53.871000000049946,-23.002999998970754],[-53.87200000029975,-23.005999999720203],[-53.872999999650176,-23.007999999320386],[-53.87200000029974,-23.00999999892074],[-53.87200000029975,-23.012999999670033],[-53.87200000029975,-23.014999999270376],[-53.86999999980009,-23.02299999947005],[-53.8680000001998,-23.03199999902016],[-53.86699999994999,-23.036999999369797],[-53.86400000009985,-23.0449999995694],[-53.8589999997501,-23.053999999119515],[-53.85499999965015,-23.060999999069463],[-53.84899999994997,-23.067999999019293],[-53.844999999850025,-23.071999999119143],[-53.84099999975006,-23.075999999219],[-53.836000000299684,-23.079999999318744],[-53.83099999994994,-23.08399999941861],[-53.823999999999955,-23.087999999518455],[-53.81400000019982,-23.09299999896874],[-53.80400000039958,-23.095999999718185],[-53.79399999970019,-23.09899999956814],[-53.7879999999999,-23.099999998918662],[-53.78999999960024,-23.104999999268298],[-53.79099999985005,-23.107999999118206],[-53.79399999970019,-23.111999999218135],[-53.7970000004496,-23.11599999931799],[-53.80000000029975,-23.120999999667628],[-53.80199999989998,-23.123999999517704],[-53.80300000014978,-23.124999999767482],[-53.80700000024973,-23.12899999896797],[-53.81299999995002,-23.134999999567388],[-53.81700000004986,-23.13999999901759],[-53.82100000014981,-23.14599999961713],[-53.825999999600185,-23.153999998917463],[-53.82900000034971,-23.15899999926699],[-53.83099999994994,-23.163999999616635],[-53.83299999955028,-23.168999999067],[-53.833999999800085,-23.173999999416537],[-53.83500000004989,-23.179999999116685],[-53.836000000299684,-23.18499999946633],[-53.83699999965023,-23.187999999316293],[-53.83900000014984,-23.19399999901645],[-53.84000000039964,-23.202999999465835],[-53.84000000039964,-23.214999998866038],[-53.83900000014984,-23.223999999315527],[-53.83799999990004,-23.233999999115433],[-53.836000000299684,-23.239999999714858],[-53.83299999955028,-23.246999999664784],[-53.82900000034971,-23.255999999214925],[-53.82699999984999,-23.26099999956455],[-53.822999999750145,-23.26699999926455],[-53.81800000029966,-23.27299999896471],[-53.814000000199826,-23.277999999314336],[-53.811999999700106,-23.278999999564128],[-53.81100000034968,-23.28099999916431],[-53.810000000099876,-23.283999999014437],[-53.80700000024973,-23.28899999936403],[-53.80199999989998,-23.29499999906406],[-53.79799999980003,-23.300999999663482],[-53.79300000034965,-23.305999999113876],[-53.786999999750094,-23.310999999463387],[-53.782000000299725,-23.314999999563252],[-53.77900000044957,-23.31699999916356],[-53.77699999995002,-23.317999999413328],[-53.775999999700154,-23.31899999966311],[-53.77400000009982,-23.31999999901363],[-53.771999999600276,-23.32099999926341],[-53.771000000249785,-23.320999999263417],[-53.767000000149835,-23.322999998863587],[-53.764000000299745,-23.32499999936316],[-53.76199999980008,-23.325999999613057],[-53.76100000044954,-23.325999999613042],[-53.757000000349706,-23.327999999213244],[-53.75199999999995,-23.32899999946302],[-53.746000000299716,-23.33099999906331],[-53.73999999970016,-23.33299999956288],[-53.72999999990003,-23.3339999989134],[-53.72100000034971,-23.334999999163173],[-53.71499999975014,-23.334999999163173],[-53.70799999980005,-23.334999999163173],[-53.70099999985007,-23.3339999989134],[-53.692000000299736,-23.331999999313094],[-53.68400000009984,-23.329999999712793],[-53.67499999965014,-23.32699999896345],[-53.66799999970015,-23.323999999113383],[-53.66499999985002,-23.32199999951318],[-53.660999999750175,-23.31899999966311],[-53.660000000399634,-23.31899999966311],[-53.65900000014983,-23.31799999941333],[-53.657999999900035,-23.31799999941333],[-53.656999999650225,-23.31699999916356],[-53.656000000299684,-23.315999998913775],[-53.65500000004993,-23.314999999563256],[-53.653999999800135,-23.314999999563256],[-53.65300000044954,-23.313999999313467],[-53.65200000019974,-23.31299999906368],[-53.65099999994993,-23.31299999906368],[-53.649999999700185,-23.311999999713287],[-53.6480000000999,-23.309999999213613],[-53.646999999850095,-23.308999998963834],[-53.64599999960018,-23.30799999961342],[-53.64399999999995,-23.30599999911386],[-53.642999999750145,-23.304999999763357],[-53.64100000014986,-23.302999999263797],[-53.639999999900056,-23.30199999901401],[-53.6389999996502,-23.300999999663482],[-53.638999999650196,-23.29999999941371],[-53.638000000299655,-23.298999999163936],[-53.63700000004991,-23.29799999891415],[-53.6359999998001,-23.29699999956363],[-53.635999999800106,-23.295999999313846],[-53.63500000044962,-23.29499999906407],[-53.63400000019982,-23.29499999906407],[-53.63400000019982,-23.29399999971367],[-53.6329999999499,-23.292999999463895],[-53.631999999700156,-23.291999999214116],[-53.631999999700156,-23.29099999896432],[-53.63000000009987,-23.28899999936403],[-53.63000000009987,-23.28699999886447],[-53.628999999850066,-23.285999999513955],[-53.62799999960015,-23.28499999926417],[-53.62799999960015,-23.283999999014437],[-53.62700000024978,-23.282999999663986],[-53.62700000024978,-23.281999999414086],[-53.62599999999998,-23.2809999991643],[-53.62599999999998,-23.279999998914523],[-53.62499999975017,-23.278999999564128],[-53.62499999975017,-23.277999999314336],[-53.62499999975017,-23.276999999064564],[-53.62400000039963,-23.275999999714106],[-53.62400000039964,-23.274999999464267],[-53.62400000039963,-23.273999999214485],[-53.62300000014983,-23.27399999921449],[-53.62300000014983,-23.272999998964703],[-53.62300000014982,-23.271999999614184],[-53.62199999990003,-23.270999999364456],[-53.62199999990003,-23.269999999114678],[-53.62199999990003,-23.268999999764215],[-53.62199999990003,-23.267999999514327],[-53.62099999965022,-23.266999999264545],[-53.62099999965022,-23.265999999014813],[-53.620999999650216,-23.263999999414583],[-53.62000000029963,-23.262999999164684],[-53.620000000299626,-23.261999998914902],[-53.62000000029963,-23.26099999956455],[-53.62000000029963,-23.259999999314704],[-53.61900000004987,-23.258999999064947],[-53.61900000004987,-23.257999999714478],[-53.61900000004988,-23.2569999994647],[-53.61900000004988,-23.255999999214918],[-53.61900000004987,-23.253999999614557],[-53.61900000004987,-23.25299999936484],[-53.61900000004988,-23.251999999115064],[-53.617999999800084,-23.251999999115053],[-53.61700000044959,-23.250999998865286],[-53.6170000004496,-23.249999999514706],[-53.61600000019979,-23.2479999990152],[-53.61499999994987,-23.2479999990152],[-53.61499999994987,-23.246999999664784],[-53.61499999994987,-23.24599999941496],[-53.613999999700134,-23.24499999916506],[-53.61300000034969,-23.243999998915275],[-53.6130000003497,-23.24299999956494],[-53.6120000000999,-23.241999999315155],[-53.6120000000999,-23.240999999065377],[-53.610999999850094,-23.239999999714858],[-53.60999999960012,-23.237999999215305],[-53.60999999960012,-23.236999998965516],[-53.60900000024975,-23.23599999961494],[-53.60900000024975,-23.234999999365225],[-53.60799999999995,-23.23499999936522],[-53.60799999999995,-23.233999999115433],[-53.60799999999995,-23.23299999976504],[-53.606999999750144,-23.23299999976504],[-53.606999999750144,-23.231999999515253],[-53.606000000399604,-23.2309999992653],[-53.6060000003996,-23.229999999015583],[-53.6050000001498,-23.22899999966517],[-53.60500000014979,-23.227999999415395],[-53.6039999999,-23.226999999165617],[-53.6039999999,-23.225999998915842],[-53.6029999996502,-23.224999999565313],[-53.6029999996502,-23.222999999065753],[-53.6020000002996,-23.22199999971523],[-53.6020000002996,-23.220999999465455],[-53.60100000004985,-23.219999999215688],[-53.60100000004985,-23.218999998965895],[-53.60100000004985,-23.217999999615486],[-53.59999999980005,-23.217999999615486],[-53.59999999980005,-23.215999999115827],[-53.59900000044962,-23.215999999115816],[-53.598000000199825,-23.21399999951563],[-53.596999999950015,-23.21199999901607],[-53.59599999970021,-23.20999999941578],[-53.59599999970021,-23.20899999916599],[-53.59500000034968,-23.2069999995657],[-53.59400000009987,-23.205999999315914],[-53.592999999850065,-23.20399999971573],[-53.592999999850065,-23.20299999946582],[-53.59199999960026,-23.200999998966275],[-53.59100000024972,-23.198999999366094],[-53.59100000024972,-23.197999999116313],[-53.58999999999992,-23.196999999765797],[-53.58999999999991,-23.194999999266233],[-53.588999999750115,-23.19399999901645],[-53.58800000039958,-23.192999999665933],[-53.588000000399575,-23.19099999916637],[-53.58700000014977,-23.18999999891659],[-53.58700000014977,-23.187999999316293],[-53.58599999989997,-23.186999999066504],[-53.58599999989997,-23.18599999971611],[-53.584999999650165,-23.18499999946633],[-53.58400000029974,-23.182999998966768],[-53.583000000049935,-23.181999999616245],[-53.58100000044959,-23.178999998866903],[-53.58000000019979,-23.1779999995164],[-53.578999999949986,-23.17599999901683],[-53.57799999970018,-23.174999999666422],[-53.57799999970018,-23.172999999166752],[-53.57700000034964,-23.171999998916966],[-53.57600000009984,-23.17099999956657],[-53.57600000009984,-23.169999999316783],[-53.574999999850036,-23.168999999067],[-53.574999999850036,-23.1679999997165],[-53.57499999985004,-23.166999999466707],[-53.57399999960023,-23.16599999921693],[-53.57300000024969,-23.16499999896715],[-53.57300000024969,-23.163999999616635],[-53.57300000024969,-23.16299999936685],[-53.57199999999989,-23.16299999936685],[-53.57199999999989,-23.161999999117075],[-53.57199999999988,-23.160999999766673],[-53.57199999999989,-23.159999999516888],[-53.570999999750086,-23.159999999516888],[-53.570999999750086,-23.15899999926699],[-53.570999999750086,-23.15699999966681],[-53.57000000039966,-23.15599999941702],[-53.569000000149856,-23.154999999167252],[-53.569000000149856,-23.15299999956701],[-53.56799999990005,-23.151999999317173],[-53.56699999965025,-23.15099999906739],[-53.56699999965025,-23.149999999716872],[-53.56600000029971,-23.14799999921737],[-53.5650000000499,-23.146999998967583],[-53.565000000049906,-23.14599999961713],[-53.5639999998001,-23.14499999936724],[-53.56399999980011,-23.143999999117447],[-53.5639999998001,-23.142999999767046],[-53.56300000044956,-23.141999999517267],[-53.56300000044956,-23.14099999926749],[-53.56200000019976,-23.13899999966725],[-53.56200000019976,-23.13799999941747],[-53.560999999949956,-23.13699999916762],[-53.560999999949956,-23.13599999891785],[-53.560999999949956,-23.134999999567388],[-53.55999999970015,-23.1339999993176],[-53.55999999970015,-23.13299999906782],[-53.559999999700146,-23.13199999971724],[-53.55900000034961,-23.130999999467477],[-53.55900000034961,-23.129999999217755],[-53.55900000034961,-23.128999998967963],[-53.55800000009981,-23.128999998967963],[-53.55800000009981,-23.127999999617504],[-53.55800000009981,-23.12699999936761],[-53.55699999985001,-23.125999999117823],[-53.55699999985001,-23.124999999767482],[-53.55699999985001,-23.123999999517704],[-53.55699999985001,-23.12299999926787],[-53.5559999996002,-23.121999999017962],[-53.555999999600196,-23.120999999667628],[-53.5559999996002,-23.11999999941784],[-53.555999999600196,-23.11899999916807],[-53.55500000024978,-23.11899999916807],[-53.555000000249784,-23.11799999891829],[-53.555000000249784,-23.116999999567764],[-53.553999999999974,-23.116999999567764],[-53.553999999999974,-23.11599999931799],[-53.553999999999974,-23.114999999068214],[-53.55299999975017,-23.113999999717624],[-53.55299999975017,-23.112999999467846],[-53.55299999975017,-23.111999999218135],[-53.55200000039964,-23.111999999218135],[-53.55200000039964,-23.110999998968346],[-53.55200000039964,-23.109999999617944],[-53.55100000014983,-23.108999999368166],[-53.55100000014982,-23.107999999118213],[-53.55100000014983,-23.10599999951809],[-53.549999999900024,-23.10599999951809],[-53.549999999900024,-23.104999999268298],[-53.549999999900024,-23.10399999901852],[-53.549999999900024,-23.10299999966801],[-53.54899999965022,-23.101999999418226],[-53.54899999965021,-23.100999999168444],[-53.54899999965021,-23.09999999891867],[-53.54800000029968,-23.09899999956814],[-53.54800000029968,-23.097999999318372],[-53.54800000029968,-23.09699999906859],[-53.54800000029968,-23.095999999718174],[-53.54700000004988,-23.095999999718174],[-53.54700000004988,-23.094999999468406],[-53.54700000004988,-23.093999999218514],[-53.54700000004988,-23.09299999896874],[-53.54599999980008,-23.09299999896874],[-53.545999999800074,-23.09199999961832],[-53.54599999980008,-23.090999999368538],[-53.545999999800074,-23.08999999911876],[-53.54500000044965,-23.088999999768237],[-53.54500000044965,-23.087999999518455],[-53.54500000044965,-23.085999999018906],[-53.545000000449654,-23.08499999966839],[-53.54500000044965,-23.083999999418605],[-53.54400000019973,-23.08399999941861],[-53.54400000019973,-23.081999998919045],[-53.54400000019973,-23.080999999568636],[-53.54400000019973,-23.079999999318744],[-53.54400000019973,-23.078999999068962],[-53.54299999994993,-23.078999999068973],[-53.542999999949934,-23.07799999971856],[-53.54299999994993,-23.07699999946879],[-53.542999999949934,-23.075999999219],[-53.54299999994993,-23.074999998969215],[-53.54299999994993,-23.073999999618703],[-53.54199999970013,-23.07299999936892],[-53.54199999970013,-23.071999999119143],[-53.54199999970013,-23.070999999768638],[-53.541999999700124,-23.06899999926907],[-53.541999999700124,-23.067999999019293],[-53.54199999970013,-23.066999999668884],[-53.54199999970013,-23.065999999419102],[-53.5410000003497,-23.06499999916921],[-53.5410000003497,-23.063999998919435],[-53.5410000003497,-23.062999999569026],[-53.5410000003497,-23.060999999069463],[-53.5410000003497,-23.059999999718944],[-53.5410000003497,-23.058999999469172],[-53.5410000003497,-23.05799999921938],[-53.5410000003497,-23.055999999619083],[-53.5410000003497,-23.054999999369304],[-53.5410000003497,-23.053999999119526],[-53.5410000003497,-23.052999999769124],[-53.5410000003497,-23.05199999951935],[-53.541999999700124,-23.04999999901967],[-53.541999999700124,-23.04899999966927],[-53.541999999700124,-23.04699999916971],[-53.541999999700124,-23.045999998919925],[-53.54199999970013,-23.043999999319617],[-53.54299999994993,-23.04299999906985],[-53.542999999949934,-23.04099999946956],[-53.54299999994993,-23.039999999219773],[-53.54299999994993,-23.038999998969988],[-53.54400000019972,-23.036999999369797],[-53.54400000019972,-23.03499999976951],[-53.54500000044965,-23.032999999269947],[-53.54500000044965,-23.03199999902016],[-53.545999999800074,-23.02999999941992],[-53.545999999800074,-23.028999999170093],[-53.547000000049884,-23.0279999989203],[-53.54800000029968,-23.02799999892031],[-53.54899999965022,-23.02799999892031],[-53.54899999965022,-23.026999999569792],[-53.549999999900024,-23.026999999569785],[-53.549999999900024,-23.025999999320014],[-53.549999999900024,-23.024999999070282],[-53.54899999965022,-23.024999999070275],[-53.54899999965021,-23.02299999947005],[-53.54800000029969,-23.021999999220153],[-53.54700000004988,-23.019999999619966],[-53.54700000004988,-23.018999999370177],[-53.54599999980008,-23.017999999120406],[-53.54599999980008,-23.01699999976994],[-53.54500000044964,-23.01499999927038],[-53.54400000019973,-23.013999999020545],[-53.54400000019972,-23.012999999670033],[-53.542999999949934,-23.012999999670033],[-53.541999999700124,-23.012999999670033],[-53.5410000003497,-23.012999999670033],[-53.5410000003497,-23.011999999420304],[-53.540000000099894,-23.011999999420297],[-53.540000000099894,-23.010999999170522],[-53.53899999985009,-23.00999999892074],[-53.53899999985009,-23.00899999957017],[-53.53799999960029,-23.007999999320386],[-53.53799999960029,-23.005999999720203],[-53.53700000024975,-23.00499999947043],[-53.53599999999995,-23.003999999220536],[-53.53599999999995,-23.002999998970754],[-53.535999999999945,-23.001999999620413],[-53.53499999975014,-23.000999999370627],[-53.5340000003996,-22.99999999912078],[-53.5340000003996,-22.99899999977033],[-53.5330000001498,-22.99699999927076],[-53.533000000149805,-22.99599999902098],[-53.5330000001498,-22.9949999996704],[-53.53199999990005,-22.99399999942068],[-53.53199999990005,-22.992999999170912],[-53.53099999965025,-22.99099999957056],[-53.530999999650255,-22.989999999320773],[-53.53099999965025,-22.98899999907105],[-53.53000000029965,-22.987999999720635],[-53.53000000029965,-22.985999999220912],[-53.52900000004985,-22.984999998971126],[-53.52900000004985,-22.98399999962079],[-53.52900000004985,-22.982999999371],[-53.52900000004985,-22.9809999997707],[-53.527999999800045,-22.978999999271135],[-53.527999999800045,-22.9769999996708],[-53.527999999800045,-22.973999998921506],[-53.527999999800045,-22.971999999321323],[-53.527000000449625,-22.968999999471247],[-53.527000000449625,-22.967999999221473],[-53.527000000449625,-22.963999999121604],[-53.527000000449625,-22.96099999927152],[-53.526000000199815,-22.95899999967134],[-53.524999999950005,-22.956999999171668],[-53.52300000034967,-22.95399999932171],[-53.52200000009986,-22.95199999972141],[-53.52099999985007,-22.95099999947163],[-53.52099999985006,-22.949999999221852],[-53.51999999960026,-22.949999999221852],[-53.51799999999997,-22.947999999621555],[-53.516000000399686,-22.944999999771586],[-53.51399999990002,-22.94299999927203],[-53.51399999990002,-22.941999999022137],[-53.512000000299736,-22.939999999421946],[-53.50999999980001,-22.93899999917216],[-53.50900000044965,-22.93799999892239],[-53.508000000199786,-22.93699999957187],[-53.50599999970018,-22.935999999322092],[-53.505000000349696,-22.935999999322092],[-53.5040000000999,-22.934999999072303],[-53.50299999985009,-22.93399999972181],[-53.50100000024975,-22.932999999472013],[-53.49999999999994,-22.93199999922224],[-53.498000000399664,-22.930999998972453],[-53.49599999989999,-22.929999999622048],[-53.49499999965019,-22.928999999372266],[-53.49400000029971,-22.928999999372266],[-53.4930000000499,-22.927999999122367],[-53.49199999979998,-22.92699999977198],[-53.49000000019981,-22.925999999522194],[-53.48899999995001,-22.925999999522194],[-53.48799999970021,-22.924999999272412],[-53.48700000034966,-22.923999999022634],[-53.486000000099864,-22.923999999022634],[-53.48499999985006,-22.922999999672115],[-53.48399999960026,-22.922999999672115],[-53.48300000024972,-22.92199999942234],[-53.480999999750104,-22.92199999942234],[-53.480000000399684,-22.92099999917255],[-53.477999999899964,-22.91999999892277],[-53.47699999965016,-22.91999999892278],[-53.47500000004993,-22.918999999572254],[-53.47399999980013,-22.917999999322483],[-53.47200000019978,-22.91799999932248],[-53.47099999994998,-22.916999999072694],[-53.46900000034964,-22.915999999722292],[-53.468000000099835,-22.91499999947251],[-53.46699999985003,-22.91499999947251],[-53.46500000024969,-22.91399999922273],[-53.46299999975008,-22.912999998972836],[-53.462000000399655,-22.91199999962244],[-53.46100000014985,-22.910999999372656],[-53.45999999990005,-22.910999999372656],[-53.458000000299705,-22.90999999912287],[-53.4559999998001,-22.908999999772355],[-53.454000000199756,-22.90899999977237],[-53.45299999994995,-22.90799999952257],[-53.45199999970015,-22.90799999952257],[-53.44899999985,-22.90699999927285],[-53.44700000024977,-22.905999999023024],[-53.444000000399626,-22.90499999967249],[-53.44300000014983,-22.90499999967249],[-53.44099999965022,-22.90499999967249],[-53.439000000049866,-22.903999999422716],[-53.436000000199726,-22.903999999422716],[-53.43200000009989,-22.902999999172945],[-53.429999999600284,-22.90199999892321],[-53.42699999975014,-22.90099999957275],[-53.42500000014979,-22.90099999957275],[-53.42200000029976,-22.89999999932297],[-53.41999999980005,-22.898999999073073],[-53.418000000199804,-22.898999999073084],[-53.415999999700205,-22.897999999722675],[-53.41299999985006,-22.896999999472893],[-53.411000000249715,-22.89599999922311],[-53.408999999750165,-22.89499999897333],[-53.40499999965016,-22.8929999993731],[-53.40400000029973,-22.892999999373092],[-53.40400000029973,-22.89099999977273],[-53.401999999800125,-22.886999999672987],[-53.40000000019978,-22.882999999573148],[-53.39199999999988,-22.884999999173314],[-53.38900000014985,-22.883999998923592],[-53.38699999965013,-22.88199999932335],[-53.38600000029976,-22.880999999073467],[-53.383999999800096,-22.875999999623257],[-53.38299999955029,-22.870999999273632],[-53.38099999995001,-22.86299999907385],[-53.38099999995001,-22.861999999723494],[-53.3799999997002,-22.85899999897416],[-53.379999999700196,-22.856999999373862],[-53.379000000349606,-22.853999999523722],[-53.37800000009986,-22.851999999024223],[-53.37800000009986,-22.850999999673817],[-53.37800000009986,-22.848999999174264],[-53.379000000349606,-22.84799999892437],[-53.379999999700196,-22.846999999573963],[-53.38099999995001,-22.845999999324185],[-53.38200000019981,-22.845999999324185],[-53.38299999955029,-22.844999999074403],[-53.38200000019981,-22.844999999074403],[-53.3799999997002,-22.84399999972389],[-53.37699999985006,-22.84399999972389],[-53.37399999999985,-22.842999999474106],[-53.37100000014982,-22.842999999474106],[-53.3689999996501,-22.841999999224324],[-53.36400000019978,-22.84099999897455],[-53.361000000349584,-22.84099999897455],[-53.361000000349584,-22.838999999374245],[-53.361999999700174,-22.836999999774065],[-53.355999999999824,-22.833999999024613],[-53.3490000000499,-22.830999999174647],[-53.34399999970014,-22.828999999574346],[-53.3420000000998,-22.82399999922471],[-53.33900000024977,-22.817999999524663],[-53.337999999999965,-22.817999999524663],[-53.32900000044964,-22.81299999917503],[-53.318000000399586,-22.807999999724768],[-53.308999999950004,-22.80299999937512],[-53.30199999999991,-22.801999999125357],[-53.29300000044958,-22.79899999927527],[-53.27899999965024,-22.795999999425195],[-53.271000000349716,-22.79399999892564],[-53.26599999999997,-22.807999999724768],[-53.260000000299726,-22.80299999937512],[-53.2420000002997,-22.800999999774834],[-53.23899999955029,-22.795999999425188],[-53.23599999970014,-22.78899999947538],[-53.23400000009991,-22.781999999525446],[-53.231999999600184,-22.77599999892601],[-53.23100000024976,-22.769999999226034],[-53.23100000024976,-22.76199999902627],[-53.231000000249765,-22.75099999897665],[-53.23299999984994,-22.740999999176754],[-53.235000000349714,-22.73199999962646],[-53.23999999980009,-22.721999998927355],[-53.24600000039964,-22.71099999977693],[-53.25200000009988,-22.702999999577216],[-53.259000000049916,-22.69399999912784],[-53.264000000399676,-22.688999999677467],[-53.268999999849996,-22.684999999577723],[-53.275999999800085,-22.67999999922809],[-53.28399999999987,-22.67499999977783],[-53.29200000019978,-22.67099999967796],[-53.30300000024972,-22.6669999995781],[-53.31400000029976,-22.66399999972803],[-53.32199999960028,-22.660999998978745],[-53.32900000044964,-22.659999999628162],[-53.33600000039962,-22.65899999937839],[-53.3490000000499,-22.65899999937839],[-53.358999999850035,-22.65899999937839],[-53.36700000004993,-22.660999998978745],[-53.36999999990001,-22.660999998978745],[-53.37699999985006,-22.661999999228478],[-53.380999999950006,-22.66299999947825],[-53.38699999965013,-22.664999999078553],[-53.390999999750136,-22.665999999328328],[-53.39199999999988,-22.665999999328328],[-53.40000000019978,-22.6669999995781],[-53.40999999999991,-22.66899999917841],[-53.418999999550245,-22.669999999428192],[-53.42500000014979,-22.671999999028376],[-53.42900000024975,-22.673999999527933],[-53.43200000009989,-22.673999999527922],[-53.44599999999996,-22.665999999328328],[-53.454000000199756,-22.66299999947825],[-53.4570000000499,-22.65399999902887],[-53.462000000399655,-22.645999999728538],[-53.46500000024969,-22.6409999993789],[-53.46999999970018,-22.629999999329158],[-53.47399999980013,-22.62299999937928],[-53.47699999965016,-22.617999999029696],[-53.480000000399684,-22.61299999957927],[-53.48399999960026,-22.607999999229637],[-53.48899999995001,-22.60299999977943],[-53.49499999965019,-22.597999999429796],[-53.50199999960029,-22.59299999908016],[-53.50599999970018,-22.589999999230184],[-53.51200000029973,-22.58599999913034],[-53.51799999999997,-22.58399999953005],[-53.522000000099865,-22.58199999903048],[-53.52900000004985,-22.57999999943018],[-53.53700000024974,-22.57799999893062],[-53.541999999700124,-22.576999999580217],[-53.54500000044965,-22.57599999933043],[-53.54999999990002,-22.57599999933043],[-53.5559999996002,-22.574999999080656],[-53.56200000019975,-22.574999999080656],[-53.56699999965025,-22.574999999080664],[-53.56799999990005,-22.574999999080656],[-53.57199999999988,-22.573999999730148],[-53.57700000034964,-22.572999999480356],[-53.58199999980013,-22.572999999480356],[-53.58599999989997,-22.57199999923059],[-53.588999999750115,-22.57199999923059],[-53.592999999850065,-22.57199999923058],[-53.596999999950015,-22.57199999923058],[-53.60100000004985,-22.57199999923059],[-53.6039999999,-22.57199999923059],[-53.60900000024975,-22.572999999480356],[-53.61499999994987,-22.573999999730148],[-53.620000000299626,-22.574999999080656],[-53.624999999750166,-22.576999999580217],[-53.631999999700156,-22.578999999180407],[-53.635999999800106,-22.57999999943019],[-53.64299999975014,-22.583999999530036],[-53.6490000003497,-22.58699999938012],[-53.652000000199735,-22.588999998980423],[-53.660000000399634,-22.59399999932993],[-53.66499999985001,-22.59799999942979],[-53.66899999994996,-22.600999999279875],[-53.67199999980011,-22.60299999977943],[-53.67700000014986,-22.606999998979905],[-53.67999999999989,-22.610999999079763],[-53.68299999985003,-22.61399999892984],[-53.68500000034964,-22.615999999429413],[-53.68800000019979,-22.615999999429413],[-53.69200000029974,-22.617999999029696],[-53.695000000149776,-22.61899999927948],[-53.69699999975011,-22.619999999529263],[-53.699000000249725,-22.619999999529263],[-53.703000000349675,-22.620999998879622],[-53.70499999995002,-22.62099999887962],[-53.71000000029966,-22.62099999887962],[-53.71499999975015,-22.62199999912938],[-53.7189999998501,-22.62199999912939],[-53.722999999949934,-22.62299999937928],[-53.72599999980008,-22.623999999629067],[-53.72899999965023,-22.623999999629067],[-53.73200000039964,-22.62499999897952],[-53.73699999985001,-22.62699999947903],[-53.73999999970016,-22.62799999972892],[-53.74399999980011,-22.629999999329172],[-53.74699999965021,-22.630999999578886],[-53.750000000399666,-22.63199999892946],[-53.751999999999946,-22.632999999179233],[-53.75399999960024,-22.634999999678794],[-53.75499999985005,-22.634999999678794],[-53.75700000034971,-22.635999999029256],[-53.760000000199796,-22.63799999952882],[-53.76199999980008,-22.639999999128996],[-53.764000000299745,-22.6409999993789],[-53.76599999990003,-22.64299999897914],[-53.767000000149835,-22.64299999897913],[-53.76800000039964,-22.64499999947864],[-53.771000000249785,-22.646999999078986],[-53.77299999985007,-22.648999999578496],[-53.77500000034962,-22.65099999917878],[-53.77599999970016,-22.65199999942858],[-53.77800000019982,-22.65399999902887],[-53.77999999980011,-22.655999999528433],[-53.78200000029972,-22.65899999937839],[-53.782999999650144,-22.659999999628173],[-53.78399999990006,-22.659999999628173],[-53.785000000149864,-22.661999999228478],[-53.786999999750094,-22.66399999972803],[-53.7879999999999,-22.665999999328328],[-53.7890000002497,-22.6669999995781],[-53.78999999960024,-22.667999998928615],[-53.79099999985005,-22.669999999428192],[-53.79300000034965,-22.672999999278144],[-53.79399999970019,-22.673999999527933],[-53.794999999949994,-22.67699999937801],[-53.7970000004496,-22.67999999922809],[-53.79799999980003,-22.681999999727648],[-53.79799999980003,-22.68399999932794],[-53.79900000004994,-22.685999998928132],[-53.80000000029975,-22.68799999942769],[-53.80099999965018,-22.69099999927776],[-53.80199999989998,-22.69399999912784],[-53.80300000014978,-22.6979999992277],[-53.804000000399576,-22.69999999972726],[-53.80400000039958,-22.70399999892773],[-53.80499999975013,-22.707999999027596],[-53.80499999975012,-22.71199999912745],[-53.80499999975013,-22.715999999227193],[-53.80499999975013,-22.7179999997267],[-53.80400000039958,-22.72799999952677],[-53.80199999989998,-22.741999999426525],[-53.80000000029975,-22.7549999990765],[-53.79900000004995,-22.764999999775725],[-53.79900000004995,-22.765999999126187],[-53.80300000014977,-22.768999998976206],[-53.80799999960027,-22.774999999575613],[-53.81000000009988,-22.777999999425692],[-53.812999999950016,-22.78299999977522],[-53.81500000044963,-22.7859999996253],[-53.81800000029966,-22.79099999907568],[-53.819999999900006,-22.794999999175413],[-53.82200000039961,-22.79899999927527],[-53.822999999750145,-22.80299999937512],[-53.823999999999955,-22.806999999474982],[-53.82500000024976,-22.810999999574737],[-53.82699999984999,-22.8159999990251],[-53.828000000099905,-22.821999999624527],[-53.82999999970014,-22.826999999074786],[-53.83200000019975,-22.836999999774065],[-53.833999999800085,-22.84399999972389],[-53.83500000004989,-22.844999999074403],[-53.83699999965023,-22.84799999892437]],[[-53.75358623861399,-22.92154617903476],[-53.7592109997878,-22.902207999521934],[-53.74670599958216,-22.900591999643424],[-53.73338599956417,-22.891491999079072],[-53.72662199970546,-22.88303299929623],[-53.74180300010835,-22.87306399912728],[-53.72971700033918,-22.82899399929771],[-53.709261000394754,-22.825380999057938],[-53.709761000070046,-22.81571699946426],[-53.70042200017508,-22.766852998892315],[-53.70790800005409,-22.71678099927034],[-53.706324999898804,-22.71677199975461],[-53.70541700029429,-22.71624199959521],[-53.704483000390034,-22.71520799957613],[-53.704128000206936,-22.714530998933146],[-53.70358899963252,-22.71374699965102],[-53.70283099975074,-22.713568999536367],[-53.702258000306415,-22.71342799932942],[-53.702580999913096,-22.712438999586887],[-53.70269699986659,-22.711407999706157],[-53.7021919999607,-22.711182999222753],[-53.70127199980282,-22.710982998992886],[-53.700775000265935,-22.711141999130717],[-53.7000829998305,-22.712052999772837],[-53.69947200043242,-22.71227799935696],[-53.69750799979431,-22.712288998964823],[-53.69640300009826,-22.711707999151628],[-53.69534699996398,-22.711510999060092],[-53.69531700037925,-22.711105999269222],[-53.695586000193664,-22.71079999954706],[-53.69555799980179,-22.710607999686246],[-53.694485999829006,-22.710582999432678],[-53.693944000015506,-22.710913999408355],[-53.692824999673974,-22.710955999546552],[-53.692425000113644,-22.71149699931382],[-53.6910559999344,-22.71149699931382],[-53.69074700007394,-22.71081899952393],[-53.689856000353984,-22.710768999016906],[-53.68979999957025,-22.711477999336942],[-53.69077499956654,-22.71225299910332],[-53.69010300005334,-22.712968999746284],[-53.689000000449596,-22.71264399914793],[-53.6880279996924,-22.711913999658137],[-53.68644400039028,-22.711532999175308],[-53.686296999906574,-22.71093599952358],[-53.685491999655994,-22.710585999571023],[-53.68489700009644,-22.71066099943236],[-53.68450299991349,-22.711371998945385],[-53.683835999731514,-22.71121399975308],[-53.68346100042481,-22.710682999547572],[-53.68307199957309,-22.710605999593994],[-53.68242500031346,-22.711430998968204],[-53.682802999758515,-22.71204399935783],[-53.6826720000127,-22.712388999079792],[-53.6816080004088,-22.71287799914704],[-53.67998300011527,-22.71380299953549],[-53.67923299970312,-22.714007999096534],[-53.678766999797176,-22.713457998914265],[-53.67840600023669,-22.71256699919433],[-53.677363999848694,-22.712946999631065],[-53.67676700019683,-22.71276699942422],[-53.67666099980528,-22.712060999242517],[-53.67665300033565,-22.711610999175047],[-53.67531899997175,-22.711205999384084],[-53.67439999986004,-22.71087799954686],[-53.673317000279326,-22.710210999364953],[-53.6720779997998,-22.709955999296763],[-53.671468999594595,-22.70923599936869],[-53.6705359997365,-22.708205999534115],[-53.66936399964886,-22.707816999581716],[-53.668330999675845,-22.707385999491066],[-53.66792799997716,-22.707841998935912],[-53.66732199991031,-22.708471999210172],[-53.66691399998109,-22.708541999740337],[-53.6662279998223,-22.70855599948667],[-53.665492000055735,-22.708266999649176],[-53.66449700003648,-22.70751399909858],[-53.663266999971995,-22.70744399946791],[-53.66261100029732,-22.708035998889095],[-53.66254700004396,-22.7077829989131],[-53.66230799981423,-22.707877999696777],[-53.66177500041585,-22.70756899893695],[-53.66167200016264,-22.707257998984346],[-53.66233300006786,-22.706571999724893],[-53.66217199983789,-22.705674999728256],[-53.66156899990933,-22.704421999502486],[-53.65953899982492,-22.703557999229233],[-53.65844199959855,-22.703738999482226],[-53.65841400010596,-22.702493999625343],[-53.65788299990044,-22.702368999256922],[-53.6566279995825,-22.702074999188774],[-53.65500600032658,-22.702885999716045],[-53.65441099986765,-22.702449999394965],[-53.654038999799916,-22.70283299907066],[-53.653668999824454,-22.703449999644743],[-53.65307800044934,-22.704066999319455],[-53.65251100038233,-22.704830999477966],[-53.652610999597925,-22.705396999498877],[-53.65183899996982,-22.706016999311924],[-53.65109199969595,-22.705568999336773],[-53.65078299983554,-22.70574199922077],[-53.65121700006444,-22.706132999265304],[-53.65145300015581,-22.70690599893961],[-53.650588999882416,-22.707316999007173],[-53.64926900016411,-22.706293999495337],[-53.649372000417436,-22.70689699942388],[-53.64954400025533,-22.707649999075095],[-53.64871699988953,-22.70764199960542],[-53.64789399970829,-22.70717199951504],[-53.64783299959322,-22.706541999240763],[-53.64830599982196,-22.706082999657642],[-53.64744399964076,-22.706321998987985],[-53.646974999596466,-22.706871999170314],[-53.64615599959967,-22.70592199942761],[-53.6460579995769,-22.705524999106203],[-53.64568899964752,-22.70494399929307],[-53.645318999671986,-22.705516999636757],[-53.64444399979073,-22.705468999221743],[-53.64436699983713,-22.706077999426917],[-53.6433139998411,-22.70592799970432],[-53.64328100011801,-22.705446999106588],[-53.643325000348455,-22.704166999434417],[-53.643064000003555,-22.703435998999144],[-53.64263299991296,-22.703232999530247],[-53.64155799980177,-22.703060999692347],[-53.6401030001532,-22.703066999069666],[-53.63944699957931,-22.702760999347614],[-53.63930300013328,-22.702177999442096],[-53.639497000086465,-22.70183899909752],[-53.64107800014949,-22.70224199969546],[-53.64173900005477,-22.701646999236594],[-53.642007999869236,-22.700652999263458],[-53.64121400012595,-22.70036099928774],[-53.64151100033223,-22.6995389991525],[-53.64115300001083,-22.699543999383092],[-53.64098600040353,-22.70009199947322],[-53.640767000196774,-22.70039199891868],[-53.6402079995994,-22.700418999264457],[-53.63937799999462,-22.700285999426402],[-53.638827999812236,-22.699560999267717],[-53.63834700011386,-22.69906699896992],[-53.638671999812914,-22.69847499954863],[-53.638491999606,-22.698393999410634],[-53.637942000323,-22.69890599963927],[-53.63713600002626,-22.698877999247294],[-53.636131000445296,-22.698913999108782],[-53.63587200019259,-22.699505999429356],[-53.635403000148294,-22.700688999125063],[-53.63491400008098,-22.700780999770352],[-53.63421100003757,-22.700330999702942],[-53.63363899973996,-22.699646999636414],[-53.633057999926734,-22.69852499915644],[-53.63295299958122,-22.69770799925186],[-53.633546999994,-22.697257999184455],[-53.63349700038617,-22.696963999116303],[-53.63301899992689,-22.696510998910558],[-53.63240000015986,-22.695724999536182],[-53.63240799962938,-22.696205999234547],[-53.63196699997695,-22.696549998910395],[-53.63109400018794,-22.696543999532963],[-53.6307889996126,-22.696863999001458],[-53.63013600007628,-22.697857998974534],[-53.62879200015061,-22.6977559996667],[-53.6278810004078,-22.696974999623666],[-53.627360999810264,-22.696730999163403],[-53.62655799965188,-22.696868999232006],[-53.6262000002298,-22.696810999255277],[-53.625283000210224,-22.695674999029155],[-53.62485600030413,-22.69547199956031],[-53.623953000030895,-22.696302999211046],[-53.62321700026433,-22.69633599893436],[-53.6222309997608,-22.696374998934207],[-53.62146100022494,-22.69590599888981],[-53.62164399967082,-22.694852998893914],[-53.621527999717394,-22.69466699930974],[-53.62088299965069,-22.6949499997698],[-53.62047799985976,-22.694702999171238],[-53.62008599976907,-22.69416399949617],[-53.6200610004148,-22.69290599903986],[-53.62025799960697,-22.6925669995946],[-53.620603000228186,-22.691849998905496],[-53.62056400022835,-22.690968999646813],[-53.620202999768594,-22.6908059993247],[-53.61943899961005,-22.6906939995556],[-53.6194940003478,-22.690063999281346],[-53.61984400030031,-22.689616999352285],[-53.61947799960984,-22.689202999146367],[-53.61895299968114,-22.688624999471397],[-53.61858899998231,-22.688335999634024],[-53.61818900042192,-22.68846899947208],[-53.61771900033153,-22.688560999218044],[-53.61746899959462,-22.68829199940352],[-53.61773300007786,-22.68811899951953],[-53.61770599973198,-22.68776399933643],[-53.61754200026303,-22.68745299938377],[-53.617491999755934,-22.687157999269587],[-53.61804199993833,-22.68668899922531],[-53.618556000259105,-22.686574999364076],[-53.61866399984365,-22.686446999756566],[-53.61841400000605,-22.686177999042776],[-53.61814400014543,-22.686205999434648],[-53.61771900033153,-22.686232998881156],[-53.617182999895476,-22.686199999158],[-53.617182999895476,-22.68615799901981],[-53.61712800005711,-22.685696999344433],[-53.6175970001014,-22.685646999736655],[-53.6180169996847,-22.68538899953012],[-53.618417000144404,-22.68517199941562],[-53.61856899995934,-22.68504399890885],[-53.61798600005375,-22.68494699893223],[-53.61720299991845,-22.6848969993244],[-53.61673900010476,-22.684613999763673],[-53.616094000038004,-22.68420299969611],[-53.61592500033833,-22.683513999398926],[-53.61623100006051,-22.683471999260806],[-53.618283000260135,-22.68258899901048],[-53.61793100021538,-22.681605999544708],[-53.615868999554664,-22.681863999751123],[-53.61628599989888,-22.681046998947338],[-53.61627200015267,-22.680716999017807],[-53.61677499996625,-22.680096999204654],[-53.61505299969616,-22.680066999619793],[-53.61411399956137,-22.680102999481285],[-53.61296899981937,-22.679910999620475],[-53.612358000421295,-22.679607999137396],[-53.612103000353095,-22.67902499923188],[-53.612066999592344,-22.678352999718637],[-53.61223600019122,-22.6778249996516],[-53.61109999996494,-22.676880999286276],[-53.610999999850094,-22.676293999196325],[-53.61052500042837,-22.676071999750594],[-53.60998299971561,-22.67580799926724],[-53.60973299987796,-22.675663998922],[-53.609703000293166,-22.67522499936185],[-53.60989700024635,-22.67486399890199],[-53.61000599987693,-22.67467499917945],[-53.60947499967142,-22.67497799966248],[-53.60910599974204,-22.67559199919901],[-53.60870800027391,-22.675827999290213],[-53.608368999929326,-22.675685999037224],[-53.60807499986129,-22.675418999314903],[-53.60792800027696,-22.674791999178932],[-53.60801099960793,-22.674371999595767],[-53.608761000020024,-22.67383299902137],[-53.60829700020634,-22.672980999301277],[-53.60804999960777,-22.672943999393684],[-53.60737800009451,-22.67293299888644],[-53.6071500003722,-22.672727999325392],[-53.6070310002803,-22.672246999626985],[-53.60736100020989,-22.672032999650884],[-53.607144000095495,-22.671155999677342],[-53.606525000328475,-22.67030599915024],[-53.605861000284904,-22.66956099896865],[-53.60542499996376,-22.668938999063272],[-53.60510599964209,-22.66864999922574],[-53.60457200019761,-22.66888899945546],[-53.60333099962588,-22.66852199961829],[-53.602761000319845,-22.667721999598378],[-53.60248600022868,-22.667368999507538],[-53.60210000041462,-22.66692199957843],[-53.60151100023239,-22.66616699893569],[-53.60073100023544,-22.66554699912252],[-53.600482999590724,-22.66519199893942],[-53.60023900002972,-22.66488099898671],[-53.599999999800055,-22.664766999125522],[-53.59902199966553,-22.664185999312323],[-53.59835000015233,-22.663932999336325],[-53.597489000017276,-22.663382999153956],[-53.59671899958215,-22.662891998994393],[-53.5957560001392,-22.662780999271565],[-53.595039000349516,-22.662646999387405],[-53.59458099991309,-22.66206699962029],[-53.59415800019144,-22.662302999711542],[-53.59337500005614,-22.66229399929656],[-53.592530999805774,-22.662621999133894],[-53.59130800006409,-22.663041999616453],[-53.590317000229284,-22.66374999899113],[-53.58999999999992,-22.664760999748147],[-53.58873099993559,-22.665077999078232],[-53.5880940002379,-22.665693999606212],[-53.586478000359364,-22.665427999030793],[-53.585833000292666,-22.66568899937567],[-53.58458600034362,-22.667177999692758],[-53.58293099956592,-22.667205999185253],[-53.58147800000961,-22.66718599916228],[-53.58093300005788,-22.6667559991179],[-53.57969999985505,-22.66672799962525],[-53.57815299956121,-22.6665059992802],[-53.57683299984296,-22.666421999003866],[-53.57558599989392,-22.66679999934828],[-53.57537500005611,-22.667430999668642],[-53.57477800040437,-22.667777999482844],[-53.57439199969093,-22.66753099888428],[-53.57381400001606,-22.66774999909098],[-53.57268600015875,-22.668355999157825],[-53.57233099997558,-22.668571999226106],[-53.57134699956429,-22.668566998995566],[-53.57036400009849,-22.668602999756438],[-53.57018099975329,-22.66845799936493],[-53.5698560000543,-22.66777199920621],[-53.569457999686904,-22.666791998979402],[-53.56908599961906,-22.666021999443554],[-53.568100000014965,-22.66599699918998],[-53.56767500020106,-22.666066999720037],[-53.567131000295326,-22.66680799971711],[-53.5667499998126,-22.667466999530134],[-53.56590799965437,-22.668380999411394],[-53.56580600034653,-22.668968999547463],[-53.565657999816786,-22.66943299936119],[-53.56440599963713,-22.669493999476206],[-53.56315000017236,-22.669199999408168],[-53.56240600003679,-22.66891899904031],[-53.56186100008506,-22.668591999249088],[-53.561497000386225,-22.668282999388616],[-53.561446999879024,-22.66790599909031],[-53.5616829999704,-22.667399999138436],[-53.561721999970246,-22.66710599907039],[-53.56144699987903,-22.66679399907159],[-53.560996999811664,-22.66680299948658],[-53.56099199958106,-22.666277999557828],[-53.56114200020311,-22.665960999328483],[-53.560918999811975,-22.666068998913026],[-53.56098099997308,-22.66571099949084],[-53.56050799974423,-22.6654889991458],[-53.5592559995647,-22.66550799912267],[-53.558844000350284,-22.666355999557524],[-53.558064000353276,-22.667796999459714],[-53.558066999592256,-22.66920599968493],[-53.55809399993802,-22.670721999448457],[-53.558632999613216,-22.671968999397418],[-53.55935799977181,-22.67305799925487],[-53.560203000068384,-22.674385999341986],[-53.56153100015547,-22.676321999588186],[-53.56207199992276,-22.677807999766923],[-53.56202799969237,-22.679196999069728],[-53.56173100038524,-22.680807999616885],[-53.560928000226966,-22.681743999613303],[-53.55954200016311,-22.682952999608695],[-53.55853100030537,-22.684046999696683],[-53.55706400010348,-22.684796999209553],[-53.55550600020165,-22.685393999760667],[-53.55459400041275,-22.685671999090793],[-53.55331900007178,-22.686463999641227],[-53.55215600039895,-22.687007999546914],[-53.55147200033242,-22.686866999339905],[-53.550908000403865,-22.686852999593572],[-53.54948100024785,-22.687030999708238],[-53.548127999907194,-22.688766999724557],[-53.54695799991173,-22.690127999534816],[-53.545950000192306,-22.691463999091443],[-53.546169000399004,-22.6931779989926],[-53.54667500035089,-22.695149999100302],[-53.54754399995551,-22.696518999279448],[-53.547944000415214,-22.697768999366925],[-53.54828900013723,-22.698663999271254],[-53.54921399962626,-22.70043299901073],[-53.54981400031585,-22.702446999256612],[-53.5495469996942,-22.704496999364004],[-53.549086000018804,-22.70624199889604],[-53.54843299958321,-22.707768999166767],[-53.54810299965362,-22.708896999024063],[-53.54778300018529,-22.709430999367914],[-53.54682199993533,-22.710699999432208],[-53.54541099961784,-22.711888999404497],[-53.54424399976074,-22.712235999218652],[-53.5427560003891,-22.71291899923919],[-53.542174999676426,-22.71317199921507],[-53.54041400030581,-22.71315599937655],[-53.53874699987409,-22.713202999745402],[-53.53708599971907,-22.713382999052936],[-53.53618300034515,-22.714102998980966],[-53.5354970001863,-22.71501699976141],[-53.534967000026995,-22.716893999085418],[-53.534649999797644,-22.718813999493104],[-53.534792000050686,-22.720152999188148],[-53.53505799972685,-22.72184199973505],[-53.53550799979428,-22.72326399966036],[-53.53589200041546,-22.724974999423168],[-53.53644699992906,-22.72591099941954],[-53.53719400020293,-22.72697799916176],[-53.537875000131066,-22.728243999087603],[-53.538717000289296,-22.729352998968018],[-53.53954199966353,-22.730791999677333],[-53.54016899979945,-22.73170599955853],[-53.54107800034939,-22.732635999278198],[-53.54171900023163,-22.73427499931797],[-53.54236400029833,-22.73606899931102],[-53.542594000112956,-22.737232999029743],[-53.542524999628995,-22.73844399911738],[-53.54233299976807,-22.73963299908979],[-53.541977999584965,-22.740693999454578],[-53.54141100041728,-22.741671999589204],[-53.54075599988943,-22.74306899926094],[-53.53976900023912,-22.744316999256057],[-53.539255999964325,-22.744413999232677],[-53.53805799957689,-22.744474999347744],[-53.53634399967581,-22.744413999232677],[-53.53474200044286,-22.744110999648917],[-53.53386699966222,-22.743816999580837],[-53.53282800031196,-22.7434139989829],[-53.53197200040739,-22.74285599933089],[-53.53120800024897,-22.742099999541384],[-53.53027200025252,-22.741035999038232],[-53.529506000001845,-22.74016699943352],[-53.52856899995936,-22.739146999160774],[-53.52785000007742,-22.738257999533204],[-53.527036000311114,-22.737324999675135],[-53.526153000060845,-22.73661399926284],[-53.524843999950576,-22.735666999658548],[-53.524141999953315,-22.735677999266425],[-53.52381700025427,-22.73592499896577],[-53.52317500032592,-22.736768999216068],[-53.52256400002847,-22.7379439994422],[-53.52170800012407,-22.738749999738868],[-53.52083300024265,-22.739643999597025],[-53.51996699987711,-22.741021999291902],[-53.51905600013424,-22.742466999378557],[-53.51917200008762,-22.743763998935446],[-53.519655999924396,-22.744524998955573],[-53.52010599999181,-22.7447829991621],[-53.52153100005552,-22.7456609991817],[-53.52298299956567,-22.74682799903889],[-53.524833000342596,-22.74910799896083],[-53.5255110001325,-22.75015299948721],[-53.5260689997844,-22.75115599897596],[-53.52609700017638,-22.75264999952365],[-53.52590799955448,-22.753885998965423],[-53.52545600029413,-22.754860998961643],[-53.524347000413684,-22.755846999465152],[-53.52308299968064,-22.755999999326285],[-53.52148299964068,-22.75586899958041],[-53.52021100033721,-22.755646999235378],[-53.51917200008762,-22.75524699967504],[-53.5180109996079,-22.75467199923917],[-53.51687200014266,-22.75394199974927],[-53.515307999964186,-22.75317499945252],[-53.51339199974092,-22.752432999409155],[-53.511407999979035,-22.75171699966558],[-53.50991699956984,-22.751124999345127],[-53.50845300040555,-22.750663999669623],[-53.50637199976791,-22.749793999119674],[-53.50521100018738,-22.749263998960323],[-53.504405999936864,-22.748857999123302],[-53.50362499989381,-22.748493999424483],[-53.503099999964945,-22.74806399937987],[-53.50217799971483,-22.747571999174333],[-53.501253000225745,-22.747080999014877],[-53.50014200025305,-22.746635999177904],[-53.49891400028082,-22.746216999640723],[-53.49738299982545,-22.7460189995032],[-53.495808000039126,-22.74597799941116],[-53.49346399986364,-22.746124998995498],[-53.49090799980423,-22.74623099938704],[-53.48992799957739,-22.746552998947735],[-53.48916100017999,-22.746938999661104],[-53.487892000115664,-22.748124999495044],[-53.487233000302695,-22.749343999052197],[-53.487255999564695,-22.7507079990008],[-53.48773900025458,-22.752702999269765],[-53.487457999886715,-22.753982998942046],[-53.486885999589106,-22.754871999468996],[-53.48638900005221,-22.75598099934941],[-53.48639200019056,-22.757343999251923],[-53.48670300014328,-22.757646999734938],[-53.487707999724364,-22.758732999454036],[-53.488950000342186,-22.759921999426332],[-53.490253000175755,-22.76060599949286],[-53.4915279996174,-22.760960999676016],[-53.493339000394485,-22.761196999767396],[-53.495636000201216,-22.76116899937542],[-53.49809999961519,-22.760835999307535],[-53.499522000439924,-22.760438998986245],[-53.50111400011099,-22.7600859988954],[-53.50252200029002,-22.76014999914882],[-53.50363300026271,-22.76044199912459],[-53.50493299995793,-22.760968999145597],[-53.5068029998585,-22.7621329997637],[-53.50757500038594,-22.762952998907366],[-53.50804200033798,-22.76406699901827],[-53.50844199989831,-22.765468998920625],[-53.509021999665435,-22.766318999447734],[-53.5096000002398,-22.767213999352105],[-53.511394000232876,-22.76900799934515],[-53.5129170003192,-22.7699969990877],[-53.51403899989981,-22.77105799945248],[-53.514667000081886,-22.77205799970226],[-53.5148749997814,-22.77308899958298],[-53.515061000264836,-22.774363999024665],[-53.51503099978073,-22.776474999247107],[-53.514186000383575,-22.777741999219156],[-53.514203000268196,-22.778666999607605],[-53.51451899955208,-22.779407999604683],[-53.51500600042647,-22.78023899925561],[-53.516772000027686,-22.781793999018927],[-53.52012199983034,-22.783963999264245],[-53.52202799959247,-22.785382999051212],[-53.522871999842835,-22.7867359993919],[-53.52320599995687,-22.789480999173733],[-53.52134999980263,-22.78942199915092],[-53.52066899987443,-22.789518999127473],[-53.51974200029298,-22.79008299905613],[-53.51718100000312,-22.791307998889927],[-53.51538299982547,-22.79111099969777],[-53.514738999804884,-22.790874999606384],[-53.51414200015313,-22.790146999309542],[-53.513633000062846,-22.78944699940443],[-53.51315000027227,-22.788580999038803],[-53.512316999629775,-22.787635999526774],[-53.51145600039405,-22.78685799962203],[-53.51072199982042,-22.786541999438775],[-53.509150000172326,-22.786730999161296],[-53.508039000199624,-22.78650299943882],[-53.50663300011279,-22.786141998979073],[-53.5056030002782,-22.785666999557417],[-53.50448600002875,-22.78510799896006],[-53.503424999663935,-22.784552999446454],[-53.503035999711585,-22.78403899912559],[-53.50231899992184,-22.783066999267668],[-53.50119400020293,-22.782182998971265],[-53.50009699997645,-22.78113599925201],[-53.49882499977389,-22.780224999509272],[-53.497161000379776,-22.77997799891071],[-53.49631900022166,-22.780318999347486],[-53.495400000109896,-22.780963999414173],[-53.494256000414055,-22.780624999069637],[-53.49385800004661,-22.779538999350546],[-53.494282999860445,-22.778902999698854],[-53.49497200015765,-22.77837499963176],[-53.495627999832266,-22.777435999497044],[-53.49524700024875,-22.777357999497365],[-53.49472200031999,-22.7774749994969],[-53.493803000208224,-22.776532999223775],[-53.49341100011754,-22.77585799957224],[-53.49215799989174,-22.774346999140036],[-53.49079199985084,-22.77291899893797],[-53.48947500027094,-22.77261399926189],[-53.488018999677024,-22.772718999607473],[-53.48726399993359,-22.77289399958377],[-53.486081000237846,-22.7731829994212],[-53.48523299980303,-22.772452999032033],[-53.48438300017517,-22.77157499901233],[-53.48318299969566,-22.770738999130938],[-53.48248599992894,-22.77028599892506],[-53.481617000324206,-22.76977499964196],[-53.48101100025741,-22.769418999412647],[-53.47981700005448,-22.768618999392753],[-53.479278000379395,-22.768663999669247],[-53.478521999690486,-22.769235999067572],[-53.477478000109556,-22.76925299895219],[-53.47671399995107,-22.768741999669036],[-53.47625300027556,-22.768491998932017],[-53.47578899956261,-22.768657999392598],[-53.475592000370455,-22.768568998885673],[-53.47418600028357,-22.768049999233508],[-53.47453100000553,-22.7677029994193],[-53.47494200007321,-22.76713099912172],[-53.47500600032657,-22.76631399921719],[-53.474439000259565,-22.765507998920473],[-53.47376399970875,-22.76484199968409],[-53.47244700012886,-22.764318998948166],[-53.47183899996975,-22.76436399922465],[-53.470760999720255,-22.765171999613614],[-53.4691720001876,-22.764741999569186],[-53.46813299993795,-22.764866999038343],[-53.46724200021805,-22.764930999291696],[-53.46619399955342,-22.765316999105757],[-53.46551899990187,-22.76602199924134],[-53.4638860001387,-22.767202999744136],[-53.46234700021387,-22.768013999372013],[-53.46173099968587,-22.768271999578552],[-53.46023299985296,-22.769157999067776],[-53.45880599969706,-22.76951399929707],[-53.4580639996538,-22.768927999253215],[-53.457994000023064,-22.768416999070677],[-53.45836099986019,-22.76753299967366],[-53.45835799972184,-22.76674399926161],[-53.4574720002326,-22.766363999724323],[-53.45692200005021,-22.766738999031013],[-53.45631399989116,-22.767899999510846],[-53.45550000012486,-22.76797199923388],[-53.454863999573774,-22.76776099939602],[-53.45408100033785,-22.768068999210385],[-53.45326699967228,-22.768227999348166],[-53.45241900013673,-22.76799399934904],[-53.45155299977108,-22.7680829989567],[-53.451017000234344,-22.767596999027752],[-53.450093999938126,-22.767341998959562],[-53.448607999759304,-22.766907999629943],[-53.44757199964801,-22.766391999216864],[-53.44665000029722,-22.76619699921766],[-53.44612500036839,-22.76558099958893],[-53.445313999841176,-22.76526699949793],[-53.44450000007481,-22.765477999335726],[-53.44442800035182,-22.765796999657336],[-53.44371099966287,-22.76694399949144],[-53.44323300010285,-22.76710599976757],[-53.44194400001555,-22.766821999261364],[-53.441435999971304,-22.766846999514936],[-53.44019400025286,-22.767310999328615],[-53.43901900002674,-22.76702799976788],[-53.438239000029796,-22.766524999054987],[-53.43672500035842,-22.766466999078155],[-53.43540000040963,-22.767393999558845],[-53.43409400043771,-22.767499999051136],[-53.43343299963306,-22.766971998984094],[-53.432747000373695,-22.76695299900722],[-53.432307999914144,-22.767868998980614],[-53.431860999985076,-22.76844399941645],[-53.430578000174535,-22.768066999118123],[-53.43009699957685,-22.76741399958193],[-53.42965299978607,-22.76728299893675],[-53.42893099976573,-22.76748099907425],[-53.428018999976814,-22.767046999744753],[-53.42727199970301,-22.766957999237764],[-53.4262809998682,-22.76730599909807],[-53.425146999734125,-22.766991999007065],[-53.422655999974324,-22.766818999122897],[-53.4227970001814,-22.76628099949404],[-53.42308600001877,-22.76536099933614],[-53.42208899990732,-22.763980999548952],[-53.41850600015169,-22.764055999410296],[-53.41727800017952,-22.763774999042425],[-53.41424199956856,-22.763371999343775],[-53.41291899971196,-22.763788999688142],[-53.41246699955236,-22.765241999244413],[-53.41189200001576,-22.765846999265165],[-53.41105600013418,-22.766724999284744],[-53.408794000142954,-22.766785999399872],[-53.40786699966214,-22.766727999423033],[-53.40738599996382,-22.766174999102315],[-53.405699999555274,-22.7664359994472],[-53.4071610003798,-22.765199999106223],[-53.40742199982532,-22.764574999062514],[-53.40639400008292,-22.76468099945406],[-53.405299999994895,-22.765168999475264],[-53.40418900002225,-22.764918999637633],[-53.40405800027645,-22.764627999708004],[-53.40292800032694,-22.763046999644903],[-53.40210600019168,-22.762916999045874],[-53.40201699968469,-22.76332799911338],[-53.401177999664924,-22.764077999525632],[-53.400292000175625,-22.764002999664285],[-53.399528000017085,-22.763571999573642],[-53.39784199960854,-22.762796998907984],[-53.39656400002855,-22.761930999441628],[-53.395777999754785,-22.760705999607833],[-53.39463099992065,-22.75935599940555],[-53.39391400013096,-22.758368999755216],[-53.392346999814094,-22.757510999758427],[-53.39101899972695,-22.757102998929998],[-53.39038600021371,-22.756993999299358],[-53.38935799957193,-22.757691999112165],[-53.38856699996699,-22.757582999481574],[-53.38830000024478,-22.75703099920696],[-53.38788600003881,-22.756557998978177],[-53.387218999856884,-22.75633299939416],[-53.38667499995125,-22.756313999417284],[-53.38562199995522,-22.75681399909251],[-53.384833000442605,-22.757024998930316],[-53.38410300005336,-22.756893999184395],[-53.383661000354834,-22.756768999715238],[-53.383393999733244,-22.755974999072706],[-53.38160299987851,-22.756268999140637],[-53.38142499976385,-22.756649999623512],[-53.38150599990183,-22.757813999342243],[-53.380889000227114,-22.758963999314805],[-53.37981900034657,-22.75869399945419],[-53.37886400037325,-22.758496999362674],[-53.377733000377646,-22.75755799922795],[-53.37716100008004,-22.757907999180457],[-53.37701399959633,-22.758138999041275],[-53.377232999803084,-22.759171999014207],[-53.37677200012769,-22.759799999196254],[-53.37648899966757,-22.759805999472903],[-53.37525799955699,-22.759821999311487],[-53.37434399967577,-22.759866999587974],[-53.37365000004735,-22.76046699937817],[-53.37235299959116,-22.761521999466314],[-53.37187800016949,-22.76153099898204],[-53.37165299968609,-22.761266999398075],[-53.37124699984906,-22.760246999125325],[-53.370624999943686,-22.759399999635942],[-53.369505999602154,-22.75802199904174],[-53.36823899963002,-22.756788999738202],[-53.36667200021259,-22.756810998954165],[-53.3655079995944,-22.756971999184145],[-53.364402999898466,-22.75809699890309],[-53.363402999648656,-22.75816899952534],[-53.36228600029858,-22.758563999754486],[-53.36145799988674,-22.75822799954826],[-53.360480999798256,-22.757955999595392],[-53.36019700019136,-22.755541998889868],[-53.3596280000321,-22.754266999448248],[-53.3609170001194,-22.753193999429314],[-53.35933099982566,-22.751196999068114],[-53.35842500031345,-22.75258299913194],[-53.3578170001544,-22.753188999198777],[-53.35728299981048,-22.754313998917723],[-53.35691700001946,-22.755196999167975],[-53.35634199958349,-22.755205999582962],[-53.35537800009456,-22.754941999099792],[-53.3543359997065,-22.755016998961118],[-53.35398599975406,-22.754363999424804],[-53.353502999963375,-22.75361399901268],[-53.35306400040321,-22.75282199936161],[-53.352394000082995,-22.75225299920242],[-53.3514889997175,-22.751507999020827],[-53.35000599967708,-22.75073599939267],[-53.349417000394226,-22.750299999071594],[-53.34817799991464,-22.750007999095757],[-53.34740600028664,-22.749371999444012],[-53.34681900019666,-22.749380998959793],[-53.346406000036836,-22.749110999099116],[-53.34617500017605,-22.749443999167056],[-53.34570800022391,-22.749560999166697],[-53.345144000295306,-22.749102999629663],[-53.344913999581365,-22.749352999467188],[-53.34527500004112,-22.750074999487527],[-53.34589699994655,-22.75035599895606],[-53.34609400003802,-22.751588999158866],[-53.34604699966923,-22.752218999433115],[-53.34549999962525,-22.752749999638613],[-53.34497799983472,-22.75311399933744],[-53.34398099972328,-22.752963999614657],[-53.34368300037011,-22.75272199924664],[-53.34343100044026,-22.751680998904824],[-53.34336700018684,-22.75132499957488],[-53.34329400041776,-22.750585999669987],[-53.34270000000498,-22.750016999510756],[-53.341869000353995,-22.750057999602898],[-53.34157800042436,-22.750660999531334],[-53.341397000171355,-22.75108099911462],[-53.340610999897706,-22.751255999090926],[-53.33975800013155,-22.751102999229786],[-53.339172000087615,-22.75119399892965],[-53.33852499992872,-22.751730999411844],[-53.33796400013847,-22.75244699915548],[-53.337031000280376,-22.75268099915459],[-53.335975000146114,-22.75261399966215],[-53.33546700010186,-22.752099999341272],[-53.334825000173566,-22.752163999594746],[-53.33447800035941,-22.752580999039694],[-53.334252999876014,-22.75302499972972],[-53.33406100001502,-22.75382499974973],[-53.33342200022497,-22.75413599970245],[-53.33263099972084,-22.75417499970229],[-53.33218299974561,-22.754043999057114],[-53.331713999701265,-22.754932999584057],[-53.33151699960973,-22.75589199974174],[-53.331055999934335,-22.756338999670806],[-53.33035600002927,-22.756485999255116],[-53.329921999800376,-22.756932999184176],[-53.32896699982712,-22.757793999319265],[-53.32851399962135,-22.758463999639513],[-53.32816899989939,-22.759143999521598],[-53.32812799980729,-22.760255999540423],[-53.32872799959738,-22.76082199956121],[-53.33008600016871,-22.761324999374732],[-53.33140299974855,-22.76174399891198],[-53.33379999967014,-22.762688999323398],[-53.335635999801525,-22.763638999066092],[-53.337424999564064,-22.764485999454905],[-53.33849200020552,-22.765368999704982],[-53.338930999765815,-22.765646999035283],[-53.339542000063155,-22.765910999518514],[-53.34031399969132,-22.766196999217648],[-53.34153600028617,-22.76668099905436],[-53.342817000004516,-22.76713599935231],[-53.343778000254474,-22.767502999189418],[-53.34527800017946,-22.76803599948718],[-53.34675299985105,-22.768771999253776],[-53.34895599981951,-22.769932999733598],[-53.35031400039071,-22.770685999384764],[-53.35246099957544,-22.771532999773513],[-53.35528300021024,-22.773188999697947],[-53.35656399992854,-22.774074999187174],[-53.35718299969562,-22.774671999738345],[-53.357997000361244,-22.775210999413375],[-53.35837199966795,-22.775591998996813],[-53.35873600026616,-22.775999998926025],[-53.359342000333015,-22.776510999108616],[-53.36065599977451,-22.77691899903783],[-53.36373299957819,-22.777413999381825],[-53.3670559999344,-22.77804699889506],[-53.37120299961867,-22.778571999723177],[-53.37448599992893,-22.77890799903013],[-53.37591900036148,-22.779049999283178],[-53.3789030003731,-22.779635999327056],[-53.38334700026377,-22.779830999326386],[-53.385981000322886,-22.78060799918497],[-53.38885299966615,-22.781955999295047],[-53.39215800009158,-22.783049999383042],[-53.39426400008347,-22.783727999172925],[-53.396603000028385,-22.784399999585315],[-53.40022799992215,-22.78546399918925],[-53.402131000445195,-22.786141998979073],[-53.40388600043854,-22.78668899902316],[-53.40622500038336,-22.787360999435606],[-53.40895300028063,-22.78865599890026],[-53.41100599962716,-22.789577999150236],[-53.41268100042776,-22.790588999007994],[-53.413656000424,-22.791499999650167],[-53.41413600007627,-22.79231099927805],[-53.41551900000178,-22.793268999389632],[-53.41698900034203,-22.794146999409403],[-53.41895800031142,-22.7952609995203],[-53.420964000188356,-22.796785999698947],[-53.423225000133584,-22.798030999555703],[-53.42606699989204,-22.799268999089787],[-53.42832799983727,-22.80032499922409],[-53.43163300026271,-22.80149999945001],[-53.43377199997775,-22.80231099907806],[-53.4354170002943,-22.803241999743147],[-53.43781900044644,-22.804102998978852],[-53.43960299997843,-22.80464699888447],[-53.44136700038666,-22.805766999272187],[-53.44361100044728,-22.807610999772265],[-53.44494700000399,-22.809063999328654],[-53.446106000391524,-22.81038099890846],[-53.447486000178685,-22.811257998882013],[-53.44878900001232,-22.812435999246443],[-53.45063899988986,-22.813499999749645],[-53.452777999604905,-22.81436399912363],[-53.455322000010256,-22.815032999397737],[-53.457485999978815,-22.815655999349257],[-53.460378000244475,-22.816263999508347],[-53.46352499967895,-22.816763999183518],[-53.466675000150985,-22.817118999366624],[-53.469625000393364,-22.81767499892631],[-53.47307500031092,-22.818682999545107],[-53.47606100041475,-22.819699999679504],[-53.47875599968961,-22.82069399965263],[-53.48115799984179,-22.821718999256667],[-53.48440800042886,-22.822813999390764],[-53.48868099962841,-22.824216999339207],[-53.49140800037884,-22.82534699928869],[-53.49407200002275,-22.82636699956145],[-53.49679999992003,-22.827549999257165],[-53.49925799995668,-22.82830299890839],[-53.50142800020194,-22.829141998928133],[-53.503103000103295,-22.8301499995468],[-53.505392000440395,-22.83117799928919],[-53.50767799973988,-22.83214699900875],[-53.5097639997087,-22.833432998957733],[-53.51138599986399,-22.834460999599305],[-53.51306099976522,-22.83527799950402],[-53.51535799957196,-22.83675799940605],[-53.51743900020967,-22.83763599942564],[-53.51848599992883,-22.837963999262964],[-53.52153100005552,-22.838893998982698],[-53.52423099956093,-22.83989699937084],[-53.526719000081755,-22.8407859989984],[-53.528381000282764,-22.841468999018762],[-53.53091100004258,-22.842407999153536],[-53.533049999757615,-22.843218999680804],[-53.534727999797326,-22.844227999446364],[-53.5367860002736,-22.845502998887927],[-53.53843599992143,-22.846566999391186],[-53.538649999897466,-22.847135999550304],[-53.54030000044463,-22.848927999451202],[-53.54296400008843,-22.850110999146878],[-53.545467000401686,-22.851627998956506],[-53.54958100036282,-22.853893999132236],[-53.551078000149516,-22.855274998965513],[-53.55265600007431,-22.856435999445278],[-53.556199999830085,-22.858502999437285],[-53.559824999723844,-22.860402998922606],[-53.56119399990314,-22.86095799933553],[-53.56131099990268,-22.861130999219526],[-53.56368899984744,-22.862352998915085],[-53.56518899977243,-22.863152998935035],[-53.56734999960264,-22.86556899973277],[-53.56950299996339,-22.8674329993566],[-53.571422000325015,-22.86891699944309],[-53.57354400015544,-22.870688999320908],[-53.576696999866556,-22.87314399921927],[-53.578505999652066,-22.8737939995165],[-53.579796999831615,-22.87395599889325],[-53.581872000192625,-22.874938999258415],[-53.58366099995516,-22.876257998930416],[-53.585733000177754,-22.878591999544057],[-53.58798899989234,-22.881280999441316],[-53.59003599986142,-22.88375299922436],[-53.591460999925175,-22.885985999676826],[-53.59295000024225,-22.888577999597693],[-53.59446700005191,-22.891030999403686],[-53.59603599956171,-22.893121999603114],[-53.59838099978328,-22.895891999638632],[-53.60005300044554,-22.89782199960803],[-53.60163899983985,-22.90013299916103],[-53.60326900036397,-22.902443999613297],[-53.60448099959842,-22.904391999513408],[-53.60629699970672,-22.906818999019848],[-53.608155999999376,-22.908846999012013],[-53.60945299955625,-22.91046399893662],[-53.61189399970823,-22.91358899915506],[-53.61565799971681,-22.9185529996432],[-53.61701900042647,-22.920166999429455],[-53.61976700034677,-22.923974999668378],[-53.62175800043133,-22.9278829991229],[-53.62308599961915,-22.931405999708847],[-53.623871999892856,-22.93400799919143],[-53.62422800012206,-22.937138999686677],[-53.62460799965942,-22.938591999242835],[-53.62503599961167,-22.94089699941841],[-53.625193999703235,-22.943068999755983],[-53.62554999993244,-22.946627999304056],[-53.62550000032474,-22.94821099945941],[-53.625050000257204,-22.950052998968026],[-53.624613999936116,-22.952335999028374],[-53.62389400000808,-22.955357998993613],[-53.62398899989239,-22.956849999448988],[-53.624364000098474,-22.960138999136564],[-53.624491999705924,-22.96129199924736],[-53.62474999991247,-22.965810998999267],[-53.625152999611146,-22.966877999640865],[-53.62625299997592,-22.96886899972545],[-53.628056000384056,-22.97084999934875],[-53.63016100032979,-22.973318998993268],[-53.63121899965705,-22.974757999702653],[-53.63169199988574,-22.976318999742734],[-53.633397000271316,-22.97885599892585],[-53.63432499989876,-22.980185999105103],[-53.63544700037874,-22.981818999767604],[-53.63741100011754,-22.984510998903946],[-53.63950300036316,-22.98772199949114],[-53.641025000403374,-22.99031399941182],[-53.64260599956714,-22.992874999701744],[-53.64449200020557,-22.99501899964739],[-53.645042000387946,-22.998127999128002],[-53.64677200012767,-23.00398599947437],[-53.64730300033318,-23.00474699949449],[-53.64749400014796,-23.00692799934762],[-53.647366999687165,-23.011443998961234],[-53.64704700021883,-23.01542499908421],[-53.64702800024196,-23.01869699888705],[-53.646432999783094,-23.021238999200087],[-53.645900000384586,-23.025107999553974],[-53.64595800036124,-23.028468998964588],[-53.64611100022245,-23.0322279996419],[-53.6462749996914,-23.037868998974403],[-53.64643299978309,-23.04052499914863],[-53.64654400040518,-23.042360999279857],[-53.646483000290175,-23.044380998903133],[-53.646794000242835,-23.044518998971725],[-53.64661099989763,-23.045771999197513],[-53.645881000407826,-23.047805999466306],[-53.64590000038459,-23.048860999554464],[-53.64535300034067,-23.049782998905282],[-53.644528000067055,-23.052299998964692],[-53.64373899965505,-23.05394699937341],[-53.64222499998374,-23.055510999551895],[-53.64065799966693,-23.05688299896996],[-53.63868100022791,-23.05835799954082],[-53.63931099960291,-23.06161699964354],[-53.63961900031654,-23.063782999704305],[-53.64041900033658,-23.067632999182102],[-53.641139000264495,-23.07091399940004],[-53.64154400005543,-23.07167799955846],[-53.642603000328165,-23.074968999338275],[-53.643002999888495,-23.076796999100623],[-53.643611000047606,-23.078999999068973],[-53.64443600032109,-23.081774999335032],[-53.64547799980983,-23.08349699960508],[-53.646675000151106,-23.08582499904254],[-53.647475000171085,-23.086874998900257],[-53.648061000214966,-23.08829999896393],[-53.64961700002448,-23.09343299915163],[-53.65021899990688,-23.09545599891319],[-53.650756000389045,-23.099607999727183],[-53.651592000270504,-23.10107499902979],[-53.65285299996595,-23.10432799975511],[-53.65382199968541,-23.106755999307598],[-53.65440000025967,-23.10978299950346],[-53.655127999657395,-23.111724999127027],[-53.65695300018074,-23.114018999694615],[-53.66142799970237,-23.121952999548665],[-53.663706000431546,-23.1281639990865],[-53.66388100040774,-23.131060999582527],[-53.66562499989379,-23.133730999503026],[-53.66747799990975,-23.136391999008588],[-53.66954399985559,-23.139366999504357],[-53.67055599975947,-23.14105299901355],[-53.67151399987108,-23.142718999399186],[-53.67323600014117,-23.145446999296407],[-53.67459699995146,-23.147755999656308],[-53.67551399997103,-23.14929399953518],[-53.67623900012967,-23.15066399976043],[-53.67702200026508,-23.152355999546415],[-53.67756700021681,-23.15468299893789],[-53.67823100026038,-23.156371999484747],[-53.67850300021326,-23.157793999410067],[-53.679249999587796,-23.159127998874503],[-53.68034199958356,-23.161274998958504],[-53.6812500000874,-23.163996999478343],[-53.68178899976243,-23.16518899958905],[-53.68333600005627,-23.168746999091013],[-53.68393599984648,-23.16962499911072],[-53.68474999961273,-23.171774999332964],[-53.68624400016046,-23.17444199911516],[-53.68789699994648,-23.17729699947299],[-53.689802999708604,-23.179860999001882],[-53.691083000280166,-23.182099999731232],[-53.69210299965369,-23.184246998915782],[-53.69251099958291,-23.186043999047236],[-53.693067000041985,-23.188652999751987],[-53.69361900031647,-23.19051899946807],[-53.69425600001432,-23.191516999625602],[-53.69565000044713,-23.194282999476556],[-53.697361000209874,-23.197474999187452],[-53.698752999651155,-23.200093999454083],[-53.700143999945624,-23.20271399886744],[-53.70157800042432,-23.204852999481812],[-53.70327500044089,-23.207371999633416],[-53.70437800004464,-23.20850799896029],[-53.70621900040652,-23.210493999713684],[-53.70815799989173,-23.21219399896914],[-53.70963899983992,-23.214041999653823],[-53.71127199960307,-23.215985999369593],[-53.713068999734446,-23.21826399919935],[-53.71405600028408,-23.22122799918794],[-53.71437799984477,-23.223960999315693],[-53.714980999773275,-23.226210999652896],[-53.715750000162295,-23.22855299973606],[-53.71601099960793,-23.231338999610045],[-53.716142000252994,-23.231818999262256],[-53.716200000229776,-23.233096999741537],[-53.71585300041562,-23.23439199920613],[-53.716038999999796,-23.235716999154892],[-53.716680999928144,-23.238113999076422],[-53.716680999928144,-23.239541999278572],[-53.71681399976621,-23.24071899959673],[-53.717250000087404,-23.242466999267176],[-53.71683900001972,-23.243302999148696],[-53.716203000368125,-23.243813999331177],[-53.71590800025399,-23.244913999695918],[-53.71741699969476,-23.24487799893505],[-53.71880799998911,-23.244180999168286],[-53.72108599981897,-23.243763999723342],[-53.72189400020785,-23.24330599928705],[-53.722999999949934,-23.24255299963582],[-53.723261000294826,-23.241043999295766],[-53.722038999699976,-23.239746999738806],[-53.721933000207684,-23.23906099958009],[-53.72230600032163,-23.23773599963133],[-53.72255800025142,-23.236671999128188],[-53.72254399960587,-23.235927998992757],[-53.72135599967953,-23.234799999135458],[-53.721314000440714,-23.23428599971383],[-53.72148900041691,-23.233910999507778],[-53.724241999668486,-23.2334329990485],[-53.72545799998665,-23.232838999534994],[-53.726560999590276,-23.231127998872925],[-53.72736099961037,-23.229821998901034],[-53.727903000323124,-23.22978099970821],[-53.72997499964646,-23.228516998975252],[-53.73118599973401,-23.227693999693237],[-53.73198100042276,-23.225988999307855],[-53.73198100042276,-23.224410999383093],[-53.73262799968228,-23.223138999180456],[-53.732982999865506,-23.22244399950606],[-53.734596999651735,-23.221360999025933],[-53.73614199985337,-23.22084199937389],[-53.73838099968328,-23.219788999377936],[-53.73959700000148,-23.218974999611696],[-53.74065800036641,-23.2178859997542],[-53.74159200027048,-23.216143999461167],[-53.742318999622114,-23.21365299970143],[-53.74247799975973,-23.210841999573987],[-53.742389000152116,-23.209252999141984],[-53.741514000270854,-23.208035999676973],[-53.74049399999808,-23.206891999081957],[-53.73763899964001,-23.205363999664343],[-53.735472000432374,-23.20515299892711],[-53.733169000349044,-23.205932998924215],[-53.7314829999404,-23.20610299956923],[-53.73017800001457,-23.2052079996649],[-53.73006700029173,-23.20429199969145],[-53.731030999780785,-23.203443999256653],[-53.73349700018639,-23.20239399939911],[-53.7352360003411,-23.201993998939354],[-53.73714999957281,-23.201152999726673],[-53.73845000016735,-23.20022499919988],[-53.73946900039397,-23.198399999575884],[-53.73955599990944,-23.19689199928187],[-53.73920599995688,-23.195499998941468],[-53.739092000095695,-23.195305998988342],[-53.7382279998223,-23.193602999594482],[-53.73636400019842,-23.191024999419994],[-53.735610999647804,-23.190207999515355],[-53.735289000087164,-23.19038899886899],[-53.734038999999825,-23.189805998963525],[-53.73123900037951,-23.187960999316452],[-53.72909999976508,-23.186085999185426],[-53.726844000050505,-23.184710999628837],[-53.724693999828105,-23.183030999496975],[-53.72418099955343,-23.180827999528457],[-53.72363899973998,-23.178588999698626],[-53.72307799994968,-23.177063999520083],[-53.72143599977153,-23.17555799931837],[-53.72066700028182,-23.175216998881545],[-53.7184939998981,-23.175424999480146],[-53.71730599997187,-23.175760999686535],[-53.715922000000255,-23.175641999594653],[-53.71554999993254,-23.175532999064803],[-53.71403900039946,-23.172149999539023],[-53.71275000031221,-23.170593999729547],[-53.71279999992004,-23.168413999023144],[-53.71489999963512,-23.166027999608794],[-53.714931000165514,-23.165352999058058],[-53.714717000189296,-23.16456899887661],[-53.713644000170405,-23.16321099920454],[-53.71184199980843,-23.16235299920798],[-53.71011100002261,-23.161466999718755],[-53.708618999567136,-23.16043099960742],[-53.707416999894576,-23.158674999568117],[-53.707322000010265,-23.156985999021167],[-53.70618899992235,-23.155380999650017],[-53.70479200025051,-23.15467799960661],[-53.70263899988987,-23.154427998869537],[-53.70092499998873,-23.153224999150975],[-53.70083600038106,-23.15184999959449],[-53.70168099977827,-23.151032999689857],[-53.7030580003264,-23.14937499967315],[-53.70262800028195,-23.14598899910983],[-53.700483000290205,-23.14440799904672],[-53.69796100000008,-23.14304199900586],[-53.69745800018654,-23.141763999425947],[-53.696902999773556,-23.13981399943342],[-53.695981000422705,-23.139177998882516],[-53.694047000268824,-23.136996999029165],[-53.6933359998564,-23.13572499972595],[-53.693808000039155,-23.13173299909572],[-53.69358100036277,-23.129613999403702],[-53.6925250002285,-23.12742499918162],[-53.692710999812675,-23.12601699900251],[-53.69374199969343,-23.124755999307222],[-53.693944000015506,-23.1231579993595],[-53.69222199974542,-23.122096998994646],[-53.692168999999296,-23.121955999687017],[-53.69210799988423,-23.12189999890312],[-53.690950000442115,-23.122157999109714],[-53.6886359998515,-23.12307799926761],[-53.68789199971593,-23.1231419995209],[-53.68706400020335,-23.122674999568932],[-53.68718899967251,-23.12175799954933],[-53.68879700008142,-23.12040799934706],[-53.691302999633656,-23.118388998870625],[-53.6917420000932,-23.117405999404834],[-53.691652999586154,-23.115974999064477],[-53.691266999772154,-23.113055999352365],[-53.69022500028342,-23.11204199935637],[-53.68821400017595,-23.11121699908285],[-53.686889000227154,-23.11089399947606],[-53.68631699992954,-23.109930999133873],[-53.686322000160146,-23.109193999321224],[-53.68680599999681,-23.108288998955754],[-53.68908900005726,-23.10584199942639],[-53.68930800026396,-23.10460599908536],[-53.689671999962805,-23.104282999478638],[-53.68954200026309,-23.102421999093774],[-53.68913600042606,-23.101777999073192],[-53.68806399955389,-23.100555999377733],[-53.68653600013613,-23.099271999521008],[-53.685766999747166,-23.098982999683578],[-53.68487499998122,-23.099088999175873],[-53.6839610001,-23.09953599910493],[-53.68275300015068,-23.100707999192622],[-53.681591999671014,-23.101274999259655],[-53.680874999881325,-23.1014499992358],[-53.67986400002354,-23.1014969996047],[-53.678778000304426,-23.100885999307263],[-53.67874999991244,-23.09950799961233],[-53.67951900030158,-23.098118999410207],[-53.68028899983739,-23.096702999761582],[-53.67987200039244,-23.09424399967883],[-53.67976399990863,-23.093471999151422],[-53.680047000368745,-23.09223299957118],[-53.68111900034154,-23.090610999416143],[-53.68184999987756,-23.089213999744395],[-53.682072000222604,-23.088580999331793],[-53.68172200026999,-23.08701699915331],[-53.680738999904804,-23.085399999228706],[-53.678902999773584,-23.083893999027048],[-53.67700600042656,-23.082738999723325],[-53.67563900033957,-23.081846999058012],[-53.675017000434195,-23.081310999521182],[-53.67295599981952,-23.079482999758902],[-53.67193600044601,-23.077521999259183],[-53.67127799977981,-23.07532499956747],[-53.67119999978007,-23.07449699915559],[-53.67136700028675,-23.073388999321274],[-53.67146700040172,-23.072368999048575],[-53.6723030002832,-23.06974699954297],[-53.672869000304104,-23.068905999430854],[-53.67276099982024,-23.06677499918549],[-53.67220000002988,-23.065155999168688],[-53.671760999570445,-23.063993999542095],[-53.67149399984811,-23.062966998946507],[-53.67206400005353,-23.061266999691043],[-53.67305800002662,-23.059577999144153],[-53.67401700018439,-23.057780999012696],[-53.6743670001369,-23.056130999365],[-53.67404999990754,-23.054957999231164],[-53.67324200041793,-23.054038999119374],[-53.67163600010127,-23.053074999630464],[-53.670146999784095,-23.05326899958352],[-53.66795300023068,-23.05481399888576],[-53.66638900005222,-23.055913999250507],[-53.66411400036077,-23.056330999594767],[-53.66331400034068,-23.05596099961925],[-53.66274700027378,-23.055421999044857],[-53.66208300023021,-23.05439199921021],[-53.661889000277036,-23.05315299963015],[-53.66204200013817,-23.052338998964537],[-53.66263599965157,-23.0506469991786],[-53.664403000198256,-23.046946999423415],[-53.66680799958943,-23.043035998931394],[-53.66788899997732,-23.040321999679726],[-53.66799400032278,-23.033138999384693],[-53.66671399975121,-23.030257999626457],[-53.665656000424065,-23.02809199956552],[-53.66430600022164,-23.024902999093715],[-53.66281099962788,-23.02369699923669],[-53.6616219996555,-23.023366999307104],[-53.66086699991206,-23.02312799907744],[-53.773708000123975,-23.01051699937992],[-53.77547499977135,-22.99936699960744],[-53.76994200002321,-22.993607999329996],[-53.75764999974763,-22.97133099904706],[-53.757075000211046,-22.97015599972046],[-53.75624999993749,-22.968502999035],[-53.75195599976945,-22.95194699907597],[-53.750535999936346,-22.943993999244995],[-53.75077200002772,-22.926324999221176],[-53.75358623861399,-22.92154617903476]]]},"properties":{"OBJECTID":2,"NOME_UC":"Parque Estadual das Várzeas do Rio Ivinhema","complement":null,"nome":"Parque Estadual das Várzeas do Rio Ivinhema","Shape__Area":0.19222645047201622,"Shape__Length":4.737173414421637}},{"type":"Feature","id":3,"geometry":{"type":"Polygon","coordinates":[[[-53.181856000254186,-18.55968299960027],[-53.18015299996086,-18.559196999671368],[-53.17940000030973,-18.5593419991635],[-53.17907499971136,-18.559441999278356],[-53.17913099959594,-18.559877999599546],[-53.17932799968737,-18.560380999413074],[-53.18020599970709,-18.561407999109353],[-53.180219000306586,-18.562182999775107],[-53.179896999846626,-18.56271399908123],[-53.17950799989421,-18.562868999034514],[-53.17924700044865,-18.563093999517907],[-53.17905599973449,-18.563438999239853],[-53.17904700021876,-18.563891999445556],[-53.179536000286134,-18.56489999916501],[-53.17973100028541,-18.56568099920816],[-53.179696999616795,-18.56634999948225],[-53.17939400003297,-18.567093999617747],[-53.17934400042525,-18.567613999315892],[-53.1792359999414,-18.567910999522265],[-53.17897200035742,-18.568277999359438],[-53.17857199989783,-18.568491999335595],[-53.17799400022278,-18.56878899954202],[-53.17763599990138,-18.56924399983992],[-53.17759399976324,-18.569566999446703],[-53.1777390001547,-18.570191999490476],[-53.17809699957678,-18.570468999673874],[-53.17873600026615,-18.570755999419116],[-53.179116999849555,-18.571360999439744],[-53.17914999957271,-18.572280999597634],[-53.178824999873825,-18.572988999871587],[-53.178330999575905,-18.57356099926974],[-53.177681000177984,-18.57437199979704],[-53.17739400043274,-18.57530599970122],[-53.1770499998575,-18.575941999352914],[-53.17671699978957,-18.57611899942136],[-53.17616699960729,-18.57626699905189],[-53.17577799965494,-18.576568999488703],[-53.17573600041606,-18.57730599930151],[-53.17575600043904,-18.57780599987595],[-53.175566999817136,-18.57848099952748],[-53.17559400016296,-18.578855999733662],[-53.175769000139205,-18.58028299899014],[-53.175689000047264,-18.580805999726078],[-53.17531900007169,-18.5816919992153],[-53.17529199972591,-18.58227499912081],[-53.1755279998173,-18.582991999809742],[-53.175796999631814,-18.584118999621044],[-53.17572199977036,-18.585210999616784],[-53.17578900016218,-18.586138999244184],[-53.17645300020575,-18.588091999375003],[-53.176378000344414,-18.589430999070093],[-53.176521999790396,-18.590343999804453],[-53.176614000435734,-18.590985999732787],[-53.176453000205754,-18.591571999776647],[-53.17610600039154,-18.592707999103563],[-53.17609199974594,-18.59343899953883],[-53.1764859999289,-18.59481099985633],[-53.17637800034441,-18.596127999436188],[-53.17660800015898,-18.597330999154757],[-53.17692200024999,-18.598780999472055],[-53.17672500015857,-18.60051899958063],[-53.17638899995234,-18.601202999647146],[-53.17650599995187,-18.60181699918361],[-53.176368999929366,-18.602591999849263],[-53.17550599970207,-18.603366999615655],[-53.174824999773875,-18.60417499910524],[-53.17442800035189,-18.605310999331486],[-53.17353899982492,-18.605896999375343],[-53.17255600035901,-18.60625799983513],[-53.17162199955556,-18.6067309991646],[-53.17105300029568,-18.607296999185326],[-53.17068599955911,-18.607541999691687],[-53.16960299997845,-18.607791999529393],[-53.16921099988758,-18.607971999736293],[-53.168125000168516,-18.609405999315634],[-53.16676100021988,-18.61083299947149],[-53.16469999960526,-18.61184199923705],[-53.16271099961284,-18.61249199953427],[-53.161708000124065,-18.612549999510996],[-53.15875799988174,-18.612410999396243],[-53.156167000006974,-18.612413999534596],[-53.15496100014996,-18.612599999118764],[-53.15301899962708,-18.61293599932499],[-53.151281000417725,-18.613646999737387],[-53.14447500042087,-18.617371999745913],[-53.14131100020245,-18.619246999877102],[-53.13976900013916,-18.6203609990888],[-53.13933099972582,-18.620963999017278],[-53.139121999980205,-18.6214889998454],[-53.13900600002682,-18.62168899917589],[-53.13849399979813,-18.622221999473474],[-53.13784999977753,-18.622299999473277],[-53.137105999642074,-18.62225299910443],[-53.13661699957481,-18.622291999104377],[-53.13612800040688,-18.622418999565003],[-53.13504199978837,-18.623016999263],[-53.13403600016113,-18.62364399939891],[-53.132618999567114,-18.624627999810166],[-53.13195799966189,-18.625149999600552],[-53.130094000038014,-18.626557999779546],[-53.128957999811746,-18.627510999660654],[-53.127513999771224,-18.62878099977103],[-53.12689199986579,-18.629393999261286],[-53.126136000076265,-18.630066999719944],[-53.124914000380784,-18.63091099907103],[-53.12412800010702,-18.631271999530764],[-53.1232779995799,-18.631613999114418],[-53.12241100006753,-18.63177799948275],[-53.12099400037272,-18.631846999067278],[-53.11947200033251,-18.63178299971329],[-53.118533000197765,-18.63169199911412],[-53.11690299967364,-18.631402999276688],[-53.1155470000939,-18.631230999438735],[-53.11431099975272,-18.631030999208846],[-53.113705999732076,-18.630855999232654],[-53.11280799968938,-18.630688999625196],[-53.10982499972391,-18.630171999166134],[-53.10829200007572,-18.62978599935209],[-53.10706900033398,-18.629274999169557],[-53.10553299964807,-18.628107999312487],[-53.10344200034797,-18.626430999318984],[-53.10257199979793,-18.62596099922843],[-53.10131700037914,-18.62524999971541],[-53.09963600020109,-18.62453899930317],[-53.096011000307385,-18.62331399946939],[-53.09394999969271,-18.622955999147944],[-53.09052500002866,-18.622949999770555],[-53.087817000154416,-18.623299999723056],[-53.08393099991559,-18.62401399937444],[-53.07971099956296,-18.625032999601075],[-53.0759440003153,-18.62558899916072],[-53.07350600030162,-18.626274999319495],[-53.0685890001821,-18.62898599933207],[-53.06513600012619,-18.63368899947531],[-53.05690299997343,-18.6339859996817],[-53.05571400000099,-18.632613999364203],[-53.049750000162305,-18.627641999406453],[-53.04448900036704,-18.626705999410138],[-53.0366310004203,-18.624874999509398],[-53.03360800040883,-18.624932999486166],[-53.032774999766396,-18.624099999743013],[-53.03027499959154,-18.624099999743013],[-53.0294419998483,-18.62326699910053],[-53.02777500031596,-18.62326699910053],[-53.02610799988412,-18.624932999486166],[-53.02360799970933,-18.624932999486166],[-53.02277499996626,-18.625766999275427],[-53.021942000222964,-18.625766999275434],[-53.0211080004338,-18.624932999486166],[-53.0202749997913,-18.624099999743006],[-53.01944200004817,-18.62326699910053],[-53.01860800025895,-18.62326699910053],[-53.012357999821745,-18.61784999930603],[-53.012357999821745,-18.617432999861087],[-53.016941999873374,-18.613266999300667],[-53.01819199996072,-18.61201699921325],[-53.01860800025895,-18.611599999768362],[-53.02069400022787,-18.610727999125928],[-53.028822000035234,-18.610046999197856],[-53.03024700009893,-18.610130999474254],[-53.0314970001864,-18.60912199970869],[-53.03525299982595,-18.607130999624175],[-53.037938999585094,-18.605202999746993],[-53.041619000216606,-18.602013999275027],[-53.04554399955583,-18.598252999404913],[-53.04676900028903,-18.597760999199302],[-53.04864999979759,-18.597024999432776],[-53.058217000314244,-18.598332999496787],[-53.060342000283015,-18.59849699986512],[-53.06133300011777,-18.598407999358233],[-53.06200000029969,-18.597821999314377],[-53.06255299972105,-18.597218999385827],[-53.0658810003078,-18.59348899914666],[-53.070853000265686,-18.586460999704194],[-53.07178099989318,-18.585610999177156],[-53.07652800026694,-18.58181899967602],[-53.07808300003035,-18.580266999151625],[-53.079307999864284,-18.579693999707366],[-53.08135299974112,-18.57903899917937],[-53.08290600031154,-18.578874999710518],[-53.08511399961128,-18.57871099934221],[-53.090778000004605,-18.57804699929866],[-53.098338999744904,-18.577330999555084],[-53.099169000249105,-18.57712199980942],[-53.10016700040666,-18.576724999488178],[-53.11878099994317,-18.56676899901944],[-53.12243899956013,-18.565185999763415],[-53.12528600044851,-18.56412199926028],[-53.125310999802764,-18.563424999493588],[-53.12522500033345,-18.56276699972665],[-53.12519399980317,-18.562574999865806],[-53.125128000356824,-18.562430999520444],[-53.12494700010393,-18.56218599901408],[-53.124896999596785,-18.56216399979824],[-53.12472199962053,-18.56208099956789],[-53.12451099978272,-18.56193899931485],[-53.12418299994539,-18.561671999592587],[-53.123933000107854,-18.5612439996404],[-53.123931000015595,-18.561193999133195],[-53.123910999992624,-18.56110299943334],[-53.12407799959993,-18.560899999065168],[-53.12448300029013,-18.56076399908877],[-53.124594000013076,-18.56076699922711],[-53.124856000404066,-18.560971999687528],[-53.12494199987327,-18.561021999295363],[-53.12510800033385,-18.561232999133043],[-53.12553300014781,-18.561505999132006],[-53.126158000191424,-18.561805999476736],[-53.12630299968367,-18.561932999038085],[-53.12665299963612,-18.56214699901425],[-53.12689700009645,-18.562410999497473],[-53.12721899965703,-18.562407999359117],[-53.127347000163866,-18.562513999750674],[-53.12739200044041,-18.562571999727457],[-53.128986000203724,-18.561585999224004],[-53.12911900004178,-18.559996999691272],[-53.12976700024683,-18.559905999092145],[-53.129771999578,-18.559441999278356],[-53.13121400042571,-18.559124999049015],[-53.13246899984443,-18.55892499971851],[-53.133047000418685,-18.558610999627508],[-53.133183000395086,-18.55836899925944],[-53.13340299974851,-18.558232999283092],[-53.1335999998401,-18.558232999283096],[-53.13373599981646,-18.558210999167866],[-53.13398100032281,-18.558207999029406],[-53.13449399969829,-18.558382999005758],[-53.134577999974674,-18.55837499953613],[-53.13491700031926,-18.5581969994216],[-53.13547800010957,-18.557999999330065],[-53.13568299967068,-18.557996999191715],[-53.135964000038534,-18.557966999606922],[-53.13736099971032,-18.557288999817043],[-53.14003599986148,-18.555982999845096],[-53.14305000035717,-18.5543669990674],[-53.14526900016421,-18.55330599960194],[-53.14708899955758,-18.552780999673132],[-53.14878899971245,-18.55234199921354],[-53.1494470003787,-18.552121999860127],[-53.15011399966124,-18.552005999007363],[-53.15078600007382,-18.551877999399853],[-53.15190300032316,-18.551852999146337],[-53.153811000177484,-18.55222199907571],[-53.15418600038356,-18.55222199907571],[-53.154303000383095,-18.55214199898384],[-53.15477200042733,-18.551288999217643],[-53.155557999801715,-18.550574999566273],[-53.1566250004434,-18.550563999059076],[-53.157322000210115,-18.551191999241137],[-53.158018999976825,-18.552155999629413],[-53.158324999698834,-18.55243899919021],[-53.15867200041242,-18.55266399967361],[-53.159622000155025,-18.553121999210646],[-53.16016900019912,-18.553543999785425],[-53.16048300029019,-18.554285999828735],[-53.16049199980591,-18.55479999925024],[-53.16018099985319,-18.555974999476266],[-53.160180999853196,-18.556474999151437],[-53.16019399955337,-18.556555999289582],[-53.160228000221935,-18.556541999543253],[-53.16075800038136,-18.555335999686218],[-53.161227999572475,-18.554768999619295],[-53.16184200000828,-18.554530999435773],[-53.1626359997515,-18.554438999689765],[-53.16312199968053,-18.554530999435773],[-53.163094000187925,-18.554502999043855],[-53.162927999727344,-18.55352199967021],[-53.163205999956915,-18.552846999119414],[-53.16388099960841,-18.552271999582793],[-53.16435599992934,-18.55209999974491],[-53.16500300008829,-18.551863999653587],[-53.16599700006145,-18.551405999217128],[-53.167128000057005,-18.551577999055134],[-53.16801899977696,-18.552210999467732],[-53.168307999614456,-18.553168999579373],[-53.16834999975265,-18.55423299918325],[-53.168524999728845,-18.554780999273245],[-53.16863100012051,-18.55494399959554],[-53.16870599998185,-18.555066999871816],[-53.16904700041863,-18.555324999178982],[-53.169356000279095,-18.55545299968587],[-53.17026099974532,-18.555624999523708],[-53.170914000180915,-18.555602999408542],[-53.171649999947476,-18.555416999824324],[-53.173747000423646,-18.554471999412907],[-53.174544000305275,-18.554332999298094],[-53.17543299993297,-18.554407999159437],[-53.1762390002296,-18.554855999134713],[-53.1765219997904,-18.555335999686218],[-53.17668099992818,-18.555460999155322],[-53.17794999999244,-18.55587499936135],[-53.17869700026631,-18.556235999821148],[-53.180016999984446,-18.55724699967891],[-53.18077499986622,-18.558210999167866],[-53.18082200023508,-18.558241999698076],[-53.181856000254186,-18.55968299960027]],[[-53.132475000121126,-18.56253599986595],[-53.13224700039865,-18.562363999128742],[-53.13216400016842,-18.56223299938282],[-53.13203300042261,-18.561838999199882],[-53.13183600033108,-18.56105799915686],[-53.13168299957067,-18.560168999529118],[-53.1315669996173,-18.55997499957611],[-53.130710999712846,-18.560160999160274],[-53.13070799957444,-18.56068599908908],[-53.13000300033815,-18.560785999203983],[-53.12993099971578,-18.56164699933907],[-53.13016100042972,-18.5619329990381],[-53.12817200043736,-18.563166999286988],[-53.12849700013635,-18.5635829995852],[-53.12761099974773,-18.564196999121616],[-53.122621999905334,-18.56560599934671],[-53.124663999643815,-18.56995299926075],[-53.127197000441186,-18.570688999027293],[-53.12828100006794,-18.570816999534124],[-53.12870599988196,-18.569949999122404],[-53.128957999811746,-18.56889699912651],[-53.12923900017961,-18.56772799917707],[-53.12952199974046,-18.567043999110545],[-53.12970800022401,-18.56667799931959],[-53.12998899969251,-18.566216999644134],[-53.13079700008144,-18.565671999692427],[-53.13153900012469,-18.56519999950968],[-53.131918999662055,-18.564666999211934],[-53.13176399970871,-18.564021999145368],[-53.131746999824145,-18.563405999516704],[-53.1325310000056,-18.562766999726662],[-53.132475000121126,-18.56253599986595]]]},"properties":{"OBJECTID":3,"NOME_UC":"Parque Natural Municipal Salto do Sucuriu","complement":null,"nome":"Parque Natural Municipal Salto do Sucuriu","Shape__Area":0.007336543505990658,"Shape__Length":0.48271577910908015}},{"type":"Feature","id":4,"geometry":{"type":"Polygon","coordinates":[[[-52.81943010421588,-17.848727252109335],[-52.820654064433484,-17.85025719226398],[-52.82176578476304,-17.850195442114323],[-52.822705934231465,-17.8501954322218],[-52.823750544452025,-17.849882051763636],[-52.82542191468951,-17.849673132057717],[-52.82667544461605,-17.84988205176363],[-52.827168345042985,-17.850210651448755],[-52.8276156048762,-17.85050881178055],[-52.82907804461598,-17.851553422001082],[-52.83043604428798,-17.85228464187103],[-52.832525254836526,-17.853956012108483],[-52.83283863439544,-17.85479170172382],[-52.83409216432181,-17.855731842198967],[-52.83513678443501,-17.856149691503273],[-52.83659922507405,-17.856254162148034],[-52.83743491468954,-17.856045231650345],[-52.83837507494968,-17.85531401178044],[-52.8388973742143,-17.854582782017964],[-52.83962859498365,-17.853538181689885],[-52.84088212491008,-17.85061327163347],[-52.84098659465558,-17.84956867220479],[-52.84088212491009,-17.84789730196733],[-52.840986584763016,-17.846748231893876],[-52.841299974214394,-17.845599161820235],[-52.84182227437839,-17.84465902224447],[-52.8425535050402,-17.843196571712895],[-52.84338918476294,-17.842047491746914],[-52.8437025643218,-17.841211812024074],[-52.843598114361384,-17.839958282097687],[-52.843284724910006,-17.83870475217117],[-52.84265035482997,-17.837378332192927],[-52.84265035482996,-17.83569307192644],[-52.846091404694505,-17.833235191499668],[-52.84648610454996,-17.832577341919656],[-52.84725424428791,-17.83222819182647],[-52.848194394655536,-17.831392512103648],[-52.8490300743784,-17.82961667212063],[-52.84923899498352,-17.82867653164555],[-52.849476964590224,-17.827883321507052],[-52.85149876465624,-17.825861511548524],[-52.85555587440405,-17.824509141632618],[-52.856133424417926,-17.82439364170227],[-52.85696910504015,-17.82408026214347],[-52.85770032491001,-17.82355795208692],[-52.858536014525384,-17.82303565192282],[-52.85926724428782,-17.821782121996417],[-52.8601161845142,-17.820737281549405],[-52.860625234966506,-17.820110751758985],[-52.86177430504006,-17.819379531889073],[-52.86219215434437,-17.818648302126597],[-52.862505534802494,-17.81781262150451],[-52.86302783496655,-17.817290311447955],[-52.86365460487599,-17.81760369190607],[-52.86401175443882,-17.81770574157593],[-52.86438583463854,-17.817812611611995],[-52.86501259465547,-17.81760369190607],[-52.86595274502316,-17.81697693188916],[-52.86741519465539,-17.81572340196265],[-52.86919103463845,-17.81457434178171],[-52.86958389448108,-17.814481891475378],[-52.87096686472898,-17.814156491578146],[-52.87257170492012,-17.814232911469027],[-52.873160534231204,-17.814260951431073],[-52.874414074949584,-17.81488772223982],[-52.875667604876014,-17.81541002150454],[-52.8766077444518,-17.815618942109722],[-52.87744343496644,-17.816036792313405],[-52.87838358443486,-17.816559091578004],[-52.87901035434436,-17.817290311447955],[-52.87932373480248,-17.818021542109584],[-52.87953265450835,-17.818857231725044],[-52.88023872483723,-17.8192606918766],[-52.88026388427079,-17.819275062143525],[-52.88068172458191,-17.819797372200075],[-52.881099574785424,-17.82000629190605],[-52.8818307946554,-17.820946442273595],[-52.88193525450828,-17.82188659174194],[-52.88256201452532,-17.82272227146465],[-52.88308432458177,-17.823244571628745],[-52.88350216489294,-17.82355795208692],[-52.88444231436125,-17.82408026214346],[-52.88452423450576,-17.824080252250887],[-52.88689245432329,-17.823403622128424],[-52.887390874789,-17.82352823219124],[-52.88851629449135,-17.824184712103776],[-52.888934134802355,-17.824602562307447],[-52.88966536456485,-17.824915941866188],[-52.89039658443477,-17.82502040171923],[-52.89098943461465,-17.824605422151517],[-52.891441194655386,-17.824289181849323],[-52.89227688427076,-17.823871341538165],[-52.89342595434425,-17.823871331645655],[-52.89478394502294,-17.823349031481673],[-52.89582855434429,-17.822826732216956],[-52.90021591493246,-17.821782121996417],[-52.900567284552494,-17.821686301930416],[-52.90136498500601,-17.82146874153831],[-52.9029318944913,-17.821364281685376],[-52.90439434502298,-17.821155361979507],[-52.904767594248995,-17.821075371780147],[-52.90606403442763,-17.82094573180913],[-52.91491245504567,-17.81848784148983],[-52.92474403430964,-17.81602995206992],[-52.93162614483066,-17.81357206175062],[-52.93654192457012,-17.81160575165352],[-52.93708214462521,-17.811215591575664],[-52.9376129146043,-17.81112713156125],[-52.94189579465507,-17.80903792191203],[-52.94513409506237,-17.807053162223042],[-52.945656394327095,-17.806321941453987],[-52.94659654469467,-17.804859491821674],[-52.947536695062354,-17.804128262059265],[-52.94837237478521,-17.803292581436995],[-52.94899914469471,-17.802561361567204],[-52.949730364564516,-17.801516752245885],[-52.94996364420677,-17.800641942121562],[-52.95014821476826,-17.79994984186137],[-52.95077497478513,-17.79859185208204],[-52.95171512425355,-17.797442782008574],[-52.95265527462118,-17.79639817178793],[-52.954117724253486,-17.79556249206521],[-52.95493747428498,-17.79490669203993],[-52.955162334474096,-17.79472680155049],[-52.95633575459136,-17.793162241993773],[-52.95704263431003,-17.792219741697586],[-52.95719669447181,-17.79212912151166],[-52.958818464400565,-17.79117514226888],[-52.960176455079306,-17.789712691737297],[-52.96163890471167,-17.788877002121964],[-52.96310136423653,-17.787623482088073],[-52.963728124253464,-17.78699671217854],[-52.96456381476821,-17.785847642105068],[-52.965376654409056,-17.785339622275856],[-52.96790656423644,-17.783758431556468],[-52.969369014768176,-17.783131671539557],[-52.97083146440047,-17.782504901630073],[-52.971771614768166,-17.782191522071265],[-52.97302514469459,-17.78146030220137],[-52.97375636456451,-17.78083353229189],[-52.97521882498876,-17.780311232127904],[-52.9758455948982,-17.780311232127904],[-52.977308044530616,-17.780206772274973],[-52.97824818500561,-17.78020677227498],[-52.97929280421948,-17.780102301630148],[-52.98033740454753,-17.78010231152267],[-52.981590944366474,-17.779475541613177],[-52.98305338500563,-17.77863986189035],[-52.98420245507913,-17.778326481432178],[-52.98576936456442,-17.778326471539717],[-52.98660506497168,-17.778848781596277],[-52.98744074469454,-17.779788931963814],[-52.98918488447481,-17.78061509146354],[-52.989425504383405,-17.780729071539586],[-52.99026641456329,-17.780953312095924],[-52.99258192421638,-17.782111072318333],[-52.998480885084696,-17.787026852057668],[-53.0053629749213,-17.792434202126564],[-53.01568613440753,-17.801774192174804],[-53.02142079453387,-17.807508831616808],[-53.023061904383326,-17.809560222076005],[-53.02556897502807,-17.81258959198546],[-53.029851864971484,-17.816559081685483],[-53.04405854436624,-17.82439364170227],[-53.04520761443973,-17.82533379206986],[-53.045834374456774,-17.82564717162866],[-53.04687899456985,-17.825960552086773],[-53.04823698434933,-17.825960552086773],[-53.05043065475081,-17.82585609223384],[-53.05251987429273,-17.826482852250706],[-53.05398233471686,-17.826796241702123],[-53.055862624660335,-17.82690070155499],[-53.05763846464339,-17.82710962216024],[-53.059518754586804,-17.82773638217727],[-53.060772284513234,-17.828154221588928],[-53.06348827486397,-17.82804977162864],[-53.06505517445664,-17.82804977162864],[-53.066935485084464,-17.82825869223382],[-53.06798008451318,-17.828572071792614],[-53.06965146464329,-17.828989912103655],[-53.07100945442272,-17.829303301555033],[-53.072158524496274,-17.829512212267574],[-53.073620975027886,-17.829512222160268],[-53.0745611244962,-17.829198831809578],[-53.076545885084435,-17.829198831809578],[-53.0781127945698,-17.82940776230728],[-53.07894847429259,-17.829512222160268],[-53.07908501476146,-17.829521971710538],[-53.080410924824264,-17.829616682013143],[-53.08333583488081,-17.829407751515443],[-53.08375368508433,-17.829616682013143],[-53.08461810444192,-17.830020072017543],[-53.08794824451576,-17.831268882301945],[-53.09046980503746,-17.832349541846607],[-53.09117040479027,-17.832437121424842],[-53.09190162466018,-17.832646042030035],[-53.09252839456974,-17.832959421588882],[-53.093050704626194,-17.83348172175286],[-53.09337410443135,-17.833934491732197],[-53.093573004790294,-17.83421295151528],[-53.09493100446218,-17.835048632137436],[-53.09495425463513,-17.835048632137436],[-53.09608006464316,-17.835048632137436],[-53.09670683455272,-17.834944172284505],[-53.097124674863785,-17.83525755184324],[-53.0968112944056,-17.835779861899848],[-53.09576668508441,-17.836197702210892],[-53.095126804858126,-17.836837571645336],[-53.09503545442261,-17.836928931973315],[-53.09399084420198,-17.83724231153217],[-53.093259614439546,-17.83766015184321],[-53.0924239347167,-17.83828691186013],[-53.09231947486376,-17.8394359819336],[-53.09221545477931,-17.8397826921661],[-53.09200608451312,-17.840480592154123],[-53.09158824420206,-17.841420741622517],[-53.09106594493733,-17.842674271548912],[-53.09087351430116,-17.842905171584974],[-53.09085701443962,-17.842987652007096],[-53.090543644773334,-17.843509942278555],[-53.0905436348807,-17.844032251435735],[-53.090857024332145,-17.844554561492338],[-53.09106594493732,-17.845390242114433],[-53.091379334388705,-17.846643772040817],[-53.09158824420205,-17.847792842114405],[-53.091692714846886,-17.849255291746676],[-53.09158824420206,-17.85040435192761],[-53.09179716480725,-17.851762351599575],[-53.09242393471669,-17.853120342278277],[-53.09305069473374,-17.853956012108483],[-53.09346854493737,-17.854478322165082],[-53.09524437502779,-17.856358622000975],[-53.09587114493735,-17.857403221429667],[-53.09628898434903,-17.858134452091463],[-53.09639344420203,-17.859074591667223],[-53.095975604790276,-17.86043258144656],[-53.09587114493735,-17.8617905721252],[-53.0961845244961,-17.863044102051717],[-53.09702020421895,-17.86513331170094],[-53.09754251427558,-17.86690914179131],[-53.09806482433214,-17.86858052192139],[-53.09837820479015,-17.869625132141977],[-53.099004964807186,-17.870878652175858],[-53.09952727486382,-17.87108757188167],[-53.100467414439606,-17.87108757188167],[-53.102452175027736,-17.870460811864806],[-53.10422801501074,-17.870042971553588],[-53.1058993942416,-17.870251892158954],[-53.106242624997094,-17.870595122015004],[-53.106421684513066,-17.870774191423546],[-53.10725738492033,-17.871296491587646],[-53.1079886047902,-17.871505422085345],[-53.10913767486369,-17.871505422085345],[-53.11018228508436,-17.871296501480156],[-53.11154027486373,-17.871505422085345],[-53.112584885084345,-17.871609872045756],[-53.11456964477321,-17.87140095144058],[-53.11571870495419,-17.871400962232403],[-53.117285624332006,-17.871296491587636],[-53.11895700446212,-17.87108757188167],[-53.120628374699606,-17.8711920317346],[-53.12250867453553,-17.871296491587636],[-53.12376220446214,-17.87140095144058],[-53.12491126464312,-17.871714331898694],[-53.126791564479056,-17.872550021514037],[-53.127242844281795,-17.8728007318161],[-53.13022403481125,-17.8755109017544],[-53.13069286488371,-17.87668298188176],[-53.131074454422496,-17.87693737220964],[-53.13159676447907,-17.876937372209632],[-53.13222353438857,-17.87683291145732],[-53.13264137469963,-17.876937372209632],[-53.13232799424151,-17.877355211621246],[-53.13128338492021,-17.87766860197205],[-53.13110862506289,-17.877722361645333],[-53.12992539424146,-17.878086442283095],[-53.12919416447903,-17.878504281694887],[-53.128252124635765,-17.879446321538115],[-53.128045094405536,-17.879653351768347],[-53.12773171484673,-17.88017565193232],[-53.12731386464304,-17.88080242184181],[-53.12752279424154,-17.881638101564644],[-53.1276272549938,-17.882473792079377],[-53.1274183343886,-17.88341394154765],[-53.12679156447905,-17.884145162316862],[-53.12637372506725,-17.884771921434456],[-53.12629236430115,-17.88485328220068],[-53.125955874863685,-17.8851897617455],[-53.125851415010686,-17.88571207180212],[-53.12647818492019,-17.887070061581447],[-53.127000485084295,-17.888323591507785],[-53.127014064847124,-17.88835075193297],[-53.12731387453556,-17.888950351524805],[-53.12741833438861,-17.889994961745398],[-53.127000485084295,-17.890830641468227],[-53.12647817502773,-17.891875251688763],[-53.12595588475625,-17.89239755185275],[-53.12589428479339,-17.89243275221695],[-53.125224644201914,-17.89281540205631],[-53.125028434614535,-17.893207832022963],[-53.125028434614535,-17.893251182043596],[-53.125028434614535,-17.893647202103825],[-53.125028434614535,-17.893669691450285],[-53.12507340431403,-17.893725891883562],[-53.12530743489003,-17.894018442244494],[-53.12565619467755,-17.894367192139374],[-53.12537718450944,-17.894925201683897],[-53.12537719440195,-17.895343711989852],[-53.12523769426411,-17.89555296174691],[-53.12474943433887,-17.89555296174691],[-53.12398216424544,-17.89555296174691],[-53.12370316486903,-17.89590172153436],[-53.123563654838726,-17.89652949148984],[-53.12321490494389,-17.897087492041102],[-53.122796394637874,-17.897436251828616],[-53.12244764474292,-17.898064011891737],[-53.1224476348504,-17.89848252219769],[-53.12244763485041,-17.89897078212299],[-53.122377884331804,-17.899319532017817],[-53.12230813471257,-17.90085406231212],[-53.12230813471257,-17.901133061688466],[-53.122377884331804,-17.901830572270082],[-53.12251739436214,-17.902249081676775],[-53.12263021431289,-17.902531141445994],[-53.122656884607466,-17.90259784146418],[-53.12272664501853,-17.903504601802904],[-53.12272664501853,-17.903853361590247],[-53.1229358947757,-17.90434161162291],[-53.12314515442529,-17.90448112165336],[-53.12335440508167,-17.904620621791192],[-53.12363341435042,-17.904829871548255],[-53.123912414626204,-17.905387881992034],[-53.12405191476403,-17.90587614191728],[-53.12445903425697,-17.906166942197522],[-53.12454018458175,-17.90622489181216],[-53.125028434614535,-17.906643402118114],[-53.12572594429679,-17.907271172073752],[-53.12600495446503,-17.907550171449977],[-53.1262142042221,-17.908177931513162],[-53.1262839547407,-17.908805691576223],[-53.12600495446503,-17.90936370202],[-53.12565619467755,-17.910061211702242],[-53.12565619467756,-17.910479722008304],[-53.12593519495323,-17.910828481795768],[-53.126214204222094,-17.91110748207133],[-53.12656296490883,-17.911456241858776],[-53.126772214665884,-17.91159574199661],[-53.12670246504666,-17.912153751541133],[-53.12600495446503,-17.912642011466303],[-53.125795704707855,-17.913130272290864],[-53.125795694815395,-17.91318756180312],[-53.125795704707855,-17.913548771805043],[-53.12595505468198,-17.913612512154362],[-53.126144454602866,-17.913688271942867],[-53.1262839547407,-17.913827772080698],[-53.1262839547407,-17.914385791517727],[-53.12625746431047,-17.914418911749898],[-53.12600495446503,-17.91473454231194],[-53.125795694815395,-17.91508330209935],[-53.12565619467755,-17.915432051994166],[-53.125795694815395,-17.915780811781637],[-53.126214204222094,-17.916059812057295],[-53.12656296490883,-17.91626907170681],[-53.12705122483413,-17.916548071982472],[-53.1272604745912,-17.916966582288538],[-53.12739998462155,-17.91745483142183],[-53.127469734240776,-17.918501101790955],[-53.127399984621555,-17.918919612096854],[-53.12781848503499,-17.919547372160032],[-53.12823699444169,-17.92003563208516],[-53.12886475450472,-17.920523882117806],[-53.12935301443002,-17.92101215193562],[-53.12999431468586,-17.921595141948682],[-53.13012028452346,-17.92170966161797],[-53.130179655066854,-17.921794472183535],[-53.13060853455618,-17.92240717219969],[-53.130957304236176,-17.922546671438155],[-53.131166554892566,-17.922895432124882],[-53.13144555426884,-17.92324418201977],[-53.13193381509342,-17.923871951975347],[-53.13235232450011,-17.924499712038468],[-53.13277082491362,-17.92477871231395],[-53.13304983508175,-17.92526697223931],[-53.13339859486921,-17.925685471753475],[-53.133817094383346,-17.925964481921653],[-53.13437511471972,-17.92624349208978],[-53.134723864614614,-17.926731742122435],[-53.134793614233836,-17.92722000204779],[-53.13500287478274,-17.927778011592245],[-53.13507262440198,-17.928266271517433],[-53.135491134708055,-17.928405781547774],[-53.13563063484588,-17.928754531442724],[-53.13563063484589,-17.929382291505735],[-53.13556088432733,-17.929731042299995],[-53.135839894495454,-17.930289051844507],[-53.13611889477107,-17.930637811631865],[-53.136258394908914,-17.93112607155715],[-53.13646765455855,-17.93161433148233],[-53.136607144803754,-17.9321723320336],[-53.13667690431567,-17.932590841440334],[-53.13672783472174,-17.933354941423527],[-53.13674665483421,-17.93363711180941],[-53.13672784461431,-17.933659061562572],[-53.136328144528136,-17.934125371734535],[-53.13604914425258,-17.934543872148026],[-53.13549113470805,-17.935241391722837],[-53.135002874782735,-17.935938902304564],[-53.134444864339,-17.936775912124634],[-53.13388685479447,-17.937822181594434],[-53.13388684490196,-17.939147462131643],[-53.13402635493224,-17.940263472227425],[-53.134444864339,-17.942356002173558],[-53.134793625025736,-17.942774521472774],[-53.13507262440198,-17.94361153219233],[-53.13507262440198,-17.94465780166201],[-53.13528187505841,-17.945704062138574],[-53.135691514451764,-17.946406302254807],[-53.135770134983716,-17.94654108185111],[-53.1361886443903,-17.947308342052054],[-53.13681640445344,-17.948145351872228],[-53.137723174684716,-17.94891262196565],[-53.138141674198835,-17.949958891435397],[-53.13883919467304,-17.951423662217916],[-53.139466954736065,-17.952679181444662],[-53.13995521466137,-17.954213711738856],[-53.14045115479689,-17.956169141837893],[-53.14239651428767,-17.9638393714351],[-53.142954524731465,-17.965373891836954],[-53.14337302424559,-17.966210911549474],[-53.144140294339024,-17.967257181918608],[-53.14497731495106,-17.968163942257334],[-53.14595383480162,-17.96886145193957],[-53.14658158497213,-17.969698471652325],[-53.14734885506555,-17.9713027515658],[-53.14776736447226,-17.972418771554104],[-53.148325374916055,-17.974162551605527],[-53.14867412481096,-17.97562732148866],[-53.14860438508424,-17.977580352196405],[-53.14853462467312,-17.978556872046866],[-53.14853462467312,-17.979381241895677],[-53.14888729471278,-17.980640762206317],[-53.1491960544543,-17.98148985172008],[-53.149357344265916,-17.981933411742368],[-53.14963127506326,-17.983120442199393],[-53.149709884803315,-17.98346109190061],[-53.14970989469584,-17.984636221629078],[-53.14888559499417,-17.985357492299165],[-53.148769774905126,-17.98545882161211],[-53.147359604661965,-17.98569385223426],[-53.14688955420945,-17.98569385223426],[-53.14630198484866,-17.98663396213236],[-53.145831924503675,-17.98804412158364],[-53.14572223509305,-17.98859258212666],[-53.145596894780795,-17.98921926210388],[-53.14477430469037,-17.99027689180963],[-53.143951704707376,-17.99168705216029],[-53.14359916506936,-17.992274621521005],[-53.14359916506936,-17.993214732318535],[-53.14406922451502,-17.99438987193957],[-53.14442175426052,-17.995565001667924],[-53.14453927496754,-17.99697517191104],[-53.14465678488267,-17.998385342154226],[-53.14465678488267,-17.999913011520583],[-53.14443899426408,-18.001219782211518],[-53.14549101489831,-18.004375862100588],[-53.1454952345174,-18.0043785420802],[-53.14583192450368,-18.004378542080207],[-53.14688955420945,-18.004378532187744],[-53.147594634384745,-18.004731081718216],[-53.14829972445267,-18.005436161893595],[-53.149357355057816,-18.00614124206887],[-53.15053248478631,-18.006728811429593],[-53.15159011449213,-18.00708135196697],[-53.1521776847523,-18.00790395194984],[-53.15276525501242,-18.008256491587836],[-53.15382287482572,-18.008138971780262],[-53.15546807479177,-18.008021461865127],[-53.157348294588076,-18.00884405195547],[-53.1579358747407,-18.00954914202338],[-53.158993484661494,-18.01119434198938],[-53.16028614498953,-18.01248699152538],[-53.16310648457654,-18.015307312226646],[-53.16580930435584,-18.01754008155342],[-53.166043745022705,-18.0178038320251],[-53.16694657442479,-18.0188195020622],[-53.16768953494403,-18.01965533197183],[-53.16898218448017,-18.022123122028226],[-53.16992229437835,-18.0262360922655],[-53.17086240427648,-18.02952648230487],[-53.17106953433142,-18.0302721515821],[-53.17144997453664,-18.031641731824013],[-53.17216318458322,-18.034494572010317],[-53.17227257451964,-18.03493212186339],[-53.172338204344555,-18.035282141600916],[-53.172625115056974,-18.036812341659648],[-53.17299148446933,-18.03770210211363],[-53.172303274676324,-18.04148724158613],[-53.174244785068716,-18.043252242040523],[-53.17457237481523,-18.04313312143956],[-53.176956934414875,-18.044368002124802],[-53.19842241436288,-18.040692411768656],[-53.19769870473141,-18.034883261696624],[-53.202451394216446,-18.030583592202508],[-53.209529454420704,-18.02901298200713],[-53.20953229447974,-18.02901235158235],[-53.211539514736785,-18.026101421487056],[-53.21154291507344,-18.02610572204509],[-53.21236036463903,-18.02713726151902],[-53.21291116431871,-18.026634132203124],[-53.2132147943272,-18.025998342093438],[-53.21338592452077,-18.025336971667542],[-53.21342739495827,-18.023367272025748],[-53.21402626430063,-18.022935861844285],[-53.216007614659645,-18.022822852136674],[-53.21669393497701,-18.02258916150424],[-53.2175188048488,-18.022109982033836],[-53.21966890489602,-18.020396131420156],[-53.221558824779834,-18.01901947171503],[-53.22241403507957,-18.01870253174034],[-53.228200015018615,-18.017073282150037],[-53.22959372497036,-18.0167862320429],[-53.23101926462732,-18.016778842313634],[-53.23206358436681,-18.01723651179948],[-53.23355952475225,-18.017571541637214],[-53.234503754444624,-18.017578702039316],[-53.235365844557975,-18.017062902175116],[-53.236330884562626,-18.01634063145892],[-53.23633668429051,-18.016336302122554],[-53.245638154577136,-18.015589012267075],[-53.249675654607756,-18.014584631419524],[-53.25974536445693,-18.015018322281684],[-53.2710724245527,-18.022211381493825],[-53.2796409347813,-18.02334809218447],[-53.29219807498106,-18.024816571770973],[-53.29763044508894,-18.025817982157847],[-53.29700824463475,-18.02952878187139],[-53.28553870494716,-18.02676515173401],[-53.27652857453405,-18.030213551757587],[-53.27686942478408,-18.03056287182261],[-53.276900904652905,-18.03059513230295],[-53.27763555453714,-18.03134804202202],[-53.27764436429596,-18.031357062222167],[-53.278480455008946,-18.032213911985888],[-53.28326443460594,-18.02978186188695],[-53.28724660474688,-18.030340001833117],[-53.28907939429853,-18.03334428155681],[-53.28496592493741,-18.035054962060308],[-53.28618356471969,-18.037217461959692],[-53.29188311441408,-18.03403369194475],[-53.29651713475789,-18.034610991947044],[-53.301048594616816,-18.039642511735728],[-53.29754469473181,-18.042484321737188],[-53.28836551425701,-18.044580431884608],[-53.289700904972676,-18.049993282207183],[-53.29278346438531,-18.05068286166776],[-53.292785745066,-18.050689311605456],[-53.29290600420865,-18.051030161855433],[-53.296123564450916,-18.05143265163845],[-53.296150744661084,-18.05143607176031],[-53.29752336461155,-18.05174308142103],[-53.29917793461391,-18.054080922139747],[-53.29470242427743,-18.05557035143348],[-53.289317184940046,-18.057612762162048],[-53.28553389447353,-18.059274081576316],[-53.27608704428155,-18.05891600211463],[-53.27608596509515,-18.058915961645127],[-53.26873253427897,-18.06135102177493],[-53.26625749478745,-18.062021411501647],[-53.265342064984225,-18.063540641630002],[-53.25781042451143,-18.06462247209198],[-53.24496544459953,-18.062279171589072],[-53.24063518466596,-18.06485869161798],[-53.24280347440077,-18.071996652066247],[-53.24527778454206,-18.077188912180876],[-53.25916314426365,-18.085463522165778],[-53.27101907497024,-18.087139881842038],[-53.27038139448575,-18.091898641750802],[-53.27011233441658,-18.094476151794773],[-53.2550805747087,-18.103739622127407],[-53.252323374723915,-18.10751147141877],[-53.250084025057674,-18.116335661602694],[-53.247372704886345,-18.118544251757026],[-53.24775483491766,-18.12331818143],[-53.24863099492439,-18.12460868158638],[-53.250128684491074,-18.127960452153978],[-53.2544989246856,-18.13135082162386],[-53.257330484214435,-18.13114601181979],[-53.261768434365706,-18.1287634415205],[-53.26504654506192,-18.123621371669934],[-53.26539673477141,-18.120735791664558],[-53.267176065023364,-18.12026321141917],[-53.26991261477531,-18.114901631446426],[-53.27341818470137,-18.11644102167707],[-53.27920798496052,-18.113455011680816],[-53.28007273436913,-18.11093368228503],[-53.27929213452426,-18.108278262173467],[-53.281167345096776,-18.10719925198539],[-53.28127139485895,-18.103569322008227],[-53.28126189442082,-18.103551402117134],[-53.27939023437165,-18.10052702164639],[-53.27817950498013,-18.099665161759486],[-53.2786027349282,-18.098793011829628],[-53.27962909430721,-18.098546022022965],[-53.28205727462347,-18.09933024163905],[-53.2852282248026,-18.099121052136518],[-53.285247214886965,-18.099128611837667],[-53.285266124931695,-18.099129641561426],[-53.28779925433207,-18.101448091997366],[-53.29543940430494,-18.108601431752124],[-53.30288954461673,-18.108238951907573],[-53.30288760477907,-18.108250601725306],[-53.302915365052,-18.108237691957385],[-53.3038031245145,-18.108194502016076],[-53.30425949448004,-18.10264301220685],[-53.31249216458167,-18.104513502237946],[-53.30834130500716,-18.106351721896004],[-53.30813745477968,-18.10737484191685],[-53.3131778050116,-18.106375011639024],[-53.31719697506031,-18.104583441614086],[-53.32088254429396,-18.10113383200229],[-53.3212553042888,-18.104335881637247],[-53.32377669483856,-18.103714871885455],[-53.32380162494502,-18.103718051888215],[-53.331753314463874,-18.10178843143255],[-53.33103676433518,-18.104028121941813],[-53.32813137496289,-18.109320151944885],[-53.32530170490969,-18.10891173203216],[-53.32510667433354,-18.109880571672463],[-53.32916985450515,-18.11070763229279],[-53.33056952426409,-18.111548791584767],[-53.328109954910424,-18.11627542231411],[-53.33121747500644,-18.119110161845676],[-53.32961459443794,-18.122905121914915],[-53.33506130423575,-18.126172111594666],[-53.34057058436491,-18.122763211593952],[-53.33868303509387,-18.120049322059685],[-53.34216764452111,-18.115567342000546],[-53.342673454716085,-18.114912782140465],[-53.344417014433645,-18.11154335158575],[-53.34781038494129,-18.11809564204145],[-53.3507837549663,-18.12430073213415],[-53.35551225448694,-18.128930711823777],[-53.36887655420957,-18.133644101834584],[-53.37273727450554,-18.135520401486012],[-53.37565563479967,-18.13546633154675],[-53.38777811466821,-18.133536942216885],[-53.39561646442825,-18.130585371758404],[-53.396106874632494,-18.13532784224691],[-53.39610916430638,-18.135349932294275],[-53.396650064249,-18.140580071853467],[-53.38598698441177,-18.139384901632475],[-53.378190724722124,-18.136410491991366],[-53.37109889499794,-18.13591995228465],[-53.36678476440534,-18.13825823187259],[-53.3657510548672,-18.14287740171127],[-53.362982954199936,-18.147093372201685],[-53.36619102479585,-18.153895022177792],[-53.3662020046188,-18.15391829213566],[-53.362949764719815,-18.153759581579685],[-53.35857738503818,-18.159539751898183],[-53.35633245507864,-18.161229221891112],[-53.35034271484437,-18.157611492116793],[-53.34906266481004,-18.156693671915548],[-53.34941985484238,-18.15584930204389],[-53.3495045350062,-18.155116652251916],[-53.34930510494656,-18.154333261810788],[-53.348137324477875,-18.152495911797136],[-53.34628100506421,-18.152157272080686],[-53.345139114278645,-18.151547971502023],[-53.34899340442206,-18.14797831228969],[-53.349517704678306,-18.146915122075633],[-53.348732424761586,-18.145416311953692],[-53.34596866422243,-18.144330031646174],[-53.34244971508224,-18.139739311860286],[-53.33892751489287,-18.139863461470153],[-53.33691207483224,-18.139626011671684],[-53.33563931470257,-18.13769046198586],[-53.3338401148294,-18.13452385193496],[-53.331218534407704,-18.1327401123071],[-53.32676707464066,-18.13259527199502],[-53.321811844341084,-18.130785391773262],[-53.319771744870025,-18.130819021921187],[-53.31854681428399,-18.13105959146787],[-53.31738069486306,-18.13146203178814],[-53.31701072456519,-18.132062642218017],[-53.3167062042279,-18.131894692027217],[-53.31527102473797,-18.13410686148322],[-53.313438495090395,-18.137714821922085],[-53.31417165479792,-18.13958477146071],[-53.31560490434282,-18.141527582272726],[-53.315343644993106,-18.143210772299845],[-53.31555955422999,-18.143822381438262],[-53.314803864706505,-18.143831481678035],[-53.31271761472613,-18.14324236188607],[-53.31337813439335,-18.14030788214368],[-53.312435394877525,-18.138304961545348],[-53.31015788427886,-18.136814862256823],[-53.30639245434827,-18.1378445815029],[-53.30349576501743,-18.138845761663184],[-53.30076031423698,-18.137008751593232],[-53.299885144383836,-18.135826912023028],[-53.2977069450194,-18.1346967519943],[-53.296029355070516,-18.135005831894382],[-53.29584128434777,-18.13434869187935],[-53.29444023502872,-18.134130551424594],[-53.293425274556625,-18.134540081999912],[-53.291817514266825,-18.133683082049387],[-53.28990947484232,-18.133705791729643],[-53.289078074993085,-18.134429262141467],[-53.28822097431839,-18.134629141862167],[-53.28784283457912,-18.133883932138577],[-53.28589857495916,-18.134756101853398],[-53.28480032467519,-18.1353020721736],[-53.28409679493109,-18.137144061789687],[-53.28349617460867,-18.138180921652904],[-53.28384038472592,-18.140678892057814],[-53.28199190470252,-18.14165829153751],[-53.28173336490284,-18.143576291852927],[-53.28358549437502,-18.145785382030237],[-53.2835013448111,-18.148035521762324],[-53.28322950493766,-18.149655591972373],[-53.28429476449173,-18.15383410210242],[-53.286622304375726,-18.154809061629116],[-53.29013809509695,-18.154884631660583],[-53.29387812457577,-18.155490391608364],[-53.29475645464652,-18.155461841730794],[-53.29961659423037,-18.15862839152721],[-53.29982247422777,-18.16013825161914],[-53.29982563444538,-18.160161441537316],[-53.29980289508751,-18.160162722171904],[-53.29738968488596,-18.160298962267305],[-53.29726273478735,-18.15926173188353],[-53.29622851443435,-18.158208241757123],[-53.2945188249837,-18.15824672194881],[-53.29357989499607,-18.158700521651834],[-53.29251189430846,-18.158677141976685],[-53.29140915460875,-18.159611622118785],[-53.29017807445848,-18.15940048198677],[-53.28925378453448,-18.159528911470186],[-53.28824015505904,-18.160778452004028],[-53.288186374701354,-18.161727521847677],[-53.287166735056644,-18.162516471897575],[-53.287230675055525,-18.163798342159662],[-53.286374804653406,-18.164829221531264],[-53.2852656644788,-18.166730231854523],[-53.285602874273195,-18.167954672310188],[-53.28698478422035,-18.16885955216636],[-53.28772214466118,-18.169609522001622],[-53.28759452456757,-18.171417562210433],[-53.28814564440586,-18.17237749226716],[-53.28882339508357,-18.172902342009216],[-53.28796383476305,-18.173653251635933],[-53.28730869484031,-18.174862401818103],[-53.28690972500374,-18.17542717156643],[-53.28664847464728,-18.1756832022577],[-53.2868144742086,-18.176819341878716],[-53.28682642439992,-18.17682415145308],[-53.28954081485659,-18.177915932014297],[-53.291042704257336,-18.178593531605813],[-53.29369104490564,-18.176706162199228],[-53.29371576457077,-18.176987272284386],[-53.29391475486199,-18.17711940157866],[-53.29450502488691,-18.177004741615207],[-53.29487236466781,-18.17708106168126],[-53.29537704441498,-18.176886721784378],[-53.29554257453009,-18.176615731770237],[-53.296133544227644,-18.17655486205687],[-53.29672523428212,-18.17654778169445],[-53.29708938506702,-18.17638203214471],[-53.29712037480533,-18.176596872087643],[-53.29712319507928,-18.176812042081707],[-53.29712530488888,-18.176973421825572],[-53.297239064631015,-18.177052761815077],[-53.29757576450987,-18.176941131667466],[-53.2978589250493,-18.177045352300834],[-53.29800225450037,-18.177231941840283],[-53.29814701477284,-18.17752612177272],[-53.298346704736616,-18.17771204221663],[-53.29846292502395,-18.17797965167921],[-53.29882955434039,-18.178002171602543],[-53.29927894466755,-18.177889191572433],[-53.29939024476396,-18.177780252196513],[-53.29958499475168,-18.177589612110484],[-53.29986921469242,-18.177774521716405],[-53.30017703464239,-18.17760942147726],[-53.300370724329355,-18.17733809151936],[-53.30050913448894,-18.17714812142819],[-53.300732424461785,-18.1769840419196],[-53.30132444456734,-18.177003852185667],[-53.301375504475914,-18.176599722039203],[-53.30165853461364,-18.1762974419131],[-53.3029282244579,-18.177710681542305],[-53.30444810479611,-18.178315702247456],[-53.30530139504327,-18.178531271540564],[-53.3058084346115,-18.179003912040496],[-53.306261364670206,-18.178953311685607],[-53.30675990474572,-18.179498301744804],[-53.30640823475216,-18.180062541792445],[-53.306498964655475,-18.180495012274424],[-53.306473284514425,-18.181416651896512],[-53.30677319492696,-18.181945962275854],[-53.30713982424345,-18.182519631715074],[-53.30781807494412,-18.183794112247902],[-53.30830814430539,-18.184411461758952],[-53.309324304472966,-18.185510241743685],[-53.30951726480981,-18.186528591760524],[-53.31002517492186,-18.187064422224676],[-53.310531064257134,-18.18744673212033],[-53.311955374540844,-18.187962512199555],[-53.31267429438316,-18.188017072269442],[-53.3131166744949,-18.188598851794904],[-53.31301281448976,-18.189322701720634],[-53.32197683486294,-18.192162361443053],[-53.3219678146628,-18.192168681878425],[-53.321363704970906,-18.19232000180587],[-53.32111840499033,-18.19272168219903],[-53.32078852467066,-18.193044642235694],[-53.32036984439276,-18.192969961633654],[-53.32011715468286,-18.192813531758322],[-53.31986551448182,-18.1927368321782],[-53.319702694923365,-18.193057771438248],[-53.31945527434141,-18.19329999214011],[-53.31912434451277,-18.19354321198874],[-53.31879128508956,-18.193626982038825],[-53.31879972432773,-18.194264821703282],[-53.31880921487334,-18.19498239166314],[-53.31914860462439,-18.19537701147908],[-53.31998492466448,-18.19544663159587],[-53.32115429423527,-18.195432491555426],[-53.321406994736996,-18.195588921430716],[-53.321660734855016,-18.195825081601406],[-53.32166601477468,-18.196223732178655],[-53.32150319431684,-18.196544671438595],[-53.32150741483531,-18.196863591720508],[-53.32192822470773,-18.197097732013805],[-53.322179864908776,-18.197174421701277],[-53.322433614919305,-18.197410581871907],[-53.32185314480677,-18.197736581617043],[-53.321773844387394,-18.198056511837574],[-53.32161524444791,-18.198696372278807],[-53.32179179485536,-18.19941191156956],[-53.321548614576784,-18.19997305165406],[-53.321803414995486,-18.20028894212002],[-53.32213965442139,-18.200444362056697],[-53.32172939449589,-18.201007522018553],[-53.32190491428032,-18.20164333191326],[-53.32249173450589,-18.201795712141347],[-53.322577374246414,-18.20195416189403],[-53.3225826649579,-18.202352811571902],[-53.32208359428239,-18.202518341687078],[-53.32141746464424,-18.202685891679522],[-53.32082853460913,-18.20237405176003],[-53.320417224275445,-18.2028574814266],[-53.3200862647692,-18.20310071206713],[-53.31933553500687,-18.20318953181034],[-53.318834354521755,-18.203195591442313],[-53.318498124988366,-18.203040171505698],[-53.318160834255075,-18.202805022172953],[-53.31790814454513,-18.202648592297614],[-53.31757085471111,-18.202413442065602],[-53.317400634631554,-18.20217626206384],[-53.31689839474507,-18.2021025922998],[-53.31665096427048,-18.202344802209765],[-53.31623648472595,-18.202589041889695],[-53.315819874687406,-18.202673811985825],[-53.31548681436493,-18.202757582035726],[-53.31482067483421,-18.202925112243033],[-53.3142359545256,-18.202932162028585],[-53.313898674584095,-18.20269700190406],[-53.31365334492591,-18.20309868229728],[-53.31357613453094,-18.203578072209215],[-53.3134122348867,-18.20381927218057],[-53.31299667435696,-18.203983761780126],[-53.312662554633164,-18.20398779164213],[-53.31282014463386,-18.203268211697566],[-53.31298404427815,-18.203027001833576],[-53.3129798345517,-18.20270808155166],[-53.312973524908216,-18.20222970157845],[-53.31313321482594,-18.20166958222444],[-53.31312795469131,-18.201270921754666],[-53.31278968459617,-18.201275001978743],[-53.31277101467049,-18.201275222312642],[-53.31271030503643,-18.20127596155534],[-53.31221123436091,-18.201441461992786],[-53.311544044422085,-18.2015292520124],[-53.31112954509234,-18.201773471907188],[-53.31095512427953,-18.201217371623404],[-53.31178410495244,-18.200728921941188],[-53.311861324340555,-18.200249532029297],[-53.31160863463071,-18.200093092261383],[-53.31110325431172,-18.19978021182634],[-53.31110187475167,-18.199675501961906],[-53.311100104885895,-18.19954101194714],[-53.3107659743701,-18.199545041809184],[-53.310342024964434,-18.19907169174418],[-53.310670884553645,-18.198669012204245],[-53.311167844520355,-18.198344061967955],[-53.3114121246698,-18.197862652178674],[-53.31124086497391,-18.197545751774094],[-53.31132623491777,-18.197376742182037],[-53.311315514998974,-18.197360061556708],[-53.30821461481253,-18.196687771562452],[-53.30704804483139,-18.19709020199037],[-53.30437161475817,-18.194069372043007],[-53.3014848143726,-18.19373369199552],[-53.29875735496784,-18.19329669162817],[-53.29497738479836,-18.19114701156451],[-53.29687042443044,-18.189209461786504],[-53.294475364346575,-18.181668792120508],[-53.28144937428913,-18.176268921712953],[-53.276743914499946,-18.175575051586982],[-53.274441764275934,-18.17657786221819],[-53.272743124795284,-18.17821483158871],[-53.27186473446983,-18.180438241671073],[-53.27733354420758,-18.18605501146904],[-53.282756754720424,-18.187417751467397],[-53.28373552467468,-18.201359881792033],[-53.283803574575245,-18.202144532183347],[-53.28614907481983,-18.204783251884503],[-53.28888106500904,-18.205554581517628],[-53.29692339449895,-18.211275392084456],[-53.302466834476775,-18.213087671697373],[-53.29783488437238,-18.21519363211909],[-53.298901484815644,-18.22012165163133],[-53.29709723434984,-18.221642682202383],[-53.296891284205344,-18.223234881523016],[-53.30004831467795,-18.229709471453134],[-53.303588904204396,-18.230118551468237],[-53.306925264889,-18.230810032095544],[-53.30445172456735,-18.23462443191014],[-53.29480738505271,-18.23730548180052],[-53.290621224389895,-18.24174543204386],[-53.28455359477255,-18.245458061877898],[-53.275575774302524,-18.246405031804507],[-53.26096047444627,-18.244925241444534],[-53.225363634224315,-18.247555422082808],[-53.22634128452262,-18.251542091531967],[-53.22401804429728,-18.251542091531967],[-53.21590284454055,-18.254788171974173],[-53.21573666421558,-18.25482727179861],[-53.215832574213835,-18.255293331959198],[-53.21567496442799,-18.255422282150164],[-53.21155674484788,-18.25847280141616],[-53.20774358429895,-18.260303121429377],[-53.205455684732044,-18.262133431549998],[-53.20240516456664,-18.26365870152518],[-53.19935462461615,-18.26518396160784],[-53.197066734941814,-18.26594659209883],[-53.196965054893326,-18.265997431673448],[-53.19554147485911,-18.266404171652354],[-53.19355862443092,-18.267624381697043],[-53.19264346442429,-18.268997122156552],[-53.19310104487722,-18.27067491175494],[-53.192691214827676,-18.272041011620512],[-53.19264346442429,-18.272200161944973],[-53.192558584610936,-18.27230626216142],[-53.19142325437957,-18.273725422027695],[-53.1902030443349,-18.275098161587934],[-53.18944041474333,-18.27631837163252],[-53.18944041474333,-18.277386052161468],[-53.189897994296985,-18.278453741683744],[-53.189897984404354,-18.279027312197577],[-53.189897994296985,-18.279368891797834],[-53.18972719505399,-18.27976741197333],[-53.18944041474333,-18.280436582219373],[-53.188830304774676,-18.280894151880442],[-53.18837272432159,-18.28226689144074],[-53.1886777743597,-18.28531741160595],[-53.18806767428368,-18.286537631543098],[-53.18761009473002,-18.287757831695263],[-53.187915144768056,-18.289283101670502],[-53.18898282439772,-18.290045722268914],[-53.19005051481935,-18.29126593141423],[-53.190965684718556,-18.292638671873732],[-53.19142325437957,-18.294316451579437],[-53.191728304417666,-18.29599424207704],[-53.19203336434816,-18.297519502159744],[-53.19340609491525,-18.298434662166354],[-53.19462630495997,-18.298739712204384],[-53.19492119445749,-18.298887161449713],[-53.19523641492855,-18.299044772134934],[-53.19569399448221,-18.299807401726483],[-53.196151574935186,-18.300722551840636],[-53.196304104450796,-18.30148519222418],[-53.19599905441276,-18.302247821815808],[-53.1963041044508,-18.302857921891924],[-53.19660915448884,-18.303773081898523],[-53.19660915448885,-18.304840761528105],[-53.19660915448885,-18.306671071648857],[-53.19641438471598,-18.307352762256347],[-53.1963041044508,-18.307738762070393],[-53.19641438471597,-18.307959331594052],[-53.19691420452688,-18.308958972115025],[-53.19721926445743,-18.309874132121628],[-53.197066734941814,-18.310331701782694],[-53.19641438471598,-18.310462181720393],[-53.1963041044508,-18.31048423219768],[-53.19584652489715,-18.311094332273633],[-53.195388944444176,-18.31246707183399],[-53.19447378443755,-18.314754972300097],[-53.19386367446896,-18.315517591999203],[-53.192795994839166,-18.31719538159752],[-53.19203336434816,-18.317958021981035],[-53.19203336434816,-18.31972653159],[-53.192033354455695,-18.319788332101712],[-53.19188915446085,-18.319973731838093],[-53.190965684718556,-18.3211610617694],[-53.189897994296985,-18.322686331744578],[-53.18928788432828,-18.323906531896625],[-53.189135364705244,-18.324516641865213],[-53.1893781645706,-18.325730681661373],[-53.18944041474333,-18.326041901947864],[-53.18928788432828,-18.327567162030583],[-53.18913536470524,-18.328939891698255],[-53.188525254736646,-18.329550001666828],[-53.18776262424569,-18.330617692088424],[-53.187152514277045,-18.332142942278505],[-53.18608483464726,-18.333668212253684],[-53.18562725509372,-18.334430841845304],[-53.18577978460934,-18.335040941921356],[-53.186389884685354,-18.335193482228863],[-53.1866949347234,-18.336108631443633],[-53.186389884685354,-18.33732884148826],[-53.18562725509372,-18.33778641204853],[-53.18501714422575,-18.33900663198585],[-53.18483812427996,-18.339454192192523],[-53.1845401743895,-18.34019905207979],[-53.184407045049056,-18.3405318920684],[-53.18394945470345,-18.34129452166013],[-53.1831868242125,-18.34175210211309],[-53.18292646508422,-18.341543811932635],[-53.18242419462087,-18.34114199214452],[-53.18150903461423,-18.341447052075004],[-53.18044135498445,-18.34129452166013],[-53.179678724493435,-18.34114199214452],[-53.17906861452485,-18.34205715215112],[-53.17883760477156,-18.342634692272515],[-53.1787635545943,-18.342819781742797],[-53.178153454518224,-18.343124831780713],[-53.17814047460314,-18.3431226716092],[-53.17723830440417,-18.342972312157723],[-53.176170614881926,-18.343734941749286],[-53.1754079744984,-18.344955151793968],[-53.17536716506254,-18.345063992244683],[-53.174950394944744,-18.3461753618386],[-53.17464534490671,-18.34693799143033],[-53.17327260444711,-18.34693799143033],[-53.172922854506105,-18.347037911505552],[-53.172204914924855,-18.347243041468356],[-53.17190194501865,-18.347424821433382],[-53.17144228443385,-18.347700621921327],[-53.170679664734564,-18.34785315143694],[-53.16999434446336,-18.347424832225396],[-53.16945945469001,-18.34709051195269],[-53.16884933482879,-18.347243041468356],[-53.167934184714795,-18.348310721997258],[-53.16786881479385,-18.348572201680874],[-53.16793417482228,-18.348768301550905],[-53.16808671423029,-18.34983598207993],[-53.16854428479087,-18.35059862156418],[-53.16854428479087,-18.35120872164022],[-53.16793417482228,-18.351971352131216],[-53.16717155422378,-18.352428931684855],[-53.16610386470154,-18.352581462099796],[-53.16518870469491,-18.352428931684855],[-53.164578604618775,-18.351971352131216],[-53.164257834431446,-18.351891162282357],[-53.16396849465019,-18.35181882171628],[-53.163053334643564,-18.352581452207275],[-53.162817984762114,-18.35300509224621],[-53.16229070505193,-18.353954191767468],[-53.161403214486704,-18.354220431562553],[-53.16076543507671,-18.35441177222048],[-53.16006968446828,-18.35502056198429],[-53.159545234924565,-18.35547945185013],[-53.15855367481214,-18.35593016148267],[-53.15786743453441,-18.356242081441728],[-53.157819024928024,-18.356363101410917],[-53.15756238449637,-18.357004721825355],[-53.156799754904746,-18.35746229148637],[-53.15618964493615,-18.357157241448345],[-53.15527449482204,-18.357462291486367],[-53.15359669443188,-18.357767341524404],[-53.15287319434242,-18.357767351416914],[-53.152376484387226,-18.357767341524397],[-53.151918904833565,-18.358835031945933],[-53.15176637441862,-18.359902711575693],[-53.15176637441863,-18.36081787158229],[-53.151925004934974,-18.36105581151121],[-53.152376484387226,-18.361733031588898],[-53.15252900490958,-18.362953231740953],[-53.152529014802155,-18.36432597220046],[-53.15237648438722,-18.365546182245154],[-53.1522239548716,-18.366003761798797],[-53.15146132438059,-18.36539365183022],[-53.15019166421388,-18.365647581705197],[-53.14993606429789,-18.365698711760768],[-53.14981945460408,-18.36579865162114],[-53.14886838466816,-18.36661387176737],[-53.14719058427795,-18.36707144142844],[-53.14648769485121,-18.366909241502874],[-53.14520774464165,-18.36661387176737],[-53.143529944251505,-18.36630881183682],[-53.142185394840055,-18.36666264200188],[-53.140631944608465,-18.36707144142844],[-53.13834405493413,-18.36691891191277],[-53.13712384488946,-18.36707144142844],[-53.13651373492087,-18.36646134225176],[-53.13575109453735,-18.365393661722734],[-53.134683414907556,-18.364936082169148],[-53.13224299481835,-18.363258291671446],[-53.13102278477368,-18.362953231740956],[-53.126960735049806,-18.36247534189818],[-53.12651427471394,-18.362422832282576],[-53.125836884664466,-18.362343131664954],[-53.124880564486375,-18.3617693417165],[-53.124311624581765,-18.36142798155088],[-53.123701514613174,-18.360665342066692],[-53.122176244637956,-18.36051282154427],[-53.11973582454857,-18.359445132022],[-53.118363084988346,-18.358224931869994],[-53.11516002451549,-18.357004711932785],[-53.11287213484104,-18.35685219141031],[-53.110279184336775,-18.35746229148637],[-53.10829634470048,-18.357919871939277],[-53.10600844423424,-18.35914008198396],[-53.10548454507563,-18.359768771946076],[-53.105245814642615,-18.3600552320981],[-53.103720554559914,-18.36051282154427],[-53.10173769423909,-18.360512811651752],[-53.10045564501195,-18.36059829221222],[-53.09944981445728,-18.360665342066692],[-53.097161914890414,-18.360970392104708],[-53.09594170484576,-18.3609703921047],[-53.09365380437953,-18.36203807173429],[-53.08953558479924,-18.36463102223849],[-53.08648506463396,-18.368291651473072],[-53.0856758042948,-18.370314771743864],[-53.08556989473482,-18.370579542046773],[-53.08480726424381,-18.373325012173954],[-53.08389210423718,-18.379731111535715],[-53.08343452468347,-18.385984682281396],[-53.08221431463881,-18.39056047152247],[-53.081146635009134,-18.395746361739075],[-53.08145168504717,-18.398796881904353],[-53.081756735085214,-18.403830251598485],[-53.08190926460077,-18.40611814217196],[-53.08099410459413,-18.409016141814984],[-53.07855368450487,-18.413286872024884],[-53.075198094516395,-18.41816771220336],[-53.07291020484206,-18.421370761884237],[-53.06970715426167,-18.425641492094133],[-53.06711419476426,-18.42975969188916],[-53.06582149486598,-18.43118167202944],[-53.064352455001774,-18.433452001541482],[-53.05905889435246,-18.43730185173185],[-53.05878286453754,-18.437454142027686],[-53.050336294284534,-18.442114311958576],[-53.0353065643464,-18.45073791195739],[-53.03172806479819,-18.454316411505463],[-53.027609844318825,-18.456299252041084],[-53.02600038431024,-18.45705369150689],[-53.02272899424764,-18.45858714171536],[-53.01995814435282,-18.459462151489223],[-53.019831004497185,-18.45950230172197],[-53.018610784559996,-18.45950230172197],[-53.01758465450814,-18.45878401230451],[-53.0170855244773,-18.458434622092323],[-53.015407734879034,-18.456756831594788],[-53.01360282431085,-18.45633215193945],[-53.01285853459358,-18.45615701166898],[-53.012814784374775,-18.45614673151867],[-53.00961172480112,-18.454773991958373],[-53.00762888426545,-18.454773991958366],[-53.00396824423905,-18.456299252041084],[-52.99878235492167,-18.45858714171537],[-52.99588435437943,-18.459654832136838],[-52.99511134481264,-18.459529472039662],[-52.99385186497153,-18.459109662213354],[-52.98914087435185,-18.45753932181441],[-52.98225876473015,-18.455573011717313],[-52.96996928435494,-18.455081431495113],[-52.96954535473424,-18.455090861786076],[-52.93822934500815,-18.45599419211054],[-52.93526826421897,-18.45557302160995],[-52.913867734208445,-18.452528981959258],[-52.90284320425036,-18.450960842201425],[-52.88814269452968,-18.4486671519],[-52.87113156476988,-18.446012931484088],[-52.86575455422916,-18.44475830168681],[-52.83478508476384,-18.44033409227717],[-52.8131556044475,-18.436893041513297],[-52.78444459434246,-18.43313327191586],[-52.7718629745965,-18.43148568155187],[-52.75564087492637,-18.42902780202435],[-52.74891449460812,-18.42902779213183],[-52.73918232460454,-18.42945464185124],[-52.728047894794486,-18.42884453188255],[-52.72011652455791,-18.42823443180661],[-52.71645588453134,-18.427776852252965],[-52.71508314497112,-18.42747180221488],[-52.712947774919826,-18.425336442056217],[-52.71096117431864,-18.422199692195164],[-52.710049774377524,-18.420760651915653],[-52.707304304250215,-18.4175576121273],[-52.70333861508499,-18.413286872024884],[-52.699220394605504,-18.410083821444633],[-52.697143874390235,-18.408137081494658],[-52.69468507485624,-18.404448891636694],[-52.68583665423813,-18.391667861616476],[-52.680787094948414,-18.383011492120747],[-52.67662989425418,-18.375884882016067],[-52.67146058483809,-18.37057954204678],[-52.67024037479342,-18.36935933200209],[-52.669477734409895,-18.36783407191942],[-52.668410064672635,-18.365546182245154],[-52.66779995470404,-18.364478491823615],[-52.66627468472882,-18.363410812193862],[-52.66474942464618,-18.36203807173429],[-52.66246152507927,-18.359902701683062],[-52.65986857457499,-18.35746229148637],[-52.657580684900665,-18.35578450188816],[-52.65651299447892,-18.355021872296422],[-52.6560554149254,-18.354106712289823],[-52.65514025491877,-18.351971342238695],[-52.65468267446579,-18.350293561633627],[-52.65419075429975,-18.34937999162839],[-52.653614984943545,-18.348310721997258],[-52.6526998348295,-18.34709051195269],[-52.65102204433175,-18.34541273224698],[-52.65041193436315,-18.344497561448485],[-52.649344244840904,-18.343887462271812],[-52.64858161435001,-18.344039981894845],[-52.64858161435001,-18.344802611486404],[-52.64812403479635,-18.345565241977514],[-52.6476664642359,-18.34541272145498],[-52.647056354267306,-18.344802622278408],[-52.64675130422927,-18.344802622278408],[-52.64629372467556,-18.345107671417125],[-52.645531095083925,-18.34617535194608],[-52.645073514630894,-18.346785461914727],[-52.64549053476026,-18.347619492280902],[-52.64553108429208,-18.347700612028696],[-52.64568361470697,-18.348158201474966],[-52.645531095083925,-18.348463241620415],[-52.64476845470033,-18.34861577203529],[-52.64431087424737,-18.348158191582336],[-52.64354824465573,-18.348310721997258],[-52.64278561506404,-18.348463241620415],[-52.6426330846491,-18.348158191582336],[-52.643090664202695,-18.347700612028685],[-52.64336675427228,-18.347332501528864],[-52.64354824465573,-18.34709050206012],[-52.64370077507067,-18.34617535194608],[-52.6430906642027,-18.344497572240382],[-52.64248055423411,-18.343734931856826],[-52.6403451850822,-18.34175210211309],[-52.63744718453984,-18.340989461729578],[-52.63409160444394,-18.340684411691562],[-52.63134613431658,-18.340531882175945],[-52.628448124781016,-18.338549051532897],[-52.62204201462726,-18.337938941564204],[-52.61655106447994,-18.336718721627058],[-52.60480653459382,-18.336413671589032],[-52.60250362444265,-18.336883661787002],[-52.60239118490523,-18.33686804146231],[-52.591428354734724,-18.338086131804832],[-52.580059484257674,-18.339710251662144],[-52.57234490459359,-18.341334371519274],[-52.56219412445921,-18.342146431447908],[-52.55732175499497,-18.341740401933286],[-52.55305945502971,-18.338731721826782],[-52.54892962430261,-18.336961821865998],[-52.54275315423462,-18.329241251817884],[-52.53812080483124,-18.316888331467247],[-52.5365766949584,-18.30762365154644],[-52.53348845452854,-18.293726622222387],[-52.530794664841835,-18.284747221643688],[-52.5308333644681,-18.284282671444867],[-52.530833374360725,-18.28091977176695],[-52.5323854846024,-18.277556881981447],[-52.53316153477698,-18.275487411551726],[-52.53497232421335,-18.273417932128933],[-52.53600706437447,-18.272124521766397],[-52.53730048462961,-18.26850293210173],[-52.538076674199026,-18.266174911979878],[-52.538304994979455,-18.26594658220631],[-52.538762574533166,-18.26548900175329],[-52.538762574533166,-18.264116272085626],[-52.53830499497946,-18.263353641594634],[-52.53769489490338,-18.262285961964995],[-52.53769489490338,-18.26106575192036],[-52.537847414526546,-18.260303111536736],[-52.5372373144504,-18.259082912283993],[-52.53632215444378,-18.257710171824442],[-52.53525446492159,-18.25679501181783],[-52.53418678439243,-18.255422282150164],[-52.53388173435451,-18.253591972029415],[-52.53370136452634,-18.252419601421103],[-52.53357667442385,-18.251609121601334],[-52.53473955448675,-18.250058631938057],[-52.53497232421335,-18.249360302074006],[-52.5339375849515,-18.247549521630877],[-52.533937594844076,-18.245480042207962],[-52.532126794615806,-18.243669251872312],[-52.53135073454865,-18.242117151523203],[-52.53186811452185,-18.239530311912304],[-52.533420214870944,-18.237978211563256],[-52.534972324213356,-18.236426102220882],[-52.536265744468494,-18.23435663179127],[-52.53704180453559,-18.2315111021938],[-52.53523101419984,-18.228148211509033],[-52.53316153477698,-18.22607873208612],[-52.532438104834625,-18.22543568174961],[-52.530833374360725,-18.224009261656512],[-52.53044824509038,-18.222340351964046],[-52.53005731429357,-18.22064636197849],[-52.5287638949377,-18.218059521468277],[-52.5287638949377,-18.215214001763446],[-52.52876390483033,-18.212885842246514],[-52.52870548487016,-18.21171769215648],[-52.52971165446917,-18.206938391732105],[-52.53499006424005,-18.197599692211092],[-52.543922745038635,-18.187854972168594],[-52.55001320484536,-18.18379467162614],[-52.55894588474467,-18.176486132268778],[-52.564104694575974,-18.171934231719202],[-52.56584840448011,-18.170395681455247],[-52.57559314430813,-18.161869041862854],[-52.580465524564204,-18.156996682291254],[-52.585337894927825,-18.152124321820295],[-52.59467660434177,-18.14359769212036],[-52.60036103463392,-18.14116151143515],[-52.608075614298116,-18.13628915186356],[-52.619850525081574,-18.124108232250155],[-52.622522374907646,-18.12010046200789],[-52.62848042483165,-18.115767342230363],[-52.63872314445746,-18.10324848167369],[-52.64729953454582,-18.09517660226014],[-52.65564087422689,-18.08298544206664],[-52.66154318506983,-18.074668552254213],[-52.66198648428877,-18.073713761822987],[-52.66509069487955,-18.06905745178239],[-52.66767754438314,-18.06388376176877],[-52.669229654624814,-18.05948614171481],[-52.67155782493364,-18.05819271156719],[-52.67466203462516,-18.056899302103922],[-52.678542304383704,-18.05560587195619],[-52.68371599439752,-18.054829821781684],[-52.68811363423674,-18.053277711540055],[-52.691476534814115,-18.051984292184212],[-52.6940633843177,-18.05172561209032],[-52.69613285474742,-18.0514669319963],[-52.698978394237486,-18.052242982170856],[-52.701233084539126,-18.052242982170856],[-52.70182391484178,-18.052242982170856],[-52.7044107643452,-18.05146692210367],[-52.70596287458693,-18.0514669319963],[-52.707514984828606,-18.051208242009718],[-52.70932577426504,-18.049397461566635],[-52.708549714197886,-18.046293241982685],[-52.70854971419789,-18.044482461539562],[-52.70921542475196,-18.042263441947544],[-52.70932577426504,-18.041895612036097],[-52.710877884506715,-18.040084831592967],[-52.71146308505331,-18.03969469219958],[-52.712429984855866,-18.039050091431882],[-52.71398209419822,-18.036204561834396],[-52.71498987448308,-18.03418901205665],[-52.71527552434594,-18.03361772222351],[-52.71837974482918,-18.02896141218302],[-52.72046224463679,-18.026558521702096],[-52.721742634614834,-18.025081152316968],[-52.725105534292936,-18.023270352088762],[-52.72795106478975,-18.021976931833706],[-52.7287271248569,-18.020424831484533],[-52.730020544212714,-18.016544561726075],[-52.730537914293286,-18.015251141470923],[-52.730279224306685,-18.01240562176608],[-52.72846843487031,-18.010077462249146],[-52.7253642143869,-18.00774931172548],[-52.72483408472522,-18.00721917217117],[-52.72251869468198,-18.004903782127997],[-52.72174263461483,-18.00335167188636],[-52.722260004695386,-17.998954041939882],[-52.72407079503114,-17.99636720142962],[-52.727286644762785,-17.994401972317686],[-52.7287271248569,-17.993521671832152],[-52.729890495050256,-17.992590981433228],[-52.729890495050256,-17.990105321847746],[-52.73025300457249,-17.986842751436566],[-52.732428054511054,-17.984667701497898],[-52.732428064403564,-17.982130151929802],[-52.73025300457249,-17.98031761151341],[-52.72844046505531,-17.977780052052697],[-52.7269904242686,-17.97125491212948],[-52.72735293469009,-17.966542311723515],[-52.72662791474636,-17.96037967143013],[-52.72264032439143,-17.95530456150188],[-52.71502765500213,-17.950591961995116],[-52.71031503481089,-17.946241872010578],[-52.7083000650959,-17.943219411592445],[-52.70755014472326,-17.940969662166093],[-52.706784714642765,-17.93924744156213],[-52.70563656457574,-17.935994361696398],[-52.70448841450866,-17.93235856184429],[-52.702766194803935,-17.92891412153567],[-52.702641114395874,-17.928713981910942],[-52.701809404280475,-17.92738326227404],[-52.701618044736904,-17.92585241200556],[-52.701809404280475,-17.921451182072826],[-52.70233985500027,-17.920390291425274],[-52.70276620469656,-17.91953761181783],[-52.70314891479046,-17.91666724204608],[-52.70410569452213,-17.912648732099985],[-52.705827925018696,-17.90595121192578],[-52.706784714642765,-17.902315412073577],[-52.70667202509377,-17.900287031668203],[-52.70659335419981,-17.898870981657563],[-52.70697607508572,-17.896000611885835],[-52.70755014472326,-17.89408704163083],[-52.708471824814815,-17.89270453183586],[-52.70869829479045,-17.892364821926257],[-52.70965508441458,-17.889685811698154],[-52.71042052438759,-17.887963601886028],[-52.71137730501858,-17.886432731832528],[-52.711568664562094,-17.885093232114365],[-52.71176136499497,-17.884579372087757],[-52.7121427341998,-17.88356237195336],[-52.71290816428017,-17.88260558142989],[-52.71424767479033,-17.8816488016983],[-52.71457639498459,-17.881451561487893],[-52.716252724983235,-17.880445772302128],[-52.717118044562085,-17.879926581993725],[-52.71733155440768,-17.879774061471196],[-52.71845755507206,-17.87896978157768],[-52.718779265050955,-17.878326361619855],[-52.720371134320374,-17.875142641967045],[-52.722284714467946,-17.870167341497467],[-52.722321714375596,-17.87011976196529],[-52.723624215085295,-17.868445121792778],[-52.72438964426663,-17.866531541645255],[-52.72534643479008,-17.86538340147078],[-52.72515507434713,-17.863469822222527],[-52.726111874763085,-17.86174760161857],[-52.725920514320244,-17.86002538191383],[-52.72687730484364,-17.85792045211531],[-52.728408165004794,-17.855432801430833],[-52.73013038470941,-17.853136502196055],[-52.73093416457999,-17.851796872076193],[-52.731278534776436,-17.85122293194104],[-52.733574834910655,-17.84892664169958],[-52.73418411480503,-17.84877432172597],[-52.734340264991204,-17.84873528215594],[-52.73644520468241,-17.849500712236484],[-52.73797606484334,-17.850648851511636],[-52.741420504252744,-17.852371082008048],[-52.742951374306415,-17.853901932276578],[-52.745821744977434,-17.855815522316743],[-52.747166354643525,-17.857563512094504],[-52.7477353242258,-17.858303172101778],[-52.748500744413775,-17.859451312276313],[-52.74984025492381,-17.860599451551526],[-52.749949414633704,-17.860708612160682],[-52.7506056850043,-17.86136488163205],[-52.75251927504445,-17.861364891524566],[-52.758260004695444,-17.861747601618585],[-52.759216794319514,-17.861747601618585],[-52.7613217448025,-17.862895751685567],[-52.76304395461477,-17.86289575168557],[-52.764383464225375,-17.862513041591573],[-52.76512531498122,-17.861585711959115],[-52.76591432438653,-17.860599461444036],[-52.76859333461465,-17.85811181165883],[-52.772420504802426,-17.85447601180673],[-52.77548222422524,-17.852562441551726],[-52.777969874909786,-17.850648862303526],[-52.78103160422511,-17.84892664169958],[-52.781732074475606,-17.848449041438496],[-52.78524148450679,-17.846056281820303],[-52.787920494734976,-17.843759981686315],[-52.788298234276056,-17.84323115154496],[-52.788877274466586,-17.84242048196827],[-52.788993094555565,-17.842304671771757],[-52.78983407488254,-17.841463702236688],[-52.790002264293044,-17.84095910162979],[-52.79021678497657,-17.84031555216952],[-52.79155629458728,-17.83878469200852],[-52.792130364224874,-17.83801926192805],[-52.793087164640845,-17.83706247230395],[-52.79318295502924,-17.837024152191525],[-52.794043954264964,-17.836679752317423],[-52.795192094439585,-17.836297042223475],[-52.796148884962975,-17.836871111861058],[-52.79634024450661,-17.83725383184752],[-52.79748839457369,-17.837827891592585],[-52.79901925473473,-17.838210621471564],[-52.80055011489577,-17.83859332167312],[-52.802463695043464,-17.83859333156557],[-52.803111534269874,-17.838408242095355],[-52.803803204654116,-17.838210611579104],[-52.80609950478828,-17.838210611579104],[-52.80839579502987,-17.83801926192805],[-52.81164887489564,-17.837636541941528],[-52.813371104492774,-17.83859333156557],[-52.81509332509676,-17.83993284207551],[-52.817006904345135,-17.841080982250162],[-52.81796369486858,-17.842037771874256],[-52.818537764506175,-17.843759981686315],[-52.819303194586674,-17.846056281820303],[-52.81892048449265,-17.84777850152505],[-52.81901097427692,-17.848140461561485],[-52.81943010421588,-17.848727252109335]],[[-53.008992000180626,-17.902541999860322],[-52.975725000308444,-17.897252999673334],[-52.96835600042897,-17.891710999510238],[-52.96431700032929,-17.879882999048714],[-52.95324399961072,-17.86903899989777],[-52.93189199971596,-17.863143999643828],[-52.91718300039503,-17.86339399948148],[-52.91092799972739,-17.86729399946635],[-52.90314999987253,-17.865791999449147],[-52.88385599955467,-17.870755999037897],[-52.862769000189196,-17.882182999892947],[-52.853042000387916,-17.89787499957863],[-52.845560999840245,-17.89873899985201],[-52.842744000335294,-17.9109889990898],[-52.83406899958464,-17.91908599926593],[-52.82648599972907,-17.945949999738428],[-52.83128599984895,-17.95684199930432],[-52.8306419998284,-17.971766999592468],[-52.81319400010295,-17.98981699919978],[-52.813742000192974,-18.01492499963299],[-52.807530999755784,-18.022032999167322],[-52.81562199965549,-18.0378109992216],[-52.807316999779694,-18.048224999227365],[-52.79975800013148,-18.048224999227365],[-52.80194700035372,-18.05423099920414],[-52.79096100005006,-18.05434999929593],[-52.78481700000452,-18.069566999559854],[-52.777992000030736,-18.07297799947748],[-52.77963100007048,-18.08083299928572],[-52.77599200043039,-18.09120299906105],[-52.772935999796516,-18.09005299908859],[-52.77165800021646,-18.093888999719315],[-52.76540300044809,-18.09567799948193],[-52.763900000384695,-18.105446999421012],[-52.75415000042215,-18.11318599927582],[-52.75125299992595,-18.121946999495556],[-52.744925000388434,-18.124563999669817],[-52.74525799955695,-18.128999999191475],[-52.73955600010931,-18.129180999444475],[-52.735542000263024,-18.13483299928419],[-52.761605999816936,-18.348707999309834],[-52.796444000190434,-18.32891699945559],[-52.825513999871134,-18.325527999653126],[-52.8781249996689,-18.32764999948349],[-52.93149700038617,-18.30751399900803],[-52.97457799957493,-18.30820599944345],[-52.975752999801045,-18.295746999560894],[-52.9947249996589,-18.298643999157644],[-53.00758099986319,-18.293241999155452],[-53.02807199962302,-18.293768999176404],[-53.036088999707545,-18.288655999011866],[-53.032044000230314,-18.280641999065903],[-53.036163999568885,-18.266721999258074],[-53.03177799965488,-18.257307999502085],[-53.001039000349465,-18.24491699915796],[-53.02015000032214,-18.24313299962607],[-53.02833600010621,-18.237941999461725],[-53.03930300043311,-18.21997199904704],[-53.04407500016112,-18.195946999093888],[-53.06585800014647,-18.166032999163505],[-53.07068899989741,-18.14895799955244],[-53.112686000358565,-18.114066999433813],[-53.11810000001486,-18.102841999800102],[-53.11468099972825,-18.088160999072787],[-53.09786899965456,-18.081457999329427],[-53.01981700025425,-18.025335999500413],[-53.00230800041385,-17.983974999591332],[-53.00382200008511,-17.930491999152647],[-53.008992000180626,-17.902541999860322]]]},"properties":{"OBJECTID":4,"NOME_UC":"Parque Nacional das Emas","complement":null,"nome":"Parque Nacional das Emas","Shape__Area":0.22488035033196763,"Shape__Length":5.027087119483623}},{"type":"Feature","id":5,"geometry":{"type":"Polygon","coordinates":[[[-53.00391699996953,-18.51937499968707],[-53.00404400043021,-18.51905599936547],[-53.004081000337806,-18.51896699975786],[-53.0041170001993,-18.51887799925081],[-53.004136000176175,-18.518835999112678],[-53.004153000060796,-18.518796999112833],[-53.004192000060634,-18.51870799950516],[-53.004233000152794,-18.51861899899818],[-53.00425000003736,-18.51858099904443],[-53.00426900001429,-18.518538999805504],[-53.004311000152484,-18.518452999436985],[-53.00435300029068,-18.518366999068405],[-53.004375000405844,-18.518324999829527],[-53.00439400038272,-18.51828599982968],[-53.00443899976,-18.51819999946099],[-53.00448299999039,-18.51811699923076],[-53.00450600015165,-18.518074999092565],[-53.00452800026687,-18.518035999092724],[-53.00457499973635,-18.51795299976175],[-53.0046220001052,-18.5178689994853],[-53.00464400022037,-18.51783099953157],[-53.00466700038169,-18.51779199953178],[-53.00471699998952,-18.517710999393735],[-53.00476699959734,-18.517627999163512],[-53.004791999850845,-18.517588999163547],[-53.00481700010437,-18.51755299930205],[-53.00486899980439,-18.517471999164066],[-53.004921999550554,-18.51739199907213],[-53.004946999804076,-18.517352999072184],[-53.004972000057705,-18.5173169992108],[-53.00502799994223,-18.517238999211056],[-53.0050829997806,-18.517157999073024],[-53.00510800003411,-18.517121999211525],[-53.00513300028763,-18.51708599935003],[-53.005192000310444,-18.51700799935034],[-53.005250000287106,-18.516932999489008],[-53.00527799977977,-18.516896999627505],[-53.00530300003339,-18.516860999766017],[-53.00536400014846,-18.516785999005293],[-53.005425000263465,-18.51671099914396],[-53.00545299975607,-18.516674999282472],[-53.00548100014794,-18.516691999167094],[-53.00554400035532,-18.51676699902843],[-53.005605999617096,-18.516493999029457],[-53.005636000101276,-18.51646099930632],[-53.005663999593764,-18.516427999583172],[-53.005730999985644,-18.516355999860124],[-53.00579400019285,-18.516282999191667],[-53.0058249998238,-18.516252999606923],[-53.005856000354015,-18.516216999745428],[-53.005921999800364,-18.51614999935361],[-53.005989000192194,-18.516080999768967],[-53.00602199991533,-18.516046999100407],[-53.006053000445554,-18.51601699951561],[-53.006122000030246,-18.515949999123723],[-53.00618900042201,-18.51588299963129],[-53.0062220001451,-18.51585299914723],[-53.006255999914345,-18.51581899937794],[-53.006327999637335,-18.515755999170725],[-53.00639700012141,-18.515691999816568],[-53.006432999982906,-18.51566099928636],[-53.00646399961385,-18.51563099970157],[-53.00653900037446,-18.515568999540406],[-53.00661100009745,-18.51550599933303],[-53.00664699995906,-18.51547799984055],[-53.006680999728246,-18.51544699931021],[-53.006755999589586,-18.515388999333556],[-53.0068310003503,-18.51532799921849],[-53.00686400007345,-18.515299999725883],[-53.006899999934944,-18.51527199933402],[-53.00697799993463,-18.5152139993573],[-53.00705299979609,-18.515155999380525],[-53.00709199979593,-18.515130999127013],[-53.00712799965743,-18.515102999634358],[-53.00720599965712,-18.51504699974989],[-53.00728299961065,-18.51499199901227],[-53.0073219996105,-18.51496699965801],[-53.00735800037137,-18.5149419994045],[-53.00743899961009,-18.51488899965833],[-53.00751699960977,-18.514835999012824],[-53.00755799970187,-18.51481099965864],[-53.00759399956337,-18.514785999405],[-53.007674999701344,-18.514735999797182],[-53.0077579999317,-18.51468599929016],[-53.00779699993154,-18.514663999174928],[-53.00783599993139,-18.5146419990596],[-53.00791900016162,-18.514591999451948],[-53.00800300043807,-18.514543999037006],[-53.00804200043791,-18.51452499906012],[-53.008081000437755,-18.514499999705816],[-53.008166999907075,-18.514457999567675],[-53.00825000013731,-18.514410999198937],[-53.00829200027556,-18.514391999222127],[-53.008331000275405,-18.51436899906081],[-53.008416999744725,-18.514327999867984],[-53.008503000113315,-18.514285999729836],[-53.00854400020535,-18.514266999752973],[-53.0085830002052,-18.51424699973],[-53.008671999812805,-18.514207999730143],[-53.0087580001815,-18.514166999638046],[-53.00880000031969,-18.51414999975344],[-53.00884199955858,-18.514130999776558],[-53.0089310000655,-18.51409399986897],[-53.00901899962702,-18.5140579991081],[-53.009060999765204,-18.514041999269576],[-53.00910299990347,-18.514024999384954],[-53.009192000410394,-18.51398899952346],[-53.00928300011026,-18.513955999800253],[-53.0093250002484,-18.513938999016265],[-53.0093670003867,-18.51392499927004],[-53.009458000086575,-18.513893999639095],[-53.009549999832586,-18.51386099901658],[-53.00959199997072,-18.513846999270232],[-53.00963300006282,-18.51383299952409],[-53.00972499980878,-18.513805999178196],[-53.00981699955485,-18.513777999685722],[-53.009860999785246,-18.51376399904007],[-53.00990299992345,-18.513752999432086],[-53.00999699976165,-18.51372499904022],[-53.010089000407,-18.513699999685926],[-53.01013299973812,-18.513688999178733],[-53.01017499987631,-18.513677999570746],[-53.010268999714526,-18.513655999455526],[-53.01036399959884,-18.513632999294263],[-53.01040799982923,-18.513621999686283],[-53.01044999996748,-18.51361399931739],[-53.01054399980569,-18.513591999202163],[-53.01063899969001,-18.513571999179202],[-53.01068299992039,-18.513563999709575],[-53.01072800019699,-18.513555999340674],[-53.010822000035205,-18.513538999455886],[-53.01091699991957,-18.513521999571374],[-53.01096100014996,-18.513516999340833],[-53.011006000426555,-18.513507999825094],[-53.011100000264776,-18.513493999179396],[-53.01119700024128,-18.51348099947921],[-53.01124199961856,-18.513474999202526],[-53.01128599984895,-18.51346899982526],[-53.01138099973326,-18.513457999317907],[-53.011474999571476,-18.513446999710037],[-53.01152199994032,-18.51344399957158],[-53.011567000216814,-18.513438999341027],[-53.01166100005503,-18.513432999064392],[-53.01175800003165,-18.51342199945641],[-53.0118030003082,-18.51342199945641],[-53.011846999639204,-18.513416999225868],[-53.01194200042289,-18.513413999087504],[-53.012039000399504,-18.513407999710072],[-53.01208299973052,-18.513407999710072],[-53.01212800000718,-18.513405999617888],[-53.01221699961479,-18.513402999479535],[-53.01223300035258,-18.513402999479535],[-53.01226700012188,-18.513399999341253],[-53.012299999845084,-18.513393999064547],[-53.01240800032889,-18.513385999594917],[-53.01251399982118,-18.51337799922603],[-53.01254700044365,-18.51337499908767],[-53.01258300030515,-18.51337499908767],[-53.01268899979743,-18.513368999710295],[-53.012797000281296,-18.51336399947969],[-53.01283100005059,-18.513360999341398],[-53.01286399977374,-18.513360999341398],[-53.01297200025749,-18.51335799920305],[-53.01307799974978,-18.51335799920305],[-53.013111000372305,-18.51335799920305],[-53.01314700023386,-18.51335799920305],[-53.01325299972609,-18.51335799920305],[-53.0133610002099,-18.513360999341398],[-53.01339399993304,-18.513360999341398],[-53.013427999702344,-18.51336099934139],[-53.01353600018621,-18.513366999618036],[-53.01364199967849,-18.513371999848697],[-53.01367500030091,-18.51337499908767],[-53.0137110001624,-18.51337499908767],[-53.01381699965469,-18.513382999456564],[-53.01392500013861,-18.51339199987167],[-53.01395799986176,-18.513393999064547],[-53.01399199963106,-18.513396999202897],[-53.01409699997645,-18.513410999848546],[-53.01420300036813,-18.51342199945641],[-53.01423900022962,-18.513424999594758],[-53.01427199995277,-18.51342799973305],[-53.01437800034432,-18.51344399957158],[-53.01439999956028,-18.513446999710037],[-53.014411000067575,-18.513449999848383],[-53.01442199967544,-18.513449999848383],[-53.014482999790516,-18.513457999317897],[-53.01454199981339,-18.513466999733],[-53.01461699967473,-18.51348099947921],[-53.014692000435446,-18.513491999087204],[-53.014755999789486,-18.5135029995945],[-53.01481899999669,-18.513513999202488],[-53.014893999858145,-18.51352799984808],[-53.01496699962729,-18.513541999594338],[-53.0150329999729,-18.513557999432876],[-53.01509700022626,-18.513568999040853],[-53.01516899994937,-18.51358599982479],[-53.01524399981071,-18.513602999709402],[-53.015308000064124,-18.513618999547933],[-53.01537200031743,-18.513632999294263],[-53.015444000040475,-18.51365299931723],[-53.015516999809684,-18.51367199929411],[-53.01557799992469,-18.513688999178733],[-53.015635999901406,-18.51370299982426],[-53.01568899964758,-18.51371899966279],[-53.01573900015461,-18.51373299940911],[-53.01580599964706,-18.513752999432086],[-53.01587199999278,-18.51377199940896],[-53.01593900038449,-18.513791999431934],[-53.016011000107476,-18.51381399954722],[-53.016075000360956,-18.513835999662437],[-53.016138999715,-18.513855999685397],[-53.01620800019902,-18.513880999039543],[-53.01627799982981,-18.51390299915477],[-53.01634200008317,-18.513927999408388],[-53.01640600033653,-18.51394999952361],[-53.01647499992123,-18.513974999777133],[-53.01679200015059,-18.513999999131382],[-53.016727999897235,-18.514024999384954],[-53.01666899987442,-18.514049999638463],[-53.01673600026612,-18.51407799913106],[-53.01680299975857,-18.514107999615128],[-53.01686700001193,-18.51413299986881],[-53.0169310002654,-18.514160999361305],[-53.01699699971175,-18.514191998992256],[-53.01706099996512,-18.514221999476426],[-53.01712500021847,-18.514249999868344],[-53.017186000333595,-18.51427799936095],[-53.017249999687635,-18.51431099908409],[-53.01731700007946,-18.5143419996143],[-53.01737800019447,-18.514374999337445],[-53.017439000309594,-18.51440599986767],[-53.017502999663634,-18.514438999590926],[-53.017566999916994,-18.51447199931401],[-53.01762800003212,-18.514505999083248],[-53.01768600000884,-18.51453899970583],[-53.01773599961667,-18.514566999198316],[-53.017753000400546,-18.51457799970568],[-53.01777200037742,-18.51458599917513],[-53.017874999731355,-18.51464699929032],[-53.01798100012303,-18.514707999405378],[-53.01799699996156,-18.5147189990133],[-53.018016999984525,-18.51472799942835],[-53.01811700009938,-18.51479399977401],[-53.0182190003066,-18.514857999128004],[-53.01823600019122,-18.514868999635354],[-53.018256000214194,-18.514880999289435],[-53.018356000329106,-18.514946999635033],[-53.01845600044396,-18.51501399912749],[-53.018472000282486,-18.51502499963472],[-53.0184890001671,-18.5150359992427],[-53.01858600014372,-18.515107999864902],[-53.01868600025864,-18.51517799949581],[-53.01870000000497,-18.515188999103668],[-53.01871699988959,-18.515202999749327],[-53.0188139998661,-18.51527499947238],[-53.01890799970431,-18.515349999333704],[-53.01892499958893,-18.515360999840954],[-53.01894200037299,-18.51537499958723],[-53.01898100037283,-18.515405999218174],[-53.0190720000727,-18.51548099907951],[-53.01916399981866,-18.515555999840238],[-53.01918099970328,-18.515568999540406],[-53.01919700044118,-18.515582999286615],[-53.01928600004868,-18.51566099928636],[-53.019377999794806,-18.51573899928605],[-53.01939399963334,-18.51575599917072],[-53.01941100041722,-18.515768999770174],[-53.01949699988654,-18.515849999008886],[-53.01958300025524,-18.515930999146914],[-53.01960000013986,-18.515946998985434],[-53.01961700002448,-18.515960999631147],[-53.01970000025477,-18.516046999100407],[-53.01978599972409,-18.51612799923845],[-53.01980000036963,-18.516143999076977],[-53.01981700025425,-18.51616099986097],[-53.01989999958522,-18.516246999330168],[-53.01991100009246,-18.51625799983753],[-53.01995799956194,-18.51630299921474],[-53.019960999700224,-18.5163079994453],[-53.019963999838694,-18.516310999583645],[-53.02006099981526,-18.516407999560208],[-53.02015799979183,-18.516502999444455],[-53.02016099993011,-18.516507999675063],[-53.02016400006846,-18.516510999813466],[-53.020257999906676,-18.516724999789556],[-53.02034999965264,-18.51670799900561],[-53.020358000021645,-18.516713999282313],[-53.02039199979089,-18.516752999282154],[-53.02041099976776,-18.516774999397327],[-53.02043099979079,-18.516796999512536],[-53.02050300041299,-18.51688099978898],[-53.02057800027445,-18.516963999119955],[-53.020597000251314,-18.516985999235004],[-53.02061400013582,-18.51700799935034],[-53.02068599985898,-18.517093999718924],[-53.020757999581974,-18.517180999234338],[-53.02077500036586,-18.517202999349564],[-53.02079400034273,-18.517227999603076],[-53.02086099983518,-18.5173169992108],[-53.020931000365344,-18.517402999579375],[-53.02093599969652,-18.517410999049005],[-53.02096700022685,-18.517446999809774],[-53.02098900034206,-18.517471999164066],[-53.02100600022669,-18.5174889990487],[-53.021018999926866,-18.517505999832697],[-53.02110000006491,-18.517593999394087],[-53.021178000064545,-18.51768299900187],[-53.021191999810874,-18.517699999785762],[-53.02120799964939,-18.51771699967044],[-53.02128300041011,-18.51780799937029],[-53.021358000271455,-18.51789699987728],[-53.02137200001772,-18.51791699900088],[-53.02138599976405,-18.517932999738786],[-53.02146099962539,-18.518027999623154],[-53.021533000247636,-18.518118999323004],[-53.021546999993966,-18.518138999345975],[-53.021560999740245,-18.518155999230597],[-53.021631000270425,-18.518252999207103],[-53.02169999985506,-18.518346999045427],[-53.021713999601275,-18.518366999068398],[-53.02172800024698,-18.518385999045265],[-53.02179399969327,-18.518482999021835],[-53.02186100008498,-18.51858099904444],[-53.02187199969296,-18.518599999021312],[-53.02188600033861,-18.518616999805303],[-53.02194999969265,-18.518716999020786],[-53.022013999946125,-18.518816999135808],[-53.02202499955399,-18.518835999112678],[-53.02203600006129,-18.51885599913565],[-53.02209700017636,-18.518957999342696],[-53.02212200042988,-18.518999999481],[-53.02218899992233,-18.519085999849572],[-53.02219200006067,-18.519088999088677],[-53.02227500029102,-18.51919999971077],[-53.02236099976023,-18.519310999433703],[-53.022360999760224,-18.519313999571896],[-53.02241400040572,-18.519385999295064],[-53.02242800015205,-18.51940299917967],[-53.022477999759815,-18.519471999663626],[-53.0225280002669,-18.519535999017727],[-53.022547000243776,-18.51956399940959],[-53.0226080003589,-18.519635999132575],[-53.02263599985138,-18.51967199899407],[-53.02266400024337,-18.51970599966274],[-53.02268300022023,-18.519732999109085],[-53.02270300024321,-18.51975799936277],[-53.02273099973582,-18.51979199913207],[-53.02275800008158,-18.519824999754473],[-53.022817000104396,-18.519902999754105],[-53.022875000081115,-18.519982999846164],[-53.022902999573716,-18.520016999615393],[-53.02292799982724,-18.520049999338596],[-53.0229829996656,-18.520130999476635],[-53.02304199968842,-18.52021099956852],[-53.02306399980369,-18.52024699943001],[-53.02308900005727,-18.520282999291513],[-53.023099999665085,-18.520296999037782],[-53.02315799964191,-18.52037799917581],[-53.02316700005696,-18.52038899968317],[-53.023175000425844,-18.520399999291097],[-53.02324700014884,-18.52050599968265],[-53.02331699977964,-18.52061099912885],[-53.023325000148596,-18.52062199963603],[-53.02333299961816,-18.520632999244008],[-53.02340000000993,-18.52074199977402],[-53.02346700040169,-18.5208499993585],[-53.023474999871326,-18.520860999865747],[-53.02348300024022,-18.520871999473716],[-53.023546999594316,-18.520982999196555],[-53.02355299987095,-18.520993999703748],[-53.023571999847825,-18.521016999865232],[-53.02363299996284,-18.521096999057736],[-53.023694000078024,-18.521171999818456],[-53.023721999570505,-18.521207999679945],[-53.02374699982414,-18.5212389993109],[-53.02380599984696,-18.521318999402787],[-53.023863999823675,-18.521399999540883],[-53.02388900007718,-18.52143299926407],[-53.023914000330706,-18.52146699903331],[-53.02396900016919,-18.52154999926361],[-53.02402500005354,-18.52163099940159],[-53.02404700016888,-18.521666999263072],[-53.02407200042245,-18.521699998986225],[-53.02412500016857,-18.521782999216573],[-53.02417799991474,-18.521866999492953],[-53.02420000002991,-18.52190299935445],[-53.02422500028342,-18.521938999215955],[-53.02427499989125,-18.52202499958458],[-53.02432500039839,-18.522107999814878],[-53.02434699961424,-18.522143999676373],[-53.02436699963721,-18.52218099958396],[-53.02441700014441,-18.522266999053276],[-53.02446399961377,-18.5223529994218],[-53.024485999729045,-18.522391999421753],[-53.02450599975202,-18.522427999283256],[-53.02454999998247,-18.52251699979018],[-53.02459700035126,-18.522602999259497],[-53.02461400023583,-18.522641999259353],[-53.02463300021276,-18.52267799912083],[-53.024675000350946,-18.522768999720093],[-53.024718999681966,-18.52285799932774],[-53.024735999566644,-18.522896999327536],[-53.024755999589615,-18.522932999189024],[-53.02479400044268,-18.523024999834362],[-53.02483300044253,-18.52311699958038],[-53.02485000032715,-18.523155999580215],[-53.02486700021183,-18.523191999441714],[-53.02490300007332,-18.523285999279928],[-53.02494200007317,-18.52337799902589],[-53.02495599981944,-18.52341699902574],[-53.024971999657964,-18.523455999025515],[-53.02500600032653,-18.523546999624816],[-53.02503900004979,-18.523641999509117],[-53.025052999795996,-18.52368099950891],[-53.02506700044165,-18.523721999601115],[-53.025100000164855,-18.52381399934708],[-53.02513099979575,-18.523907999185287],[-53.02514200030299,-18.523949999323484],[-53.02515600004932,-18.523988999323276],[-53.02518300039509,-18.524082999161475],[-53.02521400002605,-18.524177999045893],[-53.02522499963396,-18.524218999137993],[-53.025236000141206,-18.52426099927613],[-53.025261000394835,-18.524355999160445],[-53.02528599974903,-18.52444999899865],[-53.02529700025633,-18.524491999136785],[-53.025305999772,-18.524532999228995],[-53.02532799988717,-18.524627999113306],[-53.02535000000239,-18.524724999089866],[-53.0253580003714,-18.524766999228117],[-53.025368999979264,-18.524807999320046],[-53.025389000002235,-18.524905999342867],[-53.025407999979166,-18.52500299931938],[-53.025414000255864,-18.52504399941153],[-53.02542199972538,-18.52508599954972],[-53.025438999610124,-18.525182999526272],[-53.02545600039406,-18.52528099954888],[-53.02546099972534,-18.525321999640983],[-53.02546700000198,-18.525363999779227],[-53.02548099974831,-18.525460999755783],[-53.02549400034775,-18.525560999870645],[-53.02549699958684,-18.525602999109573],[-53.025502999863534,-18.52564199910941],[-53.02551400037072,-18.52574199922427],[-53.02552199984041,-18.525838999200893],[-53.02552800011705,-18.525882999431325],[-53.0255310002554,-18.52592499956946],[-53.02553599958668,-18.526021999546025],[-53.02554399995557,-18.526121999660994],[-53.02554700009392,-18.52616399979918],[-53.025550000232265,-18.526205999038055],[-53.025553000370564,-18.526305999152964],[-53.0255579997019,-18.526402999129463],[-53.0255579997019,-18.526446999359973],[-53.0255579997019,-18.526488999498167],[-53.0255579997019,-18.526585999474722],[-53.02556099984025,-18.526685999589574],[-53.0255579997019,-18.526727999727836],[-53.02556099984025,-18.526768999819918],[-53.02555799970191,-18.52686899903551],[-53.02555599960965,-18.52696699905817],[-53.025553000370564,-18.527010999288546],[-53.025550000232265,-18.52705299942675],[-53.02554399995558,-18.527149999403367],[-53.02553899972503,-18.527249999518276],[-53.02553599958668,-18.52729199965642],[-53.02553300034759,-18.52733299974846],[-53.02552499997869,-18.527432999863315],[-53.025516999609806,-18.527530998986702],[-53.02551100023243,-18.527571999078912],[-53.02550800009408,-18.527613999217103],[-53.02549699958684,-18.52771399933195],[-53.025485999978855,-18.527810999308567],[-53.02547799960996,-18.527852999446768],[-53.02547500037093,-18.5278939995388],[-53.02545799958698,-18.52799199956146],[-53.02544399984055,-18.52809199967642],[-53.02543600037109,-18.528132999768534],[-53.025431000140486,-18.528174999007277],[-53.025411000117515,-18.52827199898396],[-53.02539400023289,-18.52836899985973],[-53.025385999863886,-18.528410999098647],[-53.02537800039437,-18.52844999909849],[-53.025358000371405,-18.528546999074994],[-53.02533600025617,-18.528643999051674],[-53.02532799988716,-18.52868599918987],[-53.025317000279294,-18.528727999327998],[-53.025292000025665,-18.528821999166215],[-53.025268999864416,-18.528918999142714],[-53.02525800025643,-18.52895799914268],[-53.02524699974919,-18.52899999928087],[-53.025222000394876,-18.529093999119084],[-53.02519400000307,-18.52919199914174],[-53.02518300039509,-18.529230999141525],[-53.025168999749496,-18.529271999233732],[-53.0251390001647,-18.529366999118043],[-53.025110999772785,-18.529460999855452],[-53.025097000026506,-18.529499999855478],[-53.02508300028018,-18.529538999855312],[-53.025049999657654,-18.529632999693476],[-53.02501699993451,-18.529727999577776],[-53.02500300018829,-18.529766999577628],[-53.02498900044196,-18.529805999577473],[-53.024952999681155,-18.52989699927744],[-53.02491699981965,-18.5299889990234],[-53.024899999934966,-18.53002799902324],[-53.0248860001887,-18.530068999115347],[-53.024847000188856,-18.530157999622336],[-53.02480800018901,-18.530249999368287],[-53.02479200035049,-18.530288999368135],[-53.024774999566546,-18.53032799936797],[-53.024733000327664,-18.53041699987484],[-53.024692000235575,-18.530507999574716],[-53.0246720002126,-18.530543999436258],[-53.02465600037408,-18.530582999436042],[-53.02461100009748,-18.530671999043832],[-53.02456699986708,-18.530760999550754],[-53.02454699984412,-18.530796999412253],[-53.024527999867246,-18.530835999412098],[-53.02448100039776,-18.53092199978079],[-53.024432999982935,-18.531007999250058],[-53.02441099986771,-18.53104699924991],[-53.02439199989084,-18.531082999111387],[-53.02434200028307,-18.53116699938773],[-53.02429199977587,-18.53125299975642],[-53.0242689996146,-18.53128899961791],[-53.02424999963773,-18.53132499947946],[-53.02419699989156,-18.531410999847985],[-53.02414400014544,-18.53149399917895],[-53.02412200003021,-18.531527999847466],[-53.0240969997767,-18.53156399970913],[-53.02404199993833,-18.531646999039967],[-53.02398900019216,-18.53172799917807],[-53.02396399993853,-18.531763999039626],[-53.023938999685015,-18.531799999800324],[-53.02388299980055,-18.53187799980012],[-53.02382499982383,-18.53196099913109],[-53.0237999995702,-18.5319919996613],[-53.02377500021606,-18.532027999522796],[-53.023714000100995,-18.532105999522482],[-53.02365600012428,-18.532185999614484],[-53.023627999732305,-18.53221699924532],[-53.023603000378046,-18.53224999986784],[-53.023539000124686,-18.532327999867526],[-53.023478000009675,-18.532402999728863],[-53.02344999961775,-18.532435999452073],[-53.02342200012515,-18.532468999175215],[-53.02335799987168,-18.532541999843676],[-53.02329399961832,-18.53261699970502],[-53.023264000033464,-18.532649999428166],[-53.0232359996416,-18.532680999059114],[-53.02316900014916,-18.53275299968142],[-53.02310299980354,-18.53282499940441],[-53.023075000311,-18.532855999035363],[-53.023043999780725,-18.532885999519532],[-53.022975000196084,-18.532957999242406],[-53.022905999712066,-18.53302799977258],[-53.022875000081115,-18.53305799935743],[-53.02284699968925,-18.533085999749282],[-53.02277499996626,-18.53315599938008],[-53.02270300024321,-18.533441999079223],[-53.022671999713,-18.53341399958663],[-53.02264200012809,-18.53338599919477],[-53.022567000266754,-18.533346999194915],[-53.02249200040541,-18.53341399958662],[-53.0224609998752,-18.53343899984014],[-53.02242800015205,-18.533466999332735],[-53.022353000290714,-18.53353299967834],[-53.02227800042931,-18.533596999032447],[-53.02224399976069,-18.53362199928596],[-53.022211000037544,-18.533649999677987],[-53.022133000037854,-18.533710999793005],[-53.02205800017651,-18.533771999008753],[-53.02202200031502,-18.533796999262318],[-53.021988999692496,-18.533821999515837],[-53.02191099969281,-18.53388099953865],[-53.02183099960092,-18.533938999515314],[-53.02179699983162,-18.533963999768993],[-53.02176099997013,-18.53398899912325],[-53.02168099987807,-18.53404399986088],[-53.02159999974009,-18.534099999745344],[-53.021563999878595,-18.534124999099646],[-53.0215280000171,-18.53414699921488],[-53.02144699987912,-18.534199999860196],[-53.02136399964883,-18.534255999744833],[-53.02132799978733,-18.534277999860002],[-53.021291999925836,-18.53429999907584],[-53.021205999557196,-18.534349999583046],[-53.02112200018008,-18.534402999329163],[-53.021086000318576,-18.534421999306026],[-53.021049999557825,-18.53444399942125],[-53.02096099995015,-18.53449199983603],[-53.020874999581515,-18.534541999443853],[-53.02083899972001,-18.534560999420737],[-53.02080299985851,-18.534580999443694],[-53.02071400025085,-18.534624999674204],[-53.0206249997438,-18.53467199914368],[-53.02058899988241,-18.53468899902818],[-53.02054999988252,-18.53470799900517],[-53.02046100027485,-18.534752999281714],[-53.02037199976792,-18.534793999373747],[-53.02033299976796,-18.534810999258426],[-53.02029699990658,-18.534830999281393],[-53.02020600020671,-18.53486899923509],[-53.020113999561374,-18.534910999373288],[-53.02007499956153,-18.53492499911956],[-53.02003599956168,-18.53494199900424],[-53.01994399981572,-18.534980999004016],[-53.019853000115745,-18.535016999764945],[-53.01981400011589,-18.535032999603473],[-53.01977500011611,-18.535046999349746],[-53.019683000370094,-18.535080999118865],[-53.019588999632504,-18.5351169998798],[-53.01954999963271,-18.535130999626066],[-53.01951099963287,-18.535143999326298],[-53.01941399965631,-18.535174999856572],[-53.01932199991035,-18.535207999579658],[-53.01928099981824,-18.53521899918764],[-53.01924199981835,-18.535232999833287],[-53.019146999934044,-18.535260999325775],[-53.01905300009582,-18.535288999717764],[-53.01901099995762,-18.535299999325613],[-53.018971999957785,-18.535310999832973],[-53.018874999981165,-18.535335999187122],[-53.0187780000046,-18.535360999440744],[-53.018739000004814,-18.535371999048714],[-53.01869699986661,-18.535382999555974],[-53.01859999989006,-18.535402999578935],[-53.01850600005184,-18.535427999832457],[-53.01846399991359,-18.535435999302077],[-53.018421999775406,-18.535443999671035],[-53.018324999798836,-18.53546399969401],[-53.01822799982221,-18.535482999670815],[-53.01818599968408,-18.535488999048262],[-53.01814400044515,-18.53549699941716],[-53.01804699956932,-18.53551399930177],[-53.0179499995927,-18.535530999186452],[-53.017908000353884,-18.535535999416986],[-53.01786700026167,-18.535541999693628],[-53.016507999644375,-18.535738999785156],[-53.01644999966766,-18.535746999254783],[-53.016388999552646,-18.535757999762023],[-53.01630800031386,-18.535766999277755],[-53.016228000221986,-18.53577499964665],[-53.01616900019917,-18.535782999116275],[-53.016108000084046,-18.53578899939298],[-53.01602799999216,-18.535796999761875],[-53.015946999854116,-18.535802999139253],[-53.015888999877404,-18.53580799936985],[-53.01582799976227,-18.53581099950815],[-53.0157469996243,-18.53581699978485],[-53.01566700043162,-18.535821999116134],[-53.01560600031661,-18.535824999254476],[-53.01554400015545,-18.535827999392815],[-53.015464000063446,-18.535827999392822],[-53.01538600006375,-18.53583099953113],[-53.015324999948746,-18.53583299962337],[-53.01526399983368,-18.53583299962337],[-53.01518299969558,-18.53583299962337],[-53.0151029996037,-18.53583299962337],[-53.01504200038789,-18.535830999531115],[-53.01498100027288,-18.53583099953113],[-53.014900000134844,-18.535824999254476],[-53.01481899999669,-18.535824999254476],[-53.01476100002003,-18.535818999877044],[-53.01469999990501,-18.53581699978485],[-53.01461899976698,-18.535810999508143],[-53.01453899967498,-18.53580799936985],[-53.014477999559915,-18.535802999139253],[-53.01441700034416,-18.535796999761878],[-53.01433900034447,-18.53578899939298],[-53.014258000206496,-18.535780999023917],[-53.01419700009143,-18.535774999646655],[-53.014135999976304,-18.535766999277755],[-53.014057999976615,-18.535757999762023],[-53.01397799988474,-18.535746999254783],[-53.01391699976966,-18.535735999646867],[-53.013857999746854,-18.535727999277917],[-53.01377799965485,-18.535716999670004],[-53.013699999655216,-18.53570299902429],[-53.01363900043942,-18.535691999416418],[-53.0135780003244,-18.535682999001313],[-53.01350000032471,-18.53566699916279],[-53.01342200032502,-18.535649999278114],[-53.0133610002099,-18.535638999670134],[-53.01330300023317,-18.535624999024588],[-53.013225000233554,-18.53560799913998],[-53.01314700023386,-18.535588999163107],[-53.01308600011879,-18.535574999416838],[-53.01302800014196,-18.535560999670505],[-53.012950000142325,-18.535541999693628],[-53.01287200014263,-18.535521999670664],[-53.01281400016592,-18.535502999693787],[-53.012756000189086,-18.535488999048248],[-53.01267800018945,-18.53546399969401],[-53.012600000189764,-18.53544199957878],[-53.0125420002131,-18.53542499969416],[-53.012486000328636,-18.535407999809472],[-53.01240800032889,-18.535380999463708],[-53.01233299956823,-18.535355999210203],[-53.01227499959151,-18.535335999187122],[-53.01221699961479,-18.535316999210355],[-53.01214199975345,-18.535288999717753],[-53.012066999892106,-18.535260999325775],[-53.01201100000753,-18.535238999210605],[-53.01195300003087,-18.535216999095383],[-53.01187800016953,-18.535188999602777],[-53.01180300030819,-18.53515799907257],[-53.01174700042366,-18.53513299971832],[-53.01169199968598,-18.535110999603095],[-53.01161899991683,-18.53507799987996],[-53.011544000055494,-18.53504699934973],[-53.011489000217125,-18.535021999096113],[-53.01143300033266,-18.534996999741917],[-53.01136099971029,-18.53496099898104],[-53.0112889999873,-18.534927999257906],[-53.01123600024113,-18.5348999997653],[-53.01118100040276,-18.53487499951174],[-53.01110799973429,-18.534835999511948],[-53.011036000011245,-18.534799999650446],[-53.01098300026513,-18.534771999258584],[-53.010930999665845,-18.53474199967373],[-53.010861000035106,-18.534702999673886],[-53.010789000312066,-18.53466399967405],[-53.010735999666565,-18.534632999143717],[-53.01068299992039,-18.53460299955886],[-53.010616999574836,-18.534560999420727],[-53.01054699994405,-18.53452199942089],[-53.01049400019792,-18.53448899969774],[-53.010441999598584,-18.53445799916753],[-53.01037500010614,-18.5344139998364],[-53.01030799971437,-18.534371999698212],[-53.010258000106546,-18.534335999836724],[-53.01020799959946,-18.53430299921418],[-53.01014200015317,-18.53425799983702],[-53.0100749997614,-18.53421399960653],[-53.01002500015352,-18.534177999745033],[-53.009974999646424,-18.53414199898427],[-53.009911000292334,-18.534093999468702],[-53.009843999900625,-18.534046999099964],[-53.00979700043115,-18.53401099923847],[-53.00974699992406,-18.533974999376866],[-53.00968599980894,-18.53392499976915],[-53.00962199955558,-18.533874999262014],[-53.0095750000861,-18.533835999262166],[-53.00952799971736,-18.533799999400667],[-53.00946699960219,-18.533746999654504],[-53.0094030002482,-18.533696999147416],[-53.0093579999716,-18.533655999055263],[-53.00931099960285,-18.533616999055422],[-53.0092529996262,-18.533563999309294],[-53.009192000410394,-18.533510999563127],[-53.00914700013391,-18.533468999424993],[-53.00910299990346,-18.533427999332957],[-53.00904399988053,-18.533371999448434],[-53.00898599990388,-18.53334999933327],[-53.00894199967348,-18.533391999471455],[-53.00890000043455,-18.533432999563495],[-53.00884199955857,-18.533174999356902],[-53.0087859996741,-18.53311699938024],[-53.00874400043523,-18.53307499924205],[-53.00870000020478,-18.533030999011668],[-53.00864699955929,-18.532971998988735],[-53.00859199972092,-18.532913999012017],[-53.00854999958278,-18.53286699954254],[-53.00851099958294,-18.532821999266055],[-53.008457999836764,-18.532760999151048],[-53.008402999998395,-18.532702999174333],[-53.0083670001369,-18.532655999704858],[-53.00832499999865,-18.532607999289905],[-53.008275000390945,-18.5325469991749],[-53.008224999883794,-18.532485999059833],[-53.00818599988395,-18.532435999452073],[-53.008146999884104,-18.532388999083274],[-53.00810000041463,-18.53232499972924],[-53.00804999990754,-18.53226399961418],[-53.00801400004604,-18.532213999106972],[-53.00797800018443,-18.532163999499204],[-53.0079309998157,-18.532099999245855],[-53.007883000300126,-18.532035998992427],[-53.00784999967772,-18.531985999384666],[-53.00781399981623,-18.531935999776838],[-53.00631099975271,-18.529743999416304],[-53.006297000006384,-18.529724999439484],[-53.00628300026023,-18.529705999462617],[-53.00621900000675,-18.529607999439964],[-53.00615299966114,-18.529507999324995],[-53.00614200005322,-18.529488999348114],[-53.00612800030689,-18.529468999325143],[-53.00606700019188,-18.52936899921029],[-53.006006000076816,-18.529268999095382],[-53.00599400042273,-18.529249999118512],[-53.00598299991549,-18.529230999141525],[-53.00592199980037,-18.52912799978769],[-53.00586399982364,-18.529024999534446],[-53.005853000215666,-18.52900299941922],[-53.00584399980067,-18.52899199981124],[-53.005833000192695,-18.528977999165708],[-53.005772000077684,-18.52891699905064],[-53.00573600021619,-18.52887499981176],[-53.005697000216344,-18.52883599981192],[-53.005639000239626,-18.528771999558387],[-53.00558100026291,-18.528710999443373],[-53.005544000355314,-18.528666999213005],[-53.00550799959445,-18.52862799921316],[-53.00545299975607,-18.528560999720707],[-53.00539699987161,-18.52849699946723],[-53.00536100001011,-18.528455999375144],[-53.00532500014862,-18.528410999098647],[-53.00527200040244,-18.528343999606204],[-53.00521699966476,-18.528277999260652],[-53.00518299989545,-18.528235999122344],[-53.00515000017225,-18.52819199979134],[-53.00509700042613,-18.52812199926117],[-53.005046999919045,-18.528055999814928],[-53.0050140001959,-18.528010999538328],[-53.00498099957338,-18.52796399916959],[-53.00493099996555,-18.5278939995388],[-53.00488100035784,-18.52782499905479],[-53.00484999982757,-18.527780999723607],[-53.00481700010437,-18.527732999308828],[-53.00477199982789,-18.527660999585787],[-53.004725000358405,-18.527591999101883],[-53.004693999828184,-18.527543999586314],[-53.004664000243395,-18.527496999217462],[-53.004618999966844,-18.527424999494464],[-53.00457499973635,-18.52735299977143],[-53.00454700024374,-18.527302999264386],[-53.00451699975963,-18.52725799898785],[-53.00447499962149,-18.5271829991264],[-53.00443300038256,-18.527107999265056],[-53.004406000036795,-18.527060999795587],[-53.00437799964492,-18.527010999288557],[-53.004338999645086,-18.526935999427216],[-53.00429700040621,-18.52686099956588],[-53.00427200015264,-18.526810999058675],[-53.004246999899,-18.526760999450914],[-53.004207999899165,-18.526685999589574],[-53.00417200003767,-18.52660799958989],[-53.004146999784155,-18.526557999082804],[-53.00412200042995,-18.52650799947504],[-53.00408899980744,-18.52643099952145],[-53.00405299994594,-18.52635299952165],[-53.004030999830725,-18.526299999775535],[-53.004007999669405,-18.526249999268504],[-53.003974999946244,-18.52617199926864],[-53.0039420002231,-18.52609199917676],[-53.00392200020013,-18.526041999568996],[-53.00390000008491,-18.525988999822925],[-53.00386899955465,-18.525907999684826],[-53.00383899996979,-18.525830999731305],[-53.00382200008511,-18.52577799908576],[-53.003799999969935,-18.52572499933965],[-53.00377499971643,-18.525643999201606],[-53.003744000085476,-18.525563999109714],[-53.00372800024696,-18.52551099936355],[-53.00371100036227,-18.525457999617437],[-53.00368600010876,-18.525374999387104],[-53.00366099985524,-18.52529399924912],[-53.00364399997056,-18.525241999549095],[-53.00362800013204,-18.525188999802925],[-53.00360600001687,-18.525105999572684],[-53.00358299985544,-18.525021999296246],[-53.00356900010922,-18.52496899955007],[-53.0035530002707,-18.524916999850053],[-53.00353600038608,-18.52483299957372],[-53.00351400027085,-18.524749999343385],[-53.00350299976356,-18.524693999458915],[-53.003489000017225,-18.524641999758835],[-53.003472000132604,-18.52455799948257],[-53.00345300015574,-18.524474999252277],[-53.00344399974074,-18.52441899936781],[-53.00343300013276,-18.52436399952944],[-53.003417000294235,-18.524280999299105],[-53.0034029996487,-18.524196999022777],[-53.003394000132914,-18.524141999184405],[-53.00338599976402,-18.524085999299825],[-53.00337200001775,-18.524002999069594],[-53.00336100040977,-18.523916999600274],[-53.003353000040875,-18.52386099971582],[-53.00334699976417,-18.523807999070268],[-53.00333600015625,-18.523721999601115],[-53.003324999648896,-18.523635999232418],[-53.00332200040992,-18.523582999486308],[-53.00331700017938,-18.52352499950959],[-53.00330799976433,-18.52344199927936],[-53.00330000029476,-18.52335599981004],[-53.00329700015641,-18.523299999026193],[-53.00329400001806,-18.523243999141737],[-53.003288999787344,-18.52316099981077],[-53.00328599964905,-18.523074999442183],[-53.00328300041008,-18.52301899955772],[-53.00328300041007,-18.522963999719234],[-53.003281000317884,-18.522877999350708],[-53.003278000179535,-18.522791998981965],[-53.00327800017954,-18.522735999097495],[-53.00327800017954,-18.52268099925913],[-53.003278000179535,-18.52259399974372],[-53.003281000317884,-18.522510999513543],[-53.00328300041007,-18.52245299953683],[-53.00328300041007,-18.5223999997907],[-53.003285999649044,-18.522313999422014],[-53.003288999787344,-18.522227999053435],[-53.00329400001806,-18.522171999168968],[-53.003297000156415,-18.522116999330606],[-53.00330300043305,-18.52203299905416],[-53.00331099990269,-18.521946999584838],[-53.00331400004103,-18.52189199974646],[-53.00331900027158,-18.521835999862006],[-53.0033279997873,-18.521749999493423],[-53.003339000294545,-18.52166399912473],[-53.00334399962583,-18.52161099937862],[-53.003353000040875,-18.521555999540254],[-53.0033639996488,-18.521471999263923],[-53.0033750001561,-18.521385999794603],[-53.00338299962567,-18.52133099905685],[-53.00339200004071,-18.521274999172388],[-53.003407999879244,-18.521191999841427],[-53.003421999625516,-18.521107999565093],[-53.00343300013276,-18.521052999726738],[-53.003441999648544,-18.520996999842204],[-53.00345800038639,-18.520913999611857],[-53.00347500027096,-18.52083099938168],[-53.003489000017225,-18.52077499949723],[-53.003499999625205,-18.520721999751043],[-53.00351899960208,-18.52063899952071],[-53.00353899962505,-18.52055599929047],[-53.0035530002707,-18.520502999544362],[-53.003567000016915,-18.520446999659832],[-53.0035890001322,-18.520363999429602],[-53.003611000247425,-18.520282999291503],[-53.00362499999369,-18.52022799945314],[-53.00364199987837,-18.520174999706974],[-53.003667000131884,-18.520093999568996],[-53.003692000385456,-18.520010999338762],[-53.00370800022398,-18.51995799959247],[-53.0037250001086,-18.51990599899325],[-53.003752999601204,-18.519824999754473],[-53.003777999854776,-18.519743999616498],[-53.00379999996994,-18.51969199901716],[-53.003816999854564,-18.519638999270928],[-53.00384700033868,-18.51955799913295],[-53.003877999969625,-18.519477999041015],[-53.00389699994656,-18.51942799943324],[-53.00391699996953,-18.51937499968707]],[[-53.01238900035195,-18.52238299900665],[-53.01226099984524,-18.522702999374353],[-53.01324700034871,-18.523046999050205],[-53.01371400030075,-18.524657999597427],[-53.015218999557085,-18.526849999058644],[-53.01675600028909,-18.526652999866492],[-53.016510999782724,-18.526624999474507],[-53.01648600042853,-18.52659399984356],[-53.01644999966766,-18.52657499986674],[-53.01639399978319,-18.52653299972855],[-53.016364000198394,-18.526499999106033],[-53.01634400017542,-18.52648099912916],[-53.01630800031387,-18.52644999949832],[-53.01626400008348,-18.526385999244848],[-53.01623299955327,-18.526338999775376],[-53.01622199994529,-18.526310999383497],[-53.01616900019917,-18.52624699913016],[-53.016138999715004,-18.526202999799033],[-53.016096999576796,-18.526141999683958],[-53.01606900008421,-18.5260859997995],[-53.01604699996897,-18.526035999292297],[-53.016033000222706,-18.525980999453935],[-53.01601400024583,-18.525938999315798],[-53.0160079999692,-18.525891999846316],[-53.01598299971562,-18.525841999339228],[-53.01593300010785,-18.52577799908576],[-53.01588299960065,-18.5256969998471],[-53.015842000407936,-18.52562799936308],[-53.01581900024661,-18.52557199947862],[-53.015803000408084,-18.52553299947877],[-53.015775000016106,-18.52549399947893],[-53.0157109997628,-18.525424998994914],[-53.015671999762965,-18.525346998995214],[-53.01563099967086,-18.525302999664103],[-53.015577999924695,-18.52522799980277],[-53.0155329996482,-18.525174999157333],[-53.01548099994807,-18.525127999687907],[-53.0154529995562,-18.525088999687906],[-53.01541100031739,-18.525055999065486],[-53.0153920003404,-18.52500299931938],[-53.01535599957969,-18.524941999204362],[-53.015308000064124,-18.52489399968874],[-53.01526900006428,-18.52483299957372],[-53.01522799997219,-18.524782999066638],[-53.015127999857214,-18.524655999505168],[-53.015100000364555,-18.524602999759054],[-53.015024999604,-18.524507999874753],[-53.01498300036507,-18.52446899987491],[-53.01494699960432,-18.524430999021785],[-53.014910999742824,-18.524399999390948],[-53.01488300025022,-18.524368999759986],[-53.01484700038873,-18.524343999506364],[-53.01480600029663,-18.524291999806337],[-53.01475799988168,-18.524232999783525],[-53.01475299965114,-18.524152999691648],[-53.01472800029683,-18.5240999990461],[-53.01470600018166,-18.524071999553605],[-53.01468300002034,-18.524043999161638],[-53.014638999789945,-18.523988999323276],[-53.01461699967473,-18.523946999185124],[-53.014580999813234,-18.523902999854013],[-53.01454700004399,-18.52386099971581],[-53.01451899965201,-18.52381099920872],[-53.01448599992892,-18.523780999623927],[-53.0144690000443,-18.523735999347384],[-53.01445800043632,-18.523691999116878],[-53.01442799995215,-18.523641999509117],[-53.0143970003212,-18.523602999509276],[-53.01438299967566,-18.523560999371096],[-53.014343999675816,-18.52353099978629],[-53.01431400009096,-18.523491999786437],[-53.01427500009112,-18.523463999394583],[-53.01423099986072,-18.52341099964841],[-53.01418899972253,-18.523363999279557],[-53.014164000368275,-18.523332999648723],[-53.014083000230244,-18.523230999441562],[-53.01401899997676,-18.523143999026708],[-53.01398900039197,-18.52310799916522],[-53.013938999884886,-18.52306099969592],[-53.01390600016174,-18.523021999695903],[-53.013867000161895,-18.522963999719234],[-53.01383100030041,-18.522916999350503],[-53.01379200030056,-18.522860999466044],[-53.0137530003007,-18.522802999489382],[-53.013711000162395,-18.522760999351018],[-53.013689000047236,-18.522738999235955],[-53.0136500000474,-18.522716999120682],[-53.01361100004755,-18.52268299935138],[-53.01357500018605,-18.522655999005615],[-53.013502999563684,-18.522602999259497],[-53.01346100032487,-18.522538999006148],[-53.01342200032502,-18.52249199953667],[-53.01339199984084,-18.522438999790506],[-53.013352999841004,-18.52240799926028],[-53.01330300023318,-18.52237799967549],[-53.01325299972609,-18.522363999029775],[-53.01319199961097,-18.522349999283506],[-53.01313299958815,-18.522338999675647],[-53.01308600011879,-18.522360999790813],[-53.01298299986547,-18.52239999979071],[-53.01286399977374,-18.522413999536983],[-53.012746999774095,-18.522413999536973],[-53.01265299993594,-18.522418999767524],[-53.01258899968252,-18.522430999421605],[-53.01252799956751,-18.52243899979049],[-53.01238900035195,-18.52238299900665]]]},"properties":{"OBJECTID":5,"NOME_UC":"Parque Natural Municipal da Lage","complement":null,"nome":"Parque Natural Municipal da Lage","Shape__Area":0.00037223338379512933,"Shape__Length":0.08429210722671522}},{"type":"Feature","id":6,"geometry":{"type":"Polygon","coordinates":[[[-53.579185557967094,-18.189975391890098],[-53.58058496782194,-18.18339534475885],[-53.5831854753294,-18.175268756887263],[-53.58546092018525,-18.16681710636421],[-53.58773636414179,-18.159015582043583],[-53.58903661834523,-18.15121405772291],[-53.58871155479437,-18.14471278850491],[-53.58903661834523,-18.13821151838753],[-53.5900118089977,-18.133335565124984],[-53.588711554794365,-18.125859105254523],[-53.5870862379395,-18.11935783513715],[-53.585135856634395,-18.113831755672315],[-53.58253534822769,-18.107005422004146],[-53.579934840720284,-18.10310466029347],[-53.57668420521179,-18.09920389768347],[-53.576034078110126,-18.094653008870974],[-53.57473382480606,-18.08977705650792],[-53.57245837995015,-18.085551231246388],[-53.5675824275869,-18.080675277983833],[-53.565306982731045,-18.07352388166418],[-53.56205634812193,-18.067022611546854],[-53.55848064906269,-18.06322674406162],[-53.55718039575862,-18.05932598145156],[-53.55588014155512,-18.05510015619015],[-53.55555507800437,-18.05022420382697],[-53.55588014155512,-18.046323442116293],[-53.55555507800437,-18.04144748885375],[-53.554254823801045,-18.03527128228727],[-53.554254823801045,-18.031695584127437],[-53.55457988735179,-18.02746975886592],[-53.554254823801045,-18.02389405980665],[-53.554254823801045,-18.020318361646893],[-53.55239941809862,-18.015539824747073],[-53.55290715823873,-18.01503208460692],[-53.553474633147744,-18.01500221722252],[-53.55383303816415,-18.01545022349292],[-53.55433437872847,-18.01601876499796],[-53.55499785446739,-18.016376103418324],[-53.55547572812225,-18.01631636954873],[-53.55569759806565,-18.015715827467364],[-53.555296525614104,-18.014942483352872],[-53.554848519343636,-18.014584078336533],[-53.554788785474045,-18.014076337297112],[-53.5553861268682,-18.013807533534866],[-53.556312006793625,-18.013329659879904],[-53.55687948170265,-18.0125531159775],[-53.55681974783306,-18.011776571175844],[-53.55643147543213,-18.011029893758536],[-53.556312006793625,-18.009865077455327],[-53.55687948170265,-18.00896906401517],[-53.557148285464905,-18.008610658998762],[-53.55720801933461,-18.00819252011289],[-53.556789880448605,-18.007684779073468],[-53.556580810555886,-18.006848500402164],[-53.556461342816704,-18.006101823884272],[-53.556969082956705,-18.005713551483364],[-53.557775494243636,-18.00562395022932],[-53.55867150768387,-18.004757804173554],[-53.55971685534854,-18.004638335534942],[-53.5605446003529,-18.004355665126088],[-53.5619078205894,-18.00268950825847],[-53.56372544577266,-18.00314391410466],[-53.563944222048185,-18.00338578586956],[-53.57189933168877,-18.00592769355242],[-53.571934630079056,-18.006021821993635],[-53.57238903682452,-18.007385042230098],[-53.57254050514018,-18.008899729882735],[-53.57254050514018,-18.01011148090416],[-53.572148897153795,-18.01118062732815],[-53.573041090274046,-18.011961296420722],[-53.574156332348764,-18.01207282044831],[-53.575271573524276,-18.012295868503518],[-53.57627529067208,-18.01207282044831],[-53.577948152884915,-18.011849771493797],[-53.57917491898729,-18.012184344475916],[-53.58062473224555,-18.012184344475916],[-53.58252064341286,-18.01095757837363],[-53.58385893264352,-18.009953861225807],[-53.58586636783855,-18.00950776511535],[-53.58809685018946,-18.00895014407804],[-53.589435140319374,-18.00861557199518],[-53.589769713301514,-18.00727728186524],[-53.58932361629178,-18.00638508874507],[-53.58887751928206,-18.005381371597178],[-53.589435140319374,-18.004377653549984],[-53.59110800253222,-18.004266129522442],[-53.593003912800214,-18.00348546042992],[-53.593226961754795,-18.0022586952269],[-53.593003912800214,-18.000808881069354],[-53.59411915487498,-18.000251260031987],[-53.596015065143035,-17.999470590939353],[-53.597576403328276,-17.998578397819188],[-53.599427704524885,-17.99824382573639],[-53.60143513882048,-17.997686204698965],[-53.60366562207077,-17.996905535606388],[-53.605338484283614,-17.996794011578796],[-53.607680491561325,-17.995901818458623],[-53.60946487780177,-17.995009625338383],[-53.61046859494968,-17.994005908190623],[-53.61136078806976,-17.99255609403302],[-53.61136078806976,-17.989879514672463],[-53.611249264042215,-17.987202935311895],[-53.611472312097476,-17.98497245206177],[-53.61292212625506,-17.983188065821384],[-53.61325669833792,-17.98084605854355],[-53.61437194041269,-17.978838624248013],[-53.6155987056157,-17.977388810090417],[-53.61738309185609,-17.976496616970184],[-53.61894443004138,-17.976496616970188],[-53.619502051078776,-17.97716576203522],[-53.61927900302351,-17.978057955155446],[-53.61950205107877,-17.97928472035846],[-53.6211749132915,-17.979173196330763],[-53.62284777550433,-17.97961929244126],[-53.62429758966198,-17.97906167230321],[-53.62585892784716,-17.977611858145725],[-53.62686264499495,-17.977277286062815],[-53.62786636214286,-17.978504051265897],[-53.62864703123546,-17.97995386542338],[-53.62931617630039,-17.980734534516003],[-53.63065446553111,-17.980288437506292],[-53.63176970760588,-17.98039996153383],[-53.63277342475368,-17.97995386542338],[-53.63243885267087,-17.978727099321038],[-53.63210427968863,-17.977834906200865],[-53.632438852670866,-17.97716576203522],[-53.633442569818726,-17.977723382173266],[-53.63400018995674,-17.978615575293496],[-53.63511543203152,-17.9783925272383],[-53.63611914917936,-17.977611858145725],[-53.63734591438242,-17.977388810090417],[-53.637680487364435,-17.978504051265887],[-53.6386842045124,-17.979284720358468],[-53.640022494642324,-17.979396244386066],[-53.64113773581783,-17.979173196330763],[-53.641137735817836,-17.9782810032107],[-53.641695356855166,-17.977723382173266],[-53.642810598030565,-17.978057955155446],[-53.643814315178474,-17.978727099321038],[-53.64526412933605,-17.979173196330763],[-53.64671394349358,-17.978727099321038],[-53.647940708696694,-17.977834906200865],[-53.64883290181689,-17.976719665025495],[-53.64972509493708,-17.976719665025495],[-53.64994814389166,-17.977611858145725],[-53.65017119194693,-17.97872709932103],[-53.651509482076904,-17.979173196330763],[-53.652580113281495,-17.978615575293496],[-53.65302621029133,-17.977611858145725],[-53.65402992743918,-17.9766081409979],[-53.65559126562431,-17.976496616970188],[-53.656037361734775,-17.97750033411796],[-53.65559126562431,-17.978504051265897],[-53.65503364458697,-17.979507768413665],[-53.656706506799814,-17.979730817368235],[-53.658490893040266,-17.978727099321038],[-53.659606135114984,-17.97750033411796],[-53.661167473300225,-17.976942713080696],[-53.66250576253083,-17.97738881009041],[-53.66350947967862,-17.978950148275615],[-53.66384405266086,-17.980734534516017],[-53.664513197725796,-17.98274196881167],[-53.66573996292891,-17.983857210886296],[-53.665963010984115,-17.984860928034177],[-53.66562843890131,-17.986310742191655],[-53.66629758396624,-17.98787207947747],[-53.66785892215148,-17.98876427349709],[-53.66975483241953,-17.988429700514914],[-53.67131617060476,-17.988652748570114],[-53.672542935807826,-17.988987321552226],[-53.67432732294753,-17.98943341766274],[-53.67633475724312,-17.98921036960754],[-53.67811914348357,-17.98943341766274],[-53.67923438555835,-17.990214086755312],[-53.679345909586004,-17.99144085285765],[-53.67990352972396,-17.993336763125587],[-53.68079572284421,-17.994786577283186],[-53.68280315803929,-17.995344198320502],[-53.68399646666353,-17.99634791546828],[-53.68555780394939,-17.997686204698965],[-53.68622694901444,-17.999191781319993],[-53.68667304602417,-18.000195498467757],[-53.68756523914436,-18.001087691587994],[-53.688457432264556,-18.001199215615532],[-53.689015053302,-18.000641594578273],[-53.68968419746767,-17.99997245041262],[-53.69046486656031,-17.99941482937519],[-53.69146858460738,-17.998857208337878],[-53.691914680717844,-17.999637877430498],[-53.69124553565291,-18.000641594578273],[-53.69068791551484,-18.001199215615532],[-53.69001877044985,-18.001979884708156],[-53.68979572239465,-18.002983601856045],[-53.690241818505,-18.004879513023297],[-53.69135705968051,-18.005660181216605],[-53.692026204745446,-18.006106278226383],[-53.69213772877299,-18.00699847134655],[-53.69158010863504,-18.007779140439123],[-53.69078828704971,-18.008671333559352],[-53.689896093929576,-18.00956352667952],[-53.689449996919734,-18.010455719799687],[-53.68967304587432,-18.01112486486472],[-53.69078828704971,-18.01112486486472],[-53.69123438316018,-18.012240106040085],[-53.69161727221922,-18.013490287790546],[-53.69289424387421,-18.01374568266112],[-53.69442661039972,-18.01297949894872],[-53.69570358205459,-18.01068095050956],[-53.69774673652262,-18.00838240117101],[-53.69927910304813,-18.006850034645492],[-53.701066863544895,-18.005828456961893],[-53.70336541288344,-18.005573062990702],[-53.70489777850963,-18.00608385183241],[-53.706685539006344,-18.007105429516056],[-53.70723006951192,-18.008635199698812],[-53.70734426992209,-18.010119809525662],[-53.70745847033203,-18.01217542230191],[-53.70808657483547,-18.01263222574058],[-53.70900018081363,-18.012860626560627],[-53.709799585482415,-18.01297482787],[-53.710370589331205,-18.013774232538754],[-53.71031348867655,-18.014973339991528],[-53.70951408400765,-18.015886945969655],[-53.7084291769649,-18.01725735448715],[-53.70872869437363,-18.019364358122477],[-53.70949487718673,-18.02115211861913],[-53.71077184884172,-18.023195273986374],[-53.710771848841716,-18.024983034483036],[-53.70949487718673,-18.02651540010929],[-53.70796251156059,-18.027792371764143],[-53.70872869437363,-18.030090921102683],[-53.70872869437363,-18.032389470441224],[-53.70872869437363,-18.03545420259278],[-53.71051645487046,-18.03673117424762],[-53.712304215367226,-18.03826354077309],[-53.715113552648226,-18.03979590639924],[-53.71792289082874,-18.040562090111635],[-53.72073222900906,-18.041328272924716],[-53.72251998950583,-18.042860639450183],[-53.72405235513196,-18.045669976731116],[-53.72507393281568,-18.04822392094022],[-53.725329327686275,-18.05154404706304],[-53.725329327686275,-18.05511956805654],[-53.72737248215423,-18.057928906236793],[-53.7299264254641,-18.060993638388407],[-53.731969580831446,-18.06380297656872],[-53.7349066155478,-18.066229222443287],[-53.736949770915146,-18.068527771781714],[-53.73924831935437,-18.07133710996214],[-53.74078068587988,-18.0744018421137],[-53.74282384034791,-18.077977363107077],[-53.74435620687336,-18.0810420952587],[-53.7453777845571,-18.08461761625203],[-53.74691015018311,-18.087937743274217],[-53.74844251670868,-18.091257869396983],[-53.749974882334925,-18.094833390390477],[-53.749974882334925,-18.098153517412662],[-53.750485671176705,-18.10351679890265],[-53.750817683789016,-18.10760310873792],[-53.75081768378902,-18.112200206515624],[-53.75158386750144,-18.11628651635083],[-53.75235005031453,-18.11960664337302],[-53.75439320478256,-18.12382064974425],[-53.755670177336754,-18.127140776766442],[-53.754903993624346,-18.131482480572842],[-53.75439320478256,-18.13582418437936],[-53.75490399362434,-18.139655100243314],[-53.754903993624346,-18.143486015208012],[-53.75643636014985,-18.146550747359562],[-53.756901177447276,-18.15019267159488],[-53.75489071333573,-18.154115528748836],[-53.75288024922401,-18.156403861788995],[-53.752553343861685,-18.16065362430533],[-53.753648475296814,-18.163922671633912],[-53.75675407084368,-18.16751862432482],[-53.76116728514205,-18.171278029697145],[-53.76410942800766,-18.173893267200246],[-53.76623430926594,-18.17634505382084],[-53.7672150235544,-18.18059481543792],[-53.76754192801747,-18.1867242797411],[-53.767541928017465,-18.191137494938683],[-53.766714981611074,-18.19073840369368],[-53.76766036153635,-18.196323895070776],[-53.76788517855807,-18.204295411942653],[-53.769356249990835,-18.211814221787577],[-53.77131767856798,-18.218679221807076],[-53.769219531456145,-18.222646351686205],[-53.76648774990963,-18.228530188655526],[-53.766908024685506,-18.233783615259714],[-53.766067476033136,-18.23798635672296],[-53.76333569448668,-18.24260937206281],[-53.76231145211176,-18.24671130671919],[-53.761494189605116,-18.24965344958472],[-53.759532761028034,-18.251614878161647],[-53.75675407084367,-18.24932654512167],[-53.75333791601196,-18.248427556724106],[-53.7490881534954,-18.24810065136168],[-53.74852569500479,-18.249947548578206],[-53.7462899974853,-18.252996227831265],[-53.74364780909906,-18.255638416217426],[-53.74222509151463,-18.259500076304846],[-53.73653422387525,-18.262142265590438],[-53.73307905465459,-18.26478445397666],[-53.7296238845346,-18.265597434811024],[-53.72779467698268,-18.267833133229722],[-53.72515248859639,-18.271898038300908],[-53.721900564359544,-18.275353207521547],[-53.72047784767449,-18.279214868508337],[-53.719664866840105,-18.28327977357953],[-53.71722592343758,-18.28571871698197],[-53.7111285649313,-18.28490573614762],[-53.70523445230799,-18.284499245280614],[-53.70055981048682,-18.28531222611514],[-53.69527543371419,-18.28795441450136],[-53.68775535852291,-18.288360905368208],[-53.68084501918224,-18.291816075488097],[-53.67576388739343,-18.291612829605025],[-53.670073019754,-18.294458263874315],[-53.66163282389567,-18.2916120804697],[-53.64930630763996,-18.28726154532081],[-53.64133032563399,-18.284361188554815],[-53.63697979048487,-18.279285564214316],[-53.63206615293052,-18.274946717553966],[-53.62829683882802,-18.270003271970563],[-53.624047076311456,-18.267061129105038],[-53.615874457540144,-18.263955533558377],[-53.61293231467454,-18.2626479139075],[-53.609172909302295,-18.258234699609176],[-53.60475969500391,-18.253658032629676],[-53.6018175521383,-18.250715889764145],[-53.59920231373576,-18.248264104042924],[-53.598711956591444,-18.243360532600402],[-53.598711956591444,-18.2402549370537],[-53.598875409272694,-18.236985889725048],[-53.59854850391025,-18.233880294178277],[-53.597404336940485,-18.23175541292016],[-53.595769813725845,-18.230611245950485],[-53.59397183693068,-18.229630531661822],[-53.59168350389052,-18.22881327005463],[-53.58857790834379,-18.228322912910333],[-53.58694338422975,-18.225380770044747],[-53.58596266994124,-18.223419341467878],[-53.5857992181593,-18.221294460209656],[-53.58579921815931,-18.21867922180707],[-53.58481850387079,-18.216554340548946],[-53.582366717250125,-18.215737078941658],[-53.58007838421003,-18.214919817334348],[-53.57795350295169,-18.21410255482773],[-53.57599207437472,-18.213448745901555],[-53.57484790740483,-18.211650769106445],[-53.57403064579762,-18.20919898338511],[-53.57239612168354,-18.20707410212694],[-53.570761598468884,-18.20527612623109],[-53.56945397881805,-18.203641602117106],[-53.56961743149918,-18.201680173540183],[-53.56945397881805,-18.200045649426205],[-53.56929052703612,-18.19857457799342],[-53.5701077886435,-18.197266959241865],[-53.57255957436479,-18.196613149416375],[-53.574684455623014,-18.19563243512788],[-53.57582862169352,-18.19399791101389],[-53.57672972169928,-18.192710628631755],[-53.579185557967094,-18.189975391890098]],[[-53.67700527287503,-18.14100324514427],[-53.67590408630451,-18.14216102065517],[-53.67431887021962,-18.14395897136989],[-53.67185568739001,-18.14670449185926],[-53.67009975479983,-18.148696815745883],[-53.674440810195165,-18.15265716743459],[-53.68063534854246,-18.149012672037575],[-53.68368384163596,-18.143035699478524],[-53.67700527287503,-18.14100324514427]]]},"properties":{"OBJECTID":6,"NOME_UC":"Parque Natural Municipal Templo dos Pilares","complement":null,"nome":"Parque Natural Municipal Templo dos Pilares","Shape__Area":0.047764367797496605,"Shape__Length":1.0358230033519358}},{"type":"Feature","id":7,"geometry":{"type":"Polygon","coordinates":[[[-53.579185557967094,-18.189975391890098],[-53.58058496782194,-18.18339534475885],[-53.5831854753294,-18.175268756887263],[-53.58546092018525,-18.16681710636421],[-53.58773636414179,-18.159015582043583],[-53.58903661834523,-18.15121405772291],[-53.58871155479437,-18.14471278850491],[-53.58903661834523,-18.13821151838753],[-53.5900118089977,-18.133335565124984],[-53.588711554794365,-18.125859105254523],[-53.5870862379395,-18.11935783513715],[-53.585135856634395,-18.113831755672315],[-53.58253534822769,-18.107005422004146],[-53.579934840720284,-18.10310466029347],[-53.57668420521179,-18.09920389768347],[-53.576034078110126,-18.094653008870974],[-53.57473382480606,-18.08977705650792],[-53.57245837995015,-18.085551231246388],[-53.5675824275869,-18.080675277983833],[-53.565306982731045,-18.07352388166418],[-53.56205634812193,-18.067022611546854],[-53.55848064906269,-18.06322674406162],[-53.55718039575862,-18.05932598145156],[-53.55588014155512,-18.05510015619015],[-53.55555507800437,-18.05022420382697],[-53.55588014155512,-18.046323442116293],[-53.55555507800437,-18.04144748885375],[-53.554254823801045,-18.03527128228727],[-53.554254823801045,-18.031695584127437],[-53.55457988735179,-18.02746975886592],[-53.554254823801045,-18.02389405980665],[-53.554254823801045,-18.020318361646893],[-53.55239941809862,-18.015539824747073],[-53.55290715823873,-18.01503208460692],[-53.553474633147744,-18.01500221722252],[-53.55383303816415,-18.01545022349292],[-53.55433437872847,-18.01601876499796],[-53.55499785446739,-18.016376103418324],[-53.55547572812225,-18.01631636954873],[-53.55569759806565,-18.015715827467364],[-53.555296525614104,-18.014942483352872],[-53.554848519343636,-18.014584078336533],[-53.554788785474045,-18.014076337297112],[-53.5553861268682,-18.013807533534866],[-53.556312006793625,-18.013329659879904],[-53.55687948170265,-18.0125531159775],[-53.55681974783306,-18.011776571175844],[-53.55643147543213,-18.011029893758536],[-53.556312006793625,-18.009865077455327],[-53.55687948170265,-18.00896906401517],[-53.557148285464905,-18.008610658998762],[-53.55720801933461,-18.00819252011289],[-53.556789880448605,-18.007684779073468],[-53.556580810555886,-18.006848500402164],[-53.556461342816704,-18.006101823884272],[-53.556969082956705,-18.005713551483364],[-53.557775494243636,-18.00562395022932],[-53.55867150768387,-18.004757804173554],[-53.55971685534854,-18.004638335534942],[-53.5605446003529,-18.004355665126088],[-53.5619078205894,-18.00268950825847],[-53.56372544577266,-18.00314391410466],[-53.563944222048185,-18.00338578586956],[-53.57189933168877,-18.00592769355242],[-53.571934630079056,-18.006021821993635],[-53.57238903682452,-18.007385042230098],[-53.57254050514018,-18.008899729882735],[-53.57254050514018,-18.01011148090416],[-53.572148897153795,-18.01118062732815],[-53.573041090274046,-18.011961296420722],[-53.574156332348764,-18.01207282044831],[-53.575271573524276,-18.012295868503518],[-53.57627529067208,-18.01207282044831],[-53.577948152884915,-18.011849771493797],[-53.57917491898729,-18.012184344475916],[-53.58062473224555,-18.012184344475916],[-53.58252064341286,-18.01095757837363],[-53.58385893264352,-18.009953861225807],[-53.58586636783855,-18.00950776511535],[-53.58809685018946,-18.00895014407804],[-53.589435140319374,-18.00861557199518],[-53.589769713301514,-18.00727728186524],[-53.58932361629178,-18.00638508874507],[-53.58887751928206,-18.005381371597178],[-53.589435140319374,-18.004377653549984],[-53.59110800253222,-18.004266129522442],[-53.593003912800214,-18.00348546042992],[-53.593226961754795,-18.0022586952269],[-53.593003912800214,-18.000808881069354],[-53.59411915487498,-18.000251260031987],[-53.596015065143035,-17.999470590939353],[-53.597576403328276,-17.998578397819188],[-53.599427704524885,-17.99824382573639],[-53.60143513882048,-17.997686204698965],[-53.60366562207077,-17.996905535606388],[-53.605338484283614,-17.996794011578796],[-53.607680491561325,-17.995901818458623],[-53.60946487780177,-17.995009625338383],[-53.61046859494968,-17.994005908190623],[-53.61136078806976,-17.99255609403302],[-53.61136078806976,-17.989879514672463],[-53.611249264042215,-17.987202935311895],[-53.611472312097476,-17.98497245206177],[-53.61292212625506,-17.983188065821384],[-53.61325669833792,-17.98084605854355],[-53.61437194041269,-17.978838624248013],[-53.6155987056157,-17.977388810090417],[-53.61738309185609,-17.976496616970184],[-53.61894443004138,-17.976496616970188],[-53.619502051078776,-17.97716576203522],[-53.61927900302351,-17.978057955155446],[-53.61950205107877,-17.97928472035846],[-53.6211749132915,-17.979173196330763],[-53.62284777550433,-17.97961929244126],[-53.62429758966198,-17.97906167230321],[-53.62585892784716,-17.977611858145725],[-53.62686264499495,-17.977277286062815],[-53.62786636214286,-17.978504051265897],[-53.62864703123546,-17.97995386542338],[-53.62931617630039,-17.980734534516003],[-53.63065446553111,-17.980288437506292],[-53.63176970760588,-17.98039996153383],[-53.63277342475368,-17.97995386542338],[-53.63243885267087,-17.978727099321038],[-53.63210427968863,-17.977834906200865],[-53.632438852670866,-17.97716576203522],[-53.633442569818726,-17.977723382173266],[-53.63400018995674,-17.978615575293496],[-53.63511543203152,-17.9783925272383],[-53.63611914917936,-17.977611858145725],[-53.63734591438242,-17.977388810090417],[-53.637680487364435,-17.978504051265887],[-53.6386842045124,-17.979284720358468],[-53.640022494642324,-17.979396244386066],[-53.64113773581783,-17.979173196330763],[-53.641137735817836,-17.9782810032107],[-53.641695356855166,-17.977723382173266],[-53.642810598030565,-17.978057955155446],[-53.643814315178474,-17.978727099321038],[-53.64526412933605,-17.979173196330763],[-53.64671394349358,-17.978727099321038],[-53.647940708696694,-17.977834906200865],[-53.64883290181689,-17.976719665025495],[-53.64972509493708,-17.976719665025495],[-53.64994814389166,-17.977611858145725],[-53.65017119194693,-17.97872709932103],[-53.651509482076904,-17.979173196330763],[-53.652580113281495,-17.978615575293496],[-53.65302621029133,-17.977611858145725],[-53.65402992743918,-17.9766081409979],[-53.65559126562431,-17.976496616970188],[-53.656037361734775,-17.97750033411796],[-53.65559126562431,-17.978504051265897],[-53.65503364458697,-17.979507768413665],[-53.656706506799814,-17.979730817368235],[-53.658490893040266,-17.978727099321038],[-53.659606135114984,-17.97750033411796],[-53.661167473300225,-17.976942713080696],[-53.66250576253083,-17.97738881009041],[-53.66350947967862,-17.978950148275615],[-53.66384405266086,-17.980734534516017],[-53.664513197725796,-17.98274196881167],[-53.66573996292891,-17.983857210886296],[-53.665963010984115,-17.984860928034177],[-53.66562843890131,-17.986310742191655],[-53.66629758396624,-17.98787207947747],[-53.66785892215148,-17.98876427349709],[-53.66975483241953,-17.988429700514914],[-53.67131617060476,-17.988652748570114],[-53.672542935807826,-17.988987321552226],[-53.67432732294753,-17.98943341766274],[-53.67633475724312,-17.98921036960754],[-53.67811914348357,-17.98943341766274],[-53.67923438555835,-17.990214086755312],[-53.679345909586004,-17.99144085285765],[-53.67990352972396,-17.993336763125587],[-53.68079572284421,-17.994786577283186],[-53.68280315803929,-17.995344198320502],[-53.68399646666353,-17.99634791546828],[-53.68555780394939,-17.997686204698965],[-53.68622694901444,-17.999191781319993],[-53.68667304602417,-18.000195498467757],[-53.68756523914436,-18.001087691587994],[-53.688457432264556,-18.001199215615532],[-53.689015053302,-18.000641594578273],[-53.68968419746767,-17.99997245041262],[-53.69046486656031,-17.99941482937519],[-53.69146858460738,-17.998857208337878],[-53.691914680717844,-17.999637877430498],[-53.69124553565291,-18.000641594578273],[-53.69068791551484,-18.001199215615532],[-53.69001877044985,-18.001979884708156],[-53.68979572239465,-18.002983601856045],[-53.690241818505,-18.004879513023297],[-53.69135705968051,-18.005660181216605],[-53.692026204745446,-18.006106278226383],[-53.69213772877299,-18.00699847134655],[-53.69158010863504,-18.007779140439123],[-53.69078828704971,-18.008671333559352],[-53.689896093929576,-18.00956352667952],[-53.689449996919734,-18.010455719799687],[-53.68967304587432,-18.01112486486472],[-53.69078828704971,-18.01112486486472],[-53.69123438316018,-18.012240106040085],[-53.69161727221922,-18.013490287790546],[-53.69289424387421,-18.01374568266112],[-53.69442661039972,-18.01297949894872],[-53.69570358205459,-18.01068095050956],[-53.69774673652262,-18.00838240117101],[-53.69927910304813,-18.006850034645492],[-53.701066863544895,-18.005828456961893],[-53.70336541288344,-18.005573062990702],[-53.70489777850963,-18.00608385183241],[-53.706685539006344,-18.007105429516056],[-53.70723006951192,-18.008635199698812],[-53.70734426992209,-18.010119809525662],[-53.70745847033203,-18.01217542230191],[-53.70808657483547,-18.01263222574058],[-53.70900018081363,-18.012860626560627],[-53.709799585482415,-18.01297482787],[-53.710370589331205,-18.013774232538754],[-53.71031348867655,-18.014973339991528],[-53.70951408400765,-18.015886945969655],[-53.7084291769649,-18.01725735448715],[-53.70872869437363,-18.019364358122477],[-53.70949487718673,-18.02115211861913],[-53.71077184884172,-18.023195273986374],[-53.710771848841716,-18.024983034483036],[-53.70949487718673,-18.02651540010929],[-53.70796251156059,-18.027792371764143],[-53.70872869437363,-18.030090921102683],[-53.70872869437363,-18.032389470441224],[-53.70872869437363,-18.03545420259278],[-53.71051645487046,-18.03673117424762],[-53.712304215367226,-18.03826354077309],[-53.715113552648226,-18.03979590639924],[-53.71792289082874,-18.040562090111635],[-53.72073222900906,-18.041328272924716],[-53.72251998950583,-18.042860639450183],[-53.72405235513196,-18.045669976731116],[-53.72507393281568,-18.04822392094022],[-53.725329327686275,-18.05154404706304],[-53.725329327686275,-18.05511956805654],[-53.72737248215423,-18.057928906236793],[-53.7299264254641,-18.060993638388407],[-53.731969580831446,-18.06380297656872],[-53.7349066155478,-18.066229222443287],[-53.736949770915146,-18.068527771781714],[-53.73924831935437,-18.07133710996214],[-53.74078068587988,-18.0744018421137],[-53.74282384034791,-18.077977363107077],[-53.74435620687336,-18.0810420952587],[-53.7453777845571,-18.08461761625203],[-53.74691015018311,-18.087937743274217],[-53.74844251670868,-18.091257869396983],[-53.749974882334925,-18.094833390390477],[-53.749974882334925,-18.098153517412662],[-53.750485671176705,-18.10351679890265],[-53.750817683789016,-18.10760310873792],[-53.75081768378902,-18.112200206515624],[-53.75158386750144,-18.11628651635083],[-53.75235005031453,-18.11960664337302],[-53.75439320478256,-18.12382064974425],[-53.755670177336754,-18.127140776766442],[-53.754903993624346,-18.131482480572842],[-53.75439320478256,-18.13582418437936],[-53.75490399362434,-18.139655100243314],[-53.754903993624346,-18.143486015208012],[-53.75643636014985,-18.146550747359562],[-53.756901177447276,-18.15019267159488],[-53.75489071333573,-18.154115528748836],[-53.75288024922401,-18.156403861788995],[-53.752553343861685,-18.16065362430533],[-53.753648475296814,-18.163922671633912],[-53.75675407084368,-18.16751862432482],[-53.76116728514205,-18.171278029697145],[-53.76410942800766,-18.173893267200246],[-53.76623430926594,-18.17634505382084],[-53.7672150235544,-18.18059481543792],[-53.76754192801747,-18.1867242797411],[-53.767541928017465,-18.191137494938683],[-53.766714981611074,-18.19073840369368],[-53.76766036153635,-18.196323895070776],[-53.76788517855807,-18.204295411942653],[-53.769356249990835,-18.211814221787577],[-53.77131767856798,-18.218679221807076],[-53.769219531456145,-18.222646351686205],[-53.76648774990963,-18.228530188655526],[-53.766908024685506,-18.233783615259714],[-53.766067476033136,-18.23798635672296],[-53.76333569448668,-18.24260937206281],[-53.76231145211176,-18.24671130671919],[-53.761494189605116,-18.24965344958472],[-53.759532761028034,-18.251614878161647],[-53.75675407084367,-18.24932654512167],[-53.75333791601196,-18.248427556724106],[-53.7490881534954,-18.24810065136168],[-53.74852569500479,-18.249947548578206],[-53.7462899974853,-18.252996227831265],[-53.74364780909906,-18.255638416217426],[-53.74222509151463,-18.259500076304846],[-53.73653422387525,-18.262142265590438],[-53.73307905465459,-18.26478445397666],[-53.7296238845346,-18.265597434811024],[-53.72779467698268,-18.267833133229722],[-53.72515248859639,-18.271898038300908],[-53.721900564359544,-18.275353207521547],[-53.72047784767449,-18.279214868508337],[-53.719664866840105,-18.28327977357953],[-53.71722592343758,-18.28571871698197],[-53.7111285649313,-18.28490573614762],[-53.70523445230799,-18.284499245280614],[-53.70055981048682,-18.28531222611514],[-53.69527543371419,-18.28795441450136],[-53.68775535852291,-18.288360905368208],[-53.68084501918224,-18.291816075488097],[-53.67576388739343,-18.291612829605025],[-53.670073019754,-18.294458263874315],[-53.66163282389567,-18.2916120804697],[-53.64930630763996,-18.28726154532081],[-53.64133032563399,-18.284361188554815],[-53.63697979048487,-18.279285564214316],[-53.63206615293052,-18.274946717553966],[-53.62829683882802,-18.270003271970563],[-53.624047076311456,-18.267061129105038],[-53.615874457540144,-18.263955533558377],[-53.61293231467454,-18.2626479139075],[-53.609172909302295,-18.258234699609176],[-53.60475969500391,-18.253658032629676],[-53.6018175521383,-18.250715889764145],[-53.59920231373576,-18.248264104042924],[-53.598711956591444,-18.243360532600402],[-53.598711956591444,-18.2402549370537],[-53.598875409272694,-18.236985889725048],[-53.59854850391025,-18.233880294178277],[-53.597404336940485,-18.23175541292016],[-53.595769813725845,-18.230611245950485],[-53.59397183693068,-18.229630531661822],[-53.59168350389052,-18.22881327005463],[-53.58857790834379,-18.228322912910333],[-53.58694338422975,-18.225380770044747],[-53.58596266994124,-18.223419341467878],[-53.5857992181593,-18.221294460209656],[-53.58579921815931,-18.21867922180707],[-53.58481850387079,-18.216554340548946],[-53.582366717250125,-18.215737078941658],[-53.58007838421003,-18.214919817334348],[-53.57795350295169,-18.21410255482773],[-53.57599207437472,-18.213448745901555],[-53.57484790740483,-18.211650769106445],[-53.57403064579762,-18.20919898338511],[-53.57239612168354,-18.20707410212694],[-53.570761598468884,-18.20527612623109],[-53.56945397881805,-18.203641602117106],[-53.56961743149918,-18.201680173540183],[-53.56945397881805,-18.200045649426205],[-53.56929052703612,-18.19857457799342],[-53.5701077886435,-18.197266959241865],[-53.57255957436479,-18.196613149416375],[-53.574684455623014,-18.19563243512788],[-53.57582862169352,-18.19399791101389],[-53.57672972169928,-18.192710628631755],[-53.579185557967094,-18.189975391890098]],[[-53.664989000242144,-18.093316999421788],[-53.660153000260664,-18.09928599949097],[-53.6563809998832,-18.102252999617892],[-53.651096999926494,-18.11088099910025],[-53.646031000130506,-18.114282999502098],[-53.64903900034954,-18.118105999533388],[-53.647721999870384,-18.12008299987173],[-53.65553599958662,-18.125999999341524],[-53.65384199970851,-18.12996699971811],[-53.65622499988381,-18.13094399980657],[-53.659878000169556,-18.13055799909324],[-53.663121999580596,-18.1330859996599],[-53.66478599987397,-18.137105999782722],[-53.662650000297106,-18.140077999240912],[-53.663956000269074,-18.14569399921914],[-53.66736400004845,-18.146321999401195],[-53.66820800029893,-18.151271999243747],[-53.665908000353845,-18.151835999172324],[-53.662025000253486,-18.14956099948093],[-53.65949699968672,-18.15210799912519],[-53.655699999955004,-18.151180999543755],[-53.65559699970174,-18.157185999474436],[-53.64961399988613,-18.155980999663612],[-53.64500799971938,-18.1567189995224],[-53.64346699970224,-18.165132999028632],[-53.64364699990909,-18.169257999496956],[-53.6449970001114,-18.173043999620653],[-53.63949700008646,-18.17472799903757],[-53.64126699987213,-18.177274999581208],[-53.643468999794436,-18.17830599946194],[-53.64607200022261,-18.18119199945065],[-53.645953000130824,-18.186032999662608],[-53.653491999755886,-18.18813299937781],[-53.65865799966684,-18.186163999408464],[-53.6589689996195,-18.182860999075316],[-53.65788900017719,-18.181299999035193],[-53.6601189995921,-18.176891999006074],[-53.663363999948615,-18.17935799941173],[-53.66288100015794,-18.181263999173698],[-53.66454999978265,-18.181363999288656],[-53.66614200035298,-18.180546999384084],[-53.66817499967635,-18.1823169991697],[-53.67113899966506,-18.18263299935295],[-53.67430299988342,-18.183927999716744],[-53.67409400013793,-18.1864579994765],[-53.66920300031819,-18.18779399903312],[-53.66948599987888,-18.1895669998564],[-53.675322000110164,-18.18942499960336],[-53.67897500039584,-18.18508299902065],[-53.68689699969667,-18.18455799909179],[-53.69880800038886,-18.187330999265537],[-53.70013599957668,-18.186085999408768],[-53.691703000093355,-18.180018999316943],[-53.68663100002061,-18.181077999589526],[-53.68645299990596,-18.177918999601793],[-53.68344199954856,-18.176768999629278],[-53.685194000302836,-18.175091999635768],[-53.689218999756974,-18.175166999497108],[-53.6904829995907,-18.172996999251797],[-53.69293900043448,-18.172121999370564],[-53.69407199962296,-18.173255999504494],[-53.69923899958013,-18.170966999167455],[-53.70320599995682,-18.17193899902536],[-53.704060999815226,-18.174388999592384],[-53.703972000207614,-18.17723899971971],[-53.70842200037499,-18.175763999148852],[-53.71410299975355,-18.179999999340065],[-53.71941099991767,-18.181199999819658],[-53.72261400013588,-18.17950599904216],[-53.72477800010461,-18.182613999376088],[-53.72793600004632,-18.18176899907958],[-53.728447000228755,-18.175277999219993],[-53.74218099955345,-18.176891999006074],[-53.74305000005734,-18.172446999069535],[-53.73948900041694,-18.17050299935372],[-53.73386400002346,-18.171932999647932],[-53.73476100002006,-18.164049999447887],[-53.73225799970681,-18.154493999438735],[-53.72023600019122,-18.147577999765325],[-53.72061399963627,-18.141957999602475],[-53.718750000012456,-18.136013999786986],[-53.7163940001829,-18.135102999144863],[-53.71803600036105,-18.13249399933945],[-53.716489000067156,-18.12913099983671],[-53.71403900039945,-18.127471999773928],[-53.7185390001747,-18.123835999372915],[-53.71232499959899,-18.120182999087273],[-53.706513999621336,-18.118391999232585],[-53.70312799995713,-18.122627999423738],[-53.701188999572594,-18.121193999844344],[-53.70042200017508,-18.11672499970016],[-53.697108000233975,-18.116188999264175],[-53.69237499960644,-18.11124699979053],[-53.682143999945595,-18.111457999628392],[-53.68364700000899,-18.109910999334538],[-53.68318300019524,-18.106868999346272],[-53.686155999699565,-18.106096999718243],[-53.664989000242144,-18.093316999421788]]]},"properties":{"OBJECTID":7,"NOME_UC":"Monumento Natural Municipal Serra do Bom Jardim","complement":null,"nome":"Monumento Natural Municipal Serra do Bom Jardim","Shape__Area":0.04260081247088692,"Shape__Length":1.487939653649128}},{"type":"Feature","id":8,"geometry":{"type":"Polygon","coordinates":[[[-55.05239058825498,-23.9354284196849],[-55.05248018771039,-23.935393387493818],[-55.05258115819384,-23.935313097820256],[-55.052708468920684,-23.935384155953155],[-55.052773159853416,-23.935535679127312],[-55.05281232622781,-23.935663767767704],[-55.05286417664041,-23.93579203627249],[-55.0529407251343,-23.935956274961168],[-55.05297797055681,-23.936039203245716],[-55.0531807487925,-23.93618122598187],[-55.05321788629635,-23.936264009475433],[-55.05320364643109,-23.936358560598162],[-55.0531521719351,-23.936534153227655],[-55.053113807756006,-23.936627686317728],[-55.053126536760146,-23.936768022824946],[-55.05320244223884,-23.93689707463934],[-55.05323999792745,-23.937037741197813],[-55.053328838355185,-23.937119846602698],[-55.0534429587255,-23.937237077728025],[-55.05348031926121,-23.937400998056553],[-55.053479692433825,-23.937518015143322],[-55.053504902229406,-23.937623220534192],[-55.05360653641242,-23.93770511639701],[-55.05369545148386,-23.93782198959212],[-55.053758953512784,-23.937950473934205],[-55.05380974902067,-23.93804391079691],[-55.05391155227619,-23.938207364377423],[-55.05396264186237,-23.93831239170259],[-55.054179745398876,-23.938557446168186],[-55.05444873442144,-23.938615188039464],[-55.0545136241044,-23.938608275850275],[-55.05460284494529,-23.93862378915557],[-55.05471641672915,-23.938683929518646],[-55.05477319362797,-23.93872139437591],[-55.05489482603531,-23.93881116020586],[-55.0549435504044,-23.938878165094287],[-55.05504892127067,-23.93896774656318],[-55.0551301570311,-23.939101593562686],[-55.055154477397075,-23.93913881470345],[-55.05521909458548,-23.93926547252251],[-55.05525946155478,-23.939317674569974],[-55.05532401848865,-23.939377399446432],[-55.05520297513715,-23.93948084486409],[-55.055269490794274,-23.939628637650525],[-55.05523701897323,-23.93978476895092],[-55.055255173587284,-23.94041666949272],[-55.05502857860596,-23.940617426052242],[-55.05485149759852,-23.940632335013152],[-55.05485290683611,-23.940577695803018],[-55.05483255427885,-23.940527036092796],[-55.05476394859727,-23.94045097862874],[-55.054702039267625,-23.940393879772724],[-55.054653866182896,-23.940343090560127],[-55.054612565717264,-23.94029227436783],[-55.054529653620534,-23.940235058600077],[-55.05447414296731,-23.94021600916051],[-55.054383844738595,-23.940228721976826],[-55.05427261658792,-23.940304940419594],[-55.0542100390619,-23.94036842985809],[-55.05418220144736,-23.940419205580834],[-55.0541543359538,-23.9404953457826],[-55.05413352384301,-23.940603170898545],[-55.05412659366733,-23.940679281422646],[-55.054161303901026,-23.940774415305995],[-55.05419601233598,-23.94086320717018],[-55.05424459731023,-23.940926627360952],[-55.0542931831838,-23.94099004665228],[-55.054355349719515,-23.94105962629969],[-55.05445523831855,-23.941160389939025],[-55.05438727835019,-23.94119153885735],[-55.05460777233077,-23.941330964351522],[-55.05464153917558,-23.941423992022614],[-55.05455679965655,-23.94153294758634],[-55.054387138955235,-23.941455641863374],[-55.054132373610116,-23.94137841617996],[-55.054115371926855,-23.94137843956221],[-55.05389415938782,-23.94137846204538],[-55.0537920503628,-23.941440614191915],[-55.05374099854817,-23.941658154798937],[-55.05367292886245,-23.941844336046262],[-55.053662206245804,-23.94189526105642],[-55.053621905826276,-23.94177880964329],[-55.05333261011185,-23.943394527134597],[-55.05235931612947,-23.945277231757697],[-55.05077759121275,-23.947625965964395],[-55.049540589926266,-23.949900100507996],[-55.04857193914359,-23.951466992906063],[-55.047439784418486,-23.952479077346208],[-55.04631474962587,-23.953017482569475],[-55.04509666198135,-23.954028454548205],[-55.0443068755618,-23.95512383329686],[-55.043438322020904,-23.955744443749712],[-55.04249100945241,-23.955890284107852],[-55.041972016994976,-23.956120543826657],[-55.04161647901725,-23.95690560700679],[-55.0411750333011,-23.957689571215276],[-55.0408194854308,-23.958474630798143],[-55.04020621974121,-23.959256398862273],[-55.04002366545972,-23.959964705805092],[-55.039756397739495,-23.96059297038784],[-55.04000336955983,-23.961306762295727],[-55.04599890862266,-23.96594772270759],[-55.04078360248122,-23.97221316630285],[-55.03993522073381,-23.97149169238593],[-55.03958081680122,-23.97219780048633],[-55.03404641860731,-23.96818439419281],[-55.02929943352195,-23.964564932324176],[-55.03029888878257,-23.955339510508683],[-55.032341356168615,-23.956629060081553],[-55.036325355530664,-23.948863072471603],[-55.0390490117025,-23.95055604262603],[-55.039415426980334,-23.949822237205247],[-55.03968163619845,-23.948732254388837],[-55.04104397509935,-23.94286539931766],[-55.04256153338798,-23.94330663009582],[-55.04328056114895,-23.943424679604203],[-55.044571358081676,-23.94328320275654],[-55.04569274342532,-23.942981639390084],[-55.04664590158694,-23.94244104701568],[-55.04882531323756,-23.940336830379394],[-55.04919387789511,-23.93963554624242],[-55.04919501373877,-23.93963242739364],[-55.04928669602418,-23.9395275241749],[-55.04936308353945,-23.939471621417177],[-55.04945492500474,-23.93943698942453],[-55.049516310928986,-23.939409320882486],[-55.049593178682194,-23.939374672702012],[-55.049677874134545,-23.93935397750302],[-55.04980863016408,-23.939277068381003],[-55.0498853162543,-23.93919291072327],[-55.05009989089723,-23.93911574439513],[-55.05032579160195,-23.939031574146743],[-55.050403187257245,-23.93901045806515],[-55.050426751293514,-23.938996368386725],[-55.05076445751365,-23.938499542418853],[-55.050761220853644,-23.938193204551776],[-55.05082017950758,-23.938112721523886],[-55.05090870607188,-23.937978514795695],[-55.05104151435438,-23.93784400499583],[-55.05117414996692,-23.937736345355006],[-55.05133586425864,-23.937602036104067],[-55.05143888699496,-23.93749455452905],[-55.051571300475075,-23.93738700910217],[-55.051659782073216,-23.937266011616206],[-55.0517483014429,-23.937144963768116],[-55.051704789544374,-23.936997074754192],[-55.05161525573937,-23.936879443430676],[-55.05161710384618,-23.936876077268224],[-55.05177871741381,-23.93686247412291],[-55.05194025453909,-23.936808707255082],[-55.052072729173005,-23.936754720952553],[-55.05223483017318,-23.936673696532942],[-55.052264859435645,-23.936471841901056],[-55.052191926216324,-23.936350606094692],[-55.052148738973074,-23.9362155216281],[-55.0520905636285,-23.9360806296164],[-55.05203007882505,-23.935921357883423],[-55.05200149387372,-23.935705636604933],[-55.051953389137566,-23.935547504312968],[-55.05195351144533,-23.935523928585546],[-55.05212131954323,-23.93547548750285],[-55.05222394208124,-23.935463636236918],[-55.05217025435372,-23.935326129896097],[-55.05240066335983,-23.935443239612862],[-55.05239058825498,-23.9354284196849]],[[-55.04095793785848,-23.968266659677],[-55.04299247142534,-23.965768697365956],[-55.03854613329736,-23.962783732381762],[-55.03654330173197,-23.965302937578954],[-55.04095793785848,-23.968266659677]]]},"properties":{"OBJECTID":8,"NOME_UC":"Parque Natural Municipal de Sete Quedas","complement":null,"nome":"Parque Natural Municipal de Sete Quedas","Shape__Area":0.0003377099553100299,"Shape__Length":0.1315589571069397}},{"type":"Feature","id":9,"geometry":{"type":"Polygon","coordinates":[[[-53.32207537447886,-22.583846551806655],[-53.32261357915331,-22.58253982338385],[-53.32355679980634,-22.58144889807798],[-53.324814415352876,-22.580678576584813],[-53.32626561446648,-22.58030285512245],[-53.32777098963936,-22.580357825283148],[-53.344101485495116,-22.583350611671143],[-53.34581249245247,-22.583996168418114],[-53.34714068859188,-22.585187824987766],[-53.364464612451854,-22.608128168809085],[-53.365161292059895,-22.60948792755493],[-53.365337481839276,-22.61098478345005],[-53.36497355588483,-22.61245215327334],[-53.364110000775895,-22.613726729134285],[-53.36369102911766,-22.61403752494085],[-53.36610049813937,-22.618784683595212],[-53.366416688978916,-22.619778247397093],[-53.37750152747349,-22.617961029606725],[-53.37908381896301,-22.61794434448482],[-53.38058807717795,-22.618400277379823],[-53.38185496023817,-22.619280529301815],[-53.3827502650127,-22.620491857641994],[-53.390995996867666,-22.63683793694968],[-53.3910046528423,-22.636855188644507],[-53.39528055775145,-22.645423592752778],[-53.40105678274426,-22.65702165994961],[-53.40280080471331,-22.660530077129238],[-53.40322511114987,-22.661982233121392],[-53.40311155015781,-22.66348314136172],[-53.40247272663492,-22.664866011784817],[-53.40137961507713,-22.665977166440932],[-53.39995368691307,-22.66669312121841],[-53.39835340718394,-22.66693430769996],[-53.3744902932923,-22.666789199389864],[-53.3730937738585,-22.666590125461692],[-53.371817847215766,-22.666026916936453],[-53.37077020807863,-22.665147108380165],[-53.3700392759917,-22.66402495951216],[-53.36968673365578,-22.662755181534305],[-53.36864953294946,-22.6537425662945],[-53.355157613133315,-22.650917741788533],[-53.337985868952615,-22.64732080523922],[-53.32467337107914,-22.644916457856567],[-53.32462063303575,-22.645010843503965],[-53.32421587426313,-22.645574516978687],[-53.32324440770321,-22.64656788742631],[-53.32200127843623,-22.64725233895254],[-53.3213237516897,-22.647508065672948],[-53.319938483674036,-22.647821468614055],[-53.31851482719742,-22.647748467945704],[-53.31717518178913,-22.647295339136832],[-53.31625777167875,-22.646656388809607],[-53.31556597808736,-22.647139406586604],[-53.31434986805192,-22.647758717518986],[-53.31299484873324,-22.648034138492914],[-53.311611177014186,-22.64794326020156],[-53.31031144441761,-22.64749347597139],[-53.309201406719474,-22.646721383713196],[-53.30908578088407,-22.64661388595037],[-53.30878871412773,-22.64641302327072],[-53.308614233959645,-22.646274283059935],[-53.308343982288925,-22.646197201268134],[-53.30782084935265,-22.645888758987276],[-53.307709077112115,-22.645892720500967],[-53.30692654912093,-22.645892791547393],[-53.30625861724132,-22.64589275377586],[-53.30533928707831,-22.64573838694527],[-53.305032400624725,-22.645738414824283],[-53.30369157440657,-22.645738557816472],[-53.302032288359385,-22.645467844793536],[-53.30057210232053,-22.644687854689074],[-53.29948628246587,-22.643492211424707],[-53.299468430023865,-22.643463685828753],[-53.299066572464255,-22.6435399717206],[-53.29826120439105,-22.643629122414442],[-53.297015683826714,-22.643962761900234],[-53.296378747081455,-22.644021732245495],[-53.296115296983324,-22.644096740200716],[-53.294369569899686,-22.644285413469387],[-53.29339312199494,-22.644056393016445],[-53.29212011005501,-22.644243975407495],[-53.29138839285997,-22.644244263190547],[-53.29136672909124,-22.64427315481053],[-53.290875194734376,-22.644787039118878],[-53.28972601584286,-22.645668878344342],[-53.28834299073634,-22.646186069459763],[-53.28668428924851,-22.646545042847652],[-53.28518172715496,-22.64664776880777],[-53.28398686360282,-22.646379238439394],[-53.28299067827714,-22.646481483262157],[-53.28168002521295,-22.646450953976554],[-53.280425793815255,-22.646096539252085],[-53.28041586170263,-22.646092302545984],[-53.28037991130378,-22.6460903573124],[-53.27988224806729,-22.64603946647651],[-53.279200951362725,-22.645936612812708],[-53.27773415620629,-22.64548416748865],[-53.276494425477274,-22.64462732941601],[-53.275607005059214,-22.643452665536373],[-53.27516154027284,-22.642078849487728],[-53.275203023300776,-22.640644671842505],[-53.275348644224486,-22.63992807764705],[-53.27536452625179,-22.639837762331325],[-53.275354526690016,-22.63949038120453],[-53.27539907820483,-22.638748484583346],[-53.275399803957725,-22.638743638136813],[-53.27537047526715,-22.637400069885786],[-53.27540771529374,-22.637157225054334],[-53.27612180038074,-22.630591177669388],[-53.276555851871024,-22.629130823457384],[-53.27748592443584,-22.627886024149426],[-53.27880724705676,-22.626996983152967],[-53.280370996324336,-22.626563832783404],[-53.28200104900918,-22.62663535496642],[-53.32643552877659,-22.6356722492035],[-53.32365490145247,-22.60038571196041],[-53.32199389949881,-22.58524355147829],[-53.32207537447886,-22.583846551806655]],[[-53.356923334843934,-22.611291847070184],[-53.36048432009517,-22.61071976493431],[-53.343160647146135,-22.587778968754087],[-53.32682962968357,-22.58478613200408],[-53.328498173351996,-22.599992216297082],[-53.33150432186682,-22.638122575325067],[-53.331760861574416,-22.64137495461886],[-53.28095971771671,-22.631044493537168],[-53.28023590556256,-22.63770214586585],[-53.28018469816522,-22.638036139684477],[-53.28031602886159,-22.638698719698596],[-53.28021559437411,-22.63936973265542],[-53.28023790295674,-22.640143714389325],[-53.28013832552324,-22.640710074138962],[-53.27998163034795,-22.641481294954183],[-53.28066290456934,-22.641584145920028],[-53.28161365344732,-22.641635588040277],[-53.28245624266145,-22.641994969720415],[-53.2834549865583,-22.641892465892944],[-53.28445908591806,-22.6416358254613],[-53.28523687268347,-22.64163589111183],[-53.28558011243223,-22.64214909373405],[-53.287238765356676,-22.641790136533917],[-53.28773030421013,-22.64127626391678],[-53.28805562946371,-22.640710195547527],[-53.28821370869565,-22.640040339118766],[-53.28909780342087,-22.639575432788412],[-53.29016273831962,-22.63962740101219],[-53.29105795226252,-22.639730558646797],[-53.292118041614295,-22.639730144958694],[-53.29238954424205,-22.638954956334594],[-53.293397145561755,-22.638954990508854],[-53.29396016343077,-22.63947160336027],[-53.29468929777283,-22.639781356852527],[-53.29541499760393,-22.639574739411078],[-53.29653304106688,-22.639471230141545],[-53.297091483185284,-22.639212803656374],[-53.29849073026287,-22.639057917917043],[-53.29944199894903,-22.638799448264415],[-53.30011346246624,-22.638437228323827],[-53.30089765869996,-22.63843725800149],[-53.30156973285682,-22.63885132745525],[-53.302520348635035,-22.63967848969899],[-53.30307852905077,-22.6402461291839],[-53.30369104290719,-22.64122475974324],[-53.305031878118605,-22.64122461944896],[-53.30581410034034,-22.641224548402583],[-53.306258929306125,-22.64137896289719],[-53.30692683870262,-22.641379001568055],[-53.30770859417624,-22.641378933219528],[-53.308434767050755,-22.641327451528973],[-53.3092147121892,-22.641327440737133],[-53.30988437796162,-22.641430209864662],[-53.31038007168291,-22.642098123757734],[-53.31104646032583,-22.642200631182586],[-53.31165195137635,-22.642764607728754],[-53.31225748289648,-22.643174034882193],[-53.312642751561555,-22.643532213269395],[-53.313375478695264,-22.643020624030967],[-53.31383446568793,-22.64209767139878],[-53.31395330839837,-22.64142989779998],[-53.31451508610228,-22.641378385532395],[-53.31541337212934,-22.641275353802936],[-53.31608985746084,-22.64101789229028],[-53.316657827896336,-22.640554141588794],[-53.31721858217179,-22.64003907557125],[-53.317771746169065,-22.640142485915447],[-53.31832605770137,-22.64034861322632],[-53.318593803860836,-22.64091503952585],[-53.31858142019627,-22.641532129132884],[-53.31890748379328,-22.641942977215006],[-53.3189536693763,-22.64250740342228],[-53.31916477173677,-22.643019718413665],[-53.319491996358465,-22.643326780235054],[-53.3201695078165,-22.64307106340711],[-53.320574277380956,-22.642507399825003],[-53.320809494162745,-22.64194282522957],[-53.32098878930111,-22.64137754196832],[-53.32105579958546,-22.64081161389329],[-53.321175220559894,-22.640451092772167],[-53.32141433860073,-22.639729197073198],[-53.33898576038451,-22.642903036774122],[-53.356227872018565,-22.646514761775098],[-53.3731152451723,-22.650050341178453],[-53.374522556470765,-22.66227570618681],[-53.398384887952204,-22.662420876550158],[-53.39664094422409,-22.658912404511838],[-53.39086654575443,-22.647317304178532],[-53.38659253211956,-22.638752174501747],[-53.37834716269135,-22.62240583618926],[-53.35422216262259,-22.62635986564403],[-53.35216400026838,-22.622264798210693],[-53.361702459001265,-22.62070867249613],[-53.356923334843934,-22.611291847070184]]]},"properties":{"OBJECTID":9,"NOME_UC":"Estação Ecológica Veredas de Taquarussu","complement":null,"nome":"Estação Ecológica Veredas de Taquarussu","Shape__Area":0.0018584035097893904,"Shape__Length":0.8011040481594974}},{"type":"Feature","id":10,"geometry":{"type":"Polygon","coordinates":[[[-53.77329032798622,-23.010839849699163],[-53.7739215693249,-23.0107597353934],[-53.77425323659753,-23.010830340267905],[-53.77448549011325,-23.01106008737305],[-53.77446309879292,-23.01114634314906],[-53.77443345533959,-23.011230703154194],[-53.77356921944385,-23.013396603390348],[-53.77370128758429,-23.014148747786304],[-53.773712981468805,-23.01423737147724],[-53.77371706798823,-23.014326573432417],[-53.773713520162794,-23.01441579607188],[-53.77370236047551,-23.014504478218825],[-53.77368365907353,-23.01459206679025],[-53.773306567044415,-23.016051809463207],[-53.77244515142252,-23.019350898644678],[-53.77238739426275,-23.02087077088898],[-53.772841417897105,-23.021777577093122],[-53.77287598064197,-23.021853811723638],[-53.772904417204984,-23.021932184042665],[-53.77292657739957,-23.022012274066807],[-53.772942339817064,-23.022093651920144],[-53.772951620820606,-23.02217587873349],[-53.773094950271684,-23.024139858687125],[-53.77309768690861,-23.024224374274972],[-53.773093577006875,-23.024308842198867],[-53.77308264215019,-23.024392787616595],[-53.77306494529097,-23.02447573928355],[-53.773040585354636,-23.024557231350673],[-53.772690325498054,-23.025578380957057],[-53.77279632409102,-23.02642674202008],[-53.77280333790361,-23.026509398709322],[-53.77280377317555,-23.026592309007416],[-53.77279762810798,-23.02667502505193],[-53.772630994524604,-23.028132727163054],[-53.772617359003796,-23.028219567498535],[-53.77259647134997,-23.02830516497087],[-53.77256845836763,-23.028388999771963],[-53.7725334891291,-23.028470566482966],[-53.77249177587464,-23.028549369577213],[-53.772443570414396,-23.02862493331351],[-53.77148432114444,-23.030003148845626],[-53.770857311115954,-23.030935353703022],[-53.77065755819967,-23.031775468882195],[-53.7707333710482,-23.03252635602584],[-53.77091353852887,-23.03283395384327],[-53.77163829587056,-23.0339601487612],[-53.77168436004507,-23.03403876659514],[-53.77172355070122,-23.034120515868434],[-53.771755620525425,-23.03420488126961],[-53.77205504170672,-23.035105050476922],[-53.772079216382686,-23.035189395193733],[-53.77209627382382,-23.03527521659728],[-53.77210611240707,-23.035362002073974],[-53.772108673676314,-23.03544923091661],[-53.772103941443675,-23.035536383316668],[-53.77209194538693,-23.035622934969773],[-53.77207275565303,-23.035708370564212],[-53.772046488254716,-23.03579217748634],[-53.77201329967398,-23.035873853914516],[-53.7719733886608,-23.035952912416317],[-53.77192699443509,-23.036028878149477],[-53.77187439398807,-23.03610129875523],[-53.77181590298147,-23.036169738961465],[-53.77175187035249,-23.036233789577015],[-53.77168267921217,-23.03629306838963],[-53.77160874504745,-23.03634721926808],[-53.77153050942536,-23.03639591845615],[-53.77144843999349,-23.036438875473042],[-53.771363027781426,-23.03647583311255],[-53.77127478540297,-23.03650656834265],[-53.77118423896144,-23.03653089950069],[-53.77109193254654,-23.036548680896097],[-53.77099841654354,-23.036559804610587],[-53.77090425123009,-23.0365642049934],[-53.76559516558433,-23.036621898301284],[-53.75796208608136,-23.037229659240655],[-53.77089148895095,-23.062450311451446],[-53.777743068387856,-23.05712007375125],[-53.77781574889764,-23.057067733208093],[-53.777892491645105,-23.05702061952484],[-53.77797285955978,-23.056979002497815],[-53.778056393987356,-23.05694311774953],[-53.77814261648848,-23.056913171224707],[-53.77823103693271,-23.056889334693878],[-53.7783211499011,-23.056871742155973],[-53.77841244008192,-23.05686049523443],[-53.77850438766728,-23.056855658680547],[-53.77956309835821,-23.05683703282165],[-53.779660386117826,-23.056838916001926],[-53.779757202632766,-23.05684797307435],[-53.779852929169294,-23.056864148280678],[-53.77994695688648,-23.05688733640026],[-53.7800386868359,-23.056917390843736],[-53.78012753265938,-23.056954120954792],[-53.78021293048232,-23.056997290211594],[-53.78029433531526,-23.057046626119742],[-53.78037122824953,-23.057101813017017],[-53.78044311915454,-23.057162499268745],[-53.7805095502755,-23.057228298166297],[-53.78057009803155,-23.057298790625556],[-53.78062437751299,-23.05737352788484],[-53.78067204068208,-23.05745203330347],[-53.78071278626601,-23.0575338059592],[-53.78222086300241,-23.060908397723114],[-53.78225406057635,-23.06099185570833],[-53.7822800509835,-23.061077473865016],[-53.78229867144637,-23.06116472159334],[-53.78347112119519,-23.068082612541073],[-53.78663121655728,-23.08109458036888],[-53.78664688904257,-23.08117230787394],[-53.78665663859289,-23.08125085915811],[-53.78666041574553,-23.08132984931137],[-53.78665820341325,-23.081408890725925],[-53.7866500114888,-23.081487594894888],[-53.78663588044151,-23.08156557421017],[-53.78661588041848,-23.081642446459963],[-53.78340890969338,-23.092309701849313],[-53.78561242767137,-23.10868351355088],[-53.792389856206796,-23.118693192754055],[-53.792404739087324,-23.11871575494553],[-53.79242486321681,-23.11874830230971],[-53.800041446455566,-23.131554443200052],[-53.8021548982299,-23.134846790164293],[-53.80220107032313,-23.134925699378552],[-53.80224031403924,-23.13500775262268],[-53.802272382964084,-23.13509243098795],[-53.80229707205217,-23.13517919937758],[-53.80231422662018,-23.13526750740655],[-53.8023237378502,-23.13535679659597],[-53.80232554548752,-23.135446503070703],[-53.80231963784099,-23.13553605845932],[-53.80230605268213,-23.135624896189043],[-53.80228487544662,-23.135712454183494],[-53.80225624013326,-23.135798179359494],[-53.80222032840539,-23.13588152762744],[-53.8021773668919,-23.135961972883774],[-53.80212762808753,-23.13603900521299],[-53.80207142585544,-23.136112138980984],[-53.80200911632761,-23.1361809092386],[-53.8019410934067,-23.136244882512358],[-53.80186778786799,-23.136303653208078],[-53.80178966376195,-23.136356849905667],[-53.80170721481607,-23.13640413535955],[-53.80162096263722,-23.13644521189406],[-53.80153145311397,-23.136479817806336],[-53.80143925281919,-23.136507734561288],[-53.80134494451352,-23.136528786791125],[-53.80124912534677,-23.136542839597322],[-53.80115240146204,-23.13654980484659],[-53.80105538529773,-23.1365496393713],[-53.800958690191294,-23.136542342272314],[-53.80086292858118,-23.136527961213446],[-53.80076870481185,-23.13650658612704],[-53.800676616932144,-23.136478353710114],[-53.800592197571746,-23.1365190705157],[-53.800504605403155,-23.136553585596516],[-53.80041437462364,-23.136581687611844],[-53.80032205022229,-23.13660320748908],[-53.80022819517501,-23.1366180139272],[-53.80013337875238,-23.136626016994118],[-53.80003817562124,-23.136627168126207],[-53.79994316494509,-23.13662146102865],[-53.79984892318919,-23.136608928975928],[-53.799756022322526,-23.1365896484105],[-53.79966502711926,-23.13656373804298],[-53.799576489763126,-23.13653135255685],[-53.7994909480488,-23.13649269070214],[-53.7994089208849,-23.136447986302574],[-53.799330906496095,-23.136397510953376],[-53.79925737792559,-23.136341571323438],[-53.79918878303579,-23.136280507356503],[-53.799125537313614,-23.136214688673988],[-53.79887908530151,-23.135936787369825],[-53.7986976668638,-23.13582533888525],[-53.79847511253638,-23.13593136715589],[-53.798387032035805,-23.135969303257756],[-53.79829596578617,-23.136000635637753],[-53.79820249115198,-23.13602516464659],[-53.79810720258524,-23.13604273560083],[-53.7980107044304,-23.13605323518568],[-53.79791360732702,-23.136056598650104],[-53.79781653000879,-23.136052802611747],[-53.79772008671255,-23.13604187315099],[-53.797624890776035,-23.13602387861613],[-53.79753154564429,-23.135998934120497],[-53.797440643071184,-23.135967196146236],[-53.79735276132078,-23.135928867939928],[-53.797268456174265,-23.13588419141928],[-53.79718826452671,-23.135833451669395],[-53.7971126953945,-23.135776968849104],[-53.79704222631755,-23.135715102686863],[-53.79640479494532,-23.135109045962768],[-53.79634291079668,-23.13504556281951],[-53.79628640189583,-23.134977928405732],[-53.7962355928982,-23.13490653122849],[-53.79619077428475,-23.134831781378615],[-53.796152205959515,-23.134754106933528],[-53.79612010645769,-23.134673954856208],[-53.79609466193904,-23.134591785599447],[-53.79607601809374,-23.134508070408216],[-53.79604232319457,-23.134321192186277],[-53.796030323540485,-23.134233757399034],[-53.79602574599136,-23.134145722764003],[-53.79602861752658,-23.134057626075677],[-53.79603892105928,-23.133970006927377],[-53.79605659363682,-23.133883398617055],[-53.79608152734056,-23.13379833264394],[-53.79611356928575,-23.133715327017743],[-53.79615252431944,-23.133634889855387],[-53.79619815412149,-23.133557513085865],[-53.79625017990179,-23.133483668853277],[-53.79630828330062,-23.1334138086175],[-53.79621750303528,-23.133391259016445],[-53.79612887664626,-23.133362294551322],[-53.79604293203556,-23.133327089690518],[-53.79596018271616,-23.133285853076647],[-53.795881122415835,-23.133238831124192],[-53.79580622417779,-23.13318630442138],[-53.79573593316672,-23.13312858773117],[-53.79567067026517,-23.13306602459438],[-53.79561082487965,-23.13299898822984],[-53.79555675404089,-23.13292787883565],[-53.79550877970627,-23.13285312179126],[-53.79546718965895,-23.132775162260952],[-53.79543223121249,-23.13269446519453],[-53.79540411390872,-23.132611513527568],[-53.795393545975344,-23.132572070162013],[-53.79532196623569,-23.13260669226215],[-53.79524806264794,-23.1326368492283],[-53.795172158967944,-23.13266240706141],[-53.79509458974349,-23.13268325514522],[-53.795015696716966,-23.13269929994978],[-53.79482634266151,-23.132731777166804],[-53.79473092459244,-23.13274459430462],[-53.79463470882473,-23.132750388636588],[-53.794538298803324,-23.13274912418981],[-53.79444229887292,-23.13274080815883],[-53.794347312478465,-23.13272549360371],[-53.79425393317246,-23.1327032758526],[-53.79416274821216,-23.132674295199614],[-53.79407432866726,-23.132638731509385],[-53.79398922852005,-23.132596809612185],[-53.79390798196772,-23.132548792110104],[-53.793831098026715,-23.132494979376897],[-53.793759059632805,-23.13243570865815],[-53.79372907353787,-23.13251888335682],[-53.793692151871255,-23.132599637080627],[-53.793648519463545,-23.132677475202364],[-53.793598442513996,-23.132751921980706],[-53.793542228590866,-23.132822521459243],[-53.7934802212352,-23.132888842862904],[-53.79341279996066,-23.132950479697993],[-53.79334037575768,-23.13300705604782],[-53.79322189007809,-23.133092639131085],[-53.79314545220075,-23.133143632489706],[-53.793064975468155,-23.1331890014883],[-53.79298094281614,-23.13322847183361],[-53.792893858764444,-23.13326180790314],[-53.79280424491993,-23.13328880914822],[-53.79271264087555,-23.133309313690976],[-53.79261959431881,-23.133323198323993],[-53.79252566552702,-23.133330380309822],[-53.792431416576505,-23.13333081558176],[-53.79233741493971,-23.133324501441688],[-53.79224422359192,-23.133311476560504],[-53.792170341587955,-23.133353981218367],[-53.79209325350076,-23.133391296787927],[-53.79201338291125,-23.133423219123365],[-53.79193117048709,-23.133449571057966],[-53.79184707128525,-23.133470206901563],[-53.79183840182071,-23.133591815027334],[-53.791829263809404,-23.13367400406912],[-53.79181364528347,-23.13375535494266],[-53.791791629879754,-23.133835428779093],[-53.791763336308854,-23.133913798400098],[-53.791728916556224,-23.133990042923244],[-53.79168855408346,-23.13406375225735],[-53.79164246562726,-23.134134531600466],[-53.791590899400376,-23.13420200053888],[-53.79153413149493,-23.134265798444847],[-53.79124766234969,-23.134564721401816],[-53.791192321668234,-23.134618765260804],[-53.79113324790103,-23.134669316152987],[-53.79107069825403,-23.1347161528452],[-53.79100494432271,-23.134759073889228],[-53.7909362729905,-23.1347978904274],[-53.7906978015622,-23.1349227055355],[-53.79061392539228,-23.134962806305545],[-53.79052693127284,-23.13499675481345],[-53.790437346206545,-23.135024344215104],[-53.7903457115853,-23.13504540813605],[-53.790252584988764,-23.135059817973264],[-53.79015852759392,-23.135067486492254],[-53.79006411047026,-23.135068368727243],[-53.78996990468727,-23.13506245748348],[-53.789876482213856,-23.135049790532463],[-53.789863139871954,-23.135066191468603],[-53.78981395864719,-23.135122763321963],[-53.789760944511954,-23.13517629276876],[-53.78970431779993,-23.13522655767648],[-53.7896443123351,-23.135273351201267],[-53.78961279199672,-23.135296367550342],[-53.78983038116707,-23.135657539780606],[-53.78987074993512,-23.135730687937905],[-53.78990525602262,-23.13580635869352],[-53.789933718666134,-23.135884150949792],[-53.78995598498062,-23.135963651918026],[-53.789971938953784,-23.136044440715356],[-53.78998149425053,-23.136126088365316],[-53.78998460140815,-23.13620816229388],[-53.78998124333958,-23.13629022812853],[-53.78996248887768,-23.136523443918847],[-53.789952042352816,-23.136609958699687],[-53.78993429063496,-23.13669545005199],[-53.789909341642726,-23.136779389174414],[-53.789877350059555,-23.136861260755545],[-53.78983851283698,-23.13694055847701],[-53.78979306919473,-23.137016794906103],[-53.78986583334148,-23.137074307450327],[-53.78993348484243,-23.13713693084171],[-53.789995605512736,-23.137204276573005],[-53.790051811341975,-23.137275930057083],[-53.79010175429244,-23.13735144612927],[-53.7901451258968,-23.13743035804154],[-53.790181657257506,-23.13751217836133],[-53.79021112354434,-23.137596400770256],[-53.79023334039624,-23.137682504560953],[-53.790248172914744,-23.13776995643532],[-53.79025552757049,-23.13785821590093],[-53.79025535849797,-23.137946737069246],[-53.790247668395125,-23.13803497135383],[-53.79023250402679,-23.13812237466483],[-53.790209958922446,-23.1382084056104],[-53.79004173623695,-23.138756754637487],[-53.79001321154038,-23.13883805694774],[-53.78997807772606,-23.13891711455017],[-53.7899365398394,-23.138993470589195],[-53.789888837100136,-23.1390666807996],[-53.789835248298,-23.1391363216009],[-53.789776082799904,-23.139201987398778],[-53.7897116850462,-23.13926329957853],[-53.78970960491432,-23.139384725141934],[-53.78970450306031,-23.13947145126342],[-53.78969220123406,-23.139557555953363],[-53.78967277317986,-23.139642531094854],[-53.789646332212385,-23.139725872168214],[-53.78961303571299,-23.139807083646964],[-53.78957308153247,-23.139885686192347],[-53.789526706192476,-23.139961213056466],[-53.789474184885705,-23.140033215477477],[-53.78941582877741,-23.140101268076],[-53.7893519841067,-23.140164967056446],[-53.789283028588784,-23.14022393380438],[-53.78920937141527,-23.140277819382703],[-53.78822788550849,-23.140940675488608],[-53.78797284676938,-23.14133005315637],[-53.787923693423636,-23.141399290162042],[-53.78786916482999,-23.141464995529926],[-53.787809555966184,-23.14152681222951],[-53.787745190588,-23.14158440481326],[-53.78767641583385,-23.1416374612167],[-53.78760360672101,-23.141685693656704],[-53.78752715715251,-23.141728841329876],[-53.787447481715795,-23.141766670412427],[-53.787365012085566,-23.141798974060336],[-53.78730336086136,-23.14186510750555],[-53.78723635597294,-23.14192662473082],[-53.78716439851809,-23.141983157913316],[-53.78708792197,-23.142034365310554],[-53.787007385882134,-23.14207994025393],[-53.78692327319038,-23.14211960934942],[-53.78683609111266,-23.14215313247796],[-53.78674636215488,-23.14218030999022],[-53.786654626809536,-23.142200977310132],[-53.786561435461806,-23.142215011230675],[-53.78646734838929,-23.142222326316165],[-53.786372931265646,-23.142222878499954],[-53.7862787524624,-23.14221666598323],[-53.78618537585436,-23.142203724739016],[-53.78609336441713,-23.14218413300817],[-53.785918280803855,-23.14214025328691],[-53.78588896380461,-23.142222471106926],[-53.78585288210479,-23.142302354287075],[-53.78581025154176,-23.142379428884432],[-53.785761324825216,-23.142453237144057],[-53.78570639423458,-23.142523338398266],[-53.785645785324675,-23.14258931716009],[-53.78557985872345,-23.142650780425953],[-53.78550900563608,-23.142707363071253],[-53.78543364964315,-23.14275872874921],[-53.78535423680853,-23.142804571690387],[-53.78527124017558,-23.142844618501236],[-53.785185153472014,-23.142878632659652],[-53.785000291530196,-23.143498494876386],[-53.78499116431067,-23.143525405290013],[-53.78505772763191,-23.143615699921504],[-53.78510732973933,-23.143688852575337],[-53.785150736417336,-23.143765300345198],[-53.78518769225809,-23.143844594469275],[-53.78521798232395,-23.143926269998186],[-53.78524142675042,-23.14400984939192],[-53.78525789063906,-23.14409484162053],[-53.785267275963974,-23.14418074935889],[-53.78526952786627,-23.14426706988614],[-53.78526463375579,-23.144353295984654],[-53.78525262151118,-23.144438924033846],[-53.78523356217904,-23.144523451313084],[-53.785207567275386,-23.144606383194894],[-53.785174788785405,-23.144687232246756],[-53.78513541916425,-23.14476552722411],[-53.7850685995362,-23.144886111021986],[-53.78502470182849,-23.14495876365286],[-53.784974794850825,-23.145028020443625],[-53.78491918437283,-23.145093456014962],[-53.784902072972265,-23.14518160576327],[-53.784877407266436,-23.145268212274996],[-53.78484534373757,-23.145352720668274],[-53.78480608743092,-23.14543459224936],[-53.78475988925743,-23.145513305411455],[-53.78470704329533,-23.14558835653419],[-53.78464788768975,-23.145659266278944],[-53.784582799256725,-23.145725584085213],[-53.78451219348289,-23.145786884573816],[-53.78416168721202,-23.14606834179729],[-53.78409362921758,-23.146119151694286],[-53.784021809359,-23.146165320190168],[-53.78394659635825,-23.14620661076316],[-53.78386837782335,-23.146242812072835],[-53.78366600068535,-23.146328225184277],[-53.78358521908251,-23.146359134882978],[-53.783502250328524,-23.14638461537447],[-53.78341752160127,-23.146404534458444],[-53.78333146727334,-23.146418790511568],[-53.78324452981116,-23.146427309789313],[-53.783157156177765,-23.146430050023582],[-53.7829942664722,-23.146429756844604],[-53.782909276042226,-23.146426867322813],[-53.78282471099152,-23.146418491936632],[-53.782740986806964,-23.146404672054693],[-53.782658510881504,-23.146385475126408],[-53.78204166858808,-23.147571965990235],[-53.78201325091078,-23.147623410808563],[-53.78199686346437,-23.147650400362384],[-53.78189757381393,-23.14780880514891],[-53.78191854240674,-23.14803351874862],[-53.78192253000071,-23.148097298668194],[-53.781922606443125,-23.148161184707664],[-53.7819187717339,-23.148224972721046],[-53.78190446262078,-23.14838241073637],[-53.7818934693081,-23.1484659091911],[-53.781875778744165,-23.148548418391567],[-53.78185148805568,-23.14862947968351],[-53.781820733040384,-23.14870864070793],[-53.78178368456929,-23.14878546349508],[-53.78174054858732,-23.14885951906832],[-53.78169156521352,-23.148930396437265],[-53.7816370060429,-23.148997701699333],[-53.78157717504649,-23.149061059836804],[-53.781512404074086,-23.14912011921483],[-53.78138062191807,-23.149231633349913],[-53.781308513377155,-23.149288065808253],[-53.78123189833332,-23.149339169783598],[-53.78115123723978,-23.149384637707595],[-53.78106701213278,-23.149424197085626],[-53.780979730230285,-23.1494576113963],[-53.780889913138935,-23.14948467919132],[-53.780798100451875,-23.149505239491916],[-53.780704841654995,-23.149519168191812],[-53.78061069792534,-23.149526380754523],[-53.78051623313757,-23.14952683581156],[-53.78042201296546,-23.149520529765304],[-53.78032860308252,-23.14950750038757],[-53.78018929270161,-23.149482932707922],[-53.78014418540579,-23.14955936518918],[-53.78009281792919,-23.14963234157606],[-53.78003549873915,-23.149701423898218],[-53.77997257137701,-23.14976619846803],[-53.77990441175916,-23.149826275878617],[-53.77983143087579,-23.14988129730071],[-53.77975406399884,-23.149930930884434],[-53.77967277697701,-23.149974881652184],[-53.77958805544438,-23.150012883404564],[-53.77950040841705,-23.150044710411656],[-53.779410361099224,-23.150070171118244],[-53.77931845398342,-23.150089112639165],[-53.77922523655524,-23.150101421659965],[-53.77919970300377,-23.150163387646806],[-53.77917055417771,-23.15022397497315],[-53.77906227850133,-23.150432909068144],[-53.77902487569736,-23.150499416631444],[-53.77898269839278,-23.15056343397193],[-53.7789359390423,-23.15062467060877],[-53.778884811684634,-23.15068284505391],[-53.77891436250775,-23.150766956846283],[-53.77893663241963,-23.150852964409413],[-53.77895148022652,-23.15094033174757],[-53.77895881419789,-23.15102851117355],[-53.778958588468015,-23.151116949604162],[-53.7789508030371,-23.15120509575524],[-53.778935508266954,-23.151292396543568],[-53.77882466412688,-23.151800613324205],[-53.77880472166049,-23.15187789386634],[-53.77877894709064,-23.151953684231767],[-53.778747466322436,-23.1520276094033],[-53.778710436737185,-23.152099302457525],[-53.77866804179667,-23.152168406363476],[-53.778620491042716,-23.15223458027832],[-53.77856802189666,-23.152297495049915],[-53.778451173882445,-23.152427840089363],[-53.77839081498411,-23.152490367253254],[-53.7783255835588,-23.152548559684952],[-53.77825584203345,-23.152602094527616],[-53.77818197891514,-23.152650673206576],[-53.778104406093405,-23.152694025025852],[-53.77802355434346,-23.152731909866382],[-53.77793987332643,-23.152764116387548],[-53.77785382889101,-23.15279046562411],[-53.77776590037599,-23.152810810986775],[-53.777729279982225,-23.152886098631228],[-53.777686683593515,-23.1529586487393],[-53.777638346832134,-23.153028054817486],[-53.777584541293436,-23.15309393015744],[-53.77752556645163,-23.153155906036897],[-53.777253132126305,-23.153422510057347],[-53.77720223049851,-23.1534694699567],[-53.77719589027799,-23.15347456011938],[-53.77720506426226,-23.153563401446384],[-53.77720660839816,-23.1536526366765],[-53.77720051459198,-23.153741704632466],[-53.77718681971583,-23.15383004773515],[-53.77716561100408,-23.153917112001697],[-53.77713702065693,-23.154002352443168],[-53.777101228538754,-23.154085233963027],[-53.7770584567823,-23.15416523855151],[-53.77700897608332,-23.15424186348786],[-53.77695309490929,-23.154314628533925],[-53.77689116489529,-23.154383078632677],[-53.77682357274966,-23.154446783908472],[-53.77675074205297,-23.154505345961578],[-53.77667312966116,-23.154558396968962],[-53.77659122300645,-23.154605604181928],[-53.776505533803174,-23.15464667262249],[-53.776450719225295,-23.154788300556255],[-53.77651256110573,-23.154857643681936],[-53.77656822914042,-23.15493132513714],[-53.776617368996256,-23.155008873677133],[-53.77665966770945,-23.15508979827219],[-53.776694857281825,-23.15517358271129],[-53.776722711983496,-23.15525969369648],[-53.776743055547506,-23.15534758444008],[-53.7767557593707,-23.155436693765033],[-53.77676074071559,-23.155526456897086],[-53.776757969004954,-23.155616300968074],[-53.77674746222556,-23.15570565580789],[-53.77672928602766,-23.155793951246395],[-53.77670355732323,-23.15588062610659],[-53.776670438889546,-23.155965129103954],[-53.77663014206735,-23.156046922444098],[-53.77658292226397,-23.156125485419413],[-53.776529080752425,-23.156200318006828],[-53.77646896017433,-23.15627094446501],[-53.776402943640846,-23.156336916032387],[-53.77633144933685,-23.156397810926755],[-53.7762549341179,-23.156453243339108],[-53.77617388361779,-23.156502859835715],[-53.77608881404751,-23.156546345653787],[-53.77600026679886,-23.156583422903218],[-53.775908804847404,-23.15661385596126],[-53.77581501095398,-23.15663745057446],[-53.775719482268194,-23.15665405835465],[-53.77562282493335,-23.156663572282635],[-53.775587435711486,-23.156745834169428],[-53.775573785801555,-23.156773227518997],[-53.7755204631988,-23.15687658570242],[-53.77547519492424,-23.15695603001335],[-53.77542323569372,-23.15703189232447],[-53.77536491645771,-23.157103693297337],[-53.775300605038865,-23.157170976975557],[-53.775230708830115,-23.157233317979813],[-53.77515567209656,-23.157290319709013],[-53.77507596968019,-23.157341622434473],[-53.774992106100804,-23.157386900601555],[-53.77490461375686,-23.157425867326392],[-53.77481404573161,-23.157458275295685],[-53.774720977591016,-23.157483919463886],[-53.77462599839106,-23.157502636154316],[-53.77452970977823,-23.157514309354404],[-53.7744327223922,-23.157518862621966],[-53.77433565046988,-23.15751626807784],[-53.77376643537263,-23.15748004698308],[-53.7729400402506,-23.157720038265634],[-53.7728461312439,-23.15774355014131],[-53.77275049463958,-23.157760067989294],[-53.77265373837929,-23.157769485689776],[-53.77255647849864,-23.157771743887416],[-53.77245933283183,-23.157766829092427],[-53.772362920112585,-23.15775477098245],[-53.77226785277912,-23.157735647798432],[-53.77217473607516,-23.157709580049612],[-53.772084161754606,-23.157676734110545],[-53.77200012550537,-23.157642623724676],[-53.77192500963139,-23.15760937129202],[-53.77185255844876,-23.157571397418483],[-53.771783118196254,-23.157528884666846],[-53.77171702252253,-23.157482036283426],[-53.77165458619015,-23.15743107619975],[-53.77159610777408,-23.157376247232584],[-53.77154186696356,-23.157317812883242],[-53.77143554281593,-23.157335574493718],[-53.77138451258514,-23.157404088444345],[-53.77132814937455,-23.157468931362683],[-53.77126676165171,-23.157529748015946],[-53.77120068486368,-23.15758620745398],[-53.771130279638555,-23.157638001209328],[-53.771055930886405,-23.15768484599542],[-53.77097804330202,-23.157726485505385],[-53.770897043163984,-23.157762694009673],[-53.77081337293873,-23.157793273657177],[-53.77072748858267,-23.15781805537548],[-53.77063986044112,-23.157836906064826],[-53.770550965154875,-23.157849722303375],[-53.770367355069375,-23.157869837439605],[-53.77000496695558,-23.158283315139396],[-53.76994329504697,-23.158348476417537],[-53.7698763908827,-23.158409063743825],[-53.76980465016435,-23.158464718288602],[-53.76972849647291,-23.158515111799503],[-53.76964838126776,-23.158559946600807],[-53.76956477669307,-23.158598956493172],[-53.76947817827528,-23.15863191125021],[-53.76938909682923,-23.15865861661836],[-53.76929806025726,-23.15867891521629],[-53.76920560635364,-23.15869268473603],[-53.76911228100687,-23.15869984603751],[-53.76901863640086,-23.15870035595321],[-53.768925226517915,-23.158694211784905],[-53.768832603541796,-23.15868144950577],[-53.768741314260126,-23.15866214465871],[-53.768651899165775,-23.15863641055841],[-53.76856488616045,-23.15860440098886],[-53.76849210492663,-23.15865399410308],[-53.76841551596317,-23.15869841521618],[-53.76833554824691,-23.158737415215967],[-53.768047392872866,-23.158865550621158],[-53.7679714127504,-23.15889644053482],[-53.767893337207674,-23.158922481303936],[-53.767813526872715,-23.1589435533188],[-53.767732352266194,-23.158959558553303],[-53.76765018840541,-23.158970422363492],[-53.76720289080066,-23.159015270654713],[-53.76711947238567,-23.15902096785981],[-53.767035827341545,-23.159021365360157],[-53.76695234867185,-23.159016462256364],[-53.76686943117926,-23.15900628193089],[-53.76644352484868,-23.15894017726391],[-53.766354440704795,-23.158923359941642],[-53.76626702750127,-23.158900232975828],[-53.766181806844884,-23.158870932164298],[-53.766099287751906,-23.158835634673316],[-53.7659711946149,-23.158963945446256],[-53.76590260691967,-23.159027389918606],[-53.765828784270866,-23.15908559494073],[-53.76575019341658,-23.15913819179065],[-53.765667329883335,-23.15918484771906],[-53.76558071977428,-23.159225267748333],[-53.76549090987754,-23.15925919647122],[-53.76539846766514,-23.15928641894952],[-53.76530397859568,-23.159306762513605],[-53.765023669806446,-23.159356341238652],[-53.764932197962544,-23.159369216832417],[-53.764839933815836,-23.15937564518633],[-53.764747407966475,-23.159375589428336],[-53.76465515281296,-23.159369049558386],[-53.7645636989555,-23.15935606334812],[-53.76447357249731,-23.15933670544114],[-53.7643852923473,-23.15931108735332],[-53.76429936572305,-23.15927935657349],[-53.7642162863524,-23.15924169476494],[-53.76413653357412,-23.15919831956318],[-53.764060566042254,-23.15914948008093],[-53.763988819028725,-23.159095457805662],[-53.76383594237473,-23.158971140921945],[-53.7637668555559,-23.15891037103319],[-53.76370311250861,-23.158844797865587],[-53.76364510263926,-23.158774821617225],[-53.76359318028102,-23.15870086946609],[-53.76354766379348,-23.158623393771066],[-53.76350883016835,-23.158542866676452],[-53.763476916826164,-23.15845978190993],[-53.763462883805005,-23.158418156788986],[-53.76342521839905,-23.158470631331124],[-53.763384268669036,-23.15852095919138],[-53.76334017850638,-23.15856896410293],[-53.763145740583354,-23.158769280894155],[-53.76308042102454,-23.15883157873088],[-53.7630101156243,-23.15888905080555],[-53.76293524076862,-23.15894135537576],[-53.762591321132504,-23.159162920448853],[-53.76226951942267,-23.159578935136253],[-53.76221937862141,-23.15963933720211],[-53.762164944456565,-23.159696474728985],[-53.762106466040514,-23.159750086913483],[-53.762044208673274,-23.159799928240528],[-53.761978457439795,-23.15984577298051],[-53.761820705561036,-23.15994822734532],[-53.761742574260325,-23.159994961514748],[-53.761660817792404,-23.160036052438304],[-53.76157591189872,-23.16007126269514],[-53.76148835030705,-23.16010038634025],[-53.76139864293299,-23.16012325340191],[-53.76130731138329,-23.16013973257904],[-53.76121488715728,-23.160149726745008],[-53.761121908049574,-23.160153177443682],[-53.76044097377189,-23.160154419407405],[-53.76032726708968,-23.160499136742285],[-53.76029706335868,-23.160579666534794],[-53.760260369220646,-23.160657857190767],[-53.76021739511663,-23.160733263545705],[-53.76016838566243,-23.160805453924986],[-53.760113620547095,-23.160874016439166],[-53.76005341363401,-23.160938559883057],[-53.759988108464306,-23.16099871553479],[-53.75991807645801,-23.1610541398531],[-53.7598437187126,-23.161104517176113],[-53.759765458808715,-23.161149558821485],[-53.759683744609106,-23.16118900848245],[-53.75959904286145,-23.161222640429],[-53.75951183560261,-23.161250262206288],[-53.75942262195639,-23.161271717332337],[-53.75933191093884,-23.161286882599942],[-53.759240220559725,-23.161295671674388],[-53.759148074224186,-23.16129803329409],[-53.75905599713644,-23.16129395576786],[-53.75873774595016,-23.161268689315023],[-53.75864246008143,-23.161257693304265],[-53.75854841078046,-23.161239776111195],[-53.758456185304674,-23.16121504835224],[-53.758366359220076,-23.16118366561016],[-53.75827949280432,-23.16114582303777],[-53.758196129247835,-23.161101757156818],[-53.75811678835901,-23.161051743159884],[-53.75804196566406,-23.160996092212383],[-53.75797212881059,-23.160935154150486],[-53.75790771307039,-23.160869306689573],[-53.75784912044055,-23.160798962618472],[-53.75779671874352,-23.160724560806283],[-53.75770873536976,-23.160739181984084],[-53.75761980321124,-23.16074756546421],[-53.75753043937823,-23.16074966358259],[-53.757159340431144,-23.160746178709598],[-53.75706916271167,-23.16074228824245],[-53.7569795470684,-23.160732209540306],[-53.75689098992723,-23.16071599656233],[-53.75680398231782,-23.160693739241097],[-53.75671900537776,-23.16066556078347],[-53.75663652945224,-23.160631618570804],[-53.756557012296234,-23.160592098762862],[-53.756560172513844,-23.160677699832444],[-53.75655629283858,-23.160763275721038],[-53.7565453966526,-23.160848332700898],[-53.756527546908664,-23.1609323788427],[-53.756502846129415,-23.161014928512618],[-53.75647143640765,-23.16109550596923],[-53.75643350030572,-23.161173644464565],[-53.756389256359,-23.16124889433746],[-53.75633895997498,-23.16132082031606],[-53.756282901634506,-23.161389006913566],[-53.75622140599308,-23.161453061126334],[-53.75615482648402,-23.161512611534242],[-53.75608354801728,-23.161567315495674],[-53.756007983381664,-23.161616856449246],[-53.75592856784908,-23.16166094841036],[-53.755845760973045,-23.161699337770692],[-53.75576004029353,-23.161731801497915],[-53.75567190043779,-23.161758151633865],[-53.755581851321324,-23.161778237991708],[-53.75515494494471,-23.161857852274508],[-53.755082455990475,-23.16186924128884],[-53.755009356396606,-23.161876571662837],[-53.754935912362384,-23.161879816416825],[-53.75486239008717,-23.161878962960234],[-53.7542445702307,-23.161853467180205],[-53.75416209520449,-23.161847466004172],[-53.75408024970369,-23.16183631081355],[-53.75399940964496,-23.161820052869576],[-53.75362449127715,-23.16173224036708],[-53.75354196409029,-23.16171002351523],[-53.75346133357363,-23.161682488072746],[-53.75338299992546,-23.16164977073672],[-53.75330735165289,-23.16161203608294],[-53.753234764672584,-23.161569469371884],[-53.75316559961266,-23.16152228194414],[-53.75291907925208,-23.161341356334898],[-53.752794822622946,-23.161280461440533],[-53.75276298122657,-23.161363684702685],[-53.752724178178255,-23.16144434129972],[-53.75267865269762,-23.161521935705185],[-53.752626685373116,-23.161595989479785],[-53.75256859636352,-23.161666045767838],[-53.752504743598934,-23.161731673794122],[-53.75243551918385,-23.16179246886383],[-53.75236135209468,-23.161848055060076],[-53.75228269738853,-23.16189809154013],[-53.75220004069922,-23.161942269836327],[-53.752113891043166,-23.16198031745408],[-53.75202477902019,-23.162011998771213],[-53.75193325411635,-23.162037120433226],[-53.750758306050955,-23.16231462963291],[-53.75068742148727,-23.162329307467967],[-53.75061571854053,-23.162340058863016],[-53.75054345081946,-23.162346845147088],[-53.75003153872449,-23.162380715414123],[-53.74971249703402,-23.162516205474876],[-53.74963361479945,-23.16254692181937],[-53.74955252472921,-23.16257224762747],[-53.749469655799885,-23.162592048900393],[-53.74938544778013,-23.16260622131651],[-53.74930034763287,-23.162614689332905],[-53.749357587682425,-23.162779282354357],[-53.74938307806656,-23.162863702614192],[-53.74940140355187,-23.16294969758686],[-53.74941245172324,-23.16303674926293],[-53.74941615782939,-23.16312433063975],[-53.74941249758865,-23.163211912915884],[-53.74940149528266,-23.16329896908855],[-53.7493832147635,-23.163384972155164],[-53.749357769345465,-23.16346940410609],[-53.749325310114955,-23.163551754126566],[-53.74928603402316,-23.16363152489135],[-53.74924017759207,-23.163708235263254],[-53.749188018712005,-23.163781422990663],[-53.74912987214577,-23.163850644707903],[-53.74906608772972,-23.16391548312947],[-53.74899705127274,-23.16397554794946],[-53.748923180060665,-23.16403047404344],[-53.74884492015685,-23.164079932259366],[-53.748762741906944,-23.16412362222371],[-53.74867714443462,-23.164161282233742],[-53.74858864215207,-23.16419268206306],[-53.7481623985758,-23.164326592914275],[-53.74806888077421,-23.164352166036043],[-53.74797345191326,-23.164370751425434],[-53.747876722632554,-23.164382230372027],[-53.7477793116658,-23.164386529131427],[-53.74768183954512,-23.164383619824594],[-53.747584931299514,-23.16437352133731],[-53.74699396789719,-23.16428970542193],[-53.746978834105846,-23.164334241648355],[-53.74694734434444,-23.164415819151078],[-53.74690917801604,-23.164494922618914],[-53.74686455905214,-23.16457108530373],[-53.74681375185309,-23.1646438575443],[-53.746757054993964,-23.164712811263644],[-53.746694803922026,-23.16477753906852],[-53.746627363761725,-23.16483765964668],[-53.74655513381231,-23.164892817765722],[-53.746478539452994,-23.164942689669743],[-53.746398033042674,-23.164986980381197],[-53.746314087625024,-23.16502542909652],[-53.74622719872622,-23.165057809186944],[-53.74613787895987,-23.165083929096365],[-53.74604665532882,-23.16510363594042],[-53.7459540647282,-23.165116811907723],[-53.7458606539459,-23.16512338055597],[-53.74576697336704,-23.165123303214127],[-53.74567357607458,-23.165116579882543],[-53.745456348431674,-23.16509314894605],[-53.74536429112908,-23.165079813798773],[-53.74527361608448,-23.16505996935845],[-53.745184860193035,-23.16503373253713],[-53.745098551357046,-23.16500126071597],[-53.745015200391094,-23.1649627454507],[-53.74493530102325,-23.16491841516913],[-53.74485932719614,-23.16486853157384],[-53.74478772946998,-23.16481339234056],[-53.7445756000838,-23.164839256842615],[-53.744518776420364,-23.164908606263428],[-53.74445632569871,-23.164973687502055],[-53.744388621137894,-23.1650341111517],[-53.74431606833184,-23.165089515684908],[-53.74423910165319,-23.16513957015141],[-53.74415818065546,-23.16518397327812],[-53.74407379007329,-23.16522246156372],[-53.74398643442635,-23.165254803882448],[-53.743896636220654,-23.165280806880126],[-53.743804933251,-23.16530031407458],[-53.74371187410366,-23.165313210352757],[-53.74361801545899,-23.165319416574075],[-53.74352391849402,-23.16531889766534],[-53.74343014618426,-23.165311655424905],[-53.74338956337755,-23.16534876235189],[-53.74335171001337,-23.165380314166455],[-53.74309960396346,-23.165581791982465],[-53.74316641549763,-23.165645639351126],[-53.74322755141032,-23.165714176684183],[-53.74328262769103,-23.165786974105867],[-53.74333129720156,-23.165863574760476],[-53.74337325597094,-23.16594349661137],[-53.743408239598466,-23.166026239635535],[-53.74343602864974,-23.166111284024858],[-53.743456448656104,-23.166198094682613],[-53.743469371913875,-23.16628612841839],[-53.74347471748416,-23.16637483124981],[-53.74347245029326,-23.16646364649643],[-53.74346258652906,-23.166552018377267],[-53.74344518644602,-23.166639389312696],[-53.74346686010744,-23.166688334915015],[-53.74349978788484,-23.1667719601741],[-53.743525483314386,-23.1668577249204],[-53.74354378631659,-23.166945095855784],[-53.74355458357712,-23.16703352799127],[-53.74355780764665,-23.167122472740267],[-53.74355343784072,-23.167211376120385],[-53.743541502937944,-23.167299684149356],[-53.743522074883685,-23.167386846442106],[-53.74349527598616,-23.16747232250604],[-53.74346127351884,-23.16755557904307],[-53.74342027792346,-23.167636098043797],[-53.743372544607155,-23.167713378585827],[-53.74331837124573,-23.167786939531958],[-53.74325809508497,-23.167856322227824],[-53.743192090242644,-23.16792109679752],[-53.743120767709165,-23.167980858546073],[-53.74304457264884,-23.16803523605361],[-53.742963978105024,-23.168083890275582],[-53.74287948589943,-23.168126519039863],[-53.7427916221356,-23.168162857046482],[-53.742585210638936,-23.1682393371919],[-53.7424972191713,-23.168268377200164],[-53.74240708192127,-23.1682911066655],[-53.74231532769011,-23.168307391589064],[-53.74213793551729,-23.168332408030512],[-53.74209792288076,-23.16833742534817],[-53.7420331474118,-23.168342135997026],[-53.74206208040067,-23.168416157396052],[-53.74209129847458,-23.16850131689853],[-53.742113135812474,-23.168588346990926],[-53.74212745571748,-23.168676701784662],[-53.74213416825717,-23.168765827297364],[-53.742133231163564,-23.1688551650501],[-53.74212465073202,-23.16894415296655],[-53.74210848002223,-23.169032235265654],[-53.74208482155718,-23.169118857065875],[-53.742053822825596,-23.169203476975095],[-53.74201567808104,-23.16928556259493],[-53.74197062744241,-23.169364599512882],[-53.74191895329698,-23.16944009310207],[-53.74186097850128,-23.16951156852035],[-53.74179706818007,-23.16957857790531],[-53.741447177045536,-23.16991738849291],[-53.7413785650686,-23.169978846362916],[-53.74130495915648,-23.170035150218244],[-53.7412268116679,-23.170085952021196],[-53.74114460194181,-23.17013094240533],[-53.74105883449755,-23.170169843479776],[-53.74097003723739,-23.170202416024857],[-53.740878754251064,-23.170228462190007],[-53.740785544916946,-23.1702478200971],[-53.74069098390175,-23.170260371035532],[-53.74059564946959,-23.170266039462405],[-53.74050012797835,-23.170264789404737],[-53.74040500488701,-23.17025662895653],[-53.74031086565378,-23.17024160758038],[-53.74021828674444,-23.170219818805858],[-53.74012783742973,-23.170191394833267],[-53.74004007259123,-23.17015651103039],[-53.73998139362635,-23.170219626350928],[-53.73991780975899,-23.17027854093819],[-53.739849670825606,-23.170332929237563],[-53.7397773536419,-23.17038249087553],[-53.73970125660759,-23.170426952458136],[-53.739621800605555,-23.170466069369887],[-53.73953942270612,-23.170499624874044],[-53.739454578865654,-23.170527434609618],[-53.739367735832275,-23.170549344792686],[-53.73927937294468,-23.17056523401455],[-53.739189978534576,-23.170575015940486],[-53.73910004543068,-23.17057863481235],[-53.73907490218494,-23.170742815045134],[-53.739057780891756,-23.1708298649225],[-53.73903333372135,-23.170915405737635],[-53.73900170996086,-23.17099891228623],[-53.738963105662776,-23.17107987015606],[-53.73891775734853,-23.171157782022192],[-53.73886594380821,-23.17123216854589],[-53.73880798430099,-23.17130257107306],[-53.73874423495846,-23.17136855792888],[-53.73867508878425,-23.17142972172041],[-53.73860097025846,-23.171485687430785],[-53.73852233533739,-23.171536110619176],[-53.73843966785637,-23.171580680120478],[-53.73835347773076,-23.17161912254067],[-53.73826429286271,-23.171651201358078],[-53.73817266363744,-23.17167671872175],[-53.73807915303047,-23.171695518149804],[-53.737984336607724,-23.17170748452901],[-53.73788879713027,-23.17171254231607],[-53.73760871047352,-23.171717198106418],[-53.73753567473154,-23.171716342851127],[-53.73747709199415,-23.171784953928682],[-53.73741295234577,-23.171849176314637],[-53.737343639797025,-23.17190862779715],[-53.73726956803603,-23.17196295134538],[-53.73719117952925,-23.172011823203302],[-53.73710894282334,-23.172054952889987],[-53.737023348948355,-23.172092080501194],[-53.73677341925787,-23.172189683923005],[-53.736695421956085,-23.172217421712826],[-53.7366155252862,-23.172240072937175],[-53.736534117755184,-23.172257529677413],[-53.73645159326634,-23.172269705598666],[-53.736368352917054,-23.172276542244767],[-53.73628479960371,-23.17227800544178],[-53.73620133892064,-23.172274090692934],[-53.73615595013689,-23.172351368537058],[-53.73610414379119,-23.1724251165421],[-53.736046239142574,-23.172494879651115],[-53.73598259322205,-23.17256022708901],[-53.735913598134005,-23.172620756858553],[-53.73583967925771,-23.17267609484199],[-53.73576129254957,-23.172725900196294],[-53.73567892094536,-23.172769867151786],[-53.73527504980358,-23.17296677461317],[-53.735163241590215,-23.17324108582359],[-53.73512776783218,-23.173319164963637],[-53.73508603569194,-23.173394553332184],[-53.73503828169129,-23.17346682195239],[-53.73498477742544,-23.173535560733747],[-53.73492582506674,-23.173600378470894],[-53.73486176186077,-23.173660908240432],[-53.73491505928246,-23.17373453303844],[-53.734961939142124,-23.173811799191355],[-53.73500211095853,-23.173892230957847],[-53.73503532831762,-23.173975331012848],[-53.73506138527466,-23.17406058584345],[-53.73508011995153,-23.174147468446957],[-53.735091418134346,-23.174235443726886],[-53.73509520877673,-23.174323967593175],[-53.73509146939574,-23.174412493258085],[-53.73508022247421,-23.174500473933833],[-53.73506153726004,-23.174587366429982],[-53.735035530665186,-23.174672633851156],[-53.7350023609701,-23.174755750093865],[-53.73496223501911,-23.1748362016455],[-53.73491539922617,-23.174913491180785],[-53.73486214407256,-23.174987142058992],[-53.7348027978108,-23.175056699223465],[-53.73473772646486,-23.175121732797813],[-53.734667332031734,-23.175181840785484],[-53.73459205068258,-23.175236653564838],[-53.73438295650817,-23.17537702244774],[-53.734307367590816,-23.175423888817555],[-53.73422821106299,-23.175465415012994],[-53.734145925793825,-23.1755013708077],[-53.73406097043738,-23.175531556552205],[-53.73397381803716,-23.175555802274587],[-53.7338849533279,-23.1755739748752],[-53.73351107277773,-23.175637010155995],[-53.73363392736376,-23.17607308602021],[-53.73365410095591,-23.176157942451145],[-53.73366714921951,-23.176243982389963],[-53.73367299481271,-23.17633069592091],[-53.733671603561504,-23.17641756863196],[-53.73366298266046,-23.17650408431217],[-53.73364718427001,-23.176589729448597],[-53.733624301919974,-23.176673996823634],[-53.733594471407685,-23.176756384615583],[-53.7335578698997,-23.176836406291205],[-53.733514714132696,-23.17691358431055],[-53.73346526041331,-23.17698746271729],[-53.7334098019208,-23.177057602642368],[-53.733348667806744,-23.17712358680021],[-53.7332822213973,-23.177185024885066],[-53.73321085749496,-23.177241551772312],[-53.73313499788179,-23.177292832014682],[-53.733055093118026,-23.177338560742083],[-53.73297161894499,-23.177378468157855],[-53.73300236766511,-23.17745695019417],[-53.73302672670201,-23.177537327101984],[-53.733044561157556,-23.177619153717067],[-53.73305577390482,-23.17770197947888],[-53.733060301091875,-23.17778534663247],[-53.73305811933665,-23.177868794725185],[-53.73298363478682,-23.178998157055382],[-53.732974352884014,-23.179084305812058],[-53.73295795194787,-23.179169543555577],[-53.732934529105194,-23.17925336666553],[-53.73290422195219,-23.17933528231349],[-53.73286720855481,-23.179414807563365],[-53.732823707448006,-23.179491474767737],[-53.73277397493894,-23.179564831567788],[-53.732718303307024,-23.179634447188025],[-53.73265702080482,-23.179699909739085],[-53.732590488959836,-23.179760834311104],[-53.73251909807783,-23.17981686297381],[-53.73244327084018,-23.179867663877562],[-53.73236345241134,-23.179912940246005],[-53.73228011313665,-23.179952423181852],[-53.73219374404602,-23.179985880659878],[-53.73201591210461,-23.180047464434914],[-53.731925978101344,-23.18007490634787],[-53.73183401252953,-23.18009581648468],[-53.73174056937171,-23.18011006894059],[-53.73164621250265,-23.180117579178976],[-53.73155150939459,-23.18011830043528],[-53.73145703201635,-23.180112229112094],[-53.73136334784016,-23.180099402081765],[-53.73127102164017,-23.18007989578658],[-53.731180610097,-23.180053828037757],[-53.73109265819961,-23.180021356216596],[-53.7310076956486,-23.17998267547611],[-53.73092623325903,-23.179938018740565],[-53.73084876295997,-23.17988765580666],[-53.730775750600344,-23.179831889745888],[-53.73070763684791,-23.179771056904745],[-53.73064483179342,-23.17970552240801],[-53.730587714051694,-23.17963568285652],[-53.73053662716353,-23.179561957334528],[-53.730491878697194,-23.179484791006292],[-53.73045373844918,-23.179404648821492],[-53.73042243664605,-23.179322012816726],[-53.73030749699336,-23.178976082296398],[-53.73026070706595,-23.179001775927244],[-53.73021221292323,-23.179024611512606],[-53.73016221961069,-23.179044491925815],[-53.73017743164314,-23.179132454615058],[-53.730185060591964,-23.17922125547254],[-53.7301850596927,-23.179310336019217],[-53.73017742894502,-23.179399136876704],[-53.73016221511409,-23.17948709956606],[-53.73013951442697,-23.179573672802782],[-53.730109468976764,-23.179658311597766],[-53.73007226852035,-23.179740485351193],[-53.73002814598203,-23.179819676952473],[-53.729977379252546,-23.179895389976224],[-53.729920285792446,-23.179967148680955],[-53.72985722533065,-23.180034501606972],[-53.72978859266937,-23.180097026072847],[-53.7297148212819,-23.180154329974382],[-53.729762241634084,-23.18021988515559],[-53.72980456193096,-23.180288359536192],[-53.72984157083175,-23.18035941497091],[-53.72987308577427,-23.180432699825264],[-53.729898952074905,-23.180507850772596],[-53.7299190402315,-23.180584496393358],[-53.72993325131848,-23.180662258972067],[-53.72994151518873,-23.180740751800283],[-53.73003135925978,-23.18074963350473],[-53.73012024195555,-23.18076465937754],[-53.730207672246195,-23.180785745781538],[-53.730293167195896,-23.180812776704276],[-53.73037625466037,-23.180845601959007],[-53.73045647688486,-23.18088404168106],[-53.73053338960421,-23.180927882731574],[-53.73060656833843,-23.18097688229331],[-53.73102433940169,-23.1812788251736],[-53.73109814316473,-23.181336667769017],[-53.73116675694018,-23.18139973452617],[-53.73122975085221,-23.18146762884401],[-53.731286727400516,-23.181539924443985],[-53.731337329554094,-23.181616166269],[-53.73138123805358,-23.18169587498067],[-53.731418176807324,-23.181778548756988],[-53.731447914689454,-23.18186366868933],[-53.73147026374164,-23.18195069968099],[-53.73148508456887,-23.182039094044832],[-53.731586097320466,-23.182853859134255],[-53.7315932109579,-23.18294088293131],[-53.73159302659684,-23.183028154941287],[-53.73158554513674,-23.183115152658115],[-53.73157081064437,-23.183201354474832],[-53.73154891215245,-23.183286245979406],[-53.73151998006301,-23.183369319054755],[-53.731484187944886,-23.183450074577202],[-53.731441750736174,-23.183528031409487],[-53.73139292114637,-23.183602721004732],[-53.73133799235439,-23.1836736981985],[-53.73127729171358,-23.183740536712268],[-53.73121118434858,-23.18380283724702],[-53.73114006506193,-23.183860226584162],[-53.73106435923274,-23.18391236118247],[-53.73033316454382,-23.184376348405678],[-53.730902020811584,-23.184621210416406],[-53.73098133562013,-23.184658665380976],[-53.73105748481504,-23.184701369688337],[-53.731130061902775,-23.18474909491071],[-53.731198679275515,-23.184801587439242],[-53.73126297270795,-23.184858566685453],[-53.73132259955827,-23.184919729577793],[-53.73137724146642,-23.184984750561718],[-53.73142660795156,-23.185053282498895],[-53.731470435512165,-23.185124961163954],[-53.7315084912238,-23.185199404344957],[-53.7315405718399,-23.18527621544083],[-53.73201886188093,-23.186558840234056],[-53.73204688655454,-23.186645003380075],[-53.73206739469441,-23.18673295797543],[-53.73208025499969,-23.186822143742795],[-53.73208538653131,-23.186911993209712],[-53.732082755115016,-23.18700193530695],[-53.7320723787372,-23.187091397166096],[-53.732054322149224,-23.187179809516504],[-53.73202870136339,-23.18726661028169],[-53.73199567915725,-23.18735124817736],[-53.73195546597185,-23.18743318361041],[-53.731908316315696,-23.187511894973767],[-53.731854530562025,-23.187586882244627],[-53.731797974896544,-23.187653518410993],[-53.73086524573438,-23.18692648668387],[-53.730386964686545,-23.185643857394002],[-53.729116905220955,-23.185097160421527],[-53.72885463683201,-23.184553232461596],[-53.729139804658075,-23.183765365195438],[-53.73037382828943,-23.182982309302083],[-53.73027282273256,-23.182167543313465],[-53.72985504987054,-23.181865598634364],[-53.72955432017562,-23.1818877660235],[-53.72902759085059,-23.182660132575027],[-53.72843578208557,-23.182110372511698],[-53.72833544922151,-23.181686656929614],[-53.72872399591563,-23.180812164266015],[-53.72820139987459,-23.18118897300872],[-53.727721364249476,-23.181191652088952],[-53.726319967792215,-23.18033868200055],[-53.72769181702364,-23.179734804333673],[-53.727557184016796,-23.17921733532772],[-53.72809105126095,-23.179151819716765],[-53.72896618873858,-23.179264196301688],[-53.72838478782768,-23.178379769726593],[-53.729681843142494,-23.178008454942262],[-53.730400493188085,-23.17727560729956],[-53.731105870139686,-23.17753727763935],[-53.73158881597101,-23.17899076282953],[-53.731765728805264,-23.17892949651514],[-53.73184022414699,-23.17780013418493],[-53.731046138968104,-23.177078891393855],[-53.731069312698594,-23.17623148541077],[-53.73142356644433,-23.176159724907453],[-53.73245317957054,-23.1763574201749],[-53.73214261668829,-23.175255031210796],[-53.73187517989561,-23.174539363317002],[-53.732238710148245,-23.17447039880601],[-53.73278701960521,-23.17461241524692],[-53.733666061039855,-23.17446421326894],[-53.73387515431489,-23.17432384438602],[-53.733477396764386,-23.173876187951922],[-53.73365485638647,-23.173375196324464],[-53.73315197977996,-23.172538197296173],[-53.73335951452992,-23.17241688414808],[-53.73402151178328,-23.172843281508356],[-53.73429653795477,-23.17216854715694],[-53.73510980207567,-23.171772042362004],[-53.734565231999795,-23.171534345250045],[-53.73528976720895,-23.170871378527476],[-53.735500435196855,-23.1703226140136],[-53.735797129633795,-23.170396058047825],[-53.73629867884085,-23.171150518198086],[-53.736548606732754,-23.17105291567572],[-53.7361407740774,-23.17038444060571],[-53.736606872908794,-23.170076622454395],[-53.73731259340144,-23.170049585236402],[-53.73758678140479,-23.170589318758186],[-53.73786686536346,-23.17058466386739],[-53.73800591853819,-23.16967671462496],[-53.738234767220725,-23.1692526060392],[-53.73874720002323,-23.16907741990331],[-53.73908854400099,-23.169451454237482],[-53.739397361299154,-23.169024120682874],[-53.740203018954105,-23.168573925462518],[-53.74041616187634,-23.168809600898665],[-53.74056475416006,-23.169138370555565],[-53.740914646193914,-23.168799561766672],[-53.740561616425396,-23.167896355548653],[-53.740714796150826,-23.167597781528652],[-53.741133052848,-23.1672799404332],[-53.74154222729186,-23.166610965340105],[-53.741852724523596,-23.16651313708798],[-53.74195397739396,-23.16721724599538],[-53.742131367768366,-23.16719223045337],[-53.742337778365766,-23.167115750307953],[-53.74213972426884,-23.166668477884276],[-53.74225515315276,-23.166394794400556],[-53.740935648961,-23.165953060002106],[-53.7415119552125,-23.165550682634223],[-53.742063651516276,-23.164918665180583],[-53.74255390343984,-23.164526870135298],[-53.74241975606685,-23.164203652892635],[-53.742618214858624,-23.164056569671345],[-53.74357762780522,-23.164191885263662],[-53.74340390666493,-23.163844293695607],[-53.74484322483488,-23.163668803588795],[-53.745191507981644,-23.16348929531115],[-53.745458122794105,-23.16364026720095],[-53.74560023636178,-23.163972968693887],[-53.74581490813148,-23.163996119041986],[-53.74605052421225,-23.16330272825474],[-53.74630979695951,-23.163051416306264],[-53.747769906555845,-23.163258508589664],[-53.748196147434214,-23.163124599537024],[-53.748114365785284,-23.16288943221788],[-53.7472084265276,-23.16241011155384],[-53.74706105102667,-23.162161592899658],[-53.7471720507495,-23.16200609472189],[-53.74755694979324,-23.16206826395556],[-53.747847986595275,-23.162228480876056],[-53.74811213366792,-23.162099072031005],[-53.747618244885984,-23.1617762855635],[-53.74776514464554,-23.16147834196829],[-53.74856607726264,-23.161062247241382],[-53.74884183098561,-23.160797007492377],[-53.74912590073967,-23.16103369736374],[-53.749203300891566,-23.1614911051468],[-53.74972357937963,-23.161270154310614],[-53.75045637126442,-23.161221670060502],[-53.75163131123593,-23.160944164458108],[-53.75132317022804,-23.160638974125806],[-53.75156981919179,-23.159957240350792],[-53.751898460245634,-23.15983710261671],[-53.752525109646,-23.159871585321845],[-53.753589601179044,-23.160393260457028],[-53.75392406264529,-23.160638728610888],[-53.75429897741583,-23.16072654021413],[-53.754914427558674,-23.160751942464593],[-53.755340646853305,-23.16067245678495],[-53.755238947919054,-23.16024121297809],[-53.7554016838406,-23.159943984343926],[-53.75600733586981,-23.159313017298402],[-53.756516870157384,-23.15916749889743],[-53.75717173308891,-23.15961818964426],[-53.757542828438716,-23.159621674517194],[-53.757814795116644,-23.159476684018202],[-53.75743345558948,-23.158967296320156],[-53.75758018177987,-23.15862684626849],[-53.75859836092559,-23.158549378667438],[-53.75907481904761,-23.159266182404895],[-53.7588421140722,-23.160144778675118],[-53.75916036256058,-23.16017004512796],[-53.75958764395449,-23.158874713813532],[-53.76020900534127,-23.159026794567463],[-53.76111949966514,-23.15902513621756],[-53.7612772515439,-23.15892268185274],[-53.76172138803156,-23.158348522283017],[-53.76223784080366,-23.158015806400858],[-53.762432279625955,-23.157815491408293],[-53.76242201476413,-23.157669793143008],[-53.761503909477824,-23.157730424535963],[-53.76138733575692,-23.157506361146176],[-53.76189775407806,-23.156971107147374],[-53.762719532080666,-23.157029081943097],[-53.763122208922766,-23.156876875284112],[-53.762990820669756,-23.156245815608486],[-53.76380111432985,-23.156516122137926],[-53.764224612275996,-23.15725939921848],[-53.76462355333421,-23.157210789962495],[-53.764431082228604,-23.156734611529647],[-53.764714964024336,-23.156496984564676],[-53.76555446496655,-23.15645080527702],[-53.76590242255866,-23.156577399244146],[-53.765862082569015,-23.156790765198178],[-53.765075276502785,-23.157678387963774],[-53.76456995194167,-23.15791157227775],[-53.76464159283512,-23.15812407218467],[-53.76479446858974,-23.15824838816912],[-53.76507477558039,-23.158198810343283],[-53.76585329978991,-23.157418964130418],[-53.76664547660738,-23.15782770150362],[-53.76707137934062,-23.1578938052714],[-53.767518672448716,-23.15784895787968],[-53.76780682692338,-23.1577208233738],[-53.767790756038494,-23.157089027153447],[-53.768480351686826,-23.157010126932374],[-53.76905718584043,-23.157573083647407],[-53.7697316315095,-23.156803558054307],[-53.7704071167949,-23.15672955464169],[-53.77056141167974,-23.156386562206585],[-53.7700511633305,-23.155872743548866],[-53.77030299598641,-23.15559022782329],[-53.7708878053279,-23.155396390647486],[-53.7711733760504,-23.155604391246257],[-53.77117792482136,-23.156232313187278],[-53.772460137725155,-23.156018111763057],[-53.772575187095185,-23.156304763470644],[-53.77249047095842,-23.156609722677157],[-53.77257450630839,-23.156643832163684],[-53.77362052846456,-23.15634005916297],[-53.77441940343266,-23.156390896938884],[-53.77447272783411,-23.15628753785609],[-53.77394985030526,-23.15576296240733],[-53.774119480429654,-23.155528019918687],[-53.77443663804036,-23.1554110100267],[-53.77554095065426,-23.15553890171556],[-53.77504941809605,-23.15506117465011],[-53.775503984021555,-23.153886729305732],[-53.77571166715962,-23.153670835357392],[-53.77598717087118,-23.153625654317082],[-53.77593426375518,-23.153529705648058],[-53.775219103978365,-23.153196928611997],[-53.775296796409975,-23.152962123719654],[-53.775767311811876,-23.152868486308268],[-53.77636646623938,-23.152647769295776],[-53.776638900564706,-23.152381166174433],[-53.77695997202506,-23.15149715328766],[-53.77751201456778,-23.151707938187478],[-53.77762886258188,-23.151577594047406],[-53.77773971121866,-23.15106937816592],[-53.77758659174776,-23.15092948412503],[-53.77677794654494,-23.15102521246025],[-53.77661890323975,-23.150700692999248],[-53.777777380221835,-23.150138723739783],[-53.77796220619075,-23.149945418962627],[-53.77807048456515,-23.149736484867535],[-53.777769456295346,-23.1491085908055],[-53.77909873521844,-23.148979472441397],[-53.77885211143575,-23.148088971845333],[-53.77919386010854,-23.14801554399886],[-53.77976334230436,-23.14825945452698],[-53.780557119015725,-23.148399440298654],[-53.7806889011718,-23.14828792706295],[-53.78070321298287,-23.148130489946897],[-53.78064915383533,-23.14755110351732],[-53.780941500949496,-23.147084709708317],[-53.78169115961931,-23.145637263465765],[-53.78183810884161,-23.14458491727696],[-53.78256643199512,-23.144546646627287],[-53.7828387673951,-23.144841807719995],[-53.78299664338033,-23.145301730906986],[-53.78315953218657,-23.145302024085957],[-53.78336190752589,-23.145216610974632],[-53.78371241379682,-23.144935155549813],[-53.783647709374236,-23.144828155112044],[-53.78297358925972,-23.14467480271683],[-53.78320298652858,-23.144139659334588],[-53.78349894442073,-23.144039478456016],[-53.78398302249843,-23.144371676328642],[-53.78404984302574,-23.14425109253062],[-53.783609690534774,-23.143654010141294],[-53.78300298989598,-23.1433798356278],[-53.78294086832631,-23.143014346651594],[-53.78320278957705,-23.14299537365448],[-53.78366664010331,-23.143261861662396],[-53.78382439467998,-23.14319858446398],[-53.784215966693466,-23.141885632732663],[-53.78474758293453,-23.141826100311206],[-53.784823739324,-23.141308678969267],[-53.78565232339593,-23.140904882471272],[-53.78641242319475,-23.141095380464265],[-53.78624450537956,-23.140556457231664],[-53.786472496108786,-23.140422664191554],[-53.78692954326374,-23.140745630523334],[-53.78731118136585,-23.140162975058068],[-53.78848999831473,-23.13936685471348],[-53.788500323431094,-23.138764378190444],[-53.78886829813336,-23.13844886993634],[-53.789036525315346,-23.13790052090931],[-53.78862726453656,-23.137980015582244],[-53.788469387652015,-23.13722194735195],[-53.787861402781466,-23.13674894532458],[-53.78857908245856,-23.136576049761903],[-53.788746115340864,-23.13643977729089],[-53.7887648725008,-23.136206561500668],[-53.788114038532,-23.135126234705034],[-53.7882263134935,-23.13487153321174],[-53.78888846363162,-23.134388026203435],[-53.78905122473418,-23.134187950430597],[-53.78921436535058,-23.133714186677484],[-53.78949627583245,-23.133675688499245],[-53.79009705713344,-23.133940991200856],[-53.79033486935862,-23.13381652323102],[-53.79062133940323,-23.133517601173427],[-53.79067718370504,-23.132734349227942],[-53.79105842700477,-23.13238005231463],[-53.791568231988265,-23.13237294497256],[-53.791921381366535,-23.131903033915005],[-53.792195968668864,-23.13184829218209],[-53.792471138732026,-23.132203624215023],[-53.79258962441162,-23.132118042031134],[-53.79272291742859,-23.131470434829843],[-53.79351392422819,-23.131304312061506],[-53.79387033005156,-23.13098045270289],[-53.794320255475384,-23.131167135771875],[-53.794603945715494,-23.131622667569154],[-53.794793297972205,-23.131590191251345],[-53.79481955457874,-23.1314295048848],[-53.794103767075114,-23.130942884423746],[-53.79384008225395,-23.13048826633754],[-53.79404163021701,-23.130102367247652],[-53.79427930304729,-23.12988256844299],[-53.79497027375908,-23.129608007220877],[-53.79607250983844,-23.130286867661955],[-53.7961997252371,-23.130671156965455],[-53.795917634890884,-23.13071436399379],[-53.79550128655501,-23.130487278881915],[-53.79540954581387,-23.13077086839805],[-53.795439623639595,-23.131112963309775],[-53.796128432381124,-23.13078889530841],[-53.796424537762164,-23.130889359473493],[-53.79655571647305,-23.131148571066838],[-53.79643743583887,-23.131827703103106],[-53.79658095504698,-23.13231514644398],[-53.79723318026703,-23.132368842265386],[-53.798503316175015,-23.133109553580162],[-53.79843031011068,-23.133504963000696],[-53.79793923260946,-23.133956393889545],[-53.79724541734208,-23.134135653954328],[-53.79727911314052,-23.134322531276883],[-53.79791654451281,-23.134928584403582],[-53.7985344875765,-23.134634187734584],[-53.79908795554462,-23.134710898106437],[-53.79970624574662,-23.135090725873262],[-53.80006863026296,-23.135499350831388],[-53.80046251893009,-23.1351458435229],[-53.80110609536996,-23.135422638660913],[-53.798982442585555,-23.13211436290469],[-53.79135627437245,-23.119291951479727],[-53.784435629700454,-23.10907062852436],[-53.782168759880335,-23.092224962330175],[-53.78544123092797,-23.08134017622632],[-53.78227290497057,-23.068293866887032],[-53.78109432993932,-23.061339475155428],[-53.77958627388739,-23.05796487080098],[-53.77852755510253,-23.057983497559146],[-53.7704670979781,-23.06425415722218],[-53.75610838369494,-23.036244972646678],[-53.76553568892075,-23.035494410158122],[-53.770889918734724,-23.035436231216433],[-53.77059074306828,-23.034536778768647],[-53.769853783725125,-23.033391609954222],[-53.76954304367649,-23.03286108189278],[-53.76942633505729,-23.031705042972767],[-53.76971199391335,-23.030503671926308],[-53.770454630676625,-23.02939957514973],[-53.771418990793734,-23.028014031941517],[-53.77158563786685,-23.026556329830278],[-53.77144962080325,-23.025467627648457],[-53.77187898862439,-23.024215881976932],[-53.77173567626028,-23.022251898426003],[-53.77115920453355,-23.02110051079963],[-53.771231556790895,-23.019196995864377],[-53.77212166977921,-23.015788127340006],[-53.772498429059226,-23.014329718361576],[-53.77231489002014,-23.0132843823882],[-53.77329032798622,-23.010839849699163]]]},"properties":{"OBJECTID":10,"NOME_UC":"Parque Natural Municipal de Naviraí","complement":null,"nome":"Parque Natural Municipal de Naviraí","Shape__Area":0.000373594018073264,"Shape__Length":0.642337356691613}},{"type":"Feature","id":11,"geometry":{"type":"Polygon","coordinates":[[[-52.54475960647062,-20.316323203337642],[-52.552092177511895,-20.303575217107326],[-52.55532973417979,-20.29773680849186],[-52.556443223475874,-20.29633586439361],[-52.55850570707269,-20.294435509676017],[-52.562715600844285,-20.29047032592989],[-52.56787256346797,-20.285841965919253],[-52.5736271201954,-20.28030801648716],[-52.57618898023719,-20.2770200573152],[-52.578993078067924,-20.27251318671976],[-52.58117595480638,-20.269206983001375],[-52.58365107253894,-20.263507921639054],[-52.58992786198121,-20.25807316832789],[-52.598423149408745,-20.25291677497526],[-52.60281812006008,-20.24929138477574],[-52.60942865510833,-20.245645579066395],[-52.61415203298987,-20.24321200101932],[-52.622357049837944,-20.24074614000874],[-52.6257269822143,-20.239443356911707],[-52.633936201594395,-20.236269400299054],[-52.63499330969348,-20.235635223573183],[-52.63609208967808,-20.235067654235266],[-52.636713820686175,-20.2347841942217],[-52.63713117356474,-20.234455342726427],[-52.63749761672153,-20.23417377578554],[-52.63876962052154,-20.233220778602636],[-52.6388679910649,-20.233147571089948],[-52.63903442949521,-20.23302592699152],[-52.640730874630094,-20.231800061110537],[-52.64157527867604,-20.231223598376914],[-52.642632320225346,-20.230589379382828],[-52.64373103545881,-20.230021765978357],[-52.64486672092238,-20.229523188131203],[-52.64603451667955,-20.229095779033614],[-52.64722941980182,-20.228741369705123],[-52.64844631854272,-20.228461475503366],[-52.64967999953233,-20.228257296123918],[-52.65092518554878,-20.228129704808644],[-52.6521765445118,-20.228079245647343],[-52.653428720958686,-20.228106138074466],[-52.65467635223184,-20.228210264278925],[-52.65591409905636,-20.228391178197004],[-52.660403226028,-20.22910518234487],[-52.663465779122305,-20.230075695623466],[-52.66756778392607,-20.231872876518572],[-52.67156197170754,-20.23402138476557],[-52.676226455686276,-20.236944286635968],[-52.68405332020444,-20.241554685386703],[-52.69245978069421,-20.246229569125564],[-52.693570478494735,-20.24677616177661],[-52.694640928036335,-20.24739013523275],[-52.69566654547464,-20.24806886167479],[-52.69664294031941,-20.248809436292632],[-52.69756593252174,-20.249608686278],[-52.69843156866193,-20.250463193307812],[-52.69923614443246,-20.25136929534278],[-52.69997621093336,-20.252323116304787],[-52.70064860165155,-20.253320571473193],[-52.70125043605873,-20.254357389967577],[-52.701779134899084,-20.255429133633545],[-52.70223243367986,-20.256531214130163],[-52.70260839076457,-20.257658910915968],[-52.702905393668914,-20.258807397329452],[-52.703122168952916,-20.259971754978398],[-52.70325778761679,-20.261146999820017],[-52.70331166689988,-20.262328098348817],[-52.70328357387774,-20.26350999277769],[-52.70326257650663,-20.26373490063092],[-52.703732145821846,-20.2646866819306],[-52.704185490467985,-20.26578875343396],[-52.704561488921456,-20.266916442125773],[-52.704839558398874,-20.26799157623588],[-52.70623138337157,-20.26863142318725],[-52.708498096709775,-20.270112398853755],[-52.70983320593763,-20.271086046269623],[-52.71076314270471,-20.2718977338788],[-52.71098224543425,-20.272123537456874],[-52.711196484629966,-20.272353459929818],[-52.71140577305789,-20.272587406868794],[-52.711610027980385,-20.27282528384521],[-52.711809163961675,-20.273066992832952],[-52.71200310186157,-20.2733124376044],[-52.71219176164038,-20.273561518334834],[-52.71237506865447,-20.27381413340101],[-52.71255294646119,-20.274070180280095],[-52.7127253240144,-20.27432955644934],[-52.71289213116682,-20.27459215488948],[-52.71305330046937,-20.274857869480606],[-52.713357917933536,-20.275397199206875],[-52.713506707168676,-20.275681187122544],[-52.71364919215637,-20.275968039379006],[-52.71378531174263,-20.276257630071033],[-52.71391500657228,-20.276549835092283],[-52.71403821998775,-20.27684452763826],[-52.71415489892939,-20.27714157820666],[-52.714264992135554,-20.277440858194463],[-52.71436845284171,-20.277742238099254],[-52.71446523518233,-20.278045587519287],[-52.71455529688933,-20.27835077335494],[-52.71463859929191,-20.278657664305165],[-52.71471510551759,-20.278966126371078],[-52.714784783191135,-20.279276026452848],[-52.714847601735414,-20.27958722875295],[-52.714903533271354,-20.279899598373074],[-52.71495298699062,-20.280215981667553],[-52.71499537563602,-20.28053327687458],[-52.71503068122087,-20.2808513428006],[-52.71505888755752,-20.28117003915133],[-52.71507998115617,-20.281489224733257],[-52.71509395482206,-20.281808759252197],[-52.71510080046153,-20.282128499715814],[-52.71510051627576,-20.282448304930607],[-52.71494201076508,-20.28427908989332],[-52.7146813323775,-20.28572484271245],[-52.71458692514642,-20.286091534082217],[-52.714485228910064,-20.286456487062402],[-52.71437627874218,-20.28681957125136],[-52.71426011421278,-20.28718065804613],[-52.71413677579153,-20.2875396215415],[-52.71400630664568,-20.28789633403374],[-52.713868753540105,-20.288250669617796],[-52.71372416503817,-20.288602502388674],[-52.71357259150187,-20.28895170823986],[-52.71341408599118,-20.28929816396421],[-52.71324870696213,-20.289641747253942],[-52.713076510172755,-20.289982336700636],[-52.712897557676115,-20.290319811794966],[-52.712711912424766,-20.29065405382663],[-52.712519639169955,-20.29098494318564],[-52.712320808058735,-20.29131236385959],[-52.712115487439746,-20.29163619983582],[-52.71190375015789,-20.291956337799782],[-52.71168567085698,-20.292272662638368],[-52.71146132777801,-20.292585063734744],[-52.7112307982627,-20.29289343137184],[-52.70437462239079,-20.30151306715914],[-52.700953611220086,-20.307222786387197],[-52.70054618415901,-20.309249499449457],[-52.7008279120784,-20.309714688166952],[-52.70184447424298,-20.31145254258534],[-52.702164834339555,-20.312024148979816],[-52.70269376700373,-20.313095868364133],[-52.70314727262843,-20.314197926377656],[-52.70332560639156,-20.31470070226011],[-52.703625106713275,-20.31523652822767],[-52.704154061860436,-20.31630824131676],[-52.704607589068935,-20.317410294833625],[-52.7049358874811,-20.318379000474888],[-52.705071134725074,-20.31882055410963],[-52.70518750429977,-20.319031126769474],[-52.70546382369645,-20.319539246423464],[-52.70587291450329,-20.320132048039948],[-52.706033522628836,-20.32029913308291],[-52.70617724598305,-20.320452277734752],[-52.707042591642164,-20.32138492056197],[-52.70770388652511,-20.322137804200615],[-52.70844437300934,-20.323091554116246],[-52.709117157630594,-20.324088942734765],[-52.70971935716244,-20.32512570097449],[-52.71024839145008,-20.326197388882573],[-52.71070199510092,-20.327299419916447],[-52.71107822378093,-20.328427073534726],[-52.711375465005624,-20.329575523076052],[-52.71143248562067,-20.329841940936973],[-52.71158959808144,-20.330248430904494],[-52.71196584204995,-20.3313760809255],[-52.71226309676433,-20.332524527768687],[-52.71247560746315,-20.33365930941357],[-52.71278285184701,-20.335672909461195],[-52.71278733226944,-20.33570245129106],[-52.712923135294375,-20.336877668253713],[-52.71297716116703,-20.338058746997486],[-52.712949174264914,-20.339240629735194],[-52.71283929419792,-20.340418255082163],[-52.712647989513016,-20.34158657964072],[-52.71237607679444,-20.342740602280728],[-52.712179010153136,-20.343410503675585],[-52.712127196612755,-20.34408106966943],[-52.71200796989183,-20.345772604505747],[-52.71191124240988,-20.346746062164748],[-52.71171992693298,-20.34791438672326],[-52.711447999825225,-20.34906840846395],[-52.711129167676916,-20.350108708233932],[-52.71016253317424,-20.352941430586064],[-52.71012998940745,-20.353035906165605],[-52.70970065665995,-20.354146576986402],[-52.70944801371479,-20.354711268493745],[-52.70878415036822,-20.35612751095931],[-52.70770239365049,-20.358488662105497],[-52.70738511642992,-20.35914487491946],[-52.706805701222095,-20.360193184051536],[-52.70665737064105,-20.36043693000357],[-52.70664790887383,-20.36046421453517],[-52.70621853385819,-20.361574879060726],[-52.705713045620534,-20.36265667984515],[-52.70513360703029,-20.363704984480737],[-52.70509907756031,-20.36376014709637],[-52.70518879122971,-20.36378354385866],[-52.707047767240624,-20.364303135264745],[-52.707310629182075,-20.364380498544346],[-52.70789949716402,-20.364582959319318],[-52.708473065879225,-20.364821304842625],[-52.70902887748064,-20.365094515282856],[-52.70956455326143,-20.36540142062232],[-52.70990986684683,-20.365624450691005],[-52.71107756997384,-20.366414525792965],[-52.71280809761555,-20.367047697976094],[-52.71291671413502,-20.367088158474935],[-52.71349029813871,-20.36732648691105],[-52.71404612682722,-20.36759967936484],[-52.71458182059451,-20.36790656851644],[-52.71509508526992,-20.368245837758394],[-52.71558372380974,-20.368616036483985],[-52.71604564439093,-20.369015578289478],[-52.71647886670627,-20.369442752664042],[-52.716881537253016,-20.369895732185444],[-52.717251932930196,-20.37037257521727],[-52.71758846553519,-20.37087124119793],[-52.717889693454474,-20.37138959423744],[-52.7181543288591,-20.371925416607727],[-52.71838123680459,-20.37247641144022],[-52.71856944602302,-20.37304022251126],[-52.718718149822735,-20.373614432443112],[-52.71882671058415,-20.374196584287976],[-52.718894662458574,-20.374784185125048],[-52.71892171586444,-20.375374718651273],[-52.71890775299039,-20.375965655973243],[-52.71885283409097,-20.376554468197117],[-52.71875719388936,-20.377138631825314],[-52.71862123977837,-20.377715645843324],[-52.71844555631725,-20.37828304071269],[-52.71823089264154,-20.37883838376722],[-52.71797816965676,-20.3793792998976],[-52.717688468348115,-20.379903471550875],[-52.717363028880584,-20.380408653119687],[-52.71700324430424,-20.380892682633938],[-52.71661065605689,-20.381353486257165],[-52.7161869440721,-20.38178909177592],[-52.71573392318197,-20.38219763129839],[-52.71525353322386,-20.382577356542544],[-52.71474783184692,-20.38292664243341],[-52.71421898461841,-20.383243990700358],[-52.713669255132,-20.38352804336716],[-52.713100997812774,-20.383777584550593],[-52.71251664802486,-20.38399154495662],[-52.711918705883534,-20.384169007276665],[-52.71130973535594,-20.384309213382124],[-52.710692341777985,-20.384411561626933],[-52.7100691700561,-20.384475612242483],[-52.70944288937778,-20.38450109273399],[-52.708816182420776,-20.384487893384204],[-52.7081917327622,-20.384436071750006],[-52.70757221588502,-20.38434584816505],[-52.70696028388994,-20.38421760843867],[-52.706358556502096,-20.384051903855013],[-52.705878241187804,-20.38388990807554],[-52.70301519279684,-20.382842363367168],[-52.702906566384854,-20.382801896573092],[-52.702332936515745,-20.382563537560053],[-52.7017770700557,-20.382290310032626],[-52.7012413466108,-20.381983384008812],[-52.70089600604575,-20.381760338651514],[-52.7001158010034,-20.381232441107095],[-52.69929930112175,-20.3811047634569],[-52.69685913284269,-20.381128519048787],[-52.69623243757684,-20.381115273833696],[-52.69560800140812,-20.38106340543464],[-52.694988501618006,-20.380973135084957],[-52.69437659030728,-20.380844850392403],[-52.69382498123787,-20.38069445137069],[-52.69378348292133,-20.38068185366746],[-52.69344173874521,-20.381082862267128],[-52.69335784998469,-20.38117433770839],[-52.692230568685666,-20.382395247425528],[-52.691466883289934,-20.383174873304547],[-52.69056069132278,-20.383991833638994],[-52.68959976481722,-20.384751154624812],[-52.68959353161614,-20.384755458780173],[-52.69146895982459,-20.386079165503748],[-52.691481621379694,-20.386088117355467],[-52.69197026801334,-20.386458380832295],[-52.69220807034611,-20.386657540195948],[-52.69451115406645,-20.388651791329764],[-52.694735278610096,-20.388852233126592],[-52.69516850632141,-20.389279460561248],[-52.69557117506963,-20.389732487746755],[-52.69594156085424,-20.390209376644],[-52.696278076372096,-20.39070808489275],[-52.69657928090902,-20.391226475703807],[-52.69684388393796,-20.391762332248348],[-52.697070753212586,-20.392313356758564],[-52.69708806246405,-20.392360266295782],[-52.697333175385666,-20.393030451876417],[-52.69747087328216,-20.393241860006388],[-52.69792476471599,-20.393661070884235],[-52.698358014910355,-20.39408828842626],[-52.69876070614157,-20.39454130751784],[-52.69913111351002,-20.395018188321213],[-52.69946765061155,-20.395516887576758],[-52.69976887583289,-20.396035272092615],[-52.700033499546294,-20.39657112144256],[-52.700260387706635,-20.39712214055679],[-52.70044856904616,-20.39768597141282],[-52.700597237772286,-20.398260199331062],[-52.70070575626556,-20.3988423637664],[-52.700773658677356,-20.399429975395424],[-52.70080065452646,-20.400020514317625],[-52.70078662780054,-20.40061145433745],[-52.700731639653384,-20.401200263863373],[-52.700635921210676,-20.401784422095712],[-52.70049988526148,-20.402361426221194],[-52.70032411276753,-20.402928808500025],[-52.70010935556223,-20.403484135366806],[-52.69985653365199,-20.40402503081281],[-52.6995667289213,-20.404549178184176],[-52.69924118243455,-20.40505433277351],[-52.698881287241534,-20.405538331710897],[-52.69848858478031,-20.405999102059138],[-52.69806475768234,-20.40643466980633],[-52.69761161808168,-20.406843169758677],[-52.69713110761444,-20.407222852734684],[-52.696625284829,-20.40757209365929],[-52.69609631619193,-20.407889395161664],[-52.69554646529707,-20.408173398365815],[-52.69497808656934,-20.408422888287706],[-52.69439361717166,-20.408636794734374],[-52.693795556319806,-20.408814203994474],[-52.69318646798109,-20.40895435344274],[-52.692568961088625,-20.409056645030308],[-52.69194567785064,-20.4091206380891],[-52.6913192901531,-20.409146061024025],[-52.69069247977404,-20.409132803218355],[-52.69006793119002,-20.40908092312825],[-52.68944831898472,-20.408990641986673],[-52.68883629795664,-20.408862344703486],[-52.68823448783132,-20.40869658346258],[-52.68764546786395,-20.40849406692979],[-52.68707175885453,-20.40825566295064],[-52.68651581954941,-20.407982392255708],[-52.685980029554685,-20.407675424863122],[-52.685466683940206,-20.407336075581586],[-52.68497798154857,-20.40696579861489],[-52.684516014202586,-20.406566178568518],[-52.683219607299,-20.405368733962135],[-52.68278636160119,-20.404941478648574],[-52.6823836847592,-20.4044884217855],[-52.68201330077312,-20.40401150500924],[-52.68175996175279,-20.403642912472723],[-52.6804548512103,-20.401638880312415],[-52.68037168910206,-20.401508735821828],[-52.6800705142428,-20.40099031443379],[-52.67980594808592,-20.400454430909605],[-52.67980017174045,-20.40044162726159],[-52.67960178759233,-20.400269833368355],[-52.67754398766481,-20.398817342828536],[-52.677531326109715,-20.39880838917811],[-52.67717220253502,-20.398541141243037],[-52.675302708053486,-20.397080259129034],[-52.67517317779988,-20.396977202218572],[-52.674711265312574,-20.396577552494428],[-52.67427806727886,-20.39615027199991],[-52.674170016433095,-20.396028681860592],[-52.67361479208887,-20.396467301906924],[-52.67343864907434,-20.396588888448903],[-52.67330516540096,-20.3967652392069],[-52.67251963727131,-20.397686671085392],[-52.6721969155551,-20.39803184527588],[-52.67050482763562,-20.399795817805096],[-52.669979765653636,-20.400321655002724],[-52.66907335784913,-20.401138516411617],[-52.668112217304895,-20.40189773307621],[-52.66710045841932,-20.402596050349732],[-52.66611614954064,-20.40318918741339],[-52.66502605700691,-20.403802755275198],[-52.66107718516394,-20.406418201421094],[-52.66086864497192,-20.40655438395986],[-52.65981054671925,-20.407188778321686],[-52.65871069564201,-20.407756564396106],[-52.65847511283613,-20.4078669867542],[-52.65549514628395,-20.409239753294152],[-52.65504131240652,-20.409441914594854],[-52.653021577184006,-20.410311266733697],[-52.65289403443211,-20.410399964169137],[-52.65207743832303,-20.410967844672374],[-52.65150812070316,-20.41134885594697],[-52.65130669324924,-20.41147676652166],[-52.64870628646583,-20.413105536773163],[-52.648502788772646,-20.41324122288619],[-52.647678018725514,-20.413979754244252],[-52.646716689323746,-20.414738863889458],[-52.645704745177795,-20.415437067848405],[-52.64568818596092,-20.415447714922028],[-52.64451989018073,-20.416198021103725],[-52.64448162672568,-20.416229572918414],[-52.64376654159259,-20.417023336139962],[-52.64235689295617,-20.418692770137078],[-52.64131081234393,-20.420035403992518],[-52.64118511859829,-20.42019488436829],[-52.64039928020259,-20.42111618944235],[-52.639551196130746,-20.421987069529393],[-52.638644497845235,-20.422803789744915],[-52.637683068618685,-20.423562856222556],[-52.636671024648024,-20.424261014316134],[-52.63561269976623,-20.424895275578177],[-52.634512628355026,-20.425462922257704],[-52.633375520164066,-20.425961522587855],[-52.632206245022076,-20.42638894157802],[-52.63100981485104,-20.426743347309348],[-52.62979134949114,-20.427023222625323],[-52.62855607310422,-20.42722736693115],[-52.62730927370393,-20.427354907884407],[-52.626056292363955,-20.42740529779796],[-52.624802497137466,-20.427378319935183],[-52.62355325967508,-20.427274091208044],[-52.62231393094311,-20.427093057680153],[-52.621089817840755,-20.426835993667847],[-52.619886166113645,-20.426504000840684],[-52.61870812977629,-20.426098501026676],[-52.61756075762281,-20.425621231716235],[-52.61644896175011,-20.42507423616881],[-52.615377504967796,-20.42445985891714],[-52.614350976516334,-20.423780730478093],[-52.61337377318103,-20.42303975925924],[-52.612450079507546,-20.42224012076678],[-52.611583852512695,-20.421385236920926],[-52.61077879920219,-20.420478773358457],[-52.61003836847584,-20.41952460975478],[-52.60936572954472,-20.41852683352838],[-52.60876376293726,-20.417489718257855],[-52.608235045211075,-20.416417705694553],[-52.60778183906052,-20.415315386877527],[-52.60740608432326,-20.41418748414704],[-52.60734390609633,-20.41394676531295],[-52.588984718669735,-20.408388872330708],[-52.570010499285,-20.403078609472526],[-52.56870051171921,-20.402272156816856],[-52.56703266142807,-20.40040518583297],[-52.55737103874236,-20.388954408701608],[-52.55403266717383,-20.38489291655761],[-52.551572797446624,-20.381887269864453],[-52.549806348184404,-20.37879359842867],[-52.54520480056101,-20.369833571045593],[-52.53856055352668,-20.35606365279869],[-52.53607881318657,-20.350766791637756],[-52.53536457881222,-20.34872741252367],[-52.53365816199448,-20.342850898733772],[-52.53346771346412,-20.341134214356238],[-52.53412373742043,-20.33728260868936],[-52.534619978828914,-20.334823456621233],[-52.53495402840565,-20.333511298091985],[-52.537421842743754,-20.328661843353533],[-52.54475960647062,-20.316323203337642]],[[-52.600206720863355,-20.38329991863907],[-52.60048253663973,-20.383306213893427],[-52.60072280761136,-20.383547148564833],[-52.601208187008126,-20.384568803590096],[-52.60155722468613,-20.385070135161367],[-52.60179604145407,-20.385565910720917],[-52.602598659400485,-20.3862755171841],[-52.603037429633616,-20.3866547891698],[-52.60316800220148,-20.387319076097196],[-52.60345600469083,-20.387374767514196],[-52.603476161195715,-20.38775260238333],[-52.603278579242954,-20.388154517499615],[-52.60359029145871,-20.388702611119275],[-52.60377149945509,-20.388946098066555],[-52.60394074916621,-20.389709876991798],[-52.60441972808786,-20.390203285535787],[-52.60446745061234,-20.390709694679273],[-52.60470946626879,-20.39126274446263],[-52.6045449712733,-20.39199370352908],[-52.604631131721305,-20.39249530489695],[-52.60463236828907,-20.393073768622045],[-52.60470976664237,-20.393572948115516],[-52.605439016996975,-20.39357634305631],[-52.60571580134308,-20.39335903807168],[-52.60624702188249,-20.393356836531243],[-52.60667560279677,-20.393843655742582],[-52.60751474311081,-20.39373766164632],[-52.607593564191575,-20.3935980077243],[-52.6082113228942,-20.393941448921183],[-52.608522270686144,-20.39429290397681],[-52.60850543717612,-20.394603164686824],[-52.60890434585872,-20.394834266170893],[-52.60926847955665,-20.39496229905337],[-52.60969840675603,-20.395070065713462],[-52.609802743401815,-20.395324590040314],[-52.610116077994576,-20.39556401295133],[-52.610296801256254,-20.395828201392845],[-52.61072939584489,-20.39595358397312],[-52.610595323115604,-20.396284078529757],[-52.6108410691599,-20.39664173171299],[-52.6112657515132,-20.39669056310141],[-52.611391932691504,-20.39702390131447],[-52.61185925550012,-20.397401853994708],[-52.61228890930562,-20.39735268536048],[-52.612632363092985,-20.3976471099085],[-52.61286074143003,-20.397763291525095],[-52.61341783096811,-20.397987091413576],[-52.61399805556579,-20.397886596671444],[-52.61458476967135,-20.398042989674682],[-52.614830291784415,-20.398256653304337],[-52.61498109819905,-20.398681216047702],[-52.61512699611387,-20.39971476640566],[-52.615185497013044,-20.40028163067504],[-52.615357302597374,-20.40059153345489],[-52.615446009925336,-20.4009373920293],[-52.61571214629845,-20.401126165122726],[-52.61610184412473,-20.401438843210318],[-52.61638483379295,-20.401729330526393],[-52.61655076500574,-20.401749032873848],[-52.616693200530676,-20.40210751613123],[-52.61880534738884,-20.40336951767138],[-52.61969319138757,-20.403987971549945],[-52.6207038090335,-20.40427600911282],[-52.62098139647418,-20.404947126391015],[-52.62279003383292,-20.40589198920617],[-52.62321166928302,-20.406624945666906],[-52.623941208320055,-20.40667422941429],[-52.624832703566376,-20.407369127465383],[-52.62521512767597,-20.406701321490953],[-52.625874669780096,-20.406624885412366],[-52.62631755710953,-20.406043331616665],[-52.627017026414485,-20.40546913067807],[-52.62788542976875,-20.40514379193465],[-52.627984220295446,-20.40460444152403],[-52.62858027745773,-20.404084912171175],[-52.628899731037684,-20.403438180010205],[-52.62941327810029,-20.403146064921216],[-52.62985827254119,-20.4026310735475],[-52.63024528768983,-20.402729861376283],[-52.63079087939553,-20.402255409641768],[-52.631436067420516,-20.401599528677647],[-52.63209438644662,-20.40109399457454],[-52.63281062900728,-20.400805120642147],[-52.63358785999162,-20.400493011825326],[-52.634286240217705,-20.399516698819006],[-52.63464249585445,-20.398981050017767],[-52.63541862696803,-20.3987630300722],[-52.635882544943456,-20.397890246120344],[-52.63664834644396,-20.397444238143503],[-52.637516915273295,-20.39700365217919],[-52.638061537509834,-20.396483671366813],[-52.6385477955443,-20.39565639850643],[-52.63940125486397,-20.39550553633391],[-52.639922198850236,-20.395103276777306],[-52.640481452157246,-20.394956350937367],[-52.64152580786964,-20.394608153226105],[-52.642042336184836,-20.39425982061676],[-52.64300029582682,-20.39395310863155],[-52.6432647019044,-20.39382985564585],[-52.643686653915836,-20.393633162223146],[-52.644453292685284,-20.39307480374167],[-52.64509679448139,-20.39266369395681],[-52.64534997342241,-20.392130329433726],[-52.64608948953821,-20.3922515022876],[-52.646738265858176,-20.39183042441705],[-52.64740402407642,-20.391560478515785],[-52.64776710916465,-20.39115180679303],[-52.64852943208757,-20.39093882754734],[-52.6494265031306,-20.390828997842544],[-52.65013668695844,-20.390386658200335],[-52.65085181705769,-20.389802835415097],[-52.65160401541294,-20.38935183260362],[-52.6527251264634,-20.388942882990268],[-52.65343080288915,-20.388788133048457],[-52.65382066888873,-20.388305193512554],[-52.6548378560821,-20.387844213622195],[-52.655667392535975,-20.387185304640713],[-52.65648427552885,-20.386593433822586],[-52.65700404410131,-20.38525256713489],[-52.65825387421688,-20.383744383379383],[-52.65896135827995,-20.381890356337724],[-52.65999786560889,-20.38176131261734],[-52.661212985490856,-20.381161807454294],[-52.66239117021627,-20.37982995467152],[-52.662946192212985,-20.37899864205661],[-52.66394767364619,-20.37826241656018],[-52.664904355351666,-20.37784550704739],[-52.66624701798543,-20.377528211840424],[-52.66693327265238,-20.376908413475455],[-52.66771378886017,-20.37656901742917],[-52.66843564588828,-20.375947855691855],[-52.669677270589546,-20.37585476506827],[-52.67036846703105,-20.375055512384996],[-52.671014489626934,-20.374505737033065],[-52.67185516508374,-20.373509008516933],[-52.672861776249874,-20.37286117558582],[-52.67398887498655,-20.37206710569545],[-52.674308176581015,-20.371075723648822],[-52.674909723205076,-20.371212414304598],[-52.67598870641365,-20.370564332261193],[-52.67677640910392,-20.36981584810603],[-52.67681359696985,-20.369443855232813],[-52.67711314225767,-20.368997533392548],[-52.67778625782944,-20.368310752622246],[-52.677715306715925,-20.367573037848555],[-52.67757968085755,-20.36617574949443],[-52.67815724705929,-20.365727478823302],[-52.6788924131543,-20.365604841873154],[-52.67906836371395,-20.364838687838418],[-52.67915018493307,-20.364117753514815],[-52.67984172761363,-20.36356297883172],[-52.680192786967375,-20.363279008902374],[-52.68047916887844,-20.362810900086217],[-52.68092252835186,-20.362519832707452],[-52.68131561392437,-20.361898157457315],[-52.68212969732763,-20.361711424026318],[-52.68281821648748,-20.361067877264055],[-52.682951056246225,-20.36085054889702],[-52.68315102679833,-20.35968498525712],[-52.683433738576134,-20.359262771543087],[-52.68417194617831,-20.358826837771726],[-52.68459527235376,-20.358032201308454],[-52.685502019202715,-20.3571546167756],[-52.685718372704684,-20.356296286727666],[-52.68569280857622,-20.355022424029087],[-52.68637253416506,-20.353842818374915],[-52.68624966968639,-20.352966633187144],[-52.68688221953863,-20.35227826061678],[-52.68704934415189,-20.35168793393455],[-52.687854107880696,-20.350777369463646],[-52.688197170462956,-20.350378574095455],[-52.6885839607811,-20.35014262886287],[-52.688681883462095,-20.34945507917223],[-52.68910105117254,-20.34893914620829],[-52.68946114061912,-20.348557513501998],[-52.68968460595977,-20.348190044218846],[-52.689957387423476,-20.347589300689357],[-52.69019584716051,-20.346985016528937],[-52.69023609452012,-20.34654612668601],[-52.690606625095654,-20.34618804452636],[-52.69082544273994,-20.345840371119966],[-52.6910643980035,-20.3454268925207],[-52.69155757991825,-20.344689643595864],[-52.691517563684556,-20.343720573729254],[-52.691481733794944,-20.342605800201277],[-52.69159899909437,-20.341326095506727],[-52.69117993390677,-20.34027772701938],[-52.691172477627674,-20.339126547136242],[-52.69146374465606,-20.33744976118141],[-52.69163303753459,-20.33571487182785],[-52.6914309580722,-20.33523448636641],[-52.69102986583562,-20.335024902061555],[-52.69104373068354,-20.33469673584968],[-52.6910238943372,-20.33345385119832],[-52.69118697829634,-20.332350789541316],[-52.691471101110324,-20.33182290458738],[-52.6915282107583,-20.330977914183507],[-52.691384215808796,-20.330631585263582],[-52.69088782421369,-20.330495362255256],[-52.6903284503976,-20.330321497223345],[-52.69020460835594,-20.329907218227643],[-52.68960685866954,-20.329359719059862],[-52.689274473737896,-20.328799730107608],[-52.688188846338164,-20.32790388304194],[-52.68771727243415,-20.32771839157461],[-52.68725291469019,-20.327017041787244],[-52.68719950755121,-20.32668812104418],[-52.686751105578935,-20.326171787881893],[-52.68681391333138,-20.325072843321244],[-52.68639722235389,-20.324626714835272],[-52.68535850359194,-20.323474001608204],[-52.684321623943674,-20.32232298360315],[-52.68396747092203,-20.321121084654653],[-52.68269536100206,-20.32048687285524],[-52.68254728313059,-20.319817404034325],[-52.682356748265256,-20.31903429598038],[-52.682086283455135,-20.31838512935454],[-52.6819898617427,-20.317161600811637],[-52.68090498437749,-20.31639026308462],[-52.679311910915885,-20.316239117625656],[-52.678186300557286,-20.315975562306825],[-52.67704829394353,-20.315408292443234],[-52.67591849814016,-20.314653740562168],[-52.674936022079635,-20.31460653514797],[-52.6743948226628,-20.31380131546289],[-52.67405999337388,-20.31354213984239],[-52.67347235746331,-20.313103788693404],[-52.67307539131621,-20.312610244351852],[-52.67199211204627,-20.312312120892166],[-52.67090111479456,-20.311575748806284],[-52.67001246140591,-20.31083986235437],[-52.668676522103794,-20.30999766704321],[-52.668166492289735,-20.309888041484456],[-52.667767525151135,-20.30964556627449],[-52.667303215970605,-20.309422891437894],[-52.66737694329123,-20.308904824382786],[-52.66707308575428,-20.308268178118567],[-52.667100131965476,-20.308013791388028],[-52.666768937736265,-20.307795636544093],[-52.666547447306705,-20.307394772735183],[-52.66597016978738,-20.307202771974996],[-52.66568366916596,-20.3068845405738],[-52.66491938662034,-20.306807912939494],[-52.664384558000904,-20.30751862466948],[-52.663750977525524,-20.307861500192754],[-52.66341264807523,-20.307747608250118],[-52.663214747762375,-20.307859219512014],[-52.66255066408178,-20.307614581432464],[-52.6621292516636,-20.307204879086584],[-52.661554945504236,-20.30704138143924],[-52.660986955283704,-20.3068854551843],[-52.66030705432706,-20.30638976416099],[-52.66022488147297,-20.306416054941725],[-52.66001190132806,-20.306612313991796],[-52.659793262648925,-20.30701972126778],[-52.65968495369759,-20.307333090034795],[-52.659149614263185,-20.3081115611842],[-52.65878531419088,-20.308603990366514],[-52.65825820625116,-20.309246318547274],[-52.65787122437746,-20.309513710374098],[-52.65757250736522,-20.30986377957437],[-52.65709197981096,-20.310269898121934],[-52.65671678625063,-20.310415512750296],[-52.6561306603017,-20.310916704027296],[-52.655677433466735,-20.311142477927593],[-52.655348291490384,-20.3113543662955],[-52.65524927793177,-20.311457842290196],[-52.65412640870671,-20.311965722724505],[-52.653129233227446,-20.312307727704027],[-52.651259012992966,-20.3131752937893],[-52.646059323578804,-20.31419678423875],[-52.63677065873884,-20.3159958636027],[-52.62726512598471,-20.317835378284524],[-52.6180302163213,-20.31961816103363],[-52.6086731571404,-20.321434492991795],[-52.608388214144725,-20.321487793111498],[-52.60810587378694,-20.321710458954843],[-52.607423937664464,-20.322215296982666],[-52.60680344682157,-20.322163437576922],[-52.60612412502826,-20.32227647516349],[-52.60547057690553,-20.322503205942535],[-52.604914445145425,-20.32270728729575],[-52.604448377790334,-20.32265946764458],[-52.603653745823685,-20.322811151797545],[-52.60352927425657,-20.32305874145201],[-52.603477904981276,-20.323212938310764],[-52.60336345366039,-20.32380850264457],[-52.60284466355034,-20.32444662829351],[-52.60252657514121,-20.325057464914238],[-52.601866931413724,-20.325417476119892],[-52.60126578229,-20.32592469555238],[-52.600616697502566,-20.32629803920736],[-52.59984865758941,-20.326705008513546],[-52.59955030839996,-20.327162981970197],[-52.59913305174888,-20.32756603382953],[-52.59885567115224,-20.327881408084718],[-52.598354411526714,-20.328345950189547],[-52.598377086133446,-20.32905290904863],[-52.59839125765035,-20.329445021554626],[-52.59848558394248,-20.329926936762803],[-52.598492372924575,-20.33019334113393],[-52.597785734224196,-20.33081637795761],[-52.597247070895435,-20.331162358839887],[-52.59682779436719,-20.331756441090967],[-52.596246671346705,-20.332383348596704],[-52.59584444146771,-20.33298462722275],[-52.5953013885482,-20.333360354081087],[-52.59452982239332,-20.33347404727345],[-52.59402528204106,-20.33370291124435],[-52.59368160881917,-20.333755947862738],[-52.59306321429585,-20.334120693099557],[-52.59212310799495,-20.334529688578208],[-52.59166097877108,-20.334857746871542],[-52.591017577698956,-20.334936029258316],[-52.59031212880159,-20.3352741401734],[-52.58982885831511,-20.335354213110467],[-52.58991499627996,-20.335677224408357],[-52.58989462843425,-20.336284392694473],[-52.58992894656359,-20.336745351001092],[-52.58987181263399,-20.3373340364206],[-52.58949448498248,-20.337885552859852],[-52.589054572610344,-20.338490285781894],[-52.58851353417219,-20.33843962157521],[-52.58826701740884,-20.338658128953384],[-52.587551961953466,-20.338913199168662],[-52.58692473518835,-20.33939567825185],[-52.586112728319684,-20.340166878382604],[-52.58591800980821,-20.340427470435248],[-52.58568486596374,-20.340755776042027],[-52.585303014722165,-20.34115807966552],[-52.58516675394242,-20.341410932152627],[-52.584924205887376,-20.341764986248972],[-52.58473815863908,-20.342036656150473],[-52.584470682276105,-20.34224742666112],[-52.584412277604486,-20.342629865159942],[-52.58431609151438,-20.34295257248702],[-52.584167372426236,-20.343245466388943],[-52.584173582245,-20.343595312557433],[-52.58410681387829,-20.34400770207743],[-52.58427422357647,-20.345216529403018],[-52.58453955865366,-20.345589789420938],[-52.584585340441095,-20.34598797774671],[-52.58500030112293,-20.34691473900772],[-52.58506274285122,-20.34723598853372],[-52.58520352901962,-20.347693812702953],[-52.58551929897641,-20.348043622898533],[-52.585711285347486,-20.348479110606103],[-52.58565449765683,-20.349414009832273],[-52.58543450999463,-20.349832271026045],[-52.58554155090178,-20.350378768349085],[-52.585765607996336,-20.350902395912403],[-52.58584711625133,-20.351336484274896],[-52.58612660935546,-20.35171970248575],[-52.58622908890129,-20.352193366414244],[-52.58618696555595,-20.352561339317933],[-52.58601417881118,-20.353743259827127],[-52.58594352986995,-20.354418917782358],[-52.5856479380019,-20.354879890478095],[-52.58545528883042,-20.355100002246804],[-52.58544466154177,-20.3555330114228],[-52.585362651465175,-20.356016562497693],[-52.58542544033173,-20.356450042918585],[-52.585263833059344,-20.35696566381776],[-52.585055088721276,-20.357591190864202],[-52.584571914462174,-20.35789528762087],[-52.584243402910545,-20.359133066820938],[-52.584331783784705,-20.359624619164116],[-52.58404352768662,-20.36011967976276],[-52.58407237074328,-20.360439942732402],[-52.58428216099287,-20.36077046067145],[-52.58462596461652,-20.361073104123804],[-52.58471592739806,-20.361491323948744],[-52.584721789179184,-20.361916396607764],[-52.58465514132166,-20.362235800724893],[-52.58507296094837,-20.362558448696753],[-52.58571570101867,-20.363055706339022],[-52.58622090956725,-20.3640706308382],[-52.586339437514994,-20.364706572933258],[-52.58613840216549,-20.365038879623853],[-52.58583187364201,-20.365515906117356],[-52.58568853519762,-20.365964638140703],[-52.58595017855782,-20.3661328887051],[-52.58595454656495,-20.36671409446309],[-52.58624832450056,-20.367171410515315],[-52.586532074095885,-20.36771195432635],[-52.586603940719215,-20.367933617425695],[-52.586659236434514,-20.368104170254455],[-52.58706211652344,-20.368134834438234],[-52.5873425503184,-20.36845853551618],[-52.587541393120716,-20.36910021348718],[-52.58797734397922,-20.369613009615755],[-52.58779819992691,-20.369969085388092],[-52.587911030669375,-20.370987959709705],[-52.5877345351206,-20.37155329423224],[-52.587880326915524,-20.372269367720197],[-52.58797188419504,-20.372545967705307],[-52.58818499204369,-20.37305390659557],[-52.588720475369605,-20.373534329828445],[-52.589130972716134,-20.374110020044377],[-52.58955492122255,-20.37473780978512],[-52.58999644517968,-20.37491536293667],[-52.590720613465464,-20.375245094868184],[-52.59132755602178,-20.375298467833012],[-52.59201994496442,-20.375544380251956],[-52.592480646964255,-20.3765033885034],[-52.5927784979292,-20.376871122187413],[-52.59333307566084,-20.377363071131732],[-52.593696347808134,-20.37810804613237],[-52.59376024463944,-20.378545078875227],[-52.59416122266214,-20.378865280691056],[-52.59445795487062,-20.379481238051525],[-52.59482807355664,-20.379763570315305],[-52.594706673174365,-20.37993399723907],[-52.595292241543696,-20.380317984370233],[-52.59552770563903,-20.380580886781342],[-52.5961233347241,-20.381062223725504],[-52.59657749865261,-20.38150197152162],[-52.59679459499449,-20.382176458559538],[-52.59681817971517,-20.38252139083234],[-52.59726120554018,-20.3827339509938],[-52.59733486361296,-20.383136213248406],[-52.59762985563327,-20.38337843035299],[-52.59833270728859,-20.38361632351727],[-52.59918989789543,-20.383816853447772],[-52.59963725035874,-20.38354539218892],[-52.600206720863355,-20.38329991863907]]]},"properties":{"OBJECTID":11,"NOME_UC":"Parque Natural Municipal do Pombo","complement":null,"nome":"Parque Natural Municipal do Pombo","Shape__Area":0.018622842171657064,"Shape__Length":1.0007696003593631}},{"type":"Feature","id":12,"geometry":{"type":"Polygon","coordinates":[[[-54.581934962428534,-20.377528871942705],[-54.608174107648836,-20.38884191520478],[-54.60830421616657,-20.388324135033418],[-54.60809079355511,-20.386651472470167],[-54.6083035632588,-20.386156299456363],[-54.60828605525723,-20.385951622751914],[-54.60862727332994,-20.38606579528282],[-54.60857976574351,-20.387807274868468],[-54.60924697906472,-20.388243838165174],[-54.61046604697037,-20.38730899559631],[-54.610764477998195,-20.38678088581182],[-54.61131198885715,-20.38696407231671],[-54.61091460992128,-20.387667307083177],[-54.61086016316597,-20.38773454039926],[-54.60987228487801,-20.388530862192216],[-54.60987044936172,-20.388651769746033],[-54.609757093415055,-20.38877788617319],[-54.60975621028087,-20.388786073601104],[-54.60973014343131,-20.388925685254804],[-54.60965428381803,-20.388988994828903],[-54.60964851196917,-20.389047125207274],[-54.60965221807538,-20.389064523491598],[-54.60960116716012,-20.389202645867986],[-54.60953764624531,-20.389273150018507],[-54.60950914403173,-20.389303010208344],[-54.609428904720055,-20.38950861321451],[-54.60930936953168,-20.389713072283033],[-54.60922349776615,-20.389981999252424],[-54.60915162214957,-20.390091200331195],[-54.609095594386076,-20.390154601636194],[-54.60903568424931,-20.390323729938753],[-54.608971409702754,-20.39041076632645],[-54.60892349472345,-20.39047033202285],[-54.60892247039567,-20.39047219631742],[-54.608835046400145,-20.390763496620682],[-54.60868932295386,-20.390983543638157],[-54.60862574718033,-20.39120149343679],[-54.60852560946921,-20.391344079148464],[-54.60846776597458,-20.391543694468478],[-54.608350686834626,-20.39171411509684],[-54.60834917057763,-20.391719910328185],[-54.608332694098515,-20.39181880877358],[-54.608283396861225,-20.391930695227988],[-54.60819175324672,-20.39201742854409],[-54.608167384317255,-20.392035669493115],[-54.60815493590155,-20.392117466430474],[-54.60812242271157,-20.39223025940146],[-54.60800420862727,-20.392366782783316],[-54.60799684767636,-20.392385744089324],[-54.607687595106256,-20.39359043723145],[-54.60707476828583,-20.39597694026602],[-54.605664189750534,-20.39763306699483],[-54.60531394518233,-20.398327502794444],[-54.60407445816969,-20.400058657263497],[-54.603572149035415,-20.401356853818076],[-54.60283588396885,-20.40242702187178],[-54.602829569828714,-20.402526213496262],[-54.602862002079576,-20.402685113809273],[-54.60288965803124,-20.402781350261318],[-54.60291373468107,-20.402829134839035],[-54.60303329684905,-20.40299000196923],[-54.60310372545655,-20.40311553383703],[-54.60313015293417,-20.403198948654868],[-54.60325352103308,-20.40375197775382],[-54.60326626532582,-20.404134692344478],[-54.603395640896004,-20.40446053111087],[-54.60339403380749,-20.404773532954476],[-54.60332995531314,-20.40491527510213],[-54.60346403793494,-20.40500451482873],[-54.603579658374485,-20.405098954435427],[-54.6036497533334,-20.405194780796677],[-54.60374228817602,-20.405388451598025],[-54.603724041830965,-20.405554293777826],[-54.6037212278523,-20.405559746367448],[-54.60374324685324,-20.405592612091613],[-54.60387318539916,-20.40574604452656],[-54.60395163056319,-20.405862430289183],[-54.60400727521556,-20.406003227249354],[-54.60402110319121,-20.406105541319853],[-54.60398769877321,-20.406557099013114],[-54.60399946370427,-20.406662120043034],[-54.60402800458871,-20.40684735250555],[-54.60403482954371,-20.406965218552124],[-54.60402832474733,-20.407051341228602],[-54.60399650223667,-20.407180920944967],[-54.603927880367344,-20.407367380981974],[-54.60391610374518,-20.407417878814236],[-54.60391599132987,-20.407452418176693],[-54.6039193610896,-20.407472927215977],[-54.60394708359098,-20.40756678046468],[-54.60403402015379,-20.407812253115157],[-54.60406502338207,-20.40798191561511],[-54.60408462860261,-20.408159674711328],[-54.604100881150714,-20.4083801363164],[-54.60426168802644,-20.408912685154387],[-54.604257077202305,-20.409169134929673],[-54.60452666337477,-20.409389324939553],[-54.60459288135627,-20.409455361258072],[-54.60466927516683,-20.40958869654318],[-54.604706349718185,-20.409722619085663],[-54.604732571251134,-20.40992779401463],[-54.60474239454583,-20.41013606710796],[-54.6047401363482,-20.410384774619786],[-54.60474868350491,-20.410474345296908],[-54.60479076098477,-20.4106254314006],[-54.604881052918245,-20.410870181895508],[-54.60491896114104,-20.411022719504942],[-54.60493038792697,-20.4111217753317],[-54.604930574086666,-20.411281883434288],[-54.60491588905694,-20.411550602660196],[-54.604923678984505,-20.411645175366655],[-54.60496735276109,-20.411798332608985],[-54.60506146771246,-20.412044995961846],[-54.605105584854755,-20.412197401371053],[-54.60512111164991,-20.41230508349487],[-54.605119335488844,-20.412477500618206],[-54.605108201882,-20.412665276363434],[-54.605111759599936,-20.412720138605554],[-54.605122839247535,-20.41276237166812],[-54.605128417742264,-20.412773926157747],[-54.605387804703355,-20.413245151124894],[-54.605499986135385,-20.41364038517757],[-54.60582713881138,-20.414367772137002],[-54.60592033555503,-20.41502744824016],[-54.60602428369367,-20.4154510415143],[-54.606090459407085,-20.415815409935067],[-54.60634074522909,-20.4159986423055],[-54.60872713584855,-20.41695335629431],[-54.60872765475744,-20.416959757668586],[-54.60876057713881,-20.417288333072065],[-54.60795734045888,-20.41763524115538],[-54.607101006006474,-20.417054153208497],[-54.606001389652306,-20.416411472493355],[-54.605622396456404,-20.416448432830823],[-54.60537141545842,-20.416493437603986],[-54.605201514638175,-20.416500943345703],[-54.60502827283648,-20.416481737424224],[-54.604748594472035,-20.416440604232466],[-54.60458139071858,-20.416396413345772],[-54.604484210877615,-20.416348299616306],[-54.604311889082396,-20.416237439288377],[-54.60428247315758,-20.416245451348374],[-54.60418538684604,-20.416268063901978],[-54.60406592899932,-20.416336178553678],[-54.60387125275605,-20.416379247086493],[-54.60363911795087,-20.416424544139357],[-54.60352395076967,-20.416423330054524],[-54.60345313005786,-20.41638898854293],[-54.60344435267467,-20.416392968043027],[-54.60324837691098,-20.416414751421623],[-54.603094087422164,-20.41639275220572],[-54.60288381603522,-20.416424741090882],[-54.60281269494982,-20.41636833381355],[-54.60273253567789,-20.416401382999343],[-54.60254733199366,-20.416369656716224],[-54.60246708278959,-20.41637325670232],[-54.60230611493523,-20.41638475633343],[-54.602199020967994,-20.416329912977087],[-54.60210061175377,-20.416365563901625],[-54.60196392109799,-20.41633841516771],[-54.60187805742635,-20.41645583515057],[-54.60161608581359,-20.41626490368427],[-54.60161206764275,-20.41626579761047],[-54.601478482345954,-20.41626395759752],[-54.601422298999864,-20.41629199845889],[-54.601299230375155,-20.416306196056016],[-54.60110260709962,-20.41626974203692],[-54.60088432724979,-20.416242416136562],[-54.600832071243076,-20.416188887589076],[-54.60075204776876,-20.41619153249518],[-54.60058468123799,-20.41619806606982],[-54.600467384462206,-20.416174262813943],[-54.60040545264946,-20.416173409357242],[-54.6002354978699,-20.41617266561795],[-54.60015904290549,-20.4161619861687],[-54.60010732289453,-20.41618446292446],[-54.59995307567385,-20.416206113203515],[-54.599820646005924,-20.416151984808234],[-54.59978612103254,-20.416151509066857],[-54.599650467295135,-20.416149639376293],[-54.59955621474745,-20.416138370871106],[-54.59940595332199,-20.41609385712773],[-54.59931865972828,-20.416052026062104],[-54.59928413385563,-20.416031891140832],[-54.59916848553701,-20.416030296642855],[-54.59892963999085,-20.415993167232813],[-54.59880828727262,-20.415944365521895],[-54.59871795486964,-20.415891539345058],[-54.598717203935735,-20.41589121289113],[-54.598693687563525,-20.41588631068662],[-54.598667788887326,-20.415886756750343],[-54.59856657648629,-20.415891908067053],[-54.598451188971126,-20.415922301554968],[-54.59831744269575,-20.415957363423484],[-54.59816108206825,-20.415935529682812],[-54.598025600101266,-20.41591397473209],[-54.59790342720123,-20.415891483587064],[-54.59783972282486,-20.415890604949464],[-54.59765537529529,-20.41580574312244],[-54.597501529172064,-20.415771300886814],[-54.59737873843801,-20.41572575652041],[-54.59715895851906,-20.415604527908553],[-54.597067645855134,-20.415496521129562],[-54.59704750373925,-20.415458741509717],[-54.597016209130686,-20.415448303978053],[-54.59693735477498,-20.415436731501927],[-54.59691915429545,-20.41543617302294],[-54.59668617502689,-20.415467994634174],[-54.59651556733951,-20.415460050023277],[-54.59639140963583,-20.415427245452918],[-54.59617647886137,-20.41530353651097],[-54.59595332198819,-20.415217368868458],[-54.595794776008006,-20.415171049286414],[-54.5955555356594,-20.4150732084438],[-54.5953707060931,-20.414981321112975],[-54.59488592204764,-20.41480425359544],[-54.59463581429128,-20.414722822682062],[-54.594284184767275,-20.414614181880907],[-54.59409930124173,-20.41454436211457],[-54.593579863619766,-20.41431314551724],[-54.59317273153625,-20.41413589993388],[-54.59313578019203,-20.414123387666244],[-54.593020016760306,-20.414105930926016],[-54.59280851060424,-20.414094889949148],[-54.59267161939965,-20.41407844944294],[-54.59252836639092,-20.414040564602338],[-54.592445780748164,-20.414004820148275],[-54.59219560734135,-20.413864400004087],[-54.592035119724926,-20.413759598408742],[-54.591746449938626,-20.41354477915028],[-54.59104451019596,-20.412976924727275],[-54.5904420651491,-20.412470152257765],[-54.59014599394243,-20.41219634286894],[-54.58986457718846,-20.41190051178122],[-54.589325497473624,-20.41135464488308],[-54.589262219375826,-20.411276697044052],[-54.589189777186455,-20.41113591627151],[-54.5891090810191,-20.410934067934974],[-54.58908298629075,-20.41089921111176],[-54.58907191024037,-20.41089083122891],[-54.5890646527115,-20.410886947057005],[-54.58900090426823,-20.41086325441779],[-54.588681347266345,-20.410782291151914],[-54.588544439873885,-20.410724074438516],[-54.58846466281392,-20.410674207031143],[-54.58831303082161,-20.4105454861674],[-54.5881506447364,-20.41039451157957],[-54.588087099539905,-20.410347956375187],[-54.58791017231658,-20.410252405206403],[-54.58763073497039,-20.410116496061583],[-54.58747670268764,-20.410026336328496],[-54.587271450417006,-20.409873177287313],[-54.58703205268699,-20.40967763589631],[-54.58692821336633,-20.40960395623975],[-54.58683271795553,-20.40955350876945],[-54.58665900940571,-20.409471013958267],[-54.58652801685446,-20.409384378668314],[-54.58641425711221,-20.40929269098704],[-54.58606126871246,-20.409037798837446],[-54.58596310231525,-20.4089222161695],[-54.58590501150701,-20.408812832528312],[-54.585899370959055,-20.4088059635066],[-54.585775406609685,-20.408701130434952],[-54.585714642116955,-20.408656907172585],[-54.585618347208936,-20.40859952233222],[-54.58552201722722,-20.408559718338434],[-54.5854783956114,-20.40854819622444],[-54.58506674803198,-20.408463061003594],[-54.58462461613311,-20.408386422577504],[-54.58438742893662,-20.408316554247733],[-54.584067090423844,-20.40818616783947],[-54.58357354158562,-20.407927380726232],[-54.58336866703029,-20.407806351763913],[-54.5831190988672,-20.407652907637743],[-54.58300861805321,-20.407598701900742],[-54.58289445451538,-20.40755834212594],[-54.582823119391264,-20.40754039345657],[-54.582648722860256,-20.407512590016115],[-54.58246343553907,-20.40749837892925],[-54.582194118263885,-20.407488499876564],[-54.5820468398897,-20.407482058032684],[-54.58186053183806,-20.40746264796499],[-54.58033758750963,-20.408939063169367],[-54.57811502278997,-20.411543266890348],[-54.5774833614679,-20.411076023221984],[-54.575651026973276,-20.407222055035867],[-54.576015109409695,-20.406024176956407],[-54.576018392834435,-20.40581445325666],[-54.57595686032079,-20.405603602706336],[-54.57609198975348,-20.404996474889604],[-54.57716708069609,-20.40267859282508],[-54.579317891207666,-20.4023406932507],[-54.5836749788171,-20.403878779464367],[-54.583485799230175,-20.404536529219715],[-54.58200943798511,-20.40693312084907],[-54.58249792364023,-20.406957482583923],[-54.583069839401446,-20.407041759851477],[-54.584346383878426,-20.407712717050416],[-54.584586302315984,-20.407807555956147],[-54.58476276458987,-20.407859542166314],[-54.58518029823216,-20.407931910611307],[-54.58561760706681,-20.40802235003361],[-54.585715819329494,-20.408048300870526],[-54.58588873197931,-20.408119742114536],[-54.58604444419569,-20.4082125440558],[-54.58614331925873,-20.40828449431615],[-54.58632176453773,-20.40843540505204],[-54.5863936734292,-20.40852290099327],[-54.586449700293315,-20.408628382476024],[-54.586466149792955,-20.4086477628661],[-54.58676367250529,-20.4088626037083],[-54.58691350405485,-20.408979416648915],[-54.58698735997865,-20.40902746023129],[-54.58714908955875,-20.40910426233385],[-54.58726699517558,-20.409166542184185],[-54.587394187191876,-20.40925679095032],[-54.58763623342538,-20.4094544997075],[-54.587823627858036,-20.40959433529249],[-54.58795405383649,-20.409670676043017],[-54.58822896579403,-20.40980438184888],[-54.588428907568016,-20.409912360749008],[-54.58852178235429,-20.409980407052295],[-54.58869158964501,-20.41013828483609],[-54.588822593887585,-20.410249489604336],[-54.58886526132267,-20.41027615899964],[-54.58895977827109,-20.410316351500523],[-54.58927262722989,-20.41039561414835],[-54.58937035475799,-20.410431940463816],[-54.58941522912943,-20.410455958657675],[-54.58947583534149,-20.410501804296935],[-54.58954644471254,-20.410596117099214],[-54.58963546590394,-20.41081878743915],[-54.58968949087722,-20.410923796777908],[-54.589726688635714,-20.410969607343645],[-54.59025815019339,-20.411507754461326],[-54.59053522232262,-20.411799018791754],[-54.59081987663592,-20.412062275535643],[-54.59152164011158,-20.41278458941935],[-54.59176676652294,-20.41295372761442],[-54.59238755324293,-20.41333171806631],[-54.59253253654731,-20.413426390597444],[-54.59276105967513,-20.413554653706324],[-54.592809184196376,-20.41357548290425],[-54.59291033994015,-20.413602237735102],[-54.59301609032025,-20.413614941558357],[-54.5932321803208,-20.413626210063605],[-54.59338913180295,-20.413649879320456],[-54.59346321435584,-20.41367497760016],[-54.59388288568658,-20.413857677571773],[-54.59439562515792,-20.41408591111795],[-54.59456390180259,-20.41414946081093],[-54.594908904222514,-20.414256059251745],[-54.59516620655506,-20.414339827503017],[-54.595655962052945,-20.414518705356016],[-54.59573668519977,-20.414553584662215],[-54.59579522027309,-20.414580706416373],[-54.59599476994265,-20.414662304603684],[-54.59614765019387,-20.414706973929714],[-54.596436754352624,-20.414818595084075],[-54.59661702255744,-20.414922357063066],[-54.596658889595965,-20.414924307692687],[-54.59688704939771,-20.41489314168707],[-54.59699111984428,-20.414896338776952],[-54.59715739100068,-20.414920757169238],[-54.5973150826249,-20.41497330365701],[-54.59742192927854,-20.415032815394053],[-54.59750884965359,-20.41511770599931],[-54.59754823096603,-20.41519157451354],[-54.597630535121084,-20.415236975887755],[-54.59767398316769,-20.415253089040853],[-54.59785022240982,-20.415292544097614],[-54.59797649711754,-20.415350679872],[-54.59811499451132,-20.41535259003194],[-54.59825036406295,-20.415435756636843],[-54.59826694306486,-20.415456185636398],[-54.59829392722287,-20.415457994173096],[-54.59830791887533,-20.41545630884354],[-54.598315217773,-20.415448940698074],[-54.598519176818456,-20.415457632645648],[-54.59863391502313,-20.415469058532203],[-54.59879023608045,-20.41549336540844],[-54.5989080481678,-20.415475303424387],[-54.598996985722295,-20.415466687019993],[-54.599074009957576,-20.415462240771703],[-54.599091430724854,-20.415469243792582],[-54.599219715417526,-20.415489190755395],[-54.59940099266157,-20.415491689971535],[-54.59951317499298,-20.415528409290566],[-54.59960054682774,-20.415579388260134],[-54.59962376552431,-20.41559050837723],[-54.59967947852499,-20.415607007339524],[-54.5996909511764,-20.41560838420156],[-54.59979452249917,-20.415609812324917],[-54.599943872012034,-20.41561187087312],[-54.59999971631373,-20.415634692069307],[-54.60000312024777,-20.415633212684597],[-54.600135774746086,-20.41561107497312],[-54.60031970948694,-20.415636763208045],[-54.600404619877224,-20.41563158491168],[-54.60053268873259,-20.415633350280864],[-54.60063405851491,-20.415653917776048],[-54.60073007643184,-20.41565017479773],[-54.600884459450185,-20.415645060353242],[-54.601060833590566,-20.41564749032129],[-54.60121094213116,-20.415737693221892],[-54.601283245824966,-20.41575110571089],[-54.60137076964526,-20.415720660062373],[-54.6015496142233,-20.41572312420481],[-54.601643838892016,-20.415702251839363],[-54.60181830916759,-20.41574593191119],[-54.60200224930429,-20.415777507108242],[-54.60206060990919,-20.415795648232564],[-54.60206615333027,-20.4157976753044],[-54.60207506381312,-20.415794447637644],[-54.6023126979726,-20.4157582939921],[-54.60247615784834,-20.415825815091274],[-54.60248004381889,-20.415830302708276],[-54.60258553159696,-20.415825569576363],[-54.60266285710508,-20.41583881569077],[-54.60270265300499,-20.415822413855256],[-54.602978373453084,-20.41579175956404],[-54.60305223747076,-20.415850344100058],[-54.6030912194841,-20.41584441486985],[-54.60325787644973,-20.41586819114608],[-54.603281634739574,-20.415865548038575],[-54.60343227567893,-20.415797176180646],[-54.60362619829032,-20.415839198801944],[-54.60366290951561,-20.41586665960055],[-54.6037473531577,-20.415850184920075],[-54.603846219227535,-20.415828310709895],[-54.60396275787491,-20.41576187239445],[-54.60414465385265,-20.415719512527442],[-54.604344100100036,-20.41566220502868],[-54.60453126970219,-20.415697425177985],[-54.60464275955564,-20.41579441706066],[-54.60478076591954,-20.415883204428255],[-54.60479490146349,-20.415890207449113],[-54.604870866297404,-20.41591027941773],[-54.60513039804936,-20.415948443947492],[-54.60530899621318,-20.415983003095032],[-54.605436265571086,-20.415999318595624],[-54.60554167510811,-20.416004000466256],[-54.60546066327896,-20.415557895362543],[-54.60535430225912,-20.41512447969297],[-54.605267754203396,-20.414511860615868],[-54.60495523529584,-20.413817002134955],[-54.604848878772714,-20.4134422474438],[-54.60461156387253,-20.413011122347474],[-54.604577789833115,-20.412941214447475],[-54.604541355599,-20.4128023708148],[-54.60453257461853,-20.412666660420026],[-54.60454483777402,-20.412459748001048],[-54.60454608243572,-20.412339112042414],[-54.60454126476748,-20.412305669852863],[-54.604513059330195,-20.41220826158401],[-54.6044185684621,-20.411960616171562],[-54.60435487937417,-20.411737244360406],[-54.60434009182171,-20.411557664136897],[-54.604355912695155,-20.41126822812826],[-54.60435577599816,-20.411151438570062],[-54.604351477238765,-20.411114138288887],[-54.60432842042019,-20.411021378615704],[-54.60424064838719,-20.41078344318344],[-54.60418064921754,-20.41056805015745],[-54.60416527170975,-20.41040675764788],[-54.604167644121446,-20.410145789678566],[-54.6041594575928,-20.40997230505998],[-54.60414048999155,-20.4098238944393],[-54.60413074763585,-20.409788695873733],[-54.6041243408656,-20.409777509206737],[-54.60367796956257,-20.409412931243907],[-54.60368569473899,-20.408983794548575],[-54.60354819559269,-20.408528476789908],[-54.603397413459845,-20.40772533813603],[-54.60335668496293,-20.407587446885334],[-54.60334121842242,-20.407493292363736],[-54.603341661788136,-20.407358187212793],[-54.60337391687273,-20.4072199002604],[-54.60344357835834,-20.407030601063564],[-54.60345833983047,-20.406970509263743],[-54.603459074576506,-20.406960748022335],[-54.60345562927381,-20.406901164339484],[-54.603429177514435,-20.40672952423032],[-54.6034109608471,-20.406566755933262],[-54.60344341018521,-20.406128107108646],[-54.60343425688541,-20.406104945069327],[-54.603404810383665,-20.40606125780306],[-54.60327438260663,-20.405907258795207],[-54.6031682850882,-20.40574889897466],[-54.60311632136103,-20.405600530622234],[-54.60310686229184,-20.405534687657916],[-54.60266778898722,-20.405588633490893],[-54.602411524472245,-20.403481756660042],[-54.60190437248866,-20.403584873825086],[-54.595327016128806,-20.405169159111626],[-54.594458867282874,-20.406007808395884],[-54.59158565655275,-20.404218148530997],[-54.59138374706225,-20.404429670874883],[-54.58865135127877,-20.402583408579773],[-54.58825530064149,-20.40226766830055],[-54.588004968054754,-20.402010960419815],[-54.58793959903318,-20.401768688456567],[-54.587903391428256,-20.401683448014975],[-54.5878833284528,-20.40163960876321],[-54.58785084763849,-20.40157523439188],[-54.58782587076729,-20.40153140862992],[-54.587775378330996,-20.40144954694137],[-54.58769904837237,-20.401329932612622],[-54.58766109338467,-20.401272607127463],[-54.587639676030115,-20.401242565274465],[-54.587616495105124,-20.401213195215135],[-54.587602550217476,-20.401197198973886],[-54.5875753007594,-20.40116955021683],[-54.58755836022999,-20.40115465024924],[-54.587534602839526,-20.401136487541187],[-54.58733362954331,-20.400981708821128],[-54.58037533925045,-20.395847224752085],[-54.57941151512921,-20.397871813615765],[-54.57423728822017,-20.392177791154726],[-54.5764799321031,-20.390383624787034],[-54.581934962428534,-20.377528871942705]],[[-54.585860683024066,-20.384417012417973],[-54.58087620946946,-20.39490137358199],[-54.58677610833064,-20.39926357653525],[-54.58620576458435,-20.399681086795102],[-54.5884893806803,-20.401255367123834],[-54.590657920426565,-20.39927765272382],[-54.591506719459524,-20.399877189363146],[-54.594589820263934,-20.39738668153256],[-54.594667435353756,-20.397265266761103],[-54.59401971034129,-20.39642309033583],[-54.5960477867759,-20.393650043397237],[-54.59770947221432,-20.39434601433959],[-54.59818872632848,-20.39337725653773],[-54.599885508709235,-20.393633827721516],[-54.600328539030784,-20.39362213923281],[-54.60030765497418,-20.393527196005746],[-54.59943227827699,-20.392816057097924],[-54.585860683024066,-20.384417012417973]]]},"properties":{"OBJECTID":12,"NOME_UC":"Parque Estadual Matas do Segredo","complement":null,"nome":"Parque Estadual Matas do Segredo","Shape__Area":0.0004785508397564022,"Shape__Length":0.2792273746108472}},{"type":"Feature","id":13,"geometry":{"type":"Polygon","coordinates":[[[-56.23942423973676,-19.527015623376737],[-56.21615778555333,-19.433781454457268],[-56.21278667956153,-19.402972799062947],[-56.222919613549266,-19.378124421213304],[-56.26220843607041,-19.367766513722152],[-56.291453779268465,-19.363520124562754],[-56.311468157229626,-19.366163143023137],[-56.32866513458822,-19.36072602989109],[-56.35329449514478,-19.35978866832107],[-56.38013699102919,-19.34602419726799],[-56.405248617529594,-19.32874753278196],[-56.41609831298672,-19.32108375132381],[-56.45648363481184,-19.298881728419335],[-56.49685823042296,-19.276670456886944],[-56.513383849485024,-19.26773304745323],[-56.53883253739162,-19.25881681705378],[-56.57722460453169,-19.263529024456073],[-56.58208765881835,-19.26559328241516],[-56.61492646898131,-19.282680882427478],[-56.72002627948916,-19.354473764961114],[-56.778034085704405,-19.39340367434783],[-56.85299145319294,-19.416320311140712],[-56.92682736788862,-19.424676895229517],[-56.962833753974394,-19.428537374507183],[-57.050554303538206,-19.433410222410643],[-57.052721428650905,-19.43700250316971],[-57.04406187465571,-19.453686107933873],[-57.031712504828086,-19.63959369329587],[-56.99832777200896,-19.699103803497756],[-56.957087936858784,-19.770184395092],[-56.93485122350512,-19.807738933502257],[-56.90053846048148,-19.824491962330995],[-56.84568809123232,-19.881977055592063],[-56.72845841562332,-19.911226763199217],[-56.68118357825949,-19.90289003614114],[-56.60436912783297,-19.864196452400137],[-56.54140554902682,-19.801608208349457],[-56.46522234083824,-19.78680479550264],[-56.4285443185654,-19.779198913297165],[-56.385542691741755,-19.769066513507028],[-56.359713594207,-19.757487662124472],[-56.33072355774584,-19.745144143286367],[-56.289934948439,-19.68935278010688],[-56.27351086103727,-19.642300002444575],[-56.2663816132208,-19.621008200470115],[-56.258579079860624,-19.59177576344351],[-56.25548889869367,-19.579599320655227],[-56.2518821136685,-19.566717169065484],[-56.25071263438054,-19.56549583936494],[-56.24970971672992,-19.563095655843398],[-56.24916220227374,-19.557399218702635],[-56.24927246095518,-19.55719261385173],[-56.24933249879576,-19.55602814468673],[-56.248898876282055,-19.55524986869022],[-56.24840593898279,-19.554633423897155],[-56.24761997108476,-19.55323249688597],[-56.24385948562673,-19.54461152650473],[-56.243108651542904,-19.541554240739643],[-56.2405875883465,-19.533918505538818],[-56.24094059203463,-19.532686446026908],[-56.24150821173442,-19.531969259178272],[-56.24131538719531,-19.531433919743815],[-56.24151202755797,-19.53072502284584],[-56.23942423973676,-19.527015623376737]],[[-56.54962015444653,-19.36565764579231],[-56.55017913705752,-19.366822103266024],[-56.549682766146645,-19.367337527213607],[-56.54977167941944,-19.369738725170492],[-56.550446367006145,-19.387635196115376],[-56.55182863578285,-19.423669403627077],[-56.55234857432714,-19.436934447873238],[-56.55255504517913,-19.442309193021327],[-56.55267558221226,-19.44525474971347],[-56.55184082069724,-19.44596390381766],[-56.55145467609236,-19.446876411723547],[-56.551653617820136,-19.448358885660536],[-56.55096971128313,-19.45001359056114],[-56.55195169361565,-19.452425560597487],[-56.55299641805015,-19.455036675608316],[-56.55245668362903,-19.4558777755452],[-56.55143643064673,-19.457465860467316],[-56.55326356795922,-19.460252778548952],[-56.553308339807934,-19.460951360223202],[-56.55362998503575,-19.465721978592413],[-56.55402421274715,-19.471516395071355],[-56.5542869442869,-19.475438920375648],[-56.554446907598674,-19.477850295960124],[-56.55356331469517,-19.478968618212846],[-56.55281472891659,-19.47887251575965],[-56.55075586149371,-19.479471636012875],[-56.55026081798235,-19.48007055391859],[-56.55090026923199,-19.48121667601431],[-56.55166610400744,-19.483808846806372],[-56.55494833090063,-19.485233309075475],[-56.55501948346233,-19.486290269685696],[-56.555277794834296,-19.487030582600802],[-56.55514219415675,-19.488078088638304],[-56.5557274612533,-19.488885263449543],[-56.556379405884854,-19.490194152943115],[-56.55566499164598,-19.491209965972512],[-56.55540552734312,-19.49158752744777],[-56.55548929019852,-19.492879027650247],[-56.55552531074443,-19.49343751203678],[-56.55597306880202,-19.494461687861893],[-56.55566856465248,-19.49555775908844],[-56.555784164407555,-19.49744135044318],[-56.55691001218719,-19.49988635437676],[-56.55618003787839,-19.500652528196742],[-56.55476693224807,-19.50351667106259],[-56.55652080449147,-19.505311112622756],[-56.55658690556112,-19.510115600359544],[-56.555931503036334,-19.5130120585644],[-56.555932500384536,-19.5143177797465],[-56.55596110961744,-19.514799439547243],[-56.556115829881605,-19.515323059916046],[-56.55764778002094,-19.515805000305225],[-56.558984169883445,-19.522973609648854],[-56.563665280528255,-19.548383059234656],[-56.564545560329236,-19.553118329750863],[-56.57833517193052,-19.634497899859824],[-56.58038778007193,-19.63443860935594],[-56.58097250038054,-19.634188609518418],[-56.58222555996156,-19.634131109564713],[-56.58319110988174,-19.63444499903911],[-56.583992779942726,-19.634269169887965],[-56.584661389911105,-19.63447166933379],[-56.584849439949664,-19.63565888954781],[-56.58532471995977,-19.63659527984989],[-56.58586555964774,-19.636938610430104],[-56.58651388990398,-19.636708609716177],[-56.5867961106519,-19.63590361036493],[-56.58732861002727,-19.635321669860726],[-56.58829556019191,-19.635072499198152],[-56.58995110955602,-19.6354683295014],[-56.59068194001941,-19.636254439492443],[-56.58988444011476,-19.637342779247437],[-56.59042443983594,-19.637957500040198],[-56.59057249972102,-19.638269719473588],[-56.58977222001192,-19.639761110188655],[-56.590544719663,-19.64087916983927],[-56.591774170241706,-19.641746940070735],[-56.59430555945397,-19.642701389658875],[-56.59638556004546,-19.643299440618048],[-56.597126940455894,-19.644168059809534],[-56.59738778072137,-19.646053608988222],[-56.59836277981839,-19.646870279740973],[-56.58777193982314,-19.687678059894917],[-56.592333610607625,-19.713259440070708],[-56.593005559758694,-19.713361110226742],[-56.594336939498135,-19.71326889014682],[-56.59583917064117,-19.713538609418997],[-56.59654444057344,-19.713445829960722],[-56.59748391914747,-19.713037292236894],[-56.5989416707215,-19.71356388936163],[-56.59933389024679,-19.71345971909039],[-56.59934444019365,-19.711921669748936],[-56.59941777990656,-19.711458609726822],[-56.59975693943119,-19.711032779838668],[-56.60041277992582,-19.710880000311533],[-56.6008958300784,-19.71105138950974],[-56.602444170362105,-19.7128069398881],[-56.60343527991415,-19.71444027959481],[-56.60398250029204,-19.714708890002864],[-56.60524388939393,-19.714553329772034],[-56.60628638980501,-19.714640829310405],[-56.60802778035776,-19.715458059441524],[-56.609710000016435,-19.716077779565506],[-56.611025280092576,-19.717564719535748],[-56.611610280090254,-19.717905559893264],[-56.61300750009599,-19.717486389484755],[-56.61386471948117,-19.716514170192426],[-56.61416972005651,-19.71632417042369],[-56.61481756108151,-19.71625767635026],[-56.61826444035154,-19.721007780284346],[-56.61855750062813,-19.721148609620144],[-56.61924444057837,-19.72082999960427],[-56.61990749993112,-19.7208075003653],[-56.6202844399749,-19.720983059719885],[-56.62040479264704,-19.722058767597396],[-56.62009728656045,-19.72283280239132],[-56.618897220430256,-19.72395749993804],[-56.61877472017704,-19.724192219394705],[-56.61874000005088,-19.72438582994147],[-56.618740280639315,-19.72452999935939],[-56.61888721996917,-19.72466471960041],[-56.61961222012775,-19.72490971920756],[-56.62048139060362,-19.72540250002468],[-56.62084499999662,-19.72580999993093],[-56.62144610955021,-19.72691583060043],[-56.621858609687024,-19.727325279337478],[-56.62229360996201,-19.727468329099377],[-56.62599277964302,-19.72726305974167],[-56.62652556050614,-19.72703666980583],[-56.626626940181104,-19.726876389932727],[-56.62691694006469,-19.72594222005673],[-56.62721694040943,-19.72542610992636],[-56.62770693962352,-19.725022500487274],[-56.62821860980097,-19.724796939726374],[-56.62894528000061,-19.72464750028125],[-56.63025667050891,-19.72462389037951],[-56.63090749998105,-19.724731110251863],[-56.63173206138549,-19.725093444406337],[-56.632660560136685,-19.72630666941656],[-56.63306693948755,-19.72643860985318],[-56.63318389002439,-19.726241939813022],[-56.63327528003009,-19.72549028015166],[-56.633704719796924,-19.7249569399102],[-56.63418443975996,-19.72486832970906],[-56.63552138990019,-19.72583277975828],[-56.636037500030454,-19.7264822197779],[-56.63623971978711,-19.7270247196144],[-56.63628832994232,-19.72756610968745],[-56.63594916951848,-19.72854527984011],[-56.635991669679754,-19.72860388955719],[-56.636125280157444,-19.728626389695368],[-56.63637916956293,-19.728412219747394],[-56.63659972020088,-19.728058889605364],[-56.63697138931815,-19.727258608996962],[-56.63724694069373,-19.726144719502557],[-56.63757440723305,-19.72586683078892],[-56.63841972049364,-19.726194439421203],[-56.63930861040394,-19.726997779523103],[-56.6395716701964,-19.7275197199584],[-56.63977555909469,-19.728477779425255],[-56.639741028725446,-19.72991836024332],[-56.639246787409206,-19.730583956583484],[-56.63844582961127,-19.730726389410524],[-56.63629167002449,-19.730852500441653],[-56.63597083058926,-19.731025559681033],[-56.63579249952414,-19.73131306034866],[-56.635811389783726,-19.731612780104953],[-56.63597667078659,-19.732001110062388],[-56.63630444039751,-19.732309719617064],[-56.63663749982072,-19.73242667015389],[-56.63694027996979,-19.73243278014788],[-56.63786955303738,-19.732169991051453],[-56.63860194022726,-19.732339720101237],[-56.63920917056669,-19.732891109736116],[-56.640139440083026,-19.73408610998517],[-56.64041305971489,-19.734237779748838],[-56.64137694049339,-19.732926110450833],[-56.641770280573944,-19.732327779802322],[-56.642591390380346,-19.732746670521593],[-56.64241000072087,-19.73398667014782],[-56.64122750014894,-19.735202219006347],[-56.641202780483866,-19.73563082959823],[-56.641812779835846,-19.73617999970626],[-56.64230000014487,-19.7361527790266],[-56.64270638938825,-19.7358916698638],[-56.64298417018323,-19.735502219351083],[-56.64337806064891,-19.734307499690466],[-56.643557780267315,-19.733984170032596],[-56.64397845973809,-19.73365870718277],[-56.644692546623666,-19.733621650617856],[-56.646549439804744,-19.73472610892193],[-56.64725167002848,-19.73494583038492],[-56.648015279881236,-19.73498750047192],[-56.64880943970377,-19.73472111049003],[-56.64958777955234,-19.734642499850533],[-56.65045249928334,-19.73488139036296],[-56.65204360952487,-19.73587249991504],[-56.65253471490507,-19.736251628908676],[-56.652854720668756,-19.736772779738974],[-56.65308041093221,-19.73750009385329],[-56.652926940725706,-19.738705000134676],[-56.652996110282174,-19.739002780053255],[-56.65325833010775,-19.73953556001704],[-56.653765000054655,-19.73993360984718],[-56.65425583024234,-19.740121669778198],[-56.65464861004523,-19.74013777933401],[-56.655253610065984,-19.740038059807613],[-56.65649528063261,-19.739563609871674],[-56.65737139027738,-19.73897860987402],[-56.65847943957442,-19.73829971975533],[-56.65909110986678,-19.73804277984943],[-56.660974439518725,-19.73754888926891],[-56.66187729500109,-19.73751124814465],[-56.66243050576321,-19.73799870497526],[-56.662514155303995,-19.739270837378125],[-56.66258041015777,-19.74015488983531],[-56.66350347070852,-19.74070051211792],[-56.66465835130185,-19.7410993821297],[-56.665208094278114,-19.7421194966164],[-56.665320741558965,-19.74350216918864],[-56.66494976132236,-19.74436184911889],[-56.66521711897474,-19.744709033294153],[-56.66648710379678,-19.74491459403218],[-56.66791826151854,-19.745162358155184],[-56.6685399466611,-19.744649714011985],[-56.66854523557412,-19.743130938940602],[-56.66887009228083,-19.742223590445175],[-56.67063123914028,-19.74204034188718],[-56.67197469947268,-19.741237884020084],[-56.67313111970532,-19.740994388978812],[-56.674353977354144,-19.740739592157396],[-56.675539743364425,-19.740076364631538],[-56.676604751108364,-19.73915640494313],[-56.67700393318495,-19.738420817965427],[-56.67739982823945,-19.737240119634876],[-56.67825224974143,-19.736890736617244],[-56.67917524823906,-19.737178501685566],[-56.680033127726624,-19.738160211523613],[-56.68090522459636,-19.738823821261384],[-56.682089307075785,-19.738817235526056],[-56.68339744293758,-19.738319369942005],[-56.68465280478307,-19.738432448897456],[-56.68618871733531,-19.739287399293087],[-56.68692103347888,-19.740203506285816],[-56.687427087390006,-19.740369378143203],[-56.68890564927625,-19.739965618517495],[-56.68972952899446,-19.74074234678088],[-56.69044604045229,-19.741603314540235],[-56.69191292374234,-19.741972041075773],[-56.6931728748283,-19.74225116275983],[-56.69418698903821,-19.741297657459906],[-56.69508388111615,-19.740189893247983],[-56.6961629560555,-19.740026367721736],[-56.697278554261864,-19.740684011357008],[-56.697883522806315,-19.740673093587393],[-56.6983898555074,-19.73989699484941],[-56.69890470928488,-19.738456354676078],[-56.69968850442086,-19.73835746612318],[-56.700422693852154,-19.738762817548917],[-56.70152344245287,-19.73899235151478],[-56.702285000052605,-19.738943060572772],[-56.702991940025925,-19.739148329930483],[-56.703880559240304,-19.74058027995487],[-56.70291749954288,-19.743686669602965],[-56.70286472013066,-19.745450560293964],[-56.70020389059698,-19.750535560066808],[-56.700392220324545,-19.75144750050043],[-56.70104694026406,-19.75325971985887],[-56.702101940352236,-19.7532888893694],[-56.702678889618994,-19.75302471981366],[-56.70526860975849,-19.750479439673054],[-56.70841417027765,-19.749418610179415],[-56.70949749990967,-19.748442780108988],[-56.71014333005053,-19.74866666992962],[-56.71010611070841,-19.749273060302176],[-56.70896027999288,-19.750098059676397],[-56.709171940832334,-19.750295829587586],[-56.71019249958414,-19.750662499373572],[-56.71073888988781,-19.751524440199486],[-56.71099749983466,-19.751704439507016],[-56.71190221961171,-19.75162861047073],[-56.712338890827084,-19.75205582981134],[-56.71238639031952,-19.752604999919495],[-56.71201832928239,-19.753700559431877],[-56.712089169779354,-19.75403582938866],[-56.714250279326905,-19.75461777978532],[-56.71445056014517,-19.754894170228372],[-56.71435583005746,-19.755441389706963],[-56.71391694021452,-19.756316389588328],[-56.7137675007695,-19.757368059486925],[-56.71327832983093,-19.758094170308244],[-56.71156750004002,-19.759362500377527],[-56.711542500685766,-19.759658329666657],[-56.71204082942069,-19.76020221985499],[-56.71133833029967,-19.762592779731385],[-56.71014833028107,-19.763376109917985],[-56.7100705596086,-19.763766109916467],[-56.71018388947488,-19.764510559712907],[-56.70929832975406,-19.76618667027693],[-56.709323060211034,-19.766404169515074],[-56.71025082961205,-19.767837499998933],[-56.708826669515076,-19.76846389039447],[-56.708424440535445,-19.768912220420937],[-56.70819193970618,-19.76962666973315],[-56.70749917035033,-19.770441110167244],[-56.70642833050301,-19.770982779929582],[-56.70636861012321,-19.771118609934092],[-56.70783639003736,-19.772540829294012],[-56.71028000002195,-19.77342611022495],[-56.71062999997446,-19.773833059746035],[-56.71085305972088,-19.774987499671486],[-56.711175560203856,-19.775160279221563],[-56.71179556001704,-19.774475829494044],[-56.7123916702393,-19.77430916983046],[-56.715274439863485,-19.778154719462698],[-56.715499999725175,-19.77907527899892],[-56.715348609650505,-19.779923610384312],[-56.7154883301223,-19.780159439604468],[-56.71648301358016,-19.77984827507575],[-56.71706194045606,-19.780742779453643],[-56.71773860924935,-19.780801940455074],[-56.71855250019768,-19.780079439512473],[-56.71934889033889,-19.780057780240345],[-56.71998943966083,-19.7804669393957],[-56.720448610115106,-19.779997499582873],[-56.72124805975011,-19.780157499766812],[-56.721518749390725,-19.780431661689757],[-56.72167694013865,-19.780222499167],[-56.72215428319345,-19.780305202620916],[-56.72272984750441,-19.78060979940056],[-56.72307938790334,-19.780547813628683],[-56.724090000153296,-19.78049578065366],[-56.72464747909782,-19.780335856012925],[-56.7249116837271,-19.780470248900766],[-56.72523226235893,-19.780774445482212],[-56.72532549417616,-19.781480253209022],[-56.725381134331826,-19.78207881318464],[-56.725531308523045,-19.78262392375296],[-56.72590797337415,-19.78363905419681],[-56.72641698875299,-19.784211510450646],[-56.72671844599944,-19.784658594016722],[-56.72687813231988,-19.785167988010127],[-56.72671722651876,-19.785373189019175],[-56.726574722645246,-19.785864255728683],[-56.72678222591895,-19.786025357581966],[-56.72737735408152,-19.78644085515909],[-56.72790413556732,-19.78768326856571],[-56.72808195941485,-19.78863931175262],[-56.72796662136244,-19.78981821953294],[-56.72790820859689,-19.79084536312072],[-56.728051109970636,-19.79108693900873],[-56.728102220241226,-19.791153329660073],[-56.72964750013193,-19.79127666988007],[-56.730683329372084,-19.791672499284058],[-56.73118082983132,-19.792200830301788],[-56.73137194026282,-19.792793610334535],[-56.731907499131694,-19.793360829836008],[-56.73239028038711,-19.793503059416324],[-56.733991669879515,-19.792420829655242],[-56.73491193983398,-19.790906389316106],[-56.73589110998665,-19.79042416923776],[-56.73679000035821,-19.789345279558745],[-56.73785805950183,-19.787056940223298],[-56.73909555991208,-19.785181389707187],[-56.73936500039434,-19.784487499796178],[-56.73909749974979,-19.783556389413697],[-56.737933890336706,-19.78224082964853],[-56.73778221967365,-19.781562499807446],[-56.73806749991513,-19.779435559101643],[-56.737611389853676,-19.778222219877534],[-56.73774971997358,-19.776081939527955],[-56.738078890728104,-19.775293889699366],[-56.73851777967179,-19.775044169550906],[-56.74005582991259,-19.77585638955884],[-56.740782219523794,-19.775899169409183],[-56.74208610968611,-19.775073610656726],[-56.74259306022151,-19.77489278037566],[-56.74414944044429,-19.774748889747546],[-56.7451958304232,-19.774537779293187],[-56.745630560002205,-19.77494888997742],[-56.74612139018989,-19.775867220094252],[-56.74744832997641,-19.774781390346995],[-56.74899225458881,-19.77402976845706],[-56.748999147892334,-19.77392976294634],[-56.74900881830223,-19.774021609807544],[-56.74941815912064,-19.77386054392712],[-56.7501932398261,-19.773684010606704],[-56.75191797223653,-19.773987895123355],[-56.752553758748945,-19.773947292531588],[-56.75326814870607,-19.773659464510786],[-56.75418890609296,-19.772923832566924],[-56.754656261277376,-19.77286608619905],[-56.75492449127221,-19.77292858998057],[-56.75510134924775,-19.773062836279006],[-56.75558910375406,-19.773751042474775],[-56.75743066259497,-19.774938728537585],[-56.757720228105995,-19.7753507394432],[-56.757939606027946,-19.776952366356664],[-56.75798309814144,-19.77908645847121],[-56.75811135315638,-19.779519528801092],[-56.75874147393984,-19.77936151611905],[-56.75933104788942,-19.77968494650108],[-56.75993061060916,-19.779958029237665],[-56.76036647693121,-19.77993688977353],[-56.76078162737019,-19.77934641290463],[-56.76118786642684,-19.779110565698065],[-56.761703100617524,-19.779444321196337],[-56.76197294759339,-19.780070330279457],[-56.76219769087073,-19.780380764558632],[-56.7625843750688,-19.780684051925384],[-56.76362016294007,-19.781069676722197],[-56.76399144085224,-19.781546195098738],[-56.76426037861353,-19.78172777451513],[-56.76467170603439,-19.781838108739645],[-56.76490437054025,-19.781747075764905],[-56.765880442528385,-19.779528448277254],[-56.76621957327461,-19.779528355647102],[-56.76644492809078,-19.77964099933066],[-56.76675624370557,-19.780500607315165],[-56.76764696823295,-19.78144561492107],[-56.76770402572015,-19.78200498334117],[-56.76756324944432,-19.782190214005045],[-56.766956280807676,-19.782610134448085],[-56.766783961710416,-19.78292123692347],[-56.76749687228278,-19.784719979041604],[-56.76749673288788,-19.78551412267647],[-56.76761631124373,-19.78576390218022],[-56.76780177033538,-19.78585450527899],[-56.768614520943345,-19.785837838143582],[-56.77245270063156,-19.787129312265794],[-56.7728154871449,-19.787441252909314],[-56.77296562086656,-19.787758592183007],[-56.77284962990643,-19.788239840993672],[-56.77288866408054,-19.788603241743964],[-56.77322436031591,-19.788658062617188],[-56.77434296675449,-19.7880477089324],[-56.774859171313665,-19.78804125269941],[-56.77599066593643,-19.788361760284683],[-56.77647761914677,-19.788152030289698],[-56.77745357152504,-19.78705971912849],[-56.77796839832285,-19.78702839124508],[-56.77834787535414,-19.787311785608146],[-56.77845519595047,-19.787519446263143],[-56.77904810908285,-19.790299851454655],[-56.77904065550183,-19.790818644262767],[-56.778905073710064,-19.79195146088891],[-56.779243305134344,-19.792274743781984],[-56.77952914295548,-19.792772821606103],[-56.77956361576821,-19.793238289113397],[-56.77949478165874,-19.793409393226593],[-56.77913859526984,-19.793847465585646],[-56.77876770766352,-19.79392878768102],[-56.77776561828864,-19.79365312029291],[-56.77741753389205,-19.793637037716753],[-56.77738343969395,-19.793794794991356],[-56.77793109894094,-19.794918938555814],[-56.778313376461085,-19.79547141637029],[-56.7787837641593,-19.795755988845375],[-56.77987642605614,-19.795986914961766],[-56.780380815322246,-19.796263190291477],[-56.78072082830351,-19.796624343636147],[-56.781198011279116,-19.79738197209783],[-56.78144142897872,-19.797671222846144],[-56.781721837592556,-19.797858539937135],[-56.78209326029572,-19.797876546163092],[-56.78324907348594,-19.79724825100353],[-56.7838806268893,-19.79658831589551],[-56.78421122666674,-19.79591177570541],[-56.78479443521485,-19.795771399627995],[-56.78521423514877,-19.796304600474507],[-56.78531122433344,-19.79671939747975],[-56.78575500738765,-19.797556712169936],[-56.7862981475414,-19.797829280494465],[-56.78653468812524,-19.797777670200748],[-56.786732181045295,-19.797389515611226],[-56.786621576124794,-19.79651194546749],[-56.7866572306466,-19.794564219860412],[-56.78705162473261,-19.79325650757933],[-56.7873220571671,-19.792814051924633],[-56.787717167113556,-19.792276680921734],[-56.788534534840835,-19.791571023381724],[-56.78905333304482,-19.791266013813186],[-56.789340302213134,-19.79116988617899],[-56.79031571859549,-19.790959821636093],[-56.790964551572756,-19.79093857065626],[-56.79137737186812,-19.791007220404556],[-56.79264524418255,-19.791452500829966],[-56.79329771671615,-19.791427742494022],[-56.79367550302203,-19.79131352679554],[-56.7941485158413,-19.790821897110572],[-56.79446158873129,-19.790041940281],[-56.79462433544455,-19.789201108342187],[-56.79556581321168,-19.787698230586663],[-56.79569708455278,-19.787315293863454],[-56.795661705223495,-19.787029699758648],[-56.79555724357192,-19.78692141598833],[-56.79539129886933,-19.787003613124007],[-56.793872414080624,-19.788267920525886],[-56.79345748127764,-19.78817756923722],[-56.79331556646008,-19.787977761462265],[-56.793275313704726,-19.787206311319995],[-56.793744222018056,-19.786524416566422],[-56.7942220327206,-19.78620123259865],[-56.79624518087036,-19.785430350827873],[-56.79708655060369,-19.785347794862723],[-56.79767615513032,-19.78540739383401],[-56.798307615004376,-19.785742655696858],[-56.798511344722726,-19.78598256963759],[-56.79977684372619,-19.7882759820487],[-56.79958305241581,-19.78966532489254],[-56.79967519335531,-19.789853278703546],[-56.80094116000646,-19.790708469218107],[-56.80214220459902,-19.791786828297173],[-56.80261069023113,-19.791926621613918],[-56.80309447782787,-19.791578569593014],[-56.80473231774221,-19.790543117168824],[-56.804957339809334,-19.790501257324845],[-56.80544384425799,-19.790583495829395],[-56.80564633740846,-19.790746489856225],[-56.80584197053042,-19.79166151136735],[-56.805931940506525,-19.79181819665018],[-56.80642080297764,-19.792064860002984],[-56.80870376256854,-19.790492719161325],[-56.80950999399095,-19.790025869396104],[-56.80968156125499,-19.789575638202894],[-56.80944858738235,-19.78847515400289],[-56.80971937864637,-19.787401146743253],[-56.8099020363498,-19.787004220166352],[-56.8100001640762,-19.786974002945627],[-56.81006113271497,-19.78678821740011],[-56.81004799901592,-19.786774107037175],[-56.810072785230716,-19.786509046253304],[-56.809654881067786,-19.78569614545862],[-56.80851847704605,-19.784129069598773],[-56.80852745857527,-19.78358756980841],[-56.80861666232909,-19.783093764663406],[-56.80891687761174,-19.78258422947647],[-56.80944236047651,-19.781999221384826],[-56.81025232048813,-19.78134498528081],[-56.81140149218504,-19.780758504998968],[-56.811965871627585,-19.78058815901425],[-56.81258997234926,-19.780420434553374],[-56.81302581618843,-19.780322915667966],[-56.81358550746512,-19.780275879326393],[-56.81459533280833,-19.780460067675968],[-56.81537367805265,-19.78073138144605],[-56.81604673157136,-19.78113132434911],[-56.81650752350333,-19.781223019224885],[-56.81703400101827,-19.781233707667443],[-56.817550389039134,-19.78101356981834],[-56.81778083401821,-19.78074534791732],[-56.81788820137927,-19.78013112624843],[-56.819529115176465,-19.778619037636467],[-56.82026463020844,-19.778121157663293],[-56.82084763820785,-19.77782378783554],[-56.824656659177435,-19.776528195717717],[-56.826223707158306,-19.775441388407447],[-56.82667381784239,-19.774800470363488],[-56.82681568859312,-19.774306458374422],[-56.827207448564884,-19.771441409891338],[-56.82763764646012,-19.76988187394759],[-56.827178303335984,-19.76595508315889],[-56.82705479314411,-19.764028357621],[-56.827566574837476,-19.75849255018959],[-56.82801576731379,-19.757548742279212],[-56.82851124879505,-19.75702030694017],[-56.82966756020966,-19.75623683466078],[-56.83118083772541,-19.75542612371522],[-56.83316293092445,-19.754607208254555],[-56.83437794738427,-19.75432766568785],[-56.835877559701544,-19.754126249925132],[-56.837098610612315,-19.753812003419906],[-56.83804582155739,-19.753225533929957],[-56.83869620136853,-19.752223095618064],[-56.83981717302402,-19.74936344216791],[-56.84038278183982,-19.748538222459796],[-56.84164936182856,-19.74791963098497],[-56.84275136768133,-19.74815303923018],[-56.84329322989856,-19.748588211275717],[-56.84360903043239,-19.74916683238211],[-56.84368993344361,-19.74981362659637],[-56.843185700659426,-19.75114852898008],[-56.842419263338286,-19.752006439943933],[-56.84125598397645,-19.752971439479055],[-56.84096615406475,-19.75341690156739],[-56.841089739799536,-19.753848547371202],[-56.84217085620003,-19.754327373408135],[-56.84274916074508,-19.754472166955605],[-56.844415246566314,-19.75397605954616],[-56.845295444529086,-19.75337876311801],[-56.84580320805151,-19.752324624580442],[-56.84590324324,-19.75113649874914],[-56.84564159358456,-19.750322890187952],[-56.84359962891972,-19.74772614724273],[-56.84346144898666,-19.74738258373797],[-56.84341044123886,-19.746495222675218],[-56.84362739099129,-19.745460854833464],[-56.84399453651861,-19.74444758418753],[-56.845858075689584,-19.741577798075827],[-56.84667994002717,-19.73984766343791],[-56.847021163495874,-19.738874112249473],[-56.84791307602757,-19.73426254078269],[-56.84883694776687,-19.733013386058083],[-56.85007924965748,-19.732050815591755],[-56.85214892513272,-19.73169201487381],[-56.85431131171754,-19.732380068184817],[-56.85533568629285,-19.733188945412692],[-56.856269277005424,-19.734427047469435],[-56.856933132258234,-19.735786233347028],[-56.85710460779137,-19.736417279532905],[-56.85732975936088,-19.736858883529713],[-56.85759275979791,-19.737047697991915],[-56.858000335247254,-19.73714442727249],[-56.85821255726365,-19.73675745529138],[-56.857877154207195,-19.735184149827735],[-56.85576069689859,-19.732752712167063],[-56.85443281192471,-19.731659517871652],[-56.85224111463572,-19.73070858643133],[-56.848726870748465,-19.730393926237884],[-56.848117889429034,-19.73022166199935],[-56.8475965974049,-19.72989917680483],[-56.8468087787021,-19.728847908903163],[-56.84667816746338,-19.72756999565812],[-56.846710676156704,-19.727048333113427],[-56.846860896213286,-19.726645207509655],[-56.84731554397706,-19.725884176013285],[-56.8485433011324,-19.724433934677666],[-56.849016292367935,-19.724022939106774],[-56.84938412048074,-19.723808947224448],[-56.84954813433882,-19.72366672393953],[-56.84958903550552,-19.72360502954782],[-56.848948457405356,-19.723617276515455],[-56.84835867571229,-19.723562537480536],[-56.845931788621094,-19.7226342716537],[-56.84538984186764,-19.72276567159786],[-56.84453312880078,-19.723449780482404],[-56.843167384167366,-19.724921970671794],[-56.84289903276414,-19.726282947998932],[-56.842949893922366,-19.726548145479867],[-56.84308325259002,-19.726729589098564],[-56.843369274772165,-19.727041885873685],[-56.84424069984834,-19.727652240457846],[-56.844481767619406,-19.727908970821684],[-56.84457868395907,-19.72825804537173],[-56.84429394061283,-19.729051721359152],[-56.843838268521154,-19.729562998532785],[-56.842702583956964,-19.73029118678797],[-56.84226259064593,-19.730451460365842],[-56.84168300636554,-19.73049329952535],[-56.84116739176165,-19.730354909150915],[-56.84074613762414,-19.72963855057791],[-56.8406936558875,-19.728942267570865],[-56.840404540936724,-19.728632883699913],[-56.84001887477115,-19.728465956937622],[-56.83934658477699,-19.728537663481653],[-56.8383882734999,-19.728697663665397],[-56.83697613374154,-19.72832934182499],[-56.83661841670653,-19.728158077632507],[-56.83644452469497,-19.727957643030052],[-56.836371918828945,-19.727738488140027],[-56.836377855253716,-19.727340154124118],[-56.8365115295834,-19.727166198260807],[-56.837690108211866,-19.72629342060419],[-56.83777364893472,-19.72607746909928],[-56.837721327277386,-19.72588772833537],[-56.83754225517083,-19.72561419413912],[-56.837236596291795,-19.725497721142272],[-56.83685045888143,-19.725863776691337],[-56.836204645827706,-19.726464132613003],[-56.83563220666099,-19.72658278646577],[-56.83496449961194,-19.726567304636724],[-56.8344752783114,-19.72663744546106],[-56.83429446601667,-19.72702846888801],[-56.83437553180534,-19.727601346923947],[-56.83424906014596,-19.7277460577337],[-56.83402853468908,-19.727882385962662],[-56.83386981603911,-19.727920893134034],[-56.83337516103484,-19.72801507013864],[-56.83314547868082,-19.727963042559708],[-56.83266881461395,-19.727628212371407],[-56.8325446955812,-19.727073806410367],[-56.83211614074719,-19.726807545031463],[-56.83149272351034,-19.72667000811373],[-56.82982519157929,-19.725734593575993],[-56.82958433964552,-19.725790844371346],[-56.82880047706027,-19.7263462557744],[-56.82848192370176,-19.72710035889376],[-56.82793048190615,-19.727287192149493],[-56.8275278068627,-19.72673519637153],[-56.82703297019532,-19.72621982728255],[-56.82673786396123,-19.725796515496107],[-56.826801435237996,-19.72547606996407],[-56.826649368873234,-19.725198283773167],[-56.82631392354863,-19.725072495598607],[-56.825593055774846,-19.723963718750053],[-56.8255582025489,-19.72382568990305],[-56.825593415503704,-19.723600336885475],[-56.826188554458156,-19.72350945499678],[-56.82705970524114,-19.723770987740256],[-56.82717553702139,-19.72373370724423],[-56.8273185625016,-19.72348826966734],[-56.825712325663176,-19.721900574151576],[-56.82541301150121,-19.72187347847768],[-56.82520705056481,-19.721974943588236],[-56.82459065343585,-19.722901521387524],[-56.824002265691895,-19.72233580645172],[-56.83305534053136,-19.69680989556027],[-56.837782546826986,-19.683538753011426],[-56.85042298223482,-19.648290695060897],[-56.8733441624031,-19.62112394771397],[-56.87374473393231,-19.620920916768934],[-56.874174065780494,-19.62069864392927],[-56.87422987860589,-19.620216910384144],[-56.873761298545,-19.618074103838897],[-56.873405430516186,-19.618003146430098],[-56.87331526538714,-19.61800065261018],[-56.87296483735724,-19.618226429208487],[-56.872688597101046,-19.61834847440466],[-56.87254643047333,-19.6184674412215],[-56.87218098286604,-19.619063403955025],[-56.87194955942459,-19.61922374498187],[-56.871681744916486,-19.61912647071216],[-56.8714193173476,-19.61869000184421],[-56.87126533632613,-19.618647508877554],[-56.87115650486868,-19.618701666950436],[-56.87112743248496,-19.618962823777405],[-56.87099840045573,-19.619238020820095],[-56.870885991495186,-19.619324096731713],[-56.87060526092398,-19.619397926575118],[-56.87040926717384,-19.61932533329957],[-56.8690327855345,-19.61843234338007],[-56.8683741211687,-19.618139230043525],[-56.86800901620308,-19.618062612301784],[-56.86782842334304,-19.618202018010805],[-56.86766086435739,-19.61841726714513],[-56.86758521698414,-19.618721523981232],[-56.867584691779996,-19.61906063044581],[-56.867582975873574,-19.62033247506568],[-56.867411958994694,-19.620515041937704],[-56.86721275736278,-19.62058224647555],[-56.8667196015283,-19.620572040069625],[-56.86629961453548,-19.62041811480614],[-56.865794625421586,-19.620184628320022],[-56.86500422836241,-19.619568965937102],[-56.864883529451276,-19.619389633027147],[-56.86482008587819,-19.619177988375565],[-56.864756617124044,-19.618222540539897],[-56.864713994655,-19.61813336376586],[-56.86443174872619,-19.618033155008206],[-56.86363318942012,-19.617956163148538],[-56.86313727986151,-19.617742113709696],[-56.86173788349646,-19.617280292953307],[-56.86129377938437,-19.617419225618843],[-56.86116558912062,-19.61755615819219],[-56.860966123088076,-19.617917360100243],[-56.860693755312525,-19.618273967371675],[-56.86045976970251,-19.61861455052312],[-56.86027981715978,-19.618703563620638],[-56.86003224369307,-19.61868154282105],[-56.85981219038018,-19.618555746552513],[-56.8597126678053,-19.618391116658838],[-56.859670346609164,-19.617733133978934],[-56.85961083307336,-19.61750266831557],[-56.859461926026995,-19.617242261523312],[-56.8593133526291,-19.61719479620496],[-56.85785599405881,-19.617365251007588],[-56.85765846516591,-19.617349128861292],[-56.857438461315844,-19.617275909657614],[-56.857258069903935,-19.61715226906404],[-56.85722626897712,-19.61708814920081],[-56.85727627488012,-19.616895771624588],[-56.857502044283876,-19.616744504757104],[-56.857623512115254,-19.61651279443205],[-56.85754820018923,-19.615976826371636],[-56.857515014306436,-19.61510887717515],[-56.857572806539686,-19.61491350935313],[-56.85776098697989,-19.6145458278299],[-56.858388992557934,-19.613735418157177],[-56.8584280429198,-19.61352998152567],[-56.85838637912792,-19.61346239567523],[-56.85822808945471,-19.61341426845597],[-56.85743197090869,-19.613266779640398],[-56.85728500549857,-19.613079271893117],[-56.85738909303216,-19.612444926994055],[-56.85734444618913,-19.612251650995134],[-56.857248708860766,-19.612127347601156],[-56.85702357527771,-19.612046545314072],[-56.85630649814635,-19.61176125338133],[-56.85623363597342,-19.61157337781137],[-56.85627199295806,-19.61135383081692],[-56.85638755763961,-19.611280725827136],[-56.85657145460891,-19.611251228064006],[-56.85674812012951,-19.611301751077207],[-56.85742876752357,-19.611302617124394],[-56.857506084937825,-19.611207736849884],[-56.85809377660644,-19.609998399608646],[-56.858137204867944,-19.60957858708442],[-56.85804121393079,-19.609407756365194],[-56.85790913769648,-19.609336800755077],[-56.85770939647142,-19.609337530105257],[-56.85749885618725,-19.6094269083275],[-56.857275568012994,-19.609462084410012],[-56.8570059314784,-19.609374593864768],[-56.856708735219854,-19.609217206211415],[-56.85629865515875,-19.608763224845234],[-56.856081010230355,-19.60873310565062],[-56.85601231011998,-19.60878701551058],[-56.85601107984735,-19.609105907014325],[-56.85589766904218,-19.60923239845879],[-56.85567630092049,-19.609260100275705],[-56.85557946911718,-19.609229572788852],[-56.85546005173995,-19.608987228879744],[-56.85548334867757,-19.60857016108639],[-56.85525225798528,-19.60855433751505],[-56.85431096637797,-19.608797712047135],[-56.85311023924612,-19.60872700464983],[-56.85284251107299,-19.6086574277005],[-56.852734003371495,-19.608549785146806],[-56.85271295473904,-19.608373538710218],[-56.852699408251056,-19.608070913244383],[-56.85300483870219,-19.607526970895396],[-56.85285271837819,-19.606933292439837],[-56.85291587326884,-19.606490671309867],[-56.85317244804992,-19.606233931952826],[-56.85324977895408,-19.60621113683692],[-56.85347895229171,-19.606248098973023],[-56.853915190033945,-19.606233434627715],[-56.853977857492,-19.606208089933816],[-56.85403784497055,-19.606030446850028],[-56.85395850228292,-19.605940835703343],[-56.85383111241589,-19.605881465159833],[-56.85293072557249,-19.605630699099898],[-56.852557846867,-19.60541036789661],[-56.852321421396425,-19.605331311193456],[-56.85127114904424,-19.605165429443474],[-56.85094550183334,-19.60522496546221],[-56.85070223881712,-19.605360925868435],[-56.850542150499734,-19.605567932716284],[-56.85035851073662,-19.606118567820083],[-56.85028023374576,-19.607377903769606],[-56.85023610671078,-19.60780754768259],[-56.84994953144565,-19.608154269606196],[-56.84967282354194,-19.60833678431743],[-56.84909269247373,-19.60858385596252],[-56.848427714867114,-19.608970076110477],[-56.84803474440787,-19.609274452556214],[-56.84763810021809,-19.609727875443433],[-56.84739842369828,-19.610599702516538],[-56.84717673182064,-19.61078313993226],[-56.84674199144973,-19.610703460898318],[-56.84573599721847,-19.609788045484233],[-56.84551100572821,-19.609818252812403],[-56.845195758277555,-19.61027030333413],[-56.84487483520536,-19.61056425663742],[-56.844774433093505,-19.610738904978803],[-56.84475195184109,-19.61124814249006],[-56.84505139100884,-19.611549958565977],[-56.845180557037054,-19.611800753404307],[-56.84517396680502,-19.61202182744764],[-56.844989961017795,-19.6123220679113],[-56.84461698158833,-19.61249382043571],[-56.84388568707477,-19.612938527992867],[-56.84374935255056,-19.613001495824612],[-56.84341862147205,-19.613018216919436],[-56.842200594082044,-19.612562733685483],[-56.84200792062899,-19.61230743144507],[-56.84197039731589,-19.61204391569636],[-56.84205039201191,-19.611846067544228],[-56.84254903550953,-19.611514576538728],[-56.84237411017699,-19.61120671611928],[-56.841706859084184,-19.610970844631073],[-56.841374248422774,-19.610684504988235],[-56.841012197554846,-19.610145749928748],[-56.840777661559684,-19.609947968326395],[-56.840670133220044,-19.609915537874105],[-56.840567196818654,-19.609947320814467],[-56.84043441911314,-19.610093958871367],[-56.84061735290845,-19.610617120585914],[-56.84122645743498,-19.610976558923305],[-56.8413827290296,-19.611204129669133],[-56.84151669563885,-19.61160705832131],[-56.84140794601984,-19.61191337100755],[-56.841138217754526,-19.612069654293318],[-56.84070712773166,-19.612108510401722],[-56.84003473251687,-19.611978530487043],[-56.839729670787555,-19.61181753565305],[-56.83917566862209,-19.611326861048024],[-56.83882661655508,-19.611128667556194],[-56.83838252413415,-19.611135738026167],[-56.83755755623605,-19.611371634695477],[-56.83696227878596,-19.611339048660376],[-56.83668317059181,-19.61115825435222],[-56.83615239341811,-19.611062039483823],[-56.835782446502606,-19.611374531411784],[-56.835487540817326,-19.611800169744328],[-56.83540148019409,-19.612102636929443],[-56.83539881460359,-19.61336019581858],[-56.83519015210367,-19.613928454037172],[-56.834833492671464,-19.614317004328505],[-56.8344468138693,-19.614403468747316],[-56.83427447408769,-19.614340267091862],[-56.83404119444549,-19.614043101410196],[-56.83385200046939,-19.61390792970943],[-56.83360627331074,-19.613847442207856],[-56.83343494256843,-19.613890127629443],[-56.832952436505714,-19.61443253483579],[-56.83292859278032,-19.61463377702934],[-56.8329926146173,-19.614989102767087],[-56.83292644070258,-19.61532882976382],[-56.83267359361139,-19.615670985829517],[-56.832473225558886,-19.615826144962774],[-56.83219424776627,-19.615850674870934],[-56.83198530018143,-19.615705777901482],[-56.83193106386739,-19.615540014861942],[-56.83243840470857,-19.613885420577812],[-56.83257127864158,-19.61375958473926],[-56.83301496726688,-19.61341911760046],[-56.83292697040332,-19.613281540213098],[-56.832667632904815,-19.613274592950336],[-56.83213864268413,-19.613513934022976],[-56.831674635675824,-19.61363446206296],[-56.8313124229299,-19.613613622073146],[-56.83027288488562,-19.613074010859123],[-56.828837799824555,-19.613033792277854],[-56.827822571354545,-19.613169264352322],[-56.827100012855276,-19.613055319349712],[-56.82671548703007,-19.61284962191474],[-56.82655576113934,-19.612686555042725],[-56.82657317830951,-19.612493833925452],[-56.826599623773575,-19.612297700780527],[-56.8259102466605,-19.611100184228395],[-56.8258887780446,-19.610974561529073],[-56.82614681062677,-19.610556910075672],[-56.82618631874345,-19.610408289013613],[-56.8258750696786,-19.60964121317371],[-56.826062591815116,-19.609034982880512],[-56.82618687182662,-19.608908977969282],[-56.82631084786727,-19.608902376046085],[-56.82656810073713,-19.609291777995423],[-56.82666032981029,-19.60938019754045],[-56.8267623632924,-19.60938418783227],[-56.82691493507616,-19.608745436255155],[-56.8267531983014,-19.60853656151545],[-56.826705566608496,-19.608330380245146],[-56.82676788153247,-19.607957288400453],[-56.82683918428092,-19.60783927936156],[-56.82757622276437,-19.607448291008236],[-56.82776199751812,-19.607135525686356],[-56.8277533379461,-19.606618595374286],[-56.82764349385212,-19.606469829521412],[-56.827570523760635,-19.606423813010906],[-56.82732543512065,-19.606265186991212],[-56.827155742943035,-19.606117749437043],[-56.82714018197379,-19.605989891023064],[-56.827185490717675,-19.605653875528343],[-56.82753943779477,-19.60528102829928],[-56.828388375323186,-19.605139274460296],[-56.828450708233504,-19.605042752023767],[-56.828431783799665,-19.604934479045337],[-56.82874733881857,-19.604405752326088],[-56.828763259516734,-19.604322297038763],[-56.82866778568968,-19.604188996827187],[-56.82847734165597,-19.60428163239389],[-56.82835761311326,-19.60429026138893],[-56.82824239646931,-19.604211208283054],[-56.82823458046147,-19.604008694448112],[-56.828463512780786,-19.603875414920875],[-56.82849426599756,-19.603779538197625],[-56.82846330683611,-19.6036255301965],[-56.82833251573299,-19.603552242644305],[-56.827727559778964,-19.60332148200327],[-56.82743039859395,-19.60319638360865],[-56.82726296101675,-19.602973233930097],[-56.82720008491589,-19.60279800822392],[-56.82729074017544,-19.602309254570905],[-56.827268278708004,-19.60210758699803],[-56.8269231737654,-19.60101503481851],[-56.82656300877579,-19.600564321588735],[-56.826437022750326,-19.60056347352802],[-56.82578168677526,-19.601346981780303],[-56.82536349662802,-19.60198067377154],[-56.82533454745129,-19.60197176868473],[-56.82504669065219,-19.60175517686241],[-56.82494025049209,-19.601591565900556],[-56.824771896505695,-19.600785050292327],[-56.82405043158201,-19.599677612534315],[-56.823892919822356,-19.599513996176533],[-56.8237276217323,-19.59943862669389],[-56.82351047143101,-19.59946719096064],[-56.82335236432005,-19.599627201936414],[-56.82313235507411,-19.600102651918455],[-56.822993480864405,-19.600207568626935],[-56.82265940161,-19.600174932229873],[-56.8224007520929,-19.59997492300685],[-56.82238241851371,-19.59996182797856],[-56.82208497044496,-19.599319134672903],[-56.82194884456346,-19.59912276680479],[-56.821905084452,-19.599052617886592],[-56.82153812508432,-19.59884613714207],[-56.82138497953315,-19.598715480937322],[-56.820832909111395,-19.598099052332014],[-56.820484272531075,-19.597510377704392],[-56.82030523280014,-19.596843238127583],[-56.820362953087795,-19.596180096936585],[-56.82096977963158,-19.59453231861427],[-56.82097953817504,-19.594366292972683],[-56.82025247766967,-19.593935606745596],[-56.82000845292766,-19.59383995125549],[-56.81935154943443,-19.59377487181562],[-56.81897756366356,-19.593862669928996],[-56.81893779744133,-19.594717367615093],[-56.81879553278759,-19.595213046047892],[-56.81833100866902,-19.595826020357258],[-56.817965065535304,-19.596532153638655],[-56.81805845563315,-19.59792139575847],[-56.81805116213139,-19.59793625075995],[-56.81784811140119,-19.598217331167433],[-56.817628585091086,-19.59841729542447],[-56.81753246645013,-19.598691350328142],[-56.817190158399065,-19.599966378548107],[-56.81664812710932,-19.60048293923885],[-56.81659259936891,-19.60056695660231],[-56.81659197164214,-19.60065717389202],[-56.81662669446621,-19.60072215620508],[-56.81725923802338,-19.6007811292483],[-56.817737290643436,-19.601010595764947],[-56.81792461133165,-19.601334394868903],[-56.817784215469146,-19.60159521265149],[-56.81748607312369,-19.601694630905],[-56.81742275095911,-19.601687517267578],[-56.81711223124444,-19.60153729811038],[-56.81685112208146,-19.601478482448563],[-56.8166582912471,-19.601460807173055],[-56.816288921696355,-19.601530367035366],[-56.81585910421422,-19.601701569174626],[-56.815612885126434,-19.60186186073871],[-56.81551141102272,-19.602058754710235],[-56.81554787943105,-19.60254935467149],[-56.815748466918194,-19.602674278597565],[-56.816337769272586,-19.602849372103343],[-56.81675519769419,-19.603162332578073],[-56.817588951069126,-19.603040786505545],[-56.817784337776914,-19.603112468767915],[-56.81793088050563,-19.60335769590337],[-56.81787122397776,-19.603592178838493],[-56.81753132161317,-19.603773627853066],[-56.816899372507976,-19.6038947026808],[-56.816554442033805,-19.6039069685342],[-56.816108965556225,-19.60386056531524],[-56.81593024868198,-19.603868855265944],[-56.81586757852586,-19.603886653748532],[-56.815692362712355,-19.603976434866983],[-56.815616533676064,-19.60404881320454],[-56.81506418266582,-19.604967662230287],[-56.81491846641404,-19.605132813730815],[-56.81327353444589,-19.606245727460752],[-56.81264564667913,-19.60654101176071],[-56.812256864362666,-19.60673809458978],[-56.81202292731621,-19.606936639716523],[-56.811975962020995,-19.60713506073686],[-56.81197693688608,-19.607459686317803],[-56.811992260434295,-19.607822970156306],[-56.81202984580068,-19.608433287868305],[-56.81200331400169,-19.608493731302982],[-56.811937785800076,-19.60857727742171],[-56.8117688148788,-19.60858693164396],[-56.81153092800986,-19.60850348445064],[-56.810983142857594,-19.608177221204134],[-56.81079918473455,-19.607957506935705],[-56.81060591772888,-19.60752432508993],[-56.81054891420093,-19.60700717264527],[-56.81043051935296,-19.606713923511155],[-56.810326020829166,-19.606610260457554],[-56.80991133264183,-19.606488279113126],[-56.809565581985964,-19.606459168058503],[-56.809542784172095,-19.606469438316303],[-56.80943632152895,-19.606569694738013],[-56.80937015121145,-19.60673779151828],[-56.8092782800685,-19.607220709470454],[-56.80930903328522,-19.60766645034877],[-56.809429583808196,-19.60794597672778],[-56.809526917433175,-19.60802028411116],[-56.80972558666639,-19.608070424912526],[-56.810631879357686,-19.608483309059743],[-56.81081740679787,-19.60872287136572],[-56.810825674265395,-19.609133956868938],[-56.81066585574456,-19.60927444176432],[-56.81048676025574,-19.60934723918601],[-56.81006420120185,-19.609339467244954],[-56.80901084147707,-19.609125370142],[-56.80873489889638,-19.60893456907745],[-56.807568594215184,-19.608294802165748],[-56.80748837109138,-19.608178838185218],[-56.80747155556776,-19.607937636415173],[-56.80754175215009,-19.607831304173683],[-56.80772218403149,-19.60776995422233],[-56.808032690256425,-19.607497804982042],[-56.80820195255802,-19.60713206419578],[-56.80807581364786,-19.606098834895647],[-56.808077418937614,-19.605256466015494],[-56.80803629653781,-19.60512244095034],[-56.807946650317604,-19.60500711908574],[-56.807635636875034,-19.604813582283427],[-56.80744946731903,-19.604772062383216],[-56.80728735282901,-19.60479168109359],[-56.80716151788971,-19.604916977339062],[-56.80591998491935,-19.607075512127583],[-56.8056457096817,-19.607580384329673],[-56.80545171152721,-19.60770843339988],[-56.80448015863237,-19.60783527198261],[-56.80386947399693,-19.607817459110795],[-56.8035107506206,-19.607570596108506],[-56.80286913020615,-19.606517950445365],[-56.80278210820762,-19.60646440391149],[-56.80266826662711,-19.606516808306477],[-56.80219590941352,-19.606886932388406],[-56.80211452616431,-19.607143310217936],[-56.80214936410181,-19.6073345267694],[-56.80308744063285,-19.60803573806119],[-56.80430778197842,-19.609081328542842],[-56.804526893701166,-19.60939518923883],[-56.80440930104829,-19.60966197222458],[-56.804005481167906,-19.609763090196754],[-56.8032202471166,-19.609649225233877],[-56.80139090106917,-19.609931207661443],[-56.801256446128036,-19.60998550063262],[-56.800886076531185,-19.61017780446441],[-56.800753127055145,-19.61031814906557],[-56.80068450428632,-19.610778303378247],[-56.80052008033738,-19.611172272085007],[-56.80014517545931,-19.61130309106702],[-56.79997344631743,-19.611282619799322],[-56.79980949091521,-19.61123166511156],[-56.79938171579352,-19.610677172815596],[-56.79914483346721,-19.610621543451707],[-56.79888031317586,-19.610704577856204],[-56.79853093645346,-19.610942609516137],[-56.797690080233,-19.61190718816843],[-56.79727060585366,-19.61218213789762],[-56.79633072258474,-19.61258793538719],[-56.7959049142803,-19.61348014199716],[-56.79590450329015,-19.613685904183388],[-56.79565438564134,-19.61399546252281],[-56.79526218949838,-19.614046665423444],[-56.79502782167651,-19.613980666876476],[-56.79488515502584,-19.613874956965883],[-56.79469659866901,-19.61344242802788],[-56.79460114192909,-19.613376443870024],[-56.79421544428726,-19.61329839081018],[-56.79334877302734,-19.613921781966805],[-56.79239495386395,-19.614313658850467],[-56.791311323858395,-19.6145828439253],[-56.790169591353504,-19.614322357992663],[-56.78983695461171,-19.614429433074083],[-56.789654251942125,-19.614546119210228],[-56.78941416083484,-19.614866300341706],[-56.78943023891435,-19.615380795289628],[-56.78946203894191,-19.61566698024908],[-56.78953956320021,-19.615822410977657],[-56.789810739374104,-19.616199240404768],[-56.78979416037208,-19.616721328328776],[-56.78941038907817,-19.616955276167182],[-56.789263789692086,-19.616937663844237],[-56.78912532917058,-19.616867290994787],[-56.789015014731035,-19.616720066579852],[-56.78898298987298,-19.61646787059791],[-56.788916781784,-19.61634643064539],[-56.78876952949008,-19.616188619411346],[-56.788586918551296,-19.616074818300408],[-56.78808867525215,-19.615971381875937],[-56.787867376378244,-19.615805054961392],[-56.78751768309456,-19.615310450319207],[-56.78735969469409,-19.61525404753844],[-56.787052176017085,-19.615289338734154],[-56.78640231691338,-19.615774981632217],[-56.786438483149425,-19.615854138160138],[-56.78650258592558,-19.615884165623857],[-56.78659129505212,-19.615869872698603],[-56.78702439955629,-19.61577454006509],[-56.78717126154447,-19.61582370240408],[-56.78736257792053,-19.616187629257784],[-56.78786662544434,-19.61664682849046],[-56.78807885015868,-19.616928144520394],[-56.7881291798177,-19.617238114749348],[-56.78847388995803,-19.618191441983562],[-56.788450006662465,-19.618325764724293],[-56.78835204261259,-19.61842227636899],[-56.78809941315734,-19.618523447401248],[-56.787660293987365,-19.618601993289438],[-56.78649714322853,-19.618084594430613],[-56.786369764153164,-19.618112700942476],[-56.78620864341411,-19.618344990431105],[-56.78597567583672,-19.61928230613558],[-56.78589212881866,-19.619557092188078],[-56.78568042391237,-19.61975492145455],[-56.78534514406306,-19.619818294880407],[-56.78516315455585,-19.619697169690642],[-56.78506412660807,-19.619486719338678],[-56.78547332443434,-19.618715113613593],[-56.78543709884292,-19.61855150894709],[-56.78525943147747,-19.618372810958558],[-56.78501904269456,-19.618347589471714],[-56.784888902700686,-19.618390720957137],[-56.784851412662476,-19.618454405548416],[-56.78329481480381,-19.618507845063075],[-56.7824112731617,-19.617477184226797],[-56.780995236640706,-19.617595187869764],[-56.77897351391647,-19.616898339189113],[-56.77740785898533,-19.61550765365745],[-56.777368997481176,-19.613564023563047],[-56.77736899478316,-19.61356389585931],[-56.777368889562524,-19.613563889564077],[-56.74610306020793,-19.611716109213358],[-56.74861805927594,-19.606618059378306],[-56.75611971994903,-19.584017779799634],[-56.75805611050106,-19.578183059303893],[-56.72557749950199,-19.575958329916123],[-56.72754638975397,-19.549495829073155],[-56.733837500000504,-19.464804439878982],[-56.70274471999278,-19.4769424996024],[-56.666920829732476,-19.49091666917432],[-56.63974841575663,-19.50208377135407],[-56.63974617284749,-19.502084688662517],[-56.63655358947648,-19.492238980150113],[-56.63436744460182,-19.487572985310475],[-56.63422128858156,-19.48650609528555],[-56.63422127599103,-19.486506048520823],[-56.635025440771294,-19.48358438681545],[-56.63542772371045,-19.482122731284548],[-56.63504947964975,-19.48001675467513],[-56.63296322607192,-19.480311655863872],[-56.62840147974441,-19.480956413113596],[-56.62288889640536,-19.481735401373218],[-56.622888900002636,-19.48173536989696],[-56.622526100898824,-19.47599581026422],[-56.6190937294919,-19.421673284601468],[-56.61885797311686,-19.42102141821103],[-56.61853321443613,-19.42012348651689],[-56.61907523313545,-19.41807255471188],[-56.61899108087351,-19.416587338741937],[-56.61884214055226,-19.413959134813492],[-56.61770024527005,-19.411783759320453],[-56.618075590815806,-19.410651474193514],[-56.618609259309835,-19.40991995125218],[-56.618487710539284,-19.407737268767466],[-56.61835289047343,-19.405316434113697],[-56.619125532217424,-19.40494980659586],[-56.620198284922886,-19.4044407309625],[-56.62012784552354,-19.40245539480814],[-56.619056397734475,-19.399789358199936],[-56.57910696651327,-19.399421384397062],[-56.57836611850155,-19.385576758568636],[-56.57836611850155,-19.385576713602532],[-56.57764271463947,-19.37210667159396],[-56.576851013563385,-19.35790871742215],[-56.56099668175136,-19.357846871944382],[-56.54932496277678,-19.357726037235636],[-56.54962015444653,-19.36565764579231]]]},"properties":{"OBJECTID":13,"NOME_UC":"Parque Estadual do Pantanal do Rio Negro","complement":null,"nome":"Parque Estadual do Pantanal do Rio Negro","Shape__Area":0.2948656493798554,"Shape__Length":4.2538226216022945}},{"type":"Feature","id":14,"geometry":{"type":"Polygon","coordinates":[[[-51.67074194848209,-20.747391949952156],[-51.66935873541729,-20.74857084334346],[-51.66788797784785,-20.749602367528958],[-51.666924981102966,-20.750175433523104],[-51.66435115468198,-20.751157827745224],[-51.661847364764014,-20.752074722544027],[-51.659763791165965,-20.75279513616014],[-51.65988402782556,-20.764090625555177],[-51.65928182289776,-20.764138774358162],[-51.65885342904244,-20.76417562407913],[-51.65869981404507,-20.764126898810662],[-51.65843197975204,-20.764120822990932],[-51.65680334979464,-20.763914683988784],[-51.65653651374902,-20.763654189962267],[-51.656355241900826,-20.763472336252676],[-51.656028537986515,-20.763321766359752],[-51.655760386232714,-20.763176053705205],[-51.655600465189195,-20.76307982264901],[-51.65537985699473,-20.76288453396736],[-51.654022360043825,-20.762174873544925],[-51.65314879817839,-20.760914720111554],[-51.65310160805274,-20.760426809123395],[-51.653189153456594,-20.759943829117827],[-51.65280155105063,-20.759583150615228],[-51.65290088476797,-20.759483632537005],[-51.65293882176917,-20.759282294115955],[-51.65313093674331,-20.758981835117027],[-51.65322028798579,-20.758730475504542],[-51.65340318850622,-20.758324713088456],[-51.65349452545195,-20.758120944699357],[-51.65351954189321,-20.75776150186531],[-51.653500342266966,-20.757504765206182],[-51.653488799468455,-20.757350421758012],[-51.65341167990499,-20.757040519877577],[-51.65338840185325,-20.75673025287239],[-51.65325676268941,-20.756417958795286],[-51.653128688438194,-20.75615680556565],[-51.652954009519874,-20.755998765004527],[-51.65276883731195,-20.75568555361896],[-51.65258375323759,-20.755372084127924],[-51.65228914522777,-20.75505656508191],[-51.652113441082406,-20.754897366194083],[-51.65197655527379,-20.754528835710808],[-51.651801563391366,-20.754332144086735],[-51.65178014963414,-20.754105422300945],[-51.651657113385006,-20.753755000566414],[-51.65161334158239,-20.753652670308014],[-51.65160020968182,-20.753374330134797],[-51.6515870777813,-20.75310826930482],[-51.651700886086985,-20.75276853061671],[-51.651745600379115,-20.752291362030288],[-51.65187866316967,-20.751912625141145],[-51.65202703961609,-20.751697573857605],[-51.65238849243485,-20.751375696604683],[-51.65248990358606,-20.751266994649615],[-51.65285035995606,-20.750941085736176],[-51.65290588409914,-20.750941791703983],[-51.65327704599883,-20.750726331228844],[-51.65343508296269,-20.750618094223263],[-51.65377078909057,-20.749983424668933],[-51.653769876278716,-20.749964268210025],[-51.65367989371209,-20.749868054241002],[-51.65361393653393,-20.74982940137943],[-51.65343893925558,-20.74977088788984],[-51.65332839638836,-20.749712615418563],[-51.653219701627904,-20.74969283033353],[-51.65315318147407,-20.749653975124488],[-51.65303784701899,-20.749498974271898],[-51.65296921795499,-20.74942122518305],[-51.65283548247152,-20.749342990460274],[-51.65279019710988,-20.749303936501196],[-51.65270149337914,-20.74926460645015],[-51.65252279179333,-20.749166355516603],[-51.65247727350731,-20.749127138780093],[-51.652388223537635,-20.749087635159892],[-51.65216385168032,-20.748988382381658],[-51.65207490333404,-20.74896812155528],[-51.6520062886592,-20.748928328353397],[-51.65188918523768,-20.748829011723195],[-51.651820311558026,-20.748789047650092],[-51.651789010654284,-20.748670153678376],[-51.65178131605484,-20.748570965651236],[-51.65185916496847,-20.748432562686315],[-51.65189891500285,-20.748373179552274],[-51.65198173267078,-20.74829424965365],[-51.65219271811935,-20.74817572350451],[-51.652337567424695,-20.74805618651753],[-51.65246247516308,-20.74795645440059],[-51.65256702584753,-20.747876564925257],[-51.65263042895111,-20.74783666470392],[-51.65273233472942,-20.747715946907192],[-51.65298679070776,-20.74755547188129],[-51.65309332529671,-20.747495142660455],[-51.65322347068656,-20.74745536744501],[-51.65339287418169,-20.747334007532125],[-51.653458096613804,-20.74731406326714],[-51.65358738405047,-20.747253614436495],[-51.65369372348647,-20.747192217720407],[-51.65378050356736,-20.747171823794318],[-51.65380249738729,-20.747171867861095],[-51.65388820277832,-20.747130865071153],[-51.65406112352201,-20.747069455764542],[-51.654190349804765,-20.747007939438628],[-51.65434389735293,-20.746987754155228],[-51.654474469021466,-20.746946799928665],[-51.654561915499926,-20.74692637542559],[-51.654670601267185,-20.746885285401294],[-51.65488599249454,-20.746740887555717],[-51.65499543369226,-20.746699965704487],[-51.655148054039444,-20.74659789804829],[-51.65530022292688,-20.746474740390703],[-51.65549619689194,-20.746309961209505],[-51.65562725779165,-20.746186552641046],[-51.655692901106356,-20.746124762921202],[-51.655714246515174,-20.74608320704816],[-51.655799808914026,-20.745916637316775],[-51.65586455920203,-20.745812200846146],[-51.6559272698276,-20.745662974540377],[-51.65596999571869,-20.745578177464722],[-51.65601345635588,-20.74551482112587],[-51.6560779467398,-20.745387478023474],[-51.65616288500911,-20.745173324263252],[-51.65620496698557,-20.745044115067632],[-51.656270406154306,-20.744936577734684],[-51.65629109505795,-20.7448295512166],[-51.65635695420996,-20.74470147246866],[-51.65635464744896,-20.744572057328373],[-51.656350015041085,-20.744312170344152],[-51.65632402913059,-20.74413776571911],[-51.65627663485879,-20.7440497571644],[-51.65622750309677,-20.74387404582442],[-51.65618012591193,-20.74378627199273],[-51.65613349066796,-20.743742169239546],[-51.65608596689384,-20.743654157986768],[-51.65599131234911,-20.743500302870515],[-51.65592049433525,-20.74339079692157],[-51.655873725991626,-20.743346805684265],[-51.65568714094877,-20.743214295077504],[-51.65552354167801,-20.743124093975606],[-51.65549992548108,-20.74310174042682],[-51.655358491800946,-20.742989398016164],[-51.655311602948075,-20.74296656243075],[-51.65514650720547,-20.74285354013256],[-51.655051999250304,-20.742785879638458],[-51.654861496760645,-20.742627007204423],[-51.65481239557557,-20.742537234179856],[-51.65471567079146,-20.74242371905315],[-51.65464105044407,-20.742266245064986],[-51.65461573452847,-20.742198820193174],[-51.6545893520169,-20.742087172958424],[-51.65439289871324,-20.741814593842346],[-51.654335994110795,-20.74169588153357],[-51.65426158060734,-20.741589448568032],[-51.65419592200407,-20.741507577886342],[-51.65413901740164,-20.74142161259128],[-51.654082113698564,-20.7413315544815],[-51.65402958609644,-20.74120465474492],[-51.65399894529503,-20.741065472967076],[-51.65395955049274,-20.740934478617127],[-51.653907022890735,-20.7407871103108],[-51.653889513989846,-20.74065202224693],[-51.65385887318837,-20.7405619632379],[-51.6538194783862,-20.74046371770033],[-51.65380634648568,-20.740332722451118],[-51.653780082684655,-20.740226289485484],[-51.653758196783315,-20.740144417904403],[-51.65375381888356,-20.74005845171014],[-51.65372317808204,-20.739841491165773],[-51.65374068788241,-20.73966546686168],[-51.65372317808204,-20.73950990932881],[-51.653714424081386,-20.739428036848363],[-51.65371442408139,-20.739370726651693],[-51.65367065137941,-20.73917423287842],[-51.6536706513794,-20.73897773910527],[-51.65367940627948,-20.738871305240526],[-51.65367940627948,-20.738764870476242],[-51.653644387578304,-20.73860931294342],[-51.653618124676655,-20.73846194193896],[-51.653591860875565,-20.738240884982762],[-51.65358310597548,-20.737446716166993],[-51.653810723486004,-20.736382359532286],[-51.65426595850716,-20.73569461738675],[-51.65494881013939,-20.7354817433618],[-51.65557913506899,-20.73580924047804],[-51.65589867408448,-20.735981176464175],[-51.65632764530454,-20.73600164503387],[-51.65659903551705,-20.735932051896665],[-51.6567741254255,-20.73569871110067],[-51.656822275127865,-20.73539577536879],[-51.65696234723447,-20.735158339959487],[-51.65719434174537,-20.734753060479395],[-51.657330036851704,-20.73440099838147],[-51.657251246347926,-20.733999809917396],[-51.656992988035945,-20.733713247242566],[-51.65679601222615,-20.73335299501873],[-51.656581526616094,-20.732620207630617],[-51.65655526281506,-20.73197338643671],[-51.65652899901397,-20.7315885674326],[-51.65645896341033,-20.73125287299581],[-51.65658590361653,-20.731019525005202],[-51.656822275127865,-20.730810738399],[-51.65710241934112,-20.730810738399],[-51.657395696354286,-20.730880334234218],[-51.6579078350785,-20.73099496182216],[-51.658406841902206,-20.730868052192942],[-51.65895837632798,-20.730446386165987],[-51.659312934044635,-20.730057468951234],[-51.65958870125746,-20.72971358438854],[-51.66013585778358,-20.72924278749872],[-51.66067426030884,-20.728774037466067],[-51.661409639543194,-20.728135387512367],[-51.66186487366497,-20.72751311061579],[-51.662565235097475,-20.726497811099367],[-51.66359826744605,-20.725629888882544],[-51.66452624548975,-20.725073106013316],[-51.665349169228705,-20.72476196216912],[-51.66611956626491,-20.725711768557545],[-51.66794050455059,-20.728004381471152],[-51.66969140723262,-20.730133205357248],[-51.6708820205887,-20.73186899403292],[-51.672317760356286,-20.73386676331455],[-51.67370097342109,-20.73591363018392],[-51.674191226243984,-20.737960470073585],[-51.67419122624398,-20.739204934833804],[-51.67399862653537,-20.74080962483811],[-51.67384104552781,-20.741742957445442],[-51.673718482322045,-20.742610787032003],[-51.67338581050666,-20.74356048190452],[-51.672562886767764,-20.744739405872632],[-51.671704944327644,-20.746049309801588],[-51.67074194848209,-20.747391949952156]],[[-51.665476339661275,-20.73929301893166],[-51.662043924187685,-20.739406574527695],[-51.658801462617305,-20.73949493381807],[-51.658741834867726,-20.73952753604086],[-51.65854127436023,-20.739707538046417],[-51.65850470073133,-20.739773424178082],[-51.658504592812676,-20.739811261354497],[-51.65851952335719,-20.739844576739777],[-51.65864706790769,-20.739851506915354],[-51.65874525858675,-20.739891612182106],[-51.65884611395694,-20.739979263706026],[-51.658844482586744,-20.740054365190655],[-51.65877455580108,-20.740101699207987],[-51.658560413732005,-20.74014700525403],[-51.6584747829848,-20.74017913803074],[-51.658367416522935,-20.7401795858931],[-51.65813423760494,-20.74013864785419],[-51.65801443531791,-20.74013842752028],[-51.65798057944017,-20.740155713389374],[-51.65796103357479,-20.740187083541016],[-51.65793956316025,-20.740278442070295],[-51.65785069755162,-20.740326589974075],[-51.657696282157644,-20.740371382507142],[-51.657546259052594,-20.740470789968878],[-51.65738940379782,-20.740442120481376],[-51.657309278700154,-20.740390493100683],[-51.65726913296402,-20.740387681819993],[-51.65713879062263,-20.740431762989378],[-51.657024397757716,-20.74035494469888],[-51.65688745439241,-20.740355008550765],[-51.65671552110439,-20.74024766277331],[-51.65665852746895,-20.740178323244955],[-51.65658190702936,-20.740162743389774],[-51.65654240071115,-20.74016868700917],[-51.65650973103919,-20.740190660144727],[-51.656429676088635,-20.740301434137745],[-51.65629112743352,-20.740305758078147],[-51.65624064848697,-20.740321390093985],[-51.65609577130277,-20.740317762228877],[-51.656030904102856,-20.74036080288267],[-51.65597604635741,-20.74046003677518],[-51.655819076888804,-20.74062891866356],[-51.655803259612696,-20.740714171695565],[-51.655721838591944,-20.740827397240473],[-51.65568919949692,-20.740972360759706],[-51.65573582484842,-20.74115320722864],[-51.65574314532973,-20.74130179681438],[-51.655793789751556,-20.741441439045087],[-51.655894842073224,-20.74155601447237],[-51.65596249357418,-20.74159215103081],[-51.65612622774313,-20.74161987083423],[-51.65628406865477,-20.741709910957507],[-51.65673953030506,-20.74185037606791],[-51.656965356366065,-20.742001802115304],[-51.65719464571629,-20.74204863610951],[-51.65733965060434,-20.74210865506429],[-51.657372582878345,-20.742175266049536],[-51.65735523945261,-20.742285094855067],[-51.657372666515236,-20.74231848488406],[-51.65737798780384,-20.74242970224283],[-51.657411176384585,-20.742515133340497],[-51.657324131903124,-20.74270601264624],[-51.65734280542608,-20.742739303749726],[-51.65742236305158,-20.742787672886614],[-51.65745319181127,-20.742843523483725],[-51.657457809829964,-20.742989872858228],[-51.657506152886526,-20.743089887362252],[-51.65759256874202,-20.743180988685534],[-51.6575628380545,-20.74324140963716],[-51.65756030466429,-20.743315292540494],[-51.657626247453265,-20.743353968784497],[-51.6578206296183,-20.7433790832519],[-51.65796275847447,-20.743452394186466],[-51.65808915998673,-20.743541158171684],[-51.65817440852208,-20.743568060491416],[-51.658277303554655,-20.74357958710213],[-51.65819529077998,-20.74362779615965],[-51.65813628985785,-20.743711796436095],[-51.658158968961175,-20.743741358950363],[-51.65839894315661,-20.74384155241954],[-51.658513263176474,-20.743961486906958],[-51.658539142067696,-20.744052193427844],[-51.6585374522416,-20.744105994469834],[-51.65848959841617,-20.74425247964207],[-51.65841351846905,-20.744329388764097],[-51.65826403765516,-20.74442426094472],[-51.65799266003319,-20.7445385350991],[-51.657723620648476,-20.744583434651613],[-51.65764882853057,-20.74460829820818],[-51.65761333228942,-20.744637695247278],[-51.657606243833015,-20.744708067197354],[-51.65754033521819,-20.74480341871665],[-51.65744281723221,-20.744926795808805],[-51.657331607967315,-20.74499683680831],[-51.65730878677101,-20.74502678333313],[-51.65722251390787,-20.745355082644775],[-51.656930488751016,-20.74561013487362],[-51.65675292660626,-20.745851933793507],[-51.65629163914782,-20.746297475921583],[-51.656261588301554,-20.74644881023821],[-51.65623834442397,-20.746533173840625],[-51.656209207289066,-20.74657848528258],[-51.65617213723431,-20.74674794993174],[-51.65619418591291,-20.746756837931486],[-51.6562019119886,-20.746829210873177],[-51.65613212549716,-20.747001143261926],[-51.65606428244059,-20.74706742239739],[-51.656007950706275,-20.74708673713697],[-51.65591706522037,-20.747156042491106],[-51.655724911575305,-20.7474037049907],[-51.657084928426684,-20.74772112880077],[-51.65920082006175,-20.74801907059724],[-51.659168179168034,-20.746843769098362],[-51.662071660178924,-20.743375512044107],[-51.665476339661275,-20.73929301893166]],[[-51.662446325837095,-20.743365122176492],[-51.664273939790405,-20.743314427392754],[-51.66525510823663,-20.741974756803387],[-51.66715185667283,-20.739237563136985],[-51.665852711333514,-20.73928056332128],[-51.662446325837095,-20.743365122176492]]]},"properties":{"OBJECTID":14,"NOME_UC":"Parque Natural Municipal das Capivaras","complement":null,"nome":"Parque Natural Municipal das Capivaras","Shape__Area":0.00042987000412405874,"Shape__Length":0.15814282518418096}},{"type":"Feature","id":15,"geometry":{"type":"Polygon","coordinates":[[[-57.52420000002991,-22.16035947674804],[-57.53181635753885,-22.160140049363335],[-57.54468379622018,-22.15975098735787],[-57.54474855460205,-22.163240573633033],[-57.54512496854239,-22.164362744084936],[-57.545834805232005,-22.165435993216],[-57.5527108938926,-22.171675339384812],[-57.55267735097891,-22.17294229529002],[-57.55247681115583,-22.17416201340551],[-57.55435349391855,-22.174992235142863],[-57.55548238590324,-22.1755680314787],[-57.55783035658566,-22.177061058060627],[-57.55437802742398,-22.180196919391467],[-57.55014869930295,-22.181561754810268],[-57.54746342439739,-22.181343214157152],[-57.54041872904099,-22.180769672421558],[-57.53566554402954,-22.17863872433685],[-57.53433547190439,-22.17804238928405],[-57.52890214851533,-22.17574007718208],[-57.52668725681133,-22.173643806056134],[-57.52506621443422,-22.172499311733166],[-57.52454409053729,-22.170110715076856],[-57.52407791436423,-22.168964879864745],[-57.52279391990344,-22.168729974248382],[-57.52171928221901,-22.169593917864393],[-57.52085169724797,-22.170873444493296],[-57.52064727055495,-22.17117493141724],[-57.51921718482509,-22.17309171674869],[-57.517993164353015,-22.173441631265522],[-57.51796743205131,-22.17345892972516],[-57.5179405396242,-22.173474624693498],[-57.5179126012855,-22.17348864782214],[-57.51788374024227,-22.173500937957282],[-57.51785407700401,-22.17351144473669],[-57.51782373837478,-22.17352012139583],[-57.51779285655505,-22.173526931961714],[-57.5177615628458,-22.173531845857333],[-57.517729991246085,-22.173534844197043],[-57.51769827575475,-22.17353591169229],[-57.51766655306886,-22.173535045645124],[-57.517656922229094,-22.173534398133317],[-57.51582845751727,-22.17339451038766],[-57.51580649517359,-22.17339236010868],[-57.51580570107211,-22.1733922647805],[-57.515610731649815,-22.173368679160557],[-57.51517064750727,-22.17331544289273],[-57.51443827560581,-22.17361915024282],[-57.51324395614363,-22.17420331117318],[-57.51256139858964,-22.17462289976627],[-57.51121408376281,-22.175862866117555],[-57.51119576367352,-22.175878874049953],[-57.509865225699514,-22.176982571527713],[-57.50986366447637,-22.1769838611554],[-57.50983919931952,-22.177002690261233],[-57.5098134643199,-22.177019987821424],[-57.509786570094086,-22.17703568099101],[-57.50975863085608,-22.17704970142186],[-57.50972976801427,-22.177061991556904],[-57.50970010387664,-22.177072496537775],[-57.509669763448755,-22.177081171398175],[-57.50963888072972,-22.177087980165396],[-57.50960758612115,-22.177092893161657],[-57.509576012722725,-22.17709588880335],[-57.50954429633207,-22.177096955399392],[-57.50951257364624,-22.17709608665432],[-57.509494383958554,-22.17709471428888],[-57.508749876605464,-22.177025331592958],[-57.50873647221032,-22.17702390616761],[-57.50870514252813,-22.1770191892234],[-57.5086742103465,-22.177012573810476],[-57.50864380966402,-22.177004087807678],[-57.50861406998331,-22.176993768986488],[-57.50858511900793,-22.176981659615173],[-57.50855707904595,-22.176967813652855],[-57.50853007240483,-22.176952289555732],[-57.50850421329869,-22.17693515297416],[-57.50847961414281,-22.176916477652508],[-57.50845637835914,-22.17689634273124],[-57.50843460577238,-22.176874837243172],[-57.50841438991211,-22.17685205201978],[-57.50839581801251,-22.176828082389243],[-57.50837896831462,-22.176803033572345],[-57.50836391456295,-22.17677701168894],[-57.50835071970983,-22.17675012915435],[-57.508339441312046,-22.176722500182443],[-57.50833012703357,-22.176694243483777],[-57.508322816444775,-22.176665479567525],[-57.50831754282024,-22.176636331640616],[-57.50831559309005,-22.17662088848248],[-57.5082473093658,-22.17598588887689],[-57.50796061988654,-22.1755618261566],[-57.507386717522934,-22.17510675481216],[-57.50673173138421,-22.17496655859905],[-57.50671639704399,-22.174963030558708],[-57.506685997260945,-22.174954544555856],[-57.5066562584795,-22.174944224835404],[-57.506627307504175,-22.174932116363415],[-57.506599269340654,-22.174918269501777],[-57.50657226269971,-22.174902744505385],[-57.50654640449295,-22.17488560702444],[-57.506521805336995,-22.174866931702734],[-57.506498569553294,-22.174846797680885],[-57.5064767978659,-22.17482529129345],[-57.506456582904825,-22.17480250517079],[-57.50644253279655,-22.174784682406468],[-57.50597836840694,-22.174164651117053],[-57.505973847515,-22.17415850335157],[-57.5059569987165,-22.17413345453457],[-57.50594194586409,-22.174107432651155],[-57.50592875101097,-22.17408055011657],[-57.50591747351257,-22.174052921144668],[-57.50590816013346,-22.174024663546728],[-57.50590085044388,-22.173995899630427],[-57.505899327891655,-22.17398858454488],[-57.50569026159627,-22.17293750909814],[-57.50568650872537,-22.172915676256725],[-57.505683293648985,-22.17288627022455],[-57.50568214971134,-22.17285673019333],[-57.50568308230828,-22.172827183866808],[-57.505686086943285,-22.17279775804949],[-57.50569115282433,-22.172768578646327],[-57.50569825656925,-22.17273976976392],[-57.505707367600905,-22.172711455508615],[-57.50571844724852,-22.172683756389606],[-57.505731447848,-22.17265679201668],[-57.50574631544009,-22.17263067750301],[-57.5057629843742,-22.172605525264117],[-57.50578138270453,-22.172581440520425],[-57.505782653446545,-22.172579895485143],[-57.506395910143056,-22.171837003314337],[-57.50641469158472,-22.171815637221297],[-57.50643630768934,-22.17179399593556],[-57.50645939778292,-22.171773718022052],[-57.50646190958935,-22.17177166666846],[-57.50734243850269,-22.171057559997802],[-57.50768076795299,-22.17047520940278],[-57.507610418485974,-22.17007742127536],[-57.50703535599683,-22.169710659758586],[-57.50701541083248,-22.16969723377967],[-57.506996102388136,-22.16968278886905],[-57.506301249303185,-22.169135183581314],[-57.50629595769214,-22.16913095227107],[-57.50627272370718,-22.169110818249063],[-57.506250953818444,-22.169089312761002],[-57.5062307397568,-22.169066524839707],[-57.50621216875652,-22.16904255700786],[-57.50619532085727,-22.169017507291528],[-57.50618610280633,-22.16900206323402],[-57.50566960866547,-22.168095357754027],[-57.505663773864,-22.168084779928137],[-57.50565057991025,-22.168057897393535],[-57.505639303311106,-22.168030268421628],[-57.505629989932,-22.168002009924205],[-57.5056226811418,-22.167973246907277],[-57.50561740751731,-22.16794409898043],[-57.50561419154166,-22.16791469294807],[-57.505613047604015,-22.167885152916856],[-57.505613199589455,-22.167872252142182],[-57.505635870598894,-22.16703558226578],[-57.50563665210973,-22.1670189376133],[-57.50563965764406,-22.166989511796018],[-57.50564472172647,-22.166960332392872],[-57.505648037526896,-22.166945804744547],[-57.505825105943856,-22.166228170033566],[-57.50582889388824,-22.166213887900092],[-57.50583800491989,-22.166185573644803],[-57.50584908366824,-22.166157874525723],[-57.50586208426773,-22.166130911052235],[-57.50587695006106,-22.1661047956393],[-57.50589361809591,-22.16607964250103],[-57.50591201642634,-22.16605555865659],[-57.50593206681133,-22.166032647528148],[-57.505953682016695,-22.166011006242414],[-57.50597677211034,-22.165990728328843],[-57.506001235468595,-22.165971900122557],[-57.5060269695689,-22.16595460346158],[-57.506053861996,-22.165938910291985],[-57.50608179943543,-22.165924889861305],[-57.50611066047855,-22.16591260152479],[-57.50614032281755,-22.165902097443354],[-57.506170659648205,-22.165893422582897],[-57.50620154056861,-22.16588661471503],[-57.50623283337854,-22.165881701718625],[-57.50625014712649,-22.165879818538325],[-57.506788873407736,-22.165830338738623],[-57.50680313036008,-22.16582922717659],[-57.506834844052726,-22.165828161479983],[-57.50686656493997,-22.16582903022506],[-57.506898155425525,-22.165831828915223],[-57.506929483308916,-22.165836546758737],[-57.50696041279275,-22.16584316307106],[-57.50699081077727,-22.165851649073787],[-57.50702054776002,-22.165861967894983],[-57.50704949603738,-22.16587407726635],[-57.507067258547124,-22.16588259384613],[-57.50763284577914,-22.16616766904219],[-57.50764312053348,-22.166172998424667],[-57.507670125375974,-22.16618852342113],[-57.50769598178408,-22.166205660002735],[-57.50772058004066,-22.166224335324287],[-57.50774381492499,-22.166244469346296],[-57.50776558481374,-22.16626597573373],[-57.50778579887543,-22.166288761856396],[-57.507804368976394,-22.166312731486823],[-57.50782121687564,-22.16633778030382],[-57.50783627062737,-22.166363802187227],[-57.50784946368168,-22.166390684721822],[-57.50785171018821,-22.16639577938117],[-57.50808040958322,-22.166923205680856],[-57.508566558799544,-22.16744792951776],[-57.50908355656077,-22.167632482992055],[-57.50932262963562,-22.167554859808416],[-57.50931095373749,-22.167222991986982],[-57.50884312101311,-22.16667220130057],[-57.5088396945962,-22.166668119277745],[-57.508821123595965,-22.166644149647315],[-57.50880427569671,-22.16661910083026],[-57.50878922284426,-22.166593078946917],[-57.50877602889051,-22.16656619731169],[-57.50876475139211,-22.166538567440405],[-57.50875543711368,-22.166510310741735],[-57.5087481274241,-22.16648154682543],[-57.50874285379956,-22.166452398898514],[-57.508739637823965,-22.166422992866337],[-57.50873849298687,-22.16639345373438],[-57.508739425584004,-22.16636390740792],[-57.508742430218945,-22.166334481590592],[-57.508743137086014,-22.166329557802285],[-57.50886367681722,-22.16552435970098],[-57.50886098064955,-22.16477498971357],[-57.50852756959159,-22.16443566561304],[-57.507751011300066,-22.164044255477577],[-57.50774073654566,-22.1640389260951],[-57.50771373260262,-22.164023401098635],[-57.50768787619438,-22.164006264517017],[-57.50766659643626,-22.163990255685185],[-57.50726435756399,-22.16366979666328],[-57.50674013195146,-22.163252149706555],[-57.50673681345302,-22.16324948231729],[-57.5067135812667,-22.16322934739602],[-57.506691810478515,-22.163207841907962],[-57.50667159731626,-22.163185055785295],[-57.5066530272154,-22.16316108615481],[-57.506636180215374,-22.16313603733786],[-57.50662112826234,-22.1631100145551],[-57.506619841332565,-22.163107587284944],[-57.50618060614994,-22.162272350927758],[-57.506168700025334,-22.162247895663363],[-57.506162611615196,-22.16223365759679],[-57.5059296107629,-22.1616607130111],[-57.505924422574026,-22.16164732120654],[-57.50591511009424,-22.16161906450777],[-57.50590780040459,-22.16159029969219],[-57.50590252678012,-22.161561151765348],[-57.505899311703836,-22.161531745733104],[-57.50589816776608,-22.16150220570189],[-57.50589910036308,-22.161472659375317],[-57.50590210499802,-22.16144323445737],[-57.505907170879205,-22.161414055054205],[-57.50591427372466,-22.161385245272427],[-57.505923383857066,-22.161356931017124],[-57.50593446260529,-22.161329232797428],[-57.505947463204855,-22.161302268424564],[-57.50596232809885,-22.161276153911],[-57.505978996133706,-22.161251000772694],[-57.50599739356477,-22.16122691602893],[-57.5060138610508,-22.161207880079264],[-57.50632059461963,-22.160872288165166],[-57.50632417661934,-22.160868412986495],[-57.50634579272407,-22.160846772600134],[-57.506368880119695,-22.160826493787194],[-57.50639334257852,-22.160807665580908],[-57.50641907488034,-22.160790368920033],[-57.50644596730751,-22.160774675750332],[-57.50647390294819,-22.160760656218915],[-57.50650276309198,-22.160748366083883],[-57.506532424531656,-22.16073786290169],[-57.50656276046294,-22.160729188041245],[-57.506593640484084,-22.160722379274002],[-57.50662493239462,-22.160717468076342],[-57.50664330464474,-22.160715487769124],[-57.507721105244805,-22.160618714421762],[-57.50888438910323,-22.160398223139094],[-57.510392647502606,-22.160394472066834],[-57.51240765588858,-22.160389436762767],[-57.52000335057414,-22.160370237136345],[-57.521848032760424,-22.160365521091457],[-57.52420000002991,-22.16035947674804]],[[-57.52225777197856,-22.167806193340624],[-57.52225777197856,-22.167806192441244],[-57.522259520260604,-22.16739856213335],[-57.52190417923447,-22.167366984238402],[-57.519587450100694,-22.16717909787654],[-57.51925279887752,-22.167212588629575],[-57.51838086118772,-22.17034738876034],[-57.50899773425801,-22.16934820869226],[-57.50774857863389,-22.169218194603445],[-57.508383004471966,-22.169802011093314],[-57.50850157738586,-22.170357560992006],[-57.50808625067987,-22.17146016219612],[-57.50741762452373,-22.171908076735626],[-57.50700311080482,-22.17218575770595],[-57.50646931280853,-22.17286036974954],[-57.50644685313973,-22.17318480917091],[-57.50649450821493,-22.173293279100914],[-57.50698147131783,-22.17440164765723],[-57.50819589782237,-22.174813341102126],[-57.50902966558659,-22.17569153807325],[-57.50915983885545,-22.176353447193037],[-57.51024581968881,-22.175630422845035],[-57.51092252985086,-22.175208799985374],[-57.51117539852573,-22.174910069483456],[-57.51152480852294,-22.17449728695947],[-57.51244251900698,-22.17376364341675],[-57.5130090496279,-22.17355232072232],[-57.51443363060748,-22.172890784821245],[-57.51509970178978,-22.172624202384416],[-57.515470087574386,-22.17266079759705],[-57.51587253508928,-22.172700559322692],[-57.516264503703844,-22.172582512512324],[-57.516928436298144,-22.1723825572486],[-57.51695517673999,-22.17237450471893],[-57.51740222073584,-22.172144042652842],[-57.518372227696034,-22.171485198422545],[-57.51859849352559,-22.171486195770637],[-57.51864447136523,-22.171486398118198],[-57.51896684414447,-22.17148781724825],[-57.51904602945064,-22.17148816618521],[-57.51956841684892,-22.170478874140166],[-57.51962568387819,-22.170338475579598],[-57.519895814140334,-22.169676212126816],[-57.5200221724852,-22.169388001894156],[-57.5209169610489,-22.16835109886355],[-57.52155360191717,-22.16802140650216],[-57.52225777197856,-22.167806193340624]]]},"properties":{"OBJECTID":15,"NOME_UC":"Parque Natural Municipal Cachoeira do Apa","complement":null,"nome":"Parque Natural Municipal Cachoeira do Apa","Shape__Area":0.0006630172552628419,"Shape__Length":0.19145657723444834}},{"type":"Feature","id":16,"geometry":{"type":"Polygon","coordinates":[[[-53.25111578936208,-18.198954616201497],[-53.25101142843459,-18.198843980704183],[-53.25090472567251,-18.19873540465428],[-53.250713263606144,-18.1985278869914],[-53.25051942643034,-18.19832239460189],[-53.25041875452183,-18.198208679825747],[-53.250315673329624,-18.198096953450747],[-53.25013112704977,-18.197883789844052],[-53.24994414090935,-18.197672578665667],[-53.24984725514662,-18.19755589702612],[-53.249747898047026,-18.19744113094253],[-53.24957045011615,-18.197222531833525],[-53.24939049847262,-18.197005810508823],[-53.249297496881915,-18.196886278018454],[-53.24920196010231,-18.19676858554091],[-53.249031785888185,-18.19654476586734],[-53.24885904680747,-18.196322748435165],[-53.248770020220206,-18.196200482005764],[-53.24867839998808,-18.196079979146855],[-53.24851566586523,-18.195851161041432],[-53.2483503102186,-18.195624066036928],[-53.24826534676828,-18.19549918797633],[-53.248177732116574,-18.195375993446472],[-53.24802259996295,-18.195142401739652],[-53.24786479052756,-18.194910454892767],[-53.247783972951936,-18.194783086609345],[-53.247700452014215,-18.194657322716477],[-53.247553073815254,-18.19441918853388],[-53.24740296707324,-18.19418261737311],[-53.24732637541171,-18.194052885671265],[-53.24724702912704,-18.193924675622483],[-53.2471075514722,-18.193682233687337],[-53.24696529401308,-18.193441272036292],[-53.24689300560766,-18.193309305519268],[-53.246817912216784,-18.19317877611882],[-53.24668647270249,-18.192932266550102],[-53.246552205719695,-18.192687152729103],[-53.246484289818,-18.192553079999826],[-53.24641352396492,-18.192420360750212],[-53.24629025119406,-18.192170026364888],[-53.246164106887996,-18.191921001392334],[-53.24610063183866,-18.191784955550446],[-53.24603426277099,-18.191650177752745],[-53.24591927905146,-18.191396264964897],[-53.24580138242783,-18.19114357615432],[-53.24574240938466,-18.19100569209831],[-53.245680503652295,-18.190868987053364],[-53.245573922298604,-18.190611747673255],[-53.24546438847074,-18.190355643237652],[-53.24540997768827,-18.190216056764793],[-53.24535259464648,-18.190077560270506],[-53.24525452087931,-18.189817247906863],[-53.245153458665065,-18.189557981455017],[-53.245103662304075,-18.189416829262584],[-53.24505086040887,-18.189276678914876],[-53.24496139045573,-18.18901354987474],[-53.244868898780624,-18.18875137681391],[-53.24482376630368,-18.188608800095388],[-53.24477559681628,-18.188467132591445],[-53.24469481881073,-18.188201447677915],[-53.24461099030492,-18.18793662701304],[-53.2445705648796,-18.187792765163316],[-53.244527075464134,-18.187649721696662],[-53.24445506944585,-18.18738174171339],[-53.244379985947546,-18.187114535147018],[-53.24434430894268,-18.186969530259034],[-53.24430554186716,-18.186825252023084],[-53.24424237888263,-18.186555242269947],[-53.244176114136344,-18.186285913303617],[-53.24414522062534,-18.18613990836947],[-53.2441112145608,-18.185994537457262],[-53.2440569566632,-18.185722764133605],[-53.24399957631931,-18.1854515780673],[-53.24397349598001,-18.18530471787787],[-53.243944284201234,-18.185158397281594],[-53.2438989853498,-18.184885130184043],[-53.243850545166474,-18.18461235501565],[-53.24382930497831,-18.18446478346243],[-53.24380491626386,-18.18431765887232],[-53.243768619626,-18.18404316509947],[-53.2437291681664,-18.1837690706255],[-53.243712787914774,-18.183620935197407],[-53.24369324654606,-18.18347314960565],[-53.24366598899417,-18.183197702551436],[-53.24363556492933,-18.18292255766936],[-53.24362406080172,-18.18277400315724],[-53.24360938566451,-18.182625704951757],[-53.24359119327886,-18.182349574412797],[-53.24356982628643,-18.18207365251648],[-53.24356320997413,-18.18192482640912],[-53.243553415457654,-18.18177615948164],[-53.24354430712401,-18.181499619751175],[-53.24353201788824,-18.18122319243591],[-53.24353029568658,-18.181074240423396],[-53.24352539168343,-18.180925354061323],[-53.24352537549567,-18.1806486767346],[-53.243522176607144,-18.18037201649491],[-53.24352534941528,-18.180223086965384],[-53.24352534042203,-18.18007412595972],[-53.24353441638016,-18.17979758532989],[-53.243540310536844,-18.179520965559693],[-53.24354837655624,-18.17937220420347],[-53.24355326257291,-18.179223316042766],[-53.24357142168367,-18.178947184604432],[-53.243586402590324,-18.178670878697734],[-53.2435993528278,-18.178522433003355],[-53.24360912935771,-18.178373765176676],[-53.24363635273539,-18.178098314525243],[-53.24366040690222,-18.177822594976366],[-53.24367822876717,-18.1776746115337],[-53.24369288591787,-18.17752631063037],[-53.243729147482156,-18.1772518132602],[-53.2437622488286,-18.17697695166456],[-53.24378492523408,-18.176829576163613],[-53.24380444771697,-18.176681788773223],[-53.24384971149493,-18.17640851538031],[-53.24389182944435,-18.17613478333327],[-53.24391933610843,-18.17598816146415],[-53.24394370593723,-18.175841033276704],[-53.24399792696266,-18.17556925365774],[-53.24404901834748,-18.175296921855146],[-53.244081330089216,-18.175151197509386],[-53.244110522082906,-18.175004874215205],[-53.24417364639663,-18.1747348563682],[-53.24423366085472,-18.17446419280791],[-53.244270745298586,-18.174319510776492],[-53.24430473067872,-18.174174135367753],[-53.244376696227505,-18.17390614729061],[-53.24444557440364,-18.17363741817207],[-53.2444873946775,-18.173493921447072],[-53.24452614016917,-18.17334963871458],[-53.244606875906584,-18.17308394300934],[-53.24468455035168,-18.17281741453181],[-53.24473106418719,-18.172675244306813],[-53.244774531119674,-18.172532195444184],[-53.244863957005975,-18.172269055612148],[-53.24495035127762,-18.172004991277042],[-53.245001513708814,-18.17186428784634],[-53.24504965891458,-18.17172261494653],[-53.24514768681621,-18.17146228909314],[-53.24524271457955,-18.171200948804557],[-53.24529847434508,-18.17106185066355],[-53.2457859824371,-18.170401980306988],[-53.243652554022106,-18.169413261152894],[-53.24057241018852,-18.16809767530734],[-53.23866889525317,-18.16665570233871],[-53.2349826236491,-18.163995541001412],[-53.2324672945299,-18.16075855810108],[-53.23030974000245,-18.157855266847235],[-53.22800162367582,-18.152363229419795],[-53.226897248109424,-18.148884531236416],[-53.22639327702802,-18.14629990305848],[-53.22544240764097,-18.145635134094636],[-53.22343714251008,-18.145433068121985],[-53.22249625200038,-18.14555657201869],[-53.2214432627963,-18.14613188272068],[-53.21910310272597,-18.14739782059339],[-53.21525574185898,-18.150595801695196],[-53.21304319378834,-18.152648612183945],[-53.21012806475835,-18.1550473684815],[-53.20392155733385,-18.15804700320679],[-53.200633052273474,-18.158873091659977],[-53.19710186605823,-18.159138748694314],[-53.19414419190082,-18.15815885728559],[-53.19200411839529,-18.156606441274455],[-53.190207649763124,-18.15426166678277],[-53.18815040022076,-18.149892476996577],[-53.187405791244146,-18.146859905500698],[-53.18831449142061,-18.144146419761906],[-53.18970834886119,-18.142553721317686],[-53.193439693586924,-18.139470175348894],[-53.19799680930521,-18.136489768129053],[-53.2018653896759,-18.134981342455724],[-53.206380712999426,-18.13318205624773],[-53.20720788513575,-18.1327982282964],[-53.2078369725981,-18.132229497034484],[-53.208118240064664,-18.131243618838823],[-53.20820436274113,-18.130306772580315],[-53.20804406218367,-18.129232374115634],[-53.20807538287255,-18.127828226632317],[-53.208202219656584,-18.12623581237371],[-53.21281730117744,-18.106585598687982],[-53.2142308061068,-18.097221067040312],[-53.21702733524324,-18.083290597325306],[-53.21708525158306,-18.08285868622156],[-53.2170783879572,-18.082312402037914],[-53.21695010776125,-18.08184556576242],[-53.21661587382346,-18.081224991282532],[-53.21598723242471,-18.079905331507955],[-53.215688416487176,-18.0788550627532],[-53.213434276570524,-18.072474721773425],[-53.213402514314566,-18.07236361503126],[-53.21336809815915,-18.072253234041934],[-53.213285152787535,-18.07195307901382],[-53.213199542724624,-18.071653610168347],[-53.21317144430668,-18.071541604104187],[-53.213140671304814,-18.071430242853854],[-53.21306762387172,-18.071127744192435],[-53.21299189196219,-18.07082585077473],[-53.212967487059814,-18.07071305510591],[-53.2129403859899,-18.070600825110393],[-53.21287731023966,-18.070296281390732],[-53.21281153022784,-18.069992261076415],[-53.21279084132419,-18.06987878821801],[-53.21276744006519,-18.0697657991947],[-53.21271439715167,-18.069459509890965],[-53.21265863468807,-18.069153663053605],[-53.21264168336694,-18.069039625420828],[-53.212622004401965,-18.068925987986457],[-53.21257904738508,-18.068618257069442],[-53.21253335642916,-18.068310885881225],[-53.212520158878135,-18.068196394990043],[-53.2125042210929,-18.068082222459143],[-53.21247139134152,-18.06777335210105],[-53.21243581865798,-18.067464760532786],[-53.21242638656838,-18.067349928798688],[-53.21241420704996,-18.06723533448564],[-53.21239153783915,-18.066925630456016],[-53.21236611670287,-18.06661612157928],[-53.212360460866535,-18.066501063216098],[-53.212352050406714,-18.0663861595362],[-53.21233956332014,-18.066075927604594],[-53.212324318912124,-18.065765807188857],[-53.212322444724975,-18.065650636410375],[-53.21231781141785,-18.065535536678325],[-53.21231551904595,-18.065225081714786],[-53.21231046665463,-18.064914657328067],[-53.21231237501604,-18.06479948654965],[-53.21231152425736,-18.06468430407995],[-53.21231942839887,-18.06437393365276],[-53.2123196253504,-18.06436205270922],[-53.212235681731215,-18.064406662679982],[-53.2119004504454,-18.06458661522277],[-53.2118467150538,-18.064613373650854],[-53.211793758475096,-18.064641516135563],[-53.21145202599013,-18.064809911490833],[-53.21111104893572,-18.06497970169448],[-53.21105646098687,-18.065004831450377],[-53.21100260598536,-18.06503136954467],[-53.21065551084302,-18.06518941280375],[-53.21030912436657,-18.06534887429375],[-53.21025373781964,-18.065372351995084],[-53.21019903835486,-18.065397257819804],[-53.20984692229758,-18.065544794299438],[-53.20949546904063,-18.065693767895677],[-53.20943933875441,-18.06571557015999],[-53.20938384788616,-18.065738820332818],[-53.20902705895156,-18.065875702544275],[-53.2086708851532,-18.06601404345596],[-53.208614066885616,-18.0660341478002],[-53.20855783947269,-18.066055718938824],[-53.20819673019491,-18.066181812882935],[-53.207836187490045,-18.06630938261448],[-53.20777873699894,-18.066327770153077],[-53.2077218279,-18.066347641572996],[-53.207356755309945,-18.06646282314331],[-53.20699220072942,-18.0665794957896],[-53.20693417377299,-18.0665961476367],[-53.20687664054441,-18.066614299552846],[-53.20650796347173,-18.066718453636334],[-53.20613975584501,-18.0668241149835],[-53.20608121087906,-18.066839014951142],[-53.20602310927893,-18.066855428477773],[-53.205651193747485,-18.066948454350264],[-53.20527969640085,-18.06704299917759],[-53.205220690082676,-18.0670561328768],[-53.20516207856696,-18.06707079272541],[-53.20478729060096,-18.067152596857454],[-53.20441287045754,-18.06723593253479],[-53.204353462142535,-18.067247286475535],[-53.20429439826779,-18.067260177357866],[-53.203917107488444,-18.067330679709627],[-53.20354013506915,-18.0674027234994],[-53.20348038321305,-18.067412286890015],[-53.20342092453598,-18.06742339711466],[-53.181952487617195,-18.0710998751016],[-53.18176367855085,-18.07112927843593],[-53.18157544954727,-18.071161911235606],[-53.18132447934113,-18.071197673676178],[-53.18107403703715,-18.071236673676015],[-53.18088435472907,-18.071260388798343],[-53.18069514636385,-18.07128734957399],[-53.18044312574961,-18.07131555321268],[-53.180191525118694,-18.071347008799865],[-53.18000115752733,-18.071365013227243],[-53.17981115685939,-18.07138627499898],[-53.17955833315051,-18.07140689195682],[-53.179305824204384,-18.071430772554603],[-53.17911495838854,-18.071443047401136],[-53.178924353376146,-18.07145859038404],[-53.17867097748359,-18.07147159997674],[-53.178417807535766,-18.07148788130314],[-53.17822663325251,-18.071494415777117],[-53.178035611853886,-18.07150422288406],[-53.17778193288984,-18.071509613420396],[-53.17752835375046,-18.071518279287538],[-53.17733705895802,-18.071519065295078],[-53.17714580913172,-18.071523128432073],[-53.176892078906285,-18.07152089361681],[-53.176638339687486,-18.071521935931052],[-53.176447113243626,-18.071516974371203],[-53.17625582384716,-18.071515288142443],[-53.176002292371784,-18.07150543067353],[-53.17574864398466,-18.071498848535427],[-53.175557674746806,-18.0714881430058],[-53.17536653553714,-18.07148071010913],[-53.175113452823496,-18.071463238979778],[-53.17486014527941,-18.071449037785317],[-53.174669622105284,-18.071432599976948],[-53.17447882194,-18.07141942760693],[-53.17422643710035,-18.071394360803524],[-53.17397372220943,-18.07137255494188],[-53.17378383215811,-18.071350400143267],[-53.17359355899538,-18.071331500890548],[-53.17334212204128,-18.071298862694846],[-53.17309024801642,-18.071269474648986],[-53.172901179945484,-18.071241625343195],[-53.172711620844616,-18.071217018093368],[-53.17246137998865,-18.071176840880927],[-53.17221059504289,-18.071139899429284],[-53.17202253601112,-18.071106381696605],[-53.17183387803095,-18.071076091630736],[-53.17158508148629,-18.07102841497187],[-53.17133563383237,-18.070983955187835],[-53.171148767301645,-18.070944804101895],[-53.17096119840056,-18.070908859099017],[-53.170714089883234,-18.070853730657642],[-53.170466225935456,-18.070801797507446],[-53.170280738065514,-18.070757050839635],[-53.17009444260441,-18.070715487771974],[-53.16984926673024,-18.070652961507466],[-53.169603231104134,-18.070593606252395],[-53.16941930535654,-18.070543307170297],[-53.16923446679715,-18.070496167406656],[-53.16899146548366,-18.070426304472807],[-53.16874750099629,-18.070359586468182],[-53.168565318134874,-18.070303785333884],[-53.168382119039514,-18.070251114739648],[-53.16814153330506,-18.070173984384347],[-53.16789988097469,-18.070099968381356],[-53.16771962086375,-18.070038720952628],[-53.16753824199617,-18.06998057168855],[-53.16730030926175,-18.06989625035411],[-53.1670612065094,-18.069815009197814],[-53.16688304721482,-18.069748375729464],[-53.166703668439425,-18.069684805351955],[-53.16646862252878,-18.069593375776186],[-53.16623230767476,-18.069504990405484],[-53.16605642456432,-18.069433036547867],[-53.165879223047625,-18.069364107110324],[-53.16564729598582,-18.069265661023955],[-53.16541400105524,-18.069170217773777],[-53.165240568597255,-18.06909301457347],[-53.165065717908476,-18.069018794424267],[-53.164837139921985,-18.068913427155397],[-53.164607095141264,-18.06881102225334],[-53.16443628420706,-18.068728645253273],[-53.16426395791524,-18.068649208136897],[-53.16403895383462,-18.068537024906295],[-53.16381238673221,-18.068427757277693],[-53.16364436549503,-18.068340288316175],[-53.16347473447138,-18.068255712473697],[-53.16062335388467,-18.06677907513676],[-53.16040084722124,-18.066659483291126],[-53.16017668580531,-18.066542752188816],[-53.16001292195875,-18.066450980870638],[-53.15984745749415,-18.066362046014163],[-53.15962898878673,-18.066235827064375],[-53.15940877269667,-18.066112418495795],[-53.15924810431653,-18.066015771053586],[-53.15908564268824,-18.065921907912326],[-53.15887142777416,-18.065789186864],[-53.1586553737464,-18.065659222237947],[-53.15849796001283,-18.06555779489888],[-53.15833866130009,-18.06545909610302],[-53.1581289115199,-18.065320003358114],[-53.15791723359342,-18.065183610377964],[-53.157763229189584,-18.06507750296691],[-53.157607250773935,-18.06497406654249],[-53.15740217387116,-18.064828739697184],[-53.15719508068838,-18.064686054160628],[-53.15704463670056,-18.064575370999194],[-53.15689213326522,-18.064467299468962],[-53.15669193158732,-18.064315881515324],[-53.156489626395114,-18.064167042817427],[-53.15634289300999,-18.064051894522002],[-53.15619401474197,-18.06393929310652],[-53.15599888524025,-18.06378193423151],[-53.155801569486755,-18.063627090760324],[-53.155658690596056,-18.06350758974608],[-53.15551358408459,-18.063390569961463],[-53.15532371921416,-18.063227425747787],[-53.15513158715288,-18.06306672948857],[-53.154992703950086,-18.06294299356698],[-53.15485151308678,-18.06282167232495],[-53.154667100805966,-18.06265290285188],[-53.15448034129457,-18.06248651208557],[-53.154345591375886,-18.062358664463492],[-53.154208454656384,-18.062233160474598],[-53.15402967662817,-18.062058933015983],[-53.153848474927145,-18.061887012318344],[-53.153717990492794,-18.061755178901095],[-53.15358504461403,-18.061625616271918],[-53.153412077105656,-18.061446102598246],[-53.15323661217986,-18.061268821941248],[-53.15311052183307,-18.061133133130316],[-53.152981897196696,-18.060999638665052],[-53.15281491197851,-18.060815016842238],[-53.15264535559862,-18.060632550694375],[-53.152523784345135,-18.06049313958948],[-53.15239960775558,-18.06035584638795],[-53.15223876850433,-18.06016629807892],[-53.15207528974281,-18.059978827203857],[-53.15195835719237,-18.05983583230047],[-53.151838750957495,-18.059694875260924],[-53.151684216853084,-18.059500586625543],[-53.15152697668855,-18.059308296283554],[-53.151414798853864,-18.059161857876212],[-53.151299880784855,-18.0590173763936],[-53.15115180471196,-18.058818540785733],[-53.15100095692849,-18.058621620734],[-53.150893644426105,-18.05847188361326],[-53.15078352873678,-18.058324019780517],[-53.15064205638572,-18.058120833252648],[-53.150497751170235,-18.057919476845214],[-53.15039540922072,-18.05776658939933],[-53.15029020472912,-18.05761548980577],[-53.1501554745954,-18.05740815200746],[-53.1500178540407,-18.057202558893813],[-53.14992058426748,-18.057046671309685],[-53.14982039439565,-18.05689248524281],[-53.149692540478334,-18.056681201219295],[-53.149561740381955,-18.056471574646302],[-53.149469638113196,-18.056312841607163],[-53.14937456178649,-18.056155721052566],[-53.14925371088999,-18.055940699446534],[-53.1491298589558,-18.055727245358998],[-53.149043015922416,-18.055565822447612],[-53.14895314667035,-18.055405922987767],[-53.14883941750509,-18.055187376039406],[-53.14872263694002,-18.054970305777864],[-53.14864113857766,-18.054806353073655],[-53.14855656453381,-18.05464383209004],[-53.148450069515036,-18.054421974737284],[-53.148340476331896,-18.054201503239707],[-53.14826440178069,-18.05403518262046],[-53.14818520748122,-18.05387020019248],[-53.14808605093044,-18.053645252769122],[-53.14798375214838,-18.053421596772143],[-53.14791317785085,-18.053253071914607],[-53.147839440637654,-18.05308579081949],[-53.1477477205808,-18.052857975458185],[-53.14765281782326,-18.05263135529564],[-53.14758781302697,-18.0524607934738],[-53.1475196066445,-18.052291379186773],[-53.14743541301385,-18.05206091981858],[-53.14734799981022,-18.05183155942189],[-53.14728862836745,-18.05165912880871],[-53.147226018465915,-18.051487748603577],[-53.14714943489844,-18.05125487275713],[-53.1470695966845,-18.051022999654748],[-53.14701591795023,-18.050848869322895],[-53.14695896748225,-18.050675692272346],[-53.14689006952108,-18.05044063017395],[-53.14681788543703,-18.050206472793533],[-53.14676995067259,-18.050030815412804],[-53.146718715396325,-18.049856012388027],[-53.14665757138965,-18.0496189960628],[-53.146593112482094,-18.049382784630797],[-53.14655097025104,-18.049205773770517],[-53.146505500528406,-18.049029517441358],[-53.14645216983166,-18.048790780713016],[-53.14639549995229,-18.048552749053137],[-53.14635919162333,-18.04837455918156],[-53.146319532420364,-18.04819702401651],[-53.14627406719438,-18.047956802507528],[-53.146225242101195,-18.04771718534294],[-53.146194802747914,-18.047537991827895],[-53.14616099363491,-18.047359352295313],[-53.14612343974488,-18.04711788342668],[-53.146082507101994,-18.046876917279032],[-53.14605796730132,-18.046696897286974],[-53.14603004065373,-18.04651733055349],[-53.146000434971995,-18.046274851746066],[-53.145967435248906,-18.046032774935643],[-53.14594881928252,-18.045852106532664],[-53.14592680297949,-18.045671788865032],[-53.14590517338502,-18.045428540238113],[-53.145880139856445,-18.045185591085335],[-53.1458674648116,-18.045004453236068],[-53.14585138133611,-18.044823562700365],[-53.145837750311784,-18.044579784372704],[-53.14582070636044,-18.04433620209713],[-53.14581398572682,-18.04415477286754],[-53.14580384946805,-18.04397348842887],[-53.145798230503885,-18.043729420519522],[-53.145789193216615,-18.0434854470389],[-53.1457884332895,-18.04330390449473],[-53.1457842550393,-18.04312240511803],[-53.1457866526319,-18.04287828864535],[-53.14578563100201,-18.04263416407862],[-53.14579083268075,-18.042452688084342],[-53.145792616036374,-18.04227115273474],[-53.14580302838698,-18.042027229616142],[-53.14581002331386,-18.04178319408241],[-53.14582118120251,-18.0416019645022],[-53.145828924365325,-18.041420572144883],[-53.14584733978285,-18.041177081600264],[-53.14586234497113,-18.04093337701699],[-53.14587944737855,-18.040752571916883],[-53.14589314315401,-18.040571501516887],[-53.14591954455125,-18.04032868456445],[-53.145942543813305,-18.040085551949883],[-53.14596557545087,-18.039905349395585],[-53.145985208550485,-18.039724779917933],[-53.14601957074649,-18.03948287667667],[-53.14605054159915,-18.03924055435135],[-53.1460794781853,-18.039061133308003],[-53.14610503062255,-18.038881242818324],[-53.146147317644534,-18.03864049160872],[-53.146186229510704,-18.038399218792247],[-53.14622104316658,-18.038220756426103],[-53.14625248976052,-18.038041722091098],[-53.146302660239485,-18.037802360333927],[-53.14634947444864,-18.03756237624604],[-53.14639013010037,-18.03738504792487],[-53.146427439374804,-18.03720704691102],[-53.14648544474744,-18.036969310228866],[-53.146540115433936,-18.03673085139105],[-53.146586572612186,-18.036554831583608],[-53.14662970769473,-18.03637804015774],[-53.146695489505134,-18.036142164172894],[-53.14675796270978,-18.035905465308385],[-53.14681017644847,-18.035730929382314],[-53.14685909417177,-18.03555552111372],[-53.14693258766874,-18.03532173785128],[-53.14700280133809,-18.03508703278372],[-53.14706071947654,-18.034914151610163],[-53.14711537217664,-18.034740300068222],[-53.14719650541434,-18.034508839754558],[-53.147274389401495,-18.034276361408395],[-53.14733795438298,-18.034105305858496],[-53.147398288100476,-18.03393318191425],[-53.147486980139945,-18.03370427477595],[-53.147572458002514,-18.033474250679465],[-53.14764160777395,-18.0333051889268],[-53.1477075631534,-18.03313496345127],[-53.14780372586114,-18.03290883431873],[-53.147896713062835,-18.032681492000673],[-53.147971380174965,-18.032514592218156],[-53.14804289066683,-18.032346432485397],[-53.14814643051329,-18.03212330439051],[-53.148246835323164,-18.03189886868134],[-53.14832694423308,-18.031734294545597],[-53.148403939690006,-18.03156836603077],[-53.14851475325321,-18.031348459307345],[-53.14862247764512,-18.031127151440376],[-53.14870794921246,-18.0309650657287],[-53.148790354990865,-18.03080153300783],[-53.14890833255339,-18.030585064392714],[-53.149023268608914,-18.030367103802348],[-53.14911401919658,-18.030207665694732],[-53.14920175255878,-18.030046689746502],[-53.149326779007595,-18.029833873278186],[-53.14944881341188,-18.02961947310367],[-53.149544753987186,-18.029462841780315],[-53.149637728598236,-18.029304580885224],[-53.14976967982682,-18.02909562610584],[-53.149898692070906,-18.028884999486756],[-53.14999972640612,-18.02873132783213],[-53.1500978505353,-18.02857593937164],[-53.15023659614196,-18.02837105222591],[-53.15037245942142,-18.028164406006123],[-53.15047848859132,-18.028013846005774],[-53.1505816651117,-18.02786148286465],[-53.15072706839942,-18.027660866599334],[-53.150869647815966,-18.027458404025733],[-53.150980567499175,-18.027311104067827],[-53.15108869478734,-18.02716191643297],[-53.151240611864694,-18.026965767999442],[-53.15138976712393,-18.026767690520145],[-53.151505467603165,-18.02662379629481],[-53.15161843863996,-18.026477931654817],[-53.15177671932008,-18.026286445306884],[-53.15193230383272,-18.026092946276044],[-53.152052669994646,-18.02595259987625],[-53.152170374163404,-18.025810202122805],[-53.15233486196427,-18.025623565818606],[-53.15249672104676,-18.02543483859048],[-53.15262163508038,-18.025298178511747],[-53.152743955469134,-18.025159387039746],[-53.152914488512806,-18.024977786039674],[-53.153082462985196,-18.02479401497554],[-53.153211801683256,-18.02466117521679],[-53.153338617782936,-18.02452612852169],[-53.153515027896105,-18.024349740891513],[-53.15368895138397,-18.024171108553553],[-53.15382258704273,-18.024042221315145],[-53.15395377294823,-18.023911050698135],[-53.15413588566253,-18.02374005180565],[-53.154315587294434,-18.02356673266225],[-53.154453386814225,-18.02344192474876],[-53.1545888139226,-18.023314761510758],[-53.15477645027295,-18.023149319529146],[-53.154961751983194,-18.022981486250305],[-53.15510358046578,-18.022860879969397],[-53.15523082464273,-18.022748685946834],[-53.1552625167517,-18.022710049273066],[-53.15547249765758,-18.02246998874277],[-53.1556803840424,-18.02222826626513],[-53.155758003628875,-18.022143580705404],[-53.15583355837197,-18.02205720262151],[-53.15605131481623,-18.021823570445175],[-53.15626703339683,-18.02158821336912],[-53.156347395016155,-18.021505902918825],[-53.156425747550145,-18.021421836992],[-53.15665106549426,-18.021194863395998],[-53.15687440313115,-18.02096610554511],[-53.15695742674376,-18.020886249344716],[-53.15703849972692,-18.0208045801111],[-53.157271157038224,-18.02058448902675],[-53.15750189249832,-18.020362555231593],[-53.157587497165196,-18.02028523332068],[-53.15767121055785,-18.020206040819968],[-53.15791097700992,-18.01999304898385],[-53.158148884563275,-18.01977815777957],[-53.158236983949564,-18.01970344749992],[-53.15832325591344,-18.01962680907383],[-53.158569894984566,-18.01942112692724],[-53.15881473810964,-18.019213491453193],[-53.15890524677969,-18.019141463851344],[-53.158993990979866,-18.019067455942118],[-53.159247259853146,-18.0188692876313],[-53.159408650388805,-18.018740850953378],[-53.159422428901905,-18.018725987857835],[-53.15964359917268,-18.018483679921733],[-53.15971760977976,-18.018407559505118],[-53.15978971112617,-18.018329779839274],[-53.16002060846421,-18.018095925530407],[-53.160249622621905,-18.01786038319392],[-53.16032609557283,-18.017786524572212],[-53.16040071412158,-18.017710949144888],[-53.16063917385866,-18.01748414911812],[-53.1608758061734,-18.017255604406515],[-53.16095466592503,-18.01718408042485],[-53.16103172883113,-18.017110784778787],[-53.161277514445665,-18.01689126206596],[-53.16152153109368,-18.016669941608463],[-53.16160270030434,-18.01660082241389],[-53.1616821302261,-18.016529878494996],[-53.16193499980034,-18.016317849832813],[-53.16218616156203,-18.01610397126517],[-53.162269558393355,-18.016037324307025],[-53.162351277989046,-18.015968803161623],[-53.162610982410854,-18.015764478092134],[-53.16286904017404,-18.015558251855794],[-53.162954583687,-18.015494144583055],[-53.16303851201769,-18.015428111861812],[-53.16330479498021,-18.015231691833048],[-53.16356949333738,-18.015033322074103],[-53.163657098995884,-18.014971817439307],[-53.16374315332377,-18.014908339692077],[-53.16401575132585,-18.01472001715896],[-53.16428683037287,-18.014529699929685],[-53.164376410942566,-18.0144708572881],[-53.16446450673157,-18.014409997467375],[-53.164743150875665,-18.014229959488986],[-53.165020343514016,-18.01404788184827],[-53.165111810861326,-18.013991760555236],[-53.16520186087712,-18.013933577116898],[-53.16548627687008,-18.013762001759],[-53.16576930790717,-18.013588343571193],[-53.16586257299929,-18.013534998485397],[-53.16595448730965,-18.013479549885286],[-53.16624439456313,-18.01331660622043],[-53.16653298520902,-18.013151538356805],[-53.16662795541578,-18.013101021638768],[-53.16672164408857,-18.01304836273575],[-53.167016755718635,-18.012894210843193],[-53.16731062268707,-18.012737896081056],[-53.1674072035795,-18.012690258992304],[-53.167422905742455,-18.01268205627584],[-53.16744673687731,-18.01262050037982],[-53.1675867918969,-18.01229089974922],[-53.16772506985603,-18.011960612935958],[-53.1677543337953,-18.01189661448125],[-53.16778183056698,-18.01183190286405],[-53.16793263698156,-18.011506673837907],[-53.16808168881875,-18.0111807055692],[-53.16811303828603,-18.011117618127628],[-53.168142646665785,-18.01105376536306],[-53.168304054288626,-18.010733228099994],[-53.16846373161587,-18.010411899433596],[-53.16849713693329,-18.010349785957974],[-53.16852882634424,-18.010286854099117],[-53.168816461010806,-18.00973786385542],[-53.16882546592245,-18.009721328920286],[-53.16883394832803,-18.009704543973598],[-53.16903104554626,-18.00934386996767],[-53.169227622057065,-18.008982936057645],[-53.16923716566266,-18.008966680811803],[-53.16924619485593,-18.008950158467155],[-53.16945503272348,-18.00859558546206],[-53.16966336067543,-18.008240738163657],[-53.16967343308244,-18.008224777895265],[-53.169683000070336,-18.00820853434053],[-53.169903373541786,-18.00786041307172],[-53.17012324609078,-18.007512001321963],[-53.17013383740659,-18.00749635131972],[-53.17014393229658,-18.00748040364185],[-53.170375623735936,-18.007139076751113],[-53.17060682414552,-18.006797444090925],[-53.17061792357828,-18.00678212054261],[-53.17062853737701,-18.00676648403017],[-53.17087131835661,-18.006432288763175],[-53.17111361729957,-18.006097773337697],[-53.17112521405733,-18.00608278973303],[-53.17113633597308,-18.006067480573932],[-53.17138996637374,-18.005740746082758],[-53.17164312552978,-18.005413677043794],[-53.171655208820766,-18.00539904957071],[-53.17166682806163,-18.005384082153782],[-53.17193105697265,-18.005065130395618],[-53.17219482633004,-18.00474583149918],[-53.172207383563894,-18.00473157454673],[-53.17221948843848,-18.004716964160778],[-53.172494055955895,-18.00440611079763],[-53.17276817471145,-18.00409489590699],[-53.17278119419666,-18.004081022965092],[-53.172793772114744,-18.004066783099827],[-53.17307840664312,-18.00376433480043],[-53.173362605000136,-18.00346151148379],[-53.17337607324714,-18.00344803694161],[-53.1733891125175,-18.003434181986197],[-53.17368353346825,-18.00314043642623],[-53.173977530838336,-18.002846303258533],[-53.17399143435716,-18.002833240605813],[-53.174004921489825,-18.002819784050015],[-53.17410643066717,-18.002724677146443],[-53.17413699592561,-18.00268402419266],[-53.174179269457625,-18.00262458440131],[-53.174396766897246,-18.00233851905172],[-53.174612675234755,-18.00205135203256],[-53.174658450726895,-18.00199433681345],[-53.17470265420411,-18.001936196542566],[-53.1749294344458,-18.00165680865914],[-53.17515466065896,-18.001376272341403],[-53.17520228515724,-18.001320660963962],[-53.175248375412146,-18.001263877770082],[-53.17548421272619,-18.000991442545388],[-53.175718536481156,-18.00071781392024],[-53.175767961422196,-18.000663661243326],[-53.1758158925893,-18.00060829178353],[-53.1762834231414,-18.00008515435071],[-53.17652722395218,-17.99982087327904],[-53.17676953008964,-17.999555337653103],[-53.176821589144936,-17.999501780327225],[-53.17687217421138,-17.99944694506476],[-53.17712452937348,-17.999190122070885],[-53.17737543033173,-17.998931999556522],[-53.177429221481304,-17.99888003313139],[-53.1774815818095,-17.99882674560217],[-53.17774224041199,-17.998577633395488],[-53.17800148977682,-17.998327178500812],[-53.17805695996071,-17.99827685423782],[-53.17811104338983,-17.998225166602488],[-53.178379749126066,-17.99798401069793],[-53.17864709059069,-17.997741470736656],[-53.17870418495005,-17.997692838098395],[-53.17875993752107,-17.99764280161835],[-53.17903642599015,-17.997409840336307],[-53.17931159515388,-17.997175453628728],[-53.17937025793099,-17.997128561178535],[-53.179427624785035,-17.997080224417267],[-53.17971162259323,-17.996855687983942],[-53.17999434786071,-17.996629686555245],[-53.18005452059958,-17.996584581057952],[-53.18011344597863,-17.996537991679414],[-53.18040467253751,-17.996322100428934],[-53.180694675119135,-17.996104708210122],[-53.1807562984643,-17.99606143283331],[-53.180816723912585,-17.996016637602235],[-53.181114891438995,-17.995809604673937],[-53.18141188624952,-17.995601034804416],[-53.181474899047316,-17.99555963271538],[-53.1815367652095,-17.995516675698493],[-53.18184157962514,-17.99531870613785],[-53.18214527258624,-17.995119165461606],[-53.18220961278331,-17.99507967712979],[-53.1822728585056,-17.99503860059535],[-53.18258401943689,-17.994849889555198],[-53.18289411107435,-17.99465957322524],[-53.1829597157182,-17.994622038220985],[-53.183024278047924,-17.99458288263837],[-53.18334147882615,-17.9944036162783],[-53.183657662471035,-17.994222713152226],[-53.18372446681059,-17.99418716834765],[-53.18379028189588,-17.994149972387785],[-53.18411320865761,-17.993980326974974],[-53.184435174043934,-17.993809015118487],[-53.18450311152935,-17.993775495587055],[-53.18457011461908,-17.99374029612229],[-53.18489844990348,-17.993580438930636],[-53.18522587777193,-17.993418888315514],[-53.185294881853224,-17.993387426433088],[-53.18536300729693,-17.99335425763737],[-53.18569642644883,-17.993204346947582],[-53.18602899394284,-17.993052715854642],[-53.186098996271596,-17.99302334399656],[-53.18616817661995,-17.992992239144975],[-53.18650635048761,-17.992852422445857],[-53.186843730253884,-17.99271086106192],[-53.18691466248163,-17.992683607107363],[-53.18698482938635,-17.992654596776777],[-53.187327424321154,-17.992525012563803],[-53.18766928361049,-17.992393659384376],[-53.18774107469079,-17.992368551212223],[-53.187812158903974,-17.992341663281582],[-53.18815883676086,-17.99222243925873],[-53.18850483742818,-17.992101424685533],[-53.18857741721399,-17.992078486577434],[-53.188649348588456,-17.992053748026656],[-53.188948703220035,-17.991809640547004],[-53.1891268346356,-17.991569274247194],[-53.189349699229126,-17.991285065098236],[-53.18966149328327,-17.990869839116307],[-53.189850535273926,-17.990604368241623],[-53.1905636329053,-17.9895930823994],[-53.19214911339077,-17.98741436052888],[-53.193022446828415,-17.986324083634297],[-53.19389577037339,-17.985233804041588],[-53.19645570406738,-17.982850820953463],[-53.196530342401275,-17.98278060368667],[-53.19678874280618,-17.982615372146512],[-53.19704549655239,-17.98244780686557],[-53.19798594549491,-17.981854531306446],[-53.19814595107471,-17.98175700792444],[-53.19830409325914,-17.981656741610138],[-53.19852107628656,-17.981528366985348],[-53.19873624268337,-17.981397221549344],[-53.19889936891065,-17.981304555405707],[-53.19906072437289,-17.981209091471282],[-53.19928181280534,-17.981087301682415],[-53.199501175438854,-17.9809626880225],[-53.19966726223424,-17.980874969948797],[-53.19983166999555,-17.980784402822756],[-53.200056646197204,-17.980669318379196],[-53.20027999012934,-17.98055135880295],[-53.200448873816356,-17.98046867603344],[-53.20061617199872,-17.980383094748873],[-53.201289051048775,-17.980051780909875],[-53.201587442506366,-17.979910484825872],[-53.20188465765079,-17.97976693683949],[-53.2019860643054,-17.979721726121667],[-53.202086331518956,-17.97967424641421],[-53.20238921239206,-17.979541988516868],[-53.202690990696624,-17.97940744364349],[-53.20279383087052,-17.979365303211015],[-53.20289560624718,-17.979320860514125],[-53.2032026779612,-17.97919777120507],[-53.20350872264936,-17.979072362544354],[-53.20361289471924,-17.979033334665594],[-53.20371607843424,-17.978991973046003],[-53.20402703701803,-17.978878172834204],[-53.204337045917896,-17.97876202449278],[-53.20444244736103,-17.97872614603974],[-53.204546936891575,-17.978687905966943],[-53.20486147657584,-17.978583508167304],[-53.20517514391771,-17.97847673435867],[-53.20528167041272,-17.978444042203733],[-53.205387363236184,-17.978408961449336],[-53.20570517285541,-17.9783140685843],[-53.20602218927246,-17.97821677452944],[-53.20612973559878,-17.978187300148736],[-53.20623652829312,-17.978155412886935],[-53.20655729488323,-17.97807011848605],[-53.206877346512215,-17.977982401311728],[-53.20698580744897,-17.97795617258422],[-53.2070935929948,-17.9779275111906],[-53.20741699999451,-17.977851899790252],[-53.20773977207279,-17.97777384493195],[-53.20784903970133,-17.977750889736676],[-53.20795771287811,-17.977725482090296],[-53.2082834410279,-17.977659627434814],[-53.20860861519532,-17.977591312234264],[-53.208718582496545,-17.97757165215494],[-53.208828035385416,-17.97754952253734],[-53.20915576452682,-17.97749349117662],[-53.209483019725496,-17.977434982183517],[-53.209593576981945,-17.977418637005485],[-53.209703702563736,-17.97739980789975],[-53.210033107142124,-17.977353653792985],[-53.21036212141474,-17.977305009463574],[-53.21047316070769,-17.97729199537428],[-53.210583849265106,-17.977276485666266],[-53.21091460642384,-17.97724025467897],[-53.21124505331654,-17.97720152267704],[-53.211356464928826,-17.977191852267143],[-53.21146760854316,-17.977179677245257],[-53.21179939092906,-17.977153404451037],[-53.2121309457865,-17.97712462344749],[-53.212242620000836,-17.97711830571013],[-53.21235410715627,-17.97710947706572],[-53.212686588315364,-17.977093189444076],[-53.213018923784205,-17.977074387318012],[-53.21313074998409,-17.97707142944786],[-53.213242471862486,-17.977065955274558],[-53.21357532354233,-17.977059668114183],[-53.21378963648249,-17.977053998787937],[-53.214141789412,-17.977030152364595],[-53.21452762105275,-17.97700984837076],[-53.214913361862095,-17.97698802092538],[-53.21497170088327,-17.97698647768875],[-53.21502997425387,-17.97698341010113],[-53.21541628163602,-17.976974711858368],[-53.21580254764939,-17.976964489264677],[-53.21654710716325,-17.976955978980197],[-53.21692606258768,-17.976957343251748],[-53.21697354139576,-17.976957302782246],[-53.21745035025344,-17.976736045277228],[-53.217766139096,-17.97659532655805],[-53.218080918899204,-17.976452551089295],[-53.2181693150618,-17.976415665395585],[-53.21825673635925,-17.97637670856326],[-53.218576986738526,-17.976245550536675],[-53.21889629642692,-17.97611230698234],[-53.21898585901016,-17.976078095872403],[-53.219074515076784,-17.97604178574481],[-53.21939891133064,-17.975920317013998],[-53.21968421135722,-17.9758113371685],[-53.21973249056191,-17.975776930006226],[-53.22004913286117,-17.975549631755072],[-53.220089191363,-17.975522715046214],[-53.22012844856902,-17.975494737137353],[-53.22045317847137,-17.975278140818478],[-53.22077712236626,-17.97506047250784],[-53.22081804511663,-17.975034772581633],[-53.22085820074529,-17.975007988073177],[-53.22118987701111,-17.974801260015123],[-53.22152080414173,-17.974593434784147],[-53.221562549771704,-17.974568978620496],[-53.22160356425303,-17.97454341449197],[-53.22194186132782,-17.974346757042113],[-53.22227944434081,-17.974148980835846],[-53.22232197238105,-17.974125790917434],[-53.22236380524538,-17.974101472350092],[-53.22270838768185,-17.973915079762183],[-53.22305229472755,-17.973727547733155],[-53.22305489736556,-17.973726230226337],[-53.223223552624795,-17.973600698358588],[-53.22346588394322,-17.973416741134756],[-53.22357460478406,-17.973339406633375],[-53.22368153327608,-17.973259818430954],[-53.22393153581157,-17.973085516328588],[-53.22417978466922,-17.972908933545522],[-53.22429098853826,-17.97283490495198],[-53.224400475601335,-17.972758569597385],[-53.22547451793462,-17.972034172883887],[-53.22549528148204,-17.972020630892445],[-53.22551561695212,-17.97200650614039],[-53.22586279213408,-17.97178093638624],[-53.22620954823202,-17.971554777575967],[-53.22623074525262,-17.971541866009417],[-53.22625153398104,-17.9715283590916],[-53.22660593971233,-17.97131333658631],[-53.2269599452452,-17.97109771153526],[-53.22698155595396,-17.971085443883283],[-53.22700277815557,-17.97107256828945],[-53.22736406459978,-17.970868304373816],[-53.22772497063079,-17.970663426221225],[-53.22774697344397,-17.970651813275715],[-53.227768606635834,-17.970639582495842],[-53.2281364167622,-17.97044627771869],[-53.228503868058965,-17.970252348812004],[-53.22852624049352,-17.97024140316331],[-53.22854826489049,-17.970229828888666],[-53.22892223717139,-17.970047674805432],[-53.22929586950875,-17.969864885801005],[-53.229318590880155,-17.96985461824121],[-53.22934098399918,-17.96984371126339],[-53.22972074791414,-17.969672887738774],[-53.23010019346912,-17.969501419400032],[-53.23012324039518,-17.969491839821647],[-53.23014598065242,-17.969481610932778],[-53.23053116208342,-17.969322286139782],[-53.23091604673806,-17.969162307539584],[-53.230939396735664,-17.969153424935758],[-53.23096246074891,-17.969143884927508],[-53.231237420370576,-17.969035023792394],[-53.23154423487841,-17.968888169898257],[-53.231939913196356,-17.968698704326872],[-53.23194199872421,-17.968697783421185],[-53.2319440527757,-17.968696800462165],[-53.23234578353106,-17.968519384007557],[-53.232747482810055,-17.96834190549976],[-53.23274959801547,-17.968341046647144],[-53.23275168354331,-17.968340125741413],[-53.23369436370382,-17.967940870819756],[-53.23400632143454,-17.96781431552338],[-53.23431728091771,-17.96768552900911],[-53.23441576837297,-17.967648208942894],[-53.23451329445288,-17.967608644168852],[-53.23482925146874,-17.967491527257412],[-53.23514428308215,-17.967372151249016],[-53.23524394595131,-17.96733781063662],[-53.23534272208888,-17.96730119653823],[-53.23566236542575,-17.967193634024213],[-53.235981158903314,-17.967083786332907],[-53.23608190005962,-17.967052457550146],[-53.23618182822866,-17.967018830100184],[-53.23650484312396,-17.966920929002914],[-53.23682708370284,-17.96682071664798],[-53.23692880242226,-17.966792431170965],[-53.23702978549618,-17.966761824543703],[-53.237355852690314,-17.966673680191434],[-53.23768122201068,-17.9665832029977],[-53.23778381936768,-17.966557989604723],[-53.23788575572303,-17.96653043257857],[-53.23821455505765,-17.966452133104724],[-53.23854273206138,-17.966371480104904],[-53.238646105533284,-17.96634936217857],[-53.23874889624449,-17.966324883531808],[-53.23908010216496,-17.966256504479368],[-53.239410763096146,-17.966185755713305],[-53.23951481195894,-17.96616675573644],[-53.23961835540268,-17.966145378851436],[-53.23995164055567,-17.96608698856887],[-53.24028445985988,-17.966026213284362],[-53.24038907979218,-17.966010350142785],[-53.240493274345056,-17.965992095703847],[-53.24082831047809,-17.965943751748018],[-53.241162959902624,-17.965893010199547],[-53.24126804928102,-17.96588030008106],[-53.24137279062177,-17.965865186074737],[-53.24170924768361,-17.965826936109497],[-53.24204539627801,-17.96578627775974],[-53.24215085078106,-17.96577673235557],[-53.242256036386884,-17.96576477407026],[-53.24259358252772,-17.965736656766488],[-53.2429308993415,-17.965706122085145],[-53.243945306730495,-17.965629657228103],[-53.24419349803144,-17.965614697905234],[-53.24444144831415,-17.965596449761648],[-53.244637317957825,-17.96558794667166],[-53.244833000542485,-17.965576151163727],[-53.24508156056556,-17.96556865891173],[-53.24513348112521,-17.965566405210694],[-53.245196019980256,-17.965555667305495],[-53.24553621102723,-17.965494909108056],[-53.24563373800652,-17.965480509163424],[-53.24573086838484,-17.96546383123612],[-53.246073244784384,-17.965415612285977],[-53.24641526145507,-17.965365109057792],[-53.246513212914344,-17.965353647198327],[-53.24661084241637,-17.965339897463572],[-53.24695463165085,-17.965301992837997],[-53.24729813580018,-17.965261794941153],[-53.24739641551202,-17.96525328285802],[-53.24749444880973,-17.965242473906336],[-53.24783931183475,-17.96521492137684],[-53.24818396531765,-17.965185068381498],[-53.24828247525596,-17.96517951416847],[-53.248380814323006,-17.965171657691066],[-53.248726411194866,-17.965154484237285],[-53.249071874067624,-17.96513500492181],[-53.24917051800492,-17.96513241487433],[-53.24926906661409,-17.965127517166405],[-53.24961505559031,-17.965120739875413],[-53.24996098790921,-17.96511165402493],[-53.2500596678193,-17.965112029941547],[-53.25015832794447,-17.96511009729844],[-53.25050436908134,-17.96511372246554],[-53.25085042820468,-17.965115039073094],[-53.250949046960834,-17.965118380054477],[-53.25104772237438,-17.96511941427472],[-53.2513934730303,-17.96513343830285],[-53.25173931811497,-17.965145155569687],[-53.251837778590584,-17.965151459817303],[-53.25193637126648,-17.96515545820311],[-53.25228149149751,-17.965179868501394],[-53.2526267817006,-17.965201974736633],[-53.25272498676867,-17.965211235055705],[-53.252823398680846,-17.965218195808326],[-53.253167547644175,-17.965252966296507],[-53.25351194212237,-17.96528544081574],[-53.25360979465625,-17.965297648213188],[-53.25370793047654,-17.96530756323867],[-53.254050768228346,-17.965352660642083],[-53.25439392703805,-17.965395470170076],[-53.25449133081019,-17.965410612954624],[-53.254589092512504,-17.96542347236053],[-53.254930281806985,-17.965478852612225],[-53.25527186680319,-17.965531954881072],[-53.255368725586145,-17.96555001776429],[-53.2554660169431,-17.965565808960175],[-53.255805220534455,-17.96563141720142],[-53.25614489447123,-17.965694760050347],[-53.25624111293694,-17.965715725945202],[-53.25633783862031,-17.965734433642492],[-53.256674721960735,-17.965810204222763],[-53.25701214939113,-17.96588372559872],[-53.257107632211444,-17.965907572921385],[-53.25720369599367,-17.965929179133603],[-53.25753792723344,-17.966015038308633],[-53.2578727754082,-17.96609866536637],[-53.25796742905351,-17.966125369835208],[-53.25806273650602,-17.966149852978575],[-53.2583939855939,-17.966245715312713],[-53.25872592536115,-17.966339365314713],[-53.258819655402704,-17.966368902647964],[-53.25891411299585,-17.966396237541517],[-53.25972957865707,-17.96664567170552],[-53.260048560992175,-17.966748552349078],[-53.26036835631453,-17.966849097453114],[-53.260469978806434,-17.966884470487155],[-53.260572452956296,-17.96691752057239],[-53.26068731796528,-17.966958455913172],[-53.2610152746351,-17.966979126830427],[-53.26102368779294,-17.966979911938594],[-53.2610321207357,-17.966980447934578],[-53.26146631252027,-17.96702120700836],[-53.261900529485786,-17.967061717869157],[-53.26190891206653,-17.967062754787534],[-53.26191732342562,-17.96706354439225],[-53.26234996387967,-17.967117333743193],[-53.26266705224259,-17.967156572063335],[-53.26275556891426,-17.967133110549803],[-53.26316109121137,-17.967024920308962],[-53.263184154325245,-17.96701950908833],[-53.26320703847397,-17.967013443161125],[-53.26361607891886,-17.966918152795742],[-53.26402495119038,-17.966822205026],[-53.26404817977966,-17.96681748898111],[-53.26407125188671,-17.966812113733333],[-53.26448321692687,-17.96672916476438],[-53.26489503537755,-17.966645553894416],[-53.2649184078582,-17.966641538421474],[-53.26494164454118,-17.96663685924887],[-53.26535612768305,-17.966566333514713],[-53.26577048671857,-17.96649514228227],[-53.26579397880897,-17.9664918309785],[-53.26581735758487,-17.96648785327705],[-53.266212262485915,-17.966432841747523],[-53.266281888897936,-17.966380746719324],[-53.26655595819079,-17.966188646134363],[-53.26682853011254,-17.965994603913053],[-53.26691473013062,-17.965937175005894],[-53.266999464253786,-17.965877781979337],[-53.267279701996586,-17.965694013613106],[-53.267558507119304,-17.965508261342475],[-53.267646548049576,-17.96545345036165],[-53.267733190534216,-17.965396633892823],[-53.26801931883642,-17.965221380307742],[-53.268304081068436,-17.965044099650736],[-53.268393877475376,-17.964991962354397],[-53.268482341087115,-17.964937778201076],[-53.268774079360185,-17.964771212067028],[-53.26906451721362,-17.964602577492194],[-53.26915598006434,-17.964553166041014],[-53.269246178468286,-17.96450166726339],[-53.26954323802994,-17.96434395225691],[-53.26983906552044,-17.96418413103811],[-53.269932104882685,-17.964137492196766],[-53.27002394724735,-17.96408873095551],[-53.270326035817845,-17.96394002175987],[-53.27062696156486,-17.963789172177894],[-53.270721484808575,-17.963745353610495],[-53.270814882101035,-17.9636993757709],[-53.271121700206265,-17.963559820774456],[-53.27142742743371,-17.963418091217218],[-53.27152334192857,-17.96337713429259],[-53.27161820241798,-17.963333987518727],[-53.27192944788561,-17.96320372341834],[-53.272239674421364,-17.963071253281083],[-53.27233688483932,-17.963033200267358],[-53.27243311409683,-17.962992925028832],[-53.27274848025809,-17.962872081326775],[-53.27306290033255,-17.962749001010863],[-53.273161311345405,-17.96271388878017],[-53.273258814043004,-17.96267652644587],[-53.273577988833104,-17.962565220953472],[-53.27389629218004,-17.96245165186752],[-53.273995807560425,-17.96241951549354],[-53.27409448747056,-17.96238510203619],[-53.27461057781585,-17.96221386302472],[-53.27493384542061,-17.962112017500946],[-53.27525631982326,-17.962007892195864],[-53.27535623720047,-17.961978941220547],[-53.27545539914724,-17.961947699671846],[-53.275781849452756,-17.961855620785638],[-53.27610758030056,-17.96176123963484],[-53.27686506307214,-17.961554128465668],[-53.27704625128331,-17.961507521100568],[-53.27722652578342,-17.96145777150431],[-53.277475691050256,-17.961397054675754],[-53.27772399296788,-17.961333182126022],[-53.27790662189307,-17.961292043538297],[-53.278088439629755,-17.961247736639077],[-53.278339473687645,-17.96119453904217],[-53.27858974871788,-17.961138161442342],[-53.27877363669393,-17.961102533000915],[-53.27895681870217,-17.961063713764794],[-53.279209474237746,-17.961018087560078],[-53.279461475966286,-17.960969260668175],[-53.27964644222942,-17.96093917654711],[-53.279830806846235,-17.960905882745617],[-53.28069278094705,-17.96076359830674],[-53.280854628338375,-17.96073938136276],[-53.28101594153236,-17.96071209503258],[-53.281559668943544,-17.960628528229375],[-53.281579152755626,-17.960625207033093],[-53.28174430155814,-17.96059385936455],[-53.282016940029685,-17.960550578591718],[-53.282289021820816,-17.960504196956485],[-53.28245562392789,-17.960480937790404],[-53.28262171971653,-17.96045456966805],[-53.28289564421857,-17.960419505101516],[-53.28316911276431,-17.960381324383995],[-53.28333639565807,-17.96036308433428],[-53.283503274756306,-17.960341721838404],[-53.283778214592864,-17.960314908551542],[-53.28405280099589,-17.960284966523375],[-53.28422060010058,-17.960271763576365],[-53.284388097032945,-17.960255427391473],[-53.28466378060892,-17.9602368905654],[-53.284939214173335,-17.960215217803352],[-53.28510736311426,-17.96020706454982],[-53.285275314204334,-17.960195770863546],[-53.285551469924314,-17.96018553028336],[-53.28582747815551,-17.960172146572738],[-53.2859958114575,-17.9601690520056],[-53.286164050330626,-17.960162812509108],[-53.28644040480077,-17.96016087716816],[-53.28671671700277,-17.960155795998617],[-53.28688506829115,-17.960157762815925],[-53.28705342857279,-17.960156582905427],[-53.28732971109713,-17.96016295550141],[-53.28760605297691,-17.960166182268953],[-53.287774256776515,-17.960173208672067],[-53.28783982274951,-17.960174720432295],[-53.28799134142719,-17.96015689946676],[-53.288206051867746,-17.960128281240596],[-53.288432694513176,-17.96010499059821],[-53.288658937859566,-17.960078380558176],[-53.28887482551272,-17.960059554150526],[-53.28909036872552,-17.960037403848506],[-53.28931766427877,-17.960020936362536],[-53.28954466935091,-17.96000114048559],[-53.28976106781897,-17.95998881257908],[-53.28997723156397,-17.95997315178495],[-53.2902049551945,-17.959963524542445],[-53.290432497161994,-17.959950561714493],[-53.29064919330551,-17.959944744000165],[-53.29086576444342,-17.959935588002338],[-53.291093691320775,-17.959932810895907],[-53.29132154625234,-17.959926693707366],[-53.29153832693215,-17.959927392480573],[-53.29175509142431,-17.95992475117163],[-53.29198299581856,-17.959928825999903],[-53.29221093978299,-17.959929560746055],[-53.29242759006115,-17.959936775107515],[-53.29264433386885,-17.959940650286175],[-53.292871992748246,-17.959951574351127],[-53.29309979911642,-17.95995915923316],[-53.29331610675292,-17.959972882887662],[-53.293532615837535,-17.95998327095663],[-53.293759804371405,-17.96000103166768],[-53.29398724921214,-17.960015460390604],[-53.294202999268975,-17.96003567894883],[-53.2944190613905,-17.960052569116222],[-53.29464555384919,-17.960077150285656],[-53.294872414130566,-17.960098409359553],[-53.29508739346835,-17.960125102137113],[-53.2953027954876,-17.960148479114366],[-53.29552836973835,-17.960179855561304],[-53.2957544197306,-17.960207922503066],[-53.295968417908,-17.960241064319007],[-53.2961829457862,-17.96027090382455],[-53.29632014096171,-17.960294219647945],[-53.29650551731572,-17.960275895061955],[-53.296896422032205,-17.960243184920497],[-53.29728719724625,-17.960209090722284],[-53.29733941817955,-17.960206113966365],[-53.29739153389215,-17.96020175225448],[-53.297783319044925,-17.96018080794323],[-53.298175019661414,-17.96015847687761],[-53.29822731343967,-17.960157070337914],[-53.29827954516486,-17.960154277942983],[-53.298671824045414,-17.960145119247215],[-53.299064064255106,-17.960134572897577],[-53.29931315937473,-17.960131621322663],[-53.29939560022672,-17.960131883924703],[-53.29947802129351,-17.96013012754879],[-53.29984027900559,-17.960133299457656],[-53.30020254930815,-17.960134451489186],[-53.30028494069734,-17.96013719262271],[-53.30036737885143,-17.960137913879006],[-53.30072935327695,-17.960151972980615],[-53.30109140684282,-17.9601640140034],[-53.30117366783048,-17.96016922917204],[-53.301256041233216,-17.960172428060567],[-53.301617376240806,-17.960197360864928],[-53.301978856039284,-17.96022027828861],[-53.302060905686176,-17.9602279638948],[-53.302143133398836,-17.960233636818256],[-53.30250347105828,-17.960269418144552],[-53.30286402095771,-17.96030318948601],[-53.302945777425634,-17.96031333743593],[-53.30302777850915,-17.96032147989774],[-53.30338676448752,-17.960368073772997],[-53.3037460283565,-17.960412665757232],[-53.303827411605596,-17.9604252661585],[-53.30390910512108,-17.960435869165387],[-53.304266385085555,-17.960493230623506],[-53.30462400859102,-17.96054859918387],[-53.30470493768263,-17.9605636394458],[-53.30478624359023,-17.960576692206008],[-53.30514146500644,-17.960644764589556],[-53.30549709471512,-17.960710855766802],[-53.305577491408094,-17.960728320600914],[-53.30565832786942,-17.960743811423054],[-53.306011140901376,-17.960822527283185],[-53.3063644269767,-17.960899274527296],[-53.30644421033202,-17.9609191477459],[-53.30652449910633,-17.960937060442326],[-53.306874554816766,-17.961026342437187],[-53.307225148321834,-17.961113670205044],[-53.307304240997894,-17.96113593202304],[-53.30738390204532,-17.961156249506733],[-53.30773085599418,-17.96125600860333],[-53.30807841069009,-17.961353832358867],[-53.30815673354636,-17.9613784602931],[-53.3082356886261,-17.961401161879422],[-53.3085791981714,-17.961511300051846],[-53.30892337231569,-17.961619521768867],[-53.309000848010555,-17.961646491537763],[-53.30907901978077,-17.961671555643154],[-53.309418745878304,-17.96179196497259],[-53.30975919862806,-17.961910478531088],[-53.30983575161849,-17.961939764054257],[-53.3099130618383,-17.96196716459833],[-53.31011895712413,-17.96204726361567],[-53.31022814651169,-17.96207526850424],[-53.31033525396873,-17.962106220471078],[-53.31044309077594,-17.962134754160967],[-53.310461216611714,-17.96214014199934],[-53.31061635236273,-17.96217253198211],[-53.31083152325607,-17.962214034795135],[-53.31105080674922,-17.96226323760362],[-53.31127086096143,-17.962309181269003],[-53.31148373948287,-17.962360378773838],[-53.311697442682714,-17.96240832972603],[-53.311915003974214,-17.96246409938397],[-53.31213344210466,-17.962516634180584],[-53.31234453637114,-17.962574205180708],[-53.312556560536734,-17.962628555708637],[-53.31277218378915,-17.96269083735762],[-53.312988790899965,-17.962749911124824],[-53.313197891369555,-17.962813799862303],[-53.31340802785809,-17.962874495107243],[-53.3136215017309,-17.962943227593236],[-53.313836062883915,-17.96300878367371],[-53.314042964511145,-17.963078925397415],[-53.31425100557942,-17.963145906903346],[-53.31446211873174,-17.963221021877963],[-53.314674423485826,-17.963292994621348],[-53.31487892122521,-17.96336932008333],[-53.315084661827655,-17.963442522199976],[-53.31521533242153,-17.963493540739673],[-53.315247699921315,-17.96349657055563],[-53.31552343925529,-17.963522272280358],[-53.315564483414164,-17.963519810835887],[-53.31589202189923,-17.963497579594986],[-53.316008293447965,-17.963493194500618],[-53.316124426501005,-17.963486229251345],[-53.31645262778647,-17.963476436533682],[-53.316780734643146,-17.963464060962988],[-53.31689709162737,-17.963463172432768],[-53.317013396451046,-17.963459701948942],[-53.31734175781577,-17.963459778391357],[-53.31767010748944,-17.963457271081516],[-53.31778643659476,-17.963459880914087],[-53.317902798075636,-17.963459907893743],[-53.31823099396514,-17.963469853496196],[-53.31855926449839,-17.963477217145197],[-53.318675450611515,-17.963483321743265],[-53.31879175363645,-17.963486846186324],[-53.319119461194134,-17.963506651955772],[-53.319447327931805,-17.963523878469488],[-53.31978497749469,-17.963546714054843],[-53.31988930065069,-17.963555347546535],[-53.31999380996632,-17.963561580747605],[-53.320332327374956,-17.96359201110769],[-53.32067107141279,-17.963620043875174],[-53.32077506002088,-17.96363180880623],[-53.32087931302981,-17.96364117974192],[-53.32121666491713,-17.963681769743143],[-53.321554322573895,-17.963719970245755],[-53.32165787231287,-17.963734854924912],[-53.32176176649227,-17.963747355501386],[-53.32209762100837,-17.963798065573613],[-53.32243385773626,-17.963846396039653],[-53.3225368687813,-17.963864385178518],[-53.3226403016086,-17.963880001905817],[-53.322974326004264,-17.963940781687047],[-53.32330881085289,-17.96399919535186],[-53.32341118068132,-17.96402027186333],[-53.323514050532985,-17.964038990352336],[-53.323845915656364,-17.964109779587957],[-53.324178319473845,-17.96417821709634],[-53.32427994646224,-17.964202361195312],[-53.324382150815495,-17.964224161660987],[-53.324711530212824,-17.964304891103154],[-53.32504152384723,-17.96438328590517],[-53.32514230907026,-17.96441047241069],[-53.32524374810037,-17.96443533416857],[-53.32557031531775,-17.964525923777604],[-53.3258975741137,-17.964614198531706],[-53.32599741774653,-17.964644401363323],[-53.326097990729636,-17.964672299232518],[-53.32642142380962,-17.964772659975594],[-53.326745624910586,-17.964870728346668],[-53.326844428027805,-17.964903916028213],[-53.32694403603841,-17.96493482392827],[-53.327264017520235,-17.96504485687989],[-53.32758484076776,-17.965152620842087],[-53.32768250624264,-17.965188761897124],[-53.327781050355156,-17.96522264835174],[-53.328097263677705,-17.965342244694153],[-53.32841439251018,-17.965459598127246],[-53.3285108241152,-17.965498657482303],[-53.32860820810226,-17.96553548921676],[-53.3289203403014,-17.965664530239135],[-53.32923346175477,-17.96579135803002],[-53.32932856416187,-17.96583329611499],[-53.32942469179603,-17.96587303625685],[-53.329732436202846,-17.966011396054245],[-53.33004124270906,-17.966147572297764],[-53.33013492148939,-17.966192348643244],[-53.33022969744252,-17.966234958521802],[-53.33053275008626,-17.96638249949803],[-53.33083693587582,-17.966527891094476],[-53.33092909929837,-17.966575460734195],[-53.33102243094038,-17.966620898081203],[-53.33164504957932,-17.96693589282244],[-53.331658707583195,-17.966943067613663],[-53.33167258592107,-17.96694984220663],[-53.33204854390516,-17.967147852236778],[-53.33242473031697,-17.96734546566595],[-53.332438146403256,-17.96735304695071],[-53.33245179541399,-17.967360236131167],[-53.332767023079555,-17.96753882799974],[-53.33314136408262,-17.96772769821993],[-53.33314753702916,-17.96773105359048],[-53.3331538151964,-17.967734225499353],[-53.33380490277392,-17.968075742146997],[-53.33406129589201,-17.968215284552926],[-53.33431921785751,-17.968352221622936],[-53.334447846091166,-17.968425662959145],[-53.33457804454105,-17.968496522341756],[-53.33475339795092,-17.96859906394087],[-53.33509916209664,-17.968722085800778],[-53.335148630205026,-17.968741399641086],[-53.33519863790673,-17.96875939777316],[-53.33556038120656,-17.968902159752062],[-53.33592268568333,-17.969043614116682],[-53.33597149548803,-17.969064405542998],[-53.33602088805345,-17.969083897449067],[-53.33637776871893,-17.96923746208437],[-53.33673525282961,-17.969389736192547],[-53.3367833566665,-17.969411983621324],[-53.33683208463288,-17.96943295131477],[-53.337183750129896,-17.969597166621018],[-53.33753606134013,-17.96976010938667],[-53.33758341154504,-17.969783792133487],[-53.33763142724854,-17.969806214030676],[-53.33797753133791,-17.96998091813006],[-53.338324322509436,-17.97015436947375],[-53.338370872317796,-17.970179464156065],[-53.33841812809408,-17.97020331777408],[-53.33875832903357,-17.970388337996507],[-53.339099257524595,-17.97057212794642],[-53.33914496017172,-17.97059860848413],[-53.33919141105475,-17.970623870440363],[-53.33952537249786,-17.97081902512293],[-53.33986010196202,-17.971012971116853],[-53.33990491338096,-17.97104081232873],[-53.33995051170672,-17.971067458341615],[-53.34016952360457,-17.971204658013665],[-53.34039432174046,-17.971225667075977],[-53.34068449609259,-17.971249749121682],[-53.340836905098975,-17.971267028695525],[-53.340989653149904,-17.971281303634367],[-53.34127850549851,-17.971317094853184],[-53.341567746354315,-17.971349886832957],[-53.34171951324493,-17.97137173855997],[-53.34187171810527,-17.9713905973433],[-53.34215925294712,-17.971435052630664],[-53.34244727522156,-17.971476522168857],[-53.34256806496421,-17.97149764544512],[-53.34274522780993,-17.971490048871814],[-53.3428748120229,-17.97148308182391],[-53.34292089778114,-17.971474867416347],[-53.34299746965746,-17.971463588119192],[-53.34307370968389,-17.971450411252572],[-53.34343699082444,-17.97139884232773],[-53.34379997069203,-17.971345371336877],[-53.34424353611024,-17.971286838062195],[-53.34466715546483,-17.97123741132252],[-53.34509070916886,-17.97118747017071],[-53.34510859488569,-17.97118590535034],[-53.34512642304594,-17.971183825218475],[-53.34555145523541,-17.97114715536207],[-53.34597643796218,-17.971109968395407],[-53.345994366846526,-17.971108942269026],[-53.346012254361995,-17.971107399032284],[-53.34643828030239,-17.971083522032067],[-53.34686427296771,-17.97105912702215],[-53.34688222613374,-17.97105863958967],[-53.346900155917304,-17.971057635046918],[-53.34732675472583,-17.97104657428508],[-53.347753338245916,-17.971034994614453],[-53.34797547079132,-17.971032305641472],[-53.34797777755234,-17.971032311936703],[-53.34798008341403,-17.97103224988359],[-53.348422485109495,-17.97103361325577],[-53.34886488770434,-17.97103490648084],[-53.348867193566036,-17.971034982023912],[-53.348869500327055,-17.971034989218477],[-53.34931163942059,-17.971049648167817],[-53.34975378031265,-17.971064237869367],[-53.349756082577066,-17.97106438266029],[-53.349758388438715,-17.971064459102646],[-53.35019982785973,-17.971092400139298],[-53.35064127177725,-17.97112027102883],[-53.350643567746424,-17.971120485966754],[-53.35064587001085,-17.971120631656955],[-53.35108617448731,-17.9711618260025],[-53.3515264870577,-17.97120295110039],[-53.35152877493301,-17.971203234386792],[-53.35153107090219,-17.97120344932488],[-53.351969806061675,-17.971257857409334],[-53.35240855111362,-17.971312196245933],[-53.35241082909647,-17.97131254878023],[-53.35241311697172,-17.97131283206669],[-53.352849850240375,-17.97138039993062],[-53.35300608586215,-17.971404546727438],[-53.35319431126834,-17.97139376115829],[-53.35333888358247,-17.971389832919602],[-53.35348333628684,-17.97138297199165],[-53.35378339059094,-17.971377752326514],[-53.354083372949226,-17.971369599972196],[-53.35500489386072,-17.97135841150661],[-53.355484084123134,-17.971352591993586],[-53.356036996310195,-17.97134587495724],[-53.35641435633744,-17.971346963136895],[-53.35679171726383,-17.971346331812853],[-53.35685904950549,-17.971348244670803],[-53.356926410525375,-17.971348438025117],[-53.357303548419964,-17.971360867555042],[-53.357680743871185,-17.971371579379927],[-53.357747979885346,-17.97137551391397],[-53.35781530133505,-17.971377732541374],[-53.35819184567702,-17.971401490831273],[-53.358568503333736,-17.971423534113963],[-53.35863557657058,-17.97142948762585],[-53.35870279279959,-17.971433728828615],[-53.35907837037041,-17.971468792495884],[-53.359454118812494,-17.971502145652646],[-53.35952096452081,-17.97151011184728],[-53.35958800807998,-17.971516371128743],[-53.35996225015765,-17.97156270599923],[-53.36033671886446,-17.971607335754964],[-53.36040326959517,-17.971617308337244],[-53.36047007483404,-17.971625578502685],[-53.36084261179707,-17.97168313871098],[-53.361215431147116,-17.971739001898563],[-53.36128162124976,-17.97175096917701],[-53.36134812251783,-17.971761243931365],[-53.36171858654347,-17.971829972820085],[-53.36177366822017,-17.971839931013147],[-53.36201592579431,-17.97183698033749],[-53.36245220310656,-17.97183822499911],[-53.36288848131824,-17.971839219649354],[-53.362896907965876,-17.97183949214398],[-53.36290533910994,-17.971839516425664],[-53.363341360115555,-17.971853872303466],[-53.36377739011442,-17.971867979069064],[-53.36378580327215,-17.971868505172413],[-53.36379422991968,-17.97186878216362],[-53.36422956474257,-17.971896236667103],[-53.36466491665254,-17.971923441159028],[-53.364673309125855,-17.97192421997184],[-53.36468172228348,-17.971924750571848],[-53.3651159410478,-17.97196527582187],[-53.36555018499303,-17.972005551959764],[-53.36555854778868,-17.97200658168354],[-53.36556693936273,-17.972007364992947],[-53.36599961399088,-17.97206092052008],[-53.36643232189408,-17.97211422873371],[-53.366440646918306,-17.972115510267624],[-53.366449008814634,-17.972116544487974],[-53.366879712129,-17.972183078131675],[-53.36731045771136,-17.97224936536096],[-53.3673187359708,-17.97225089600712],[-53.36732706009565,-17.972252182037632],[-53.36775536761604,-17.972331627247925],[-53.36818372549851,-17.972410828741843],[-53.36819194979853,-17.972412606701557],[-53.36820022715864,-17.972414142743514],[-53.368555098738796,-17.972491106724316],[-53.36884482792635,-17.97232708387294],[-53.36919034745648,-17.97213013234485],[-53.369227571295255,-17.972110403017794],[-53.36926419438703,-17.972089669148],[-53.36961659103275,-17.97190421365357],[-53.36996840311923,-17.97171774372393],[-53.37000625558414,-17.971699143046155],[-53.37004354057683,-17.971679520738444],[-53.370401849365805,-17.97150474829065],[-53.37075960597099,-17.97132894521978],[-53.37079805018982,-17.9713114911775],[-53.37083596111063,-17.97129299931753],[-53.37119982681054,-17.971129082586167],[-53.37156317540013,-17.970964119043973],[-53.37160217360133,-17.970947829623746],[-53.37164067267878,-17.970930486198135],[-53.37200973735946,-17.970777587061157],[-53.372361751793335,-17.970630546107945],[-53.37238530773567,-17.97061333668126],[-53.3726120511052,-17.97044383695864],[-53.37273876198424,-17.97035510534888],[-53.372863561803854,-17.97026392668398],[-53.37309762565485,-17.97010380149433],[-53.37332981981524,-17.96994120137051],[-53.3734593788472,-17.969856321557103],[-53.373587109557384,-17.969768938930446],[-53.37382631213449,-17.969615928277598],[-53.37406372685944,-17.969460386932482],[-53.37419600723991,-17.969379443451757],[-53.37432654203627,-17.969295944097663],[-53.3745706468178,-17.96915019816827],[-53.3748130482835,-17.969001869385966],[-53.374947919610754,-17.968924942277454],[-53.37508112989019,-17.968845407135007],[-53.375329896757194,-17.96870707071986],[-53.37557704574397,-17.968566101089777],[-53.375714374019026,-17.968493265896715],[-53.37585012848058,-17.968417774106186],[-53.37610331191826,-17.96828698210374],[-53.376354963810456,-17.96815351192028],[-53.3764946150344,-17.96808483968882],[-53.37663277877966,-17.968013464994574],[-53.3768901296757,-17.96789034870587],[-53.37714603626051,-17.967764507471284],[-53.377287871937654,-17.967700067449268],[-53.3774283100684,-17.967632880897924],[-53.37768957301529,-17.967517559932542],[-53.37794948248251,-17.967399473552042],[-53.37809336321811,-17.967339327792995],[-53.378235935440046,-17.967276395934142],[-53.37850085323175,-17.967168984506245],[-53.37876451017388,-17.967058768092826],[-53.37891029207628,-17.967002976851163],[-53.379054859893806,-17.966944361738108],[-53.379323170827604,-17.96684496686696],[-53.37959031354205,-17.966742729238824],[-53.37973785451828,-17.96669134737294],[-53.379884274039966,-17.966637105663157],[-53.38015571371517,-17.96654582447548],[-53.38042607959983,-17.966451667255846],[-53.38057523306055,-17.966404745128163],[-53.380723360394654,-17.966354931680037],[-53.380997661712684,-17.96627185410802],[-53.3812709827696,-17.966185869927198],[-53.381421603024535,-17.96614345430221],[-53.381571290682416,-17.96609811767924],[-53.3822865260023,-17.965893261110367],[-53.38267538296253,-17.965788223892698],[-53.38306392246193,-17.965682118280395],[-53.38310334154596,-17.965672624137515],[-53.38314246205482,-17.96566205710351],[-53.3835345727623,-17.965568759635715],[-53.38392640198185,-17.96547438478032],[-53.383966113345366,-17.965466080440514],[-53.38400556120758,-17.965456694216275],[-53.38440053985301,-17.9653752291288],[-53.38479527208409,-17.9652926776602],[-53.38483523615713,-17.965285570318123],[-53.384874972701766,-17.96527737479628],[-53.38527242897936,-17.965207821229264],[-53.385669674815574,-17.965137175885204],[-53.385709852927334,-17.965131273634697],[-53.38574983858416,-17.9651242760098],[-53.3861493803895,-17.96506670321109],[-53.386548747726465,-17.965008032340094],[-53.38658909940739,-17.965003340576956],[-53.386629295505486,-17.964997548943007],[-53.387030528935725,-17.964952013569864],[-53.38743162387033,-17.964905375627826],[-53.3874721104495,-17.96490189884888],[-53.38751247562021,-17.9648973177023],[-53.38791500587274,-17.964863865620135],[-53.38831743270333,-17.964829305573218],[-53.38835801281198,-17.964827048274962],[-53.38839850928372,-17.964823682112566],[-53.388801937059725,-17.964802344797636],[-53.389205300084484,-17.9647798986187],[-53.389245934152484,-17.964778861700434],[-53.389286520556425,-17.96477671501867],[-53.38969045015409,-17.964767514054802],[-53.390094350074094,-17.964757202428235],[-53.390134997631954,-17.96475738678929],[-53.390175634397906,-17.964756461386905],[-53.390579666518356,-17.964759405767257],[-53.390983704934,-17.964761239484908],[-53.39102432731073,-17.9647626460246],[-53.39106497396932,-17.964762941901423],[-53.39146871021279,-17.964778028928148],[-53.39187248872428,-17.964792006191416],[-53.391913044551245,-17.964794632211795],[-53.39195366243143,-17.96479615026743],[-53.39235670349904,-17.964823364651856],[-53.39275982460612,-17.96484947107153],[-53.392800274313174,-17.96485331567327],[-53.39284082204625,-17.964856053209576],[-53.393242770437446,-17.9648953688715],[-53.39364483663986,-17.96493357836725],[-53.39368513975728,-17.9649386370537],[-53.39372557777318,-17.96494259227209],[-53.394126037786236,-17.964993969641277],[-53.39452665158364,-17.96504424534088],[-53.39456676944075,-17.965050512716218],[-53.39460705726975,-17.96505568112006],[-53.39500563410263,-17.965119069834522],[-53.395404399793165,-17.965181362275224],[-53.3962342968752,-17.96524103139375],[-53.39833793075087,-17.965364095521892],[-53.400910605140275,-17.96563039377295],[-53.40551917197218,-17.966765788755424],[-53.40880655377942,-17.968066541183095],[-53.41171388928444,-17.970042732131517],[-53.41375897189897,-17.97158242453439],[-53.41486088602097,-17.9724630685608],[-53.41651377698918,-17.97378401976178],[-53.418483130392076,-17.97547365792786],[-53.420533411088,-17.97738585042157],[-53.422032736521544,-17.978857721351638],[-53.42392842555637,-17.98084633013891],[-53.426970281653155,-17.985094198683008],[-53.42831557840112,-17.987739114712955],[-53.42865935684381,-17.98842082870292],[-53.42903915313434,-17.989183540132917],[-53.42905167349585,-17.98920644586538],[-53.429064895328565,-17.989228988271822],[-53.429257799008155,-17.98958353969318],[-53.42945140955487,-17.98993773858042],[-53.429463172687235,-17.989961009437646],[-53.429475648082594,-17.989983938552488],[-53.429656820106125,-17.99034411253541],[-53.42983871068793,-17.990703955567636],[-53.42984970400057,-17.990727568167344],[-53.429861420368184,-17.99075086060831],[-53.43003068177051,-17.991116302819734],[-53.43020067252298,-17.99148143386562],[-53.43021088522414,-17.991505365724624],[-53.43022183087271,-17.991528999008686],[-53.4303790152793,-17.99189934702179],[-53.430536938029206,-17.99226940725191],[-53.43054636022623,-17.99229363408852],[-53.4305565252634,-17.992317584833184],[-53.43070147619209,-17.9926924744227],[-53.43084717445748,-17.99306709871221],[-53.43085579715728,-17.99309159624474],[-53.43086517169024,-17.993115840168436],[-53.43099774614904,-17.993494901712808],[-53.43113107693756,-17.99387371954107],[-53.43113889114688,-17.993898464387154],[-53.431147465283175,-17.99392297810739],[-53.43126753287032,-17.994305836589607],[-53.431388363981796,-17.994688474737803],[-53.43139536250595,-17.9947134426158],[-53.43140312725245,-17.994738201851064],[-53.43151056925734,-17.995124480454916],[-53.431618781981115,-17.995510561207787],[-53.43162495672635,-17.99553572693676],[-53.431631904888434,-17.99556070740519],[-53.43198693564841,-17.99692283046868],[-53.43207272827368,-17.99727548252182],[-53.43216024849664,-17.997627746967304],[-53.43217356116088,-17.997689956670595],[-53.43218860771804,-17.99775180394695],[-53.43226278290109,-17.99810686168668],[-53.43233869647361,-17.998461582180536],[-53.43234996138158,-17.998524161505262],[-53.43236297007496,-17.998586430563698],[-53.432425453172016,-17.99894354145567],[-53.432489686349925,-17.999300369061164],[-53.432667690061805,-18.000391388795894],[-53.433782859291455,-18.006385311776874],[-53.433795237560105,-18.006458484215745],[-53.43380959613592,-18.006531324805007],[-53.4338663028875,-18.006878570134067],[-53.43392499534219,-18.007225513290905],[-53.4339349652264,-18.007299022076378],[-53.43394692531018,-18.007372258367177],[-53.43399220527601,-18.007721036141085],[-53.43403947993795,-18.008069571997254],[-53.43404703244448,-18.00814334338466],[-53.43405658234536,-18.008216903431418],[-53.43409039055899,-18.008566870109025],[-53.43412620066357,-18.008916654224272],[-53.434131326799275,-18.008990616267976],[-53.434138457523716,-18.00906442722567],[-53.43416076071048,-18.009415236568017],[-53.43418507028474,-18.0097659254012],[-53.434187766452226,-18.00984000525606],[-53.43419247080584,-18.00991399338015],[-53.434203246482475,-18.010265300047614],[-53.43421603214414,-18.01061654556118],[-53.43421629474608,-18.01069067038221],[-53.43421856823227,-18.01076476282755],[-53.434217805607204,-18.01111622058119],[-53.43421905386623,-18.011467677435405],[-53.43421688290271,-18.011541772578816],[-53.434216722823464,-18.011615897399786],[-53.4342044227958,-18.011967159101157],[-53.43419413185359,-18.01231847925838],[-53.43418953002276,-18.012392473677696],[-53.4341869363779,-18.012466556230574],[-53.434163111538275,-18.01281727474141],[-53.434141292186844,-18.013168112862118],[-53.4341342630857,-18.013241931913527],[-53.434129238573405,-18.01331590025262],[-53.434093910505396,-18.01366573023324],[-53.43406058432845,-18.014015739178873],[-53.43405113605103,-18.014089310017635],[-53.43404368516792,-18.014163091297615],[-53.433996889844536,-18.014511686509003],[-53.433952089217435,-18.014860520940278],[-53.433940229857626,-18.01493377251957],[-53.43393035979818,-18.015007292996025],[-53.43387214398416,-18.01535430989736],[-53.433815912074635,-18.015701626272907],[-53.43380165422292,-18.015774484848464],[-53.43378937577905,-18.015847672575998],[-53.43371979523232,-18.01619276852539],[-53.433652188697465,-18.016538223304316],[-53.43363554494442,-18.01661061782969],[-53.43362086980721,-18.016683400862142],[-53.43353999377564,-18.01702623501657],[-53.433461078266134,-18.01736948735574],[-53.43344206659799,-18.017441345885242],[-53.43342500915679,-18.017513651377786],[-53.43333291678067,-18.017853886491537],[-53.43324277053739,-18.01819459824598],[-53.4332214089407,-18.01826584973308],[-53.43320198538328,-18.01833760753839],[-53.43309876839339,-18.018674906365657],[-53.43299748044933,-18.019012741188778],[-53.432973789608646,-18.019083315486473],[-53.43295201971989,-18.019154453658896],[-53.432837778840394,-18.019488484349903],[-53.43272544812089,-18.019823107694048],[-53.43269945231782,-18.01989293555431],[-53.43267535768155,-18.019963384846164],[-53.432550205327686,-18.02029381734961],[-53.43242694424799,-18.020624900062877],[-53.43239866776429,-18.020693912238055],[-53.432372271762915,-18.02076360250206],[-53.432236332040986,-18.02109011036399],[-53.43210226021108,-18.02141732599252],[-53.43207173182486,-18.021485453234856],[-53.4320430614381,-18.021554316122497],[-53.43189646744798,-18.02187657828524],[-53.43175171796736,-18.022199602173654],[-53.431718968255666,-18.02226677973186],[-53.431688050463094,-18.0223347459954],[-53.431530947894885,-18.02265244409868],[-53.43137566285645,-18.022970958786434],[-53.431340723295705,-18.023037118312033],[-53.43130758957352,-18.02310412230114],[-53.43114013221128,-18.023416941582212],[-53.43097446629855,-18.02373063230659],[-53.43093737106278,-18.02379570904845],[-53.43090205288735,-18.02386168511237],[-53.43072440710563,-18.024169317103997],[-53.43054852219649,-18.024477874498015],[-53.43050930815798,-18.024541804604254],[-53.43047184150225,-18.024606685293957],[-53.43028418176954,-18.024908827823804],[-53.430098251433094,-18.02521194701737],[-53.430056958162034,-18.025274666636182],[-53.43001737989812,-18.025338389898447],[-53.4298198905754,-18.02563474349224],[-53.42962409917277,-18.025932125011206],[-53.42958076623926,-18.02599357298869],[-53.429539115038104,-18.02605607587083],[-53.42670272075378,-18.030168297872205],[-53.42669089916564,-18.030263055838933],[-53.42666380618965,-18.030507737085948],[-53.426638184504554,-18.030685601402862],[-53.426615943371075,-18.03086388120669],[-53.426577456884104,-18.031107160410656],[-53.42654234375408,-18.03135090726207],[-53.426510894462126,-18.031527912726496],[-53.42648281043324,-18.03170543620043],[-53.426436355953,-18.031947439266293],[-53.426393256843255,-18.03219001070388],[-53.426356011420694,-18.032365984645885],[-53.426322112375544,-18.03254257642226],[-53.4262677339687,-18.032783064130513],[-53.42621669204664,-18.03302422003519],[-53.42617368646637,-18.03319898798638],[-53.42613400567979,-18.03337447359653],[-53.42607175820501,-18.0336132085262],[-53.42601282203401,-18.033852712376206],[-53.4259640994635,-18.034026100767296],[-53.42591867650566,-18.034200308440937],[-53.42584862021761,-18.0344370549695],[-53.42578185005232,-18.034674669343822],[-53.42572745815561,-18.0348465082032],[-53.42567633709326,-18.035019264370984],[-53.42559854123965,-18.03525378957413],[-53.42552400183121,-18.035489279749847],[-53.42546399366836,-18.035659400004622],[-53.42540722576274,-18.035830534694835],[-53.42532176768526,-18.03606260564814],[-53.425239531878844,-18.036295739600025],[-53.42517396770438,-18.036463973077286],[-53.42511160781442,-18.036633317217138],[-53.42501857204939,-18.036862705492815],[-53.424928720783726,-18.037093253893875],[-53.424857664449576,-18.037259433319488],[-53.42478977462838,-18.037426820534666],[-53.42468925200728,-18.03765330040288],[-53.424591875214794,-18.037881034825126],[-53.424515396868,-18.03804499652264],[-53.42444204456467,-18.038210261337802],[-53.424334134013016,-18.03843360796789],[-53.42422932702181,-18.038658304480474],[-53.42414750220536,-18.038819887471103],[-53.424068758466376,-18.038982866209615],[-53.42395356700342,-18.039202860167162],[-53.4238414332354,-18.039424295737994],[-53.42375434288857,-18.039583340841762],[-53.42367028595487,-18.039743872524966],[-53.42158684635581,-18.04681343143781],[-53.42128966898298,-18.04789176353716],[-53.42117104300911,-18.04834100277814],[-53.42105323361977,-18.048849932721307],[-53.42102735652719,-18.0492383103428],[-53.421030626462205,-18.049477070453403],[-53.4210035244929,-18.04977591247138],[-53.42104043626705,-18.050193352584174],[-53.42107980049236,-18.050789863904043],[-53.42107698201704,-18.052839581624347],[-53.42105421208214,-18.053476703629897],[-53.42106279701046,-18.054103450156894],[-53.4211341726039,-18.054759260074693],[-53.42120105158722,-18.05508677337875],[-53.42128778400394,-18.05543721130115],[-53.421336037128356,-18.055831336489874],[-53.42140209862782,-18.05609915999111],[-53.42137418007434,-18.05633831130682],[-53.42144228663216,-18.05675536021458],[-53.421477157844436,-18.05702357492087],[-53.421608001108325,-18.057431796982677],[-53.4217128692535,-18.05786850686889],[-53.42179583351083,-18.058204845220253],[-53.42183198625713,-18.058528635331065],[-53.42180929636185,-18.058778839314805],[-53.421840548702335,-18.059153326907317],[-53.421768370014206,-18.059604086901878],[-53.421700300328496,-18.06035469975229],[-53.421732923235716,-18.06082913799706],[-53.421719934327484,-18.06124220650534],[-53.4217632159996,-18.06154155574095],[-53.42176835382645,-18.061916356297406],[-53.42182394182129,-18.062166209545527],[-53.42182852836379,-18.06250075195085],[-53.42177162825799,-18.06298815752],[-53.42174734836135,-18.063535990336263],[-53.4218175908091,-18.06402180140761],[-53.4221161738223,-18.064930602308092],[-53.423353664340084,-18.067074764131565],[-53.42341974112809,-18.067256443372735],[-53.42368112728218,-18.067770271023708],[-53.423876436648186,-18.06810241853426],[-53.42413991282666,-18.068768309852146],[-53.42436993422501,-18.06931294737716],[-53.42463049120414,-18.069765946683596],[-53.424960053163886,-18.070613515443842],[-53.42519133361311,-18.071249390089623],[-53.42545398511328,-18.07185445216366],[-53.425693402628326,-18.07268767943527],[-53.4258676705565,-18.073218025833576],[-53.42593063748887,-18.073749769778473],[-53.42610710336004,-18.07443984836269],[-53.426283570130586,-18.075129926946957],[-53.42652520537388,-18.076511481661814],[-53.426769775105015,-18.07810601382373],[-53.42701581342902,-18.079807032011153],[-53.427379759168446,-18.081985848310403],[-53.42779644025347,-18.08395098479224],[-53.428251931581315,-18.08469080038223],[-53.429178324120244,-18.087288555064813],[-53.42976567944248,-18.08951779994847],[-53.430252746866756,-18.092547106006062],[-53.43040369177691,-18.095420886906236],[-53.43142755463782,-18.097005575988295],[-53.43274516036075,-18.099704869525777],[-53.4337808367162,-18.102141443214663],[-53.43448111361238,-18.10447573970523],[-53.43502031743361,-18.10723809280524],[-53.437442465996924,-18.10928433554507],[-53.439252386688224,-18.111338295367442],[-53.44066902395628,-18.11313095267266],[-53.441693095459925,-18.11471556171509],[-53.44380709402208,-18.113628803867478],[-53.44592972247864,-18.113165460558793],[-53.44760832146682,-18.113580536353947],[-53.44883280059315,-18.11414683764769],[-53.45005728781342,-18.114713129948296],[-53.451285830976246,-18.115570294474722],[-53.452524513995,-18.117154650807745],[-53.453155016091046,-18.118746744907572],[-53.454085577887035,-18.120044080810835],[-53.45530809199482,-18.12046489248194],[-53.457083089313016,-18.120902472012503],[-53.45938761374731,-18.122221690219934],[-53.462209378759724,-18.12389808047306],[-53.465892185276005,-18.126139135253887],[-53.469455104969086,-18.12880315468276],[-53.47265145200287,-18.132254605206725],[-53.47547617218749,-18.136132276823876],[-53.478375193460295,-18.140240225246696],[-53.479986727305516,-18.144013099765285],[-53.48101646094085,-18.1467095613376],[-53.481764851566595,-18.14954513274207],[-53.48222806087625,-18.15224889321218],[-53.48232731635255,-18.153886014568197],[-53.48251727115507,-18.15619129892952],[-53.48264202241137,-18.15759439690399],[-53.48247882243959,-18.159968408355354],[-53.48228196084375,-18.161813175078045],[-53.48161826926764,-18.163557350831056],[-53.48048112150644,-18.166619752839228],[-53.47851777287684,-18.1696928145115],[-53.477463374435104,-18.17119971853198],[-53.47581540815452,-18.17284051541722],[-53.47445332645981,-18.17393776835308],[-53.473291091210854,-18.17479490500049],[-53.47188017003373,-18.175633643317667],[-53.471343135377374,-18.175986059748535],[-53.47100687976359,-18.176163138957396],[-53.47075156763066,-18.176326436955197],[-53.47047763143746,-18.176491549784814],[-53.470064209495604,-18.176723715166965],[-53.46970992607219,-18.176922669485215],[-53.46967981856869,-18.176938382440067],[-53.46965020029643,-18.176954923670312],[-53.469289077528856,-18.177142306411977],[-53.46892842960324,-18.17733052372428],[-53.46889781937875,-18.177345324766545],[-53.46886767230512,-18.17736096757422],[-53.46850056814668,-18.17753741455967],[-53.46813391185043,-18.177714708706393],[-53.46810283038121,-18.177728583446893],[-53.46807218418389,-18.177743313442775],[-53.46779012261601,-18.177868433421057],[-53.46775873987383,-18.177895245808553],[-53.467573704362906,-18.17804360876517],[-53.46739091895569,-18.178194497917328],[-53.46723263647697,-18.178317077310908],[-53.46711990196184,-18.178407469068983],[-53.46698628608817,-18.178559395139466],[-53.466851112588756,-18.1787036392012],[-53.46671854262655,-18.17885007401127],[-53.46655408540255,-18.179020597162413],[-53.46639219484387,-18.179193349732802],[-53.46625234756772,-18.179333464107646],[-53.46611502918523,-18.179475846572668],[-53.465945049224615,-18.179641347010104],[-53.46577756038607,-18.179809154208616],[-53.46563317603023,-18.179944999501693],[-53.46549124682355,-18.18008318842795],[-53.46531590960137,-18.180243503374527],[-53.46514298885779,-18.180406197927255],[-53.464994210414424,-18.18053764193813],[-53.46484780887925,-18.180671500628748],[-53.464667289763554,-18.180826471803744],[-53.46448910618727,-18.180983893631304],[-53.46433608114513,-18.181110805059145],[-53.464185351173,-18.18124020131379],[-53.4639998273301,-18.181389675832374],[-53.463816557188295,-18.181541670251384],[-53.46365943663358,-18.181663924090362],[-53.46350452841119,-18.181788730205213],[-53.463314183302884,-18.181932560578687],[-53.46312600735933,-18.18207897650302],[-53.46280946218683,-18.182317471313695],[-53.46237344477862,-18.18264823656631],[-53.46230568985561,-18.182697997853833],[-53.46223927762054,-18.182749387813477],[-53.46209253524228,-18.182855821678334],[-53.46198854033884,-18.18297139265512],[-53.46182653466678,-18.18315646593758],[-53.46169824277962,-18.18329400555329],[-53.46157253374531,-18.18343370803868],[-53.461401978218646,-18.183611624516313],[-53.46123396957199,-18.18379174163495],[-53.46110121974539,-18.18392536110601],[-53.460970980826005,-18.18406121988887],[-53.460794661544355,-18.184233927493164],[-53.46062081539827,-18.184408911281718],[-53.46048373983268,-18.184538479306813],[-53.46034909963112,-18.184670360388218],[-53.46033535439301,-18.184683003956927],[-53.46014020150904,-18.184885699454913],[-53.46000340922984,-18.18502337486829],[-53.45986914314642,-18.18516330398273],[-53.45969683394168,-18.185331926866333],[-53.45952701316111,-18.18550284212191],[-53.45938576294259,-18.185636341982924],[-53.45924696427596,-18.185772171088246],[-53.45906919708574,-18.185935537434517],[-53.45889384277655,-18.186101268997746],[-53.458748274013544,-18.186230462005604],[-53.458605079460824,-18.186362055303974],[-53.458422029652866,-18.186520004134255],[-53.45824131448496,-18.18668038832863],[-53.458091571069076,-18.186805146779477],[-53.45794412092436,-18.186932376567253],[-53.45775597106114,-18.18708475050021],[-53.45757007220101,-18.187239629944294],[-53.45741630252019,-18.187359830631042],[-53.45726474337317,-18.187482570103935],[-53.457071676916314,-18.187629218952654],[-53.456880779624214,-18.18777844076177],[-53.45672313386546,-18.187893964074554],[-53.456567615003394,-18.18801209272325],[-53.45636982350845,-18.18815287259635],[-53.45617411484346,-18.188296288382347],[-53.456012750388076,-18.188407021905856],[-53.45585342469576,-18.188520421919296],[-53.45565110331568,-18.188655193421724],[-53.45545077753127,-18.18879266199105],[-53.45528585176055,-18.188898496008047],[-53.45512287841808,-18.189007056769572],[-53.454916225902984,-18.189135686801805],[-53.45471147995078,-18.189267072356863],[-53.45454315744064,-18.189367901646662],[-53.45437669472858,-18.189471515237507],[-53.453988787452495,-18.189704754410197],[-53.45379966002616,-18.18981454634352],[-53.45361237171346,-18.1899271819332],[-53.45341914158007,-18.190035445019046],[-53.45322770289613,-18.19014657784154],[-53.45303506001994,-18.190250637496224],[-53.45284416092927,-18.190357592967835],[-53.45264746750655,-18.190460000567793],[-53.45245247020529,-18.190565330964564],[-53.452256501636214,-18.19066355401897],[-53.452062181524354,-18.190764725950608],[-53.45186221816675,-18.190861176441445],[-53.4516638547031,-18.190960600090882],[-53.45146475379534,-18.191052890317906],[-53.451267203318714,-18.19114817708595],[-53.45106416877627,-18.191238576938073],[-53.45086263520239,-18.191331994914826],[-53.45066059890746,-18.191418261482845],[-53.45046001321895,-18.191507569557917],[-53.45025410714129,-18.1915918279398],[-53.450049601308024,-18.19167914851304],[-53.449844828376,-18.191759306885768],[-53.44964140622585,-18.19184254813431],[-53.44943283185961,-18.1919205823082],[-53.44922555701379,-18.19200171914324],[-53.44901824979229,-18.19207568928087],[-53.44881219172924,-18.1921527809653],[-53.448601155019276,-18.192224514489023],[-53.44839131530688,-18.19229938754594],[-53.44818167884136,-18.19236709660342],[-53.448137938515,-18.192381964195548],[-53.44804178300183,-18.192612498207453],[-53.448021549155044,-18.192656899535454],[-53.448002616627434,-18.19270182247033],[-53.44784376307916,-18.19304704702285],[-53.44768620005805,-18.193392811168493],[-53.4476645174035,-18.193436583870476],[-53.44764411808154,-18.193480915950705],[-53.447473995128746,-18.193821200527154],[-53.44730514651525,-18.194162063367653],[-53.44728203573726,-18.194205163376726],[-53.447260188506846,-18.194248861435003],[-53.447078966121296,-18.194583870588264],[-53.44689899649142,-18.194919496676633],[-53.44687448007312,-18.194961880825307],[-53.4468512083165,-18.195004901693956],[-53.446659063664754,-18.195334304473754],[-53.44646815198353,-18.19566436106055],[-53.44644225420654,-18.195705988879396],[-53.446417579507624,-18.19574828939112],[-53.446214703245914,-18.196071761142008],[-53.44601303657231,-18.196395923572176],[-53.44598578351702,-18.196436752793055],[-53.44595973105669,-18.196478291579037],[-53.44574632193519,-18.196795513041554],[-53.44553409991869,-18.197113460256965],[-53.44550551856481,-18.19715345130982],[-53.445478113524075,-18.197194187900553],[-53.44525438288338,-18.197504845211537],[-53.44503181416684,-18.197816264248317],[-53.44500193239309,-18.197855377562732],[-53.444973201751736,-18.197895270589346],[-53.444739369925855,-18.198199057079858],[-53.444506675742446,-18.198503641269006],[-53.4444755232268,-18.198541838174286],[-53.4444454948636,-18.19858084896603],[-53.444201792978276,-18.198877465161985],[-53.4439592008564,-18.199174912331294],[-53.443926808175604,-18.199212155056],[-53.44389551266772,-18.199250244941826],[-53.44364218084189,-18.19953939856339],[-53.4433899317998,-18.19982941553411],[-53.44335633043023,-18.1998656672058],[-53.443323798354584,-18.199902799313797],[-53.44306108659976,-18.200184203477118],[-53.442799428850435,-18.20046650426466],[-53.44276465296633,-18.200501728910613],[-53.44273091579902,-18.20053786636843],[-53.44245908401944,-18.200811244982013],[-53.44218827476902,-18.20108554989714],[-53.4421523585445,-18.201119713343097],[-53.44211745045987,-18.201154819278496],[-53.44183676575408,-18.2014199016461],[-53.44155707300041,-18.201685940892386],[-53.441520051509144,-18.20171900986332],[-53.44148400668155,-18.20175305010213],[-53.441194746040594,-18.202009574521234],[-53.44090644677499,-18.202267085496533],[-53.440868355989785,-18.202299025818302],[-53.44083120949261,-18.20233196798482],[-53.44062549586988,-18.202508734229568],[-53.44049187100296,-18.20261997766884],[-53.44036047195818,-18.202733616901842],[-53.44015613789543,-18.202899477068083],[-53.4399539891852,-18.203067766303338],[-53.43981677332539,-18.20317494300817],[-53.43968170324797,-18.20328458115745],[-53.43947600491367,-18.203441189098566],[-53.43923499110189,-18.20366645398264],[-53.43892429871738,-18.203957267752628],[-53.438916646386076,-18.203963993782217],[-53.438909213489296,-18.20397094014561],[-53.438588900157534,-18.20425205922401],[-53.43826880086442,-18.20453340133433],[-53.43826093179655,-18.204539894439495],[-53.43825327406927,-18.204546615073053],[-53.43792387758486,-18.204817978305897],[-53.437594687944454,-18.20508957176517],[-53.4375866084352,-18.20509582475139],[-53.43757873397135,-18.205102311561312],[-53.437240578989474,-18.20536365184991],[-53.436902623657026,-18.20562522776091],[-53.4368943426997,-18.20563123523221],[-53.436886259593166,-18.205637482822464],[-53.43653967976229,-18.205888541162103],[-53.43619329148714,-18.20613984231868],[-53.43618481807488,-18.206145597979795],[-53.43617653262078,-18.206151600055183],[-53.4358218705828,-18.206392129132254],[-53.435467392006444,-18.206632906422364],[-53.43545873333386,-18.20663840487729],[-53.43545025452551,-18.206644155142534],[-53.43529552886548,-18.20674563374289],[-53.434948196302166,-18.20696584623565],[-53.434601325990286,-18.20718672512604],[-53.434394908198385,-18.207313738177305],[-53.43405701491923,-18.207514545998333],[-53.43371982490993,-18.207716431207142],[-53.43367888687107,-18.207739263195272],[-53.4336386359143,-18.207763184262387],[-53.433294307086555,-18.207953747905897],[-53.43295064645514,-18.208145410521077],[-53.432908978166715,-18.20816700234399],[-53.432867960987494,-18.208189703031163],[-53.43282878741854,-18.208209839751124],[-53.432713261407855,-18.208282125458478],[-53.432519890980075,-18.208407106941248],[-53.432340743330606,-18.208515216243022],[-53.43216348155937,-18.208626131429565],[-53.43196425744446,-18.208742411971553],[-53.4317668733425,-18.208861525377916],[-53.43158425880648,-18.208964203673798],[-53.43140343931725,-18.209069741813924],[-53.43122268997507,-18.209171547767518],[-53.43103336469795,-18.209274388840786],[-53.430845791300214,-18.209380121234375],[-53.43064626231507,-18.20948466202631],[-53.43044843754529,-18.20959211931957],[-53.430255824346716,-18.209689226315522],[-53.43006486769935,-18.209789274993746],[-53.42986200043094,-18.209887774140224],[-53.42966074025094,-18.209989239250728],[-53.42946502978719,-18.210080515042534],[-53.429270877848694,-18.210174781080067],[-53.429064871946196,-18.210267141454214],[-53.42886037510618,-18.21036251365785],[-53.428661760731636,-18.210447869212537],[-53.428584541343476,-18.21048248861473],[-53.42857013420422,-18.210506262192947],[-53.42845701028279,-18.210680098446506],[-53.428346865815115,-18.210855673988803],[-53.42822185825213,-18.211041451440597],[-53.428099801364624,-18.211229012247852],[-53.42798101800946,-18.211399366326447],[-53.42786515745099,-18.21157154872665],[-53.42773410374587,-18.211753481576594],[-53.42760594136104,-18.211937286815],[-53.42748161728275,-18.212103990545373],[-53.42736015394786,-18.212272609831814],[-53.42722318450234,-18.212450518215576],[-53.42708904342459,-18.212630385322647],[-53.426959300031626,-18.212793275028265],[-53.42683235353019,-18.21295816392681],[-53.42668960234323,-18.213131873375957],[-53.42654961477279,-18.213307624286106],[-53.426414581567656,-18.21346653808886],[-53.4262822769055,-18.213627535620926],[-53.42613388606986,-18.213796873465597],[-53.42598818960318,-18.213968334609618],[-53.42584799878608,-18.21412311692696],[-53.425710466364876,-18.214280063013124],[-53.42555658247028,-18.214444861979427],[-53.42540532189804,-18.214611865184107],[-53.42508207407843,-18.214957623933856],[-53.42488882775717,-18.215157904752154],[-53.4246979628407,-18.215360260306312],[-53.42458697570828,-18.21547074381843],[-53.4244783358065,-18.215583338039234],[-53.424278600876676,-18.215777718405512],[-53.42408117720453,-18.215974244554353],[-53.423966612568954,-18.216081341219493],[-53.423854325016976,-18.216190618740665],[-53.423648297530804,-18.21637890709952],[-53.423444511155196,-18.216569408689857],[-53.42332648233128,-18.21667301418682],[-53.42321065684632,-18.216778866190335],[-53.42299854184921,-18.216960876381947],[-53.42278859241952,-18.21714516635494],[-53.42266721631887,-18.217245177261685],[-53.42254796801421,-18.21734749942612],[-53.422329974148965,-18.217523052485472],[-53.422114069408735,-18.217700949177953],[-53.4219894647419,-18.217797266569196],[-53.421866912328085,-18.217895959069747],[-53.421643253633135,-18.218064880528367],[-53.42142160762103,-18.218236207673353],[-53.42129389759526,-18.218328737120103],[-53.42116816068204,-18.218423701031504],[-53.42093905839073,-18.21858582541405],[-53.420711888742574,-18.218750413939006],[-53.42058120016219,-18.218839063710334],[-53.42045240285603,-18.21893020640237],[-53.42021808449692,-18.219085372730262],[-53.41998561604328,-18.21924305985788],[-53.41985207661202,-18.21932774271964],[-53.41972034661666,-18.219414973360852],[-53.419481042416116,-18.21956302874933],[-53.41924350358477,-18.219713659796103],[-53.419107246402234,-18.219794291212025],[-53.41897271322006,-18.21987752526607],[-53.41872865969981,-18.22001832312557],[-53.418486286113186,-18.220161748804195],[-53.41834744517837,-18.22023824963403],[-53.418210241909094,-18.22031740346382],[-53.417961679188124,-18.220450805298942],[-53.41771470916643,-18.22058688351633],[-53.41757342207569,-18.220659179116307],[-53.41743368361756,-18.22073417448099],[-53.4171808581101,-18.22086004899057],[-53.41703339717339,-18.220935502110137],[-53.416954975391775,-18.22099676752526],[-53.41678976813324,-18.221117761414057],[-53.4166267021605,-18.22124138042375],[-53.41643633007254,-18.221376611479847],[-53.41624805520354,-18.221514499133253],[-53.41607895118261,-18.221630473905666],[-53.41591190121318,-18.22174913675171],[-53.415717177305794,-18.221878586066378],[-53.415524462483916,-18.222010753132192],[-53.41535162897446,-18.222121594574357],[-53.41518075958436,-18.222235184344722],[-53.415033058528756,-18.222326930481895],[-53.41490975068439,-18.222476208948265],[-53.414635565379,-18.222808269224696],[-53.41463382788879,-18.222810243236502],[-53.414632155149775,-18.222812267610507],[-53.41434712491986,-18.223135881454144],[-53.4140621585417,-18.223459547458557],[-53.41406035719962,-18.22346146841044],[-53.41405861881009,-18.223463441523045],[-53.413763089894644,-18.22377834003673],[-53.41346762303227,-18.224093291610505],[-53.41346575963706,-18.224095156804456],[-53.41346395739567,-18.22409707685703],[-53.41315822207417,-18.224402948875387],[-53.41285254610801,-18.2247088748531],[-53.4128506215589,-18.22471068338969],[-53.412848757264214,-18.224712548583643],[-53.41253311680981,-18.22500909103503],[-53.41221753391204,-18.22530569104316],[-53.41221555090693,-18.225307441123846],[-53.41221362635776,-18.225309248761153],[-53.41188839193568,-18.22559617026542],[-53.41156321327163,-18.22588314932618],[-53.411561174508506,-18.22588483915232],[-53.41155919150344,-18.22588658833375],[-53.41122468417177,-18.226163604704922],[-53.41089023079945,-18.22644068133072],[-53.410888137177665,-18.226442309103586],[-53.410886097515345,-18.226443998030366],[-53.4105426473252,-18.226710835874737],[-53.4101992501952,-18.226977735772163],[-53.4101971035135,-18.226979298793893],[-53.41019500899234,-18.226980926566803],[-53.4098429558876,-18.227237322382848],[-53.40949095224556,-18.227493782050658],[-53.409488755201835,-18.227495280321243],[-53.40948660852007,-18.227496843342973],[-53.40912629873958,-18.22774254442111],[-53.40876603752247,-18.227988311149918],[-53.40876379191536,-18.227989742870637],[-53.408761595770955,-18.227991241141105],[-53.40839338544635,-18.22822600466467],[-53.40802522008777,-18.228460834738005],[-53.408022929514516,-18.228462198110236],[-53.40802068480673,-18.228463629830948],[-53.40764493726397,-18.228687224673962],[-53.407269232888716,-18.228910886066803],[-53.40726689824868,-18.228912181090575],[-53.407264607675415,-18.228913544462802],[-53.40688169343537,-18.229125748492795],[-53.406498821463394,-18.229338021770563],[-53.40649644545448,-18.229339245747845],[-53.40649410991517,-18.22934053897297],[-53.406104408491615,-18.2295411444465],[-53.406101322917664,-18.229542732649236],[-53.40602204588066,-18.22960197369037],[-53.405879916125116,-18.229712290827813],[-53.40567124733008,-18.22986410987902],[-53.4054646487744,-18.230018491997935],[-53.40531693512844,-18.23012189424826],[-53.405171247654884,-18.230227890143265],[-53.40495769104455,-18.230373370772643],[-53.40474611833861,-18.2305214747245],[-53.40459507720101,-18.23062039205562],[-53.40444597680033,-18.23072196148748],[-53.40422774191666,-18.230860959803657],[-53.404011403703294,-18.23100263989813],[-53.40385718526079,-18.231096974284146],[-53.403704819421826,-18.231194018327425],[-53.40349577381079,-18.23131828125192],[-53.40346138643378,-18.231339080772162],[-53.40326123241988,-18.231461511777468],[-53.40321316815318,-18.2314899051732],[-53.40319792914107,-18.231499187975373],[-53.40295693691303,-18.231648767714603],[-53.402845712359635,-18.231713149280555],[-53.40273601395586,-18.231779878976457],[-53.40246481350027,-18.231933627972747],[-53.40219510052333,-18.232089747581984],[-53.402081812925246,-18.23215075848889],[-53.401969974134936,-18.232214161592474],[-53.40169385258912,-18.232359694382563],[-53.401419139381744,-18.232507640053637],[-53.40130390205337,-18.232565220047007],[-53.40119003439248,-18.232625234505154],[-53.400909263351764,-18.23276240629818],[-53.40062982060971,-18.23290203324044],[-53.40051274776505,-18.232956125662803],[-53.40039696185028,-18.233012692120177],[-53.40011182010437,-18.233141368017833],[-53.39982792391953,-18.233272536836264],[-53.399709129772475,-18.233323087728493],[-53.3995915416163,-18.23337615132648],[-53.39930230885442,-18.233496203625077],[-53.399014240714614,-18.233618785716544],[-53.39889384307634,-18.23366574561578],[-53.39877456779203,-18.233715253294463],[-53.39848152999855,-18.233826564182728],[-53.39843641281016,-18.233844161217124],[-53.39830889793717,-18.233933603291284],[-53.398190882603046,-18.234074507270794],[-53.39805641147415,-18.234225105942013],[-53.397924608633616,-18.234377842301665],[-53.39776735767737,-18.234548827704295],[-53.39761273813724,-18.234721991264944],[-53.39747338279034,-18.234868479135148],[-53.39733662198739,-18.23501718383406],[-53.39717382671069,-18.23518336505824],[-53.397013590904464,-18.235351801782322],[-53.39686948713705,-18.235494034060558],[-53.396727905068644,-18.23563856050925],[-53.39655972734943,-18.235799772979195],[-53.396394031759144,-18.235963316491958],[-53.396245323462885,-18.23610115288398],[-53.396099059523856,-18.23624135809023],[-53.395925663038895,-18.23639744262595],[-53.39575467224029,-18.236555931948754],[-53.39560150510533,-18.236689236656993],[-53.39545070408661,-18.23682498212529],[-53.39527226150563,-18.23697578494253],[-53.39509614367199,-18.237129063593475],[-53.394938669683825,-18.23725770441759],[-53.39478347907414,-18.237388856148826],[-53.39460016666425,-18.23753422885956],[-53.394419096264244,-18.237682144853142],[-53.39425746920682,-18.23780599588799],[-53.39409804368966,-18.23793242437985],[-53.39391004131528,-18.238072222193352],[-53.39372419731376,-18.23821462983932],[-53.39355857816577,-18.238333567877817],[-53.39339507332391,-18.238455149023928],[-53.39320256714466,-18.238589234343678],[-53.39301213210416,-18.23872599334787],[-53.39284268454218,-18.23883990147827],[-53.39267526225353,-18.238956513870022],[-53.39247844292578,-18.23908475539506],[-53.392283604804504,-18.239215729959845],[-53.392110495203156,-18.23932449576685],[-53.39193932184219,-18.239436025190418],[-53.39173838272012,-18.239558295217154],[-53.39153933397296,-18.239683356739434],[-53.39136273320356,-18.239786873203638],[-53.39118797694351,-18.239893209042364],[-53.39098311677736,-18.24000938706156],[-53.3907800543559,-18.24012841233428],[-53.39060013688664,-18.240226576033592],[-53.39042197039759,-18.240327613966198],[-53.39021339063544,-18.240437584864647],[-53.390006514189224,-18.240550456076566],[-53.389823458086084,-18.24064316988437],[-53.389642057634774,-18.240738810085915],[-53.38942996422145,-18.240842465945025],[-53.38921947879584,-18.240949071580346],[-53.38903346392318,-18.24103624556418],[-53.388849008474836,-18.2411263936061],[-53.38863361185162,-18.241223631003695],[-53.38857993851332,-18.241248784142023],[-53.38847632762031,-18.24134099972529],[-53.38824169989442,-18.24155345916269],[-53.38815043849189,-18.24163104727287],[-53.38806105127639,-18.24171060309978],[-53.38781771181788,-18.241913919129907],[-53.387576213271586,-18.24211923165513],[-53.38748244545843,-18.242194041759554],[-53.387390487081284,-18.242270874439225],[-53.38714058167244,-18.24246678725035],[-53.386892452424604,-18.242664748717107],[-53.386796270831155,-18.242736707071224],[-53.386701831224514,-18.242810742859362],[-53.38644560807818,-18.242999056399164],[-53.386191090946,-18.24318947255402],[-53.38609259090032,-18.243258509010822],[-53.3859957635936,-18.243329672364357],[-53.38573347452019,-18.243510203171162],[-53.38547282311225,-18.24369288515643],[-53.38537210084166,-18.243758931367342],[-53.385272982062425,-18.24382715303848],[-53.38500488606661,-18.24399972124799],[-53.384738355790375,-18.244174490098505],[-53.3846355120192,-18.244237479513867],[-53.38453419799481,-18.24430269295278],[-53.384260560376504,-18.244467128592994],[-53.3839884147335,-18.244633810739625],[-53.38388355018566,-18.244693682205472],[-53.38378014253948,-18.24475582176154],[-53.38350123219607,-18.244911962954564],[-53.383223740083395,-18.245070393821486],[-53.383116959080326,-18.245127087982592],[-53.383011558536566,-18.24518609340127],[-53.382727651559776,-18.245333785463657],[-53.38244508637155,-18.24548380856872],[-53.38233649413388,-18.2455372696671],[-53.38222920501363,-18.24559308249261],[-53.38199528955096,-18.245705814309733],[-53.381923669341745,-18.245748930506547],[-53.38155388880091,-18.24597182747569],[-53.38154683451876,-18.245975789888487],[-53.38153991063825,-18.245979957346965],[-53.381269149051946,-18.246137336906386],[-53.381178869709004,-18.246187971435475],[-53.38108988988648,-18.2462406654122],[-53.380794776457606,-18.246403398635724],[-53.380500926576474,-18.246568210192553],[-53.38040902755455,-18.24661610988335],[-53.38031835880515,-18.24666610679316],[-53.38001803920105,-18.246819902554247],[-53.37971891569533,-18.246975811722166],[-53.379625486027244,-18.247020929809818],[-53.37953321828331,-18.247068180190126],[-53.379174159459865,-18.247245173963385],[-53.37887625903203,-18.24738640439686],[-53.378579543910796,-18.2475298948265],[-53.378477289195416,-18.247575548010932],[-53.37837618291445,-18.24762348007724],[-53.37807378497712,-18.247755699303845],[-53.377772497702495,-18.24789021270087],[-53.377668792380746,-18.24793277401605],[-53.37756615995028,-18.247977648387483],[-53.37725956397759,-18.2481007242068],[-53.37711196454546,-18.24816129984187],[-53.37701038432174,-18.248307239125566],[-53.37689735392968,-18.248459059975414],[-53.376787146509514,-18.24861276490487],[-53.376639188247914,-18.248805824167224],[-53.37649402148178,-18.249000807978625],[-53.37637605471105,-18.249149161941993],[-53.376260848858976,-18.24929948362198],[-53.37610661512815,-18.249488005804537],[-53.375955109040994,-18.24967853707253],[-53.375832322803376,-18.249823276660585],[-53.37571223093465,-18.249970066702904],[-53.37555187461931,-18.250153866545443],[-53.37539417939781,-18.25033975641232],[-53.37526669420253,-18.2504807395322],[-53.37514183502765,-18.25062385224664],[-53.37497551440838,-18.25080274808602],[-53.37481178383672,-18.25098381309016],[-53.374679726488125,-18.251120900346898],[-53.374550223214214,-18.25126019454001],[-53.3743781019678,-18.251434011008474],[-53.37420849882312,-18.251610072184683],[-53.37407199792426,-18.2517431286801],[-53.37393797825496,-18.251878466755414],[-53.37376022725267,-18.252047031183196],[-53.37358491880883,-18.252217914962472],[-53.373444110157486,-18.252346808496007],[-53.373305707192515,-18.252478057354118],[-53.37312250000326,-18.252641203366423],[-53.3729416589303,-18.25280674157552],[-53.37279668192127,-18.25293134444366],[-53.37265403055903,-18.25305837548115],[-53.37246554974524,-18.25321594209964],[-53.37227935500812,-18.25337597016254],[-53.37213035173431,-18.253496160956672],[-53.37198359406756,-18.253618846470125],[-53.37179002488972,-18.253770679011247],[-53.371598659050846,-18.25392503954644],[-53.37144577790025,-18.254040698656894],[-53.371295057820646,-18.254158919036428],[-53.3710965918342,-18.254304866414056],[-53.37090024465056,-18.254453406537003],[-53.37074363581008,-18.25456441974969],[-53.370589102604924,-18.254678058982808],[-53.370385934962826,-18.25481797640607],[-53.37018480068798,-18.254960551325848],[-53.37002461794173,-18.255066808923683],[-53.36986642449585,-18.255175753695546],[-53.369658755746855,-18.255309504467615],[-53.369453032231604,-18.25544597119216],[-53.36928943386022,-18.255547368853566],[-53.36912773575631,-18.25565151124577],[-53.368915771845366,-18.255778963166158],[-53.368705661437104,-18.255909188595734],[-53.36853881021784,-18.256005625596664],[-53.36837376753522,-18.256104863086456],[-53.36815771710485,-18.2562258902502],[-53.36794342754712,-18.256349744882336],[-53.36777348715668,-18.256441126794098],[-53.36760526267261,-18.256535361355386],[-53.3673853379629,-18.25664984415251],[-53.36716708239487,-18.256767205679534],[-53.36699422100645,-18.256853441670515],[-53.36682298019633,-18.25694258067309],[-53.36659939974243,-18.257050406688407],[-53.36637739220283,-18.257161159097677],[-53.36620177978824,-18.257242163732265],[-53.366027691724526,-18.25732611994199],[-53.365800675860385,-18.257427181256848],[-53.365575135783786,-18.25753121573052],[-53.365396945912266,-18.257606909868453],[-53.365220183264796,-18.25768559874888],[-53.364989955921715,-18.257779796437998],[-53.36476110544061,-18.2578770104531],[-53.36458051437921,-18.25794731855142],[-53.36440125161641,-18.25802066366014],[-53.36416803942342,-18.25810790419386],[-53.36393610516706,-18.258198201523307],[-53.36375329098149,-18.25826305433398],[-53.3635717043706,-18.258330982826045],[-53.36352227673166,-18.258347782161913],[-53.36345903100937,-18.25840503210404],[-53.36319044578232,-18.258650698108646],[-53.36313568966028,-18.25869772275913],[-53.363082242051746,-18.258746103587292],[-53.362804426183295,-18.258982212496576],[-53.362527895445965,-18.259219696469316],[-53.362471619469545,-18.259265054676018],[-53.36241660794008,-18.259311806831885],[-53.36213116402189,-18.259539461214565],[-53.3618469602689,-18.259768527532906],[-53.36178922019627,-18.25981217522906],[-53.361732698705055,-18.259857252847375],[-53.36143990912439,-18.26007622787306],[-53.36114831294423,-18.260296651706465],[-53.361089167231164,-18.260338543926125],[-53.36103119063688,-18.260381903839217],[-53.360731344975534,-18.26059198277122],[-53.3604326441511,-18.260803545584587],[-53.36037214945508,-18.260843642757283],[-53.3603127753143,-18.260885240898602],[-53.36000616944898,-18.26108621689282],[-53.3597006580589,-18.261288710043356],[-53.3596388746343,-18.261326971699827],[-53.35957816230229,-18.261366767599675],[-53.3592650984055,-18.261558441905954],[-53.35895307952091,-18.261751665744104],[-53.35889006762245,-18.261788054112802],[-53.35882807645453,-18.261826007301746],[-53.358508863892894,-18.26200819106253],[-53.358190644182855,-18.262191955831433],[-53.358126467662316,-18.262226434040073],[-53.35806325881231,-18.262262508545337],[-53.35773821234852,-18.26243502189611],[-53.35741410657573,-18.262609144134085],[-53.357348827486305,-18.262641679807],[-53.35728446300749,-18.262675839655543],[-53.35695390369966,-18.262838511725224],[-53.356624232022625,-18.263002820561066],[-53.356557915115616,-18.263033381322845],[-53.35649245975918,-18.263065592340606],[-53.35615671316174,-18.263218263049648],[-53.35582180023579,-18.263372595706088],[-53.35575451116165,-18.263401150979696],[-53.35568802877941,-18.26343138169024],[-53.35534742674224,-18.263573899952867],[-53.35500760441738,-18.26371810444432],[-53.354538063880455,-18.263908975656026],[-53.354364819380805,-18.263976350165706],[-53.3541928887907,-18.264046729310444],[-53.35395226438533,-18.264136790118066],[-53.35371290442697,-18.26422987534584],[-53.35353752943337,-18.264292016700487],[-53.35336336942391,-18.264357200461784],[-53.353119902261646,-18.264439995646555],[-53.35287759882204,-18.26452585032505],[-53.35270026690363,-18.264582697370862],[-53.35252404834603,-18.264642621896805],[-53.35227797854582,-18.264718068721255],[-53.352032970844846,-18.264796609213395],[-53.35185385736952,-18.26484810529318],[-53.351675754732184,-18.264902711228476],[-53.351427325110926,-18.26497073504865],[-53.35117985596549,-18.265041883113696],[-53.35099913630102,-18.265087978764456],[-53.35081932585115,-18.265137212149924],[-53.35056878192364,-18.26519774641613],[-53.35031909415079,-18.265261431906794],[-53.350136948161555,-18.265302079464647],[-53.34995560796483,-18.265345892636127],[-53.34970319614547,-18.265398877093748],[-53.34945153705877,-18.26545503705764],[-53.34926814370982,-18.26549019785166],[-53.34908545183208,-18.26552854674221],[-53.34883142213232,-18.265573928331435],[-53.34857804084384,-18.265622507909665],[-53.34839358179829,-18.265652147765653],[-53.348209718103995,-18.265684993704788],[-53.34795432143477,-18.26572272925786],[-53.34769946705672,-18.265763678987867],[-53.34751412397758,-18.265787768228225],[-53.34732927192829,-18.26581507973942],[-53.347072759200444,-18.265845130585618],[-53.34681668444239,-18.26587841179646],[-53.346630639892055,-18.265896926139483],[-53.34644498025159,-18.265918675343872],[-53.34618760597317,-18.26594101360417],[-53.34593056264532,-18.265966592121803],[-53.34574400188416,-18.26597951268161],[-53.34555771811415,-18.26599567979406],[-53.34529973679338,-18.266010281186766],[-53.34504197850447,-18.26602813272945],[-53.3448550849941,-18.26603544781494],[-53.344668361455604,-18.266046015748323],[-53.344410026701325,-18.266052866783696],[-53.34415180885884,-18.2660629733648],[-53.34396476606105,-18.266064674882106],[-53.34377778711513,-18.266069633743882],[-53.34351935433472,-18.266068728126577],[-53.34326093144671,-18.266071078954386],[-53.343073925521196,-18.26606716600417],[-53.34288687642811,-18.266066510398392],[-53.34262860012973,-18.266057848128465],[-53.34237022760385,-18.266052441404327],[-53.342183442012136,-18.266042918483215],[-53.34207555304425,-18.266039299611247],[-53.342014583506106,-18.26606758958491],[-53.34195683893694,-18.266092272377765],[-53.34189981112735,-18.266118433656054],[-53.341550233856026,-18.266266075356373],[-53.34120134906294,-18.2664152054346],[-53.341142821184235,-18.266438142643427],[-53.341084960602416,-18.266462579921424],[-53.34073070056126,-18.26659965638633],[-53.340377083535486,-18.26673824191355],[-53.34031782990388,-18.266759411954563],[-53.340259195005785,-18.26678209915176],[-53.33990060113172,-18.266908476382337],[-53.33954260081027,-18.26703637976228],[-53.338490730362885,-18.267394289252334],[-53.33782298734092,-18.267631158988042],[-53.337645461169075,-18.26774408236066],[-53.337445545475475,-18.267875231394054],[-53.337274686877265,-18.267979928668012],[-53.337105727647156,-18.268087402149156],[-53.336899745127084,-18.268209682967605],[-53.33669561431111,-18.268334766973165],[-53.33652139764422,-18.268434285051445],[-53.33634898771555,-18.268536634195463],[-53.336139084151334,-18.26865267281976],[-53.33593094145965,-18.26877156859022],[-53.33575353759563,-18.268865808547435],[-53.33557784604068,-18.268962933529775],[-53.33536423097445,-18.269072614846518],[-53.335152280553245,-18.269185205470002],[-53.334971864859654,-18.26927407467602],[-53.334793066147036,-18.269365878369822],[-53.334575949120676,-18.269469094460273],[-53.33436039961265,-18.269575268421097],[-53.33417715015531,-18.269658678742204],[-53.333995420552185,-18.269745071215212],[-53.33377501650375,-18.269841719556908],[-53.33355608194756,-18.269941372533438],[-53.333370179490146,-18.27001924213148],[-53.33318569796154,-18.270100137048814],[-53.3329622236277,-18.270190123212778],[-53.33274012075992,-18.270283156279792],[-53.332551748764104,-18.27035540781299],[-53.332364697872435,-18.27043072693362],[-53.33213837448636,-18.27051396098767],[-53.33191332094294,-18.270600282414303],[-53.3282512554909,-18.271941426093033],[-53.32820242680049,-18.271958471843124],[-53.32815411162284,-18.271976806321636],[-53.327784019916464,-18.272104538830558],[-53.32741442013929,-18.272233566363127],[-53.327365054553525,-18.27224913902365],[-53.327316160212604,-18.27226601390254],[-53.32694204943601,-18.272382575932284],[-53.32656838832037,-18.272500447374743],[-53.32651853530206,-18.272514530758084],[-53.32646911036113,-18.272529929849505],[-53.32609135013552,-18.272635207186113],[-53.32571399730307,-18.27274180562688],[-53.32566370541553,-18.272754385343713],[-53.325613797538665,-18.272768293359142],[-53.325232761982306,-18.27286218078205],[-53.324852088852765,-18.272957401899692],[-53.32480140845814,-18.272968466258813],[-53.32475106800729,-18.27298086970846],[-53.324367132137354,-18.273063275486813],[-53.32398351552678,-18.273147023953115],[-53.323932495188444,-18.273156562162733],[-53.32388177252574,-18.27316744845602],[-53.323495315856064,-18.273238290751607],[-53.323109133479704,-18.27331048472817],[-53.32305782535826,-18.27331848689571],[-53.32300676904708,-18.273327845240924],[-53.322618172890316,-18.273387053906543],[-53.32222980695997,-18.273447622346946],[-53.32217826051828,-18.27345408037863],[-53.322126921819915,-18.2734619026817],[-53.321736570186545,-18.27350941926139],[-53.32134640291406,-18.27355830101182],[-53.321294669413426,-18.273563209511593],[-53.32124309868999,-18.27356948677951],[-53.320851377388976,-18.273605264508404],[-53.32045979458377,-18.273642412804207],[-53.32040792528551,-18.27364576547674],[-53.32035617379831,-18.273650492313458],[-53.31996346863906,-18.2736744952189],[-53.31957085790873,-18.273699873187667],[-53.31951890407407,-18.273701667335185],[-53.31946702218528,-18.273704838344678],[-53.319073720775584,-18.27371704394343],[-53.31868046882851,-18.273730625505006],[-53.31862848171903,-18.273730860228078],[-53.31857652068977,-18.273732472712567],[-53.31818301243595,-18.273732867514894],[-53.31778950777954,-18.273734640078562],[-53.31773753775712,-18.27373331447794],[-53.31768555064758,-18.27373336663865],[-53.317292222258175,-18.27372195154388],[-53.31689885339926,-18.27371191331125],[-53.31684695352402,-18.273709028286035],[-53.316794989796904,-18.27370752012305],[-53.31640223157762,-18.273684305923066],[-53.31600938612422,-18.27366246588715],[-53.31595760675811,-18.273658025034905],[-53.315905717674696,-18.273654957447395],[-53.31551391723343,-18.273619967524525],[-53.31512198369251,-18.27358634816855],[-53.31507037609691,-18.273580355086413],[-53.315018613817934,-18.27357573257106],[-53.31462815696375,-18.273529000200284],[-53.314237522943245,-18.273483634798968],[-53.31418613748019,-18.27347609578229],[-53.31413455236765,-18.27346992103711],[-53.313745824909866,-18.273411492983005],[-53.313356876218855,-18.273354426502674],[-53.3133057632503,-18.273345348745902],[-53.31325440746491,-18.27333762986482],[-53.312867793413886,-18.27326756368419],[-53.31248091226423,-18.273198850983285],[-53.31243012395101,-18.273188244379053],[-53.312379046955414,-18.273178987657257],[-53.31227599723945,-18.27315708646749],[-53.31100105355574,-18.273988328935236],[-53.310815299486364,-18.27410539278675],[-53.310631495147334,-18.27422523284533],[-53.310443456800044,-18.274339731830274],[-53.310257322317455,-18.274457034901335],[-53.310067810880696,-18.274568466298728],[-53.30988015564463,-18.274682731459958],[-53.309688444466076,-18.274791529642464],[-53.309498544522114,-18.274903189467693],[-53.30930546097819,-18.27500887869388],[-53.309114140105464,-18.275117454743786],[-53.30891894585261,-18.275220446003846],[-53.308725466606916,-18.275326351067218],[-53.30852900251142,-18.275426193800822],[-53.30833420575891,-18.27552897461945],[-53.30813572088676,-18.2756260573336],[-53.30793885389488,-18.275726103313993],[-53.307739202601965,-18.27582000062958],[-53.30754112152545,-18.275916884593553],[-53.30733954118682,-18.276007963433777],[-53.30713948160172,-18.276102051405548],[-53.3069368409624,-18.276189910672784],[-53.306735670714595,-18.276280802454107],[-53.30653119455894,-18.276365785689467],[-53.30632813843271,-18.276453823921834],[-53.306122708096446,-18.276535557906648],[-53.305918648326895,-18.276620366673576],[-53.30571147780233,-18.27669917156653],[-53.30550562658333,-18.27678107282526],[-53.305297609796696,-18.276856600588584],[-53.30509086105428,-18.276935244502912],[-53.3048812012064,-18.277007792812405],[-53.304672758141116,-18.277083475259182],[-53.3044623590506,-18.27715272305675],[-53.30425312638056,-18.277225122977978],[-53.30404118315397,-18.277291343657495],[-53.30383035328805,-18.27736073264866],[-53.30361778143538,-18.277423632131885],[-53.303406269883396,-18.27748971701383],[-53.30319225371949,-18.277549544412956],[-53.30297924569555,-18.277612571599857],[-53.30276470972353,-18.277669060715574],[-53.30255112883145,-18.27772876490755],[-53.30233525017161,-18.277782139670904],[-53.302120275330424,-18.277838743899878],[-53.30190398657959,-18.2778887659907],[-53.30168854768823,-18.27794203103676],[-53.30147101967173,-18.27798890100396],[-53.30125428845457,-18.27803902471819],[-53.3010364618632,-18.27808253212012],[-53.30081937721246,-18.278129304960395],[-53.30060041567663,-18.27816962246705],[-53.30038214302146,-18.278213218002595],[-53.300162991728655,-18.27825016574953],[-53.29994447625655,-18.278290400518543],[-53.29227722971024,-18.279122747353874],[-53.27746205463007,-18.27947823137218],[-53.27301910424824,-18.279424105674753],[-53.2618955679261,-18.279484730772584],[-53.24681736632829,-18.279733935609592],[-53.236217085250246,-18.27985826058719],[-53.22451196095818,-18.27876228378921],[-53.224444716850144,-18.27875684289092],[-53.22437734413904,-18.278753115201088],[-53.224000795300356,-18.278720920371082],[-53.22362409177839,-18.278690436951027],[-53.223557059011,-18.278682980672],[-53.22348984188266,-18.278677233104755],[-53.223114538605046,-18.27863375358175],[-53.22273902308734,-18.27859197917338],[-53.222672268210545,-18.278582514708265],[-53.22260527411402,-18.278574752659676],[-53.222231585119516,-18.278520030711785],[-53.22185762902632,-18.278467007583245],[-53.22179121858983,-18.2784555439252],[-53.221724512276346,-18.278445775489118],[-53.221352808085555,-18.278379865075706],[-53.220980779239476,-18.278315644488387],[-53.22091477889387,-18.27830219332846],[-53.220848426913335,-18.2782904274982],[-53.22047907355034,-18.278213395168983],[-53.220109341572766,-18.2781380409747],[-53.220043816069165,-18.278122615803074],[-53.2199778831727,-18.278108864269566],[-53.21961124576229,-18.278020784668364],[-53.21924417397941,-18.27793437151101],[-53.21917918806895,-18.277916986716512],[-53.21911374080639,-18.277901263869158],[-53.21875018087604,-18.27780222423028],[-53.21838613261389,-18.277704836645885],[-53.21832175014862,-18.277685511114303],[-53.21825685237179,-18.277667831342317],[-53.21789672875099,-18.277557928792344],[-53.21753606283892,-18.277449663907746],[-53.21747234856996,-18.277428415625867],[-53.21740806413084,-18.277408796915367],[-53.217051732951006,-18.27728814027238],[-53.21669480552084,-18.277169105107124],[-53.21663182150132,-18.277145954758897],[-53.21656821335233,-18.277124415995946],[-53.216216026248496,-18.276993124869808],[-53.215863189834295,-18.276863436335468],[-53.215800998117516,-18.27683840730368],[-53.21573813011054,-18.27681497007176],[-53.21539043512041,-18.276673174864133],[-53.21504203865914,-18.276532959765287],[-53.21498070039888,-18.276506076331327],[-53.214918634587264,-18.27648076491233],[-53.2145757743524,-18.276328604118763],[-53.21423216048572,-18.276178002749603],[-53.21417173683608,-18.276149290993956],[-53.21411053437362,-18.276122129669503],[-53.21377284703914,-18.27595975347682],[-53.21343435661021,-18.275798913326213],[-53.2133749069264,-18.27576840382577],[-53.213314627168245,-18.27573941777692],[-53.21298244818132,-18.275566987163792],[-53.21264941393929,-18.27539606831093],[-53.212590996677136,-18.275363788944713],[-53.21253170077721,-18.2753330087484],[-53.21220535569256,-18.275150693686598],[-53.21187810678913,-18.274969864304794],[-53.211820780404594,-18.27493584744848],[-53.21176252591971,-18.2749033027822],[-53.21144233759372,-18.27471128313624],[-53.21112119778502,-18.2745207212912],[-53.21106501893536,-18.27448500111894],[-53.211007862522706,-18.274450723459218],[-53.21069414841617,-18.27424918988521],[-53.21037943336404,-18.27404908353545],[-53.2103244569081,-18.274011695120652],[-53.2102684561242,-18.2739757195409],[-53.20996152470451,-18.273764869889845],[-53.209653546473874,-18.273555416886015],[-53.209599826370834,-18.27351639710108],[-53.20954503697384,-18.273478757775564],[-53.209245190413185,-18.273258800690066],[-53.20894425297485,-18.27304020787635],[-53.20889184228463,-18.272999595392132],[-53.208838318233745,-18.272960330991616],[-53.20854585330841,-18.272731482309094],[-53.20825225253941,-18.272503966421997],[-53.20820120432211,-18.272461799909255],[-53.20814899687866,-18.272420949104625],[-53.20786420317041,-18.272183436353497],[-53.207578229551586,-18.27194722042499],[-53.207528592370515,-18.271903543051188],[-53.20747775459466,-18.271861144513327],[-53.2072009117926,-18.271615202416818],[-53.206922848610475,-18.27137052027044],[-53.20687467282784,-18.27132537430376],[-53.206825254182036,-18.27128147120002],[-53.2065566356801,-18.271027341675666],[-53.20628675632872,-18.27077443522914],[-53.20624008870908,-18.27072786563564],[-53.20619213865609,-18.2706825011337],[-53.205932010653726,-18.270420435092213],[-53.20567058043292,-18.2701595534577],[-53.20562546774108,-18.270111606102887],[-53.20557903304592,-18.27006482516874],[-53.20532765095021,-18.2697950807155],[-53.20507492976418,-18.26952648199872],[-53.20503141606695,-18.269477204546572],[-53.204986542594774,-18.269429053045567],[-53.204744155518256,-18.26915189727939],[-53.2045003915797,-18.2688758458808],[-53.20445852004457,-18.268825287794005],[-53.204415251862315,-18.268775812490947],[-53.204182099024536,-18.268491518805718],[-53.20394753335188,-18.26820828811918],[-53.20390734444829,-18.268156497961233],[-53.2038657247233,-18.268105749218197],[-53.20364203635086,-18.267814598202342],[-53.20341690006984,-18.267524467017793],[-53.20337843426722,-18.267471496049968],[-53.20333850436845,-18.267419523329544],[-53.20312449989564,-18.26712180276624],[-53.202909016038234,-18.266825057967285],[-53.202872311108194,-18.26677095835025],[-53.202834109706316,-18.26671781291394],[-53.20263000047407,-18.266413815982038],[-53.20242438128014,-18.266110750747824],[-53.20238947319552,-18.266055576440976],[-53.2023530380622,-18.266001310449383],[-53.20215902731724,-18.26569133752254],[-53.2019634742349,-18.265382250427834],[-53.20193039806935,-18.2653260562898],[-53.20189576607669,-18.26527072370222],[-53.20171204267655,-18.264955081449184],[-53.201526750858754,-18.26464027736425],[-53.2014955389879,-18.264583117354213],[-53.20146274251153,-18.264526773029424],[-53.201289489918004,-18.264205772615632],[-53.2011146410278,-18.26388556270586],[-53.201085323129114,-18.263827494380674],[-53.20105439634323,-18.263770193177088],[-53.20089178452821,-18.26344415206325],[-53.200727550336126,-18.263118852890074],[-53.20070015698656,-18.263059932906934],[-53.20067112956895,-18.263001731482035],[-53.20051931861161,-18.26267097072608],[-53.20036586279423,-18.262340902448084],[-53.20034042007421,-18.262281190162117],[-53.20031332080305,-18.26222214697178],[-53.200172459990945,-18.261886992128275],[-53.20002993273516,-18.26155248209864],[-53.20000646672497,-18.261492035066805],[-53.199981321680525,-18.26143220676824],[-53.19985155130803,-18.261092990586416],[-53.19972009290786,-18.260754367957045],[-53.19969862609065,-18.260693246433533],[-53.199675460454046,-18.260632693281625],[-53.1995569073253,-18.260289749409864],[-53.19943664908203,-18.259947347829257],[-53.199417201242795,-18.259885612968038],[-53.199396039295664,-18.25982439431782],[-53.19928882032275,-18.25947806180056],[-53.199179879148005,-18.259132219413875],[-53.199162470971146,-18.259069931469654],[-53.19914333249875,-18.259008107575557],[-53.199047553801506,-18.25865872815521],[-53.19895003761411,-18.258309787604148],[-53.1989346861867,-18.258247006831343],[-53.198917589175316,-18.258184639746716],[-53.1978562452694,-18.254048937346205],[-53.19783980116585,-18.25398020486009],[-53.197821476579804,-18.253911907645982],[-53.19774053130044,-18.25356529903688],[-53.19765770104203,-18.25321909782076],[-53.19764352412932,-18.253149905781182],[-53.19762745414363,-18.253081092356187],[-53.19755794464334,-18.252732225549387],[-53.19748653757358,-18.25238370947826],[-53.19747464224088,-18.252314125334145],[-53.19746084214398,-18.25224486404684],[-53.19740283767078,-18.251894083482828],[-53.197342923936674,-18.251543595198356],[-53.19733332187525,-18.2514736890971],[-53.197321806056436,-18.25140404739652],[-53.19727536326735,-18.251051698414813],[-53.19722700132502,-18.25069958595476],[-53.197219702427276,-18.250629425345338],[-53.197210482577646,-18.250559472479335],[-53.197175645539524,-18.250205904016944],[-53.19713888395221,-18.249852512721],[-53.19713389631215,-18.24978216864989],[-53.19712697962626,-18.2497119738662],[-53.19710378431216,-18.249357533960726],[-53.19707865905275,-18.24900321366504],[-53.197075985368365,-18.248932754480784],[-53.19707138083954,-18.24886238612793],[-53.19705984883291,-18.248507425514966],[-53.19704638418323,-18.248152526056025],[-53.197046028951036,-18.248082021006123],[-53.19704373927709,-18.248011550130656],[-53.19704388316865,-18.247656417747272],[-53.19704209261847,-18.247301288961],[-53.197044054939056,-18.247230809092272],[-53.19704408371746,-18.247160303143218],[-53.19705590170838,-18.246805350624182],[-53.197065786157054,-18.246450343246412],[-53.197070065131356,-18.24637995690718],[-53.19707241146256,-18.24630948693107],[-53.19709589186181,-18.245955064112728],[-53.19711744231603,-18.24560052887912],[-53.19712403254795,-18.245530305317153],[-53.19712869463342,-18.245459940561577],[-53.197163814958,-18.245106397280196],[-53.1971970098341,-18.244752684026924],[-53.197205905028454,-18.24468269249013],[-53.1972128783716,-18.2446125031023],[-53.19725960354771,-18.244260188294856],[-53.19730440957079,-18.243907645958885],[-53.19731560163359,-18.243837955694946],[-53.19732487724127,-18.243768010023555],[-53.19738316140365,-18.243417270828314],[-53.197439534506884,-18.24306624744729],[-53.19745301174703,-18.242996927703974],[-53.19746458242452,-18.242927294996594],[-53.197534367117264,-18.242578478551877],[-53.197602250643286,-18.24222931946543],[-53.19761800047024,-18.242160438591277],[-53.197631854526435,-18.242091187196433],[-53.197713071401104,-18.241744637942606],[-53.19779239880006,-18.241397688490423],[-53.19781040412681,-18.24132931483384],[-53.197826528071744,-18.24126051310012],[-53.197919096189246,-18.24091657188028],[-53.1980097892203,-18.240572175603344],[-53.19803003385891,-18.24050437481496],[-53.19804841150495,-18.240436091090704],[-53.19815223913446,-18.240095097848442],[-53.198254207865375,-18.23975359379126],[-53.198276670232076,-18.23968643421957],[-53.19829728359269,-18.23961873595382],[-53.198412268211484,-18.239281027035787],[-53.198525412817446,-18.238942751544677],[-53.198550072227995,-18.23887629973937],[-53.198572899719515,-18.238809253482295],[-53.1986989289124,-18.238475162536744],[-53.19882313517951,-18.23814044926036],[-53.19884996735209,-18.238074769972688],[-53.19887498739063,-18.238008442273788],[-53.199011935252486,-18.237678298452703],[-53.19914708267163,-18.23734747834143],[-53.199176059727336,-18.23728263722191],[-53.19920324803144,-18.237217092832648],[-53.199350979663905,-18.23689122258984],[-53.19949693423604,-18.236564621198315],[-53.199528028295845,-18.236500682098878],[-53.19955735788567,-18.23643598577023],[-53.19971572669931,-18.236114710163793],[-53.19987234453305,-18.235792651247902],[-53.199905524120474,-18.235729676221652],[-53.19993696531867,-18.23566589270485],[-53.20010581663007,-18.235349528296144],[-53.20027294214253,-18.235032329316628],[-53.20030817578163,-18.234970381316113],[-53.2003416980109,-18.234907572664415],[-53.20052086364683,-18.23459643241754],[-53.20069833226211,-18.23428440543908],[-53.2007355839799,-18.234223545618242],[-53.20077115396555,-18.23416177388492],[-53.20096045765894,-18.233856164468474],[-53.20114809400923,-18.23354961795861],[-53.20118732783288,-18.23348990657196],[-53.20122491050114,-18.233429232910915],[-53.201424165193025,-18.233129455597993],[-53.20162178401807,-18.232828691728827],[-53.20166296127661,-18.23277018723255],[-53.20170251975543,-18.232710671898108],[-53.20191152849418,-18.232417022565738],[-53.20211893464102,-18.23212233811352],[-53.202162013965676,-18.232065098064023],[-53.202203508684875,-18.232006799512355],[-53.202422065525866,-18.231719568641328],[-53.2026390539491,-18.231431254087234],[-53.2026839939711,-18.231375336041143],[-53.202727384461184,-18.231318310929513],[-53.20295527266768,-18.231037780907076],[-53.203181630228016,-18.23075612223542],[-53.203228385081786,-18.230701580152047],[-53.20327362817534,-18.230645885137648],[-53.203510623816214,-18.230372333854387],[-53.2037461256831,-18.23009760715705],[-53.203794650402756,-18.23004449499562],[-53.20384170203289,-18.229990185836634],[-53.20408757038496,-18.229723882189653],[-53.2043319854327,-18.229456359961315],[-53.20438223145476,-18.22940472988262],[-53.20443104485679,-18.229351859638776],[-53.20468554400259,-18.22909306712956],[-53.20493862941419,-18.228833011972156],[-53.20499054817521,-18.22878291613696],[-53.205041073886434,-18.228731536969025],[-53.20530395291496,-18.228480510105747],[-53.2055654604776,-18.228228179225287],[-53.2056189989176,-18.22817966619696],[-53.20567118927385,-18.22812982846708],[-53.20594218738199,-18.227886815462448],[-53.20621185809068,-18.2276424579714],[-53.20626696494845,-18.227595575413773],[-53.20632076688986,-18.22754732948391],[-53.206599617878,-18.227312569557743],[-53.20687718553364,-18.22707642647419],[-53.206933805950314,-18.227031221152128],[-53.20698916641686,-18.226984612887932],[-53.207275595092476,-18.226758338065185],[-53.20756078630109,-18.226530642313566],[-53.20761886361959,-18.22648715829408],[-53.20767572955123,-18.226442235359197],[-53.207969451728786,-18.2262246686718],[-53.20826198500248,-18.226005644183473],[-53.20832146346464,-18.22596392553309],[-53.208379776405536,-18.22592073109516],[-53.208680503402434,-18.225712087481135],[-53.208980090059065,-18.225501950992616],[-53.20904091030969,-18.225462037281485],[-53.2091006136024,-18.225420614508092],[-53.209408049541764,-18.225221099912233],[-53.209714393704246,-18.225020058267436],[-53.209776494589505,-18.224981989965233],[-53.209837530677476,-18.224942379325746],[-53.210151370689175,-18.224752189800096],[-53.210464169285956,-18.224560441749333],[-53.21052749145053,-18.224524256627518],[-53.21058979828052,-18.22448649769214],[-53.210909732997656,-18.22430582119508],[-53.21122867936003,-18.22412355559604],[-53.211293158952,-18.224089288728035],[-53.211356676269475,-18.22405341836899],[-53.21168239003026,-18.223882432966295],[-53.21200716849597,-18.22370983058259],[-53.21207274166363,-18.22367751524352],[-53.21213740651598,-18.223643568534257],[-53.212468578262246,-18.223482444197874],[-53.21279886777347,-18.22331967410206],[-53.212865471564214,-18.223289342667382],[-53.21293121920036,-18.22325735378223],[-53.21326752247813,-18.223106247893387],[-53.21360299748028,-18.22295347106422],[-53.213670564444946,-18.222925154111017],[-53.21373733191223,-18.22289515362679],[-53.21407843397253,-18.222754215473135],[-53.214418764414404,-18.222611582996606],[-53.21448722800312,-18.222585307504364],[-53.21455494785249,-18.222557326897533],[-53.21490051324804,-18.22242669587378],[-53.21524536188389,-18.222294347144814],[-53.21531465554688,-18.222270140093332],[-53.21538326122845,-18.22224420544417],[-53.21573294911627,-18.222124010153347],[-53.21608197600233,-18.222002076473043],[-53.216152031391005,-18.221979961244667],[-53.216221455455695,-18.2219560977342],[-53.21657491959678,-18.22184645688694],[-53.21692778119211,-18.22173505966377],[-53.21699852815948,-18.22171505694278],[-53.21706870225876,-18.22169328975199],[-53.21742559461546,-18.22159431126686],[-53.21778194288231,-18.221493559318716],[-53.21785331218058,-18.221475689789695],[-53.217924167066535,-18.221456039602966],[-53.21828413600406,-18.22136782150624],[-53.21864361840824,-18.221277813758594],[-53.21871553989024,-18.22126209540777],[-53.21878700541595,-18.22124458111102],[-53.219149694802525,-18.221167210636732],[-53.21951195791041,-18.221088036122467],[-53.2195843596304,-18.2210744842385],[-53.21965636564869,-18.221059122918625],[-53.220021418453655,-18.22099267560992],[-53.22038610433515,-18.220924413469398],[-53.22045891614596,-18.220913040642756],[-53.22053139071107,-18.22089984848758],[-53.220898447205506,-18.220844389995023],[-53.22126519523249,-18.22078710677802],[-53.22133834518843,-18.2207779255993],[-53.22141121725384,-18.220766915199484],[-53.22177991501104,-18.220722500381513],[-53.22214836455532,-18.22067625184605],[-53.22222177981115,-18.22066927040892],[-53.222294978330474,-18.220660452556345],[-53.22266495222573,-18.220627125479965],[-53.22303473996118,-18.220591958390642],[-53.223108348571316,-18.22058718299053],[-53.22318180069942,-18.22058056667823],[-53.23124487305233,-18.21997598843959],[-53.231276342129384,-18.219974102561288],[-53.23130774105931,-18.21997134074322],[-53.25880483277678,-18.217965794124634],[-53.25915592360696,-18.21794545595659],[-53.2595068651496,-18.217922901858998],[-53.2596004486017,-18.217919704769113],[-53.25969392053793,-18.217914289951093],[-53.26004550599521,-18.21790449993128],[-53.2603970150102,-18.2178924894853],[-53.26049065781757,-18.21789210277686],[-53.26058426195407,-18.21788949564226],[-53.260690258748355,-18.217889726768046],[-53.260657375037795,-18.21784432179654],[-53.26057372909428,-18.217733940807225],[-53.26040393259535,-18.21749437850131],[-53.260231623390666,-18.21725646015613],[-53.26015418726587,-18.21714201602969],[-53.26007421055635,-18.217029178991936],[-53.259912373956865,-18.21678463624055],[-53.259747970692274,-18.216541662806105],[-53.25967433510243,-18.216424950589616],[-53.25959810766642,-18.21630976722054],[-53.259444390146314,-18.21606048773994],[-53.2592880555992,-18.215812697536567],[-53.25921829338944,-18.21569383234313],[-53.25914588987087,-18.215576418655385],[-53.25900044251637,-18.215322647061075],[-53.258852331369894,-18.215070285603854],[-53.25878650998936,-18.21494938524454],[-53.258718003233184,-18.214829854552807],[-53.258580969036416,-18.21457184175575],[-53.25844122698095,-18.21431515905602],[-53.25837941297948,-18.21419234224141],[-53.258314868636205,-18.214070814155452],[-53.258186384294106,-18.213808814663732],[-53.25805514892596,-18.21354806343103],[-53.257997402557976,-18.21342345067032],[-53.25793688537891,-18.213300045699192],[-53.25781707679664,-18.213034317618323],[-53.25769447761803,-18.212769755058837],[-53.257640855541005,-18.212643470458488],[-53.2575844248812,-18.212518309111314],[-53.25747341076925,-18.212249115942654],[-53.25735956828937,-18.211981003759053],[-53.25731012446255,-18.2118531714254],[-53.257257836080214,-18.21172637780883],[-53.257155724357176,-18.211453983952847],[-53.25705075189063,-18.211182586545906],[-53.25700553487747,-18.211053333283395],[-53.25695743913445,-18.210925032403093],[-53.25686433322238,-18.210649707656653],[-53.25676833329181,-18.210375292124752],[-53.256727387159174,-18.21024474473796],[-53.25668353261892,-18.21011506339818],[-53.256599521550584,-18.209837080255806],[-53.256512589484316,-18.209559918194447],[-53.2564759547015,-18.209428206185486],[-53.25643638453141,-18.2092972720902],[-53.25636155284337,-18.20901690304632],[-53.25628377407685,-18.208737267849454],[-53.25625148661675,-18.208604521620185],[-53.25621624038706,-18.20847246337228],[-53.25615066092422,-18.20818998721694],[-53.2560821118999,-18.207908154976174],[-53.25605420323882,-18.207774504028983],[-53.256023315123855,-18.207641453828792],[-53.25596705263734,-18.20735714755315],[-53.25590780080432,-18.20707339615918],[-53.25588429972055,-18.206938973593623],[-53.2558577993978,-18.206805061842914],[-53.25581090964573,-18.20651920693467],[-53.25576101435927,-18.20623381697589],[-53.25574194243666,-18.20609875499235],[-53.25571985688583,-18.205964112992323],[-53.255682385733444,-18.205676991838516],[-53.255641894657685,-18.205390244802818],[-53.25562727168119,-18.205254677400287],[-53.25560962248602,-18.20511943914957],[-53.25558160680566,-18.204831334137655],[-53.25555056040997,-18.20454351241209],[-53.25554040076884,-18.204407572690265],[-53.25552720501645,-18.204271871288704],[-53.25550867268697,-18.203983067503476],[-53.25548710154846,-18.203694456173086],[-53.255471631410614,-18.203428807232637],[-53.25111578936208,-18.198954616201497]],[[-53.17410299975358,-18.042890921422117],[-53.176952999880946,-18.044365921093547],[-53.198418999637056,-18.04069092159206],[-53.19769399947847,-18.03488192170664],[-53.20244700012887,-18.030581922161506],[-53.209528000217006,-18.029009922513506],[-53.21328900008724,-18.02389092207205],[-53.21870299974347,-18.018867922460494],[-53.22729200012566,-18.016456922792628],[-53.2364390001597,-18.016326923092926],[-53.24563299966309,-18.015587923188036],[-53.249671999762825,-18.014581922661502],[-53.25974200009313,-18.015015922890502],[-53.27106899993431,-18.02220992279347],[-53.2796360002012,-18.02334592212034],[-53.29219400015296,-18.024815922460483],[-53.29762499969388,-18.025815921811006],[-53.2970029997885,-18.029526922073355],[-53.28553299964818,-18.026762922314663],[-53.27652499972885,-18.030212922232074],[-53.27847499972142,-18.03221292183236],[-53.2834059995871,-18.029779922049357],[-53.28724200021811,-18.03033792170124],[-53.28907500021097,-18.033342921781845],[-53.28496100024984,-18.035054921590806],[-53.28618099985324,-18.037215921420966],[-53.2918779999697,-18.034031922078974],[-53.29651399972124,-18.03460992175394],[-53.301043999980486,-18.039640921734343],[-53.29753900022462,-18.042481921446736],[-53.28836099966037,-18.04457992106969],[-53.289697000116405,-18.050006921325394],[-53.297519000201646,-18.05174092124953],[-53.29917199998778,-18.054079921194212],[-53.294696999566725,-18.055567920565874],[-53.28553099955582,-18.059270920459337],[-53.27608099993813,-18.058912920137953],[-53.26872799989712,-18.061348920059316],[-53.266252999975855,-18.062017920333428],[-53.26533900009474,-18.063537920281444],[-53.257805999846994,-18.06462091986208],[-53.24496100015,-18.062276920586108],[-53.24063100012046,-18.064856919953453],[-53.24279999942035,-18.07199291987977],[-53.245275000241,-18.077187919329287],[-53.25915800014155,-18.085462918720804],[-53.27101400009593,-18.087137919521446],[-53.27037799954496,-18.091895918603676],[-53.270107999684335,-18.0944739187782],[-53.25507799994972,-18.103737917912134],[-53.25231899952212,-18.107509918289626],[-53.250080999738316,-18.116334917863405],[-53.247368999679566,-18.118542917163087],[-53.247750000162284,-18.12331591693712],[-53.250124999968705,-18.127956916919143],[-53.25449399999803,-18.13134891685979],[-53.25732500014857,-18.131142917252692],[-53.261763999808686,-18.12875991707745],[-53.26504199988835,-18.123617917374048],[-53.26539199984086,-18.120734917523567],[-53.26717200008766,-18.12025991720253],[-53.269907999454574,-18.114898917292443],[-53.27341400015587,-18.116437917217347],[-53.279203000018356,-18.113451918012807],[-53.28006899948462,-18.11093191781512],[-53.279288999487676,-18.108276917687004],[-53.281163999618855,-18.107195918198514],[-53.28126699987206,-18.10356591807424],[-53.28045300010581,-18.101867918011667],[-53.27864399942092,-18.098770918185032],[-53.28526099969531,-18.099126918414303],[-53.287793999593305,-18.101445918336125],[-53.29543599947175,-18.108598918146953],[-53.303800000269746,-18.10819291830993],[-53.3042559997146,-18.10264091858507],[-53.31248899986741,-18.10451291857791],[-53.30833599990643,-18.106348917809868],[-53.30813299953826,-18.10737391831316],[-53.31317199988786,-18.10637391806338],[-53.31719200001078,-18.1045819181626],[-53.32087800001967,-18.10113191824512],[-53.321250000087396,-18.104334918463245],[-53.33174999956276,-18.101787917919673],[-53.331032999773015,-18.10402691864889],[-53.328127999807286,-18.109317918028875],[-53.3252969996567,-18.108909918099606],[-53.32510299970363,-18.109879917865314],[-53.32916399991859,-18.11070491813874],[-53.330563999728774,-18.111545918250844],[-53.32810599969201,-18.116273917748398],[-53.33121400002602,-18.119106917091727],[-53.329610999847716,-18.122904916869505],[-53.335056000034285,-18.126170917294885],[-53.34056699966721,-18.122759917377262],[-53.33867799978981,-18.12004591722639],[-53.34266400014337,-18.114923917546072],[-53.34441099976772,-18.111540918020303],[-53.34780599984691,-18.118092917095677],[-53.3507780002044,-18.12429891730222],[-53.35536399944891,-18.128820917192456],[-53.36938300022524,-18.133754916297082],[-53.37298900014213,-18.135712916658505],[-53.3756499996477,-18.135465916959276],[-53.38777200017762,-18.13353491694368],[-53.39561100014749,-18.130581916563088],[-53.396644000120496,-18.140576916132346],[-53.385982999515704,-18.13938191678267],[-53.37818599968398,-18.136406916286916],[-53.371093999988084,-18.135917916219498],[-53.36678099984317,-18.13825691616435],[-53.365746999824125,-18.14287391593902],[-53.36297799983476,-18.147090916153246],[-53.3661969998916,-18.153915915227586],[-53.36264699985912,-18.15339091529874],[-53.35624999983753,-18.161009915015594],[-53.34921099988771,-18.156823915331586],[-53.34973299967811,-18.154984915961265],[-53.3482109996379,-18.152709915370554],[-53.345158000041636,-18.151826916019687],[-53.34895299968115,-18.148120915987867],[-53.349703000093314,-18.14696591578471],[-53.34881899979689,-18.141059915922895],[-53.3460309998307,-18.14006291671085],[-53.34181099947802,-18.14118191615308],[-53.339355999579595,-18.13980191636596],[-53.33700299988852,-18.13972091622782],[-53.33410799948451,-18.134373916963423],[-53.3313360002561,-18.132745916531587],[-53.324932999957866,-18.132234916349173],[-53.32196899996933,-18.130926917184297],[-53.31864699965928,-18.131056916883946],[-53.316721999920276,-18.131954916926674],[-53.31513599962665,-18.13431291684842],[-53.31302200016512,-18.13801591674188],[-53.31547499997123,-18.141309916659814],[-53.315271999603056,-18.143923915796616],[-53.31271100021247,-18.14317691642209],[-53.31342199972539,-18.140404916294507],[-53.312310999752754,-18.138448916025343],[-53.31008099943842,-18.137004916884127],[-53.30362799953253,-18.139167916806528],[-53.300007999869194,-18.13614091661068],[-53.297430999740804,-18.13481591666194],[-53.28684199975845,-18.133576917081825],[-53.28486400027332,-18.13543491642895],[-53.28365300018577,-18.138140916210983],[-53.284007999469566,-18.140854916361913],[-53.28189400000804,-18.141737916612158],[-53.28178299938588,-18.143445916236608],[-53.28361899951716,-18.145909915650474],[-53.2829890001422,-18.149665916189473],[-53.28430599972205,-18.153642915228623],[-53.286296999806666,-18.15490991520055],[-53.29460299972857,-18.15562391575131],[-53.29980299940888,-18.158731915185854],[-53.30006099961537,-18.16040191485651],[-53.29741399985619,-18.160359915617683],[-53.29661099969781,-18.158092915395876],[-53.29237499950659,-18.15863191507089],[-53.28814999982251,-18.159990915688326],[-53.287407999779305,-18.162484915586408],[-53.28518299969562,-18.16673791476287],[-53.28540800017902,-18.16790991485049],[-53.287883000100344,-18.169279915075894],[-53.28780800023895,-18.17152091499799],[-53.28803900009967,-18.17327091476064],[-53.286530999805734,-18.1756099147055],[-53.286928000127034,-18.176462914471507],[-53.289802999608696,-18.1779739140045],[-53.2921219995306,-18.177756914789377],[-53.29869999980502,-18.17917691462245],[-53.3020719997229,-18.17755691455961],[-53.305360999410546,-18.1791799147608],[-53.30640800002908,-18.181081914338435],[-53.30955000013228,-18.187156913899784],[-53.31281699970475,-18.188320913618625],[-53.31476899978935,-18.18734891376077],[-53.31306399940394,-18.18999591351982],[-53.31421699951488,-18.19212391362694],[-53.31606699939243,-18.196923913746737],[-53.313016999934575,-18.196465913310327],[-53.31132799938757,-18.197362913306907],[-53.30821099953794,-18.19668491351708],[-53.307043999680786,-18.197087913215753],[-53.304366999437434,-18.19406791334265],[-53.30148099944847,-18.193731913136485],[-53.2987529995512,-18.193292913576265],[-53.29497199965795,-18.191145913492385],[-53.29686699981215,-18.1892069140071],[-53.29447199998276,-18.181665914289987],[-53.28144399994062,-18.176265914380107],[-53.276738999705,-18.175573914844],[-53.27443899975998,-18.176576914332816],[-53.27273899960511,-18.178212914234162],[-53.27186099958545,-18.180434914179497],[-53.277331000025576,-18.18605191420382],[-53.28275300005089,-18.187415914152417],[-53.28378600002384,-18.202126913565156],[-53.28614399994546,-18.204781912793894],[-53.28887800011955,-18.205551913229115],[-53.29691899951217,-18.211273912699575],[-53.302460999675304,-18.213084912577234],[-53.29783100020046,-18.21519091256918],[-53.298896999896556,-18.220117912250334],[-53.297091999396116,-18.221640912336714],[-53.296885999789026,-18.223231911961584],[-53.30004399973069,-18.22970691198265],[-53.30358300015529,-18.23011591195801],[-53.30691900021162,-18.230806911448017],[-53.30444699952932,-18.234620911064308],[-53.29480299995845,-18.237304911630382],[-53.29061699937501,-18.2417429112443],[-53.28455000018232,-18.245454910653375],[-53.2755719998479,-18.246401911157026],[-53.26095599941982,-18.24492391134725],[-53.225361000109956,-18.247551911129598],[-53.22638599971407,-18.251740910951963],[-53.253721999470606,-18.253462910322682],[-53.268999999849996,-18.253506910553075],[-53.28105600003432,-18.251476910468725],[-53.29668100022792,-18.241290911084576],[-53.30130000009484,-18.236184911242674],[-53.30328099971831,-18.2379879116508],[-53.302224999584034,-18.239526911575716],[-53.30262500004363,-18.24562691049139],[-53.3041419998533,-18.246512910879858],[-53.305844000100365,-18.24454091077229],[-53.317299999595264,-18.239415910953504],[-53.32942200012519,-18.23895491127801],[-53.341735999616674,-18.228279911826785],[-53.36485299996593,-18.21330991216141],[-53.37854400000555,-18.2025909133789],[-53.390425000213554,-18.195904913520085],[-53.393933000107836,-18.189059913523515],[-53.40432499999861,-18.183970914465547],[-53.41525799965689,-18.168262914941387],[-53.425588999432755,-18.165801914766455],[-53.424791999551076,-18.163429915098437],[-53.43977799995463,-18.153292915276133],[-53.437893999408516,-18.15175491539738],[-53.438769000189154,-18.148873915639097],[-53.43315300021072,-18.148456916194096],[-53.427138999864844,-18.143970916165365],[-53.421774999816364,-18.137987916349953],[-53.419872000192576,-18.132131916995228],[-53.41675599948974,-18.127998917057337],[-53.40732199971046,-18.120112917618197],[-53.406716999689706,-18.110304917679212],[-53.403061000164996,-18.107565918173968],[-53.40089400005792,-18.100937918291955],[-53.40187499943164,-18.094565918524033],[-53.39954399985561,-18.089998919256697],[-53.39834999965274,-18.083390919397473],[-53.39795300023076,-18.07907091982936],[-53.38448899986736,-18.073123919875343],[-53.377417000194384,-18.066065919948834],[-53.367924999539014,-18.05965192094217],[-53.35825599971457,-18.059642920527068],[-53.37790799945458,-18.045817921503033],[-53.37524399981072,-18.042129921402],[-53.389593999663305,-18.04204292098726],[-53.39459700015141,-18.03284092201443],[-53.39404399983067,-18.028240922124386],[-53.40193100021537,-18.016734923022202],[-53.401478000009604,-18.010445923484692],[-53.39505799982675,-18.00061792352267],[-53.3803939998831,-18.00877392282241],[-53.33433600010625,-18.006634923107434],[-53.31949999942537,-17.997517923557744],[-53.30666700028178,-17.995792924048622],[-53.28993599944669,-17.994717923937507],[-53.27982499992373,-18.00009292359393],[-53.24290799990422,-18.00227692358546],[-53.23110799983425,-18.011392923088916],[-53.218206000206635,-18.01305692248299],[-53.20458099961337,-18.022979922329327],[-53.19884699958925,-18.018906922460328],[-53.1910170000345,-18.036212921932215],[-53.18141899988683,-18.03822692127871],[-53.17410299975358,-18.042890921422117]]]},"properties":{"OBJECTID":16,"NOME_UC":"Parque Estadual das Nascentes do Rio Taquari","complement":null,"nome":"Parque Estadual das Nascentes do Rio Taquari","Shape__Area":0.04458706850100968,"Shape__Length":3.203563975327147}},{"type":"Feature","id":17,"geometry":{"type":"Polygon","coordinates":[[[-56.61680261844606,-21.162010753656965],[-56.6184377864746,-21.170358172754838],[-56.61951873290314,-21.1771475541795],[-56.61747279413407,-21.17988016040418],[-56.61958910215532,-21.183030771515995],[-56.6186288591345,-21.18337148686767],[-56.61796607137706,-21.183789366748954],[-56.617328426865356,-21.18360690869492],[-56.61714588157713,-21.184261392112592],[-56.61655189915075,-21.18495085106386],[-56.61634468455952,-21.18568545508272],[-56.615587932936705,-21.18593575889111],[-56.61538032803969,-21.185645351614667],[-56.61445047670805,-21.18599094848651],[-56.61330337165321,-21.18670820997891],[-56.61259256459516,-21.1868266515916],[-56.61196184935983,-21.1869594850551],[-56.61164624577748,-21.187475203980366],[-56.611140879847646,-21.18765301973402],[-56.611162526529256,-21.188238556627038],[-56.61113567906829,-21.188654790748956],[-56.61087887675865,-21.189064518275806],[-56.61051682858874,-21.189312829186616],[-56.60990496134485,-21.189430067506553],[-56.60944904373832,-21.189652994153192],[-56.60903701394699,-21.189989673347572],[-56.608588748671764,-21.190104997010927],[-56.60796140589412,-21.190072017072755],[-56.60747555165534,-21.18979811055717],[-56.607122215217885,-21.189505070965115],[-56.60673952670777,-21.189514268331635],[-56.60643290285611,-21.18987292875559],[-56.60603023051067,-21.190016529801905],[-56.60540712623783,-21.19006136730112],[-56.60429969387571,-21.190084929538703],[-56.603851675014766,-21.189825333934852],[-56.60362174714584,-21.18970960917406],[-56.60340069468623,-21.19004899712629],[-56.602995383729876,-21.190041665853098],[-56.60258701507855,-21.190249853510764],[-56.60240876854971,-21.190440355101202],[-56.60215719309991,-21.19036957755676],[-56.60138369610065,-21.189701791367465],[-56.601019476067854,-21.189238730445975],[-56.6015226062832,-21.188955683221124],[-56.60082118455,-21.188579084919688],[-56.59979696465814,-21.188372793032848],[-56.59900851283255,-21.188731001997088],[-56.59857083887306,-21.188545325269498],[-56.5978696977283,-21.188117610402358],[-56.59665186369244,-21.18815782268833],[-56.59520624487226,-21.187744932245685],[-56.59238722279202,-21.18812998597304],[-56.59107345447621,-21.18907126409043],[-56.58761353593582,-21.18969562471622],[-56.585062313075184,-21.19001574199583],[-56.58244985177919,-21.189556225302493],[-56.57941741608085,-21.189758447757097],[-56.57793111013257,-21.189335457028548],[-56.5762483355922,-21.18904066555721],[-56.574701077192856,-21.18734605593866],[-56.57367810016416,-21.187921790221374],[-56.572039021883256,-21.189323598568112],[-56.57081762743144,-21.191034891509897],[-56.57064084679757,-21.192268173200503],[-56.57002110778785,-21.192734305306722],[-56.56501250362402,-21.191531266017968],[-56.563896882035465,-21.19064858412776],[-56.562357835345665,-21.189470677292864],[-56.560348183321935,-21.189116224796784],[-56.55839260483481,-21.189157903876982],[-56.55664754055147,-21.188729349942427],[-56.556015516802574,-21.188743334400215],[-56.55614050188257,-21.187703156038737],[-56.555295231789444,-21.18726098097241],[-56.55435883429266,-21.187678571272006],[-56.55276403323353,-21.18689358633291],[-56.55160841249818,-21.186804701838394],[-56.55057029268477,-21.185448743627617],[-56.54912467296526,-21.18461212231464],[-56.548110645090105,-21.184151771949704],[-56.546958585670154,-21.184419239319464],[-56.54601533264138,-21.184617549723193],[-56.545371842536376,-21.18484816917064],[-56.54499743318497,-21.18448507508917],[-56.54506468628608,-21.183558209506774],[-56.544072191778184,-21.182385955810307],[-56.54276703087373,-21.181723959456235],[-56.540008151854636,-21.181420260199896],[-56.53821457184489,-21.18216707341473],[-56.53824989451699,-21.18071675203961],[-56.53901812688497,-21.17881056252061],[-56.537661107474094,-21.177409666086398],[-56.53820030230208,-21.175545812152766],[-56.53908647536047,-21.173962857862826],[-56.53926625163616,-21.171423846896356],[-56.53908802848969,-21.17014013302411],[-56.53957464445427,-21.169131401256504],[-56.54055067147624,-21.168463331780718],[-56.541201557605746,-21.16705549258036],[-56.54164961693618,-21.165789894651418],[-56.5419974666097,-21.16433146139135],[-56.54201497101394,-21.16244395169061],[-56.54204454881682,-21.161113768049496],[-56.54213060764142,-21.160164936526222],[-56.54238636403943,-21.159217665326622],[-56.542881971425736,-21.158340466602848],[-56.54311341375302,-21.1573264639089],[-56.543895767275785,-21.156974013303767],[-56.54443245119655,-21.156235132109245],[-56.54501081060039,-21.1554572769955],[-56.545068449948985,-21.154188633062727],[-56.54486703508559,-21.15261998518795],[-56.545396813112404,-21.152006466788784],[-56.54580124902834,-21.151306238455952],[-56.545819379360694,-21.150859748442485],[-56.545624547534835,-21.149558048129215],[-56.54532080241307,-21.149012763991724],[-56.54539690214517,-21.14835518780554],[-56.54467501543957,-21.14800230822387],[-56.54354724041274,-21.14775990316096],[-56.54392894686339,-21.146951862302547],[-56.544788730215714,-21.14585270370322],[-56.54509868065952,-21.14531569782517],[-56.54583889285061,-21.144168756446906],[-56.54627282652967,-21.142951944040963],[-56.54653187174836,-21.141795372722363],[-56.54632551061377,-21.140472712809448],[-56.54575981546304,-21.138435373357968],[-56.54544464445473,-21.13735544945859],[-56.54574029387941,-21.136523512714138],[-56.54590910921792,-21.135793489841866],[-56.546051759680836,-21.134932417761142],[-56.54594031119626,-21.134372762457204],[-56.545249188499206,-21.13350068267463],[-56.54501161189631,-21.132971779688134],[-56.54520407221014,-21.132050528573316],[-56.54551798596618,-21.131444331554945],[-56.54552483160564,-21.130758017532845],[-56.54535278410367,-21.130273540156054],[-56.54509441157779,-21.129662124371933],[-56.545782026019644,-21.129003590407795],[-56.54664943382426,-21.128859078348142],[-56.5471648595705,-21.128034712996],[-56.547509865587756,-21.12770988147025],[-56.54742325817676,-21.125888908111097],[-56.54714900991877,-21.12498450039881],[-56.548241270717995,-21.124208738906614],[-56.550653006031325,-21.12249741988457],[-56.55113822984538,-21.121866329631963],[-56.550970787771575,-21.120963805999455],[-56.55135143032413,-21.11980290894169],[-56.550755399242234,-21.118176163064117],[-56.550372073112605,-21.11710665061609],[-56.55063641623752,-21.1161438840976],[-56.551045339770546,-21.115853267279196],[-56.55232733054186,-21.115249235828305],[-56.55351806440712,-21.114536445765093],[-56.55451108232051,-21.113277358927757],[-56.55547762239428,-21.11311674450686],[-56.55611744776189,-21.112855494150516],[-56.55667113606404,-21.11192170288905],[-56.55684618730163,-21.11080144619457],[-56.55725817032828,-21.108736863580255],[-56.55834774844976,-21.104759479631294],[-56.55829323064802,-21.10161543536908],[-56.55846660285141,-21.100114422807454],[-56.55870392404683,-21.09830263602298],[-56.558610658954706,-21.096779350851552],[-56.55842369169994,-21.095164266482875],[-56.55762421868258,-21.09397168271224],[-56.55709212490161,-21.09174452875229],[-56.55811770007176,-21.08859751223076],[-56.55953055569057,-21.08707257950139],[-56.56068594170273,-21.08470855502126],[-56.56070096667622,-21.081831611205477],[-56.560245990659894,-21.079811268041144],[-56.55960459687458,-21.079723259486432],[-56.558621513771755,-21.079277872041743],[-56.55841902961448,-21.078705492230263],[-56.55789515563686,-21.077998215011206],[-56.56018554722516,-21.076315026782716],[-56.570415027031856,-21.07112441962206],[-56.57322184800973,-21.069849662997278],[-56.57722229956943,-21.067027154245647],[-56.57957180269648,-21.064374304396562],[-56.581052735195556,-21.062274881146788],[-56.58236779493768,-21.061193219757328],[-56.585222407687866,-21.06014124229052],[-56.58707921363475,-21.059657784744967],[-56.5882603238548,-21.059350502589687],[-56.59006701058405,-21.058570287654778],[-56.59098639110903,-21.057851081828122],[-56.5941375094385,-21.053702021797047],[-56.59520551102548,-21.0523330467989],[-56.59565298399792,-21.05153962621903],[-56.59742296489782,-21.04560321398351],[-56.59819004433501,-21.044455464114822],[-56.598931338410466,-21.043661280010568],[-56.603931613053476,-21.041544962096744],[-56.60516298908066,-21.040727704986153],[-56.609317258884346,-21.035611030191582],[-56.61289342289307,-21.031810211938485],[-56.611889562753106,-21.02598501616239],[-56.6131654003629,-21.023581482666188],[-56.6141889907293,-21.02011913775506],[-56.61607501564936,-21.01940125303239],[-56.6213296428487,-21.020135663696934],[-56.62297928366695,-21.02098057675925],[-56.62480383273061,-21.019383110109498],[-56.62648098830687,-21.018353560835237],[-56.634663648908145,-21.016533768285846],[-56.63624693864517,-21.016392495584228],[-56.6379778754785,-21.02129625588451],[-56.63625551727825,-21.021782289987677],[-56.63638867359839,-21.02742486942908],[-56.63751864476956,-21.029672763554014],[-56.63919677071436,-21.042173100774495],[-56.63716544143188,-21.04449186777195],[-56.63436749136657,-21.046216498558977],[-56.633745050793436,-21.0541930183592],[-56.63313687076993,-21.054850679081778],[-56.63480143673679,-21.061207462320603],[-56.63562002484423,-21.066231732674193],[-56.652446534579894,-21.0921763544205],[-56.65329245038618,-21.093476079822477],[-56.65562010178616,-21.09682185550942],[-56.65522038461302,-21.098463092162984],[-56.65295459487862,-21.100503138574012],[-56.65290143055654,-21.101522193659395],[-56.6535903867869,-21.102728918369895],[-56.65214674017983,-21.104359139227892],[-56.65115194880338,-21.104750031353834],[-56.65031005296652,-21.105479193574904],[-56.64957601102407,-21.10574543337],[-56.64845684790515,-21.105589623127546],[-56.64815969661266,-21.106265790099098],[-56.64767210038702,-21.106504420707328],[-56.64655029955662,-21.10687232256459],[-56.64481153952079,-21.106847231479435],[-56.644319827098286,-21.106352326463657],[-56.64399129576162,-21.105509742645477],[-56.6434001515957,-21.10521877688999],[-56.642539402371426,-21.104966229272968],[-56.642449015109946,-21.10409508478535],[-56.64286691387695,-21.103122834016546],[-56.64276459081315,-21.101888056753474],[-56.641950084728535,-21.101277801993962],[-56.640928632050645,-21.10125363181473],[-56.63986146953113,-21.101744321708114],[-56.6389216024499,-21.102623767837656],[-56.63800046375036,-21.103610899688267],[-56.63683861610917,-21.104892477670706],[-56.635900841750356,-21.104958164152936],[-56.63493967512586,-21.104530045490215],[-56.63425695659322,-21.10442360622944],[-56.63325955538414,-21.104207373236655],[-56.63254643796762,-21.104438746316024],[-56.631966257436716,-21.10535077398388],[-56.63199714645111,-21.107693767818066],[-56.63131722930667,-21.108622781880754],[-56.62985162755052,-21.109205824953676],[-56.62831811798674,-21.111182551898082],[-56.627677941883405,-21.111373261231844],[-56.62687135432952,-21.11099301617959],[-56.625950342434294,-21.11079708987855],[-56.62524046437591,-21.11106321545977],[-56.624930337664864,-21.111766852223177],[-56.62480555583164,-21.113484147240353],[-56.62424910751025,-21.113866353714013],[-56.623931049678106,-21.114136280729486],[-56.62403597627912,-21.1146860920542],[-56.624583413393786,-21.115423027115718],[-56.62429455474984,-21.11593668029827],[-56.62373764597556,-21.115779908680516],[-56.623409219859525,-21.115680272790954],[-56.62313753377009,-21.11595746812731],[-56.622868371178356,-21.116164028911502],[-56.622340364815955,-21.11622953912655],[-56.621809859237544,-21.116512211334157],[-56.62115343418361,-21.117086160462616],[-56.6205062784419,-21.117453576685904],[-56.61951693335976,-21.117827586738322],[-56.61915269893785,-21.117827789985107],[-56.61856026244606,-21.117667960672488],[-56.61815769172398,-21.11760701991258],[-56.617783489216606,-21.11784059093517],[-56.61745301174705,-21.118148079934613],[-56.61698640929524,-21.1187214022355],[-56.6165771251342,-21.119012926470006],[-56.61597667838089,-21.11901031124152],[-56.6148184190347,-21.119317065494823],[-56.613634835679015,-21.11987515148158],[-56.61302116439521,-21.12037839950808],[-56.612260522305235,-21.12108343471732],[-56.61224241625445,-21.1218014777206],[-56.6123960015741,-21.122362687952172],[-56.61173930312622,-21.123271662421818],[-56.61174551834097,-21.12375849961954],[-56.612175354708825,-21.12443140115269],[-56.61196931822939,-21.125068868497983],[-56.6129833550977,-21.126502125237298],[-56.61348309666755,-21.127433083634294],[-56.613522639857884,-21.12809811879748],[-56.61325302670576,-21.128833029485097],[-56.613332212011926,-21.13050705002466],[-56.61306916750806,-21.131732176662883],[-56.61298452061909,-21.134482160487558],[-56.61276045453127,-21.1351887847988],[-56.6122740454108,-21.135561079844063],[-56.611992714991686,-21.13592280605687],[-56.611952661885766,-21.13629479263474],[-56.6122984539104,-21.13685318079389],[-56.61216009860965,-21.137375453078793],[-56.61178028433255,-21.13778311216508],[-56.611603921883386,-21.139157449820466],[-56.61094482404434,-21.13993892740369],[-56.61089084583574,-21.141625837026776],[-56.61015893978322,-21.142652837622425],[-56.60978603769542,-21.14314018743377],[-56.60985101101527,-21.14402167052771],[-56.6093993840742,-21.147060323239305],[-56.613354043054585,-21.155723047344512],[-56.61680261844606,-21.162010753656965]],[[-56.59254371921725,-21.140263228329363],[-56.59040265375944,-21.140651291188167],[-56.58896376006936,-21.14145416184414],[-56.58818597869993,-21.142109768515066],[-56.58770264975737,-21.142726456125082],[-56.58784709706583,-21.143829234495637],[-56.5879054387849,-21.14414590287516],[-56.58828600129789,-21.145948662264868],[-56.588541564341654,-21.14627643007715],[-56.58867211802374,-21.1467042060982],[-56.58874989948822,-21.146887531997937],[-56.588844350786125,-21.147009757058576],[-56.58985547385094,-21.14830692388928],[-56.59030826091748,-21.148884678049342],[-56.590880487844174,-21.149629083779],[-56.59092214803861,-21.149659640943455],[-56.59144715336339,-21.150026266662657],[-56.592047160348045,-21.1504678949412],[-56.59314994951052,-21.15069559069276],[-56.59401106565804,-21.15089551987622],[-56.59449995960535,-21.15100380724374],[-56.595933308974956,-21.150859233130983],[-56.59664996792162,-21.149548035976963],[-56.59789442638652,-21.149459023778817],[-56.598155538247454,-21.149425656232932],[-56.59859164918521,-21.149050605664797],[-56.598005532229415,-21.14832844736386],[-56.598516643028624,-21.147992278085123],[-56.60055276479824,-21.147342034970766],[-56.60139165689941,-21.146336362696964],[-56.60200276421608,-21.14506405672481],[-56.60202775817447,-21.143927936888822],[-56.6017749731364,-21.143300187617594],[-56.60154163953491,-21.143191887659473],[-56.60121385463566,-21.142683597134333],[-56.60083884993293,-21.142375304141055],[-56.600274952527,-21.141900371269116],[-56.59990272852799,-21.1416420859776],[-56.59935272115109,-21.141283818557387],[-56.599172161565946,-21.141339390364646],[-56.59888882835668,-21.141144982119346],[-56.598597153935486,-21.14086167319171],[-56.59716103015734,-21.140486827669104],[-56.596555596663336,-21.140360883012455],[-56.59254371921725,-21.140263228329363]],[[-56.57606070193982,-21.07574866793239],[-56.57462737954984,-21.078123645255594],[-56.57491628315977,-21.0802236647559],[-56.575657963943854,-21.081587579268945],[-56.575257969779386,-21.083009806722725],[-56.57513298469934,-21.08585147642992],[-56.57455798516282,-21.086593133831375],[-56.57217464954027,-21.08973195213313],[-56.571635759582534,-21.09028470963693],[-56.57116632336704,-21.091620802723043],[-56.57118299859644,-21.09282080769936],[-56.57080800108827,-21.09395968395737],[-56.57134411753691,-21.09476804227655],[-56.56979966502241,-21.096017965921572],[-56.567749662217125,-21.09748451106652],[-56.56738300232365,-21.097973367242254],[-56.567485776847036,-21.09914837736086],[-56.566930227847706,-21.10011223026031],[-56.56714133920132,-21.10046502620501],[-56.56794967323873,-21.10055397365202],[-56.56852189656826,-21.10087623221737],[-56.56948579173587,-21.101195742454564],[-56.56972190334312,-21.10142352633973],[-56.570419136034225,-21.10143745503951],[-56.57115524821602,-21.10120972241586],[-56.571524690611966,-21.100987508931407],[-56.572502468614005,-21.09949310728612],[-56.574233025933324,-21.096209829984872],[-56.575749681302625,-21.093276520260467],[-56.57534689294465,-21.091818176033282],[-56.57566078511712,-21.09159318184519],[-56.57674134663574,-21.090820980768974],[-56.57783578649231,-21.08964875944801],[-56.578793095025276,-21.088113744419164],[-56.57959936062196,-21.08682091861593],[-56.58039967090798,-21.085537637317554],[-56.58115799904232,-21.08242372663918],[-56.580924644756465,-21.080245949056884],[-56.5810190906584,-21.079429273807513],[-56.580624630022605,-21.078012599667392],[-56.57979684185074,-21.077532050529367],[-56.577482950977355,-21.07774315109108],[-56.57733016785295,-21.077337586526074],[-56.57776349898625,-21.07697647904694],[-56.57757459998777,-21.07580703123513],[-56.57712181561919,-21.075559804906746],[-56.57606070193982,-21.07574866793239]]]},"properties":{"OBJECTID":17,"NOME_UC":"Monumento Natural Estadual da Gruta do Lago Azul","complement":null,"nome":"Monumento Natural Estadual da Gruta do Lago Azul","Shape__Area":0.010656172632751901,"Shape__Length":0.6625590642972585}}],"atlas_metadata":{"source_url":"https://www.pinms.ms.gov.br/arcgis/rest/services/IMASUL/CAMADAS_API_SISGEO_v1/FeatureServer/2","where":"1=1","capture_utc":"2026-08-16T15:18:12.302130+00:00","object_id_field":"OBJECTID","arcgis_id_count":17,"output_crs":"EPSG:4326","filtered_to_ms_by_local_boundary":true,"ms_feature_count":17,"capture_date":"2026-08-16","purpose":"fonte territorial do ISGT V0.1","ms_filter_method":"spatial_envelope_then_exact_intersection_with_ibge_ms_boundary"},"name":"zonas_amortecimento_ms"}