{"type":"FeatureCollection","features":[{"type":"Feature","id":107164,"geometry":{"type":"Point","coordinates":[-57.39656195200001,-21.747931826000013]},"properties":{"OBJECTID":107164,"ID_AFLORAMENTO":199957,"ORIGEM":"Oracle","METODO_GEOPOSICIONAMENTO":"GPS Manual pós 24/05/2000","TOPONIMIA":"Pedreira Hamilton Coelho, Marajá Mineracao","MUNICIPIO":"Porto Murtinho","UF":"MS","GEOLOGO":"A Definir","DATA_CADASTRO":1144108800000,"TIPO_AFLORAMENTO":"Pedreira","DESCRICAO":null,"NUMERO_CAMPO":null,"ROCHAS":null,"SUREG":"OUTROS","PROJETO":null,"CODIGO_FOLHA":null,"FOLHA":null,"ID_OCORRENCIA":50863,"PROVINCIA":"Províncias Amazônicas","STATUS_ECONOMICO":"Indeterminado","IMPORTANCIA":"Indeterminado","LOCALIZACAO_MINA":"Mina subterrânea (GPS sem sinal)","SITUACAO_MINA":null,"MOTIVO_INATIVIDADE_MINA":null,"SITUACAO_GARIMPO":null,"MOTIVO_INATIVIDADE_GARIMPO":null,"SUBSTANCIAS":"Rocha ornamental","ROCHAS_HOSPEDEIRAS":null,"ROCHAS_ENCAIXANTES":null,"CLASSES_UTILITARIAS":"Não definida","MORFOLOGIA":null,"TEXTURAS":null,"TIPOS_ALTERACAO":null,"X":-57.39656195,"Y":-21.74793183,"DATUM":"WGS84","__atlas_sublayer":0}},{"type":"Feature","id":109084,"geometry":{"type":"Point","coordinates":[-57.13406348299998,-20.019331668000007]},"properties":{"OBJECTID":109084,"ID_AFLORAMENTO":202118,"ORIGEM":"Oracle","METODO_GEOPOSICIONAMENTO":"Levantamento em mapa 1:1.000.000","TOPONIMIA":"Fazenda Santo Antônio","MUNICIPIO":"Corumbá","UF":"MS","GEOLOGO":"A Definir","DATA_CADASTRO":1101686400000,"TIPO_AFLORAMENTO":null,"DESCRICAO":null,"NUMERO_CAMPO":null,"ROCHAS":null,"SUREG":"OUTROS","PROJETO":null,"CODIGO_FOLHA":null,"FOLHA":null,"ID_OCORRENCIA":49365,"PROVINCIA":"Tocantins","STATUS_ECONOMICO":"Indeterminado","IMPORTANCIA":"Indeterminado","LOCALIZACAO_MINA":"Mina subterrânea (GPS sem sinal)","SITUACAO_MINA":null,"MOTIVO_INATIVIDADE_MINA":null,"SITUACAO_GARIMPO":null,"MOTIVO_INATIVIDADE_GARIMPO":null,"SUBSTANCIAS":"Calcário","ROCHAS_HOSPEDEIRAS":"Calcário","ROCHAS_ENCAIXANTES":"Calcário","CLASSES_UTILITARIAS":"Material de uso na construção civil","MORFOLOGIA":"Estratificada","TEXTURAS":"Plana","TIPOS_ALTERACAO":null,"X":-57.13406348,"Y":-20.01933167,"DATUM":"WGS84","__atlas_sublayer":0}},{"type":"Feature","id":109252,"geometry":{"type":"Point","coordinates":[-57.07100773899998,-20.06822083200001]},"properties":{"OBJECTID":109252,"ID_AFLORAMENTO":202292,"ORIGEM":"Oracle","METODO_GEOPOSICIONAMENTO":"Levantamento em mapa 1:1.000.000","TOPONIMIA":"Fazenda São Carlos","MUNICIPIO":"Corumbá","UF":"MS","GEOLOGO":"A Definir","DATA_CADASTRO":1101772800000,"TIPO_AFLORAMENTO":null,"DESCRICAO":null,"NUMERO_CAMPO":null,"ROCHAS":null,"SUREG":"OUTROS","PROJETO":null,"CODIGO_FOLHA":null,"FOLHA":null,"ID_OCORRENCIA":49401,"PROVINCIA":"Tocantins","STATUS_ECONOMICO":"Indeterminado","IMPORTANCIA":"Indeterminado","LOCALIZACAO_MINA":"Mina subterrânea (GPS sem sinal)","SITUACAO_MINA":null,"MOTIVO_INATIVIDADE_MINA":null,"SITUACAO_GARIMPO":null,"MOTIVO_INATIVIDADE_GARIMPO":null,"SUBSTANCIAS":"Calcário","ROCHAS_HOSPEDEIRAS":"Dolomito","ROCHAS_ENCAIXANTES":"Dolomito","CLASSES_UTILITARIAS":"Material de uso na construção civil","MORFOLOGIA":"Estratiforme","TEXTURAS":"Plana","TIPOS_ALTERACAO":null,"X":-57.07100774,"Y":-20.06822083,"DATUM":"WGS84","__atlas_sublayer":0}},{"type":"Feature","id":95689,"geometry":{"type":"Point","coordinates":[-57.68711919100002,-19.030161307000014]},"properties":{"OBJECTID":95689,"ID_AFLORAMENTO":184655,"ORIGEM":"Oracle","METODO_GEOPOSICIONAMENTO":"Levantamento em carta 1:250.000","TOPONIMIA":"Pedreira da Corcal","MUNICIPIO":"Corumbá","UF":"MS","GEOLOGO":"A Definir","DATA_CADASTRO":1070323200000,"TIPO_AFLORAMENTO":"Pedreira","DESCRICAO":null,"NUMERO_CAMPO":null,"ROCHAS":null,"SUREG":"OUTROS","PROJETO":null,"CODIGO_FOLHA":null,"FOLHA":null,"ID_OCORRENCIA":47533,"PROVINCIA":"Tocantins","STATUS_ECONOMICO":"Mina","IMPORTANCIA":"Depósito","LOCALIZACAO_MINA":"Mina subterrânea (GPS sem sinal)","SITUACAO_MINA":"Ativo(a)","MOTIVO_INATIVIDADE_MINA":null,"SITUACAO_GARIMPO":"Ativo(a)","MOTIVO_INATIVIDADE_GARIMPO":null,"SUBSTANCIAS":"Calcário dolomítico","ROCHAS_HOSPEDEIRAS":"Calcário dolomítico","ROCHAS_ENCAIXANTES":"Calcário dolomítico","CLASSES_UTILITARIAS":"Material de uso na construção civil","MORFOLOGIA":"Estratificada","TEXTURAS":"Maciça","TIPOS_ALTERACAO":null,"X":-57.68711919,"Y":-19.03016131,"DATUM":"WGS84","__atlas_sublayer":0}},{"type":"Feature","id":116611,"geometry":{"type":"Point","coordinates":[-57.60406324899998,-19.048494893999987]},"properties":{"OBJECTID":116611,"ID_AFLORAMENTO":184654,"ORIGEM":"Oracle","METODO_GEOPOSICIONAMENTO":"Levantamento em carta 1:250.000","TOPONIMIA":"Pedreira Morro do Bugio","MUNICIPIO":"Ladário","UF":"MS","GEOLOGO":"A Definir","DATA_CADASTRO":1070323200000,"TIPO_AFLORAMENTO":"Pedreira","DESCRICAO":null,"NUMERO_CAMPO":null,"ROCHAS":null,"SUREG":"OUTROS","PROJETO":null,"CODIGO_FOLHA":null,"FOLHA":null,"ID_OCORRENCIA":47532,"PROVINCIA":"Tocantins","STATUS_ECONOMICO":"Mina","IMPORTANCIA":"Depósito","LOCALIZACAO_MINA":"Mina subterrânea (GPS sem sinal)","SITUACAO_MINA":"Ativo(a)","MOTIVO_INATIVIDADE_MINA":null,"SITUACAO_GARIMPO":"Ativo(a)","MOTIVO_INATIVIDADE_GARIMPO":null,"SUBSTANCIAS":"Calcário dolomítico","ROCHAS_HOSPEDEIRAS":"Calcário dolomítico","ROCHAS_ENCAIXANTES":"Calcário dolomítico","CLASSES_UTILITARIAS":"Material de uso na construção civil","MORFOLOGIA":"Estratificada","TEXTURAS":"Maciça","TIPOS_ALTERACAO":null,"X":-57.60406325,"Y":-19.04849489,"DATUM":"WGS84","__atlas_sublayer":0}},{"type":"Feature","id":108498,"geometry":{"type":"Point","coordinates":[-57.581394948000025,-19.036302071000023]},"properties":{"OBJECTID":108498,"ID_AFLORAMENTO":201497,"ORIGEM":"Oracle","METODO_GEOPOSICIONAMENTO":"Levantamento em carta 1:250.000","TOPONIMIA":"Ladario-Morro do Apito","MUNICIPIO":"Ladário","UF":"MS","GEOLOGO":"A Definir","DATA_CADASTRO":1006387200000,"TIPO_AFLORAMENTO":null,"DESCRICAO":null,"NUMERO_CAMPO":null,"ROCHAS":null,"SUREG":"OUTROS","PROJETO":null,"CODIGO_FOLHA":null,"FOLHA":null,"ID_OCORRENCIA":10223,"PROVINCIA":"Tocantins","STATUS_ECONOMICO":"Mina","IMPORTANCIA":"Depósito","LOCALIZACAO_MINA":"Mina subterrânea (GPS sem sinal)","SITUACAO_MINA":null,"MOTIVO_INATIVIDADE_MINA":null,"SITUACAO_GARIMPO":null,"MOTIVO_INATIVIDADE_GARIMPO":null,"SUBSTANCIAS":"Calcário","ROCHAS_HOSPEDEIRAS":"Calcário dolomítico","ROCHAS_ENCAIXANTES":null,"CLASSES_UTILITARIAS":"Insumos para agricultura","MORFOLOGIA":"Estratificada","TEXTURAS":"Maciça","TIPOS_ALTERACAO":null,"X":-57.58139495,"Y":-19.03630207,"DATUM":"WGS84","__atlas_sublayer":0}},{"type":"Feature","id":109698,"geometry":{"type":"Point","coordinates":[-57.52378557999998,-19.242939991000014]},"properties":{"OBJECTID":109698,"ID_AFLORAMENTO":202777,"ORIGEM":"Oracle","METODO_GEOPOSICIONAMENTO":"Levantamento em carta 1:250.000","TOPONIMIA":"Urucum - Morro Grande","MUNICIPIO":"Corumbá","UF":"MS","GEOLOGO":"A Definir","DATA_CADASTRO":1069804800000,"TIPO_AFLORAMENTO":null,"DESCRICAO":null,"NUMERO_CAMPO":null,"ROCHAS":null,"SUREG":"OUTROS","PROJETO":null,"CODIGO_FOLHA":null,"FOLHA":null,"ID_OCORRENCIA":11922,"PROVINCIA":"Tocantins","STATUS_ECONOMICO":"Indeterminado","IMPORTANCIA":"Indeterminado","LOCALIZACAO_MINA":"Mina subterrânea (GPS sem sinal)","SITUACAO_MINA":null,"MOTIVO_INATIVIDADE_MINA":null,"SITUACAO_GARIMPO":null,"MOTIVO_INATIVIDADE_GARIMPO":null,"SUBSTANCIAS":"Ferro","ROCHAS_HOSPEDEIRAS":"Jaspelito","ROCHAS_ENCAIXANTES":"Conglomerado","CLASSES_UTILITARIAS":"Metais ferrosos","MORFOLOGIA":"Laminada","TEXTURAS":"Compacta","TIPOS_ALTERACAO":null,"X":-57.52378558,"Y":-19.24293999,"DATUM":"WGS84","__atlas_sublayer":0}},{"type":"Feature","id":129006,"geometry":{"type":"Point","coordinates":[-56.725708,-21.658838000000003]},"properties":{"OBJECTID":129006,"ID_AFLORAMENTO":413420,"ORIGEM":"Oracle","METODO_GEOPOSICIONAMENTO":"GPS Manual pós 24/05/2000","TOPONIMIA":"Fz Margarida","MUNICIPIO":"Bela Vista","UF":"MS","GEOLOGO":"Márcio José Remédio","DATA_CADASTRO":1291766400000,"TIPO_AFLORAMENTO":"Corte de estrada","DESCRICAO":"GRANULO ARENITO/BLOCO HEMATITITO Aparece de forma ritimica com lâminas de 1mm de material siltoargiloso","NUMERO_CAMPO":"MR-0318","ROCHAS":"Arenito, Formação ferrífera bandada","SUREG":"OUTROS","PROJETO":"Bonito - Porto Murtinho","CODIGO_FOLHA":"SF.21-X-C-IV","FOLHA":"Fazenda Margarida","ID_OCORRENCIA":66208,"PROVINCIA":"Indeterminada","STATUS_ECONOMICO":"Não explotado","IMPORTANCIA":"Ocorrência","LOCALIZACAO_MINA":null,"SITUACAO_MINA":null,"MOTIVO_INATIVIDADE_MINA":null,"SITUACAO_GARIMPO":null,"MOTIVO_INATIVIDADE_GARIMPO":null,"SUBSTANCIAS":"Ferro","ROCHAS_HOSPEDEIRAS":null,"ROCHAS_ENCAIXANTES":null,"CLASSES_UTILITARIAS":"Não definida","MORFOLOGIA":null,"TEXTURAS":null,"TIPOS_ALTERACAO":null,"X":-56.725708,"Y":-21.658838,"DATUM":"WGS84","__atlas_sublayer":0}},{"type":"Feature","id":108387,"geometry":{"type":"Point","coordinates":[-56.617121052000016,-21.61766991899998]},"properties":{"OBJECTID":108387,"ID_AFLORAMENTO":201377,"ORIGEM":"Oracle","METODO_GEOPOSICIONAMENTO":"Levantamento em mapa 1:1.000.000","TOPONIMIA":"Br - 267","MUNICIPIO":"Bela Vista","UF":"MS","GEOLOGO":"A Definir","DATA_CADASTRO":1102896000000,"TIPO_AFLORAMENTO":null,"DESCRICAO":null,"NUMERO_CAMPO":null,"ROCHAS":null,"SUREG":"OUTROS","PROJETO":null,"CODIGO_FOLHA":null,"FOLHA":null,"ID_OCORRENCIA":49584,"PROVINCIA":"Tocantins","STATUS_ECONOMICO":"Mina","IMPORTANCIA":"Depósito","LOCALIZACAO_MINA":"Mina subterrânea (GPS sem sinal)","SITUACAO_MINA":null,"MOTIVO_INATIVIDADE_MINA":null,"SITUACAO_GARIMPO":null,"MOTIVO_INATIVIDADE_GARIMPO":null,"SUBSTANCIAS":"Calcário","ROCHAS_HOSPEDEIRAS":"Calcário","ROCHAS_ENCAIXANTES":"Calcário","CLASSES_UTILITARIAS":"Material de uso na construção civil","MORFOLOGIA":"Estratificada","TEXTURAS":"Plana","TIPOS_ALTERACAO":null,"X":-56.61712105,"Y":-21.61766992,"DATUM":"WGS84","__atlas_sublayer":0}},{"type":"Feature","id":102550,"geometry":{"type":"Point","coordinates":[-56.479341981000005,-21.44322547600001]},"properties":{"OBJECTID":102550,"ID_AFLORAMENTO":193015,"ORIGEM":"Oracle","METODO_GEOPOSICIONAMENTO":"Levantamento em carta 1:250.000","TOPONIMIA":"Bonito","MUNICIPIO":"Jardim","UF":"MS","GEOLOGO":"A Definir","DATA_CADASTRO":1076025600000,"TIPO_AFLORAMENTO":null,"DESCRICAO":null,"NUMERO_CAMPO":null,"ROCHAS":null,"SUREG":"OUTROS","PROJETO":null,"CODIGO_FOLHA":null,"FOLHA":null,"ID_OCORRENCIA":11902,"PROVINCIA":"Tocantins","STATUS_ECONOMICO":"Mina","IMPORTANCIA":"Depósito","LOCALIZACAO_MINA":"Mina subterrânea (GPS sem sinal)","SITUACAO_MINA":"Ativo(a)","MOTIVO_INATIVIDADE_MINA":null,"SITUACAO_GARIMPO":"Ativo(a)","MOTIVO_INATIVIDADE_GARIMPO":null,"SUBSTANCIAS":"Dolomito","ROCHAS_HOSPEDEIRAS":"Dolomito","ROCHAS_ENCAIXANTES":null,"CLASSES_UTILITARIAS":"Insumos para agricultura","MORFOLOGIA":"Estratificada","TEXTURAS":"Maciça","TIPOS_ALTERACAO":null,"X":-56.47934198,"Y":-21.44322548,"DATUM":"WGS84","__atlas_sublayer":0}},{"type":"Feature","id":109263,"geometry":{"type":"Point","coordinates":[-56.860451409999996,-20.19099943499998]},"properties":{"OBJECTID":109263,"ID_AFLORAMENTO":202309,"ORIGEM":"Oracle","METODO_GEOPOSICIONAMENTO":"Levantamento em mapa 1:1.000.000","TOPONIMIA":"Córrego do Rodrigues","MUNICIPIO":"Miranda","UF":"MS","GEOLOGO":"A Definir","DATA_CADASTRO":1102291200000,"TIPO_AFLORAMENTO":null,"DESCRICAO":null,"NUMERO_CAMPO":null,"ROCHAS":null,"SUREG":"OUTROS","PROJETO":null,"CODIGO_FOLHA":null,"FOLHA":null,"ID_OCORRENCIA":49502,"PROVINCIA":"Tocantins","STATUS_ECONOMICO":"Indeterminado","IMPORTANCIA":"Indeterminado","LOCALIZACAO_MINA":"Mina subterrânea (GPS sem sinal)","SITUACAO_MINA":null,"MOTIVO_INATIVIDADE_MINA":null,"SITUACAO_GARIMPO":null,"MOTIVO_INATIVIDADE_GARIMPO":null,"SUBSTANCIAS":"Dolomito","ROCHAS_HOSPEDEIRAS":"Dolomito","ROCHAS_ENCAIXANTES":"Dolomito","CLASSES_UTILITARIAS":"Não definida","MORFOLOGIA":"Estratificada","TEXTURAS":"Plana","TIPOS_ALTERACAO":null,"X":-56.86045141,"Y":-20.19099944,"DATUM":"WGS84","__atlas_sublayer":0}},{"type":"Feature","id":108405,"geometry":{"type":"Point","coordinates":[-56.737396289,-20.56850061900002]},"properties":{"OBJECTID":108405,"ID_AFLORAMENTO":201395,"ORIGEM":"Oracle","METODO_GEOPOSICIONAMENTO":"Levantamento em mapa 1:1.000.000","TOPONIMIA":"Córrego Escondido","MUNICIPIO":"Bodoquena","UF":"MS","GEOLOGO":"A Definir","DATA_CADASTRO":1102377600000,"TIPO_AFLORAMENTO":null,"DESCRICAO":null,"NUMERO_CAMPO":null,"ROCHAS":null,"SUREG":"OUTROS","PROJETO":null,"CODIGO_FOLHA":null,"FOLHA":null,"ID_OCORRENCIA":49516,"PROVINCIA":"Tocantins","STATUS_ECONOMICO":"Mina","IMPORTANCIA":"Depósito","LOCALIZACAO_MINA":"Mina subterrânea (GPS sem sinal)","SITUACAO_MINA":null,"MOTIVO_INATIVIDADE_MINA":null,"SITUACAO_GARIMPO":null,"MOTIVO_INATIVIDADE_GARIMPO":null,"SUBSTANCIAS":"Calcário","ROCHAS_HOSPEDEIRAS":"Calcário","ROCHAS_ENCAIXANTES":"Calcário","CLASSES_UTILITARIAS":"Material de uso na construção civil","MORFOLOGIA":"Estratificada","TEXTURAS":"Plana","TIPOS_ALTERACAO":null,"X":-56.73739629,"Y":-20.568500620000002,"DATUM":"WGS84","__atlas_sublayer":0}},{"type":"Feature","id":108368,"geometry":{"type":"Point","coordinates":[-56.701840592999986,-20.583778515999995]},"properties":{"OBJECTID":108368,"ID_AFLORAMENTO":201357,"ORIGEM":"Oracle","METODO_GEOPOSICIONAMENTO":"Levantamento em mapa 1:1.000.000","TOPONIMIA":"Serra da Bodoquena","MUNICIPIO":"Bodoquena","UF":"MS","GEOLOGO":"A Definir","DATA_CADASTRO":1102550400000,"TIPO_AFLORAMENTO":null,"DESCRICAO":null,"NUMERO_CAMPO":null,"ROCHAS":null,"SUREG":"OUTROS","PROJETO":null,"CODIGO_FOLHA":null,"FOLHA":null,"ID_OCORRENCIA":49557,"PROVINCIA":"Tocantins","STATUS_ECONOMICO":"Mina","IMPORTANCIA":"Depósito","LOCALIZACAO_MINA":"Mina subterrânea (GPS sem sinal)","SITUACAO_MINA":null,"MOTIVO_INATIVIDADE_MINA":null,"SITUACAO_GARIMPO":null,"MOTIVO_INATIVIDADE_GARIMPO":null,"SUBSTANCIAS":"Calcário","ROCHAS_HOSPEDEIRAS":"Calcário","ROCHAS_ENCAIXANTES":"Calcário","CLASSES_UTILITARIAS":"Material de uso na construção civil","MORFOLOGIA":"Estratificada","TEXTURAS":"Plana","TIPOS_ALTERACAO":null,"X":-56.70184059,"Y":-20.58377852,"DATUM":"WGS84","__atlas_sublayer":0}},{"type":"Feature","id":108414,"geometry":{"type":"Point","coordinates":[-56.701285086999974,-20.603223012]},"properties":{"OBJECTID":108414,"ID_AFLORAMENTO":201406,"ORIGEM":"Oracle","METODO_GEOPOSICIONAMENTO":"Levantamento em mapa 1:1.000.000","TOPONIMIA":"Serra da Bodoquena","MUNICIPIO":"Bodoquena","UF":"MS","GEOLOGO":"A Definir","DATA_CADASTRO":1102550400000,"TIPO_AFLORAMENTO":null,"DESCRICAO":null,"NUMERO_CAMPO":null,"ROCHAS":null,"SUREG":"OUTROS","PROJETO":null,"CODIGO_FOLHA":null,"FOLHA":null,"ID_OCORRENCIA":49545,"PROVINCIA":"Tocantins","STATUS_ECONOMICO":"Mina","IMPORTANCIA":"Depósito","LOCALIZACAO_MINA":"Mina subterrânea (GPS sem sinal)","SITUACAO_MINA":null,"MOTIVO_INATIVIDADE_MINA":null,"SITUACAO_GARIMPO":null,"MOTIVO_INATIVIDADE_GARIMPO":null,"SUBSTANCIAS":"Calcário","ROCHAS_HOSPEDEIRAS":"Calcário","ROCHAS_ENCAIXANTES":"Calcário","CLASSES_UTILITARIAS":"Material de uso na construção civil","MORFOLOGIA":"Estratificada","TEXTURAS":"Plana","TIPOS_ALTERACAO":null,"X":-56.70128509,"Y":-20.60322301,"DATUM":"WGS84","__atlas_sublayer":0}},{"type":"Feature","id":108378,"geometry":{"type":"Point","coordinates":[-56.68434032800002,-20.525445099000024]},"properties":{"OBJECTID":108378,"ID_AFLORAMENTO":201368,"ORIGEM":"Oracle","METODO_GEOPOSICIONAMENTO":"Levantamento em mapa 1:1.000.000","TOPONIMIA":"Serra da Bodoquena","MUNICIPIO":"Bodoquena","UF":"MS","GEOLOGO":"A Definir","DATA_CADASTRO":1102636800000,"TIPO_AFLORAMENTO":null,"DESCRICAO":null,"NUMERO_CAMPO":null,"ROCHAS":null,"SUREG":"OUTROS","PROJETO":null,"CODIGO_FOLHA":null,"FOLHA":null,"ID_OCORRENCIA":49569,"PROVINCIA":"Tocantins","STATUS_ECONOMICO":"Mina","IMPORTANCIA":"Depósito","LOCALIZACAO_MINA":"Mina subterrânea (GPS sem sinal)","SITUACAO_MINA":null,"MOTIVO_INATIVIDADE_MINA":null,"SITUACAO_GARIMPO":null,"MOTIVO_INATIVIDADE_GARIMPO":null,"SUBSTANCIAS":"Calcário","ROCHAS_HOSPEDEIRAS":"Calcário","ROCHAS_ENCAIXANTES":"Calcário","CLASSES_UTILITARIAS":"Material de uso na construção civil","MORFOLOGIA":"Estratificada","TEXTURAS":"Plana","TIPOS_ALTERACAO":null,"X":-56.68434033,"Y":-20.5254451,"DATUM":"WGS84","__atlas_sublayer":0}},{"type":"Feature","id":109068,"geometry":{"type":"Point","coordinates":[-54.950169297,-22.23823141600002]},"properties":{"OBJECTID":109068,"ID_AFLORAMENTO":202099,"ORIGEM":"Oracle","METODO_GEOPOSICIONAMENTO":"Levantamento em carta 1:100.000","TOPONIMIA":"Córrego Água Limpa","MUNICIPIO":"Dourados","UF":"MS","GEOLOGO":"A Definir","DATA_CADASTRO":1103587200000,"TIPO_AFLORAMENTO":null,"DESCRICAO":null,"NUMERO_CAMPO":null,"ROCHAS":null,"SUREG":"OUTROS","PROJETO":null,"CODIGO_FOLHA":null,"FOLHA":null,"ID_OCORRENCIA":49702,"PROVINCIA":"Tocantins","STATUS_ECONOMICO":"Não explotado","IMPORTANCIA":"Depósito","LOCALIZACAO_MINA":"Mina subterrânea (GPS sem sinal)","SITUACAO_MINA":null,"MOTIVO_INATIVIDADE_MINA":null,"SITUACAO_GARIMPO":null,"MOTIVO_INATIVIDADE_GARIMPO":null,"SUBSTANCIAS":"Turfa","ROCHAS_HOSPEDEIRAS":"Argila","ROCHAS_ENCAIXANTES":"Basalto","CLASSES_UTILITARIAS":"Insumos para agricultura","MORFOLOGIA":"Terrosa","TEXTURAS":"Granular","TIPOS_ALTERACAO":null,"X":-54.9501693,"Y":-22.23823142,"DATUM":"WGS84","__atlas_sublayer":0}},{"type":"Feature","id":108389,"geometry":{"type":"Point","coordinates":[-54.46710879400001,-21.528231060999985]},"properties":{"OBJECTID":108389,"ID_AFLORAMENTO":201378,"ORIGEM":"Oracle","METODO_GEOPOSICIONAMENTO":"Levantamento em carta 1:100.000","TOPONIMIA":"Córrego Lajeado","MUNICIPIO":"Nova Alvorada do Sul","UF":"MS","GEOLOGO":"A Definir","DATA_CADASTRO":1103068800000,"TIPO_AFLORAMENTO":null,"DESCRICAO":null,"NUMERO_CAMPO":null,"ROCHAS":null,"SUREG":"OUTROS","PROJETO":null,"CODIGO_FOLHA":null,"FOLHA":null,"ID_OCORRENCIA":49601,"PROVINCIA":"Tocantins","STATUS_ECONOMICO":"Não explotado","IMPORTANCIA":"Depósito","LOCALIZACAO_MINA":"Mina subterrânea (GPS sem sinal)","SITUACAO_MINA":null,"MOTIVO_INATIVIDADE_MINA":null,"SITUACAO_GARIMPO":null,"MOTIVO_INATIVIDADE_GARIMPO":null,"SUBSTANCIAS":"Turfa","ROCHAS_HOSPEDEIRAS":"Argila","ROCHAS_ENCAIXANTES":"Basalto","CLASSES_UTILITARIAS":"Insumos para agricultura","MORFOLOGIA":"Terrosa","TEXTURAS":"Granular","TIPOS_ALTERACAO":null,"X":-54.46710879,"Y":-21.52823106,"DATUM":"WGS84","__atlas_sublayer":0}},{"type":"Feature","id":107171,"geometry":{"type":"Point","coordinates":[-54.83947892100002,-18.929134669999996]},"properties":{"OBJECTID":107171,"ID_AFLORAMENTO":199964,"ORIGEM":"Oracle","METODO_GEOPOSICIONAMENTO":"GPS Manual pós 24/05/2000","TOPONIMIA":"Rio Verde","MUNICIPIO":"Rio Verde de Mato Grosso","UF":"MS","GEOLOGO":"A Definir","DATA_CADASTRO":1144195200000,"TIPO_AFLORAMENTO":null,"DESCRICAO":null,"NUMERO_CAMPO":null,"ROCHAS":null,"SUREG":"OUTROS","PROJETO":null,"CODIGO_FOLHA":null,"FOLHA":null,"ID_OCORRENCIA":50874,"PROVINCIA":"Paraná","STATUS_ECONOMICO":"Mina","IMPORTANCIA":"Depósito","LOCALIZACAO_MINA":"Mina subterrânea (GPS sem sinal)","SITUACAO_MINA":null,"MOTIVO_INATIVIDADE_MINA":null,"SITUACAO_GARIMPO":null,"MOTIVO_INATIVIDADE_GARIMPO":null,"SUBSTANCIAS":"Argila","ROCHAS_HOSPEDEIRAS":null,"ROCHAS_ENCAIXANTES":null,"CLASSES_UTILITARIAS":"Material de uso na construção civil","MORFOLOGIA":null,"TEXTURAS":null,"TIPOS_ALTERACAO":null,"X":-54.83947892,"Y":-18.92913467,"DATUM":"WGS84","__atlas_sublayer":0}},{"type":"Feature","id":107176,"geometry":{"type":"Point","coordinates":[-54.77611932799999,-18.83664356600002]},"properties":{"OBJECTID":107176,"ID_AFLORAMENTO":199969,"ORIGEM":"Oracle","METODO_GEOPOSICIONAMENTO":"GPS Manual pós 24/05/2000","TOPONIMIA":"Colonia Paredes","MUNICIPIO":"Rio Verde de Mato Grosso","UF":"MS","GEOLOGO":"A Definir","DATA_CADASTRO":1144195200000,"TIPO_AFLORAMENTO":null,"DESCRICAO":null,"NUMERO_CAMPO":null,"ROCHAS":null,"SUREG":"OUTROS","PROJETO":null,"CODIGO_FOLHA":null,"FOLHA":null,"ID_OCORRENCIA":50879,"PROVINCIA":"Paraná","STATUS_ECONOMICO":"Mina","IMPORTANCIA":"Depósito","LOCALIZACAO_MINA":"Mina subterrânea (GPS sem sinal)","SITUACAO_MINA":null,"MOTIVO_INATIVIDADE_MINA":null,"SITUACAO_GARIMPO":null,"MOTIVO_INATIVIDADE_GARIMPO":null,"SUBSTANCIAS":"Areia","ROCHAS_HOSPEDEIRAS":null,"ROCHAS_ENCAIXANTES":null,"CLASSES_UTILITARIAS":"Material de uso na construção civil","MORFOLOGIA":null,"TEXTURAS":null,"TIPOS_ALTERACAO":null,"X":-54.77611933,"Y":-18.83664357,"DATUM":"WGS84","__atlas_sublayer":0}},{"type":"Feature","id":104537,"geometry":{"type":"Point","coordinates":[-52.172098500999994,-22.57990644900002]},"properties":{"OBJECTID":104537,"ID_AFLORAMENTO":195428,"ORIGEM":"Oracle","METODO_GEOPOSICIONAMENTO":"Levantamento em carta 1:500.000","TOPONIMIA":"Barra do Itararé","MUNICIPIO":"Teodoro Sampaio","UF":"SP","GEOLOGO":"A Definir","DATA_CADASTRO":1055376000000,"TIPO_AFLORAMENTO":null,"DESCRICAO":null,"NUMERO_CAMPO":null,"ROCHAS":null,"SUREG":"OUTROS","PROJETO":null,"CODIGO_FOLHA":null,"FOLHA":null,"ID_OCORRENCIA":35266,"PROVINCIA":"Paraná","STATUS_ECONOMICO":"Mina","IMPORTANCIA":"Depósito","LOCALIZACAO_MINA":"Mina subterrânea (GPS sem sinal)","SITUACAO_MINA":"Ativo(a)","MOTIVO_INATIVIDADE_MINA":null,"SITUACAO_GARIMPO":"Ativo(a)","MOTIVO_INATIVIDADE_GARIMPO":null,"SUBSTANCIAS":"Argila","ROCHAS_HOSPEDEIRAS":null,"ROCHAS_ENCAIXANTES":null,"CLASSES_UTILITARIAS":"Rochas e minerais industriais","MORFOLOGIA":null,"TEXTURAS":null,"TIPOS_ALTERACAO":null,"X":-52.1720985,"Y":-22.57990645,"DATUM":"WGS84","__atlas_sublayer":0}},{"type":"Feature","id":105384,"geometry":{"type":"Point","coordinates":[-52.68764555299998,-18.410726882999995]},"properties":{"OBJECTID":105384,"ID_AFLORAMENTO":197603,"ORIGEM":"Oracle","METODO_GEOPOSICIONAMENTO":"Levantamento em carta 1:500.000","TOPONIMIA":"Ribeirão Água Amarela","MUNICIPIO":"Chapadão do Céu","UF":"GO","GEOLOGO":"A Definir","DATA_CADASTRO":1064275200000,"TIPO_AFLORAMENTO":null,"DESCRICAO":null,"NUMERO_CAMPO":null,"ROCHAS":null,"SUREG":"OUTROS","PROJETO":null,"CODIGO_FOLHA":null,"FOLHA":null,"ID_OCORRENCIA":34209,"PROVINCIA":"Paraná","STATUS_ECONOMICO":"Indeterminado","IMPORTANCIA":"Indeterminado","LOCALIZACAO_MINA":"Mina subterrânea (GPS sem sinal)","SITUACAO_MINA":null,"MOTIVO_INATIVIDADE_MINA":null,"SITUACAO_GARIMPO":null,"MOTIVO_INATIVIDADE_GARIMPO":null,"SUBSTANCIAS":"Turfa","ROCHAS_HOSPEDEIRAS":null,"ROCHAS_ENCAIXANTES":null,"CLASSES_UTILITARIAS":"Recursos minerais energéticos","MORFOLOGIA":null,"TEXTURAS":null,"TIPOS_ALTERACAO":null,"X":-52.68764555,"Y":-18.41072688,"DATUM":"WGS84","__atlas_sublayer":0}},{"type":"Feature","id":101246,"geometry":{"type":"Point","coordinates":[-52.65431011800001,-17.60850224400002]},"properties":{"OBJECTID":101246,"ID_AFLORAMENTO":191271,"ORIGEM":"Oracle","METODO_GEOPOSICIONAMENTO":"Levantamento em carta 1:500.000","TOPONIMIA":"Ribeirão Capivara","MUNICIPIO":"Mineiros","UF":"GO","GEOLOGO":"A Definir","DATA_CADASTRO":1006819200000,"TIPO_AFLORAMENTO":null,"DESCRICAO":null,"NUMERO_CAMPO":null,"ROCHAS":null,"SUREG":"OUTROS","PROJETO":null,"CODIGO_FOLHA":null,"FOLHA":null,"ID_OCORRENCIA":34174,"PROVINCIA":"Paraná","STATUS_ECONOMICO":"Indeterminado","IMPORTANCIA":"Indeterminado","LOCALIZACAO_MINA":"Mina subterrânea (GPS sem sinal)","SITUACAO_MINA":null,"MOTIVO_INATIVIDADE_MINA":null,"SITUACAO_GARIMPO":null,"MOTIVO_INATIVIDADE_GARIMPO":null,"SUBSTANCIAS":"Diamante","ROCHAS_HOSPEDEIRAS":null,"ROCHAS_ENCAIXANTES":null,"CLASSES_UTILITARIAS":"Gemas","MORFOLOGIA":null,"TEXTURAS":null,"TIPOS_ALTERACAO":null,"X":-52.65431012,"Y":-17.60850224,"DATUM":"WGS84","__atlas_sublayer":0}},{"type":"Feature","id":101236,"geometry":{"type":"Point","coordinates":[-52.627920442999994,-17.33350142400002]},"properties":{"OBJECTID":101236,"ID_AFLORAMENTO":191254,"ORIGEM":"Oracle","METODO_GEOPOSICIONAMENTO":"Levantamento em carta 1:500.000","TOPONIMIA":"Antiga Fazenda Serra Azul","MUNICIPIO":"Portelândia","UF":"GO","GEOLOGO":"A Definir","DATA_CADASTRO":1064793600000,"TIPO_AFLORAMENTO":null,"DESCRICAO":null,"NUMERO_CAMPO":null,"ROCHAS":null,"SUREG":"OUTROS","PROJETO":null,"CODIGO_FOLHA":null,"FOLHA":null,"ID_OCORRENCIA":34142,"PROVINCIA":"Paraná","STATUS_ECONOMICO":"Indeterminado","IMPORTANCIA":"Indeterminado","LOCALIZACAO_MINA":"Mina subterrânea (GPS sem sinal)","SITUACAO_MINA":null,"MOTIVO_INATIVIDADE_MINA":null,"SITUACAO_GARIMPO":null,"MOTIVO_INATIVIDADE_GARIMPO":null,"SUBSTANCIAS":"Folhelho carbonoso","ROCHAS_HOSPEDEIRAS":null,"ROCHAS_ENCAIXANTES":null,"CLASSES_UTILITARIAS":"Rochas e minerais industriais","MORFOLOGIA":null,"TEXTURAS":null,"TIPOS_ALTERACAO":null,"X":-52.62792044,"Y":-17.33350142,"DATUM":"WGS84","__atlas_sublayer":0}},{"type":"Feature","id":117022,"geometry":{"type":"Point","coordinates":[-52.524031756,-17.684891644000004]},"properties":{"OBJECTID":117022,"ID_AFLORAMENTO":199222,"ORIGEM":"Oracle","METODO_GEOPOSICIONAMENTO":"Levantamento em carta 1:500.000","TOPONIMIA":"Fazenda Rio Verde A 15 Km de Mineiros","MUNICIPIO":"Mineiros","UF":"GO","GEOLOGO":"A Definir","DATA_CADASTRO":1066435200000,"TIPO_AFLORAMENTO":null,"DESCRICAO":null,"NUMERO_CAMPO":null,"ROCHAS":null,"SUREG":"OUTROS","PROJETO":null,"CODIGO_FOLHA":null,"FOLHA":null,"ID_OCORRENCIA":34178,"PROVINCIA":"Paraná","STATUS_ECONOMICO":"Indeterminado","IMPORTANCIA":"Indeterminado","LOCALIZACAO_MINA":"Mina subterrânea (GPS sem sinal)","SITUACAO_MINA":null,"MOTIVO_INATIVIDADE_MINA":null,"SITUACAO_GARIMPO":null,"MOTIVO_INATIVIDADE_GARIMPO":null,"SUBSTANCIAS":"Diamante","ROCHAS_HOSPEDEIRAS":null,"ROCHAS_ENCAIXANTES":null,"CLASSES_UTILITARIAS":"Gemas","MORFOLOGIA":null,"TEXTURAS":null,"TIPOS_ALTERACAO":null,"X":-52.52403176,"Y":-17.68489164,"DATUM":"WGS84","__atlas_sublayer":0}},{"type":"Feature","id":125370,"geometry":{"type":"Point","coordinates":[-51.704499999999996,-24.137999999999977]},"properties":{"OBJECTID":125370,"ID_AFLORAMENTO":482837,"ORIGEM":"Oracle","METODO_GEOPOSICIONAMENTO":"GPS Manual pós 24/05/2000","TOPONIMIA":"Ribeirão Alegre, Pedreira Vale do Ivaí.","MUNICIPIO":"Lidianópolis","UF":"PR","GEOLOGO":"André Luis Spisila","DATA_CADASTRO":1639440000000,"TIPO_AFLORAMENTO":"Pedreira","DESCRICAO":"Pedreira Vale do Ivaí, com basalto em derrame rubbly pahoehoe. Brechas de topo (autoclásticas). Formação Pitanga, Bacia do Paraná.","NUMERO_CAMPO":"LS-0071","ROCHAS":"Basalto","SUREG":"OUTROS","PROJETO":"Mapa Geológico do Estado do Paraná","CODIGO_FOLHA":"SG.22-V-B-II","FOLHA":"Ivaiporã","ID_OCORRENCIA":73117,"PROVINCIA":"Indeterminada","STATUS_ECONOMICO":"Mina","IMPORTANCIA":"Depósito","LOCALIZACAO_MINA":null,"SITUACAO_MINA":"Ativo(a)","MOTIVO_INATIVIDADE_MINA":null,"SITUACAO_GARIMPO":"Ativo(a)","MOTIVO_INATIVIDADE_GARIMPO":null,"SUBSTANCIAS":"Brita","ROCHAS_HOSPEDEIRAS":null,"ROCHAS_ENCAIXANTES":null,"CLASSES_UTILITARIAS":"Não definida","MORFOLOGIA":null,"TEXTURAS":null,"TIPOS_ALTERACAO":null,"X":-51.7045,"Y":-24.138,"DATUM":"WGS84","__atlas_sublayer":0}},{"type":"Feature","id":122547,"geometry":{"type":"Point","coordinates":[-51.52429999999998,-23.610500000000002]},"properties":{"OBJECTID":122547,"ID_AFLORAMENTO":482839,"ORIGEM":"Oracle","METODO_GEOPOSICIONAMENTO":"GPS Manual pós 24/05/2000","TOPONIMIA":"Rio Cambira","MUNICIPIO":"Apucarana","UF":"PR","GEOLOGO":"André Luis Spisila","DATA_CADASTRO":1639958400000,"TIPO_AFLORAMENTO":"Pedreira","DESCRICAO":"Pedreira com afloramentos de basalto (derrame rubbly pahoehoe). Formação Pitanga, Bacia do Paraná.","NUMERO_CAMPO":"LS-0073","ROCHAS":"Basalto","SUREG":"OUTROS","PROJETO":"Mapa Geológico do Estado do Paraná","CODIGO_FOLHA":"SF.22-Y-D-V","FOLHA":null,"ID_OCORRENCIA":73118,"PROVINCIA":"Indeterminada","STATUS_ECONOMICO":"Mina","IMPORTANCIA":"Depósito","LOCALIZACAO_MINA":null,"SITUACAO_MINA":"Ativo(a)","MOTIVO_INATIVIDADE_MINA":null,"SITUACAO_GARIMPO":"Ativo(a)","MOTIVO_INATIVIDADE_GARIMPO":null,"SUBSTANCIAS":"Brita","ROCHAS_HOSPEDEIRAS":null,"ROCHAS_ENCAIXANTES":null,"CLASSES_UTILITARIAS":"Não definida","MORFOLOGIA":null,"TEXTURAS":null,"TIPOS_ALTERACAO":null,"X":-51.524300000000004,"Y":-23.610500000000002,"DATUM":"WGS84","__atlas_sublayer":0}},{"type":"Feature","id":128176,"geometry":{"type":"Point","coordinates":[-51.28109999999998,-23.74259999999998]},"properties":{"OBJECTID":128176,"ID_AFLORAMENTO":482835,"ORIGEM":"Oracle","METODO_GEOPOSICIONAMENTO":"GPS Manual pós 24/05/2000","TOPONIMIA":"Eldorado, Pedreira na entrada de Marilândia do Sul","MUNICIPIO":"Marilândia do Sul","UF":"PR","GEOLOGO":"André Luis Spisila","DATA_CADASTRO":1639353600000,"TIPO_AFLORAMENTO":"Pedreira","DESCRICAO":"Pedreira de Marilândia do Sul. Ocorrência de tufo. Ocorre Basalto (derrame pahoehoe espesso), brecha e tufo. Formação Pitanga, Grupo Serra Geral, Bacia do Paraná.","NUMERO_CAMPO":"LS-0069","ROCHAS":"Basalto, Brecha vulcanossedimentar, Tufo máfico","SUREG":"OUTROS","PROJETO":"Mapa Geológico do Estado do Paraná","CODIGO_FOLHA":"SF.22-Y-D-VI","FOLHA":"Apucarana","ID_OCORRENCIA":73115,"PROVINCIA":"Indeterminada","STATUS_ECONOMICO":"Mina","IMPORTANCIA":"Depósito","LOCALIZACAO_MINA":null,"SITUACAO_MINA":"Ativo(a)","MOTIVO_INATIVIDADE_MINA":null,"SITUACAO_GARIMPO":"Ativo(a)","MOTIVO_INATIVIDADE_GARIMPO":null,"SUBSTANCIAS":"Brita","ROCHAS_HOSPEDEIRAS":null,"ROCHAS_ENCAIXANTES":null,"CLASSES_UTILITARIAS":"Não definida","MORFOLOGIA":null,"TEXTURAS":null,"TIPOS_ALTERACAO":null,"X":-51.2811,"Y":-23.7426,"DATUM":"WGS84","__atlas_sublayer":0}},{"type":"Feature","id":122548,"geometry":{"type":"Point","coordinates":[-51.07979999999998,-23.066100000000006]},"properties":{"OBJECTID":122548,"ID_AFLORAMENTO":482842,"ORIGEM":"Oracle","METODO_GEOPOSICIONAMENTO":"GPS Manual pós 24/05/2000","TOPONIMIA":"Sertanópolis","MUNICIPIO":"Sertanópolis","UF":"PR","GEOLOGO":"André Luis Spisila","DATA_CADASTRO":1639958400000,"TIPO_AFLORAMENTO":"Pedreira","DESCRICAO":"Pedreira com afloramento de basalto (derrame pahoehoe), tufo e tufo brecha. Formação Pitanga, Bacia do Paraná.","NUMERO_CAMPO":"LS-0076","ROCHAS":"Basalto, Brecha tufácea, Tufo vítreo","SUREG":"OUTROS","PROJETO":"Mapa Geológico do Estado do Paraná","CODIGO_FOLHA":"SF.22-Y-D-III","FOLHA":"Londrina","ID_OCORRENCIA":73119,"PROVINCIA":"Indeterminada","STATUS_ECONOMICO":"Mina","IMPORTANCIA":"Depósito","LOCALIZACAO_MINA":null,"SITUACAO_MINA":"Inativo(a)","MOTIVO_INATIVIDADE_MINA":null,"SITUACAO_GARIMPO":"Inativo(a)","MOTIVO_INATIVIDADE_GARIMPO":null,"SUBSTANCIAS":"Cascalho","ROCHAS_HOSPEDEIRAS":null,"ROCHAS_ENCAIXANTES":null,"CLASSES_UTILITARIAS":"Não definida","MORFOLOGIA":null,"TEXTURAS":null,"TIPOS_ALTERACAO":null,"X":-51.079800000000006,"Y":-23.066100000000002,"DATUM":"WGS84","__atlas_sublayer":0}},{"type":"Feature","id":104877,"geometry":{"type":"Point","coordinates":[-51.470140188000016,-19.158231918000013]},"properties":{"OBJECTID":104877,"ID_AFLORAMENTO":196856,"ORIGEM":"Oracle","METODO_GEOPOSICIONAMENTO":"Levantamento em carta 1:500.000","TOPONIMIA":"Rio Aporé, 12 Km A Ne de Itajá","MUNICIPIO":"Paranaíba","UF":"MS","GEOLOGO":"A Definir","DATA_CADASTRO":1049846400000,"TIPO_AFLORAMENTO":null,"DESCRICAO":null,"NUMERO_CAMPO":null,"ROCHAS":null,"SUREG":"OUTROS","PROJETO":null,"CODIGO_FOLHA":null,"FOLHA":null,"ID_OCORRENCIA":34275,"PROVINCIA":"Paraná","STATUS_ECONOMICO":"Mina","IMPORTANCIA":"Depósito","LOCALIZACAO_MINA":"Mina subterrânea (GPS sem sinal)","SITUACAO_MINA":null,"MOTIVO_INATIVIDADE_MINA":null,"SITUACAO_GARIMPO":null,"MOTIVO_INATIVIDADE_GARIMPO":null,"SUBSTANCIAS":"Água termal","ROCHAS_HOSPEDEIRAS":null,"ROCHAS_ENCAIXANTES":null,"CLASSES_UTILITARIAS":"Água de uso balneário","MORFOLOGIA":null,"TEXTURAS":null,"TIPOS_ALTERACAO":null,"X":-51.47014019,"Y":-19.15823192,"DATUM":"WGS84","__atlas_sublayer":0}},{"type":"Feature","id":95365,"geometry":{"type":"Point","coordinates":[-51.74430497700001,-17.69767112300002]},"properties":{"OBJECTID":95365,"ID_AFLORAMENTO":184168,"ORIGEM":"Oracle","METODO_GEOPOSICIONAMENTO":"Levantamento em carta 1:500.000","TOPONIMIA":"19 Km A Norte de Jataí","MUNICIPIO":"Jataí","UF":"GO","GEOLOGO":"A Definir","DATA_CADASTRO":1062547200000,"TIPO_AFLORAMENTO":"Pedreira","DESCRICAO":null,"NUMERO_CAMPO":null,"ROCHAS":null,"SUREG":"OUTROS","PROJETO":null,"CODIGO_FOLHA":null,"FOLHA":null,"ID_OCORRENCIA":39324,"PROVINCIA":"Paraná","STATUS_ECONOMICO":"Não explotado","IMPORTANCIA":"Depósito","LOCALIZACAO_MINA":"Mina subterrânea (GPS sem sinal)","SITUACAO_MINA":null,"MOTIVO_INATIVIDADE_MINA":null,"SITUACAO_GARIMPO":null,"MOTIVO_INATIVIDADE_GARIMPO":null,"SUBSTANCIAS":"Arenito","ROCHAS_HOSPEDEIRAS":"Arenito lítico","ROCHAS_ENCAIXANTES":null,"CLASSES_UTILITARIAS":"Rochas e minerais industriais","MORFOLOGIA":"Irregular","TEXTURAS":"Granular","TIPOS_ALTERACAO":null,"X":-51.74430498,"Y":-17.69767112,"DATUM":"WGS84","__atlas_sublayer":0}},{"type":"Feature","id":104646,"geometry":{"type":"Point","coordinates":[-50.86097654500003,-21.646851830000003]},"properties":{"OBJECTID":104646,"ID_AFLORAMENTO":195877,"ORIGEM":"Oracle","METODO_GEOPOSICIONAMENTO":"Levantamento em carta 1:500.000","TOPONIMIA":"Venda Branca","MUNICIPIO":"Salmourão","UF":"SP","GEOLOGO":"A Definir","DATA_CADASTRO":1052352000000,"TIPO_AFLORAMENTO":null,"DESCRICAO":null,"NUMERO_CAMPO":null,"ROCHAS":null,"SUREG":"OUTROS","PROJETO":null,"CODIGO_FOLHA":null,"FOLHA":null,"ID_OCORRENCIA":34870,"PROVINCIA":"Paraná","STATUS_ECONOMICO":"Mina","IMPORTANCIA":"Depósito","LOCALIZACAO_MINA":"Mina subterrânea (GPS sem sinal)","SITUACAO_MINA":"Ativo(a)","MOTIVO_INATIVIDADE_MINA":null,"SITUACAO_GARIMPO":"Ativo(a)","MOTIVO_INATIVIDADE_GARIMPO":null,"SUBSTANCIAS":"Argila","ROCHAS_HOSPEDEIRAS":null,"ROCHAS_ENCAIXANTES":null,"CLASSES_UTILITARIAS":"Rochas e minerais industriais","MORFOLOGIA":null,"TEXTURAS":null,"TIPOS_ALTERACAO":null,"X":-50.86097655,"Y":-21.64685183,"DATUM":"WGS84","__atlas_sublayer":0}},{"type":"Feature","id":124122,"geometry":{"type":"Point","coordinates":[-57.2235,-21.784899999999993]},"properties":{"OBJECTID":124122,"ID_AFLORAMENTO":499363,"ORIGEM":"Oracle","METODO_GEOPOSICIONAMENTO":"GPS Diferencial","TOPONIMIA":"rodovia para caracol 300 metros afastado do trevo da BR267","MUNICIPIO":"Porto Murtinho","UF":"MS","GEOLOGO":"Eduardo Jorge H C B P Azevedo","DATA_CADASTRO":1573171200000,"TIPO_AFLORAMENTO":"Corte de estrada","DESCRICAO":"Corte de estra sentido N05E (300 x 2 m) Rocha muito intemperizada Biotita granito cinza milonitizado (70%) Planos de foliação marcados pelas micas. Intercalações e enclaves estirados de anfibolito tambem foliado (10%) Na pastagem, subindo o paredão, possivel encontrar malaquita em meio ao granito. 100 metros a frente ja aparece o quartzito.","NUMERO_CAMPO":"EA-0034","ROCHAS":"Anfibolito, Biotita granito, Muscovita quartzito","SUREG":"OUTROS","PROJETO":"Geologia da Folha Colônia São Lourenço","CODIGO_FOLHA":"SF.21-V-D-VI","FOLHA":"Colonia São Lourenço","ID_OCORRENCIA":74274,"PROVINCIA":"Indeterminada","STATUS_ECONOMICO":"Não explotado","IMPORTANCIA":"Indício","LOCALIZACAO_MINA":null,"SITUACAO_MINA":null,"MOTIVO_INATIVIDADE_MINA":null,"SITUACAO_GARIMPO":null,"MOTIVO_INATIVIDADE_GARIMPO":null,"SUBSTANCIAS":"Cobre","ROCHAS_HOSPEDEIRAS":null,"ROCHAS_ENCAIXANTES":null,"CLASSES_UTILITARIAS":"Não definida","MORFOLOGIA":null,"TEXTURAS":null,"TIPOS_ALTERACAO":null,"X":-57.2235,"Y":-21.7849,"DATUM":"WGS84","__atlas_sublayer":0}},{"type":"Feature","id":124118,"geometry":{"type":"Point","coordinates":[-57.45600000000002,-20.694000000000017]},"properties":{"OBJECTID":124118,"ID_AFLORAMENTO":485145,"ORIGEM":"Oracle","METODO_GEOPOSICIONAMENTO":"GPS Manual pós 24/05/2000","TOPONIMIA":"Reserva Kadiwéu, estrada vicinal ","MUNICIPIO":"Porto Murtinho","UF":"MS","GEOLOGO":"Frederico Meira Faleiros","DATA_CADASTRO":1558483200000,"TIPO_AFLORAMENTO":"Lajedo ou Lajeiro","DESCRICAO":"Em 60 cm de espessura: Muscovita-granito grosso, isótropo, saprolitizado, esbranquiçado, com muscovita chegando a fração centimétrica. (Amostra) Ocorre dique decimétrico de aplito bege.  Recoberto por cascalheira com seixos de quartzo e quartzito com matriz de areia fina a média, inconsolidado, idem ao ponto FM-0117.","NUMERO_CAMPO":"FM-0174","ROCHAS":"Cascalho, Muscovita granito","SUREG":"OUTROS","PROJETO":"Geologia das Folhas Aldeia Tomázia e Fazenda Santa Otília","CODIGO_FOLHA":"SF.21-V-B-VI","FOLHA":"Aldeia Tomasia","ID_OCORRENCIA":73452,"PROVINCIA":"Indeterminada","STATUS_ECONOMICO":"Garimpo","IMPORTANCIA":"Depósito","LOCALIZACAO_MINA":null,"SITUACAO_MINA":null,"MOTIVO_INATIVIDADE_MINA":null,"SITUACAO_GARIMPO":null,"MOTIVO_INATIVIDADE_GARIMPO":null,"SUBSTANCIAS":"Saibro","ROCHAS_HOSPEDEIRAS":null,"ROCHAS_ENCAIXANTES":null,"CLASSES_UTILITARIAS":"Não definida","MORFOLOGIA":null,"TEXTURAS":null,"TIPOS_ALTERACAO":null,"X":-57.456,"Y":-20.694000000000003,"DATUM":"WGS84","__atlas_sublayer":0}},{"type":"Feature","id":108422,"geometry":{"type":"Point","coordinates":[-57.33083333000002,-20.042222219999985]},"properties":{"OBJECTID":108422,"ID_AFLORAMENTO":201417,"ORIGEM":"Oracle","METODO_GEOPOSICIONAMENTO":"Levantamento em mapa 1:1.000.000","TOPONIMIA":"Fazenda São Simão","MUNICIPIO":"Corumbá","UF":"MS","GEOLOGO":"A Definir","DATA_CADASTRO":1101427200000,"TIPO_AFLORAMENTO":null,"DESCRICAO":null,"NUMERO_CAMPO":null,"ROCHAS":null,"SUREG":"OUTROS","PROJETO":null,"CODIGO_FOLHA":null,"FOLHA":null,"ID_OCORRENCIA":49341,"PROVINCIA":"Tocantins","STATUS_ECONOMICO":"Indeterminado","IMPORTANCIA":"Indeterminado","LOCALIZACAO_MINA":"Mina subterrânea (GPS sem sinal)","SITUACAO_MINA":null,"MOTIVO_INATIVIDADE_MINA":null,"SITUACAO_GARIMPO":null,"MOTIVO_INATIVIDADE_GARIMPO":null,"SUBSTANCIAS":"Calcário","ROCHAS_HOSPEDEIRAS":"Calcário","ROCHAS_ENCAIXANTES":"Calcário","CLASSES_UTILITARIAS":"Material de uso na construção civil","MORFOLOGIA":"Estratificada","TEXTURAS":"Plana","TIPOS_ALTERACAO":null,"X":-57.33083333,"Y":-20.04222222,"DATUM":"WGS84","__atlas_sublayer":0}},{"type":"Feature","id":109081,"geometry":{"type":"Point","coordinates":[-57.29295332200002,-20.05710912799998]},"properties":{"OBJECTID":109081,"ID_AFLORAMENTO":202115,"ORIGEM":"Oracle","METODO_GEOPOSICIONAMENTO":"Levantamento em mapa 1:1.000.000","TOPONIMIA":"Fazenda São Simão","MUNICIPIO":"Corumbá","UF":"MS","GEOLOGO":"A Definir","DATA_CADASTRO":1101427200000,"TIPO_AFLORAMENTO":null,"DESCRICAO":null,"NUMERO_CAMPO":null,"ROCHAS":null,"SUREG":"OUTROS","PROJETO":null,"CODIGO_FOLHA":null,"FOLHA":null,"ID_OCORRENCIA":49343,"PROVINCIA":"Tocantins","STATUS_ECONOMICO":"Indeterminado","IMPORTANCIA":"Indeterminado","LOCALIZACAO_MINA":"Mina subterrânea (GPS sem sinal)","SITUACAO_MINA":null,"MOTIVO_INATIVIDADE_MINA":null,"SITUACAO_GARIMPO":null,"MOTIVO_INATIVIDADE_GARIMPO":null,"SUBSTANCIAS":"Cobre","ROCHAS_HOSPEDEIRAS":"Diabásio","ROCHAS_ENCAIXANTES":"Diabásio","CLASSES_UTILITARIAS":"Metais não ferrosos e semimetais","MORFOLOGIA":"Irregular","TEXTURAS":"Disseminada","TIPOS_ALTERACAO":null,"X":-57.29295332,"Y":-20.05710913,"DATUM":"WGS84","__atlas_sublayer":0}},{"type":"Feature","id":124112,"geometry":{"type":"Point","coordinates":[-57.238999999999976,-20.62099999999998]},"properties":{"OBJECTID":124112,"ID_AFLORAMENTO":485071,"ORIGEM":"Oracle","METODO_GEOPOSICIONAMENTO":"GPS Manual pós 24/05/2000","TOPONIMIA":"Reserva Kadiwéu","MUNICIPIO":"Porto Murtinho","UF":"MS","GEOLOGO":"Frederico Meira Faleiros","DATA_CADASTRO":1557360000000,"TIPO_AFLORAMENTO":"Lajedo ou Lajeiro","DESCRICAO":"Quartzo-biotita-sericita-xisto fino, milonítico, cinza-escuro esverdeado, não a pouco intemperizado, com acamamento de espessura milimétrica e laminação marcado por intercalações entre camadas ricas em micas e camadas ricas em quartzo. Ocorre uma lineação de esiramento/mineral intensa. O acamamento apresenta-se dobrado em padrão isoclinal e redobrado por padrão suave a aberto.  Os leitos ricos em minas são amplamente dominantes.","NUMERO_CAMPO":"FM-0100","ROCHAS":"Quartzo-mica xisto","SUREG":"OUTROS","PROJETO":"Geologia das Folhas Aldeia Tomázia e Fazenda Santa Otília","CODIGO_FOLHA":"SF.21-V-B-VI","FOLHA":"Aldeia Tomasia","ID_OCORRENCIA":73446,"PROVINCIA":"Indeterminada","STATUS_ECONOMICO":"Não explotado","IMPORTANCIA":"Ocorrência","LOCALIZACAO_MINA":null,"SITUACAO_MINA":null,"MOTIVO_INATIVIDADE_MINA":null,"SITUACAO_GARIMPO":null,"MOTIVO_INATIVIDADE_GARIMPO":null,"SUBSTANCIAS":"Rocha ornamental","ROCHAS_HOSPEDEIRAS":null,"ROCHAS_ENCAIXANTES":null,"CLASSES_UTILITARIAS":"Não definida","MORFOLOGIA":null,"TEXTURAS":null,"TIPOS_ALTERACAO":null,"X":-57.239000000000004,"Y":-20.621000000000002,"DATUM":"WGS84","__atlas_sublayer":0}},{"type":"Feature","id":109085,"geometry":{"type":"Point","coordinates":[-57.082674397999995,-20.046554082]},"properties":{"OBJECTID":109085,"ID_AFLORAMENTO":202119,"ORIGEM":"Oracle","METODO_GEOPOSICIONAMENTO":"Levantamento em mapa 1:1.000.000","TOPONIMIA":"Fazenda São Carlos","MUNICIPIO":"Corumbá","UF":"MS","GEOLOGO":"A Definir","DATA_CADASTRO":1101686400000,"TIPO_AFLORAMENTO":null,"DESCRICAO":null,"NUMERO_CAMPO":null,"ROCHAS":null,"SUREG":"OUTROS","PROJETO":null,"CODIGO_FOLHA":null,"FOLHA":null,"ID_OCORRENCIA":49366,"PROVINCIA":"Tocantins","STATUS_ECONOMICO":"Indeterminado","IMPORTANCIA":"Indeterminado","LOCALIZACAO_MINA":"Mina subterrânea (GPS sem sinal)","SITUACAO_MINA":null,"MOTIVO_INATIVIDADE_MINA":null,"SITUACAO_GARIMPO":null,"MOTIVO_INATIVIDADE_GARIMPO":null,"SUBSTANCIAS":"Calcário","ROCHAS_HOSPEDEIRAS":"Calcário","ROCHAS_ENCAIXANTES":"Calcário","CLASSES_UTILITARIAS":"Material de uso na construção civil","MORFOLOGIA":"Estratificada","TEXTURAS":"Plana","TIPOS_ALTERACAO":null,"X":-57.0826744,"Y":-20.04655408,"DATUM":"WGS84","__atlas_sublayer":0}},{"type":"Feature","id":98144,"geometry":{"type":"Point","coordinates":[-57.50685232000001,-19.180169664999994]},"properties":{"OBJECTID":98144,"ID_AFLORAMENTO":187621,"ORIGEM":"Oracle","METODO_GEOPOSICIONAMENTO":"Levantamento em carta 1:250.000","TOPONIMIA":"Urucum - Rabicho","MUNICIPIO":"Ladário","UF":"MS","GEOLOGO":"A Definir","DATA_CADASTRO":1069977600000,"TIPO_AFLORAMENTO":null,"DESCRICAO":null,"NUMERO_CAMPO":null,"ROCHAS":null,"SUREG":"OUTROS","PROJETO":null,"CODIGO_FOLHA":null,"FOLHA":null,"ID_OCORRENCIA":11926,"PROVINCIA":"Tocantins","STATUS_ECONOMICO":"Mina","IMPORTANCIA":"Depósito","LOCALIZACAO_MINA":"Mina subterrânea (GPS sem sinal)","SITUACAO_MINA":"Ativo(a)","MOTIVO_INATIVIDADE_MINA":null,"SITUACAO_GARIMPO":"Ativo(a)","MOTIVO_INATIVIDADE_GARIMPO":null,"SUBSTANCIAS":"Ferro, Manganês","ROCHAS_HOSPEDEIRAS":"Formação ferrífera bandada, Formação manganesífera","ROCHAS_ENCAIXANTES":"Metarcóseo","CLASSES_UTILITARIAS":"Metais ferrosos","MORFOLOGIA":"Bandada","TEXTURAS":"Concrecionária","TIPOS_ALTERACAO":null,"X":-57.50685232,"Y":-19.18016967,"DATUM":"WGS84","__atlas_sublayer":0}},{"type":"Feature","id":109705,"geometry":{"type":"Point","coordinates":[-57.501004212,-17.91849236600001]},"properties":{"OBJECTID":109705,"ID_AFLORAMENTO":202784,"ORIGEM":"Oracle","METODO_GEOPOSICIONAMENTO":"Levantamento em carta 1:250.000","TOPONIMIA":"Amolar","MUNICIPIO":"Corumbá","UF":"MS","GEOLOGO":"A Definir","DATA_CADASTRO":1070236800000,"TIPO_AFLORAMENTO":null,"DESCRICAO":null,"NUMERO_CAMPO":null,"ROCHAS":null,"SUREG":"OUTROS","PROJETO":null,"CODIGO_FOLHA":null,"FOLHA":null,"ID_OCORRENCIA":11931,"PROVINCIA":"Tocantins","STATUS_ECONOMICO":"Indeterminado","IMPORTANCIA":"Indeterminado","LOCALIZACAO_MINA":"Mina subterrânea (GPS sem sinal)","SITUACAO_MINA":null,"MOTIVO_INATIVIDADE_MINA":null,"SITUACAO_GARIMPO":null,"MOTIVO_INATIVIDADE_GARIMPO":null,"SUBSTANCIAS":"Quartzito","ROCHAS_HOSPEDEIRAS":null,"ROCHAS_ENCAIXANTES":null,"CLASSES_UTILITARIAS":"Material de uso na construção civil","MORFOLOGIA":"Estratificada","TEXTURAS":"Maciça","TIPOS_ALTERACAO":null,"X":-57.50100421,"Y":-17.91849237,"DATUM":"WGS84","__atlas_sublayer":0}},{"type":"Feature","id":128991,"geometry":{"type":"Point","coordinates":[-56.938261599999976,-21.540685800000006]},"properties":{"OBJECTID":128991,"ID_AFLORAMENTO":413189,"ORIGEM":"Oracle","METODO_GEOPOSICIONAMENTO":"GPS Manual pós 24/05/2000","TOPONIMIA":"faz. Santa Clara","MUNICIPIO":"Porto Murtinho","UF":"MS","GEOLOGO":"Eduardo Gazzoli Longo","DATA_CADASTRO":1268265600000,"TIPO_AFLORAMENTO":"Lajedo ou Lajeiro","DESCRICAO":"Magnetita-biotita gnaisse milonítico (composto principalmente por quartzo e K-feldspato).","NUMERO_CAMPO":"EL-0010","ROCHAS":"Gnaisse","SUREG":"OUTROS","PROJETO":"Bonito - Porto Murtinho","CODIGO_FOLHA":"SF.21-X-C-IV","FOLHA":"Fazenda Margarida","ID_OCORRENCIA":66196,"PROVINCIA":"Indeterminada","STATUS_ECONOMICO":"Não explotado","IMPORTANCIA":"Ocorrência","LOCALIZACAO_MINA":null,"SITUACAO_MINA":null,"MOTIVO_INATIVIDADE_MINA":null,"SITUACAO_GARIMPO":null,"MOTIVO_INATIVIDADE_GARIMPO":null,"SUBSTANCIAS":"Areia","ROCHAS_HOSPEDEIRAS":null,"ROCHAS_ENCAIXANTES":null,"CLASSES_UTILITARIAS":"Não definida","MORFOLOGIA":null,"TEXTURAS":null,"TIPOS_ALTERACAO":null,"X":-56.9382616,"Y":-21.5406858,"DATUM":"WGS84","__atlas_sublayer":0}},{"type":"Feature","id":128994,"geometry":{"type":"Point","coordinates":[-56.902439000000015,-21.54662300000001]},"properties":{"OBJECTID":128994,"ID_AFLORAMENTO":413067,"ORIGEM":"Oracle","METODO_GEOPOSICIONAMENTO":"GPS Manual pós 24/05/2000","TOPONIMIA":"Rio Perdido para BR-267","MUNICIPIO":"Jardim","UF":"MS","GEOLOGO":"Márcio José Remédio","DATA_CADASTRO":1242172800000,"TIPO_AFLORAMENTO":"Corte de estrada","DESCRICAO":"Granito gnáissico/milonítico composto por boitita, quartzo e plagioclásio. Apresenta veios pegmatóides.","NUMERO_CAMPO":"MR-0052","ROCHAS":"Granito gnáissico","SUREG":"OUTROS","PROJETO":"Bonito - Porto Murtinho","CODIGO_FOLHA":"SF.21-X-C-IV","FOLHA":"Fazenda Margarida","ID_OCORRENCIA":66195,"PROVINCIA":"Indeterminada","STATUS_ECONOMICO":"Não explotado","IMPORTANCIA":"Ocorrência","LOCALIZACAO_MINA":null,"SITUACAO_MINA":null,"MOTIVO_INATIVIDADE_MINA":null,"SITUACAO_GARIMPO":null,"MOTIVO_INATIVIDADE_GARIMPO":null,"SUBSTANCIAS":"Pegmatito","ROCHAS_HOSPEDEIRAS":null,"ROCHAS_ENCAIXANTES":null,"CLASSES_UTILITARIAS":"Não definida","MORFOLOGIA":null,"TEXTURAS":null,"TIPOS_ALTERACAO":null,"X":-56.902438999999994,"Y":-21.546623,"DATUM":"WGS84","__atlas_sublayer":0}},{"type":"Feature","id":128996,"geometry":{"type":"Point","coordinates":[-56.806025499999976,-21.707776000000024]},"properties":{"OBJECTID":128996,"ID_AFLORAMENTO":413211,"ORIGEM":"Oracle","METODO_GEOPOSICIONAMENTO":"GPS Manual pós 24/05/2000","TOPONIMIA":"faz. Nova Paraiso","MUNICIPIO":"Caracol","UF":"MS","GEOLOGO":"Márcio José Remédio","DATA_CADASTRO":1268265600000,"TIPO_AFLORAMENTO":"Corte de estrada","DESCRICAO":"Laterita com aspecto conglomerático (clastos de quartzito e granito rosa). Afloramento de 2500m2.","NUMERO_CAMPO":"MR-0232","ROCHAS":"Laterita","SUREG":"OUTROS","PROJETO":"Bonito - Porto Murtinho","CODIGO_FOLHA":"SF.21-X-C-IV","FOLHA":"Fazenda Margarida","ID_OCORRENCIA":66198,"PROVINCIA":"Indeterminada","STATUS_ECONOMICO":"Não explotado","IMPORTANCIA":"Ocorrência","LOCALIZACAO_MINA":null,"SITUACAO_MINA":null,"MOTIVO_INATIVIDADE_MINA":null,"SITUACAO_GARIMPO":null,"MOTIVO_INATIVIDADE_GARIMPO":null,"SUBSTANCIAS":"Laterita","ROCHAS_HOSPEDEIRAS":null,"ROCHAS_ENCAIXANTES":null,"CLASSES_UTILITARIAS":"Não definida","MORFOLOGIA":null,"TEXTURAS":null,"TIPOS_ALTERACAO":null,"X":-56.8060255,"Y":-21.707776,"DATUM":"WGS84","__atlas_sublayer":0}},{"type":"Feature","id":108382,"geometry":{"type":"Point","coordinates":[-56.73462184700003,-21.66822526599998]},"properties":{"OBJECTID":108382,"ID_AFLORAMENTO":201372,"ORIGEM":"Oracle","METODO_GEOPOSICIONAMENTO":"Levantamento em mapa 1:1.000.000","TOPONIMIA":"Fazenda Margarida","MUNICIPIO":"Bela Vista","UF":"MS","GEOLOGO":"A Definir","DATA_CADASTRO":1102636800000,"TIPO_AFLORAMENTO":null,"DESCRICAO":null,"NUMERO_CAMPO":null,"ROCHAS":null,"SUREG":"OUTROS","PROJETO":null,"CODIGO_FOLHA":null,"FOLHA":null,"ID_OCORRENCIA":49573,"PROVINCIA":"Tocantins","STATUS_ECONOMICO":"Indeterminado","IMPORTANCIA":"Indeterminado","LOCALIZACAO_MINA":"Mina subterrânea (GPS sem sinal)","SITUACAO_MINA":null,"MOTIVO_INATIVIDADE_MINA":null,"SITUACAO_GARIMPO":null,"MOTIVO_INATIVIDADE_GARIMPO":null,"SUBSTANCIAS":"Manganês","ROCHAS_HOSPEDEIRAS":"Metassiltito","ROCHAS_ENCAIXANTES":"Metassiltito","CLASSES_UTILITARIAS":"Metais ferrosos","MORFOLOGIA":"Oolítica","TEXTURAS":"Concrecionária","TIPOS_ALTERACAO":null,"X":-56.73462185,"Y":-21.66822527,"DATUM":"WGS84","__atlas_sublayer":0}},{"type":"Feature","id":110980,"geometry":{"type":"Point","coordinates":[-56.53823113300001,-21.424336385000004]},"properties":{"OBJECTID":110980,"ID_AFLORAMENTO":204166,"ORIGEM":"Oracle","METODO_GEOPOSICIONAMENTO":"Levantamento em carta 1:250.000","TOPONIMIA":"Bonito","MUNICIPIO":"Bonito","UF":"MS","GEOLOGO":"A Definir","DATA_CADASTRO":1076025600000,"TIPO_AFLORAMENTO":null,"DESCRICAO":null,"NUMERO_CAMPO":null,"ROCHAS":null,"SUREG":"OUTROS","PROJETO":null,"CODIGO_FOLHA":null,"FOLHA":null,"ID_OCORRENCIA":11904,"PROVINCIA":"Tocantins","STATUS_ECONOMICO":"Mina","IMPORTANCIA":"Depósito","LOCALIZACAO_MINA":"Mina subterrânea (GPS sem sinal)","SITUACAO_MINA":"Ativo(a)","MOTIVO_INATIVIDADE_MINA":null,"SITUACAO_GARIMPO":"Ativo(a)","MOTIVO_INATIVIDADE_GARIMPO":null,"SUBSTANCIAS":"Mármore","ROCHAS_HOSPEDEIRAS":"Mármore","ROCHAS_ENCAIXANTES":null,"CLASSES_UTILITARIAS":"Rochas e minerais industriais","MORFOLOGIA":"Bandada","TEXTURAS":"Maciça","TIPOS_ALTERACAO":null,"X":-56.53823113,"Y":-21.42433639,"DATUM":"WGS84","__atlas_sublayer":0}},{"type":"Feature","id":119484,"geometry":{"type":"Point","coordinates":[-56.523570500000005,-21.055039799999975]},"properties":{"OBJECTID":119484,"ID_AFLORAMENTO":459420,"ORIGEM":"Oracle","METODO_GEOPOSICIONAMENTO":"GPS Manual pós 24/05/2000","TOPONIMIA":"Rodovia MS 178","MUNICIPIO":"Bonito","UF":"MS","GEOLOGO":"Lígia Maria de A Leite Ribeiro","DATA_CADASTRO":1538352000000,"TIPO_AFLORAMENTO":"Rasteiro (Leito de estrada, terraplenagem, etc.)","DESCRICAO":"Quartzito laranja claro, bem selecionado, fino à médio com intercalações de espssura milimétrica de níveis ricos em óxido de ferro.","NUMERO_CAMPO":"LR-0060","ROCHAS":"Quartzito","SUREG":"OUTROS","PROJETO":"Geologia das folhas Rio Perdido e Vila Campão","CODIGO_FOLHA":"SF.21-X-C-I","FOLHA":"Rio Perdido","ID_OCORRENCIA":70376,"PROVINCIA":"Indeterminada","STATUS_ECONOMICO":"Não explotado","IMPORTANCIA":"Ocorrência","LOCALIZACAO_MINA":null,"SITUACAO_MINA":null,"MOTIVO_INATIVIDADE_MINA":null,"SITUACAO_GARIMPO":null,"MOTIVO_INATIVIDADE_GARIMPO":null,"SUBSTANCIAS":"Ferro","ROCHAS_HOSPEDEIRAS":null,"ROCHAS_ENCAIXANTES":null,"CLASSES_UTILITARIAS":"Não definida","MORFOLOGIA":null,"TEXTURAS":null,"TIPOS_ALTERACAO":null,"X":-56.5235705,"Y":-21.0550398,"DATUM":"WGS84","__atlas_sublayer":0}},{"type":"Feature","id":109259,"geometry":{"type":"Point","coordinates":[-56.80045150199999,-20.333777687999998]},"properties":{"OBJECTID":109259,"ID_AFLORAMENTO":202300,"ORIGEM":"Oracle","METODO_GEOPOSICIONAMENTO":"Levantamento em mapa 1:1.000.000","TOPONIMIA":"Fazenda Bodoquena","MUNICIPIO":"Miranda","UF":"MS","GEOLOGO":"A Definir","DATA_CADASTRO":1101945600000,"TIPO_AFLORAMENTO":null,"DESCRICAO":null,"NUMERO_CAMPO":null,"ROCHAS":null,"SUREG":"OUTROS","PROJETO":null,"CODIGO_FOLHA":null,"FOLHA":null,"ID_OCORRENCIA":49442,"PROVINCIA":"Tocantins","STATUS_ECONOMICO":"Indeterminado","IMPORTANCIA":"Indeterminado","LOCALIZACAO_MINA":"Mina subterrânea (GPS sem sinal)","SITUACAO_MINA":null,"MOTIVO_INATIVIDADE_MINA":null,"SITUACAO_GARIMPO":null,"MOTIVO_INATIVIDADE_GARIMPO":null,"SUBSTANCIAS":"Calcário","ROCHAS_HOSPEDEIRAS":"Calcário","ROCHAS_ENCAIXANTES":"Calcário","CLASSES_UTILITARIAS":"Material de uso na construção civil","MORFOLOGIA":"Estratificada","TEXTURAS":"Plana","TIPOS_ALTERACAO":null,"X":-56.8004515,"Y":-20.33377769,"DATUM":"WGS84","__atlas_sublayer":0}},{"type":"Feature","id":108402,"geometry":{"type":"Point","coordinates":[-56.767118332999985,-20.450444711999978]},"properties":{"OBJECTID":108402,"ID_AFLORAMENTO":201392,"ORIGEM":"Oracle","METODO_GEOPOSICIONAMENTO":"Levantamento em mapa 1:1.000.000","TOPONIMIA":"Retiro Peixe Frito","MUNICIPIO":"Bodoquena","UF":"MS","GEOLOGO":"A Definir","DATA_CADASTRO":1102377600000,"TIPO_AFLORAMENTO":null,"DESCRICAO":null,"NUMERO_CAMPO":null,"ROCHAS":null,"SUREG":"OUTROS","PROJETO":null,"CODIGO_FOLHA":null,"FOLHA":null,"ID_OCORRENCIA":49513,"PROVINCIA":"Tocantins","STATUS_ECONOMICO":"Mina","IMPORTANCIA":"Depósito","LOCALIZACAO_MINA":"Mina subterrânea (GPS sem sinal)","SITUACAO_MINA":null,"MOTIVO_INATIVIDADE_MINA":null,"SITUACAO_GARIMPO":null,"MOTIVO_INATIVIDADE_GARIMPO":null,"SUBSTANCIAS":"Calcário","ROCHAS_HOSPEDEIRAS":"Calcário","ROCHAS_ENCAIXANTES":"Calcário","CLASSES_UTILITARIAS":"Material de uso na construção civil","MORFOLOGIA":"Estratificada","TEXTURAS":"Plana","TIPOS_ALTERACAO":null,"X":-56.76711833,"Y":-20.45044471,"DATUM":"WGS84","__atlas_sublayer":0}},{"type":"Feature","id":117589,"geometry":{"type":"Point","coordinates":[-56.750452068000016,-20.618778469000006]},"properties":{"OBJECTID":117589,"ID_AFLORAMENTO":201397,"ORIGEM":"Oracle","METODO_GEOPOSICIONAMENTO":"Levantamento em mapa 1:1.000.000","TOPONIMIA":"Rio Saloba","MUNICIPIO":"Bodoquena","UF":"MS","GEOLOGO":"A Definir","DATA_CADASTRO":1102377600000,"TIPO_AFLORAMENTO":null,"DESCRICAO":null,"NUMERO_CAMPO":null,"ROCHAS":null,"SUREG":"OUTROS","PROJETO":null,"CODIGO_FOLHA":null,"FOLHA":null,"ID_OCORRENCIA":49519,"PROVINCIA":"Tocantins","STATUS_ECONOMICO":"Mina","IMPORTANCIA":"Depósito","LOCALIZACAO_MINA":"Mina subterrânea (GPS sem sinal)","SITUACAO_MINA":null,"MOTIVO_INATIVIDADE_MINA":null,"SITUACAO_GARIMPO":null,"MOTIVO_INATIVIDADE_GARIMPO":null,"SUBSTANCIAS":"Calcário","ROCHAS_HOSPEDEIRAS":"Calcário","ROCHAS_ENCAIXANTES":"Calcário","CLASSES_UTILITARIAS":"Material de uso na construção civil","MORFOLOGIA":"Estratificada","TEXTURAS":"Plana","TIPOS_ALTERACAO":null,"X":-56.75045207,"Y":-20.61877847,"DATUM":"WGS84","__atlas_sublayer":0}},{"type":"Feature","id":117588,"geometry":{"type":"Point","coordinates":[-56.718229622000024,-20.601000742999986]},"properties":{"OBJECTID":117588,"ID_AFLORAMENTO":201358,"ORIGEM":"Oracle","METODO_GEOPOSICIONAMENTO":"Levantamento em mapa 1:1.000.000","TOPONIMIA":"Serra da Bodoquena","MUNICIPIO":"Bodoquena","UF":"MS","GEOLOGO":"A Definir","DATA_CADASTRO":1102550400000,"TIPO_AFLORAMENTO":null,"DESCRICAO":null,"NUMERO_CAMPO":null,"ROCHAS":null,"SUREG":"OUTROS","PROJETO":null,"CODIGO_FOLHA":null,"FOLHA":null,"ID_OCORRENCIA":49558,"PROVINCIA":"Tocantins","STATUS_ECONOMICO":"Mina","IMPORTANCIA":"Depósito","LOCALIZACAO_MINA":"Mina subterrânea (GPS sem sinal)","SITUACAO_MINA":null,"MOTIVO_INATIVIDADE_MINA":null,"SITUACAO_GARIMPO":null,"MOTIVO_INATIVIDADE_GARIMPO":null,"SUBSTANCIAS":"Calcário","ROCHAS_HOSPEDEIRAS":"Calcário","ROCHAS_ENCAIXANTES":"Calcário","CLASSES_UTILITARIAS":"Material de uso na construção civil","MORFOLOGIA":"Estratificada","TEXTURAS":"Plana","TIPOS_ALTERACAO":null,"X":-56.71822962,"Y":-20.60100074,"DATUM":"WGS84","__atlas_sublayer":0}},{"type":"Feature","id":108412,"geometry":{"type":"Point","coordinates":[-56.71767354999997,-20.42738922799998]},"properties":{"OBJECTID":108412,"ID_AFLORAMENTO":201404,"ORIGEM":"Oracle","METODO_GEOPOSICIONAMENTO":"Levantamento em mapa 1:1.000.000","TOPONIMIA":"Retiro Peixe Frito","MUNICIPIO":"Bodoquena","UF":"MS","GEOLOGO":"A Definir","DATA_CADASTRO":1102550400000,"TIPO_AFLORAMENTO":null,"DESCRICAO":null,"NUMERO_CAMPO":null,"ROCHAS":null,"SUREG":"OUTROS","PROJETO":null,"CODIGO_FOLHA":null,"FOLHA":null,"ID_OCORRENCIA":49543,"PROVINCIA":"Tocantins","STATUS_ECONOMICO":"Mina","IMPORTANCIA":"Depósito","LOCALIZACAO_MINA":"Mina subterrânea (GPS sem sinal)","SITUACAO_MINA":null,"MOTIVO_INATIVIDADE_MINA":null,"SITUACAO_GARIMPO":null,"MOTIVO_INATIVIDADE_GARIMPO":null,"SUBSTANCIAS":"Calcário","ROCHAS_HOSPEDEIRAS":"Calcário","ROCHAS_ENCAIXANTES":"Calcário","CLASSES_UTILITARIAS":"Material de uso na construção civil","MORFOLOGIA":"Estratificada","TEXTURAS":"Plana","TIPOS_ALTERACAO":null,"X":-56.71767355,"Y":-20.42738923,"DATUM":"WGS84","__atlas_sublayer":0}},{"type":"Feature","id":108371,"geometry":{"type":"Point","coordinates":[-56.70156230499998,-20.410722571000008]},"properties":{"OBJECTID":108371,"ID_AFLORAMENTO":201361,"ORIGEM":"Oracle","METODO_GEOPOSICIONAMENTO":"Levantamento em mapa 1:1.000.000","TOPONIMIA":"Serra da Bodoquena","MUNICIPIO":"Bodoquena","UF":"MS","GEOLOGO":"A Definir","DATA_CADASTRO":1102550400000,"TIPO_AFLORAMENTO":null,"DESCRICAO":null,"NUMERO_CAMPO":null,"ROCHAS":null,"SUREG":"OUTROS","PROJETO":null,"CODIGO_FOLHA":null,"FOLHA":null,"ID_OCORRENCIA":49562,"PROVINCIA":"Tocantins","STATUS_ECONOMICO":"Mina","IMPORTANCIA":"Depósito","LOCALIZACAO_MINA":"Mina subterrânea (GPS sem sinal)","SITUACAO_MINA":null,"MOTIVO_INATIVIDADE_MINA":null,"SITUACAO_GARIMPO":null,"MOTIVO_INATIVIDADE_GARIMPO":null,"SUBSTANCIAS":"Calcário","ROCHAS_HOSPEDEIRAS":"Calcário","ROCHAS_ENCAIXANTES":"Calcário","CLASSES_UTILITARIAS":"Material de uso na construção civil","MORFOLOGIA":"Estratificada","TEXTURAS":"Plana","TIPOS_ALTERACAO":null,"X":-56.70156231,"Y":-20.41072257,"DATUM":"WGS84","__atlas_sublayer":0}},{"type":"Feature","id":108374,"geometry":{"type":"Point","coordinates":[-56.700729502,-20.592111878000026]},"properties":{"OBJECTID":108374,"ID_AFLORAMENTO":201364,"ORIGEM":"Oracle","METODO_GEOPOSICIONAMENTO":"Levantamento em mapa 1:1.000.000","TOPONIMIA":"Serra da Bodoquena","MUNICIPIO":"Bodoquena","UF":"MS","GEOLOGO":"A Definir","DATA_CADASTRO":1102550400000,"TIPO_AFLORAMENTO":null,"DESCRICAO":null,"NUMERO_CAMPO":null,"ROCHAS":null,"SUREG":"OUTROS","PROJETO":null,"CODIGO_FOLHA":null,"FOLHA":null,"ID_OCORRENCIA":49565,"PROVINCIA":"Tocantins","STATUS_ECONOMICO":"Mina","IMPORTANCIA":"Depósito","LOCALIZACAO_MINA":"Mina subterrânea (GPS sem sinal)","SITUACAO_MINA":null,"MOTIVO_INATIVIDADE_MINA":null,"SITUACAO_GARIMPO":null,"MOTIVO_INATIVIDADE_GARIMPO":null,"SUBSTANCIAS":"Calcário","ROCHAS_HOSPEDEIRAS":"Calcário","ROCHAS_ENCAIXANTES":"Calcário","CLASSES_UTILITARIAS":"Material de uso na construção civil","MORFOLOGIA":"Estratificada","TEXTURAS":"Plana","TIPOS_ALTERACAO":null,"X":-56.7007295,"Y":-20.59211188,"DATUM":"WGS84","__atlas_sublayer":0}},{"type":"Feature","id":122426,"geometry":{"type":"Point","coordinates":[-56.66481399999998,-20.517315999999994]},"properties":{"OBJECTID":122426,"ID_AFLORAMENTO":459640,"ORIGEM":"Oracle","METODO_GEOPOSICIONAMENTO":"GPS Manual pós 24/05/2000","TOPONIMIA":"fazenda próxima a Rodovia MS 339, sentido Bodoquena Miranda","MUNICIPIO":"Bodoquena","UF":"MS","GEOLOGO":"Alexandre Alves de Oliveira","DATA_CADASTRO":1516233600000,"TIPO_AFLORAMENTO":"Lajedo ou Lajeiro","DESCRICAO":"Metacalcário calcítico cinza escuro lâminado a acamadado, com textura milonítica. Ocorre intercalações de lâminas de cor cinza escura e lâminas de cor branca, rica em fosfato. Observa-se veios milimétricos d calcita branca.","NUMERO_CAMPO":"AA-0121","ROCHAS":"Metacalcário calcítico","SUREG":"OUTROS","PROJETO":"Geologia das folhas Rio Perdido e Vila Campão","CODIGO_FOLHA":"SF.21-X-A-IV","FOLHA":"Vila Campão","ID_OCORRENCIA":70395,"PROVINCIA":"Indeterminada","STATUS_ECONOMICO":"Não explotado","IMPORTANCIA":"Ocorrência","LOCALIZACAO_MINA":null,"SITUACAO_MINA":null,"MOTIVO_INATIVIDADE_MINA":null,"SITUACAO_GARIMPO":null,"MOTIVO_INATIVIDADE_GARIMPO":null,"SUBSTANCIAS":"Fósforo","ROCHAS_HOSPEDEIRAS":null,"ROCHAS_ENCAIXANTES":null,"CLASSES_UTILITARIAS":"Não definida","MORFOLOGIA":null,"TEXTURAS":null,"TIPOS_ALTERACAO":null,"X":-56.664814,"Y":-20.517315999999997,"DATUM":"WGS84","__atlas_sublayer":0}},{"type":"Feature","id":122432,"geometry":{"type":"Point","coordinates":[-56.63498800000002,-20.598797999999988]},"properties":{"OBJECTID":122432,"ID_AFLORAMENTO":459670,"ORIGEM":"Oracle","METODO_GEOPOSICIONAMENTO":"GPS Manual pós 24/05/2000","TOPONIMIA":"Estrada velha Bonito Bodoquena","MUNICIPIO":"Bodoquena","UF":"MS","GEOLOGO":"Alexandre Alves de Oliveira","DATA_CADASTRO":1520208000000,"TIPO_AFLORAMENTO":"Lajedo ou Lajeiro","DESCRICAO":"Metacalcário calcítico cinza escuro lâminado intercalado com metacalciolutito bege. Estão muito intemperizados, com textura filítica e com lineação de estiramento. Ocorrem nódulos de calcário maciço rico em fosfato.","NUMERO_CAMPO":"AA-0262","ROCHAS":"Metacalcário calcítico, Metacalcilutito","SUREG":"OUTROS","PROJETO":"Geologia das folhas Rio Perdido e Vila Campão","CODIGO_FOLHA":"SF.21-X-A-IV","FOLHA":"Vila Campão","ID_OCORRENCIA":70401,"PROVINCIA":"Indeterminada","STATUS_ECONOMICO":"Não explotado","IMPORTANCIA":"Ocorrência","LOCALIZACAO_MINA":null,"SITUACAO_MINA":null,"MOTIVO_INATIVIDADE_MINA":null,"SITUACAO_GARIMPO":null,"MOTIVO_INATIVIDADE_GARIMPO":null,"SUBSTANCIAS":"Fósforo","ROCHAS_HOSPEDEIRAS":null,"ROCHAS_ENCAIXANTES":null,"CLASSES_UTILITARIAS":"Não definida","MORFOLOGIA":null,"TEXTURAS":null,"TIPOS_ALTERACAO":null,"X":-56.634988,"Y":-20.598798,"DATUM":"WGS84","__atlas_sublayer":0}},{"type":"Feature","id":122417,"geometry":{"type":"Point","coordinates":[-56.565409999999986,-20.987542899999994]},"properties":{"OBJECTID":122417,"ID_AFLORAMENTO":459508,"ORIGEM":"Oracle","METODO_GEOPOSICIONAMENTO":"GPS Manual pós 24/05/2000","TOPONIMIA":"estrada de terra para fazenda União 4 km a oeste da rodovia MS 178","MUNICIPIO":"Bonito","UF":"MS","GEOLOGO":"Alexandre Alves de Oliveira","DATA_CADASTRO":1516233600000,"TIPO_AFLORAMENTO":"Material disperso na superfície","DESCRICAO":"Calcário dolomítico cinza claro à roseo brechado. As fraturas estão preenchidas por mineral róseo e branco rico em fosfato. Ocorrem cavidades preenchidas por calcita nas bordas e quartzo no núcleo.","NUMERO_CAMPO":"AA-0124","ROCHAS":"Calcário dolomítico","SUREG":"OUTROS","PROJETO":"Geologia das folhas Rio Perdido e Vila Campão","CODIGO_FOLHA":"SF.21-X-A-IV","FOLHA":"Vila Campão","ID_OCORRENCIA":70386,"PROVINCIA":"Indeterminada","STATUS_ECONOMICO":"Não explotado","IMPORTANCIA":"Ocorrência","LOCALIZACAO_MINA":null,"SITUACAO_MINA":null,"MOTIVO_INATIVIDADE_MINA":null,"SITUACAO_GARIMPO":null,"MOTIVO_INATIVIDADE_GARIMPO":null,"SUBSTANCIAS":"Fósforo","ROCHAS_HOSPEDEIRAS":null,"ROCHAS_ENCAIXANTES":null,"CLASSES_UTILITARIAS":"Não definida","MORFOLOGIA":null,"TEXTURAS":null,"TIPOS_ALTERACAO":null,"X":-56.56541,"Y":-20.9875429,"DATUM":"WGS84","__atlas_sublayer":0}},{"type":"Feature","id":110792,"geometry":{"type":"Point","coordinates":[-56.22044811000001,-20.24266785499998]},"properties":{"OBJECTID":110792,"ID_AFLORAMENTO":203966,"ORIGEM":"Oracle","METODO_GEOPOSICIONAMENTO":"Levantamento em carta 1:250.000","TOPONIMIA":"Miranda - Córrego Agachi","MUNICIPIO":"Aquidauana","UF":"MS","GEOLOGO":"A Definir","DATA_CADASTRO":1076025600000,"TIPO_AFLORAMENTO":null,"DESCRICAO":null,"NUMERO_CAMPO":null,"ROCHAS":null,"SUREG":"OUTROS","PROJETO":null,"CODIGO_FOLHA":null,"FOLHA":null,"ID_OCORRENCIA":11913,"PROVINCIA":"Tocantins","STATUS_ECONOMICO":"Mina","IMPORTANCIA":"Depósito","LOCALIZACAO_MINA":"Mina subterrânea (GPS sem sinal)","SITUACAO_MINA":"Ativo(a)","MOTIVO_INATIVIDADE_MINA":null,"SITUACAO_GARIMPO":"Ativo(a)","MOTIVO_INATIVIDADE_GARIMPO":null,"SUBSTANCIAS":"Argila","ROCHAS_HOSPEDEIRAS":"Sedimento elúvio-coluvionar","ROCHAS_ENCAIXANTES":null,"CLASSES_UTILITARIAS":"Rochas e minerais industriais","MORFOLOGIA":"Terrosa","TEXTURAS":"Compacta","TIPOS_ALTERACAO":null,"X":-56.22044811,"Y":-20.24266786,"DATUM":"WGS84","__atlas_sublayer":0}},{"type":"Feature","id":109063,"geometry":{"type":"Point","coordinates":[-55.11211492799998,-22.320731154999976]},"properties":{"OBJECTID":109063,"ID_AFLORAMENTO":202102,"ORIGEM":"Oracle","METODO_GEOPOSICIONAMENTO":"Levantamento em carta 1:100.000","TOPONIMIA":"Córrego Triunfo","MUNICIPIO":"Ponta Porã","UF":"MS","GEOLOGO":"A Definir","DATA_CADASTRO":1103587200000,"TIPO_AFLORAMENTO":null,"DESCRICAO":null,"NUMERO_CAMPO":null,"ROCHAS":null,"SUREG":"OUTROS","PROJETO":null,"CODIGO_FOLHA":null,"FOLHA":null,"ID_OCORRENCIA":49705,"PROVINCIA":"Tocantins","STATUS_ECONOMICO":"Não explotado","IMPORTANCIA":"Depósito","LOCALIZACAO_MINA":"Mina subterrânea (GPS sem sinal)","SITUACAO_MINA":null,"MOTIVO_INATIVIDADE_MINA":null,"SITUACAO_GARIMPO":null,"MOTIVO_INATIVIDADE_GARIMPO":null,"SUBSTANCIAS":"Turfa","ROCHAS_HOSPEDEIRAS":null,"ROCHAS_ENCAIXANTES":null,"CLASSES_UTILITARIAS":"Não definida","MORFOLOGIA":null,"TEXTURAS":null,"TIPOS_ALTERACAO":null,"X":-55.11211493,"Y":-22.32073116,"DATUM":"WGS84","__atlas_sublayer":0}},{"type":"Feature","id":117118,"geometry":{"type":"Point","coordinates":[-54.85655573899999,-21.622952469999973]},"properties":{"OBJECTID":117118,"ID_AFLORAMENTO":202089,"ORIGEM":"Oracle","METODO_GEOPOSICIONAMENTO":"Levantamento em carta 1:100.000","TOPONIMIA":"Fazenda Triângulo","MUNICIPIO":"Rio Brilhante","UF":"MS","GEOLOGO":"A Definir","DATA_CADASTRO":1103241600000,"TIPO_AFLORAMENTO":null,"DESCRICAO":null,"NUMERO_CAMPO":null,"ROCHAS":null,"SUREG":"OUTROS","PROJETO":null,"CODIGO_FOLHA":null,"FOLHA":null,"ID_OCORRENCIA":49662,"PROVINCIA":"Tocantins","STATUS_ECONOMICO":"Não explotado","IMPORTANCIA":"Depósito","LOCALIZACAO_MINA":"Mina subterrânea (GPS sem sinal)","SITUACAO_MINA":null,"MOTIVO_INATIVIDADE_MINA":null,"SITUACAO_GARIMPO":null,"MOTIVO_INATIVIDADE_GARIMPO":null,"SUBSTANCIAS":"Turfa","ROCHAS_HOSPEDEIRAS":"Argila","ROCHAS_ENCAIXANTES":"Basalto","CLASSES_UTILITARIAS":"Insumos para agricultura","MORFOLOGIA":"Terrosa","TEXTURAS":"Granular","TIPOS_ALTERACAO":null,"X":-54.85655574,"Y":-21.62295247,"DATUM":"WGS84","__atlas_sublayer":0}},{"type":"Feature","id":109056,"geometry":{"type":"Point","coordinates":[-54.79016644500001,-21.61406373699998]},"properties":{"OBJECTID":109056,"ID_AFLORAMENTO":202088,"ORIGEM":"Oracle","METODO_GEOPOSICIONAMENTO":"Levantamento em carta 1:100.000","TOPONIMIA":"Fazenda Caçadinha","MUNICIPIO":"Rio Brilhante","UF":"MS","GEOLOGO":"A Definir","DATA_CADASTRO":1103241600000,"TIPO_AFLORAMENTO":null,"DESCRICAO":null,"NUMERO_CAMPO":null,"ROCHAS":null,"SUREG":"OUTROS","PROJETO":null,"CODIGO_FOLHA":null,"FOLHA":null,"ID_OCORRENCIA":49661,"PROVINCIA":"Tocantins","STATUS_ECONOMICO":"Não explotado","IMPORTANCIA":"Depósito","LOCALIZACAO_MINA":"Mina subterrânea (GPS sem sinal)","SITUACAO_MINA":null,"MOTIVO_INATIVIDADE_MINA":null,"SITUACAO_GARIMPO":null,"MOTIVO_INATIVIDADE_GARIMPO":null,"SUBSTANCIAS":"Turfa","ROCHAS_HOSPEDEIRAS":"Argila","ROCHAS_ENCAIXANTES":"Basalto","CLASSES_UTILITARIAS":"Insumos para agricultura","MORFOLOGIA":"Terrosa","TEXTURAS":"Granular","TIPOS_ALTERACAO":null,"X":-54.79016645,"Y":-21.61406374,"DATUM":"WGS84","__atlas_sublayer":0}},{"type":"Feature","id":109052,"geometry":{"type":"Point","coordinates":[-54.607665908,-21.777675722000026]},"properties":{"OBJECTID":109052,"ID_AFLORAMENTO":202083,"ORIGEM":"Oracle","METODO_GEOPOSICIONAMENTO":"Levantamento em carta 1:100.000","TOPONIMIA":"Córrego do Chinelo","MUNICIPIO":"Rio Brilhante","UF":"MS","GEOLOGO":"A Definir","DATA_CADASTRO":1103155200000,"TIPO_AFLORAMENTO":null,"DESCRICAO":null,"NUMERO_CAMPO":null,"ROCHAS":null,"SUREG":"OUTROS","PROJETO":null,"CODIGO_FOLHA":null,"FOLHA":null,"ID_OCORRENCIA":49643,"PROVINCIA":"Tocantins","STATUS_ECONOMICO":"Não explotado","IMPORTANCIA":"Depósito","LOCALIZACAO_MINA":"Mina subterrânea (GPS sem sinal)","SITUACAO_MINA":null,"MOTIVO_INATIVIDADE_MINA":null,"SITUACAO_GARIMPO":null,"MOTIVO_INATIVIDADE_GARIMPO":null,"SUBSTANCIAS":"Turfa","ROCHAS_HOSPEDEIRAS":"Argila","ROCHAS_ENCAIXANTES":"Basalto","CLASSES_UTILITARIAS":"Insumos para agricultura","MORFOLOGIA":"Terrosa","TEXTURAS":"Granular","TIPOS_ALTERACAO":null,"X":-54.60766591,"Y":-21.77767572,"DATUM":"WGS84","__atlas_sublayer":0}},{"type":"Feature","id":108390,"geometry":{"type":"Point","coordinates":[-54.42877550600002,-21.617953598999975]},"properties":{"OBJECTID":108390,"ID_AFLORAMENTO":201379,"ORIGEM":"Oracle","METODO_GEOPOSICIONAMENTO":"Levantamento em carta 1:100.000","TOPONIMIA":"Fazenda Vacaria","MUNICIPIO":"Rio Brilhante","UF":"MS","GEOLOGO":"A Definir","DATA_CADASTRO":1103068800000,"TIPO_AFLORAMENTO":null,"DESCRICAO":null,"NUMERO_CAMPO":null,"ROCHAS":null,"SUREG":"OUTROS","PROJETO":null,"CODIGO_FOLHA":null,"FOLHA":null,"ID_OCORRENCIA":49602,"PROVINCIA":"Tocantins","STATUS_ECONOMICO":"Não explotado","IMPORTANCIA":"Depósito","LOCALIZACAO_MINA":"Mina subterrânea (GPS sem sinal)","SITUACAO_MINA":null,"MOTIVO_INATIVIDADE_MINA":null,"SITUACAO_GARIMPO":null,"MOTIVO_INATIVIDADE_GARIMPO":null,"SUBSTANCIAS":"Turfa","ROCHAS_HOSPEDEIRAS":"Argila","ROCHAS_ENCAIXANTES":"Basalto","CLASSES_UTILITARIAS":"Insumos para agricultura","MORFOLOGIA":"Terrosa","TEXTURAS":"Granular","TIPOS_ALTERACAO":null,"X":-54.42877551,"Y":-21.6179536,"DATUM":"WGS84","__atlas_sublayer":0}},{"type":"Feature","id":107168,"geometry":{"type":"Point","coordinates":[-54.54457223200001,-18.12116808899998]},"properties":{"OBJECTID":107168,"ID_AFLORAMENTO":199961,"ORIGEM":"Oracle","METODO_GEOPOSICIONAMENTO":"GPS Manual pós 24/05/2000","TOPONIMIA":"Pedro Gomes","MUNICIPIO":"Pedro Gomes","UF":"MS","GEOLOGO":"A Definir","DATA_CADASTRO":1144195200000,"TIPO_AFLORAMENTO":null,"DESCRICAO":null,"NUMERO_CAMPO":null,"ROCHAS":null,"SUREG":"OUTROS","PROJETO":null,"CODIGO_FOLHA":null,"FOLHA":null,"ID_OCORRENCIA":50871,"PROVINCIA":"Paraná","STATUS_ECONOMICO":"Mina","IMPORTANCIA":"Depósito","LOCALIZACAO_MINA":"Mina subterrânea (GPS sem sinal)","SITUACAO_MINA":null,"MOTIVO_INATIVIDADE_MINA":null,"SITUACAO_GARIMPO":null,"MOTIVO_INATIVIDADE_GARIMPO":null,"SUBSTANCIAS":"Argila","ROCHAS_HOSPEDEIRAS":null,"ROCHAS_ENCAIXANTES":null,"CLASSES_UTILITARIAS":"Material de uso na construção civil","MORFOLOGIA":null,"TEXTURAS":null,"TIPOS_ALTERACAO":null,"X":-54.54457223,"Y":-18.12116809,"DATUM":"WGS84","__atlas_sublayer":0}},{"type":"Feature","id":96665,"geometry":{"type":"Point","coordinates":[-54.39070959100002,-17.891277097]},"properties":{"OBJECTID":96665,"ID_AFLORAMENTO":185871,"ORIGEM":"Oracle","METODO_GEOPOSICIONAMENTO":"Levantamento em mapa 1:1.000.000","TOPONIMIA":"Fazenda Bela Vista/Fazenda São José do Mutum","MUNICIPIO":"Pedro Gomes","UF":"MS","GEOLOGO":"A Definir","DATA_CADASTRO":1066435200000,"TIPO_AFLORAMENTO":null,"DESCRICAO":null,"NUMERO_CAMPO":null,"ROCHAS":null,"SUREG":"OUTROS","PROJETO":null,"CODIGO_FOLHA":null,"FOLHA":null,"ID_OCORRENCIA":39370,"PROVINCIA":"Paraná","STATUS_ECONOMICO":"Indeterminado","IMPORTANCIA":"Indeterminado","LOCALIZACAO_MINA":"Mina subterrânea (GPS sem sinal)","SITUACAO_MINA":null,"MOTIVO_INATIVIDADE_MINA":null,"SITUACAO_GARIMPO":null,"MOTIVO_INATIVIDADE_GARIMPO":null,"SUBSTANCIAS":"Diamante","ROCHAS_HOSPEDEIRAS":null,"ROCHAS_ENCAIXANTES":null,"CLASSES_UTILITARIAS":"Gemas","MORFOLOGIA":"Maciça","TEXTURAS":"Granular","TIPOS_ALTERACAO":null,"X":-54.39070959,"Y":-17.8912771,"DATUM":"WGS84","__atlas_sublayer":0}},{"type":"Feature","id":101228,"geometry":{"type":"Point","coordinates":[-52.90792163200001,-17.142944668999974]},"properties":{"OBJECTID":101228,"ID_AFLORAMENTO":191243,"ORIGEM":"Oracle","METODO_GEOPOSICIONAMENTO":"Levantamento em carta 1:500.000","TOPONIMIA":"Noroeste da Fazenda Quatro Cabeças","MUNICIPIO":"Mineiros","UF":"GO","GEOLOGO":"A Definir","DATA_CADASTRO":1064793600000,"TIPO_AFLORAMENTO":null,"DESCRICAO":null,"NUMERO_CAMPO":null,"ROCHAS":null,"SUREG":"OUTROS","PROJETO":null,"CODIGO_FOLHA":null,"FOLHA":null,"ID_OCORRENCIA":34123,"PROVINCIA":"Paraná","STATUS_ECONOMICO":"Indeterminado","IMPORTANCIA":"Indeterminado","LOCALIZACAO_MINA":"Mina subterrânea (GPS sem sinal)","SITUACAO_MINA":null,"MOTIVO_INATIVIDADE_MINA":null,"SITUACAO_GARIMPO":null,"MOTIVO_INATIVIDADE_GARIMPO":null,"SUBSTANCIAS":"Folhelho carbonoso","ROCHAS_HOSPEDEIRAS":"Folhelho carbonoso","ROCHAS_ENCAIXANTES":null,"CLASSES_UTILITARIAS":"Rochas e minerais industriais","MORFOLOGIA":"Foliada","TEXTURAS":"Granular","TIPOS_ALTERACAO":null,"X":-52.90792163,"Y":-17.14294467,"DATUM":"WGS84","__atlas_sublayer":0}},{"type":"Feature","id":106557,"geometry":{"type":"Point","coordinates":[-52.884588178,-17.14766695200001]},"properties":{"OBJECTID":106557,"ID_AFLORAMENTO":199216,"ORIGEM":"Oracle","METODO_GEOPOSICIONAMENTO":"Levantamento em carta 1:500.000","TOPONIMIA":"Fazenda Buriti","MUNICIPIO":"Mineiros","UF":"GO","GEOLOGO":"A Definir","DATA_CADASTRO":1064793600000,"TIPO_AFLORAMENTO":null,"DESCRICAO":null,"NUMERO_CAMPO":null,"ROCHAS":null,"SUREG":"OUTROS","PROJETO":null,"CODIGO_FOLHA":null,"FOLHA":null,"ID_OCORRENCIA":34124,"PROVINCIA":"Paraná","STATUS_ECONOMICO":"Indeterminado","IMPORTANCIA":"Indeterminado","LOCALIZACAO_MINA":"Mina subterrânea (GPS sem sinal)","SITUACAO_MINA":null,"MOTIVO_INATIVIDADE_MINA":null,"SITUACAO_GARIMPO":null,"MOTIVO_INATIVIDADE_GARIMPO":null,"SUBSTANCIAS":"Folhelho carbonoso","ROCHAS_HOSPEDEIRAS":null,"ROCHAS_ENCAIXANTES":null,"CLASSES_UTILITARIAS":"Rochas e minerais industriais","MORFOLOGIA":null,"TEXTURAS":null,"TIPOS_ALTERACAO":null,"X":-52.88458818,"Y":-17.14766695,"DATUM":"WGS84","__atlas_sublayer":0}},{"type":"Feature","id":101235,"geometry":{"type":"Point","coordinates":[-52.71847651899998,-17.32961233200001]},"properties":{"OBJECTID":101235,"ID_AFLORAMENTO":191253,"ORIGEM":"Oracle","METODO_GEOPOSICIONAMENTO":"Levantamento em carta 1:500.000","TOPONIMIA":"Fazenda Lajeado","MUNICIPIO":"Portelândia","UF":"GO","GEOLOGO":"A Definir","DATA_CADASTRO":1064793600000,"TIPO_AFLORAMENTO":null,"DESCRICAO":null,"NUMERO_CAMPO":null,"ROCHAS":null,"SUREG":"OUTROS","PROJETO":null,"CODIGO_FOLHA":null,"FOLHA":null,"ID_OCORRENCIA":34141,"PROVINCIA":"Paraná","STATUS_ECONOMICO":"Indeterminado","IMPORTANCIA":"Indeterminado","LOCALIZACAO_MINA":"Mina subterrânea (GPS sem sinal)","SITUACAO_MINA":null,"MOTIVO_INATIVIDADE_MINA":null,"SITUACAO_GARIMPO":null,"MOTIVO_INATIVIDADE_GARIMPO":null,"SUBSTANCIAS":"Folhelho carbonoso","ROCHAS_HOSPEDEIRAS":null,"ROCHAS_ENCAIXANTES":null,"CLASSES_UTILITARIAS":"Rochas e minerais industriais","MORFOLOGIA":null,"TEXTURAS":null,"TIPOS_ALTERACAO":null,"X":-52.71847652,"Y":-17.32961233,"DATUM":"WGS84","__atlas_sublayer":0}},{"type":"Feature","id":106560,"geometry":{"type":"Point","coordinates":[-52.577087393,-17.584613443000023]},"properties":{"OBJECTID":106560,"ID_AFLORAMENTO":199221,"ORIGEM":"Oracle","METODO_GEOPOSICIONAMENTO":"Levantamento em carta 1:500.000","TOPONIMIA":"Fazenda Flores A Sw de Mineiros","MUNICIPIO":"Mineiros","UF":"GO","GEOLOGO":"A Definir","DATA_CADASTRO":1071187200000,"TIPO_AFLORAMENTO":null,"DESCRICAO":null,"NUMERO_CAMPO":null,"ROCHAS":null,"SUREG":"OUTROS","PROJETO":null,"CODIGO_FOLHA":null,"FOLHA":null,"ID_OCORRENCIA":34172,"PROVINCIA":"Paraná","STATUS_ECONOMICO":"Mina","IMPORTANCIA":"Depósito","LOCALIZACAO_MINA":"Mina subterrânea (GPS sem sinal)","SITUACAO_MINA":null,"MOTIVO_INATIVIDADE_MINA":"Exaurido(a)","SITUACAO_GARIMPO":null,"MOTIVO_INATIVIDADE_GARIMPO":"Exaurido(a)","SUBSTANCIAS":"Basalto","ROCHAS_HOSPEDEIRAS":"Basalto","ROCHAS_ENCAIXANTES":null,"CLASSES_UTILITARIAS":"Material de uso na construção civil","MORFOLOGIA":"Maciça","TEXTURAS":"Granular","TIPOS_ALTERACAO":null,"X":-52.57708739,"Y":-17.58461344,"DATUM":"WGS84","__atlas_sublayer":0}},{"type":"Feature","id":101231,"geometry":{"type":"Point","coordinates":[-52.37486321799997,-17.249335012000017]},"properties":{"OBJECTID":101231,"ID_AFLORAMENTO":191246,"ORIGEM":"Oracle","METODO_GEOPOSICIONAMENTO":"Levantamento em carta 1:500.000","TOPONIMIA":"Fazenda Cana Verde","MUNICIPIO":"Caiapônia","UF":"GO","GEOLOGO":"A Definir","DATA_CADASTRO":1064793600000,"TIPO_AFLORAMENTO":null,"DESCRICAO":null,"NUMERO_CAMPO":null,"ROCHAS":null,"SUREG":"OUTROS","PROJETO":null,"CODIGO_FOLHA":null,"FOLHA":null,"ID_OCORRENCIA":34127,"PROVINCIA":"Paraná","STATUS_ECONOMICO":"Indeterminado","IMPORTANCIA":"Indeterminado","LOCALIZACAO_MINA":"Mina subterrânea (GPS sem sinal)","SITUACAO_MINA":null,"MOTIVO_INATIVIDADE_MINA":null,"SITUACAO_GARIMPO":null,"MOTIVO_INATIVIDADE_GARIMPO":null,"SUBSTANCIAS":"Folhelho carbonoso","ROCHAS_HOSPEDEIRAS":null,"ROCHAS_ENCAIXANTES":null,"CLASSES_UTILITARIAS":"Rochas e minerais industriais","MORFOLOGIA":null,"TEXTURAS":null,"TIPOS_ALTERACAO":null,"X":-52.37486322,"Y":-17.24933501,"DATUM":"WGS84","__atlas_sublayer":0}},{"type":"Feature","id":128175,"geometry":{"type":"Point","coordinates":[-51.10070000000002,-23.624300000000005]},"properties":{"OBJECTID":128175,"ID_AFLORAMENTO":482834,"ORIGEM":"Oracle","METODO_GEOPOSICIONAMENTO":"GPS Manual pós 24/05/2000","TOPONIMIA":"Ribeira Gamelão, pedreira.","MUNICIPIO":"Londrina","UF":"PR","GEOLOGO":"André Luis Spisila","DATA_CADASTRO":1639353600000,"TIPO_AFLORAMENTO":"Pedreira","DESCRICAO":"Afloramento em pedreira. Há 3 tipos de rochas. Na base da pedreira ocorre basalto amigdaloidal (conhecido localmente como olho de sapo), acima deste nível ocorre um basalto maciço, afanítico, com amígdalas dispersas e fraturas verticais com espaçamento métrico a submétrico. Este nível alcança 28 m. Acima deste nível ocorre outro nível de basalto, localmente conhecido como meláfiro, que alcança 18 m de altura. Este último basalto é hipohialino de cor preta.  A rocha é um basalto de derrame hipohialino, com linha de amígdalas.","NUMERO_CAMPO":"LS-0067","ROCHAS":"Basalto","SUREG":"OUTROS","PROJETO":"Mapa Geológico do Estado do Paraná","CODIGO_FOLHA":"SF.22-Y-D-VI","FOLHA":"Apucarana","ID_OCORRENCIA":73114,"PROVINCIA":"Indeterminada","STATUS_ECONOMICO":"Mina","IMPORTANCIA":"Depósito","LOCALIZACAO_MINA":null,"SITUACAO_MINA":"Ativo(a)","MOTIVO_INATIVIDADE_MINA":null,"SITUACAO_GARIMPO":"Ativo(a)","MOTIVO_INATIVIDADE_GARIMPO":null,"SUBSTANCIAS":"Brita","ROCHAS_HOSPEDEIRAS":null,"ROCHAS_ENCAIXANTES":null,"CLASSES_UTILITARIAS":"Não definida","MORFOLOGIA":null,"TEXTURAS":null,"TIPOS_ALTERACAO":null,"X":-51.1007,"Y":-23.6243,"DATUM":"WGS84","__atlas_sublayer":0}},{"type":"Feature","id":94097,"geometry":{"type":"Point","coordinates":[-51.87404120399998,-22.604907313000012]},"properties":{"OBJECTID":94097,"ID_AFLORAMENTO":182457,"ORIGEM":"Oracle","METODO_GEOPOSICIONAMENTO":"Levantamento em carta 1:500.000","TOPONIMIA":"Pedreira Taquaruçu","MUNICIPIO":"Sandovalina","UF":"SP","GEOLOGO":"A Definir","DATA_CADASTRO":1064534400000,"TIPO_AFLORAMENTO":null,"DESCRICAO":null,"NUMERO_CAMPO":null,"ROCHAS":null,"SUREG":"OUTROS","PROJETO":null,"CODIGO_FOLHA":null,"FOLHA":null,"ID_OCORRENCIA":39421,"PROVINCIA":"Paraná","STATUS_ECONOMICO":"Indeterminado","IMPORTANCIA":"Indeterminado","LOCALIZACAO_MINA":"Mina subterrânea (GPS sem sinal)","SITUACAO_MINA":null,"MOTIVO_INATIVIDADE_MINA":null,"SITUACAO_GARIMPO":null,"MOTIVO_INATIVIDADE_GARIMPO":null,"SUBSTANCIAS":"Cobre","ROCHAS_HOSPEDEIRAS":null,"ROCHAS_ENCAIXANTES":null,"CLASSES_UTILITARIAS":"Metais não ferrosos e semimetais","MORFOLOGIA":"Irregular","TEXTURAS":"Lamelar","TIPOS_ALTERACAO":null,"X":-51.8740412,"Y":-22.60490731,"DATUM":"WGS84","__atlas_sublayer":0}},{"type":"Feature","id":104946,"geometry":{"type":"Point","coordinates":[-51.62624907999998,-17.855449667000016]},"properties":{"OBJECTID":104946,"ID_AFLORAMENTO":196964,"ORIGEM":"Oracle","METODO_GEOPOSICIONAMENTO":"Levantamento em carta 1:500.000","TOPONIMIA":"Córrego do Lajeado","MUNICIPIO":"Jataí","UF":"GO","GEOLOGO":"A Definir","DATA_CADASTRO":1006819200000,"TIPO_AFLORAMENTO":null,"DESCRICAO":null,"NUMERO_CAMPO":null,"ROCHAS":null,"SUREG":"OUTROS","PROJETO":null,"CODIGO_FOLHA":null,"FOLHA":null,"ID_OCORRENCIA":34187,"PROVINCIA":"Paraná","STATUS_ECONOMICO":"Indeterminado","IMPORTANCIA":"Indeterminado","LOCALIZACAO_MINA":"Mina subterrânea (GPS sem sinal)","SITUACAO_MINA":null,"MOTIVO_INATIVIDADE_MINA":null,"SITUACAO_GARIMPO":null,"MOTIVO_INATIVIDADE_GARIMPO":null,"SUBSTANCIAS":"Diamante","ROCHAS_HOSPEDEIRAS":null,"ROCHAS_ENCAIXANTES":null,"CLASSES_UTILITARIAS":"Gemas","MORFOLOGIA":null,"TEXTURAS":null,"TIPOS_ALTERACAO":null,"X":-51.62624908,"Y":-17.85544967,"DATUM":"WGS84","__atlas_sublayer":0}},{"type":"Feature","id":101407,"geometry":{"type":"Point","coordinates":[-51.59458205499999,-17.77961615800001]},"properties":{"OBJECTID":101407,"ID_AFLORAMENTO":191447,"ORIGEM":"Oracle","METODO_GEOPOSICIONAMENTO":"Levantamento em carta 1:500.000","TOPONIMIA":"Ribeirão do Paraíba A 15 Km A Se de Jataí","MUNICIPIO":"Jataí","UF":"GO","GEOLOGO":"A Definir","DATA_CADASTRO":1006819200000,"TIPO_AFLORAMENTO":null,"DESCRICAO":null,"NUMERO_CAMPO":null,"ROCHAS":null,"SUREG":"OUTROS","PROJETO":null,"CODIGO_FOLHA":null,"FOLHA":null,"ID_OCORRENCIA":34182,"PROVINCIA":"Paraná","STATUS_ECONOMICO":"Indeterminado","IMPORTANCIA":"Indeterminado","LOCALIZACAO_MINA":"Mina subterrânea (GPS sem sinal)","SITUACAO_MINA":null,"MOTIVO_INATIVIDADE_MINA":null,"SITUACAO_GARIMPO":null,"MOTIVO_INATIVIDADE_GARIMPO":null,"SUBSTANCIAS":"Diamante","ROCHAS_HOSPEDEIRAS":null,"ROCHAS_ENCAIXANTES":null,"CLASSES_UTILITARIAS":"Gemas","MORFOLOGIA":null,"TEXTURAS":null,"TIPOS_ALTERACAO":null,"X":-51.59458206,"Y":-17.77961616,"DATUM":"WGS84","__atlas_sublayer":0}},{"type":"Feature","id":101233,"geometry":{"type":"Point","coordinates":[-51.200411943999995,-17.30044872100001]},"properties":{"OBJECTID":101233,"ID_AFLORAMENTO":191249,"ORIGEM":"Oracle","METODO_GEOPOSICIONAMENTO":"Levantamento em carta 1:500.000","TOPONIMIA":"Norte de Montividiu","MUNICIPIO":"Montividiu","UF":"GO","GEOLOGO":"A Definir","DATA_CADASTRO":1049760000000,"TIPO_AFLORAMENTO":null,"DESCRICAO":null,"NUMERO_CAMPO":null,"ROCHAS":null,"SUREG":"OUTROS","PROJETO":null,"CODIGO_FOLHA":null,"FOLHA":null,"ID_OCORRENCIA":34132,"PROVINCIA":"Paraná","STATUS_ECONOMICO":"Indeterminado","IMPORTANCIA":"Indeterminado","LOCALIZACAO_MINA":"Mina subterrânea (GPS sem sinal)","SITUACAO_MINA":null,"MOTIVO_INATIVIDADE_MINA":null,"SITUACAO_GARIMPO":null,"MOTIVO_INATIVIDADE_GARIMPO":null,"SUBSTANCIAS":"Calcário","ROCHAS_HOSPEDEIRAS":null,"ROCHAS_ENCAIXANTES":null,"CLASSES_UTILITARIAS":"Material de uso na construção civil","MORFOLOGIA":null,"TEXTURAS":null,"TIPOS_ALTERACAO":null,"X":-51.20041194,"Y":-17.30044872,"DATUM":"WGS84","__atlas_sublayer":0}},{"type":"Feature","id":116594,"geometry":{"type":"Point","coordinates":[-57.93519804900001,-22.036060080000027]},"properties":{"OBJECTID":116594,"ID_AFLORAMENTO":184063,"ORIGEM":"Oracle","METODO_GEOPOSICIONAMENTO":"Levantamento em carta 1:250.000","TOPONIMIA":"Porto Murtinho","MUNICIPIO":"Porto Murtinho","UF":"MS","GEOLOGO":"A Definir","DATA_CADASTRO":1006387200000,"TIPO_AFLORAMENTO":null,"DESCRICAO":null,"NUMERO_CAMPO":null,"ROCHAS":null,"SUREG":"OUTROS","PROJETO":null,"CODIGO_FOLHA":null,"FOLHA":null,"ID_OCORRENCIA":39780,"PROVINCIA":"Tocantins","STATUS_ECONOMICO":"Indeterminado","IMPORTANCIA":"Indeterminado","LOCALIZACAO_MINA":"Mina subterrânea (GPS sem sinal)","SITUACAO_MINA":"Ativo(a)","MOTIVO_INATIVIDADE_MINA":null,"SITUACAO_GARIMPO":"Ativo(a)","MOTIVO_INATIVIDADE_GARIMPO":null,"SUBSTANCIAS":"Calcário","ROCHAS_HOSPEDEIRAS":null,"ROCHAS_ENCAIXANTES":"Calcarenito","CLASSES_UTILITARIAS":"Material de uso na construção civil","MORFOLOGIA":"Estratificada","TEXTURAS":"Maciça","TIPOS_ALTERACAO":null,"X":-57.93519805,"Y":-22.03606008,"DATUM":"WGS84","__atlas_sublayer":0}},{"type":"Feature","id":110978,"geometry":{"type":"Point","coordinates":[-57.450399108,-20.936232496000002]},"properties":{"OBJECTID":110978,"ID_AFLORAMENTO":204164,"ORIGEM":"Oracle","METODO_GEOPOSICIONAMENTO":"Levantamento em carta 1:250.000","TOPONIMIA":"Porto Murtinho - Rio Aquidaba","MUNICIPIO":"Porto Murtinho","UF":"MS","GEOLOGO":"A Definir","DATA_CADASTRO":1076025600000,"TIPO_AFLORAMENTO":null,"DESCRICAO":null,"NUMERO_CAMPO":null,"ROCHAS":null,"SUREG":"OUTROS","PROJETO":null,"CODIGO_FOLHA":null,"FOLHA":null,"ID_OCORRENCIA":11901,"PROVINCIA":"Tocantins","STATUS_ECONOMICO":"Indeterminado","IMPORTANCIA":"Indeterminado","LOCALIZACAO_MINA":"Mina subterrânea (GPS sem sinal)","SITUACAO_MINA":null,"MOTIVO_INATIVIDADE_MINA":null,"SITUACAO_GARIMPO":null,"MOTIVO_INATIVIDADE_GARIMPO":null,"SUBSTANCIAS":"Cobre","ROCHAS_HOSPEDEIRAS":"Anfibolito","ROCHAS_ENCAIXANTES":null,"CLASSES_UTILITARIAS":"Metais não ferrosos e semimetais","MORFOLOGIA":"Filoneana","TEXTURAS":"Disseminada","TIPOS_ALTERACAO":"Sulfetação","X":-57.45039911,"Y":-20.9362325,"DATUM":"WGS84","__atlas_sublayer":0}},{"type":"Feature","id":124115,"geometry":{"type":"Point","coordinates":[-57.30500000000001,-20.783999999999992]},"properties":{"OBJECTID":124115,"ID_AFLORAMENTO":485092,"ORIGEM":"Oracle","METODO_GEOPOSICIONAMENTO":"GPS Manual pós 24/05/2000","TOPONIMIA":"Reserva Kadiwéu, MS-382","MUNICIPIO":"Porto Murtinho","UF":"MS","GEOLOGO":"Frederico Meira Faleiros","DATA_CADASTRO":1557964800000,"TIPO_AFLORAMENTO":"Lajedo ou Lajeiro","DESCRICAO":"Muscovita-quartzito-xisto fino, branco a prateado, com xistosidade bem desenvolvida e crenulação oblíqua, pouco a moderadamente alterado, com grânulos de quartzo.  Recoberto por cascalheira semelhante a descrita no ponto FM-0117.  Flanco D2 invertido.","NUMERO_CAMPO":"FM-0121","ROCHAS":"Cascalho, Muscovita-quartzo xisto","SUREG":"OUTROS","PROJETO":"Geologia das Folhas Aldeia Tomázia e Fazenda Santa Otília","CODIGO_FOLHA":"SF.21-V-B-VI","FOLHA":"Aldeia Tomasia","ID_OCORRENCIA":73449,"PROVINCIA":"Indeterminada","STATUS_ECONOMICO":"Garimpo","IMPORTANCIA":"Depósito","LOCALIZACAO_MINA":null,"SITUACAO_MINA":null,"MOTIVO_INATIVIDADE_MINA":null,"SITUACAO_GARIMPO":null,"MOTIVO_INATIVIDADE_GARIMPO":null,"SUBSTANCIAS":"Cascalho","ROCHAS_HOSPEDEIRAS":null,"ROCHAS_ENCAIXANTES":null,"CLASSES_UTILITARIAS":"Não definida","MORFOLOGIA":null,"TEXTURAS":null,"TIPOS_ALTERACAO":null,"X":-57.305,"Y":-20.784000000000002,"DATUM":"WGS84","__atlas_sublayer":0}},{"type":"Feature","id":109699,"geometry":{"type":"Point","coordinates":[-57.58073025200002,-19.215717567000013]},"properties":{"OBJECTID":109699,"ID_AFLORAMENTO":202778,"ORIGEM":"Oracle","METODO_GEOPOSICIONAMENTO":"Levantamento em carta 1:250.000","TOPONIMIA":"Urucum - Santa Cruz","MUNICIPIO":"Corumbá","UF":"MS","GEOLOGO":"A Definir","DATA_CADASTRO":1069977600000,"TIPO_AFLORAMENTO":null,"DESCRICAO":null,"NUMERO_CAMPO":null,"ROCHAS":null,"SUREG":"OUTROS","PROJETO":null,"CODIGO_FOLHA":null,"FOLHA":null,"ID_OCORRENCIA":11923,"PROVINCIA":"Tocantins","STATUS_ECONOMICO":"Mina","IMPORTANCIA":"Depósito","LOCALIZACAO_MINA":"Mina subterrânea (GPS sem sinal)","SITUACAO_MINA":"Ativo(a)","MOTIVO_INATIVIDADE_MINA":null,"SITUACAO_GARIMPO":"Ativo(a)","MOTIVO_INATIVIDADE_GARIMPO":null,"SUBSTANCIAS":"Ferro, Manganês","ROCHAS_HOSPEDEIRAS":"Jaspelito","ROCHAS_ENCAIXANTES":"Conglomerado","CLASSES_UTILITARIAS":"Metais ferrosos","MORFOLOGIA":"Laminada","TEXTURAS":"Compacta","TIPOS_ALTERACAO":null,"X":-57.58073025,"Y":-19.21571757,"DATUM":"WGS84","__atlas_sublayer":0}},{"type":"Feature","id":95691,"geometry":{"type":"Point","coordinates":[-57.476285339000015,-19.245440115000008]},"properties":{"OBJECTID":95691,"ID_AFLORAMENTO":184641,"ORIGEM":"Oracle","METODO_GEOPOSICIONAMENTO":"Levantamento em carta 1:250.000","TOPONIMIA":"Morro do Meio","MUNICIPIO":"Corumbá","UF":"MS","GEOLOGO":"A Definir","DATA_CADASTRO":1070323200000,"TIPO_AFLORAMENTO":null,"DESCRICAO":null,"NUMERO_CAMPO":null,"ROCHAS":null,"SUREG":"OUTROS","PROJETO":null,"CODIGO_FOLHA":null,"FOLHA":null,"ID_OCORRENCIA":47511,"PROVINCIA":"Tocantins","STATUS_ECONOMICO":"Não explotado","IMPORTANCIA":"Depósito","LOCALIZACAO_MINA":"Mina subterrânea (GPS sem sinal)","SITUACAO_MINA":null,"MOTIVO_INATIVIDADE_MINA":null,"SITUACAO_GARIMPO":null,"MOTIVO_INATIVIDADE_GARIMPO":null,"SUBSTANCIAS":"Mármore","ROCHAS_HOSPEDEIRAS":null,"ROCHAS_ENCAIXANTES":null,"CLASSES_UTILITARIAS":"Material de uso na construção civil","MORFOLOGIA":"Estratificada","TEXTURAS":"Maciça","TIPOS_ALTERACAO":null,"X":-57.47628534,"Y":-19.24544012,"DATUM":"WGS84","__atlas_sublayer":0}},{"type":"Feature","id":95692,"geometry":{"type":"Point","coordinates":[-57.096007222000026,-19.840164679999987]},"properties":{"OBJECTID":95692,"ID_AFLORAMENTO":184642,"ORIGEM":"Oracle","METODO_GEOPOSICIONAMENTO":"Levantamento em carta 1:250.000","TOPONIMIA":"Pedreira Caieira","MUNICIPIO":"Corumbá","UF":"MS","GEOLOGO":"A Definir","DATA_CADASTRO":1070323200000,"TIPO_AFLORAMENTO":"Pedreira","DESCRICAO":null,"NUMERO_CAMPO":null,"ROCHAS":null,"SUREG":"OUTROS","PROJETO":null,"CODIGO_FOLHA":null,"FOLHA":null,"ID_OCORRENCIA":47512,"PROVINCIA":"Tocantins","STATUS_ECONOMICO":"Mina","IMPORTANCIA":"Depósito","LOCALIZACAO_MINA":"Mina subterrânea (GPS sem sinal)","SITUACAO_MINA":"Ativo(a)","MOTIVO_INATIVIDADE_MINA":null,"SITUACAO_GARIMPO":"Ativo(a)","MOTIVO_INATIVIDADE_GARIMPO":null,"SUBSTANCIAS":"Calcário dolomítico","ROCHAS_HOSPEDEIRAS":"Calcário calcítico","ROCHAS_ENCAIXANTES":"Calcário dolomítico","CLASSES_UTILITARIAS":"Material de uso na construção civil","MORFOLOGIA":"Estratificada","TEXTURAS":"Maciça","TIPOS_ALTERACAO":null,"X":-57.09600722,"Y":-19.84016468,"DATUM":"WGS84","__atlas_sublayer":0}},{"type":"Feature","id":129001,"geometry":{"type":"Point","coordinates":[-56.77605360000001,-21.863687099999993]},"properties":{"OBJECTID":129001,"ID_AFLORAMENTO":413309,"ORIGEM":"Oracle","METODO_GEOPOSICIONAMENTO":"GPS Manual pós 24/05/2000","TOPONIMIA":"FAZ. RODOSERV","MUNICIPIO":"Bela Vista","UF":"MS","GEOLOGO":"Márcio José Remédio","DATA_CADASTRO":1268352000000,"TIPO_AFLORAMENTO":"Corte de estrada","DESCRICAO":"Laterita com estrutura boxwork (+- 5000m2).","NUMERO_CAMPO":"MR-0262","ROCHAS":"Laterita","SUREG":"OUTROS","PROJETO":"Bonito - Porto Murtinho","CODIGO_FOLHA":"SF.21-X-C-IV","FOLHA":"Fazenda Margarida","ID_OCORRENCIA":66203,"PROVINCIA":"Indeterminada","STATUS_ECONOMICO":"Não explotado","IMPORTANCIA":"Ocorrência","LOCALIZACAO_MINA":null,"SITUACAO_MINA":null,"MOTIVO_INATIVIDADE_MINA":null,"SITUACAO_GARIMPO":null,"MOTIVO_INATIVIDADE_GARIMPO":null,"SUBSTANCIAS":"Laterita","ROCHAS_HOSPEDEIRAS":null,"ROCHAS_ENCAIXANTES":null,"CLASSES_UTILITARIAS":"Não definida","MORFOLOGIA":null,"TEXTURAS":null,"TIPOS_ALTERACAO":null,"X":-56.7760536,"Y":-21.8636871,"DATUM":"WGS84","__atlas_sublayer":0}},{"type":"Feature","id":129002,"geometry":{"type":"Point","coordinates":[-56.76198729999999,-21.589469899999983]},"properties":{"OBJECTID":129002,"ID_AFLORAMENTO":413319,"ORIGEM":"Oracle","METODO_GEOPOSICIONAMENTO":"GPS Manual pós 24/05/2000","TOPONIMIA":"Faz. Margarida","MUNICIPIO":"Bela Vista","UF":"MS","GEOLOGO":"Vicente Sérgio Costa","DATA_CADASTRO":1268352000000,"TIPO_AFLORAMENTO":"Corte de estrada","DESCRICAO":"Filito com metaconglomerado. Área de empréstimo.","NUMERO_CAMPO":"VC-0099","ROCHAS":"Filito","SUREG":"OUTROS","PROJETO":"Bonito - Porto Murtinho","CODIGO_FOLHA":"SF.21-X-C-IV","FOLHA":"Fazenda Margarida","ID_OCORRENCIA":66204,"PROVINCIA":"Indeterminada","STATUS_ECONOMICO":"Garimpo","IMPORTANCIA":"Depósito","LOCALIZACAO_MINA":"Trincheira","SITUACAO_MINA":null,"MOTIVO_INATIVIDADE_MINA":null,"SITUACAO_GARIMPO":null,"MOTIVO_INATIVIDADE_GARIMPO":null,"SUBSTANCIAS":"Saibro","ROCHAS_HOSPEDEIRAS":null,"ROCHAS_ENCAIXANTES":null,"CLASSES_UTILITARIAS":"Não definida","MORFOLOGIA":null,"TEXTURAS":null,"TIPOS_ALTERACAO":null,"X":-56.7619873,"Y":-21.5894699,"DATUM":"WGS84","__atlas_sublayer":0}},{"type":"Feature","id":128992,"geometry":{"type":"Point","coordinates":[-56.60442599999999,-21.73556100000002]},"properties":{"OBJECTID":128992,"ID_AFLORAMENTO":413044,"ORIGEM":"Oracle","METODO_GEOPOSICIONAMENTO":"GPS Manual pós 24/05/2000","TOPONIMIA":"Rodovia Apa-Apore (Iagro para BR-267) Faz, Estero Grande","MUNICIPIO":"Bela Vista","UF":"MS","GEOLOGO":"Vicente Sérgio Costa","DATA_CADASTRO":1242172800000,"TIPO_AFLORAMENTO":"Corte de estrada","DESCRICAO":"Calciossilicática/Fosfato. Ocorrem também lentes de carbonato cinza escuro.","NUMERO_CAMPO":"VC-0035","ROCHAS":"Metamarga","SUREG":"OUTROS","PROJETO":"Bonito - Porto Murtinho","CODIGO_FOLHA":"SF.21-X-C-IV","FOLHA":"Fazenda Margarida","ID_OCORRENCIA":66193,"PROVINCIA":"Indeterminada","STATUS_ECONOMICO":"Não explotado","IMPORTANCIA":"Indício","LOCALIZACAO_MINA":null,"SITUACAO_MINA":null,"MOTIVO_INATIVIDADE_MINA":null,"SITUACAO_GARIMPO":null,"MOTIVO_INATIVIDADE_GARIMPO":null,"SUBSTANCIAS":"Fósforo","ROCHAS_HOSPEDEIRAS":null,"ROCHAS_ENCAIXANTES":null,"CLASSES_UTILITARIAS":"Não definida","MORFOLOGIA":null,"TEXTURAS":null,"TIPOS_ALTERACAO":null,"X":-56.604426,"Y":-21.735561,"DATUM":"WGS84","__atlas_sublayer":0}},{"type":"Feature","id":129004,"geometry":{"type":"Point","coordinates":[-56.596877000000006,-21.563673999999992]},"properties":{"OBJECTID":129004,"ID_AFLORAMENTO":413344,"ORIGEM":"Oracle","METODO_GEOPOSICIONAMENTO":"GPS Manual pós 24/05/2000","TOPONIMIA":"Mina da Calcario Bodoquena","MUNICIPIO":"Bela Vista","UF":"MS","GEOLOGO":"Vicente Sérgio Costa","DATA_CADASTRO":1242259200000,"TIPO_AFLORAMENTO":"Frente de lavra","DESCRICAO":"Calcário calcítico (98% CaO) e dolomítico (18% MgO)/Teepee?","NUMERO_CAMPO":"VC-0050","ROCHAS":"Calcário","SUREG":"OUTROS","PROJETO":"Bonito - Porto Murtinho","CODIGO_FOLHA":"SF.21-X-C-IV","FOLHA":"Fazenda Margarida","ID_OCORRENCIA":66206,"PROVINCIA":"Indeterminada","STATUS_ECONOMICO":"Mina","IMPORTANCIA":"Depósito","LOCALIZACAO_MINA":"Open pit","SITUACAO_MINA":"Ativo(a)","MOTIVO_INATIVIDADE_MINA":null,"SITUACAO_GARIMPO":"Ativo(a)","MOTIVO_INATIVIDADE_GARIMPO":null,"SUBSTANCIAS":"Calcário","ROCHAS_HOSPEDEIRAS":null,"ROCHAS_ENCAIXANTES":null,"CLASSES_UTILITARIAS":"Insumos para agricultura","MORFOLOGIA":null,"TEXTURAS":null,"TIPOS_ALTERACAO":null,"X":-56.596877,"Y":-21.563674,"DATUM":"WGS84","__atlas_sublayer":0}},{"type":"Feature","id":109267,"geometry":{"type":"Point","coordinates":[-56.917951888000005,-20.250443863999976]},"properties":{"OBJECTID":109267,"ID_AFLORAMENTO":202308,"ORIGEM":"Oracle","METODO_GEOPOSICIONAMENTO":"Levantamento em mapa 1:1.000.000","TOPONIMIA":"Retiro Nhuverá","MUNICIPIO":"Bodoquena","UF":"MS","GEOLOGO":"A Definir","DATA_CADASTRO":1102291200000,"TIPO_AFLORAMENTO":null,"DESCRICAO":null,"NUMERO_CAMPO":null,"ROCHAS":null,"SUREG":"OUTROS","PROJETO":null,"CODIGO_FOLHA":null,"FOLHA":null,"ID_OCORRENCIA":49501,"PROVINCIA":"Tocantins","STATUS_ECONOMICO":"Indeterminado","IMPORTANCIA":"Indeterminado","LOCALIZACAO_MINA":"Mina subterrânea (GPS sem sinal)","SITUACAO_MINA":null,"MOTIVO_INATIVIDADE_MINA":null,"SITUACAO_GARIMPO":null,"MOTIVO_INATIVIDADE_GARIMPO":null,"SUBSTANCIAS":"Mármore","ROCHAS_HOSPEDEIRAS":"Mármore","ROCHAS_ENCAIXANTES":"Mármore","CLASSES_UTILITARIAS":"Material de uso na construção civil","MORFOLOGIA":"Estratificada","TEXTURAS":"Plana","TIPOS_ALTERACAO":null,"X":-56.91795189,"Y":-20.25044386,"DATUM":"WGS84","__atlas_sublayer":0}},{"type":"Feature","id":109269,"geometry":{"type":"Point","coordinates":[-56.833784433000005,-20.133777140999996]},"properties":{"OBJECTID":109269,"ID_AFLORAMENTO":202310,"ORIGEM":"Oracle","METODO_GEOPOSICIONAMENTO":"Levantamento em mapa 1:1.000.000","TOPONIMIA":"Morraria","MUNICIPIO":"Miranda","UF":"MS","GEOLOGO":"A Definir","DATA_CADASTRO":1102377600000,"TIPO_AFLORAMENTO":null,"DESCRICAO":null,"NUMERO_CAMPO":null,"ROCHAS":null,"SUREG":"OUTROS","PROJETO":null,"CODIGO_FOLHA":null,"FOLHA":null,"ID_OCORRENCIA":49503,"PROVINCIA":"Tocantins","STATUS_ECONOMICO":"Não explotado","IMPORTANCIA":"Depósito","LOCALIZACAO_MINA":"Mina subterrânea (GPS sem sinal)","SITUACAO_MINA":null,"MOTIVO_INATIVIDADE_MINA":null,"SITUACAO_GARIMPO":null,"MOTIVO_INATIVIDADE_GARIMPO":null,"SUBSTANCIAS":"Dolomito","ROCHAS_HOSPEDEIRAS":"Dolomito","ROCHAS_ENCAIXANTES":"Dolomito","CLASSES_UTILITARIAS":"Material de uso na construção civil","MORFOLOGIA":"Estratificada","TEXTURAS":"Plana","TIPOS_ALTERACAO":null,"X":-56.83378443,"Y":-20.13377714,"DATUM":"WGS84","__atlas_sublayer":0}},{"type":"Feature","id":117591,"geometry":{"type":"Point","coordinates":[-56.80211808400003,-20.300444276999997]},"properties":{"OBJECTID":117591,"ID_AFLORAMENTO":202299,"ORIGEM":"Oracle","METODO_GEOPOSICIONAMENTO":"Levantamento em mapa 1:1.000.000","TOPONIMIA":"Fazenda Bodoquena","MUNICIPIO":"Miranda","UF":"MS","GEOLOGO":"A Definir","DATA_CADASTRO":1101945600000,"TIPO_AFLORAMENTO":null,"DESCRICAO":null,"NUMERO_CAMPO":null,"ROCHAS":null,"SUREG":"OUTROS","PROJETO":null,"CODIGO_FOLHA":null,"FOLHA":null,"ID_OCORRENCIA":49441,"PROVINCIA":"Tocantins","STATUS_ECONOMICO":"Indeterminado","IMPORTANCIA":"Indeterminado","LOCALIZACAO_MINA":"Mina subterrânea (GPS sem sinal)","SITUACAO_MINA":null,"MOTIVO_INATIVIDADE_MINA":null,"SITUACAO_GARIMPO":null,"MOTIVO_INATIVIDADE_GARIMPO":null,"SUBSTANCIAS":"Calcário","ROCHAS_HOSPEDEIRAS":"Calcário","ROCHAS_ENCAIXANTES":"Calcário","CLASSES_UTILITARIAS":"Não definida","MORFOLOGIA":"Estratificada","TEXTURAS":"Plana","TIPOS_ALTERACAO":null,"X":-56.80211808,"Y":-20.30044428,"DATUM":"WGS84","__atlas_sublayer":0}},{"type":"Feature","id":108396,"geometry":{"type":"Point","coordinates":[-56.78961793000002,-20.270444240000018]},"properties":{"OBJECTID":108396,"ID_AFLORAMENTO":201386,"ORIGEM":"Oracle","METODO_GEOPOSICIONAMENTO":"Levantamento em mapa 1:1.000.000","TOPONIMIA":"Fazenda Tapuia","MUNICIPIO":"Miranda","UF":"MS","GEOLOGO":"A Definir","DATA_CADASTRO":1102377600000,"TIPO_AFLORAMENTO":null,"DESCRICAO":null,"NUMERO_CAMPO":null,"ROCHAS":null,"SUREG":"OUTROS","PROJETO":null,"CODIGO_FOLHA":null,"FOLHA":null,"ID_OCORRENCIA":49507,"PROVINCIA":"Tocantins","STATUS_ECONOMICO":"Indeterminado","IMPORTANCIA":"Indeterminado","LOCALIZACAO_MINA":"Mina subterrânea (GPS sem sinal)","SITUACAO_MINA":null,"MOTIVO_INATIVIDADE_MINA":null,"SITUACAO_GARIMPO":null,"MOTIVO_INATIVIDADE_GARIMPO":null,"SUBSTANCIAS":"Dolomito","ROCHAS_HOSPEDEIRAS":"Dolomito","ROCHAS_ENCAIXANTES":"Dolomito","CLASSES_UTILITARIAS":"Não definida","MORFOLOGIA":"Estratificada","TEXTURAS":"Plana","TIPOS_ALTERACAO":null,"X":-56.78961793,"Y":-20.27044424,"DATUM":"WGS84","__atlas_sublayer":0}},{"type":"Feature","id":109272,"geometry":{"type":"Point","coordinates":[-56.783786615999986,-20.967112500999974]},"properties":{"OBJECTID":109272,"ID_AFLORAMENTO":202313,"ORIGEM":"Oracle","METODO_GEOPOSICIONAMENTO":"Levantamento em mapa 1:1.000.000","TOPONIMIA":"Fazenda Alto Salobra","MUNICIPIO":"Bonito","UF":"MS","GEOLOGO":"A Definir","DATA_CADASTRO":1102377600000,"TIPO_AFLORAMENTO":null,"DESCRICAO":null,"NUMERO_CAMPO":null,"ROCHAS":null,"SUREG":"OUTROS","PROJETO":null,"CODIGO_FOLHA":null,"FOLHA":null,"ID_OCORRENCIA":49506,"PROVINCIA":"Tocantins","STATUS_ECONOMICO":"Indeterminado","IMPORTANCIA":"Indeterminado","LOCALIZACAO_MINA":"Mina subterrânea (GPS sem sinal)","SITUACAO_MINA":null,"MOTIVO_INATIVIDADE_MINA":null,"SITUACAO_GARIMPO":null,"MOTIVO_INATIVIDADE_GARIMPO":null,"SUBSTANCIAS":"Calcário","ROCHAS_HOSPEDEIRAS":"Calcário","ROCHAS_ENCAIXANTES":"Calcário","CLASSES_UTILITARIAS":"Material de uso na construção civil","MORFOLOGIA":"Estratificada","TEXTURAS":"Plana","TIPOS_ALTERACAO":null,"X":-56.78378662,"Y":-20.9671125,"DATUM":"WGS84","__atlas_sublayer":0}},{"type":"Feature","id":122412,"geometry":{"type":"Point","coordinates":[-56.71388200000001,-20.614984900000024]},"properties":{"OBJECTID":122412,"ID_AFLORAMENTO":459450,"ORIGEM":"Oracle","METODO_GEOPOSICIONAMENTO":"GPS Manual pós 24/05/2000","TOPONIMIA":"Pedreira na margem oeste da MS-178 Mineração Hori","MUNICIPIO":"Bodoquena","UF":"MS","GEOLOGO":"Alexandre Alves de Oliveira","DATA_CADASTRO":1515628800000,"TIPO_AFLORAMENTO":"Pedreira","DESCRICAO":"Clacário cinza escuro calcítico laminado","NUMERO_CAMPO":"AA-0003","ROCHAS":"Calcário calcítico","SUREG":"OUTROS","PROJETO":"Geologia das folhas Rio Perdido e Vila Campão","CODIGO_FOLHA":"SF.21-X-A-IV","FOLHA":"Vila Campão","ID_OCORRENCIA":70377,"PROVINCIA":"Indeterminada","STATUS_ECONOMICO":"Mina","IMPORTANCIA":"Depósito","LOCALIZACAO_MINA":"Open pit","SITUACAO_MINA":"Ativo(a)","MOTIVO_INATIVIDADE_MINA":null,"SITUACAO_GARIMPO":"Ativo(a)","MOTIVO_INATIVIDADE_GARIMPO":null,"SUBSTANCIAS":"Calcário calcítico","ROCHAS_HOSPEDEIRAS":null,"ROCHAS_ENCAIXANTES":null,"CLASSES_UTILITARIAS":"Não definida","MORFOLOGIA":null,"TEXTURAS":null,"TIPOS_ALTERACAO":null,"X":-56.713882,"Y":-20.6149849,"DATUM":"WGS84","__atlas_sublayer":0}},{"type":"Feature","id":108370,"geometry":{"type":"Point","coordinates":[-56.701284785999974,-20.50072277800001]},"properties":{"OBJECTID":108370,"ID_AFLORAMENTO":201360,"ORIGEM":"Oracle","METODO_GEOPOSICIONAMENTO":"Levantamento em mapa 1:1.000.000","TOPONIMIA":"Serra da Bodoquena","MUNICIPIO":"Bodoquena","UF":"MS","GEOLOGO":"A Definir","DATA_CADASTRO":1102550400000,"TIPO_AFLORAMENTO":null,"DESCRICAO":null,"NUMERO_CAMPO":null,"ROCHAS":null,"SUREG":"OUTROS","PROJETO":null,"CODIGO_FOLHA":null,"FOLHA":null,"ID_OCORRENCIA":49560,"PROVINCIA":"Tocantins","STATUS_ECONOMICO":"Mina","IMPORTANCIA":"Depósito","LOCALIZACAO_MINA":"Mina subterrânea (GPS sem sinal)","SITUACAO_MINA":null,"MOTIVO_INATIVIDADE_MINA":null,"SITUACAO_GARIMPO":null,"MOTIVO_INATIVIDADE_GARIMPO":null,"SUBSTANCIAS":"Calcário","ROCHAS_HOSPEDEIRAS":"Calcário","ROCHAS_ENCAIXANTES":"Calcário","CLASSES_UTILITARIAS":"Material de uso na construção civil","MORFOLOGIA":"Estratificada","TEXTURAS":"Plana","TIPOS_ALTERACAO":null,"X":-56.70128479,"Y":-20.50072278,"DATUM":"WGS84","__atlas_sublayer":0}},{"type":"Feature","id":107183,"geometry":{"type":"Point","coordinates":[-56.606244402000016,-20.656248601000016]},"properties":{"OBJECTID":107183,"ID_AFLORAMENTO":199976,"ORIGEM":"Oracle","METODO_GEOPOSICIONAMENTO":"GPS Manual pós 24/05/2000","TOPONIMIA":"Fazenda S. Manoel","MUNICIPIO":"Bodoquena","UF":"MS","GEOLOGO":"A Definir","DATA_CADASTRO":1144195200000,"TIPO_AFLORAMENTO":null,"DESCRICAO":null,"NUMERO_CAMPO":null,"ROCHAS":null,"SUREG":"OUTROS","PROJETO":null,"CODIGO_FOLHA":null,"FOLHA":null,"ID_OCORRENCIA":50887,"PROVINCIA":"Tocantins","STATUS_ECONOMICO":"Indeterminado","IMPORTANCIA":"Indeterminado","LOCALIZACAO_MINA":"Mina subterrânea (GPS sem sinal)","SITUACAO_MINA":null,"MOTIVO_INATIVIDADE_MINA":null,"SITUACAO_GARIMPO":null,"MOTIVO_INATIVIDADE_GARIMPO":null,"SUBSTANCIAS":"Ferro","ROCHAS_HOSPEDEIRAS":"Filito","ROCHAS_ENCAIXANTES":"Jaspelito","CLASSES_UTILITARIAS":"Metais ferrosos","MORFOLOGIA":"Bandada","TEXTURAS":null,"TIPOS_ALTERACAO":null,"X":-56.6062444,"Y":-20.6562486,"DATUM":"WGS84","__atlas_sublayer":0}},{"type":"Feature","id":109072,"geometry":{"type":"Point","coordinates":[-56.604340707000006,-20.79961260099998]},"properties":{"OBJECTID":109072,"ID_AFLORAMENTO":202106,"ORIGEM":"Oracle","METODO_GEOPOSICIONAMENTO":"Levantamento em carta 1:10.000","TOPONIMIA":"Fazenda Ressaca","MUNICIPIO":"Bonito","UF":"MS","GEOLOGO":"A Definir","DATA_CADASTRO":1103673600000,"TIPO_AFLORAMENTO":null,"DESCRICAO":null,"NUMERO_CAMPO":null,"ROCHAS":null,"SUREG":"OUTROS","PROJETO":null,"CODIGO_FOLHA":null,"FOLHA":null,"ID_OCORRENCIA":49709,"PROVINCIA":"Tocantins","STATUS_ECONOMICO":"Não explotado","IMPORTANCIA":"Depósito","LOCALIZACAO_MINA":"Mina subterrânea (GPS sem sinal)","SITUACAO_MINA":null,"MOTIVO_INATIVIDADE_MINA":null,"SITUACAO_GARIMPO":null,"MOTIVO_INATIVIDADE_GARIMPO":null,"SUBSTANCIAS":"Fósforo","ROCHAS_HOSPEDEIRAS":"Fosforito","ROCHAS_ENCAIXANTES":"Calcário estromatolítico","CLASSES_UTILITARIAS":"Insumos para agricultura","MORFOLOGIA":"Estratificada","TEXTURAS":"Maciça","TIPOS_ALTERACAO":null,"X":-56.60434071,"Y":-20.7996126,"DATUM":"WGS84","__atlas_sublayer":0}},{"type":"Feature","id":122415,"geometry":{"type":"Point","coordinates":[-56.59514999999999,-20.79233290000002]},"properties":{"OBJECTID":122415,"ID_AFLORAMENTO":459479,"ORIGEM":"Oracle","METODO_GEOPOSICIONAMENTO":"GPS Manual pós 24/05/2000","TOPONIMIA":"Estrada de terra para a Fazenda Veneza, próximo a sede","MUNICIPIO":"Bonito","UF":"MS","GEOLOGO":"Alexandre Alves de Oliveira","DATA_CADASTRO":1517270400000,"TIPO_AFLORAMENTO":"Lajedo ou Lajeiro","DESCRICAO":"Metacalcário calcítico cinza escuro, lâminado. Ocorrem veios budinados e nódulos de metacalcário cinza claro, rico em fosfato.","NUMERO_CAMPO":"AA-0227","ROCHAS":"Metacalcário calcítico","SUREG":"OUTROS","PROJETO":"Geologia das folhas Rio Perdido e Vila Campão","CODIGO_FOLHA":"SF.21-X-A-IV","FOLHA":"Vila Campão","ID_OCORRENCIA":70381,"PROVINCIA":"Indeterminada","STATUS_ECONOMICO":"Não explotado","IMPORTANCIA":"Ocorrência","LOCALIZACAO_MINA":null,"SITUACAO_MINA":null,"MOTIVO_INATIVIDADE_MINA":null,"SITUACAO_GARIMPO":null,"MOTIVO_INATIVIDADE_GARIMPO":null,"SUBSTANCIAS":"Fósforo","ROCHAS_HOSPEDEIRAS":null,"ROCHAS_ENCAIXANTES":null,"CLASSES_UTILITARIAS":"Não definida","MORFOLOGIA":null,"TEXTURAS":null,"TIPOS_ALTERACAO":null,"X":-56.59515,"Y":-20.7923329,"DATUM":"WGS84","__atlas_sublayer":0}},{"type":"Feature","id":109721,"geometry":{"type":"Point","coordinates":[-56.573214565,-20.915714444999992]},"properties":{"OBJECTID":109721,"ID_AFLORAMENTO":202802,"ORIGEM":"Oracle","METODO_GEOPOSICIONAMENTO":"Levantamento em carta 1:250.000","TOPONIMIA":"Aquidauana","MUNICIPIO":"Bonito","UF":"MS","GEOLOGO":"A Definir","DATA_CADASTRO":1076025600000,"TIPO_AFLORAMENTO":null,"DESCRICAO":null,"NUMERO_CAMPO":null,"ROCHAS":null,"SUREG":"OUTROS","PROJETO":null,"CODIGO_FOLHA":null,"FOLHA":null,"ID_OCORRENCIA":11906,"PROVINCIA":"Tocantins","STATUS_ECONOMICO":"Não explotado","IMPORTANCIA":"Depósito","LOCALIZACAO_MINA":"Mina subterrânea (GPS sem sinal)","SITUACAO_MINA":null,"MOTIVO_INATIVIDADE_MINA":null,"SITUACAO_GARIMPO":null,"MOTIVO_INATIVIDADE_GARIMPO":null,"SUBSTANCIAS":"Fósforo","ROCHAS_HOSPEDEIRAS":"Siltito","ROCHAS_ENCAIXANTES":"Siltito","CLASSES_UTILITARIAS":"Insumos para agricultura","MORFOLOGIA":"Estratificada","TEXTURAS":"Disseminada","TIPOS_ALTERACAO":null,"X":-56.57321457,"Y":-20.91571445,"DATUM":"WGS84","__atlas_sublayer":0}},{"type":"Feature","id":122416,"geometry":{"type":"Point","coordinates":[-56.54649089999998,-20.987794000000008]},"properties":{"OBJECTID":122416,"ID_AFLORAMENTO":459507,"ORIGEM":"Oracle","METODO_GEOPOSICIONAMENTO":"GPS Manual pós 24/05/2000","TOPONIMIA":"Estrada de terra para fazenda Bocaiuva, na margem oeste da rodovia MS 178","MUNICIPIO":"Bonito","UF":"MS","GEOLOGO":"Alexandre Alves de Oliveira","DATA_CADASTRO":1516233600000,"TIPO_AFLORAMENTO":"Lajedo ou Lajeiro","DESCRICAO":"Calcário calcítico cinza escuro, maciço, bastante alterado. Apresenta níveis silicificados e níveis ricos em fosfato, principalmente em regiões mais alteradas da rocha.","NUMERO_CAMPO":"AA-0123","ROCHAS":"Calcário","SUREG":"OUTROS","PROJETO":"Geologia das folhas Rio Perdido e Vila Campão","CODIGO_FOLHA":"SF.21-X-A-IV","FOLHA":"Vila Campão","ID_OCORRENCIA":70385,"PROVINCIA":"Indeterminada","STATUS_ECONOMICO":"Não explotado","IMPORTANCIA":"Ocorrência","LOCALIZACAO_MINA":null,"SITUACAO_MINA":null,"MOTIVO_INATIVIDADE_MINA":null,"SITUACAO_GARIMPO":null,"MOTIVO_INATIVIDADE_GARIMPO":null,"SUBSTANCIAS":"Fósforo","ROCHAS_HOSPEDEIRAS":null,"ROCHAS_ENCAIXANTES":null,"CLASSES_UTILITARIAS":"Não definida","MORFOLOGIA":null,"TEXTURAS":null,"TIPOS_ALTERACAO":null,"X":-56.5464909,"Y":-20.987793999999997,"DATUM":"WGS84","__atlas_sublayer":0}},{"type":"Feature","id":109074,"geometry":{"type":"Point","coordinates":[-56.532396436,-20.989335439]},"properties":{"OBJECTID":109074,"ID_AFLORAMENTO":202108,"ORIGEM":"Oracle","METODO_GEOPOSICIONAMENTO":"Levantamento em carta 1:100.000","TOPONIMIA":"Fazenda Bocaiúva","MUNICIPIO":"Bonito","UF":"MS","GEOLOGO":"A Definir","DATA_CADASTRO":1103673600000,"TIPO_AFLORAMENTO":null,"DESCRICAO":null,"NUMERO_CAMPO":null,"ROCHAS":null,"SUREG":"OUTROS","PROJETO":null,"CODIGO_FOLHA":null,"FOLHA":null,"ID_OCORRENCIA":49711,"PROVINCIA":"Tocantins","STATUS_ECONOMICO":"Não explotado","IMPORTANCIA":"Depósito","LOCALIZACAO_MINA":"Mina subterrânea (GPS sem sinal)","SITUACAO_MINA":null,"MOTIVO_INATIVIDADE_MINA":null,"SITUACAO_GARIMPO":null,"MOTIVO_INATIVIDADE_GARIMPO":null,"SUBSTANCIAS":"Fósforo","ROCHAS_HOSPEDEIRAS":"Fosforito","ROCHAS_ENCAIXANTES":"Calcário estromatolítico","CLASSES_UTILITARIAS":"Insumos para agricultura","MORFOLOGIA":"Estratificada","TEXTURAS":"Maciça","TIPOS_ALTERACAO":null,"X":-56.53239644,"Y":-20.98933544,"DATUM":"WGS84","__atlas_sublayer":0}},{"type":"Feature","id":109723,"geometry":{"type":"Point","coordinates":[-56.33711718400002,-20.848502306]},"properties":{"OBJECTID":109723,"ID_AFLORAMENTO":202804,"ORIGEM":"Oracle","METODO_GEOPOSICIONAMENTO":"Levantamento em carta 1:250.000","TOPONIMIA":"Miranda","MUNICIPIO":"Bonito","UF":"MS","GEOLOGO":"A Definir","DATA_CADASTRO":1076025600000,"TIPO_AFLORAMENTO":null,"DESCRICAO":null,"NUMERO_CAMPO":null,"ROCHAS":null,"SUREG":"OUTROS","PROJETO":null,"CODIGO_FOLHA":null,"FOLHA":null,"ID_OCORRENCIA":11908,"PROVINCIA":"Tocantins","STATUS_ECONOMICO":"Indeterminado","IMPORTANCIA":"Indeterminado","LOCALIZACAO_MINA":"Mina subterrânea (GPS sem sinal)","SITUACAO_MINA":null,"MOTIVO_INATIVIDADE_MINA":null,"SITUACAO_GARIMPO":null,"MOTIVO_INATIVIDADE_GARIMPO":null,"SUBSTANCIAS":"Cobre","ROCHAS_HOSPEDEIRAS":"Brecha carbonática","ROCHAS_ENCAIXANTES":"Metacalcário","CLASSES_UTILITARIAS":"Metais não ferrosos e semimetais","MORFOLOGIA":"Brechada","TEXTURAS":"Disseminada","TIPOS_ALTERACAO":null,"X":-56.33711718,"Y":-20.84850231,"DATUM":"WGS84","__atlas_sublayer":0}},{"type":"Feature","id":107159,"geometry":{"type":"Point","coordinates":[-56.327248637000025,-20.715607466999984]},"properties":{"OBJECTID":107159,"ID_AFLORAMENTO":199952,"ORIGEM":"Oracle","METODO_GEOPOSICIONAMENTO":"GPS Manual pós 24/05/2000","TOPONIMIA":"Fazenda Sofia","MUNICIPIO":"Bonito","UF":"MS","GEOLOGO":"A Definir","DATA_CADASTRO":1144108800000,"TIPO_AFLORAMENTO":null,"DESCRICAO":null,"NUMERO_CAMPO":null,"ROCHAS":null,"SUREG":"OUTROS","PROJETO":null,"CODIGO_FOLHA":null,"FOLHA":null,"ID_OCORRENCIA":50858,"PROVINCIA":"Tocantins","STATUS_ECONOMICO":"Indeterminado","IMPORTANCIA":"Indeterminado","LOCALIZACAO_MINA":"Mina subterrânea (GPS sem sinal)","SITUACAO_MINA":null,"MOTIVO_INATIVIDADE_MINA":null,"SITUACAO_GARIMPO":null,"MOTIVO_INATIVIDADE_GARIMPO":null,"SUBSTANCIAS":"Ouro","ROCHAS_HOSPEDEIRAS":null,"ROCHAS_ENCAIXANTES":null,"CLASSES_UTILITARIAS":"Não definida","MORFOLOGIA":null,"TEXTURAS":null,"TIPOS_ALTERACAO":null,"X":-56.32724864,"Y":-20.71560747,"DATUM":"WGS84","__atlas_sublayer":0}},{"type":"Feature","id":107178,"geometry":{"type":"Point","coordinates":[-56.222623741999996,-20.798336930999994]},"properties":{"OBJECTID":107178,"ID_AFLORAMENTO":199971,"ORIGEM":"Oracle","METODO_GEOPOSICIONAMENTO":"GPS Manual pós 24/05/2000","TOPONIMIA":"Bonito_Anastacio","MUNICIPIO":"Bonito","UF":"MS","GEOLOGO":"A Definir","DATA_CADASTRO":1144195200000,"TIPO_AFLORAMENTO":null,"DESCRICAO":null,"NUMERO_CAMPO":null,"ROCHAS":null,"SUREG":"OUTROS","PROJETO":null,"CODIGO_FOLHA":null,"FOLHA":null,"ID_OCORRENCIA":50882,"PROVINCIA":"Tocantins","STATUS_ECONOMICO":"Indeterminado","IMPORTANCIA":"Indeterminado","LOCALIZACAO_MINA":"Mina subterrânea (GPS sem sinal)","SITUACAO_MINA":null,"MOTIVO_INATIVIDADE_MINA":null,"SITUACAO_GARIMPO":null,"MOTIVO_INATIVIDADE_GARIMPO":null,"SUBSTANCIAS":"Calcário","ROCHAS_HOSPEDEIRAS":"Calcário, Dolomito","ROCHAS_ENCAIXANTES":"Calcário, Dolomito","CLASSES_UTILITARIAS":"Rochas e minerais industriais","MORFOLOGIA":"Estratificada","TEXTURAS":"Maciça","TIPOS_ALTERACAO":null,"X":-56.22262374,"Y":-20.79833693,"DATUM":"WGS84","__atlas_sublayer":0}},{"type":"Feature","id":109055,"geometry":{"type":"Point","coordinates":[-54.810166615000014,-21.63239705699999]},"properties":{"OBJECTID":109055,"ID_AFLORAMENTO":202087,"ORIGEM":"Oracle","METODO_GEOPOSICIONAMENTO":"Levantamento em carta 1:100.000","TOPONIMIA":"Córrego Água Ruim","MUNICIPIO":"Rio Brilhante","UF":"MS","GEOLOGO":"A Definir","DATA_CADASTRO":1103155200000,"TIPO_AFLORAMENTO":null,"DESCRICAO":null,"NUMERO_CAMPO":null,"ROCHAS":null,"SUREG":"OUTROS","PROJETO":null,"CODIGO_FOLHA":null,"FOLHA":null,"ID_OCORRENCIA":49647,"PROVINCIA":"Tocantins","STATUS_ECONOMICO":"Não explotado","IMPORTANCIA":"Depósito","LOCALIZACAO_MINA":"Mina subterrânea (GPS sem sinal)","SITUACAO_MINA":null,"MOTIVO_INATIVIDADE_MINA":null,"SITUACAO_GARIMPO":null,"MOTIVO_INATIVIDADE_GARIMPO":null,"SUBSTANCIAS":"Turfa","ROCHAS_HOSPEDEIRAS":"Argila","ROCHAS_ENCAIXANTES":"Basalto","CLASSES_UTILITARIAS":"Insumos para agricultura","MORFOLOGIA":"Terrosa","TEXTURAS":"Granular","TIPOS_ALTERACAO":null,"X":-54.81016662,"Y":-21.63239706,"DATUM":"WGS84","__atlas_sublayer":0}},{"type":"Feature","id":108395,"geometry":{"type":"Point","coordinates":[-54.577665572,-21.724064564999992]},"properties":{"OBJECTID":108395,"ID_AFLORAMENTO":201385,"ORIGEM":"Oracle","METODO_GEOPOSICIONAMENTO":"Levantamento em carta 1:100.000","TOPONIMIA":"Fazenda Ramalhete","MUNICIPIO":"Rio Brilhante","UF":"MS","GEOLOGO":"A Definir","DATA_CADASTRO":1103155200000,"TIPO_AFLORAMENTO":null,"DESCRICAO":null,"NUMERO_CAMPO":null,"ROCHAS":null,"SUREG":"OUTROS","PROJETO":null,"CODIGO_FOLHA":null,"FOLHA":null,"ID_OCORRENCIA":49642,"PROVINCIA":"Tocantins","STATUS_ECONOMICO":"Não explotado","IMPORTANCIA":"Depósito","LOCALIZACAO_MINA":"Mina subterrânea (GPS sem sinal)","SITUACAO_MINA":null,"MOTIVO_INATIVIDADE_MINA":null,"SITUACAO_GARIMPO":null,"MOTIVO_INATIVIDADE_GARIMPO":null,"SUBSTANCIAS":"Turfa","ROCHAS_HOSPEDEIRAS":"Argila","ROCHAS_ENCAIXANTES":"Basalto","CLASSES_UTILITARIAS":"Insumos para agricultura","MORFOLOGIA":"Terrosa","TEXTURAS":"Granular","TIPOS_ALTERACAO":null,"X":-54.57766557,"Y":-21.72406457,"DATUM":"WGS84","__atlas_sublayer":0}},{"type":"Feature","id":104608,"geometry":{"type":"Point","coordinates":[-54.93294196400001,-20.57989418400001]},"properties":{"OBJECTID":104608,"ID_AFLORAMENTO":195615,"ORIGEM":"Oracle","METODO_GEOPOSICIONAMENTO":"Levantamento em mapa 1:1.000.000","TOPONIMIA":"Rio Viradouro","MUNICIPIO":"Terenos","UF":"MS","GEOLOGO":"A Definir","DATA_CADASTRO":1050969600000,"TIPO_AFLORAMENTO":null,"DESCRICAO":null,"NUMERO_CAMPO":null,"ROCHAS":null,"SUREG":"OUTROS","PROJETO":null,"CODIGO_FOLHA":null,"FOLHA":null,"ID_OCORRENCIA":34531,"PROVINCIA":"Paraná","STATUS_ECONOMICO":"Indeterminado","IMPORTANCIA":"Indeterminado","LOCALIZACAO_MINA":"Mina subterrânea (GPS sem sinal)","SITUACAO_MINA":null,"MOTIVO_INATIVIDADE_MINA":null,"SITUACAO_GARIMPO":null,"MOTIVO_INATIVIDADE_GARIMPO":null,"SUBSTANCIAS":"Diamante","ROCHAS_HOSPEDEIRAS":null,"ROCHAS_ENCAIXANTES":null,"CLASSES_UTILITARIAS":"Gemas","MORFOLOGIA":"Maciça","TEXTURAS":"Granular","TIPOS_ALTERACAO":null,"X":-54.93294196,"Y":-20.57989418,"DATUM":"WGS84","__atlas_sublayer":0}},{"type":"Feature","id":107166,"geometry":{"type":"Point","coordinates":[-54.88763294,-19.953234269999996]},"properties":{"OBJECTID":107166,"ID_AFLORAMENTO":199959,"ORIGEM":"Oracle","METODO_GEOPOSICIONAMENTO":"GPS Manual pós 24/05/2000","TOPONIMIA":"Rochedo","MUNICIPIO":"Rochedo","UF":"MS","GEOLOGO":"A Definir","DATA_CADASTRO":1121990400000,"TIPO_AFLORAMENTO":null,"DESCRICAO":null,"NUMERO_CAMPO":null,"ROCHAS":null,"SUREG":"OUTROS","PROJETO":null,"CODIGO_FOLHA":null,"FOLHA":null,"ID_OCORRENCIA":50869,"PROVINCIA":"Paraná","STATUS_ECONOMICO":"Mina","IMPORTANCIA":"Depósito","LOCALIZACAO_MINA":"Mina subterrânea (GPS sem sinal)","SITUACAO_MINA":null,"MOTIVO_INATIVIDADE_MINA":null,"SITUACAO_GARIMPO":null,"MOTIVO_INATIVIDADE_GARIMPO":null,"SUBSTANCIAS":"Areia","ROCHAS_HOSPEDEIRAS":null,"ROCHAS_ENCAIXANTES":null,"CLASSES_UTILITARIAS":"Material de uso na construção civil","MORFOLOGIA":null,"TEXTURAS":null,"TIPOS_ALTERACAO":null,"X":-54.88763294,"Y":-19.95323427,"DATUM":"WGS84","__atlas_sublayer":0}},{"type":"Feature","id":106562,"geometry":{"type":"Point","coordinates":[-54.85404812899998,-18.93572343400001]},"properties":{"OBJECTID":106562,"ID_AFLORAMENTO":199228,"ORIGEM":"Oracle","METODO_GEOPOSICIONAMENTO":"Levantamento em mapa 1:1.000.000","TOPONIMIA":"Rio Taquari-Mirim:10 Km A Sudeste de Rio Verde de Mato Grosso","MUNICIPIO":"Rio Verde de Mato Grosso","UF":"MS","GEOLOGO":"A Definir","DATA_CADASTRO":1066435200000,"TIPO_AFLORAMENTO":null,"DESCRICAO":null,"NUMERO_CAMPO":null,"ROCHAS":null,"SUREG":"OUTROS","PROJETO":null,"CODIGO_FOLHA":null,"FOLHA":null,"ID_OCORRENCIA":34271,"PROVINCIA":"Paraná","STATUS_ECONOMICO":"Indeterminado","IMPORTANCIA":"Indeterminado","LOCALIZACAO_MINA":"Mina subterrânea (GPS sem sinal)","SITUACAO_MINA":null,"MOTIVO_INATIVIDADE_MINA":null,"SITUACAO_GARIMPO":null,"MOTIVO_INATIVIDADE_GARIMPO":null,"SUBSTANCIAS":"Diamante","ROCHAS_HOSPEDEIRAS":null,"ROCHAS_ENCAIXANTES":null,"CLASSES_UTILITARIAS":"Gemas","MORFOLOGIA":"Maciça","TEXTURAS":"Granular","TIPOS_ALTERACAO":null,"X":-54.85404813,"Y":-18.93572343,"DATUM":"WGS84","__atlas_sublayer":0}},{"type":"Feature","id":107175,"geometry":{"type":"Point","coordinates":[-54.78730337000002,-18.82872051800001]},"properties":{"OBJECTID":107175,"ID_AFLORAMENTO":199968,"ORIGEM":"Oracle","METODO_GEOPOSICIONAMENTO":"GPS Manual pós 24/05/2000","TOPONIMIA":"Córrego Taquari Mirim","MUNICIPIO":"Rio Verde de Mato Grosso","UF":"MS","GEOLOGO":"A Definir","DATA_CADASTRO":1144195200000,"TIPO_AFLORAMENTO":null,"DESCRICAO":null,"NUMERO_CAMPO":null,"ROCHAS":null,"SUREG":"OUTROS","PROJETO":null,"CODIGO_FOLHA":null,"FOLHA":null,"ID_OCORRENCIA":50878,"PROVINCIA":"Paraná","STATUS_ECONOMICO":"Mina","IMPORTANCIA":"Depósito","LOCALIZACAO_MINA":"Mina subterrânea (GPS sem sinal)","SITUACAO_MINA":null,"MOTIVO_INATIVIDADE_MINA":null,"SITUACAO_GARIMPO":null,"MOTIVO_INATIVIDADE_GARIMPO":null,"SUBSTANCIAS":"Areia, Cascalho","ROCHAS_HOSPEDEIRAS":null,"ROCHAS_ENCAIXANTES":null,"CLASSES_UTILITARIAS":"Material de uso na construção civil","MORFOLOGIA":null,"TEXTURAS":null,"TIPOS_ALTERACAO":null,"X":-54.787303370000004,"Y":-18.82872052,"DATUM":"WGS84","__atlas_sublayer":0}},{"type":"Feature","id":116815,"geometry":{"type":"Point","coordinates":[-53.11708978799999,-17.267111295000007]},"properties":{"OBJECTID":116815,"ID_AFLORAMENTO":191247,"ORIGEM":"Oracle","METODO_GEOPOSICIONAMENTO":"Levantamento em carta 1:500.000","TOPONIMIA":"Fazenda Bebedouro","MUNICIPIO":"Santa Rita do Araguaia","UF":"GO","GEOLOGO":"A Definir","DATA_CADASTRO":1067558400000,"TIPO_AFLORAMENTO":null,"DESCRICAO":null,"NUMERO_CAMPO":null,"ROCHAS":null,"SUREG":"OUTROS","PROJETO":null,"CODIGO_FOLHA":null,"FOLHA":null,"ID_OCORRENCIA":34129,"PROVINCIA":"Paraná","STATUS_ECONOMICO":"Indeterminado","IMPORTANCIA":"Indeterminado","LOCALIZACAO_MINA":"Mina subterrânea (GPS sem sinal)","SITUACAO_MINA":null,"MOTIVO_INATIVIDADE_MINA":null,"SITUACAO_GARIMPO":null,"MOTIVO_INATIVIDADE_GARIMPO":null,"SUBSTANCIAS":"Calcário","ROCHAS_HOSPEDEIRAS":null,"ROCHAS_ENCAIXANTES":null,"CLASSES_UTILITARIAS":"Material de uso na construção civil","MORFOLOGIA":"Estratiforme","TEXTURAS":"Granular","TIPOS_ALTERACAO":null,"X":-53.11708979,"Y":-17.2671113,"DATUM":"WGS84","__atlas_sublayer":0}},{"type":"Feature","id":96669,"geometry":{"type":"Point","coordinates":[-52.733476601999996,-17.32766784400002]},"properties":{"OBJECTID":96669,"ID_AFLORAMENTO":185879,"ORIGEM":"Oracle","METODO_GEOPOSICIONAMENTO":"Levantamento em carta 1:500.000","TOPONIMIA":"Fazenda Palmital","MUNICIPIO":"Portelândia","UF":"GO","GEOLOGO":"A Definir","DATA_CADASTRO":1064534400000,"TIPO_AFLORAMENTO":null,"DESCRICAO":null,"NUMERO_CAMPO":null,"ROCHAS":null,"SUREG":"OUTROS","PROJETO":null,"CODIGO_FOLHA":null,"FOLHA":null,"ID_OCORRENCIA":39379,"PROVINCIA":"Paraná","STATUS_ECONOMICO":"Indeterminado","IMPORTANCIA":"Indeterminado","LOCALIZACAO_MINA":"Mina subterrânea (GPS sem sinal)","SITUACAO_MINA":null,"MOTIVO_INATIVIDADE_MINA":null,"SITUACAO_GARIMPO":null,"MOTIVO_INATIVIDADE_GARIMPO":null,"SUBSTANCIAS":"Fósforo","ROCHAS_HOSPEDEIRAS":"Folhelho","ROCHAS_ENCAIXANTES":null,"CLASSES_UTILITARIAS":"Insumos para agricultura","MORFOLOGIA":"Maciça","TEXTURAS":"Granular","TIPOS_ALTERACAO":null,"X":-52.7334766,"Y":-17.32766784,"DATUM":"WGS84","__atlas_sublayer":0}},{"type":"Feature","id":101245,"geometry":{"type":"Point","coordinates":[-52.60319863500001,-17.576002249999988]},"properties":{"OBJECTID":101245,"ID_AFLORAMENTO":191269,"ORIGEM":"Oracle","METODO_GEOPOSICIONAMENTO":"Levantamento em carta 1:500.000","TOPONIMIA":"Rio Verdinho","MUNICIPIO":"Mineiros","UF":"GO","GEOLOGO":"A Definir","DATA_CADASTRO":1049846400000,"TIPO_AFLORAMENTO":null,"DESCRICAO":null,"NUMERO_CAMPO":null,"ROCHAS":null,"SUREG":"OUTROS","PROJETO":null,"CODIGO_FOLHA":null,"FOLHA":null,"ID_OCORRENCIA":34171,"PROVINCIA":"Paraná","STATUS_ECONOMICO":"Indeterminado","IMPORTANCIA":"Indeterminado","LOCALIZACAO_MINA":"Mina subterrânea (GPS sem sinal)","SITUACAO_MINA":null,"MOTIVO_INATIVIDADE_MINA":null,"SITUACAO_GARIMPO":null,"MOTIVO_INATIVIDADE_GARIMPO":null,"SUBSTANCIAS":"Diamante","ROCHAS_HOSPEDEIRAS":null,"ROCHAS_ENCAIXANTES":null,"CLASSES_UTILITARIAS":"Gemas","MORFOLOGIA":null,"TEXTURAS":null,"TIPOS_ALTERACAO":null,"X":-52.60319864,"Y":-17.57600225,"DATUM":"WGS84","__atlas_sublayer":0}},{"type":"Feature","id":122549,"geometry":{"type":"Point","coordinates":[-51.07569999999998,-23.061399999999992]},"properties":{"OBJECTID":122549,"ID_AFLORAMENTO":482843,"ORIGEM":"Oracle","METODO_GEOPOSICIONAMENTO":"GPS Manual pós 24/05/2000","TOPONIMIA":"Sertanópolis","MUNICIPIO":"Sertanópolis","UF":"PR","GEOLOGO":"André Luis Spisila","DATA_CADASTRO":1639958400000,"TIPO_AFLORAMENTO":"Pedreira","DESCRICAO":"Pedreira desativada, onde aflora basalto (derrame pahoehoe espesso). Formação Pitanga, Bacia do Paraná.","NUMERO_CAMPO":"LS-0077","ROCHAS":"Basalto","SUREG":"OUTROS","PROJETO":"Mapa Geológico do Estado do Paraná","CODIGO_FOLHA":"SF.22-Y-D-III","FOLHA":"Londrina","ID_OCORRENCIA":73120,"PROVINCIA":"Indeterminada","STATUS_ECONOMICO":"Mina","IMPORTANCIA":"Depósito","LOCALIZACAO_MINA":null,"SITUACAO_MINA":"Inativo(a)","MOTIVO_INATIVIDADE_MINA":null,"SITUACAO_GARIMPO":"Inativo(a)","MOTIVO_INATIVIDADE_GARIMPO":null,"SUBSTANCIAS":"Brita","ROCHAS_HOSPEDEIRAS":null,"ROCHAS_ENCAIXANTES":null,"CLASSES_UTILITARIAS":"Não definida","MORFOLOGIA":null,"TEXTURAS":null,"TIPOS_ALTERACAO":null,"X":-51.075700000000005,"Y":-23.061400000000003,"DATUM":"WGS84","__atlas_sublayer":0}},{"type":"Feature","id":101244,"geometry":{"type":"Point","coordinates":[-51.964861187,-17.41572530000002]},"properties":{"OBJECTID":101244,"ID_AFLORAMENTO":191266,"ORIGEM":"Oracle","METODO_GEOPOSICIONAMENTO":"Levantamento em carta 1:500.000","TOPONIMIA":"Go -158, Jataí Para Caiapônia","MUNICIPIO":"Caiapônia","UF":"GO","GEOLOGO":"A Definir","DATA_CADASTRO":1064793600000,"TIPO_AFLORAMENTO":null,"DESCRICAO":null,"NUMERO_CAMPO":null,"ROCHAS":null,"SUREG":"OUTROS","PROJETO":null,"CODIGO_FOLHA":null,"FOLHA":null,"ID_OCORRENCIA":34159,"PROVINCIA":"Paraná","STATUS_ECONOMICO":"Indeterminado","IMPORTANCIA":"Indeterminado","LOCALIZACAO_MINA":"Mina subterrânea (GPS sem sinal)","SITUACAO_MINA":null,"MOTIVO_INATIVIDADE_MINA":null,"SITUACAO_GARIMPO":null,"MOTIVO_INATIVIDADE_GARIMPO":null,"SUBSTANCIAS":"Folhelho carbonoso","ROCHAS_HOSPEDEIRAS":"Folhelho carbonoso","ROCHAS_ENCAIXANTES":null,"CLASSES_UTILITARIAS":"Rochas e minerais industriais","MORFOLOGIA":"Foliada","TEXTURAS":"Granular","TIPOS_ALTERACAO":null,"X":-51.96486119,"Y":-17.4157253,"DATUM":"WGS84","__atlas_sublayer":0}},{"type":"Feature","id":107160,"geometry":{"type":"Point","coordinates":[-57.32077695700002,-21.76640007399999]},"properties":{"OBJECTID":107160,"ID_AFLORAMENTO":199953,"ORIGEM":"Oracle","METODO_GEOPOSICIONAMENTO":"GPS Manual pós 24/05/2000","TOPONIMIA":"Pedreira Fazenda Marajá","MUNICIPIO":"Porto Murtinho","UF":"MS","GEOLOGO":"A Definir","DATA_CADASTRO":1144108800000,"TIPO_AFLORAMENTO":"Pedreira","DESCRICAO":null,"NUMERO_CAMPO":null,"ROCHAS":null,"SUREG":"OUTROS","PROJETO":null,"CODIGO_FOLHA":null,"FOLHA":null,"ID_OCORRENCIA":50859,"PROVINCIA":"Províncias Amazônicas","STATUS_ECONOMICO":"Indeterminado","IMPORTANCIA":"Indeterminado","LOCALIZACAO_MINA":"Mina subterrânea (GPS sem sinal)","SITUACAO_MINA":null,"MOTIVO_INATIVIDADE_MINA":null,"SITUACAO_GARIMPO":null,"MOTIVO_INATIVIDADE_GARIMPO":null,"SUBSTANCIAS":"Rocha ornamental","ROCHAS_HOSPEDEIRAS":null,"ROCHAS_ENCAIXANTES":null,"CLASSES_UTILITARIAS":"Não definida","MORFOLOGIA":null,"TEXTURAS":null,"TIPOS_ALTERACAO":null,"X":-57.32077696,"Y":-21.76640007,"DATUM":"WGS84","__atlas_sublayer":0}},{"type":"Feature","id":124117,"geometry":{"type":"Point","coordinates":[-57.452999999999975,-20.670000000000016]},"properties":{"OBJECTID":124117,"ID_AFLORAMENTO":485138,"ORIGEM":"Oracle","METODO_GEOPOSICIONAMENTO":"GPS Manual pós 24/05/2000","TOPONIMIA":"Reserva Kadiwéu, estrada vicinal","MUNICIPIO":"Porto Murtinho","UF":"MS","GEOLOGO":"Frederico Meira Faleiros","DATA_CADASTRO":1558483200000,"TIPO_AFLORAMENTO":"Lajedo ou Lajeiro","DESCRICAO":"Predomina filito cinza-claro arroxeado com 10-15% de muscovita submilimétrico, disseminado, com clivagem insipiente, fração silte a areia muito fina, com bolotas ovaladas de matriz mais escura. Semelhante a uma rocha piroclástica.  Apresenta veios de quartzo extensionais, leitosos, com 5 - 10 cm de espessura, subverticais, tabulares a lenticulares.  Ocorre sobreposta a metarenito fino com acamamento tabular milimétrico, bege, moderadamente alterado, pouco deformado, com intercalações de metarenito rico em muscovita detrítica.","NUMERO_CAMPO":"FM-0167","ROCHAS":"Filito, Metarenito","SUREG":"OUTROS","PROJETO":"Geologia das Folhas Aldeia Tomázia e Fazenda Santa Otília","CODIGO_FOLHA":"SF.21-V-B-VI","FOLHA":"Aldeia Tomasia","ID_OCORRENCIA":73451,"PROVINCIA":"Indeterminada","STATUS_ECONOMICO":"Garimpo","IMPORTANCIA":"Depósito","LOCALIZACAO_MINA":null,"SITUACAO_MINA":null,"MOTIVO_INATIVIDADE_MINA":null,"SITUACAO_GARIMPO":null,"MOTIVO_INATIVIDADE_GARIMPO":null,"SUBSTANCIAS":"Saibro","ROCHAS_HOSPEDEIRAS":null,"ROCHAS_ENCAIXANTES":null,"CLASSES_UTILITARIAS":"Não definida","MORFOLOGIA":null,"TEXTURAS":null,"TIPOS_ALTERACAO":null,"X":-57.453,"Y":-20.67,"DATUM":"WGS84","__atlas_sublayer":0}},{"type":"Feature","id":124110,"geometry":{"type":"Point","coordinates":[-57.41199999999998,-20.944999999999993]},"properties":{"OBJECTID":124110,"ID_AFLORAMENTO":484983,"ORIGEM":"Oracle","METODO_GEOPOSICIONAMENTO":"GPS Manual pós 24/05/2000","TOPONIMIA":"Fazenda Matão","MUNICIPIO":"Porto Murtinho","UF":"MS","GEOLOGO":"Frederico Meira Faleiros","DATA_CADASTRO":1519171200000,"TIPO_AFLORAMENTO":"Frente de lavra","DESCRICAO":"Frente de lavra de saibro e/ou cascalho abandonada. No local aflora muscovita quartzito fino a médio, milonítico, moderadamente alterado, de coloração esbranquiçada, foliação anastomosada e localmente dobrada, por vezes com deflexões sugerindo movimentação destral ao longo de bandas de cisalhamento com direção N-S. A foliação principal é uma xistosidade milonítica anastomosa com domínios locais onde o acamamento está preservado. Seguindo para W ocorre passagem gradacional do litotipo para milonito quartzo-feldspático fino, de coloração cinza rosada, com agregados milimétricos de biotita. * presença de veios de quartzo lenticulares a tabulares, extensionais e conjugados, de espessura centimétrica. Rochas: Muscovita quartzito milonítico e Filonito cinza rosado. Amostras: RA - Muscovita quartzito; RB e RD - Filonito cinza rosado; RC - Muscovita quartzito com veio de quartzo;","NUMERO_CAMPO":"FM-0012","ROCHAS":"Filito, Muscovita quartzito","SUREG":"OUTROS","PROJETO":"Geologia das Folhas Aldeia Tomázia e Fazenda Santa Otília","CODIGO_FOLHA":"SF.21-V-B-VI","FOLHA":"Aldeia Tomasia","ID_OCORRENCIA":73444,"PROVINCIA":"Indeterminada","STATUS_ECONOMICO":"Garimpo","IMPORTANCIA":"Depósito","LOCALIZACAO_MINA":null,"SITUACAO_MINA":null,"MOTIVO_INATIVIDADE_MINA":null,"SITUACAO_GARIMPO":null,"MOTIVO_INATIVIDADE_GARIMPO":null,"SUBSTANCIAS":"Saibro","ROCHAS_HOSPEDEIRAS":null,"ROCHAS_ENCAIXANTES":null,"CLASSES_UTILITARIAS":"Não definida","MORFOLOGIA":null,"TEXTURAS":null,"TIPOS_ALTERACAO":null,"X":-57.412000000000006,"Y":-20.945,"DATUM":"WGS84","__atlas_sublayer":0}},{"type":"Feature","id":117595,"geometry":{"type":"Point","coordinates":[-57.10573020700002,-20.09072079499998]},"properties":{"OBJECTID":117595,"ID_AFLORAMENTO":202774,"ORIGEM":"Oracle","METODO_GEOPOSICIONAMENTO":"Levantamento em carta 1:250.000","TOPONIMIA":"Miranda","MUNICIPIO":"Corumbá","UF":"MS","GEOLOGO":"A Definir","DATA_CADASTRO":1076025600000,"TIPO_AFLORAMENTO":null,"DESCRICAO":null,"NUMERO_CAMPO":null,"ROCHAS":null,"SUREG":"OUTROS","PROJETO":null,"CODIGO_FOLHA":null,"FOLHA":null,"ID_OCORRENCIA":11917,"PROVINCIA":"Tocantins","STATUS_ECONOMICO":"Indeterminado","IMPORTANCIA":"Indeterminado","LOCALIZACAO_MINA":"Mina subterrânea (GPS sem sinal)","SITUACAO_MINA":null,"MOTIVO_INATIVIDADE_MINA":null,"SITUACAO_GARIMPO":null,"MOTIVO_INATIVIDADE_GARIMPO":null,"SUBSTANCIAS":"Cobre","ROCHAS_HOSPEDEIRAS":"Anfibolito","ROCHAS_ENCAIXANTES":null,"CLASSES_UTILITARIAS":"Metais não ferrosos e semimetais","MORFOLOGIA":"Stockwork","TEXTURAS":"Disseminada","TIPOS_ALTERACAO":null,"X":-57.10573021,"Y":-20.0907208,"DATUM":"WGS84","__atlas_sublayer":0}},{"type":"Feature","id":109255,"geometry":{"type":"Point","coordinates":[-57.05572978700002,-20.036554127999977]},"properties":{"OBJECTID":109255,"ID_AFLORAMENTO":202295,"ORIGEM":"Oracle","METODO_GEOPOSICIONAMENTO":"Levantamento em mapa 1:1.000.000","TOPONIMIA":"Norte da Fazenda São Carlos","MUNICIPIO":"Corumbá","UF":"MS","GEOLOGO":"A Definir","DATA_CADASTRO":1101772800000,"TIPO_AFLORAMENTO":null,"DESCRICAO":null,"NUMERO_CAMPO":null,"ROCHAS":null,"SUREG":"OUTROS","PROJETO":null,"CODIGO_FOLHA":null,"FOLHA":null,"ID_OCORRENCIA":49404,"PROVINCIA":"Tocantins","STATUS_ECONOMICO":"Indeterminado","IMPORTANCIA":"Indeterminado","LOCALIZACAO_MINA":"Mina subterrânea (GPS sem sinal)","SITUACAO_MINA":null,"MOTIVO_INATIVIDADE_MINA":null,"SITUACAO_GARIMPO":null,"MOTIVO_INATIVIDADE_GARIMPO":null,"SUBSTANCIAS":"Calcário","ROCHAS_HOSPEDEIRAS":"Calcário","ROCHAS_ENCAIXANTES":"Calcário","CLASSES_UTILITARIAS":"Não definida","MORFOLOGIA":"Estratificada","TEXTURAS":"Plana","TIPOS_ALTERACAO":null,"X":-57.05572979,"Y":-20.03655413,"DATUM":"WGS84","__atlas_sublayer":0}},{"type":"Feature","id":128998,"geometry":{"type":"Point","coordinates":[-56.9856345,-21.88578389999998]},"properties":{"OBJECTID":128998,"ID_AFLORAMENTO":413291,"ORIGEM":"Oracle","METODO_GEOPOSICIONAMENTO":"GPS Manual pós 24/05/2000","TOPONIMIA":"Faz. São Manuel","MUNICIPIO":"Caracol","UF":"MS","GEOLOGO":"Márcio José Remédio","DATA_CADASTRO":1268352000000,"TIPO_AFLORAMENTO":"Corte de estrada","DESCRICAO":"Laterita com estrutura boxwork. Área de empréstimo (+- 2500m2).","NUMERO_CAMPO":"MR-0245","ROCHAS":"Laterita","SUREG":"OUTROS","PROJETO":"Bonito - Porto Murtinho","CODIGO_FOLHA":"SF.21-X-C-IV","FOLHA":"Fazenda Margarida","ID_OCORRENCIA":66200,"PROVINCIA":"Indeterminada","STATUS_ECONOMICO":"Não explotado","IMPORTANCIA":"Ocorrência","LOCALIZACAO_MINA":null,"SITUACAO_MINA":null,"MOTIVO_INATIVIDADE_MINA":null,"SITUACAO_GARIMPO":null,"MOTIVO_INATIVIDADE_GARIMPO":null,"SUBSTANCIAS":"Laterita","ROCHAS_HOSPEDEIRAS":null,"ROCHAS_ENCAIXANTES":null,"CLASSES_UTILITARIAS":"Não definida","MORFOLOGIA":null,"TEXTURAS":null,"TIPOS_ALTERACAO":null,"X":-56.9856345,"Y":-21.8857839,"DATUM":"WGS84","__atlas_sublayer":0}},{"type":"Feature","id":119486,"geometry":{"type":"Point","coordinates":[-56.57343709999998,-21.244091400000002]},"properties":{"OBJECTID":119486,"ID_AFLORAMENTO":459495,"ORIGEM":"Oracle","METODO_GEOPOSICIONAMENTO":"GPS Manual pós 24/05/2000","TOPONIMIA":"Pedreira Xaraés na estrada de terra para a nascente do Rio Sucuri","MUNICIPIO":"Bonito","UF":"MS","GEOLOGO":"Lígia Maria de A Leite Ribeiro","DATA_CADASTRO":1538438400000,"TIPO_AFLORAMENTO":"Pedreira","DESCRICAO":"Tufa calcária branca cinza com conchas","NUMERO_CAMPO":"LR-0098","ROCHAS":"Tufa calcária","SUREG":"OUTROS","PROJETO":"Geologia das folhas Rio Perdido e Vila Campão","CODIGO_FOLHA":"SF.21-X-C-I","FOLHA":"Rio Perdido","ID_OCORRENCIA":70383,"PROVINCIA":"Indeterminada","STATUS_ECONOMICO":"Mina","IMPORTANCIA":"Depósito","LOCALIZACAO_MINA":"Open pit","SITUACAO_MINA":"Ativo(a)","MOTIVO_INATIVIDADE_MINA":null,"SITUACAO_GARIMPO":"Ativo(a)","MOTIVO_INATIVIDADE_GARIMPO":null,"SUBSTANCIAS":"Calcário","ROCHAS_HOSPEDEIRAS":null,"ROCHAS_ENCAIXANTES":null,"CLASSES_UTILITARIAS":"Não definida","MORFOLOGIA":null,"TEXTURAS":null,"TIPOS_ALTERACAO":null,"X":-56.5734371,"Y":-21.2440914,"DATUM":"WGS84","__atlas_sublayer":0}},{"type":"Feature","id":119487,"geometry":{"type":"Point","coordinates":[-56.5534533,-21.290561799999978]},"properties":{"OBJECTID":119487,"ID_AFLORAMENTO":459496,"ORIGEM":"Oracle","METODO_GEOPOSICIONAMENTO":"GPS Manual pós 24/05/2000","TOPONIMIA":"Estrada de terra para Pedreira Xaraés","MUNICIPIO":"Bonito","UF":"MS","GEOLOGO":"Lígia Maria de A Leite Ribeiro","DATA_CADASTRO":1538438400000,"TIPO_AFLORAMENTO":"Matacão","DESCRICAO":"Metacalcário calcítico branco maciço rico em fosfato.","NUMERO_CAMPO":"LR-0099","ROCHAS":"Metacalcário calcítico","SUREG":"OUTROS","PROJETO":"Geologia das folhas Rio Perdido e Vila Campão","CODIGO_FOLHA":"SF.21-X-C-I","FOLHA":"Rio Perdido","ID_OCORRENCIA":70384,"PROVINCIA":"Indeterminada","STATUS_ECONOMICO":"Não explotado","IMPORTANCIA":"Ocorrência","LOCALIZACAO_MINA":null,"SITUACAO_MINA":null,"MOTIVO_INATIVIDADE_MINA":null,"SITUACAO_GARIMPO":null,"MOTIVO_INATIVIDADE_GARIMPO":null,"SUBSTANCIAS":"Fósforo","ROCHAS_HOSPEDEIRAS":null,"ROCHAS_ENCAIXANTES":null,"CLASSES_UTILITARIAS":"Não definida","MORFOLOGIA":null,"TEXTURAS":null,"TIPOS_ALTERACAO":null,"X":-56.5534533,"Y":-21.2905618,"DATUM":"WGS84","__atlas_sublayer":0}},{"type":"Feature","id":109260,"geometry":{"type":"Point","coordinates":[-56.917951276,-20.03738781200002]},"properties":{"OBJECTID":109260,"ID_AFLORAMENTO":202301,"ORIGEM":"Oracle","METODO_GEOPOSICIONAMENTO":"Levantamento em mapa 1:1.000.000","TOPONIMIA":"Fazenda Bodoquena - 15 Km Nw","MUNICIPIO":"Miranda","UF":"MS","GEOLOGO":"A Definir","DATA_CADASTRO":1101945600000,"TIPO_AFLORAMENTO":null,"DESCRICAO":null,"NUMERO_CAMPO":null,"ROCHAS":null,"SUREG":"OUTROS","PROJETO":null,"CODIGO_FOLHA":null,"FOLHA":null,"ID_OCORRENCIA":49443,"PROVINCIA":"Tocantins","STATUS_ECONOMICO":"Indeterminado","IMPORTANCIA":"Indeterminado","LOCALIZACAO_MINA":"Mina subterrânea (GPS sem sinal)","SITUACAO_MINA":null,"MOTIVO_INATIVIDADE_MINA":null,"SITUACAO_GARIMPO":null,"MOTIVO_INATIVIDADE_GARIMPO":null,"SUBSTANCIAS":"Calcário","ROCHAS_HOSPEDEIRAS":"Dolomito","ROCHAS_ENCAIXANTES":"Dolomito","CLASSES_UTILITARIAS":"Material de uso na construção civil","MORFOLOGIA":"Estratificada","TEXTURAS":"Plana","TIPOS_ALTERACAO":null,"X":-56.91795128,"Y":-20.03738781,"DATUM":"WGS84","__atlas_sublayer":0}},{"type":"Feature","id":108410,"geometry":{"type":"Point","coordinates":[-56.73461840599998,-20.535167209999997]},"properties":{"OBJECTID":108410,"ID_AFLORAMENTO":201402,"ORIGEM":"Oracle","METODO_GEOPOSICIONAMENTO":"Levantamento em mapa 1:1.000.000","TOPONIMIA":"Córrego Escondido","MUNICIPIO":"Bodoquena","UF":"MS","GEOLOGO":"A Definir","DATA_CADASTRO":1102550400000,"TIPO_AFLORAMENTO":null,"DESCRICAO":null,"NUMERO_CAMPO":null,"ROCHAS":null,"SUREG":"OUTROS","PROJETO":null,"CODIGO_FOLHA":null,"FOLHA":null,"ID_OCORRENCIA":49541,"PROVINCIA":"Tocantins","STATUS_ECONOMICO":"Mina","IMPORTANCIA":"Depósito","LOCALIZACAO_MINA":"Mina subterrânea (GPS sem sinal)","SITUACAO_MINA":null,"MOTIVO_INATIVIDADE_MINA":null,"SITUACAO_GARIMPO":null,"MOTIVO_INATIVIDADE_GARIMPO":null,"SUBSTANCIAS":"Calcário","ROCHAS_HOSPEDEIRAS":"Calcário","ROCHAS_ENCAIXANTES":"Calcário","CLASSES_UTILITARIAS":"Material de uso na construção civil","MORFOLOGIA":"Estratificada","TEXTURAS":"Plana","TIPOS_ALTERACAO":null,"X":-56.73461841,"Y":-20.53516721,"DATUM":"WGS84","__atlas_sublayer":0}},{"type":"Feature","id":94464,"geometry":{"type":"Point","coordinates":[-56.722396172,-20.556000628999982]},"properties":{"OBJECTID":94464,"ID_AFLORAMENTO":183162,"ORIGEM":"Oracle","METODO_GEOPOSICIONAMENTO":"Levantamento em carta 1:100.000","TOPONIMIA":"Camargo Correa","MUNICIPIO":"Bodoquena","UF":"MS","GEOLOGO":"A Definir","DATA_CADASTRO":1061510400000,"TIPO_AFLORAMENTO":null,"DESCRICAO":null,"NUMERO_CAMPO":null,"ROCHAS":null,"SUREG":"OUTROS","PROJETO":null,"CODIGO_FOLHA":null,"FOLHA":null,"ID_OCORRENCIA":41589,"PROVINCIA":"Tocantins","STATUS_ECONOMICO":"Mina","IMPORTANCIA":"Depósito","LOCALIZACAO_MINA":"Mina subterrânea (GPS sem sinal)","SITUACAO_MINA":"Ativo(a)","MOTIVO_INATIVIDADE_MINA":null,"SITUACAO_GARIMPO":"Ativo(a)","MOTIVO_INATIVIDADE_GARIMPO":null,"SUBSTANCIAS":"Calcário","ROCHAS_HOSPEDEIRAS":null,"ROCHAS_ENCAIXANTES":null,"CLASSES_UTILITARIAS":"Material de uso na construção civil","MORFOLOGIA":"Estratificada","TEXTURAS":"Maciça","TIPOS_ALTERACAO":null,"X":-56.72239617,"Y":-20.55600063,"DATUM":"WGS84","__atlas_sublayer":0}},{"type":"Feature","id":108417,"geometry":{"type":"Point","coordinates":[-56.717118407999976,-20.567667330000006]},"properties":{"OBJECTID":108417,"ID_AFLORAMENTO":201411,"ORIGEM":"Oracle","METODO_GEOPOSICIONAMENTO":"Levantamento em mapa 1:1.000.000","TOPONIMIA":"Serra da Bodoquena","MUNICIPIO":"Bodoquena","UF":"MS","GEOLOGO":"A Definir","DATA_CADASTRO":1102550400000,"TIPO_AFLORAMENTO":null,"DESCRICAO":null,"NUMERO_CAMPO":null,"ROCHAS":null,"SUREG":"OUTROS","PROJETO":null,"CODIGO_FOLHA":null,"FOLHA":null,"ID_OCORRENCIA":49550,"PROVINCIA":"Tocantins","STATUS_ECONOMICO":"Mina","IMPORTANCIA":"Depósito","LOCALIZACAO_MINA":"Mina subterrânea (GPS sem sinal)","SITUACAO_MINA":null,"MOTIVO_INATIVIDADE_MINA":null,"SITUACAO_GARIMPO":null,"MOTIVO_INATIVIDADE_GARIMPO":null,"SUBSTANCIAS":"Dolomito","ROCHAS_HOSPEDEIRAS":"Dolomito","ROCHAS_ENCAIXANTES":"Dolomito","CLASSES_UTILITARIAS":"Material de uso na construção civil","MORFOLOGIA":"Estratificada","TEXTURAS":"Plana","TIPOS_ALTERACAO":null,"X":-56.71711841,"Y":-20.56766733,"DATUM":"WGS84","__atlas_sublayer":0}},{"type":"Feature","id":107182,"geometry":{"type":"Point","coordinates":[-56.62404945499998,-20.641867521999984]},"properties":{"OBJECTID":107182,"ID_AFLORAMENTO":199975,"ORIGEM":"Oracle","METODO_GEOPOSICIONAMENTO":"GPS Manual pós 24/05/2000","TOPONIMIA":"Fazenda S. Manoel","MUNICIPIO":"Bodoquena","UF":"MS","GEOLOGO":"A Definir","DATA_CADASTRO":1144195200000,"TIPO_AFLORAMENTO":null,"DESCRICAO":null,"NUMERO_CAMPO":null,"ROCHAS":null,"SUREG":"OUTROS","PROJETO":null,"CODIGO_FOLHA":null,"FOLHA":null,"ID_OCORRENCIA":50886,"PROVINCIA":"Tocantins","STATUS_ECONOMICO":"Indeterminado","IMPORTANCIA":"Indeterminado","LOCALIZACAO_MINA":"Mina subterrânea (GPS sem sinal)","SITUACAO_MINA":null,"MOTIVO_INATIVIDADE_MINA":null,"SITUACAO_GARIMPO":null,"MOTIVO_INATIVIDADE_GARIMPO":null,"SUBSTANCIAS":"Calcário, Dolomito","ROCHAS_HOSPEDEIRAS":"Calcário","ROCHAS_ENCAIXANTES":"Calcário","CLASSES_UTILITARIAS":"Rochas e minerais industriais","MORFOLOGIA":"Estratificada","TEXTURAS":"Maciça","TIPOS_ALTERACAO":null,"X":-56.62404946,"Y":-20.64186752,"DATUM":"WGS84","__atlas_sublayer":0}},{"type":"Feature","id":122411,"geometry":{"type":"Point","coordinates":[-56.611519999999985,-20.79557890000001]},"properties":{"OBJECTID":122411,"ID_AFLORAMENTO":459477,"ORIGEM":"Oracle","METODO_GEOPOSICIONAMENTO":"GPS Manual pós 24/05/2000","TOPONIMIA":"Estrada de terra para a Fazenda Vale Verde","MUNICIPIO":"Bodoquena","UF":"MS","GEOLOGO":"Alexandre Alves de Oliveira","DATA_CADASTRO":1517270400000,"TIPO_AFLORAMENTO":"Lajedo ou Lajeiro","DESCRICAO":"Netacalcário calcítico cinza claro, maciço, intensamente fraturado e silicificado. As fraturas apresentam um padrão radial preenchidas por veios de calcita e mineral anédrico de cor amarela rica em fosfato.","NUMERO_CAMPO":"AA-0225","ROCHAS":"Metacalcário calcítico","SUREG":"OUTROS","PROJETO":"Geologia das folhas Rio Perdido e Vila Campão","CODIGO_FOLHA":"SF.21-X-A-IV","FOLHA":"Vila Campão","ID_OCORRENCIA":70379,"PROVINCIA":"Indeterminada","STATUS_ECONOMICO":"Não explotado","IMPORTANCIA":"Ocorrência","LOCALIZACAO_MINA":null,"SITUACAO_MINA":null,"MOTIVO_INATIVIDADE_MINA":null,"SITUACAO_GARIMPO":null,"MOTIVO_INATIVIDADE_GARIMPO":null,"SUBSTANCIAS":"Fósforo","ROCHAS_HOSPEDEIRAS":null,"ROCHAS_ENCAIXANTES":null,"CLASSES_UTILITARIAS":"Não definida","MORFOLOGIA":null,"TEXTURAS":null,"TIPOS_ALTERACAO":null,"X":-56.61152,"Y":-20.7955789,"DATUM":"WGS84","__atlas_sublayer":0}},{"type":"Feature","id":122422,"geometry":{"type":"Point","coordinates":[-56.60106300000001,-20.858089000000007]},"properties":{"OBJECTID":122422,"ID_AFLORAMENTO":459572,"ORIGEM":"Oracle","METODO_GEOPOSICIONAMENTO":"GPS Manual pós 24/05/2000","TOPONIMIA":"Estrada para a Ceita Corê","MUNICIPIO":"Bonito","UF":"MS","GEOLOGO":"Alexandre Alves de Oliveira","DATA_CADASTRO":1516665600000,"TIPO_AFLORAMENTO":"Lajedo ou Lajeiro","DESCRICAO":"Metacalcário calcítico cinza escuro maciço, parcialmente alterado alterado e silicificado. Nos níveis com silificação, ocorre associado, mineral branco rico em fosfato. Veios de calcita branca submilimétricos pervadem a rocha.","NUMERO_CAMPO":"AA-0188","ROCHAS":"Metacalcário calcítico","SUREG":"OUTROS","PROJETO":"Geologia das folhas Rio Perdido e Vila Campão","CODIGO_FOLHA":"SF.21-X-A-IV","FOLHA":"Vila Campão","ID_OCORRENCIA":70391,"PROVINCIA":"Indeterminada","STATUS_ECONOMICO":"Não explotado","IMPORTANCIA":"Ocorrência","LOCALIZACAO_MINA":null,"SITUACAO_MINA":null,"MOTIVO_INATIVIDADE_MINA":null,"SITUACAO_GARIMPO":null,"MOTIVO_INATIVIDADE_GARIMPO":null,"SUBSTANCIAS":"Fósforo","ROCHAS_HOSPEDEIRAS":null,"ROCHAS_ENCAIXANTES":null,"CLASSES_UTILITARIAS":"Não definida","MORFOLOGIA":null,"TEXTURAS":null,"TIPOS_ALTERACAO":null,"X":-56.601062999999996,"Y":-20.858089,"DATUM":"WGS84","__atlas_sublayer":0}},{"type":"Feature","id":109073,"geometry":{"type":"Point","coordinates":[-56.581007602,-20.917112927999995]},"properties":{"OBJECTID":109073,"ID_AFLORAMENTO":202107,"ORIGEM":"Oracle","METODO_GEOPOSICIONAMENTO":"Levantamento em carta 1:100.000","TOPONIMIA":"Chácara Nova Alegria","MUNICIPIO":"Bonito","UF":"MS","GEOLOGO":"A Definir","DATA_CADASTRO":1103673600000,"TIPO_AFLORAMENTO":null,"DESCRICAO":null,"NUMERO_CAMPO":null,"ROCHAS":null,"SUREG":"OUTROS","PROJETO":null,"CODIGO_FOLHA":null,"FOLHA":null,"ID_OCORRENCIA":49710,"PROVINCIA":"Tocantins","STATUS_ECONOMICO":"Não explotado","IMPORTANCIA":"Depósito","LOCALIZACAO_MINA":"Mina subterrânea (GPS sem sinal)","SITUACAO_MINA":null,"MOTIVO_INATIVIDADE_MINA":null,"SITUACAO_GARIMPO":null,"MOTIVO_INATIVIDADE_GARIMPO":null,"SUBSTANCIAS":"Fósforo","ROCHAS_HOSPEDEIRAS":"Fosforito","ROCHAS_ENCAIXANTES":"Calcário estromatolítico","CLASSES_UTILITARIAS":"Insumos para agricultura","MORFOLOGIA":"Estratificada","TEXTURAS":"Maciça","TIPOS_ALTERACAO":null,"X":-56.5810076,"Y":-20.917112930000002,"DATUM":"WGS84","__atlas_sublayer":0}},{"type":"Feature","id":122431,"geometry":{"type":"Point","coordinates":[-56.57486299999999,-20.713067000000024]},"properties":{"OBJECTID":122431,"ID_AFLORAMENTO":459648,"ORIGEM":"Oracle","METODO_GEOPOSICIONAMENTO":"GPS Manual pós 24/05/2000","TOPONIMIA":"Estrada de terra para Fazenda Paredão","MUNICIPIO":"Bonito","UF":"MS","GEOLOGO":"Alexandre Alves de Oliveira","DATA_CADASTRO":1517529600000,"TIPO_AFLORAMENTO":"Rasteiro (Leito de estrada, terraplenagem, etc.)","DESCRICAO":"Metadiamictito cinza esverdeado com matriz rica em óxido de ferro e com textura filítica. O arcabouço é constituido por grânulos até blocos de quartzito, xiso e filito, todos bastante estirados. Alguns indicadores cinemáicos e relações tectônicas foram observados, tais quais: book shelf em clastos de quartzito, nota-se que em geral, a foliação deflete em torno deles e os mesmos apresentam clivagem com orientação diferente da matriz e; clastos de filitos com formas tipo sigma. Ambos indicadores cinemáico e a lineação de estiramentos sugerem  movimentação transcorrente dextral com componente reverso com transporte de topo para NW.","NUMERO_CAMPO":"AA-0240","ROCHAS":"Metadiamictito","SUREG":"OUTROS","PROJETO":"Geologia das folhas Rio Perdido e Vila Campão","CODIGO_FOLHA":"SF.21-X-A-IV","FOLHA":"Vila Campão","ID_OCORRENCIA":70400,"PROVINCIA":"Indeterminada","STATUS_ECONOMICO":"Não explotado","IMPORTANCIA":"Depósito","LOCALIZACAO_MINA":null,"SITUACAO_MINA":null,"MOTIVO_INATIVIDADE_MINA":null,"SITUACAO_GARIMPO":null,"MOTIVO_INATIVIDADE_GARIMPO":null,"SUBSTANCIAS":"Ferro","ROCHAS_HOSPEDEIRAS":null,"ROCHAS_ENCAIXANTES":null,"CLASSES_UTILITARIAS":"Não definida","MORFOLOGIA":null,"TEXTURAS":null,"TIPOS_ALTERACAO":null,"X":-56.574863,"Y":-20.713067,"DATUM":"WGS84","__atlas_sublayer":0}},{"type":"Feature","id":109722,"geometry":{"type":"Point","coordinates":[-56.36100631199997,-20.884613435000006]},"properties":{"OBJECTID":109722,"ID_AFLORAMENTO":202803,"ORIGEM":"Oracle","METODO_GEOPOSICIONAMENTO":"Levantamento em carta 1:250.000","TOPONIMIA":"Miranda","MUNICIPIO":"Bonito","UF":"MS","GEOLOGO":"A Definir","DATA_CADASTRO":1076025600000,"TIPO_AFLORAMENTO":null,"DESCRICAO":null,"NUMERO_CAMPO":null,"ROCHAS":null,"SUREG":"OUTROS","PROJETO":null,"CODIGO_FOLHA":null,"FOLHA":null,"ID_OCORRENCIA":11907,"PROVINCIA":"Tocantins","STATUS_ECONOMICO":"Indeterminado","IMPORTANCIA":"Indeterminado","LOCALIZACAO_MINA":"Mina subterrânea (GPS sem sinal)","SITUACAO_MINA":null,"MOTIVO_INATIVIDADE_MINA":null,"SITUACAO_GARIMPO":null,"MOTIVO_INATIVIDADE_GARIMPO":null,"SUBSTANCIAS":"Chumbo","ROCHAS_HOSPEDEIRAS":"Veio de quartzo","ROCHAS_ENCAIXANTES":"Filito","CLASSES_UTILITARIAS":"Metais não ferrosos e semimetais","MORFOLOGIA":"Filoneana","TEXTURAS":"Disseminada","TIPOS_ALTERACAO":"Piritização","X":-56.36100631,"Y":-20.88461344,"DATUM":"WGS84","__atlas_sublayer":0}},{"type":"Feature","id":107180,"geometry":{"type":"Point","coordinates":[-56.308953557999985,-20.914710970999977]},"properties":{"OBJECTID":107180,"ID_AFLORAMENTO":199973,"ORIGEM":"Oracle","METODO_GEOPOSICIONAMENTO":"GPS Manual pós 24/05/2000","TOPONIMIA":"Morro Grande","MUNICIPIO":"Bonito","UF":"MS","GEOLOGO":"A Definir","DATA_CADASTRO":1144195200000,"TIPO_AFLORAMENTO":null,"DESCRICAO":null,"NUMERO_CAMPO":null,"ROCHAS":null,"SUREG":"OUTROS","PROJETO":null,"CODIGO_FOLHA":null,"FOLHA":null,"ID_OCORRENCIA":50884,"PROVINCIA":"Tocantins","STATUS_ECONOMICO":"Indeterminado","IMPORTANCIA":"Indeterminado","LOCALIZACAO_MINA":"Mina subterrânea (GPS sem sinal)","SITUACAO_MINA":null,"MOTIVO_INATIVIDADE_MINA":null,"SITUACAO_GARIMPO":null,"MOTIVO_INATIVIDADE_GARIMPO":null,"SUBSTANCIAS":"Calcário","ROCHAS_HOSPEDEIRAS":"Calcário, Dolomito","ROCHAS_ENCAIXANTES":"Calcário","CLASSES_UTILITARIAS":"Rochas e minerais industriais","MORFOLOGIA":"Estratificada","TEXTURAS":"Maciça","TIPOS_ALTERACAO":null,"X":-56.30895356,"Y":-20.91471097,"DATUM":"WGS84","__atlas_sublayer":0}},{"type":"Feature","id":107162,"geometry":{"type":"Point","coordinates":[-56.66331277500001,-18.130714286]},"properties":{"OBJECTID":107162,"ID_AFLORAMENTO":199955,"ORIGEM":"Oracle","METODO_GEOPOSICIONAMENTO":"GPS Manual pós 24/05/2000","TOPONIMIA":"Fazenda Pitangueira (Pedreira)","MUNICIPIO":"Corumbá","UF":"MS","GEOLOGO":"A Definir","DATA_CADASTRO":1144108800000,"TIPO_AFLORAMENTO":"Pedreira","DESCRICAO":null,"NUMERO_CAMPO":null,"ROCHAS":null,"SUREG":"OUTROS","PROJETO":null,"CODIGO_FOLHA":null,"FOLHA":null,"ID_OCORRENCIA":50861,"PROVINCIA":"Províncias Amazônicas","STATUS_ECONOMICO":"Indeterminado","IMPORTANCIA":"Indeterminado","LOCALIZACAO_MINA":"Mina subterrânea (GPS sem sinal)","SITUACAO_MINA":null,"MOTIVO_INATIVIDADE_MINA":null,"SITUACAO_GARIMPO":null,"MOTIVO_INATIVIDADE_GARIMPO":null,"SUBSTANCIAS":"Rocha ornamental","ROCHAS_HOSPEDEIRAS":null,"ROCHAS_ENCAIXANTES":null,"CLASSES_UTILITARIAS":"Não definida","MORFOLOGIA":null,"TEXTURAS":null,"TIPOS_ALTERACAO":null,"X":-56.66331278,"Y":-18.13071429,"DATUM":"WGS84","__atlas_sublayer":0}},{"type":"Feature","id":109053,"geometry":{"type":"Point","coordinates":[-54.709888432000014,-21.686841903000015]},"properties":{"OBJECTID":109053,"ID_AFLORAMENTO":202085,"ORIGEM":"Oracle","METODO_GEOPOSICIONAMENTO":"Levantamento em carta 1:100.000","TOPONIMIA":"Fazenda Piratininga","MUNICIPIO":"Rio Brilhante","UF":"MS","GEOLOGO":"A Definir","DATA_CADASTRO":1103155200000,"TIPO_AFLORAMENTO":null,"DESCRICAO":null,"NUMERO_CAMPO":null,"ROCHAS":null,"SUREG":"OUTROS","PROJETO":null,"CODIGO_FOLHA":null,"FOLHA":null,"ID_OCORRENCIA":49645,"PROVINCIA":"Tocantins","STATUS_ECONOMICO":"Não explotado","IMPORTANCIA":"Depósito","LOCALIZACAO_MINA":"Mina subterrânea (GPS sem sinal)","SITUACAO_MINA":null,"MOTIVO_INATIVIDADE_MINA":null,"SITUACAO_GARIMPO":null,"MOTIVO_INATIVIDADE_GARIMPO":null,"SUBSTANCIAS":"Turfa","ROCHAS_HOSPEDEIRAS":"Argila","ROCHAS_ENCAIXANTES":"Basalto","CLASSES_UTILITARIAS":"Insumos para agricultura","MORFOLOGIA":"Terrosa","TEXTURAS":"Granular","TIPOS_ALTERACAO":null,"X":-54.70988843,"Y":-21.6868419,"DATUM":"WGS84","__atlas_sublayer":0}},{"type":"Feature","id":108388,"geometry":{"type":"Point","coordinates":[-54.515720638999994,-21.67878684300001]},"properties":{"OBJECTID":108388,"ID_AFLORAMENTO":201383,"ORIGEM":"Oracle","METODO_GEOPOSICIONAMENTO":"Levantamento em carta 1:100.000","TOPONIMIA":"Fazenda Antinha","MUNICIPIO":"Rio Brilhante","UF":"MS","GEOLOGO":"A Definir","DATA_CADASTRO":1103068800000,"TIPO_AFLORAMENTO":null,"DESCRICAO":null,"NUMERO_CAMPO":null,"ROCHAS":null,"SUREG":"OUTROS","PROJETO":null,"CODIGO_FOLHA":null,"FOLHA":null,"ID_OCORRENCIA":49621,"PROVINCIA":"Tocantins","STATUS_ECONOMICO":"Não explotado","IMPORTANCIA":"Depósito","LOCALIZACAO_MINA":"Mina subterrânea (GPS sem sinal)","SITUACAO_MINA":null,"MOTIVO_INATIVIDADE_MINA":null,"SITUACAO_GARIMPO":null,"MOTIVO_INATIVIDADE_GARIMPO":null,"SUBSTANCIAS":"Turfa","ROCHAS_HOSPEDEIRAS":"Argila","ROCHAS_ENCAIXANTES":"Basalto","CLASSES_UTILITARIAS":"Insumos para agricultura","MORFOLOGIA":"Terrosa","TEXTURAS":"Granular","TIPOS_ALTERACAO":null,"X":-54.51572064,"Y":-21.67878684,"DATUM":"WGS84","__atlas_sublayer":0}},{"type":"Feature","id":108392,"geometry":{"type":"Point","coordinates":[-54.37016483899998,-21.872398804]},"properties":{"OBJECTID":108392,"ID_AFLORAMENTO":201381,"ORIGEM":"Oracle","METODO_GEOPOSICIONAMENTO":"Levantamento em carta 1:100.000","TOPONIMIA":"Fazenda São Luiz","MUNICIPIO":"Rio Brilhante","UF":"MS","GEOLOGO":"A Definir","DATA_CADASTRO":1103068800000,"TIPO_AFLORAMENTO":null,"DESCRICAO":null,"NUMERO_CAMPO":null,"ROCHAS":null,"SUREG":"OUTROS","PROJETO":null,"CODIGO_FOLHA":null,"FOLHA":null,"ID_OCORRENCIA":49604,"PROVINCIA":"Tocantins","STATUS_ECONOMICO":"Não explotado","IMPORTANCIA":"Depósito","LOCALIZACAO_MINA":"Mina subterrânea (GPS sem sinal)","SITUACAO_MINA":null,"MOTIVO_INATIVIDADE_MINA":null,"SITUACAO_GARIMPO":null,"MOTIVO_INATIVIDADE_GARIMPO":null,"SUBSTANCIAS":"Turfa","ROCHAS_HOSPEDEIRAS":"Argila","ROCHAS_ENCAIXANTES":"Basalto","CLASSES_UTILITARIAS":"Insumos para agricultura","MORFOLOGIA":"Terrosa","TEXTURAS":"Granular","TIPOS_ALTERACAO":null,"X":-54.37016484,"Y":-21.8723988,"DATUM":"WGS84","__atlas_sublayer":0}},{"type":"Feature","id":104949,"geometry":{"type":"Point","coordinates":[-54.649045436999984,-18.32794444199999]},"properties":{"OBJECTID":104949,"ID_AFLORAMENTO":196967,"ORIGEM":"Oracle","METODO_GEOPOSICIONAMENTO":"Levantamento em mapa 1:1.000.000","TOPONIMIA":"Ribeirão da Figueira","MUNICIPIO":"Coxim","UF":"MS","GEOLOGO":"A Definir","DATA_CADASTRO":1049673600000,"TIPO_AFLORAMENTO":null,"DESCRICAO":null,"NUMERO_CAMPO":null,"ROCHAS":null,"SUREG":"OUTROS","PROJETO":null,"CODIGO_FOLHA":null,"FOLHA":null,"ID_OCORRENCIA":34199,"PROVINCIA":"Paraná","STATUS_ECONOMICO":"Indeterminado","IMPORTANCIA":"Indeterminado","LOCALIZACAO_MINA":"Mina subterrânea (GPS sem sinal)","SITUACAO_MINA":null,"MOTIVO_INATIVIDADE_MINA":null,"SITUACAO_GARIMPO":null,"MOTIVO_INATIVIDADE_GARIMPO":null,"SUBSTANCIAS":"Diamante","ROCHAS_HOSPEDEIRAS":null,"ROCHAS_ENCAIXANTES":null,"CLASSES_UTILITARIAS":"Gemas","MORFOLOGIA":"Maciça","TEXTURAS":"Granular","TIPOS_ALTERACAO":null,"X":-54.64904544,"Y":-18.32794444,"DATUM":"WGS84","__atlas_sublayer":0}},{"type":"Feature","id":107169,"geometry":{"type":"Point","coordinates":[-54.59892439800001,-18.467595949999975]},"properties":{"OBJECTID":107169,"ID_AFLORAMENTO":199962,"ORIGEM":"Oracle","METODO_GEOPOSICIONAMENTO":"GPS Manual pós 24/05/2000","TOPONIMIA":"Coxim","MUNICIPIO":"Coxim","UF":"MS","GEOLOGO":"A Definir","DATA_CADASTRO":1144195200000,"TIPO_AFLORAMENTO":null,"DESCRICAO":null,"NUMERO_CAMPO":null,"ROCHAS":null,"SUREG":"OUTROS","PROJETO":null,"CODIGO_FOLHA":null,"FOLHA":null,"ID_OCORRENCIA":50872,"PROVINCIA":"Paraná","STATUS_ECONOMICO":"Mina","IMPORTANCIA":"Depósito","LOCALIZACAO_MINA":"Mina subterrânea (GPS sem sinal)","SITUACAO_MINA":null,"MOTIVO_INATIVIDADE_MINA":null,"SITUACAO_GARIMPO":null,"MOTIVO_INATIVIDADE_GARIMPO":null,"SUBSTANCIAS":"Argila","ROCHAS_HOSPEDEIRAS":null,"ROCHAS_ENCAIXANTES":null,"CLASSES_UTILITARIAS":"Material de uso na construção civil","MORFOLOGIA":null,"TEXTURAS":null,"TIPOS_ALTERACAO":null,"X":-54.5989244,"Y":-18.46759595,"DATUM":"WGS84","__atlas_sublayer":0}},{"type":"Feature","id":110559,"geometry":{"type":"Point","coordinates":[-53.85764925799998,-17.136275984999997]},"properties":{"OBJECTID":110559,"ID_AFLORAMENTO":203719,"ORIGEM":"Oracle","METODO_GEOPOSICIONAMENTO":"GPS Manual pós 24/05/2000","TOPONIMIA":"Itiquira","MUNICIPIO":"Itiquira","UF":"MT","GEOLOGO":"A Definir","DATA_CADASTRO":1090454400000,"TIPO_AFLORAMENTO":null,"DESCRICAO":null,"NUMERO_CAMPO":null,"ROCHAS":null,"SUREG":"OUTROS","PROJETO":null,"CODIGO_FOLHA":null,"FOLHA":null,"ID_OCORRENCIA":48277,"PROVINCIA":"Paraná","STATUS_ECONOMICO":"Não explotado","IMPORTANCIA":"Depósito","LOCALIZACAO_MINA":"Mina subterrânea (GPS sem sinal)","SITUACAO_MINA":null,"MOTIVO_INATIVIDADE_MINA":null,"SITUACAO_GARIMPO":null,"MOTIVO_INATIVIDADE_GARIMPO":null,"SUBSTANCIAS":"Calcário, Dolomito","ROCHAS_HOSPEDEIRAS":null,"ROCHAS_ENCAIXANTES":null,"CLASSES_UTILITARIAS":"Insumos para agricultura","MORFOLOGIA":null,"TEXTURAS":null,"TIPOS_ALTERACAO":null,"X":-53.85764926,"Y":-17.13627599,"DATUM":"WGS84","__atlas_sublayer":0}},{"type":"Feature","id":101240,"geometry":{"type":"Point","coordinates":[-52.624864876000004,-17.338223665999976]},"properties":{"OBJECTID":101240,"ID_AFLORAMENTO":191259,"ORIGEM":"Oracle","METODO_GEOPOSICIONAMENTO":"Levantamento em carta 1:500.000","TOPONIMIA":"Portelândia","MUNICIPIO":"Portelândia","UF":"GO","GEOLOGO":"A Definir","DATA_CADASTRO":1006819200000,"TIPO_AFLORAMENTO":null,"DESCRICAO":null,"NUMERO_CAMPO":null,"ROCHAS":null,"SUREG":"OUTROS","PROJETO":null,"CODIGO_FOLHA":null,"FOLHA":null,"ID_OCORRENCIA":34148,"PROVINCIA":"Paraná","STATUS_ECONOMICO":"Mina","IMPORTANCIA":"Depósito","LOCALIZACAO_MINA":"Mina subterrânea (GPS sem sinal)","SITUACAO_MINA":null,"MOTIVO_INATIVIDADE_MINA":null,"SITUACAO_GARIMPO":null,"MOTIVO_INATIVIDADE_GARIMPO":null,"SUBSTANCIAS":"Calcário","ROCHAS_HOSPEDEIRAS":null,"ROCHAS_ENCAIXANTES":null,"CLASSES_UTILITARIAS":"Material de uso na construção civil","MORFOLOGIA":null,"TEXTURAS":null,"TIPOS_ALTERACAO":null,"X":-52.62486488,"Y":-17.33822367,"DATUM":"WGS84","__atlas_sublayer":0}},{"type":"Feature","id":101241,"geometry":{"type":"Point","coordinates":[-52.57542016999997,-17.347946020999984]},"properties":{"OBJECTID":101241,"ID_AFLORAMENTO":191263,"ORIGEM":"Oracle","METODO_GEOPOSICIONAMENTO":"Levantamento em carta 1:500.000","TOPONIMIA":"3 Km A Oeste da Fazenda Indaiá","MUNICIPIO":"Portelândia","UF":"GO","GEOLOGO":"A Definir","DATA_CADASTRO":1064793600000,"TIPO_AFLORAMENTO":null,"DESCRICAO":null,"NUMERO_CAMPO":null,"ROCHAS":null,"SUREG":"OUTROS","PROJETO":null,"CODIGO_FOLHA":null,"FOLHA":null,"ID_OCORRENCIA":34153,"PROVINCIA":"Paraná","STATUS_ECONOMICO":"Indeterminado","IMPORTANCIA":"Indeterminado","LOCALIZACAO_MINA":"Mina subterrânea (GPS sem sinal)","SITUACAO_MINA":null,"MOTIVO_INATIVIDADE_MINA":null,"SITUACAO_GARIMPO":null,"MOTIVO_INATIVIDADE_GARIMPO":null,"SUBSTANCIAS":"Folhelho carbonoso","ROCHAS_HOSPEDEIRAS":null,"ROCHAS_ENCAIXANTES":null,"CLASSES_UTILITARIAS":"Rochas e minerais industriais","MORFOLOGIA":null,"TEXTURAS":null,"TIPOS_ALTERACAO":null,"X":-52.57542017,"Y":-17.34794602,"DATUM":"WGS84","__atlas_sublayer":0}},{"type":"Feature","id":96668,"geometry":{"type":"Point","coordinates":[-52.56903122099999,-17.33822378299999]},"properties":{"OBJECTID":96668,"ID_AFLORAMENTO":185878,"ORIGEM":"Oracle","METODO_GEOPOSICIONAMENTO":"Levantamento em carta 1:500.000","TOPONIMIA":"Portelândia I","MUNICIPIO":"Portelândia","UF":"GO","GEOLOGO":"A Definir","DATA_CADASTRO":1067904000000,"TIPO_AFLORAMENTO":null,"DESCRICAO":null,"NUMERO_CAMPO":null,"ROCHAS":null,"SUREG":"OUTROS","PROJETO":null,"CODIGO_FOLHA":null,"FOLHA":null,"ID_OCORRENCIA":39378,"PROVINCIA":"Paraná","STATUS_ECONOMICO":"Mina","IMPORTANCIA":"Depósito","LOCALIZACAO_MINA":"Mina subterrânea (GPS sem sinal)","SITUACAO_MINA":null,"MOTIVO_INATIVIDADE_MINA":"Exaurido(a)","SITUACAO_GARIMPO":null,"MOTIVO_INATIVIDADE_GARIMPO":"Exaurido(a)","SUBSTANCIAS":"Calcário","ROCHAS_HOSPEDEIRAS":null,"ROCHAS_ENCAIXANTES":null,"CLASSES_UTILITARIAS":"Insumos para agricultura","MORFOLOGIA":"Maciça","TEXTURAS":"Granular","TIPOS_ALTERACAO":null,"X":-52.56903122,"Y":-17.33822378,"DATUM":"WGS84","__atlas_sublayer":0}},{"type":"Feature","id":106558,"geometry":{"type":"Point","coordinates":[-52.40403008499999,-17.261557211000024]},"properties":{"OBJECTID":106558,"ID_AFLORAMENTO":199217,"ORIGEM":"Oracle","METODO_GEOPOSICIONAMENTO":"Levantamento em carta 1:500.000","TOPONIMIA":"Cabeceira do Ribeirão Cana Verde","MUNICIPIO":"Caiapônia","UF":"GO","GEOLOGO":"A Definir","DATA_CADASTRO":1064793600000,"TIPO_AFLORAMENTO":null,"DESCRICAO":null,"NUMERO_CAMPO":null,"ROCHAS":null,"SUREG":"OUTROS","PROJETO":null,"CODIGO_FOLHA":null,"FOLHA":null,"ID_OCORRENCIA":34128,"PROVINCIA":"Paraná","STATUS_ECONOMICO":"Indeterminado","IMPORTANCIA":"Indeterminado","LOCALIZACAO_MINA":"Mina subterrânea (GPS sem sinal)","SITUACAO_MINA":null,"MOTIVO_INATIVIDADE_MINA":null,"SITUACAO_GARIMPO":null,"MOTIVO_INATIVIDADE_GARIMPO":null,"SUBSTANCIAS":"Folhelho carbonoso","ROCHAS_HOSPEDEIRAS":null,"ROCHAS_ENCAIXANTES":null,"CLASSES_UTILITARIAS":"Rochas e minerais industriais","MORFOLOGIA":null,"TEXTURAS":null,"TIPOS_ALTERACAO":null,"X":-52.40403009,"Y":-17.26155721,"DATUM":"WGS84","__atlas_sublayer":0}},{"type":"Feature","id":128174,"geometry":{"type":"Point","coordinates":[-51.17430000000002,-23.9221]},"properties":{"OBJECTID":128174,"ID_AFLORAMENTO":482830,"ORIGEM":"Oracle","METODO_GEOPOSICIONAMENTO":"GPS Manual pós 24/05/2000","TOPONIMIA":"Cadeado","MUNICIPIO":"Mauá da Serra","UF":"PR","GEOLOGO":"André Luis Spisila","DATA_CADASTRO":1639353600000,"TIPO_AFLORAMENTO":"Pedreira","DESCRICAO":"Afloramento em pedreira. Extração de blocos cantaria de arenito da Formação Botucatu, Bacia do Paraná.","NUMERO_CAMPO":"LS-0063","ROCHAS":"Arenito","SUREG":"OUTROS","PROJETO":"Mapa Geológico do Estado do Paraná","CODIGO_FOLHA":"SF.22-Y-D-VI","FOLHA":"Apucarana","ID_OCORRENCIA":73113,"PROVINCIA":"Indeterminada","STATUS_ECONOMICO":"Mina","IMPORTANCIA":"Depósito","LOCALIZACAO_MINA":null,"SITUACAO_MINA":"Ativo(a)","MOTIVO_INATIVIDADE_MINA":null,"SITUACAO_GARIMPO":"Ativo(a)","MOTIVO_INATIVIDADE_GARIMPO":null,"SUBSTANCIAS":"Arenito","ROCHAS_HOSPEDEIRAS":null,"ROCHAS_ENCAIXANTES":null,"CLASSES_UTILITARIAS":"Não definida","MORFOLOGIA":null,"TEXTURAS":null,"TIPOS_ALTERACAO":null,"X":-51.1743,"Y":-23.9221,"DATUM":"WGS84","__atlas_sublayer":0}},{"type":"Feature","id":101404,"geometry":{"type":"Point","coordinates":[-51.22485761500002,-17.779894710999997]},"properties":{"OBJECTID":101404,"ID_AFLORAMENTO":191448,"ORIGEM":"Oracle","METODO_GEOPOSICIONAMENTO":"Levantamento em carta 1:500.000","TOPONIMIA":"Córrego Queimado","MUNICIPIO":"Rio Verde","UF":"GO","GEOLOGO":"A Definir","DATA_CADASTRO":1050019200000,"TIPO_AFLORAMENTO":null,"DESCRICAO":null,"NUMERO_CAMPO":null,"ROCHAS":null,"SUREG":"OUTROS","PROJETO":null,"CODIGO_FOLHA":null,"FOLHA":null,"ID_OCORRENCIA":34183,"PROVINCIA":"Paraná","STATUS_ECONOMICO":"Indeterminado","IMPORTANCIA":"Indeterminado","LOCALIZACAO_MINA":"Mina subterrânea (GPS sem sinal)","SITUACAO_MINA":null,"MOTIVO_INATIVIDADE_MINA":null,"SITUACAO_GARIMPO":null,"MOTIVO_INATIVIDADE_GARIMPO":null,"SUBSTANCIAS":"Diamante","ROCHAS_HOSPEDEIRAS":null,"ROCHAS_ENCAIXANTES":null,"CLASSES_UTILITARIAS":"Gemas","MORFOLOGIA":"Estratiforme","TEXTURAS":"Granular","TIPOS_ALTERACAO":null,"X":-51.22485762,"Y":-17.77989471,"DATUM":"WGS84","__atlas_sublayer":0}},{"type":"Feature","id":124121,"geometry":{"type":"Point","coordinates":[-57.32060000000001,-21.767200000000003]},"properties":{"OBJECTID":124121,"ID_AFLORAMENTO":499357,"ORIGEM":"Oracle","METODO_GEOPOSICIONAMENTO":"GPS Diferencial","TOPONIMIA":"Pedreira abandonada na Faz . Marajá","MUNICIPIO":"Porto Murtinho","UF":"MS","GEOLOGO":"Eduardo Jorge H C B P Azevedo","DATA_CADASTRO":1573084800000,"TIPO_AFLORAMENTO":"Mina","DESCRICAO":"Afloramentos nos cortes da antiga extração de granito. (Rocha Ornamental) Rocha fanerítica grossa, cinza. Apresenta restitos de biotita de até 5 cm. Feldspatos de ate 3cm","NUMERO_CAMPO":"EA-0028","ROCHAS":"Granito","SUREG":"OUTROS","PROJETO":"Geologia da Folha Colônia São Lourenço","CODIGO_FOLHA":"SF.21-V-D-VI","FOLHA":"Colonia São Lourenço","ID_OCORRENCIA":74273,"PROVINCIA":"Indeterminada","STATUS_ECONOMICO":"Mina","IMPORTANCIA":"Depósito","LOCALIZACAO_MINA":"Open pit","SITUACAO_MINA":"Inativo(a)","MOTIVO_INATIVIDADE_MINA":"Paralisado(a)","SITUACAO_GARIMPO":"Inativo(a)","MOTIVO_INATIVIDADE_GARIMPO":"Paralisado(a)","SUBSTANCIAS":"Granito","ROCHAS_HOSPEDEIRAS":null,"ROCHAS_ENCAIXANTES":null,"CLASSES_UTILITARIAS":"Não definida","MORFOLOGIA":null,"TEXTURAS":null,"TIPOS_ALTERACAO":null,"X":-57.320600000000006,"Y":-21.767200000000003,"DATUM":"WGS84","__atlas_sublayer":0}},{"type":"Feature","id":124113,"geometry":{"type":"Point","coordinates":[-57.254999999999995,-20.541999999999973]},"properties":{"OBJECTID":124113,"ID_AFLORAMENTO":485075,"ORIGEM":"Oracle","METODO_GEOPOSICIONAMENTO":"GPS Manual pós 24/05/2000","TOPONIMIA":"Reserva Kadiwéu","MUNICIPIO":"Porto Murtinho","UF":"MS","GEOLOGO":"Frederico Meira Faleiros","DATA_CADASTRO":1557705600000,"TIPO_AFLORAMENTO":"Lajedo ou Lajeiro","DESCRICAO":"Gnaisse granítico fino, milonítico, cinza-claro, hololeucocrático a leucocrático, fresco a a moderadamente alterado, localmente com aglomerados de minerais máficos avermelhados, com foliação milonítica e lineação de estiramento bem desenvolvida (Tectonito SL). (Amostra RA, RB e RD). Ocorrem veios de quartzo horizontais com espessura entre 15-30 cm. (Amostra RC). Recoberto por camada decimétrica de grânulo arenito parcialmente lateritizado (30-40 cm).","NUMERO_CAMPO":"FM-0105","ROCHAS":"Arenito, Milonito","SUREG":"OUTROS","PROJETO":"Geologia das Folhas Aldeia Tomázia e Fazenda Santa Otília","CODIGO_FOLHA":"SF.21-V-B-VI","FOLHA":"Aldeia Tomasia","ID_OCORRENCIA":73447,"PROVINCIA":"Indeterminada","STATUS_ECONOMICO":"Garimpo","IMPORTANCIA":"Depósito","LOCALIZACAO_MINA":null,"SITUACAO_MINA":null,"MOTIVO_INATIVIDADE_MINA":null,"SITUACAO_GARIMPO":null,"MOTIVO_INATIVIDADE_GARIMPO":null,"SUBSTANCIAS":"Cascalho","ROCHAS_HOSPEDEIRAS":null,"ROCHAS_ENCAIXANTES":null,"CLASSES_UTILITARIAS":"Não definida","MORFOLOGIA":null,"TEXTURAS":null,"TIPOS_ALTERACAO":null,"X":-57.255,"Y":-20.542,"DATUM":"WGS84","__atlas_sublayer":0}},{"type":"Feature","id":95690,"geometry":{"type":"Point","coordinates":[-57.93656614399998,-19.474050608000027]},"properties":{"OBJECTID":95690,"ID_AFLORAMENTO":184640,"ORIGEM":"Oracle","METODO_GEOPOSICIONAMENTO":"Levantamento em carta 1:250.000","TOPONIMIA":"Morro do Cristal","MUNICIPIO":"Corumbá","UF":"MS","GEOLOGO":"A Definir","DATA_CADASTRO":1070323200000,"TIPO_AFLORAMENTO":null,"DESCRICAO":null,"NUMERO_CAMPO":null,"ROCHAS":null,"SUREG":"OUTROS","PROJETO":null,"CODIGO_FOLHA":null,"FOLHA":null,"ID_OCORRENCIA":47510,"PROVINCIA":"Tocantins","STATUS_ECONOMICO":"Mina","IMPORTANCIA":"Depósito","LOCALIZACAO_MINA":"Mina subterrânea (GPS sem sinal)","SITUACAO_MINA":"Ativo(a)","MOTIVO_INATIVIDADE_MINA":null,"SITUACAO_GARIMPO":"Ativo(a)","MOTIVO_INATIVIDADE_GARIMPO":null,"SUBSTANCIAS":"Calcita","ROCHAS_HOSPEDEIRAS":"Calcário calcítico","ROCHAS_ENCAIXANTES":null,"CLASSES_UTILITARIAS":"Rochas e minerais industriais","MORFOLOGIA":"Drúsica","TEXTURAS":"Granular","TIPOS_ALTERACAO":null,"X":-57.93656614,"Y":-19.47405061,"DATUM":"WGS84","__atlas_sublayer":0}},{"type":"Feature","id":117041,"geometry":{"type":"Point","coordinates":[-57.62029909400002,-19.000722181000015]},"properties":{"OBJECTID":117041,"ID_AFLORAMENTO":199979,"ORIGEM":"Oracle","METODO_GEOPOSICIONAMENTO":"GPS Manual pós 24/05/2000","TOPONIMIA":"Pedreira Itaú","MUNICIPIO":"Corumbá","UF":"MS","GEOLOGO":"A Definir","DATA_CADASTRO":1144195200000,"TIPO_AFLORAMENTO":null,"DESCRICAO":null,"NUMERO_CAMPO":null,"ROCHAS":null,"SUREG":"OUTROS","PROJETO":null,"CODIGO_FOLHA":null,"FOLHA":null,"ID_OCORRENCIA":50890,"PROVINCIA":"Tocantins","STATUS_ECONOMICO":"Mina","IMPORTANCIA":"Depósito","LOCALIZACAO_MINA":"Mina subterrânea (GPS sem sinal)","SITUACAO_MINA":null,"MOTIVO_INATIVIDADE_MINA":null,"SITUACAO_GARIMPO":null,"MOTIVO_INATIVIDADE_GARIMPO":null,"SUBSTANCIAS":"Calcário","ROCHAS_HOSPEDEIRAS":"Calcário, Dolomito","ROCHAS_ENCAIXANTES":"Calcário, Dolomito","CLASSES_UTILITARIAS":"Insumos para agricultura","MORFOLOGIA":"Estratificada","TEXTURAS":"Maciça","TIPOS_ALTERACAO":null,"X":-57.62029909,"Y":-19.00072218,"DATUM":"WGS84","__atlas_sublayer":0}},{"type":"Feature","id":117145,"geometry":{"type":"Point","coordinates":[-57.51452194900003,-19.620790605000025]},"properties":{"OBJECTID":117145,"ID_AFLORAMENTO":202775,"ORIGEM":"Oracle","METODO_GEOPOSICIONAMENTO":"Levantamento em carta 1:250.000","TOPONIMIA":"Porto Esperança","MUNICIPIO":"Corumbá","UF":"MS","GEOLOGO":"A Definir","DATA_CADASTRO":1070236800000,"TIPO_AFLORAMENTO":null,"DESCRICAO":null,"NUMERO_CAMPO":null,"ROCHAS":null,"SUREG":"OUTROS","PROJETO":null,"CODIGO_FOLHA":null,"FOLHA":null,"ID_OCORRENCIA":11920,"PROVINCIA":"Tocantins","STATUS_ECONOMICO":"Não explotado","IMPORTANCIA":"Depósito","LOCALIZACAO_MINA":"Mina subterrânea (GPS sem sinal)","SITUACAO_MINA":null,"MOTIVO_INATIVIDADE_MINA":null,"SITUACAO_GARIMPO":null,"MOTIVO_INATIVIDADE_GARIMPO":null,"SUBSTANCIAS":"Mármore","ROCHAS_HOSPEDEIRAS":"Calcário dolomítico","ROCHAS_ENCAIXANTES":"Calcário dolomítico","CLASSES_UTILITARIAS":"Material de uso na construção civil","MORFOLOGIA":"Estratificada","TEXTURAS":"Maciça","TIPOS_ALTERACAO":null,"X":-57.51452195,"Y":-19.62079061,"DATUM":"WGS84","__atlas_sublayer":0}},{"type":"Feature","id":109704,"geometry":{"type":"Point","coordinates":[-57.50104197100001,-18.068160653999996]},"properties":{"OBJECTID":109704,"ID_AFLORAMENTO":202783,"ORIGEM":"Oracle","METODO_GEOPOSICIONAMENTO":"Levantamento em carta 1:250.000","TOPONIMIA":"Amolar","MUNICIPIO":"Corumbá","UF":"MS","GEOLOGO":"A Definir","DATA_CADASTRO":1070236800000,"TIPO_AFLORAMENTO":null,"DESCRICAO":null,"NUMERO_CAMPO":null,"ROCHAS":null,"SUREG":"OUTROS","PROJETO":null,"CODIGO_FOLHA":null,"FOLHA":null,"ID_OCORRENCIA":11930,"PROVINCIA":"Tocantins","STATUS_ECONOMICO":"Indeterminado","IMPORTANCIA":"Indeterminado","LOCALIZACAO_MINA":"Mina subterrânea (GPS sem sinal)","SITUACAO_MINA":null,"MOTIVO_INATIVIDADE_MINA":null,"SITUACAO_GARIMPO":null,"MOTIVO_INATIVIDADE_GARIMPO":null,"SUBSTANCIAS":"Quartzito","ROCHAS_HOSPEDEIRAS":null,"ROCHAS_ENCAIXANTES":null,"CLASSES_UTILITARIAS":"Material de uso na construção civil","MORFOLOGIA":"Estratificada","TEXTURAS":"Maciça","TIPOS_ALTERACAO":null,"X":-57.50104197,"Y":-18.06816065,"DATUM":"WGS84","__atlas_sublayer":0}},{"type":"Feature","id":109703,"geometry":{"type":"Point","coordinates":[-57.36128385000001,-18.917939612999987]},"properties":{"OBJECTID":109703,"ID_AFLORAMENTO":202782,"ORIGEM":"Oracle","METODO_GEOPOSICIONAMENTO":"Levantamento em carta 1:250.000","TOPONIMIA":"Corumbá - Morro do Mel","MUNICIPIO":"Corumbá","UF":"MS","GEOLOGO":"A Definir","DATA_CADASTRO":1069977600000,"TIPO_AFLORAMENTO":null,"DESCRICAO":null,"NUMERO_CAMPO":null,"ROCHAS":null,"SUREG":"OUTROS","PROJETO":null,"CODIGO_FOLHA":null,"FOLHA":null,"ID_OCORRENCIA":11929,"PROVINCIA":"Tocantins","STATUS_ECONOMICO":"Indeterminado","IMPORTANCIA":"Indeterminado","LOCALIZACAO_MINA":"Mina subterrânea (GPS sem sinal)","SITUACAO_MINA":null,"MOTIVO_INATIVIDADE_MINA":null,"SITUACAO_GARIMPO":null,"MOTIVO_INATIVIDADE_GARIMPO":null,"SUBSTANCIAS":"Ferro","ROCHAS_HOSPEDEIRAS":"Jaspelito","ROCHAS_ENCAIXANTES":"Conglomerado","CLASSES_UTILITARIAS":"Metais ferrosos","MORFOLOGIA":"Laminada","TEXTURAS":"Compacta","TIPOS_ALTERACAO":null,"X":-57.36128385,"Y":-18.91793961,"DATUM":"WGS84","__atlas_sublayer":0}},{"type":"Feature","id":128999,"geometry":{"type":"Point","coordinates":[-56.97793899999999,-21.883903799999985]},"properties":{"OBJECTID":128999,"ID_AFLORAMENTO":413292,"ORIGEM":"Oracle","METODO_GEOPOSICIONAMENTO":"GPS Manual pós 24/05/2000","TOPONIMIA":"Faz. Margarida","MUNICIPIO":"Caracol","UF":"MS","GEOLOGO":"Márcio José Remédio","DATA_CADASTRO":1268352000000,"TIPO_AFLORAMENTO":"Leito de rio","DESCRICAO":"Areia. Grande quantidade, aparetemente de boa qualidade.","NUMERO_CAMPO":"MR2045B","ROCHAS":"Areia","SUREG":"OUTROS","PROJETO":"Bonito - Porto Murtinho","CODIGO_FOLHA":"SF.21-X-C-IV","FOLHA":"Fazenda Margarida","ID_OCORRENCIA":66201,"PROVINCIA":"Indeterminada","STATUS_ECONOMICO":"Não explotado","IMPORTANCIA":"Ocorrência","LOCALIZACAO_MINA":null,"SITUACAO_MINA":null,"MOTIVO_INATIVIDADE_MINA":null,"SITUACAO_GARIMPO":null,"MOTIVO_INATIVIDADE_GARIMPO":null,"SUBSTANCIAS":"Areia","ROCHAS_HOSPEDEIRAS":null,"ROCHAS_ENCAIXANTES":null,"CLASSES_UTILITARIAS":"Não definida","MORFOLOGIA":null,"TEXTURAS":null,"TIPOS_ALTERACAO":null,"X":-56.977939,"Y":-21.8839038,"DATUM":"WGS84","__atlas_sublayer":0}},{"type":"Feature","id":129000,"geometry":{"type":"Point","coordinates":[-56.9729102,-21.857910199999992]},"properties":{"OBJECTID":129000,"ID_AFLORAMENTO":413294,"ORIGEM":"Oracle","METODO_GEOPOSICIONAMENTO":"GPS Manual pós 24/05/2000","TOPONIMIA":"Faz. São Manuel","MUNICIPIO":"Caracol","UF":"MS","GEOLOGO":"Márcio José Remédio","DATA_CADASTRO":1268352000000,"TIPO_AFLORAMENTO":"Material disperso na superfície","DESCRICAO":"Laterita (+- 300m2).","NUMERO_CAMPO":"MR-0247","ROCHAS":"Laterita","SUREG":"OUTROS","PROJETO":"Bonito - Porto Murtinho","CODIGO_FOLHA":"SF.21-X-C-IV","FOLHA":"Fazenda Margarida","ID_OCORRENCIA":66202,"PROVINCIA":"Indeterminada","STATUS_ECONOMICO":"Não explotado","IMPORTANCIA":"Ocorrência","LOCALIZACAO_MINA":null,"SITUACAO_MINA":null,"MOTIVO_INATIVIDADE_MINA":null,"SITUACAO_GARIMPO":null,"MOTIVO_INATIVIDADE_GARIMPO":null,"SUBSTANCIAS":"Laterita","ROCHAS_HOSPEDEIRAS":null,"ROCHAS_ENCAIXANTES":null,"CLASSES_UTILITARIAS":"Não definida","MORFOLOGIA":null,"TEXTURAS":null,"TIPOS_ALTERACAO":null,"X":-56.9729102,"Y":-21.8579102,"DATUM":"WGS84","__atlas_sublayer":0}},{"type":"Feature","id":107177,"geometry":{"type":"Point","coordinates":[-56.86701593700002,-21.03443275799998]},"properties":{"OBJECTID":107177,"ID_AFLORAMENTO":199970,"ORIGEM":"Oracle","METODO_GEOPOSICIONAMENTO":"GPS Manual pós 24/05/2000","TOPONIMIA":"Estrada Sta Otília","MUNICIPIO":"Porto Murtinho","UF":"MS","GEOLOGO":"A Definir","DATA_CADASTRO":1144195200000,"TIPO_AFLORAMENTO":null,"DESCRICAO":null,"NUMERO_CAMPO":null,"ROCHAS":null,"SUREG":"OUTROS","PROJETO":null,"CODIGO_FOLHA":null,"FOLHA":null,"ID_OCORRENCIA":50881,"PROVINCIA":"Tocantins","STATUS_ECONOMICO":"Indeterminado","IMPORTANCIA":"Indeterminado","LOCALIZACAO_MINA":"Mina subterrânea (GPS sem sinal)","SITUACAO_MINA":null,"MOTIVO_INATIVIDADE_MINA":null,"SITUACAO_GARIMPO":null,"MOTIVO_INATIVIDADE_GARIMPO":null,"SUBSTANCIAS":"Calcário","ROCHAS_HOSPEDEIRAS":"Calcário dolomítico","ROCHAS_ENCAIXANTES":"Calcário dolomítico","CLASSES_UTILITARIAS":"Rochas e minerais industriais","MORFOLOGIA":"Estratificada","TEXTURAS":"Maciça","TIPOS_ALTERACAO":null,"X":-56.86701594,"Y":-21.03443276,"DATUM":"WGS84","__atlas_sublayer":0}},{"type":"Feature","id":129003,"geometry":{"type":"Point","coordinates":[-56.723337000000015,-21.97711800000002]},"properties":{"OBJECTID":129003,"ID_AFLORAMENTO":413342,"ORIGEM":"Oracle","METODO_GEOPOSICIONAMENTO":"GPS Manual pós 24/05/2000","TOPONIMIA":"Fazenda Xeres","MUNICIPIO":"Bela Vista","UF":"MS","GEOLOGO":"Márcio José Remédio","DATA_CADASTRO":1242172800000,"TIPO_AFLORAMENTO":"Corte de estrada","DESCRICAO":"Calcario calcitico/Dolomitico","NUMERO_CAMPO":"MR-186","ROCHAS":"Calcário calcítico","SUREG":"OUTROS","PROJETO":"Bonito - Porto Murtinho","CODIGO_FOLHA":"SF.21-X-C-IV","FOLHA":"Fazenda Margarida","ID_OCORRENCIA":66205,"PROVINCIA":"Indeterminada","STATUS_ECONOMICO":"Não explotado","IMPORTANCIA":"Depósito","LOCALIZACAO_MINA":null,"SITUACAO_MINA":null,"MOTIVO_INATIVIDADE_MINA":null,"SITUACAO_GARIMPO":null,"MOTIVO_INATIVIDADE_GARIMPO":null,"SUBSTANCIAS":"Calcário calcítico","ROCHAS_HOSPEDEIRAS":null,"ROCHAS_ENCAIXANTES":null,"CLASSES_UTILITARIAS":"Não definida","MORFOLOGIA":null,"TEXTURAS":null,"TIPOS_ALTERACAO":null,"X":-56.723337,"Y":-21.977117999999997,"DATUM":"WGS84","__atlas_sublayer":0}},{"type":"Feature","id":119485,"geometry":{"type":"Point","coordinates":[-56.57343709999998,-21.244091400000002]},"properties":{"OBJECTID":119485,"ID_AFLORAMENTO":459495,"ORIGEM":"Oracle","METODO_GEOPOSICIONAMENTO":"GPS Manual pós 24/05/2000","TOPONIMIA":"Pedreira Xaraés na estrada de terra para a nascente do Rio Sucuri","MUNICIPIO":"Bonito","UF":"MS","GEOLOGO":"Lígia Maria de A Leite Ribeiro","DATA_CADASTRO":1538438400000,"TIPO_AFLORAMENTO":"Pedreira","DESCRICAO":"Tufa calcária branca cinza com conchas","NUMERO_CAMPO":"LR-0098","ROCHAS":"Tufa calcária","SUREG":"OUTROS","PROJETO":"Geologia das folhas Rio Perdido e Vila Campão","CODIGO_FOLHA":"SF.21-X-C-I","FOLHA":"Rio Perdido","ID_OCORRENCIA":70382,"PROVINCIA":"Indeterminada","STATUS_ECONOMICO":"Mina","IMPORTANCIA":"Depósito","LOCALIZACAO_MINA":"Open pit","SITUACAO_MINA":"Ativo(a)","MOTIVO_INATIVIDADE_MINA":null,"SITUACAO_GARIMPO":"Ativo(a)","MOTIVO_INATIVIDADE_GARIMPO":null,"SUBSTANCIAS":null,"ROCHAS_HOSPEDEIRAS":null,"ROCHAS_ENCAIXANTES":null,"CLASSES_UTILITARIAS":"Não definida","MORFOLOGIA":null,"TEXTURAS":null,"TIPOS_ALTERACAO":null,"X":-56.5734371,"Y":-21.2440914,"DATUM":"WGS84","__atlas_sublayer":0}},{"type":"Feature","id":122423,"geometry":{"type":"Point","coordinates":[-56.86230690000002,-20.93534699999998]},"properties":{"OBJECTID":122423,"ID_AFLORAMENTO":459602,"ORIGEM":"Oracle","METODO_GEOPOSICIONAMENTO":"GPS Manual pós 24/05/2000","TOPONIMIA":"Rodovia MS 339","MUNICIPIO":"Bonito","UF":"MS","GEOLOGO":"Alexandre Alves de Oliveira","DATA_CADASTRO":1516147200000,"TIPO_AFLORAMENTO":"Encosta de morro","DESCRICAO":"Calcário calcítico cinza maciço, bastante alterado. A capa de alteração possui cor branca rica em fosfato.","NUMERO_CAMPO":"AA-0083","ROCHAS":"Calcário calcítico","SUREG":"OUTROS","PROJETO":"Geologia das folhas Rio Perdido e Vila Campão","CODIGO_FOLHA":"SF.21-X-A-IV","FOLHA":"Vila Campão","ID_OCORRENCIA":70392,"PROVINCIA":"Indeterminada","STATUS_ECONOMICO":"Não explotado","IMPORTANCIA":"Ocorrência","LOCALIZACAO_MINA":null,"SITUACAO_MINA":null,"MOTIVO_INATIVIDADE_MINA":null,"SITUACAO_GARIMPO":null,"MOTIVO_INATIVIDADE_GARIMPO":null,"SUBSTANCIAS":"Fósforo","ROCHAS_HOSPEDEIRAS":null,"ROCHAS_ENCAIXANTES":null,"CLASSES_UTILITARIAS":"Não definida","MORFOLOGIA":null,"TEXTURAS":null,"TIPOS_ALTERACAO":null,"X":-56.8623069,"Y":-20.935347,"DATUM":"WGS84","__atlas_sublayer":0}},{"type":"Feature","id":109270,"geometry":{"type":"Point","coordinates":[-56.829341580999994,-20.686278414000014]},"properties":{"OBJECTID":109270,"ID_AFLORAMENTO":202311,"ORIGEM":"Oracle","METODO_GEOPOSICIONAMENTO":"Levantamento em mapa 1:1.000.000","TOPONIMIA":"Córrego Salobrinha","MUNICIPIO":"Bodoquena","UF":"MS","GEOLOGO":"A Definir","DATA_CADASTRO":1102377600000,"TIPO_AFLORAMENTO":null,"DESCRICAO":null,"NUMERO_CAMPO":null,"ROCHAS":null,"SUREG":"OUTROS","PROJETO":null,"CODIGO_FOLHA":null,"FOLHA":null,"ID_OCORRENCIA":49504,"PROVINCIA":"Tocantins","STATUS_ECONOMICO":"Indeterminado","IMPORTANCIA":"Indeterminado","LOCALIZACAO_MINA":"Mina subterrânea (GPS sem sinal)","SITUACAO_MINA":null,"MOTIVO_INATIVIDADE_MINA":null,"SITUACAO_GARIMPO":null,"MOTIVO_INATIVIDADE_GARIMPO":null,"SUBSTANCIAS":"Calcário","ROCHAS_HOSPEDEIRAS":"Calcário","ROCHAS_ENCAIXANTES":"Calcário","CLASSES_UTILITARIAS":"Material de uso na construção civil","MORFOLOGIA":"Estratificada","TEXTURAS":"Plana","TIPOS_ALTERACAO":null,"X":-56.82934158,"Y":-20.68627841,"DATUM":"WGS84","__atlas_sublayer":0}},{"type":"Feature","id":108424,"geometry":{"type":"Point","coordinates":[-56.75017443600001,-20.669334144000004]},"properties":{"OBJECTID":108424,"ID_AFLORAMENTO":201399,"ORIGEM":"Oracle","METODO_GEOPOSICIONAMENTO":"Levantamento em mapa 1:1.000.000","TOPONIMIA":"Rio Salobra","MUNICIPIO":"Bodoquena","UF":"MS","GEOLOGO":"A Definir","DATA_CADASTRO":1102377600000,"TIPO_AFLORAMENTO":null,"DESCRICAO":null,"NUMERO_CAMPO":null,"ROCHAS":null,"SUREG":"OUTROS","PROJETO":null,"CODIGO_FOLHA":null,"FOLHA":null,"ID_OCORRENCIA":49521,"PROVINCIA":"Tocantins","STATUS_ECONOMICO":"Mina","IMPORTANCIA":"Depósito","LOCALIZACAO_MINA":"Mina subterrânea (GPS sem sinal)","SITUACAO_MINA":null,"MOTIVO_INATIVIDADE_MINA":null,"SITUACAO_GARIMPO":null,"MOTIVO_INATIVIDADE_GARIMPO":null,"SUBSTANCIAS":"Calcário","ROCHAS_HOSPEDEIRAS":"Calcário","ROCHAS_ENCAIXANTES":"Calcário","CLASSES_UTILITARIAS":"Material de uso na construção civil","MORFOLOGIA":"Estratificada","TEXTURAS":"Plana","TIPOS_ALTERACAO":null,"X":-56.75017444,"Y":-20.66933414,"DATUM":"WGS84","__atlas_sublayer":0}},{"type":"Feature","id":108416,"geometry":{"type":"Point","coordinates":[-56.71711835799999,-20.55072285099999]},"properties":{"OBJECTID":108416,"ID_AFLORAMENTO":201410,"ORIGEM":"Oracle","METODO_GEOPOSICIONAMENTO":"Levantamento em mapa 1:1.000.000","TOPONIMIA":"Córrego Campina","MUNICIPIO":"Bodoquena","UF":"MS","GEOLOGO":"A Definir","DATA_CADASTRO":1102550400000,"TIPO_AFLORAMENTO":null,"DESCRICAO":null,"NUMERO_CAMPO":null,"ROCHAS":null,"SUREG":"OUTROS","PROJETO":null,"CODIGO_FOLHA":null,"FOLHA":null,"ID_OCORRENCIA":49549,"PROVINCIA":"Tocantins","STATUS_ECONOMICO":"Mina","IMPORTANCIA":"Depósito","LOCALIZACAO_MINA":"Mina subterrânea (GPS sem sinal)","SITUACAO_MINA":null,"MOTIVO_INATIVIDADE_MINA":null,"SITUACAO_GARIMPO":null,"MOTIVO_INATIVIDADE_GARIMPO":null,"SUBSTANCIAS":"Calcário","ROCHAS_HOSPEDEIRAS":"Calcário","ROCHAS_ENCAIXANTES":"Calcário","CLASSES_UTILITARIAS":"Material de uso na construção civil","MORFOLOGIA":"Estratificada","TEXTURAS":"Plana","TIPOS_ALTERACAO":null,"X":-56.71711836,"Y":-20.55072285,"DATUM":"WGS84","__atlas_sublayer":0}},{"type":"Feature","id":108377,"geometry":{"type":"Point","coordinates":[-56.70128455700001,-20.422111487999985]},"properties":{"OBJECTID":108377,"ID_AFLORAMENTO":201367,"ORIGEM":"Oracle","METODO_GEOPOSICIONAMENTO":"Levantamento em mapa 1:1.000.000","TOPONIMIA":"Córego Acampamento","MUNICIPIO":"Bodoquena","UF":"MS","GEOLOGO":"A Definir","DATA_CADASTRO":1102636800000,"TIPO_AFLORAMENTO":null,"DESCRICAO":null,"NUMERO_CAMPO":null,"ROCHAS":null,"SUREG":"OUTROS","PROJETO":null,"CODIGO_FOLHA":null,"FOLHA":null,"ID_OCORRENCIA":49568,"PROVINCIA":"Tocantins","STATUS_ECONOMICO":"Mina","IMPORTANCIA":"Depósito","LOCALIZACAO_MINA":"Mina subterrânea (GPS sem sinal)","SITUACAO_MINA":null,"MOTIVO_INATIVIDADE_MINA":null,"SITUACAO_GARIMPO":null,"MOTIVO_INATIVIDADE_GARIMPO":null,"SUBSTANCIAS":"Calcário","ROCHAS_HOSPEDEIRAS":"Calcário","ROCHAS_ENCAIXANTES":"Calcário","CLASSES_UTILITARIAS":"Material de uso na construção civil","MORFOLOGIA":"Estratificada","TEXTURAS":"Plana","TIPOS_ALTERACAO":null,"X":-56.70128456,"Y":-20.42211149,"DATUM":"WGS84","__atlas_sublayer":0}},{"type":"Feature","id":108372,"geometry":{"type":"Point","coordinates":[-56.701007086999994,-20.525445054999977]},"properties":{"OBJECTID":108372,"ID_AFLORAMENTO":201362,"ORIGEM":"Oracle","METODO_GEOPOSICIONAMENTO":"Levantamento em mapa 1:1.000.000","TOPONIMIA":"Serra da Bodoquena","MUNICIPIO":"Bodoquena","UF":"MS","GEOLOGO":"A Definir","DATA_CADASTRO":1102550400000,"TIPO_AFLORAMENTO":null,"DESCRICAO":null,"NUMERO_CAMPO":null,"ROCHAS":null,"SUREG":"OUTROS","PROJETO":null,"CODIGO_FOLHA":null,"FOLHA":null,"ID_OCORRENCIA":49563,"PROVINCIA":"Tocantins","STATUS_ECONOMICO":"Mina","IMPORTANCIA":"Depósito","LOCALIZACAO_MINA":"Mina subterrânea (GPS sem sinal)","SITUACAO_MINA":null,"MOTIVO_INATIVIDADE_MINA":null,"SITUACAO_GARIMPO":null,"MOTIVO_INATIVIDADE_GARIMPO":null,"SUBSTANCIAS":"Calcário","ROCHAS_HOSPEDEIRAS":"Calcário","ROCHAS_ENCAIXANTES":"Calcário","CLASSES_UTILITARIAS":"Material de uso na construção civil","MORFOLOGIA":"Estratificada","TEXTURAS":"Plana","TIPOS_ALTERACAO":null,"X":-56.70100709,"Y":-20.52544506,"DATUM":"WGS84","__atlas_sublayer":0}},{"type":"Feature","id":122421,"geometry":{"type":"Point","coordinates":[-56.67749600000002,-20.916495899999973]},"properties":{"OBJECTID":122421,"ID_AFLORAMENTO":459551,"ORIGEM":"Oracle","METODO_GEOPOSICIONAMENTO":"GPS Manual pós 24/05/2000","TOPONIMIA":"Estrada de terra para a Fazenda Santa Feliciana","MUNICIPIO":"Bonito","UF":"MS","GEOLOGO":"Alexandre Alves de Oliveira","DATA_CADASTRO":1516320000000,"TIPO_AFLORAMENTO":"Rasteiro (Leito de estrada, terraplenagem, etc.)","DESCRICAO":"Calcário dolomítico cinza claro bastante alterado e fraturado. Percolando as fraturas, ocorre mineral amorfo branco rico em fosfato.","NUMERO_CAMPO":"AA-0167","ROCHAS":"Calcário dolomítico","SUREG":"OUTROS","PROJETO":"Geologia das folhas Rio Perdido e Vila Campão","CODIGO_FOLHA":"SF.21-X-A-IV","FOLHA":"Vila Campão","ID_OCORRENCIA":70390,"PROVINCIA":"Indeterminada","STATUS_ECONOMICO":"Não explotado","IMPORTANCIA":"Ocorrência","LOCALIZACAO_MINA":null,"SITUACAO_MINA":null,"MOTIVO_INATIVIDADE_MINA":null,"SITUACAO_GARIMPO":null,"MOTIVO_INATIVIDADE_GARIMPO":null,"SUBSTANCIAS":"Fósforo","ROCHAS_HOSPEDEIRAS":null,"ROCHAS_ENCAIXANTES":null,"CLASSES_UTILITARIAS":"Não definida","MORFOLOGIA":null,"TEXTURAS":null,"TIPOS_ALTERACAO":null,"X":-56.677496,"Y":-20.9164959,"DATUM":"WGS84","__atlas_sublayer":0}},{"type":"Feature","id":108384,"geometry":{"type":"Point","coordinates":[-56.66989627200002,-20.68572328099998]},"properties":{"OBJECTID":108384,"ID_AFLORAMENTO":201374,"ORIGEM":"Oracle","METODO_GEOPOSICIONAMENTO":"Levantamento em mapa 1:1.000.000","TOPONIMIA":"Rio Betione","MUNICIPIO":"Bodoquena","UF":"MS","GEOLOGO":"A Definir","DATA_CADASTRO":1102896000000,"TIPO_AFLORAMENTO":null,"DESCRICAO":null,"NUMERO_CAMPO":null,"ROCHAS":null,"SUREG":"OUTROS","PROJETO":null,"CODIGO_FOLHA":null,"FOLHA":null,"ID_OCORRENCIA":49581,"PROVINCIA":"Tocantins","STATUS_ECONOMICO":"Mina","IMPORTANCIA":"Depósito","LOCALIZACAO_MINA":"Mina subterrânea (GPS sem sinal)","SITUACAO_MINA":null,"MOTIVO_INATIVIDADE_MINA":null,"SITUACAO_GARIMPO":null,"MOTIVO_INATIVIDADE_GARIMPO":null,"SUBSTANCIAS":"Mármore","ROCHAS_HOSPEDEIRAS":"Mármore","ROCHAS_ENCAIXANTES":"Mármore","CLASSES_UTILITARIAS":"Material de uso na construção civil","MORFOLOGIA":"Estratificada","TEXTURAS":"Plana","TIPOS_ALTERACAO":null,"X":-56.66989627,"Y":-20.68572328,"DATUM":"WGS84","__atlas_sublayer":0}},{"type":"Feature","id":108379,"geometry":{"type":"Point","coordinates":[-56.667117991,-20.517111794000016]},"properties":{"OBJECTID":108379,"ID_AFLORAMENTO":201369,"ORIGEM":"Oracle","METODO_GEOPOSICIONAMENTO":"Levantamento em mapa 1:1.000.000","TOPONIMIA":"Serra da Bodoquena","MUNICIPIO":"Bodoquena","UF":"MS","GEOLOGO":"A Definir","DATA_CADASTRO":1102636800000,"TIPO_AFLORAMENTO":null,"DESCRICAO":null,"NUMERO_CAMPO":null,"ROCHAS":null,"SUREG":"OUTROS","PROJETO":null,"CODIGO_FOLHA":null,"FOLHA":null,"ID_OCORRENCIA":49570,"PROVINCIA":"Tocantins","STATUS_ECONOMICO":"Mina","IMPORTANCIA":"Depósito","LOCALIZACAO_MINA":"Mina subterrânea (GPS sem sinal)","SITUACAO_MINA":null,"MOTIVO_INATIVIDADE_MINA":null,"SITUACAO_GARIMPO":null,"MOTIVO_INATIVIDADE_GARIMPO":null,"SUBSTANCIAS":"Calcário","ROCHAS_HOSPEDEIRAS":"Calcário","ROCHAS_ENCAIXANTES":"Calcário","CLASSES_UTILITARIAS":"Material de uso na construção civil","MORFOLOGIA":"Estratificada","TEXTURAS":"Plana","TIPOS_ALTERACAO":null,"X":-56.66711799,"Y":-20.51711179,"DATUM":"WGS84","__atlas_sublayer":0}},{"type":"Feature","id":122425,"geometry":{"type":"Point","coordinates":[-56.5867179,-20.909178899999972]},"properties":{"OBJECTID":122425,"ID_AFLORAMENTO":459612,"ORIGEM":"Oracle","METODO_GEOPOSICIONAMENTO":"GPS Manual pós 24/05/2000","TOPONIMIA":"Rodovia MS 178","MUNICIPIO":"Bonito","UF":"MS","GEOLOGO":"Alexandre Alves de Oliveira","DATA_CADASTRO":1516147200000,"TIPO_AFLORAMENTO":"Corte de estrada","DESCRICAO":"Metarritimito ocre lâminado, com alternância de lâminas e camadas centimétricas de metasiltito e metargilito. Apresenta textura filítica, com acamamento sedimentar paralelo a clivagem. A 20 metros para NW, contato com metacalciolutito cinza escuro, bastante deformado e com textura ardosiana. Apresenta fosfato na capa de alteração.","NUMERO_CAMPO":"AA-0093","ROCHAS":"Metacalcilutito, Metarritmito","SUREG":"OUTROS","PROJETO":"Geologia das folhas Rio Perdido e Vila Campão","CODIGO_FOLHA":"SF.21-X-A-IV","FOLHA":"Vila Campão","ID_OCORRENCIA":70394,"PROVINCIA":"Indeterminada","STATUS_ECONOMICO":"Não explotado","IMPORTANCIA":"Ocorrência","LOCALIZACAO_MINA":null,"SITUACAO_MINA":null,"MOTIVO_INATIVIDADE_MINA":null,"SITUACAO_GARIMPO":null,"MOTIVO_INATIVIDADE_GARIMPO":null,"SUBSTANCIAS":"Fósforo","ROCHAS_HOSPEDEIRAS":null,"ROCHAS_ENCAIXANTES":null,"CLASSES_UTILITARIAS":"Não definida","MORFOLOGIA":null,"TEXTURAS":null,"TIPOS_ALTERACAO":null,"X":-56.5867179,"Y":-20.9091789,"DATUM":"WGS84","__atlas_sublayer":0}},{"type":"Feature","id":122427,"geometry":{"type":"Point","coordinates":[-56.56753800000001,-20.742650000000026]},"properties":{"OBJECTID":122427,"ID_AFLORAMENTO":459644,"ORIGEM":"Oracle","METODO_GEOPOSICIONAMENTO":"GPS Manual pós 24/05/2000","TOPONIMIA":"Estrada de terra para a Fazenda Paredão","MUNICIPIO":"Bonito","UF":"MS","GEOLOGO":"Alexandre Alves de Oliveira","DATA_CADASTRO":1517529600000,"TIPO_AFLORAMENTO":"Lajedo ou Lajeiro","DESCRICAO":"Intercalação de formação ferrífera bandada e metadiamictito com matriz rica em ferro. Ocorrem também nódulos centimétricos enriquecidos em ferro e veios delgados à espessos de quartzo. A formação ferrífera bandado é composta por lâminas cinza ricas em ferro e lâminas vermelha alaranjandas de jasper. Metadiamictito com matriz cinza xistosa e arcabouço constituido por grãos à blocos de quartzo de veio estirados e filitos. Os veios de quartzo, de 3 à 25 centímetros de espessura, ocorrem concordantes e discordantes à foliação.","NUMERO_CAMPO":"AA-0236","ROCHAS":"Formação ferrífera bandada, Metadiamictito, Veio de quartzo","SUREG":"OUTROS","PROJETO":"Geologia das folhas Rio Perdido e Vila Campão","CODIGO_FOLHA":"SF.21-X-A-IV","FOLHA":"Vila Campão","ID_OCORRENCIA":70396,"PROVINCIA":"Indeterminada","STATUS_ECONOMICO":"Não explotado","IMPORTANCIA":"Depósito","LOCALIZACAO_MINA":null,"SITUACAO_MINA":null,"MOTIVO_INATIVIDADE_MINA":null,"SITUACAO_GARIMPO":null,"MOTIVO_INATIVIDADE_GARIMPO":null,"SUBSTANCIAS":"Ferro","ROCHAS_HOSPEDEIRAS":null,"ROCHAS_ENCAIXANTES":null,"CLASSES_UTILITARIAS":"Não definida","MORFOLOGIA":null,"TEXTURAS":null,"TIPOS_ALTERACAO":null,"X":-56.567538,"Y":-20.742649999999998,"DATUM":"WGS84","__atlas_sublayer":0}},{"type":"Feature","id":122424,"geometry":{"type":"Point","coordinates":[-56.546947999999986,-20.96576399999998]},"properties":{"OBJECTID":122424,"ID_AFLORAMENTO":459606,"ORIGEM":"Oracle","METODO_GEOPOSICIONAMENTO":"GPS Manual pós 24/05/2000","TOPONIMIA":"Rodovia MS 178","MUNICIPIO":"Bonito","UF":"MS","GEOLOGO":"Alexandre Alves de Oliveira","DATA_CADASTRO":1516147200000,"TIPO_AFLORAMENTO":"Matacão","DESCRICAO":"Colúvio com fragmentos de calcedônia de cor branca com núcleo de quartzo fumê.","NUMERO_CAMPO":"AA-0087","ROCHAS":"Colúvio","SUREG":"OUTROS","PROJETO":"Geologia das folhas Rio Perdido e Vila Campão","CODIGO_FOLHA":"SF.21-X-A-IV","FOLHA":"Vila Campão","ID_OCORRENCIA":70393,"PROVINCIA":"Indeterminada","STATUS_ECONOMICO":"Não explotado","IMPORTANCIA":"Ocorrência","LOCALIZACAO_MINA":null,"SITUACAO_MINA":null,"MOTIVO_INATIVIDADE_MINA":null,"SITUACAO_GARIMPO":null,"MOTIVO_INATIVIDADE_GARIMPO":null,"SUBSTANCIAS":"Calcedônia","ROCHAS_HOSPEDEIRAS":null,"ROCHAS_ENCAIXANTES":null,"CLASSES_UTILITARIAS":"Não definida","MORFOLOGIA":null,"TEXTURAS":null,"TIPOS_ALTERACAO":null,"X":-56.546948,"Y":-20.965764,"DATUM":"WGS84","__atlas_sublayer":0}},{"type":"Feature","id":122418,"geometry":{"type":"Point","coordinates":[-56.53668290000002,-20.945321999999976]},"properties":{"OBJECTID":122418,"ID_AFLORAMENTO":459519,"ORIGEM":"Oracle","METODO_GEOPOSICIONAMENTO":"GPS Manual pós 24/05/2000","TOPONIMIA":"Estrada de terra a leste da rodovia MS 178","MUNICIPIO":"Bonito","UF":"MS","GEOLOGO":"Alexandre Alves de Oliveira","DATA_CADASTRO":1516233600000,"TIPO_AFLORAMENTO":"Lajedo ou Lajeiro","DESCRICAO":"Metacalcário calcítico cinza escuro, maciço, bastante deformado. Veios de calcita de espessura milimétrica concordantes e discordantes pervadem a rocha. Está parcialmente alterado, com mineral branco rico em fosfato na capa de alteração.","NUMERO_CAMPO":"AA-0135","ROCHAS":"Metacalcário calcítico","SUREG":"OUTROS","PROJETO":"Geologia das folhas Rio Perdido e Vila Campão","CODIGO_FOLHA":"SF.21-X-A-IV","FOLHA":"Vila Campão","ID_OCORRENCIA":70387,"PROVINCIA":"Indeterminada","STATUS_ECONOMICO":"Não explotado","IMPORTANCIA":"Ocorrência","LOCALIZACAO_MINA":null,"SITUACAO_MINA":null,"MOTIVO_INATIVIDADE_MINA":null,"SITUACAO_GARIMPO":null,"MOTIVO_INATIVIDADE_GARIMPO":null,"SUBSTANCIAS":"Fósforo","ROCHAS_HOSPEDEIRAS":null,"ROCHAS_ENCAIXANTES":null,"CLASSES_UTILITARIAS":"Não definida","MORFOLOGIA":null,"TEXTURAS":null,"TIPOS_ALTERACAO":null,"X":-56.5366829,"Y":-20.945321999999997,"DATUM":"WGS84","__atlas_sublayer":0}},{"type":"Feature","id":122419,"geometry":{"type":"Point","coordinates":[-56.535336900000004,-20.900418899999977]},"properties":{"OBJECTID":122419,"ID_AFLORAMENTO":459524,"ORIGEM":"Oracle","METODO_GEOPOSICIONAMENTO":"GPS Manual pós 24/05/2000","TOPONIMIA":"Estrada para Nascente Azul","MUNICIPIO":"Bonito","UF":"MS","GEOLOGO":"Alexandre Alves de Oliveira","DATA_CADASTRO":1516233600000,"TIPO_AFLORAMENTO":"Matacão","DESCRICAO":"Metacalcário dolomítico cinza claro, maciço. Ocorre parcialmente alterado, bastante fraturado. As fraturas são irregulares, preenchidas por calcita e mineral branco rico em fosfato.","NUMERO_CAMPO":"AA-0140","ROCHAS":"Metacalcário dolomítico","SUREG":"OUTROS","PROJETO":"Geologia das folhas Rio Perdido e Vila Campão","CODIGO_FOLHA":"SF.21-X-A-IV","FOLHA":"Vila Campão","ID_OCORRENCIA":70388,"PROVINCIA":"Indeterminada","STATUS_ECONOMICO":"Não explotado","IMPORTANCIA":"Ocorrência","LOCALIZACAO_MINA":null,"SITUACAO_MINA":null,"MOTIVO_INATIVIDADE_MINA":null,"SITUACAO_GARIMPO":null,"MOTIVO_INATIVIDADE_GARIMPO":null,"SUBSTANCIAS":"Fósforo","ROCHAS_HOSPEDEIRAS":null,"ROCHAS_ENCAIXANTES":null,"CLASSES_UTILITARIAS":"Não definida","MORFOLOGIA":null,"TEXTURAS":null,"TIPOS_ALTERACAO":null,"X":-56.5353369,"Y":-20.9004189,"DATUM":"WGS84","__atlas_sublayer":0}},{"type":"Feature","id":109054,"geometry":{"type":"Point","coordinates":[-54.754058070999974,-22.55184377400002]},"properties":{"OBJECTID":109054,"ID_AFLORAMENTO":202086,"ORIGEM":"Oracle","METODO_GEOPOSICIONAMENTO":"Levantamento em carta 1:100.000","TOPONIMIA":"Fazenda Brejão","MUNICIPIO":"Caarapó","UF":"MS","GEOLOGO":"A Definir","DATA_CADASTRO":1103155200000,"TIPO_AFLORAMENTO":null,"DESCRICAO":null,"NUMERO_CAMPO":null,"ROCHAS":null,"SUREG":"OUTROS","PROJETO":null,"CODIGO_FOLHA":null,"FOLHA":null,"ID_OCORRENCIA":49646,"PROVINCIA":"Tocantins","STATUS_ECONOMICO":"Não explotado","IMPORTANCIA":"Depósito","LOCALIZACAO_MINA":"Mina subterrânea (GPS sem sinal)","SITUACAO_MINA":null,"MOTIVO_INATIVIDADE_MINA":null,"SITUACAO_GARIMPO":null,"MOTIVO_INATIVIDADE_GARIMPO":null,"SUBSTANCIAS":"Turfa","ROCHAS_HOSPEDEIRAS":"Argila","ROCHAS_ENCAIXANTES":"Basalto","CLASSES_UTILITARIAS":"Insumos para agricultura","MORFOLOGIA":"Terrosa","TEXTURAS":"Granular","TIPOS_ALTERACAO":null,"X":-54.75405807,"Y":-22.55184377,"DATUM":"WGS84","__atlas_sublayer":0}},{"type":"Feature","id":109059,"geometry":{"type":"Point","coordinates":[-54.88544462599998,-21.568230044000018]},"properties":{"OBJECTID":109059,"ID_AFLORAMENTO":202092,"ORIGEM":"Oracle","METODO_GEOPOSICIONAMENTO":"Levantamento em carta 1:100.000","TOPONIMIA":"Córrego Coqueiro","MUNICIPIO":"Rio Brilhante","UF":"MS","GEOLOGO":"A Definir","DATA_CADASTRO":1103500800000,"TIPO_AFLORAMENTO":null,"DESCRICAO":null,"NUMERO_CAMPO":null,"ROCHAS":null,"SUREG":"OUTROS","PROJETO":null,"CODIGO_FOLHA":null,"FOLHA":null,"ID_OCORRENCIA":49683,"PROVINCIA":"Tocantins","STATUS_ECONOMICO":"Não explotado","IMPORTANCIA":"Depósito","LOCALIZACAO_MINA":"Mina subterrânea (GPS sem sinal)","SITUACAO_MINA":null,"MOTIVO_INATIVIDADE_MINA":null,"SITUACAO_GARIMPO":null,"MOTIVO_INATIVIDADE_GARIMPO":null,"SUBSTANCIAS":"Turfa","ROCHAS_HOSPEDEIRAS":"Argila","ROCHAS_ENCAIXANTES":"Basalto","CLASSES_UTILITARIAS":"Insumos para agricultura","MORFOLOGIA":"Terrosa","TEXTURAS":"Granular","TIPOS_ALTERACAO":null,"X":-54.88544463,"Y":-21.56823004,"DATUM":"WGS84","__atlas_sublayer":0}},{"type":"Feature","id":109058,"geometry":{"type":"Point","coordinates":[-54.865722362999975,-21.590730150000013]},"properties":{"OBJECTID":109058,"ID_AFLORAMENTO":202091,"ORIGEM":"Oracle","METODO_GEOPOSICIONAMENTO":"Levantamento em carta 1:100.000","TOPONIMIA":"Córrego Chifre do Veado","MUNICIPIO":"Rio Brilhante","UF":"MS","GEOLOGO":"A Definir","DATA_CADASTRO":1103500800000,"TIPO_AFLORAMENTO":null,"DESCRICAO":null,"NUMERO_CAMPO":null,"ROCHAS":null,"SUREG":"OUTROS","PROJETO":null,"CODIGO_FOLHA":null,"FOLHA":null,"ID_OCORRENCIA":49682,"PROVINCIA":"Tocantins","STATUS_ECONOMICO":"Não explotado","IMPORTANCIA":"Depósito","LOCALIZACAO_MINA":"Mina subterrânea (GPS sem sinal)","SITUACAO_MINA":null,"MOTIVO_INATIVIDADE_MINA":null,"SITUACAO_GARIMPO":null,"MOTIVO_INATIVIDADE_GARIMPO":null,"SUBSTANCIAS":"Turfa","ROCHAS_HOSPEDEIRAS":"Argila","ROCHAS_ENCAIXANTES":"Basalto","CLASSES_UTILITARIAS":"Insumos para agricultura","MORFOLOGIA":"Terrosa","TEXTURAS":"Granular","TIPOS_ALTERACAO":null,"X":-54.86572236,"Y":-21.59073015,"DATUM":"WGS84","__atlas_sublayer":0}},{"type":"Feature","id":108518,"geometry":{"type":"Point","coordinates":[-52.79681118299999,-17.710446699999977]},"properties":{"OBJECTID":108518,"ID_AFLORAMENTO":201515,"ORIGEM":"Oracle","METODO_GEOPOSICIONAMENTO":"Levantamento em carta 1:100.000","TOPONIMIA":"Campo Redondo","MUNICIPIO":"Mineiros","UF":"GO","GEOLOGO":"A Definir","DATA_CADASTRO":1006560000000,"TIPO_AFLORAMENTO":null,"DESCRICAO":null,"NUMERO_CAMPO":null,"ROCHAS":null,"SUREG":"OUTROS","PROJETO":null,"CODIGO_FOLHA":null,"FOLHA":null,"ID_OCORRENCIA":10322,"PROVINCIA":"Paraná","STATUS_ECONOMICO":"Mina","IMPORTANCIA":"Depósito","LOCALIZACAO_MINA":"Mina subterrânea (GPS sem sinal)","SITUACAO_MINA":"Ativo(a)","MOTIVO_INATIVIDADE_MINA":null,"SITUACAO_GARIMPO":"Ativo(a)","MOTIVO_INATIVIDADE_GARIMPO":null,"SUBSTANCIAS":"Água termal","ROCHAS_HOSPEDEIRAS":null,"ROCHAS_ENCAIXANTES":null,"CLASSES_UTILITARIAS":"Água mineral ou potável de mesa","MORFOLOGIA":null,"TEXTURAS":null,"TIPOS_ALTERACAO":null,"X":-52.79681118,"Y":-17.7104467,"DATUM":"WGS84","__atlas_sublayer":0}},{"type":"Feature","id":116816,"geometry":{"type":"Point","coordinates":[-52.545975537000004,-17.338501612000016]},"properties":{"OBJECTID":116816,"ID_AFLORAMENTO":191260,"ORIGEM":"Oracle","METODO_GEOPOSICIONAMENTO":"Levantamento em carta 1:500.000","TOPONIMIA":"Fazenda Indaiá - Serra Caiapós","MUNICIPIO":"Portelândia","UF":"GO","GEOLOGO":"A Definir","DATA_CADASTRO":1064793600000,"TIPO_AFLORAMENTO":null,"DESCRICAO":null,"NUMERO_CAMPO":null,"ROCHAS":null,"SUREG":"OUTROS","PROJETO":null,"CODIGO_FOLHA":null,"FOLHA":null,"ID_OCORRENCIA":34149,"PROVINCIA":"Paraná","STATUS_ECONOMICO":"Indeterminado","IMPORTANCIA":"Indeterminado","LOCALIZACAO_MINA":"Mina subterrânea (GPS sem sinal)","SITUACAO_MINA":null,"MOTIVO_INATIVIDADE_MINA":null,"SITUACAO_GARIMPO":null,"MOTIVO_INATIVIDADE_GARIMPO":null,"SUBSTANCIAS":"Folhelho carbonoso","ROCHAS_HOSPEDEIRAS":null,"ROCHAS_ENCAIXANTES":null,"CLASSES_UTILITARIAS":"Recursos minerais energéticos","MORFOLOGIA":null,"TEXTURAS":null,"TIPOS_ALTERACAO":null,"X":-52.54597554,"Y":-17.33850161,"DATUM":"WGS84","__atlas_sublayer":0}},{"type":"Feature","id":122550,"geometry":{"type":"Point","coordinates":[-51.039499999999975,-23.25619999999998]},"properties":{"OBJECTID":122550,"ID_AFLORAMENTO":482844,"ORIGEM":"Oracle","METODO_GEOPOSICIONAMENTO":"GPS Manual pós 24/05/2000","TOPONIMIA":"Rio Jacutinga","MUNICIPIO":"Ibiporã","UF":"PR","GEOLOGO":"André Luis Spisila","DATA_CADASTRO":1639958400000,"TIPO_AFLORAMENTO":"Pedreira","DESCRICAO":"Pedreira com afloramento de basalto (derrame rubbly pahoehoe). Formação Paranapanema, Bacia do Paraná.","NUMERO_CAMPO":"LS-0078","ROCHAS":"Basalto","SUREG":"OUTROS","PROJETO":"Mapa Geológico do Estado do Paraná","CODIGO_FOLHA":"SF.22-Y-D-III","FOLHA":"Londrina","ID_OCORRENCIA":73121,"PROVINCIA":"Indeterminada","STATUS_ECONOMICO":"Mina","IMPORTANCIA":"Depósito","LOCALIZACAO_MINA":null,"SITUACAO_MINA":"Inativo(a)","MOTIVO_INATIVIDADE_MINA":null,"SITUACAO_GARIMPO":"Inativo(a)","MOTIVO_INATIVIDADE_GARIMPO":null,"SUBSTANCIAS":"Brita","ROCHAS_HOSPEDEIRAS":null,"ROCHAS_ENCAIXANTES":null,"CLASSES_UTILITARIAS":"Não definida","MORFOLOGIA":null,"TEXTURAS":null,"TIPOS_ALTERACAO":null,"X":-51.039500000000004,"Y":-23.2562,"DATUM":"WGS84","__atlas_sublayer":0}},{"type":"Feature","id":104947,"geometry":{"type":"Point","coordinates":[-51.698471794,-17.878782919000002]},"properties":{"OBJECTID":104947,"ID_AFLORAMENTO":196965,"ORIGEM":"Oracle","METODO_GEOPOSICIONAMENTO":"Levantamento em carta 1:500.000","TOPONIMIA":"Córrego Jataí","MUNICIPIO":"Jataí","UF":"GO","GEOLOGO":"A Definir","DATA_CADASTRO":1006819200000,"TIPO_AFLORAMENTO":null,"DESCRICAO":null,"NUMERO_CAMPO":null,"ROCHAS":null,"SUREG":"OUTROS","PROJETO":null,"CODIGO_FOLHA":null,"FOLHA":null,"ID_OCORRENCIA":34189,"PROVINCIA":"Paraná","STATUS_ECONOMICO":"Indeterminado","IMPORTANCIA":"Indeterminado","LOCALIZACAO_MINA":"Mina subterrânea (GPS sem sinal)","SITUACAO_MINA":null,"MOTIVO_INATIVIDADE_MINA":null,"SITUACAO_GARIMPO":null,"MOTIVO_INATIVIDADE_GARIMPO":null,"SUBSTANCIAS":"Diamante","ROCHAS_HOSPEDEIRAS":null,"ROCHAS_ENCAIXANTES":null,"CLASSES_UTILITARIAS":"Gemas","MORFOLOGIA":"Maciça","TEXTURAS":"Granular","TIPOS_ALTERACAO":null,"X":-51.69847179,"Y":-17.87878292,"DATUM":"WGS84","__atlas_sublayer":0}},{"type":"Feature","id":95504,"geometry":{"type":"Point","coordinates":[-57.413078169000016,-21.436413760999983]},"properties":{"OBJECTID":95504,"ID_AFLORAMENTO":184338,"ORIGEM":"Oracle","METODO_GEOPOSICIONAMENTO":"Levantamento em carta 1:250.000","TOPONIMIA":"Bonito","MUNICIPIO":"Porto Murtinho","UF":"MS","GEOLOGO":"A Definir","DATA_CADASTRO":1076025600000,"TIPO_AFLORAMENTO":null,"DESCRICAO":null,"NUMERO_CAMPO":null,"ROCHAS":null,"SUREG":"OUTROS","PROJETO":null,"CODIGO_FOLHA":null,"FOLHA":null,"ID_OCORRENCIA":11898,"PROVINCIA":"Tocantins","STATUS_ECONOMICO":"Indeterminado","IMPORTANCIA":"Indeterminado","LOCALIZACAO_MINA":"Mina subterrânea (GPS sem sinal)","SITUACAO_MINA":null,"MOTIVO_INATIVIDADE_MINA":null,"SITUACAO_GARIMPO":null,"MOTIVO_INATIVIDADE_GARIMPO":null,"SUBSTANCIAS":"Cobre","ROCHAS_HOSPEDEIRAS":"Gabro","ROCHAS_ENCAIXANTES":"Gabro","CLASSES_UTILITARIAS":"Metais não ferrosos e semimetais","MORFOLOGIA":"Stockwork","TEXTURAS":"Disseminada","TIPOS_ALTERACAO":null,"X":-57.41307817,"Y":-21.43641376,"DATUM":"WGS84","__atlas_sublayer":0}},{"type":"Feature","id":107163,"geometry":{"type":"Point","coordinates":[-57.28933637099999,-21.820502272]},"properties":{"OBJECTID":107163,"ID_AFLORAMENTO":199956,"ORIGEM":"Oracle","METODO_GEOPOSICIONAMENTO":"GPS Manual pós 24/05/2000","TOPONIMIA":"Fazenda Marajá","MUNICIPIO":"Porto Murtinho","UF":"MS","GEOLOGO":"A Definir","DATA_CADASTRO":1144108800000,"TIPO_AFLORAMENTO":"Pedreira","DESCRICAO":null,"NUMERO_CAMPO":null,"ROCHAS":null,"SUREG":"OUTROS","PROJETO":null,"CODIGO_FOLHA":null,"FOLHA":null,"ID_OCORRENCIA":50862,"PROVINCIA":"Províncias Amazônicas","STATUS_ECONOMICO":"Indeterminado","IMPORTANCIA":"Indeterminado","LOCALIZACAO_MINA":"Mina subterrânea (GPS sem sinal)","SITUACAO_MINA":null,"MOTIVO_INATIVIDADE_MINA":null,"SITUACAO_GARIMPO":null,"MOTIVO_INATIVIDADE_GARIMPO":null,"SUBSTANCIAS":"Rocha ornamental","ROCHAS_HOSPEDEIRAS":null,"ROCHAS_ENCAIXANTES":null,"CLASSES_UTILITARIAS":"Não definida","MORFOLOGIA":null,"TEXTURAS":null,"TIPOS_ALTERACAO":null,"X":-57.28933637,"Y":-21.82050227,"DATUM":"WGS84","__atlas_sublayer":0}},{"type":"Feature","id":124109,"geometry":{"type":"Point","coordinates":[-57.416,-20.947000000000003]},"properties":{"OBJECTID":124109,"ID_AFLORAMENTO":484975,"ORIGEM":"Oracle","METODO_GEOPOSICIONAMENTO":"GPS Manual pós 24/05/2000","TOPONIMIA":"Fazenda Matão - Rodovia Ambrózio Olegário de Lima","MUNICIPIO":"Porto Murtinho","UF":"MS","GEOLOGO":"Frederico Meira Faleiros","DATA_CADASTRO":1519084800000,"TIPO_AFLORAMENTO":"Corte de estrada","DESCRICAO":"Metadacito equigranular fino, de coloração cinza escuro esverdeado, isótropo, com aglomerados milimétricos arredondados a ovalados constituídos por minerais máficos dispersos pela rocha. Ocorrem também aglomerados de epidoto. Nota-se a presença de vênulas milimétricas de formato tabular, preenchidas por quartzo, sulfetos e aparentemente Cu nativo, com alteração supérgena formando malaquita. Ocorrem também veios extensionais tabulares a lenticulares constituídos por quartzo e carbonato. com espessura entre 2 e 5 cm. Amostras: RA - Metadacito; RB e RC - Vênulas com malaquita RD - Veios com quartzo e carbonato","NUMERO_CAMPO":"FM-0004","ROCHAS":"Metadacito","SUREG":"OUTROS","PROJETO":"Geologia das Folhas Aldeia Tomázia e Fazenda Santa Otília","CODIGO_FOLHA":"SF.21-V-B-VI","FOLHA":"Aldeia Tomasia","ID_OCORRENCIA":73443,"PROVINCIA":"Indeterminada","STATUS_ECONOMICO":"Não explotado","IMPORTANCIA":"Ocorrência","LOCALIZACAO_MINA":null,"SITUACAO_MINA":null,"MOTIVO_INATIVIDADE_MINA":null,"SITUACAO_GARIMPO":null,"MOTIVO_INATIVIDADE_GARIMPO":null,"SUBSTANCIAS":"Cobre","ROCHAS_HOSPEDEIRAS":null,"ROCHAS_ENCAIXANTES":null,"CLASSES_UTILITARIAS":"Não definida","MORFOLOGIA":null,"TEXTURAS":null,"TIPOS_ALTERACAO":null,"X":-57.416000000000004,"Y":-20.947000000000003,"DATUM":"WGS84","__atlas_sublayer":0}},{"type":"Feature","id":109083,"geometry":{"type":"Point","coordinates":[-57.15850852400001,-20.17988752299999]},"properties":{"OBJECTID":109083,"ID_AFLORAMENTO":202117,"ORIGEM":"Oracle","METODO_GEOPOSICIONAMENTO":"Levantamento em mapa 1:1.000.000","TOPONIMIA":"Córrego Limoeiro","MUNICIPIO":"Corumbá","UF":"MS","GEOLOGO":"A Definir","DATA_CADASTRO":1101686400000,"TIPO_AFLORAMENTO":null,"DESCRICAO":null,"NUMERO_CAMPO":null,"ROCHAS":null,"SUREG":"OUTROS","PROJETO":null,"CODIGO_FOLHA":null,"FOLHA":null,"ID_OCORRENCIA":49364,"PROVINCIA":"Tocantins","STATUS_ECONOMICO":"Indeterminado","IMPORTANCIA":"Indeterminado","LOCALIZACAO_MINA":"Mina subterrânea (GPS sem sinal)","SITUACAO_MINA":null,"MOTIVO_INATIVIDADE_MINA":null,"SITUACAO_GARIMPO":null,"MOTIVO_INATIVIDADE_GARIMPO":null,"SUBSTANCIAS":"Topázio","ROCHAS_HOSPEDEIRAS":"Veio de quartzo","ROCHAS_ENCAIXANTES":"Quartzito","CLASSES_UTILITARIAS":"Gemas","MORFOLOGIA":"Filoneana","TEXTURAS":"Pegmatítica","TIPOS_ALTERACAO":null,"X":-57.15850852,"Y":-20.17988752,"DATUM":"WGS84","__atlas_sublayer":0}},{"type":"Feature","id":107185,"geometry":{"type":"Point","coordinates":[-57.431660496999996,-19.506900839000025]},"properties":{"OBJECTID":107185,"ID_AFLORAMENTO":199978,"ORIGEM":"Oracle","METODO_GEOPOSICIONAMENTO":"GPS Manual pós 24/05/2000","TOPONIMIA":"Rio Paraguai","MUNICIPIO":"Corumbá","UF":"MS","GEOLOGO":"A Definir","DATA_CADASTRO":1144195200000,"TIPO_AFLORAMENTO":null,"DESCRICAO":null,"NUMERO_CAMPO":null,"ROCHAS":null,"SUREG":"OUTROS","PROJETO":null,"CODIGO_FOLHA":null,"FOLHA":null,"ID_OCORRENCIA":50889,"PROVINCIA":"Tocantins","STATUS_ECONOMICO":"Indeterminado","IMPORTANCIA":"Indeterminado","LOCALIZACAO_MINA":"Mina subterrânea (GPS sem sinal)","SITUACAO_MINA":null,"MOTIVO_INATIVIDADE_MINA":null,"SITUACAO_GARIMPO":null,"MOTIVO_INATIVIDADE_GARIMPO":null,"SUBSTANCIAS":"Fósforo","ROCHAS_HOSPEDEIRAS":"Calcário, Dolomito","ROCHAS_ENCAIXANTES":"Calcário, Dolomito","CLASSES_UTILITARIAS":"Insumos para agricultura","MORFOLOGIA":"Estratificada","TEXTURAS":"Disseminada","TIPOS_ALTERACAO":null,"X":-57.4316605,"Y":-19.50690084,"DATUM":"WGS84","__atlas_sublayer":0}},{"type":"Feature","id":128997,"geometry":{"type":"Point","coordinates":[-56.95912850000002,-21.924872499999992]},"properties":{"OBJECTID":128997,"ID_AFLORAMENTO":413286,"ORIGEM":"Oracle","METODO_GEOPOSICIONAMENTO":"GPS Manual pós 24/05/2000","TOPONIMIA":"Faz. Amorim","MUNICIPIO":"Caracol","UF":"MS","GEOLOGO":"Márcio José Remédio","DATA_CADASTRO":1268265600000,"TIPO_AFLORAMENTO":"Drenagem seca","DESCRICAO":"Laterita com concentração de óxidos de Fe e e quartzo de granulação média.","NUMERO_CAMPO":"MR-0240","ROCHAS":"Laterita","SUREG":"OUTROS","PROJETO":"Bonito - Porto Murtinho","CODIGO_FOLHA":"SF.21-X-C-IV","FOLHA":"Fazenda Margarida","ID_OCORRENCIA":66199,"PROVINCIA":"Indeterminada","STATUS_ECONOMICO":"Não explotado","IMPORTANCIA":"Ocorrência","LOCALIZACAO_MINA":null,"SITUACAO_MINA":null,"MOTIVO_INATIVIDADE_MINA":null,"SITUACAO_GARIMPO":null,"MOTIVO_INATIVIDADE_GARIMPO":null,"SUBSTANCIAS":"Laterita","ROCHAS_HOSPEDEIRAS":null,"ROCHAS_ENCAIXANTES":null,"CLASSES_UTILITARIAS":"Não definida","MORFOLOGIA":null,"TEXTURAS":null,"TIPOS_ALTERACAO":null,"X":-56.9591285,"Y":-21.9248725,"DATUM":"WGS84","__atlas_sublayer":0}},{"type":"Feature","id":107161,"geometry":{"type":"Point","coordinates":[-56.858483096999976,-21.479721745999996]},"properties":{"OBJECTID":107161,"ID_AFLORAMENTO":199954,"ORIGEM":"Oracle","METODO_GEOPOSICIONAMENTO":"GPS Manual pós 24/05/2000","TOPONIMIA":"Fazenda Poteiro/Fazenda Caetes","MUNICIPIO":"Jardim","UF":"MS","GEOLOGO":"A Definir","DATA_CADASTRO":1144108800000,"TIPO_AFLORAMENTO":"Pedreira","DESCRICAO":null,"NUMERO_CAMPO":null,"ROCHAS":null,"SUREG":"OUTROS","PROJETO":null,"CODIGO_FOLHA":null,"FOLHA":null,"ID_OCORRENCIA":50860,"PROVINCIA":"Províncias Amazônicas","STATUS_ECONOMICO":"Indeterminado","IMPORTANCIA":"Indeterminado","LOCALIZACAO_MINA":"Mina subterrânea (GPS sem sinal)","SITUACAO_MINA":null,"MOTIVO_INATIVIDADE_MINA":null,"SITUACAO_GARIMPO":null,"MOTIVO_INATIVIDADE_GARIMPO":null,"SUBSTANCIAS":"Rocha ornamental","ROCHAS_HOSPEDEIRAS":null,"ROCHAS_ENCAIXANTES":null,"CLASSES_UTILITARIAS":"Não definida","MORFOLOGIA":null,"TEXTURAS":null,"TIPOS_ALTERACAO":null,"X":-56.8584831,"Y":-21.47972175,"DATUM":"WGS84","__atlas_sublayer":0}},{"type":"Feature","id":128995,"geometry":{"type":"Point","coordinates":[-56.82031519999998,-21.57492450000001]},"properties":{"OBJECTID":128995,"ID_AFLORAMENTO":413196,"ORIGEM":"Oracle","METODO_GEOPOSICIONAMENTO":"GPS Manual pós 24/05/2000","TOPONIMIA":"Faz. N.s. Aparecida","MUNICIPIO":"Caracol","UF":"MS","GEOLOGO":"Márcio José Remédio","DATA_CADASTRO":1268265600000,"TIPO_AFLORAMENTO":"Material disperso na superfície","DESCRICAO":"Laterita.","NUMERO_CAMPO":"MR-0217","ROCHAS":"Laterita","SUREG":"OUTROS","PROJETO":"Bonito - Porto Murtinho","CODIGO_FOLHA":"SF.21-X-C-IV","FOLHA":"Fazenda Margarida","ID_OCORRENCIA":66197,"PROVINCIA":"Indeterminada","STATUS_ECONOMICO":"Não explotado","IMPORTANCIA":"Ocorrência","LOCALIZACAO_MINA":null,"SITUACAO_MINA":null,"MOTIVO_INATIVIDADE_MINA":null,"SITUACAO_GARIMPO":null,"MOTIVO_INATIVIDADE_GARIMPO":null,"SUBSTANCIAS":"Laterita","ROCHAS_HOSPEDEIRAS":null,"ROCHAS_ENCAIXANTES":null,"CLASSES_UTILITARIAS":"Não definida","MORFOLOGIA":null,"TEXTURAS":null,"TIPOS_ALTERACAO":null,"X":-56.8203152,"Y":-21.5749245,"DATUM":"WGS84","__atlas_sublayer":0}},{"type":"Feature","id":110791,"geometry":{"type":"Point","coordinates":[-56.89489697800002,-20.515444527]},"properties":{"OBJECTID":110791,"ID_AFLORAMENTO":203965,"ORIGEM":"Oracle","METODO_GEOPOSICIONAMENTO":"Levantamento em carta 1:250.000","TOPONIMIA":"Miranda","MUNICIPIO":"Bodoquena","UF":"MS","GEOLOGO":"A Definir","DATA_CADASTRO":1076025600000,"TIPO_AFLORAMENTO":null,"DESCRICAO":null,"NUMERO_CAMPO":null,"ROCHAS":null,"SUREG":"OUTROS","PROJETO":null,"CODIGO_FOLHA":null,"FOLHA":null,"ID_OCORRENCIA":11911,"PROVINCIA":"Tocantins","STATUS_ECONOMICO":"Não explotado","IMPORTANCIA":"Depósito","LOCALIZACAO_MINA":"Mina subterrânea (GPS sem sinal)","SITUACAO_MINA":null,"MOTIVO_INATIVIDADE_MINA":null,"SITUACAO_GARIMPO":null,"MOTIVO_INATIVIDADE_GARIMPO":null,"SUBSTANCIAS":"Dolomito","ROCHAS_HOSPEDEIRAS":"Dolomito","ROCHAS_ENCAIXANTES":null,"CLASSES_UTILITARIAS":"Insumos para agricultura","MORFOLOGIA":"Estratificada","TEXTURAS":"Plana","TIPOS_ALTERACAO":null,"X":-56.89489698,"Y":-20.51544453,"DATUM":"WGS84","__atlas_sublayer":0}},{"type":"Feature","id":108426,"geometry":{"type":"Point","coordinates":[-56.71850685200002,-20.41266697200001]},"properties":{"OBJECTID":108426,"ID_AFLORAMENTO":201408,"ORIGEM":"Oracle","METODO_GEOPOSICIONAMENTO":"Levantamento em mapa 1:1.000.000","TOPONIMIA":"Córrego Campina","MUNICIPIO":"Bodoquena","UF":"MS","GEOLOGO":"A Definir","DATA_CADASTRO":1102550400000,"TIPO_AFLORAMENTO":null,"DESCRICAO":null,"NUMERO_CAMPO":null,"ROCHAS":null,"SUREG":"OUTROS","PROJETO":null,"CODIGO_FOLHA":null,"FOLHA":null,"ID_OCORRENCIA":49547,"PROVINCIA":"Tocantins","STATUS_ECONOMICO":"Mina","IMPORTANCIA":"Depósito","LOCALIZACAO_MINA":"Mina subterrânea (GPS sem sinal)","SITUACAO_MINA":null,"MOTIVO_INATIVIDADE_MINA":null,"SITUACAO_GARIMPO":null,"MOTIVO_INATIVIDADE_GARIMPO":null,"SUBSTANCIAS":"Calcário","ROCHAS_HOSPEDEIRAS":"Calcário","ROCHAS_ENCAIXANTES":"Calcário","CLASSES_UTILITARIAS":"Material de uso na construção civil","MORFOLOGIA":"Estratificada","TEXTURAS":"Plana","TIPOS_ALTERACAO":null,"X":-56.71850685,"Y":-20.41266697,"DATUM":"WGS84","__atlas_sublayer":0}},{"type":"Feature","id":108385,"geometry":{"type":"Point","coordinates":[-56.66711873600002,-20.769612368000026]},"properties":{"OBJECTID":108385,"ID_AFLORAMENTO":201375,"ORIGEM":"Oracle","METODO_GEOPOSICIONAMENTO":"Levantamento em mapa 1:1.000.000","TOPONIMIA":"Rio Betione","MUNICIPIO":"Bodoquena","UF":"MS","GEOLOGO":"A Definir","DATA_CADASTRO":1102896000000,"TIPO_AFLORAMENTO":null,"DESCRICAO":null,"NUMERO_CAMPO":null,"ROCHAS":null,"SUREG":"OUTROS","PROJETO":null,"CODIGO_FOLHA":null,"FOLHA":null,"ID_OCORRENCIA":49582,"PROVINCIA":"Tocantins","STATUS_ECONOMICO":"Indeterminado","IMPORTANCIA":"Indeterminado","LOCALIZACAO_MINA":"Mina subterrânea (GPS sem sinal)","SITUACAO_MINA":null,"MOTIVO_INATIVIDADE_MINA":null,"SITUACAO_GARIMPO":null,"MOTIVO_INATIVIDADE_GARIMPO":null,"SUBSTANCIAS":"Calcário","ROCHAS_HOSPEDEIRAS":"Calcário","ROCHAS_ENCAIXANTES":"Calcário","CLASSES_UTILITARIAS":"Material de uso na construção civil","MORFOLOGIA":"Estratificada","TEXTURAS":"Plana","TIPOS_ALTERACAO":null,"X":-56.66711874,"Y":-20.76961237,"DATUM":"WGS84","__atlas_sublayer":0}},{"type":"Feature","id":108383,"geometry":{"type":"Point","coordinates":[-56.634062744999994,-20.684334481999997]},"properties":{"OBJECTID":108383,"ID_AFLORAMENTO":201373,"ORIGEM":"Oracle","METODO_GEOPOSICIONAMENTO":"Levantamento em mapa 1:1.000.000","TOPONIMIA":"Rio Salobra","MUNICIPIO":"Bodoquena","UF":"MS","GEOLOGO":"A Definir","DATA_CADASTRO":1102636800000,"TIPO_AFLORAMENTO":null,"DESCRICAO":null,"NUMERO_CAMPO":null,"ROCHAS":null,"SUREG":"OUTROS","PROJETO":null,"CODIGO_FOLHA":null,"FOLHA":null,"ID_OCORRENCIA":49574,"PROVINCIA":"Tocantins","STATUS_ECONOMICO":"Mina","IMPORTANCIA":"Depósito","LOCALIZACAO_MINA":"Mina subterrânea (GPS sem sinal)","SITUACAO_MINA":null,"MOTIVO_INATIVIDADE_MINA":null,"SITUACAO_GARIMPO":null,"MOTIVO_INATIVIDADE_GARIMPO":null,"SUBSTANCIAS":"Calcário","ROCHAS_HOSPEDEIRAS":"Calcário","ROCHAS_ENCAIXANTES":"Calcário","CLASSES_UTILITARIAS":"Material de uso na construção civil","MORFOLOGIA":"Estratificada","TEXTURAS":"Plana","TIPOS_ALTERACAO":null,"X":-56.63406275,"Y":-20.68433448,"DATUM":"WGS84","__atlas_sublayer":0}},{"type":"Feature","id":122433,"geometry":{"type":"Point","coordinates":[-56.59160300000002,-20.565438900000004]},"properties":{"OBJECTID":122433,"ID_AFLORAMENTO":459676,"ORIGEM":"Oracle","METODO_GEOPOSICIONAMENTO":"GPS Manual pós 24/05/2000","TOPONIMIA":"Estrada para a Fazenda São Cristovão","MUNICIPIO":"Bodoquena","UF":"MS","GEOLOGO":"Alexandre Alves de Oliveira","DATA_CADASTRO":1520208000000,"TIPO_AFLORAMENTO":"Rasteiro (Leito de estrada, terraplenagem, etc.)","DESCRICAO":"Metadiamictito cinza escuro a bege, quando alterado. O arcabouço é constituido por esparssos seixos e blocos de quartzito e filito muito estirados. A matriz é ferrugionas constituida principalmente por hematita e magnetita maciças, subordinadamente por óxidos/hidróxidos de manganês. Apresenta clivagem e é entrecortado por par de zonas de cisalhamento transcorrentes dextrais e sinitrais.","NUMERO_CAMPO":"AA-0268","ROCHAS":"Metadiamictito","SUREG":"OUTROS","PROJETO":"Geologia das folhas Rio Perdido e Vila Campão","CODIGO_FOLHA":"SF.21-X-A-IV","FOLHA":"Vila Campão","ID_OCORRENCIA":70402,"PROVINCIA":"Indeterminada","STATUS_ECONOMICO":"Não explotado","IMPORTANCIA":"Ocorrência","LOCALIZACAO_MINA":null,"SITUACAO_MINA":null,"MOTIVO_INATIVIDADE_MINA":null,"SITUACAO_GARIMPO":null,"MOTIVO_INATIVIDADE_GARIMPO":null,"SUBSTANCIAS":"Ferro","ROCHAS_HOSPEDEIRAS":null,"ROCHAS_ENCAIXANTES":null,"CLASSES_UTILITARIAS":"Não definida","MORFOLOGIA":null,"TEXTURAS":null,"TIPOS_ALTERACAO":null,"X":-56.591603,"Y":-20.5654389,"DATUM":"WGS84","__atlas_sublayer":0}},{"type":"Feature","id":122429,"geometry":{"type":"Point","coordinates":[-56.573778000000004,-20.72896300000002]},"properties":{"OBJECTID":122429,"ID_AFLORAMENTO":459646,"ORIGEM":"Oracle","METODO_GEOPOSICIONAMENTO":"GPS Manual pós 24/05/2000","TOPONIMIA":"Estrada de terra para a Fazenda Paredão","MUNICIPIO":"Bonito","UF":"MS","GEOLOGO":"Alexandre Alves de Oliveira","DATA_CADASTRO":1517529600000,"TIPO_AFLORAMENTO":"Trincheira","DESCRICAO":"Metadiamictito cinza intercalado comformações ferríferas bandadas. Ocorrem nódulos de hematito maciço. As rochas estão bastante deformadas e estiradas, estão deformadas por dobras isoclinais reclinadas (D1), possuem clivagem plano axial e lineação de estiramento. Estas estruturas estão deformadas por dobras abertas inclinadas com caimento e, localmente apresentam clivagem de crenulação. Ressalta-se que neste ponto as rochas estão bastante intemperizadas e possuem cor ocre alaranjada.","NUMERO_CAMPO":"AA-0238","ROCHAS":"Formação ferrífera bandada, Metadiamictito","SUREG":"OUTROS","PROJETO":"Geologia das folhas Rio Perdido e Vila Campão","CODIGO_FOLHA":"SF.21-X-A-IV","FOLHA":"Vila Campão","ID_OCORRENCIA":70398,"PROVINCIA":"Indeterminada","STATUS_ECONOMICO":"Não explotado","IMPORTANCIA":"Depósito","LOCALIZACAO_MINA":null,"SITUACAO_MINA":null,"MOTIVO_INATIVIDADE_MINA":null,"SITUACAO_GARIMPO":null,"MOTIVO_INATIVIDADE_GARIMPO":null,"SUBSTANCIAS":"Ferro","ROCHAS_HOSPEDEIRAS":null,"ROCHAS_ENCAIXANTES":null,"CLASSES_UTILITARIAS":"Não definida","MORFOLOGIA":null,"TEXTURAS":null,"TIPOS_ALTERACAO":null,"X":-56.573778,"Y":-20.728963,"DATUM":"WGS84","__atlas_sublayer":0}},{"type":"Feature","id":108400,"geometry":{"type":"Point","coordinates":[-56.440449304000026,-20.243245074000015]},"properties":{"OBJECTID":108400,"ID_AFLORAMENTO":201390,"ORIGEM":"Oracle","METODO_GEOPOSICIONAMENTO":"Levantamento em mapa 1:1.000.000","TOPONIMIA":"Retiro Peixe Frito","MUNICIPIO":"Miranda","UF":"MS","GEOLOGO":"A Definir","DATA_CADASTRO":1102377600000,"TIPO_AFLORAMENTO":null,"DESCRICAO":null,"NUMERO_CAMPO":null,"ROCHAS":null,"SUREG":"OUTROS","PROJETO":null,"CODIGO_FOLHA":null,"FOLHA":null,"ID_OCORRENCIA":49511,"PROVINCIA":"Tocantins","STATUS_ECONOMICO":"Mina","IMPORTANCIA":"Depósito","LOCALIZACAO_MINA":"Mina subterrânea (GPS sem sinal)","SITUACAO_MINA":null,"MOTIVO_INATIVIDADE_MINA":null,"SITUACAO_GARIMPO":null,"MOTIVO_INATIVIDADE_GARIMPO":null,"SUBSTANCIAS":"Calcário","ROCHAS_HOSPEDEIRAS":"Calcário","ROCHAS_ENCAIXANTES":"Calcário","CLASSES_UTILITARIAS":"Não definida","MORFOLOGIA":"Estratificada","TEXTURAS":"Plana","TIPOS_ALTERACAO":null,"X":-56.4404493,"Y":-20.24324507,"DATUM":"WGS84","__atlas_sublayer":0}},{"type":"Feature","id":107179,"geometry":{"type":"Point","coordinates":[-56.35063565399997,-20.87078176099999]},"properties":{"OBJECTID":107179,"ID_AFLORAMENTO":199972,"ORIGEM":"Oracle","METODO_GEOPOSICIONAMENTO":"GPS Manual pós 24/05/2000","TOPONIMIA":"Bonito_Anastacio","MUNICIPIO":"Bonito","UF":"MS","GEOLOGO":"A Definir","DATA_CADASTRO":1144195200000,"TIPO_AFLORAMENTO":null,"DESCRICAO":null,"NUMERO_CAMPO":null,"ROCHAS":null,"SUREG":"OUTROS","PROJETO":null,"CODIGO_FOLHA":null,"FOLHA":null,"ID_OCORRENCIA":50883,"PROVINCIA":"Tocantins","STATUS_ECONOMICO":"Indeterminado","IMPORTANCIA":"Indeterminado","LOCALIZACAO_MINA":"Mina subterrânea (GPS sem sinal)","SITUACAO_MINA":null,"MOTIVO_INATIVIDADE_MINA":null,"SITUACAO_GARIMPO":null,"MOTIVO_INATIVIDADE_GARIMPO":null,"SUBSTANCIAS":"Filito","ROCHAS_HOSPEDEIRAS":"Filito","ROCHAS_ENCAIXANTES":null,"CLASSES_UTILITARIAS":"Rochas e minerais industriais","MORFOLOGIA":"Lenticular","TEXTURAS":"Disseminada","TIPOS_ALTERACAO":null,"X":-56.35063565,"Y":-20.87078176,"DATUM":"WGS84","__atlas_sublayer":0}},{"type":"Feature","id":109062,"geometry":{"type":"Point","coordinates":[-54.96072517800002,-22.320453793000013]},"properties":{"OBJECTID":109062,"ID_AFLORAMENTO":202098,"ORIGEM":"Oracle","METODO_GEOPOSICIONAMENTO":"Levantamento em carta 1:100.000","TOPONIMIA":"Córrego Água Limpa","MUNICIPIO":"Dourados","UF":"MS","GEOLOGO":"A Definir","DATA_CADASTRO":1103587200000,"TIPO_AFLORAMENTO":null,"DESCRICAO":null,"NUMERO_CAMPO":null,"ROCHAS":null,"SUREG":"OUTROS","PROJETO":null,"CODIGO_FOLHA":null,"FOLHA":null,"ID_OCORRENCIA":49701,"PROVINCIA":"Tocantins","STATUS_ECONOMICO":"Não explotado","IMPORTANCIA":"Depósito","LOCALIZACAO_MINA":"Mina subterrânea (GPS sem sinal)","SITUACAO_MINA":null,"MOTIVO_INATIVIDADE_MINA":null,"SITUACAO_GARIMPO":null,"MOTIVO_INATIVIDADE_GARIMPO":null,"SUBSTANCIAS":"Turfa","ROCHAS_HOSPEDEIRAS":"Argila","ROCHAS_ENCAIXANTES":"Basalto","CLASSES_UTILITARIAS":"Insumos para agricultura","MORFOLOGIA":"Terrosa","TEXTURAS":"Granular","TIPOS_ALTERACAO":null,"X":-54.96072518,"Y":-22.32045379,"DATUM":"WGS84","__atlas_sublayer":0}},{"type":"Feature","id":108394,"geometry":{"type":"Point","coordinates":[-54.60794347000001,-21.706286662000025]},"properties":{"OBJECTID":108394,"ID_AFLORAMENTO":201384,"ORIGEM":"Oracle","METODO_GEOPOSICIONAMENTO":"Levantamento em carta 1:100.000","TOPONIMIA":"Córrego Araras","MUNICIPIO":"Rio Brilhante","UF":"MS","GEOLOGO":"A Definir","DATA_CADASTRO":1103155200000,"TIPO_AFLORAMENTO":null,"DESCRICAO":null,"NUMERO_CAMPO":null,"ROCHAS":null,"SUREG":"OUTROS","PROJETO":null,"CODIGO_FOLHA":null,"FOLHA":null,"ID_OCORRENCIA":49641,"PROVINCIA":"Tocantins","STATUS_ECONOMICO":"Não explotado","IMPORTANCIA":"Depósito","LOCALIZACAO_MINA":"Mina subterrânea (GPS sem sinal)","SITUACAO_MINA":null,"MOTIVO_INATIVIDADE_MINA":null,"SITUACAO_GARIMPO":null,"MOTIVO_INATIVIDADE_GARIMPO":null,"SUBSTANCIAS":"Turfa","ROCHAS_HOSPEDEIRAS":"Argila","ROCHAS_ENCAIXANTES":"Basalto","CLASSES_UTILITARIAS":"Insumos para agricultura","MORFOLOGIA":"Terrosa","TEXTURAS":"Granular","TIPOS_ALTERACAO":null,"X":-54.60794347,"Y":-21.70628666,"DATUM":"WGS84","__atlas_sublayer":0}},{"type":"Feature","id":107167,"geometry":{"type":"Point","coordinates":[-54.99202692900002,-19.36827848600001]},"properties":{"OBJECTID":107167,"ID_AFLORAMENTO":199960,"ORIGEM":"Oracle","METODO_GEOPOSICIONAMENTO":"GPS Manual pós 24/05/2000","TOPONIMIA":"Rio Negro","MUNICIPIO":"Rio Negro","UF":"MS","GEOLOGO":"A Definir","DATA_CADASTRO":1144195200000,"TIPO_AFLORAMENTO":null,"DESCRICAO":null,"NUMERO_CAMPO":null,"ROCHAS":null,"SUREG":"OUTROS","PROJETO":null,"CODIGO_FOLHA":null,"FOLHA":null,"ID_OCORRENCIA":50870,"PROVINCIA":"Paraná","STATUS_ECONOMICO":"Mina","IMPORTANCIA":"Depósito","LOCALIZACAO_MINA":"Mina subterrânea (GPS sem sinal)","SITUACAO_MINA":null,"MOTIVO_INATIVIDADE_MINA":null,"SITUACAO_GARIMPO":null,"MOTIVO_INATIVIDADE_GARIMPO":null,"SUBSTANCIAS":"Argila","ROCHAS_HOSPEDEIRAS":null,"ROCHAS_ENCAIXANTES":null,"CLASSES_UTILITARIAS":"Material de uso na construção civil","MORFOLOGIA":null,"TEXTURAS":null,"TIPOS_ALTERACAO":null,"X":-54.99202693,"Y":-19.36827849,"DATUM":"WGS84","__atlas_sublayer":0}},{"type":"Feature","id":107173,"geometry":{"type":"Point","coordinates":[-54.782195926999975,-19.053917145000014]},"properties":{"OBJECTID":107173,"ID_AFLORAMENTO":199966,"ORIGEM":"Oracle","METODO_GEOPOSICIONAMENTO":"GPS Manual pós 24/05/2000","TOPONIMIA":"Arara","MUNICIPIO":"Rio Verde de Mato Grosso","UF":"MS","GEOLOGO":"A Definir","DATA_CADASTRO":1144195200000,"TIPO_AFLORAMENTO":null,"DESCRICAO":null,"NUMERO_CAMPO":null,"ROCHAS":null,"SUREG":"OUTROS","PROJETO":null,"CODIGO_FOLHA":null,"FOLHA":null,"ID_OCORRENCIA":50876,"PROVINCIA":"Paraná","STATUS_ECONOMICO":"Mina","IMPORTANCIA":"Depósito","LOCALIZACAO_MINA":"Mina subterrânea (GPS sem sinal)","SITUACAO_MINA":null,"MOTIVO_INATIVIDADE_MINA":null,"SITUACAO_GARIMPO":null,"MOTIVO_INATIVIDADE_GARIMPO":null,"SUBSTANCIAS":"Argila","ROCHAS_HOSPEDEIRAS":null,"ROCHAS_ENCAIXANTES":null,"CLASSES_UTILITARIAS":"Material de uso na construção civil","MORFOLOGIA":null,"TEXTURAS":null,"TIPOS_ALTERACAO":null,"X":-54.78219593,"Y":-19.05391715,"DATUM":"WGS84","__atlas_sublayer":0}},{"type":"Feature","id":105386,"geometry":{"type":"Point","coordinates":[-54.824880482000026,-18.619055962999994]},"properties":{"OBJECTID":105386,"ID_AFLORAMENTO":197631,"ORIGEM":"Oracle","METODO_GEOPOSICIONAMENTO":"Levantamento em mapa 1:1.000.000","TOPONIMIA":"Rio Taquari Mirim","MUNICIPIO":"Rio Verde de Mato Grosso","UF":"MS","GEOLOGO":"A Definir","DATA_CADASTRO":1006819200000,"TIPO_AFLORAMENTO":null,"DESCRICAO":null,"NUMERO_CAMPO":null,"ROCHAS":null,"SUREG":"OUTROS","PROJETO":null,"CODIGO_FOLHA":null,"FOLHA":null,"ID_OCORRENCIA":34251,"PROVINCIA":"Paraná","STATUS_ECONOMICO":"Indeterminado","IMPORTANCIA":"Indeterminado","LOCALIZACAO_MINA":"Mina subterrânea (GPS sem sinal)","SITUACAO_MINA":null,"MOTIVO_INATIVIDADE_MINA":null,"SITUACAO_GARIMPO":null,"MOTIVO_INATIVIDADE_GARIMPO":null,"SUBSTANCIAS":"Diamante","ROCHAS_HOSPEDEIRAS":null,"ROCHAS_ENCAIXANTES":null,"CLASSES_UTILITARIAS":"Gemas","MORFOLOGIA":null,"TEXTURAS":null,"TIPOS_ALTERACAO":null,"X":-54.82488048,"Y":-18.61905596,"DATUM":"WGS84","__atlas_sublayer":0}},{"type":"Feature","id":104535,"geometry":{"type":"Point","coordinates":[-52.15737604200001,-22.53490637499999]},"properties":{"OBJECTID":104535,"ID_AFLORAMENTO":195396,"ORIGEM":"Oracle","METODO_GEOPOSICIONAMENTO":"Levantamento em carta 1:500.000","TOPONIMIA":"Águas Claras - Cerâmica Vera Cruz","MUNICIPIO":"Teodoro Sampaio","UF":"SP","GEOLOGO":"A Definir","DATA_CADASTRO":1055376000000,"TIPO_AFLORAMENTO":null,"DESCRICAO":null,"NUMERO_CAMPO":null,"ROCHAS":null,"SUREG":"OUTROS","PROJETO":null,"CODIGO_FOLHA":null,"FOLHA":null,"ID_OCORRENCIA":35229,"PROVINCIA":"Paraná","STATUS_ECONOMICO":"Mina","IMPORTANCIA":"Depósito","LOCALIZACAO_MINA":"Mina subterrânea (GPS sem sinal)","SITUACAO_MINA":"Inativo(a)","MOTIVO_INATIVIDADE_MINA":"Exaurido(a)","SITUACAO_GARIMPO":"Inativo(a)","MOTIVO_INATIVIDADE_GARIMPO":"Exaurido(a)","SUBSTANCIAS":"Argila","ROCHAS_HOSPEDEIRAS":"Argila","ROCHAS_ENCAIXANTES":null,"CLASSES_UTILITARIAS":"Rochas e minerais industriais","MORFOLOGIA":"Maciça","TEXTURAS":"Granular","TIPOS_ALTERACAO":null,"X":-52.15737604,"Y":-22.53490638,"DATUM":"WGS84","__atlas_sublayer":0}},{"type":"Feature","id":95752,"geometry":{"type":"Point","coordinates":[-52.695423044999984,-18.27405977799998]},"properties":{"OBJECTID":95752,"ID_AFLORAMENTO":184780,"ORIGEM":"Oracle","METODO_GEOPOSICIONAMENTO":"Levantamento em carta 1:500.000","TOPONIMIA":"Rio Formoso","MUNICIPIO":"Chapadão do Céu","UF":"GO","GEOLOGO":"A Definir","DATA_CADASTRO":1068508800000,"TIPO_AFLORAMENTO":null,"DESCRICAO":null,"NUMERO_CAMPO":null,"ROCHAS":null,"SUREG":"OUTROS","PROJETO":null,"CODIGO_FOLHA":null,"FOLHA":null,"ID_OCORRENCIA":39275,"PROVINCIA":"Paraná","STATUS_ECONOMICO":"Indeterminado","IMPORTANCIA":"Indeterminado","LOCALIZACAO_MINA":"Mina subterrânea (GPS sem sinal)","SITUACAO_MINA":null,"MOTIVO_INATIVIDADE_MINA":null,"SITUACAO_GARIMPO":null,"MOTIVO_INATIVIDADE_GARIMPO":null,"SUBSTANCIAS":"Turfa","ROCHAS_HOSPEDEIRAS":"Turfa","ROCHAS_ENCAIXANTES":null,"CLASSES_UTILITARIAS":"Recursos minerais energéticos","MORFOLOGIA":"Irregular","TEXTURAS":"Granular","TIPOS_ALTERACAO":null,"X":-52.69542305,"Y":-18.27405978,"DATUM":"WGS84","__atlas_sublayer":0}},{"type":"Feature","id":106232,"geometry":{"type":"Point","coordinates":[-52.84458860000001,-17.43433461799998]},"properties":{"OBJECTID":106232,"ID_AFLORAMENTO":198844,"ORIGEM":"Oracle","METODO_GEOPOSICIONAMENTO":"Levantamento em carta 1:500.000","TOPONIMIA":"Cabeceira do Córrego Invernada","MUNICIPIO":"Mineiros","UF":"GO","GEOLOGO":"A Definir","DATA_CADASTRO":1062720000000,"TIPO_AFLORAMENTO":null,"DESCRICAO":null,"NUMERO_CAMPO":null,"ROCHAS":null,"SUREG":"OUTROS","PROJETO":null,"CODIGO_FOLHA":null,"FOLHA":null,"ID_OCORRENCIA":39737,"PROVINCIA":"Paraná","STATUS_ECONOMICO":"Indeterminado","IMPORTANCIA":"Indeterminado","LOCALIZACAO_MINA":"Mina subterrânea (GPS sem sinal)","SITUACAO_MINA":null,"MOTIVO_INATIVIDADE_MINA":null,"SITUACAO_GARIMPO":null,"MOTIVO_INATIVIDADE_GARIMPO":null,"SUBSTANCIAS":"Gipsita","ROCHAS_HOSPEDEIRAS":"Evaporito","ROCHAS_ENCAIXANTES":null,"CLASSES_UTILITARIAS":"Rochas e minerais industriais","MORFOLOGIA":"Irregular","TEXTURAS":"Granular","TIPOS_ALTERACAO":null,"X":-52.8445886,"Y":-17.43433462,"DATUM":"WGS84","__atlas_sublayer":0}},{"type":"Feature","id":101243,"geometry":{"type":"Point","coordinates":[-52.65042066900003,-17.375445951000017]},"properties":{"OBJECTID":101243,"ID_AFLORAMENTO":191265,"ORIGEM":"Oracle","METODO_GEOPOSICIONAMENTO":"Levantamento em carta 1:500.000","TOPONIMIA":"Portelândia","MUNICIPIO":"Portelândia","UF":"GO","GEOLOGO":"A Definir","DATA_CADASTRO":1049846400000,"TIPO_AFLORAMENTO":null,"DESCRICAO":null,"NUMERO_CAMPO":null,"ROCHAS":null,"SUREG":"OUTROS","PROJETO":null,"CODIGO_FOLHA":null,"FOLHA":null,"ID_OCORRENCIA":34156,"PROVINCIA":"Paraná","STATUS_ECONOMICO":"Indeterminado","IMPORTANCIA":"Indeterminado","LOCALIZACAO_MINA":"Mina subterrânea (GPS sem sinal)","SITUACAO_MINA":null,"MOTIVO_INATIVIDADE_MINA":null,"SITUACAO_GARIMPO":null,"MOTIVO_INATIVIDADE_GARIMPO":null,"SUBSTANCIAS":"Calcário","ROCHAS_HOSPEDEIRAS":null,"ROCHAS_ENCAIXANTES":null,"CLASSES_UTILITARIAS":"Material de uso na construção civil","MORFOLOGIA":null,"TEXTURAS":null,"TIPOS_ALTERACAO":null,"X":-52.65042067,"Y":-17.37544595,"DATUM":"WGS84","__atlas_sublayer":0}},{"type":"Feature","id":106559,"geometry":{"type":"Point","coordinates":[-52.42541953,-17.450446665000015]},"properties":{"OBJECTID":106559,"ID_AFLORAMENTO":199220,"ORIGEM":"Oracle","METODO_GEOPOSICIONAMENTO":"Levantamento em carta 1:500.000","TOPONIMIA":"Fazenda Flores","MUNICIPIO":"Mineiros","UF":"GO","GEOLOGO":"A Definir","DATA_CADASTRO":1068508800000,"TIPO_AFLORAMENTO":null,"DESCRICAO":null,"NUMERO_CAMPO":null,"ROCHAS":null,"SUREG":"OUTROS","PROJETO":null,"CODIGO_FOLHA":null,"FOLHA":null,"ID_OCORRENCIA":34162,"PROVINCIA":"Paraná","STATUS_ECONOMICO":"Indeterminado","IMPORTANCIA":"Indeterminado","LOCALIZACAO_MINA":"Mina subterrânea (GPS sem sinal)","SITUACAO_MINA":null,"MOTIVO_INATIVIDADE_MINA":null,"SITUACAO_GARIMPO":null,"MOTIVO_INATIVIDADE_GARIMPO":null,"SUBSTANCIAS":"Turfa","ROCHAS_HOSPEDEIRAS":"Turfa","ROCHAS_ENCAIXANTES":null,"CLASSES_UTILITARIAS":"Recursos minerais energéticos","MORFOLOGIA":"Estratiforme","TEXTURAS":"Granular","TIPOS_ALTERACAO":null,"X":-52.42541953,"Y":-17.45044667,"DATUM":"WGS84","__atlas_sublayer":0}},{"type":"Feature","id":105387,"geometry":{"type":"Point","coordinates":[-51.371805257999995,-18.752675313999987]},"properties":{"OBJECTID":105387,"ID_AFLORAMENTO":197633,"ORIGEM":"Oracle","METODO_GEOPOSICIONAMENTO":"Levantamento em carta 1:500.000","TOPONIMIA":"A 8 Km A Sul de Itarumã","MUNICIPIO":"Itarumã","UF":"GO","GEOLOGO":"A Definir","DATA_CADASTRO":1049846400000,"TIPO_AFLORAMENTO":null,"DESCRICAO":null,"NUMERO_CAMPO":null,"ROCHAS":null,"SUREG":"OUTROS","PROJETO":null,"CODIGO_FOLHA":null,"FOLHA":null,"ID_OCORRENCIA":34263,"PROVINCIA":"Paraná","STATUS_ECONOMICO":"Indeterminado","IMPORTANCIA":"Indeterminado","LOCALIZACAO_MINA":"Mina subterrânea (GPS sem sinal)","SITUACAO_MINA":null,"MOTIVO_INATIVIDADE_MINA":null,"SITUACAO_GARIMPO":null,"MOTIVO_INATIVIDADE_GARIMPO":null,"SUBSTANCIAS":"Diamante","ROCHAS_HOSPEDEIRAS":null,"ROCHAS_ENCAIXANTES":null,"CLASSES_UTILITARIAS":"Gemas","MORFOLOGIA":"Maciça","TEXTURAS":"Granular","TIPOS_ALTERACAO":null,"X":-51.37180526,"Y":-18.75267531,"DATUM":"WGS84","__atlas_sublayer":0}},{"type":"Feature","id":101406,"geometry":{"type":"Point","coordinates":[-51.76208298900002,-17.752671264000014]},"properties":{"OBJECTID":101406,"ID_AFLORAMENTO":191446,"ORIGEM":"Oracle","METODO_GEOPOSICIONAMENTO":"Levantamento em carta 1:500.000","TOPONIMIA":"Jataí","MUNICIPIO":"Jataí","UF":"GO","GEOLOGO":"A Definir","DATA_CADASTRO":1050019200000,"TIPO_AFLORAMENTO":null,"DESCRICAO":null,"NUMERO_CAMPO":null,"ROCHAS":null,"SUREG":"OUTROS","PROJETO":null,"CODIGO_FOLHA":null,"FOLHA":null,"ID_OCORRENCIA":34181,"PROVINCIA":"Paraná","STATUS_ECONOMICO":"Indeterminado","IMPORTANCIA":"Indeterminado","LOCALIZACAO_MINA":"Mina subterrânea (GPS sem sinal)","SITUACAO_MINA":null,"MOTIVO_INATIVIDADE_MINA":null,"SITUACAO_GARIMPO":null,"MOTIVO_INATIVIDADE_GARIMPO":null,"SUBSTANCIAS":"Água termal","ROCHAS_HOSPEDEIRAS":null,"ROCHAS_ENCAIXANTES":null,"CLASSES_UTILITARIAS":"Água mineral ou potável de mesa","MORFOLOGIA":null,"TEXTURAS":null,"TIPOS_ALTERACAO":null,"X":-51.76208299,"Y":-17.75267126,"DATUM":"WGS84","__atlas_sublayer":0}},{"type":"Feature","id":101425,"geometry":{"type":"Point","coordinates":[-51.72819402800002,-17.808782629000007]},"properties":{"OBJECTID":101425,"ID_AFLORAMENTO":191449,"ORIGEM":"Oracle","METODO_GEOPOSICIONAMENTO":"Levantamento em carta 1:500.000","TOPONIMIA":"Córrego Bom Sucesso A Nw de Jataí","MUNICIPIO":"Jataí","UF":"GO","GEOLOGO":"A Definir","DATA_CADASTRO":1050019200000,"TIPO_AFLORAMENTO":null,"DESCRICAO":null,"NUMERO_CAMPO":null,"ROCHAS":null,"SUREG":"OUTROS","PROJETO":null,"CODIGO_FOLHA":null,"FOLHA":null,"ID_OCORRENCIA":34185,"PROVINCIA":"Paraná","STATUS_ECONOMICO":"Indeterminado","IMPORTANCIA":"Indeterminado","LOCALIZACAO_MINA":"Mina subterrânea (GPS sem sinal)","SITUACAO_MINA":null,"MOTIVO_INATIVIDADE_MINA":null,"SITUACAO_GARIMPO":null,"MOTIVO_INATIVIDADE_GARIMPO":null,"SUBSTANCIAS":"Diamante","ROCHAS_HOSPEDEIRAS":null,"ROCHAS_ENCAIXANTES":null,"CLASSES_UTILITARIAS":"Gemas","MORFOLOGIA":null,"TEXTURAS":null,"TIPOS_ALTERACAO":null,"X":-51.72819403,"Y":-17.80878263,"DATUM":"WGS84","__atlas_sublayer":0}},{"type":"Feature","id":101229,"geometry":{"type":"Point","coordinates":[-51.41707972299997,-17.217114664999997]},"properties":{"OBJECTID":101229,"ID_AFLORAMENTO":191244,"ORIGEM":"Oracle","METODO_GEOPOSICIONAMENTO":"Levantamento em carta 1:500.000","TOPONIMIA":"Fazenda Nicanor - Serra das Divisões","MUNICIPIO":"Caiapônia","UF":"GO","GEOLOGO":"A Definir","DATA_CADASTRO":1067558400000,"TIPO_AFLORAMENTO":null,"DESCRICAO":null,"NUMERO_CAMPO":null,"ROCHAS":null,"SUREG":"OUTROS","PROJETO":null,"CODIGO_FOLHA":null,"FOLHA":null,"ID_OCORRENCIA":34125,"PROVINCIA":"Paraná","STATUS_ECONOMICO":"Indeterminado","IMPORTANCIA":"Indeterminado","LOCALIZACAO_MINA":"Mina subterrânea (GPS sem sinal)","SITUACAO_MINA":null,"MOTIVO_INATIVIDADE_MINA":null,"SITUACAO_GARIMPO":null,"MOTIVO_INATIVIDADE_GARIMPO":null,"SUBSTANCIAS":"Calcário","ROCHAS_HOSPEDEIRAS":null,"ROCHAS_ENCAIXANTES":null,"CLASSES_UTILITARIAS":"Material de uso na construção civil","MORFOLOGIA":"Estratiforme","TEXTURAS":"Granular","TIPOS_ALTERACAO":null,"X":-51.41707972,"Y":-17.21711467,"DATUM":"WGS84","__atlas_sublayer":0}},{"type":"Feature","id":107165,"geometry":{"type":"Point","coordinates":[-57.37132581700001,-21.738078875999975]},"properties":{"OBJECTID":107165,"ID_AFLORAMENTO":199958,"ORIGEM":"Oracle","METODO_GEOPOSICIONAMENTO":"GPS Manual pós 24/05/2000","TOPONIMIA":"Pedreira Fazenda Marajá","MUNICIPIO":"Porto Murtinho","UF":"MS","GEOLOGO":"A Definir","DATA_CADASTRO":1144108800000,"TIPO_AFLORAMENTO":"Pedreira","DESCRICAO":null,"NUMERO_CAMPO":null,"ROCHAS":null,"SUREG":"OUTROS","PROJETO":null,"CODIGO_FOLHA":null,"FOLHA":null,"ID_OCORRENCIA":50864,"PROVINCIA":"Províncias Amazônicas","STATUS_ECONOMICO":"Indeterminado","IMPORTANCIA":"Indeterminado","LOCALIZACAO_MINA":"Mina subterrânea (GPS sem sinal)","SITUACAO_MINA":null,"MOTIVO_INATIVIDADE_MINA":null,"SITUACAO_GARIMPO":null,"MOTIVO_INATIVIDADE_GARIMPO":null,"SUBSTANCIAS":"Rocha ornamental","ROCHAS_HOSPEDEIRAS":null,"ROCHAS_ENCAIXANTES":null,"CLASSES_UTILITARIAS":"Não definida","MORFOLOGIA":null,"TEXTURAS":null,"TIPOS_ALTERACAO":null,"X":-57.37132582,"Y":-21.73807888,"DATUM":"WGS84","__atlas_sublayer":0}},{"type":"Feature","id":124116,"geometry":{"type":"Point","coordinates":[-57.27800000000002,-20.93900000000002]},"properties":{"OBJECTID":124116,"ID_AFLORAMENTO":485101,"ORIGEM":"Oracle","METODO_GEOPOSICIONAMENTO":"GPS Manual pós 24/05/2000","TOPONIMIA":"Reserva Kadiwéu","MUNICIPIO":"Porto Murtinho","UF":"MS","GEOLOGO":"Frederico Meira Faleiros","DATA_CADASTRO":1557964800000,"TIPO_AFLORAMENTO":"Lajedo ou Lajeiro","DESCRICAO":"Intercalações entre sericita-quartzo-filito cinza-claro esverdeado e sericita-quartzo-xisto cinza-claro esverdeado.  Recoberto por cascalheira de 10 cm, idém ao ponto FM-0117. Ocorre areia média a fina inconsolidada.","NUMERO_CAMPO":"FM-0130","ROCHAS":"Cascalho, Filito, Muscovita-quartzo xisto","SUREG":"OUTROS","PROJETO":"Geologia das Folhas Aldeia Tomázia e Fazenda Santa Otília","CODIGO_FOLHA":"SF.21-V-B-VI","FOLHA":"Aldeia Tomasia","ID_OCORRENCIA":73450,"PROVINCIA":"Indeterminada","STATUS_ECONOMICO":"Garimpo","IMPORTANCIA":"Depósito","LOCALIZACAO_MINA":null,"SITUACAO_MINA":null,"MOTIVO_INATIVIDADE_MINA":null,"SITUACAO_GARIMPO":null,"MOTIVO_INATIVIDADE_GARIMPO":null,"SUBSTANCIAS":"Cascalho","ROCHAS_HOSPEDEIRAS":null,"ROCHAS_ENCAIXANTES":null,"CLASSES_UTILITARIAS":"Não definida","MORFOLOGIA":null,"TEXTURAS":null,"TIPOS_ALTERACAO":null,"X":-57.278000000000006,"Y":-20.939,"DATUM":"WGS84","__atlas_sublayer":0}},{"type":"Feature","id":124114,"geometry":{"type":"Point","coordinates":[-57.271000000000015,-20.831000000000017]},"properties":{"OBJECTID":124114,"ID_AFLORAMENTO":485088,"ORIGEM":"Oracle","METODO_GEOPOSICIONAMENTO":"GPS Manual pós 24/05/2000","TOPONIMIA":"Reserva Kadiwéu","MUNICIPIO":"Porto Murtinho","UF":"MS","GEOLOGO":"Frederico Meira Faleiros","DATA_CADASTRO":1557878400000,"TIPO_AFLORAMENTO":"Rasteiro (Leito de estrada, terraplenagem, etc.)","DESCRICAO":"Cascalheira inconsolidade constituida essencialmente por seixos angulosos a subarredondados de quartzo de veio e quartzito (cor ocre de oxidação).  Subordinamente ocorrem blocos de veios de quartzo.","NUMERO_CAMPO":"FM-0117","ROCHAS":"Cascalho, Veio de quartzo","SUREG":"OUTROS","PROJETO":"Geologia das Folhas Aldeia Tomázia e Fazenda Santa Otília","CODIGO_FOLHA":"SF.21-V-B-VI","FOLHA":"Aldeia Tomasia","ID_OCORRENCIA":73448,"PROVINCIA":"Indeterminada","STATUS_ECONOMICO":"Garimpo","IMPORTANCIA":"Depósito","LOCALIZACAO_MINA":null,"SITUACAO_MINA":null,"MOTIVO_INATIVIDADE_MINA":null,"SITUACAO_GARIMPO":null,"MOTIVO_INATIVIDADE_GARIMPO":null,"SUBSTANCIAS":"Cascalho","ROCHAS_HOSPEDEIRAS":null,"ROCHAS_ENCAIXANTES":null,"CLASSES_UTILITARIAS":"Não definida","MORFOLOGIA":null,"TEXTURAS":null,"TIPOS_ALTERACAO":null,"X":-57.271,"Y":-20.831,"DATUM":"WGS84","__atlas_sublayer":0}},{"type":"Feature","id":108423,"geometry":{"type":"Point","coordinates":[-57.23350854199998,-20.048220370000024]},"properties":{"OBJECTID":108423,"ID_AFLORAMENTO":201418,"ORIGEM":"Oracle","METODO_GEOPOSICIONAMENTO":"Levantamento em mapa 1:1.000.000","TOPONIMIA":"Fazenda São Simão","MUNICIPIO":"Corumbá","UF":"MS","GEOLOGO":"A Definir","DATA_CADASTRO":1101427200000,"TIPO_AFLORAMENTO":null,"DESCRICAO":null,"NUMERO_CAMPO":null,"ROCHAS":null,"SUREG":"OUTROS","PROJETO":null,"CODIGO_FOLHA":null,"FOLHA":null,"ID_OCORRENCIA":49342,"PROVINCIA":"Tocantins","STATUS_ECONOMICO":"Indeterminado","IMPORTANCIA":"Indeterminado","LOCALIZACAO_MINA":"Mina subterrânea (GPS sem sinal)","SITUACAO_MINA":null,"MOTIVO_INATIVIDADE_MINA":null,"SITUACAO_GARIMPO":null,"MOTIVO_INATIVIDADE_GARIMPO":null,"SUBSTANCIAS":"Calcário","ROCHAS_HOSPEDEIRAS":"Calcário","ROCHAS_ENCAIXANTES":"Calcário","CLASSES_UTILITARIAS":"Material de uso na construção civil","MORFOLOGIA":"Estratificada","TEXTURAS":"Plana","TIPOS_ALTERACAO":null,"X":-57.23350854,"Y":-20.04822037,"DATUM":"WGS84","__atlas_sublayer":0}},{"type":"Feature","id":124111,"geometry":{"type":"Point","coordinates":[-57.18299999999999,-20.684000000000026]},"properties":{"OBJECTID":124111,"ID_AFLORAMENTO":485066,"ORIGEM":"Oracle","METODO_GEOPOSICIONAMENTO":"GPS Manual pós 24/05/2000","TOPONIMIA":"Reserva Kadiwéu ","MUNICIPIO":"Porto Murtinho","UF":"MS","GEOLOGO":"Frederico Meira Faleiros","DATA_CADASTRO":1557360000000,"TIPO_AFLORAMENTO":"Frente de lavra","DESCRICAO":"Muscovita-quartzito de granulação média, milonítico, cinza-rosado, moderadamente intemperizado, com acamamento de espessura centimétrica e laminação paralela, com forte lineação de estiramento.","NUMERO_CAMPO":"FM-0095","ROCHAS":"Muscovita quartzito","SUREG":"OUTROS","PROJETO":"Geologia das Folhas Aldeia Tomázia e Fazenda Santa Otília","CODIGO_FOLHA":"SF.21-V-B-VI","FOLHA":"Aldeia Tomasia","ID_OCORRENCIA":73445,"PROVINCIA":"Indeterminada","STATUS_ECONOMICO":"Garimpo","IMPORTANCIA":"Depósito","LOCALIZACAO_MINA":null,"SITUACAO_MINA":null,"MOTIVO_INATIVIDADE_MINA":null,"SITUACAO_GARIMPO":null,"MOTIVO_INATIVIDADE_GARIMPO":null,"SUBSTANCIAS":"Areia","ROCHAS_HOSPEDEIRAS":null,"ROCHAS_ENCAIXANTES":null,"CLASSES_UTILITARIAS":"Não definida","MORFOLOGIA":null,"TEXTURAS":null,"TIPOS_ALTERACAO":null,"X":-57.183,"Y":-20.684,"DATUM":"WGS84","__atlas_sublayer":0}},{"type":"Feature","id":109253,"geometry":{"type":"Point","coordinates":[-57.055729773999985,-20.032109677999983]},"properties":{"OBJECTID":109253,"ID_AFLORAMENTO":202293,"ORIGEM":"Oracle","METODO_GEOPOSICIONAMENTO":"Levantamento em mapa 1:1.000.000","TOPONIMIA":"Norte da Fazenda São Carlos","MUNICIPIO":"Corumbá","UF":"MS","GEOLOGO":"A Definir","DATA_CADASTRO":1101772800000,"TIPO_AFLORAMENTO":null,"DESCRICAO":null,"NUMERO_CAMPO":null,"ROCHAS":null,"SUREG":"OUTROS","PROJETO":null,"CODIGO_FOLHA":null,"FOLHA":null,"ID_OCORRENCIA":49402,"PROVINCIA":"Tocantins","STATUS_ECONOMICO":"Indeterminado","IMPORTANCIA":"Indeterminado","LOCALIZACAO_MINA":"Mina subterrânea (GPS sem sinal)","SITUACAO_MINA":null,"MOTIVO_INATIVIDADE_MINA":null,"SITUACAO_GARIMPO":null,"MOTIVO_INATIVIDADE_GARIMPO":null,"SUBSTANCIAS":"Calcário","ROCHAS_HOSPEDEIRAS":"Calcário","ROCHAS_ENCAIXANTES":"Calcário","CLASSES_UTILITARIAS":"Material de uso na construção civil","MORFOLOGIA":"Estratificada","TEXTURAS":"Plana","TIPOS_ALTERACAO":null,"X":-57.05572977,"Y":-20.03210968,"DATUM":"WGS84","__atlas_sublayer":0}},{"type":"Feature","id":109701,"geometry":{"type":"Point","coordinates":[-57.856565011999976,-19.214605772000027]},"properties":{"OBJECTID":109701,"ID_AFLORAMENTO":202780,"ORIGEM":"Oracle","METODO_GEOPOSICIONAMENTO":"Levantamento em carta 1:250.000","TOPONIMIA":"Urucum - Morro do Jacadigo","MUNICIPIO":"Corumbá","UF":"MS","GEOLOGO":"A Definir","DATA_CADASTRO":1076025600000,"TIPO_AFLORAMENTO":null,"DESCRICAO":null,"NUMERO_CAMPO":null,"ROCHAS":null,"SUREG":"OUTROS","PROJETO":null,"CODIGO_FOLHA":null,"FOLHA":null,"ID_OCORRENCIA":11925,"PROVINCIA":"Tocantins","STATUS_ECONOMICO":"Mina","IMPORTANCIA":"Depósito","LOCALIZACAO_MINA":"Mina subterrânea (GPS sem sinal)","SITUACAO_MINA":"Ativo(a)","MOTIVO_INATIVIDADE_MINA":null,"SITUACAO_GARIMPO":"Ativo(a)","MOTIVO_INATIVIDADE_GARIMPO":null,"SUBSTANCIAS":"Ferro, Manganês","ROCHAS_HOSPEDEIRAS":"Formação ferrífera bandada, Jaspelito","ROCHAS_ENCAIXANTES":"Conglomerado","CLASSES_UTILITARIAS":"Metais ferrosos","MORFOLOGIA":"Laminada","TEXTURAS":"Compacta","TIPOS_ALTERACAO":null,"X":-57.85656501,"Y":-19.21460577,"DATUM":"WGS84","__atlas_sublayer":0}},{"type":"Feature","id":109700,"geometry":{"type":"Point","coordinates":[-57.66656402900003,-19.215439574000015]},"properties":{"OBJECTID":109700,"ID_AFLORAMENTO":202779,"ORIGEM":"Oracle","METODO_GEOPOSICIONAMENTO":"Levantamento em carta 1:250.000","TOPONIMIA":"Urucum - Tromba dos Macacos","MUNICIPIO":"Corumbá","UF":"MS","GEOLOGO":"A Definir","DATA_CADASTRO":1069977600000,"TIPO_AFLORAMENTO":null,"DESCRICAO":null,"NUMERO_CAMPO":null,"ROCHAS":null,"SUREG":"OUTROS","PROJETO":null,"CODIGO_FOLHA":null,"FOLHA":null,"ID_OCORRENCIA":11924,"PROVINCIA":"Tocantins","STATUS_ECONOMICO":"Mina","IMPORTANCIA":"Depósito","LOCALIZACAO_MINA":"Mina subterrânea (GPS sem sinal)","SITUACAO_MINA":"Ativo(a)","MOTIVO_INATIVIDADE_MINA":null,"SITUACAO_GARIMPO":"Ativo(a)","MOTIVO_INATIVIDADE_GARIMPO":null,"SUBSTANCIAS":"Ferro","ROCHAS_HOSPEDEIRAS":"Jaspelito","ROCHAS_ENCAIXANTES":"Conglomerado","CLASSES_UTILITARIAS":"Metais ferrosos","MORFOLOGIA":"Laminada","TEXTURAS":"Compacta","TIPOS_ALTERACAO":null,"X":-57.66656403,"Y":-19.21543957,"DATUM":"WGS84","__atlas_sublayer":0}},{"type":"Feature","id":109702,"geometry":{"type":"Point","coordinates":[-57.66600827799999,-19.143217186000015]},"properties":{"OBJECTID":109702,"ID_AFLORAMENTO":202781,"ORIGEM":"Oracle","METODO_GEOPOSICIONAMENTO":"Levantamento em carta 1:250.000","TOPONIMIA":"Fazenda Lajinha","MUNICIPIO":"Ladário","UF":"MS","GEOLOGO":"A Definir","DATA_CADASTRO":1070236800000,"TIPO_AFLORAMENTO":"Pedreira","DESCRICAO":null,"NUMERO_CAMPO":null,"ROCHAS":null,"SUREG":"OUTROS","PROJETO":null,"CODIGO_FOLHA":null,"FOLHA":null,"ID_OCORRENCIA":11927,"PROVINCIA":"Tocantins","STATUS_ECONOMICO":"Mina","IMPORTANCIA":"Depósito","LOCALIZACAO_MINA":"Mina subterrânea (GPS sem sinal)","SITUACAO_MINA":"Ativo(a)","MOTIVO_INATIVIDADE_MINA":null,"SITUACAO_GARIMPO":"Ativo(a)","MOTIVO_INATIVIDADE_GARIMPO":null,"SUBSTANCIAS":"Calcário calcítico","ROCHAS_HOSPEDEIRAS":"Calcário calcítico","ROCHAS_ENCAIXANTES":"Calcário calcítico","CLASSES_UTILITARIAS":"Material de uso na construção civil","MORFOLOGIA":"Estratificada","TEXTURAS":"Maciça","TIPOS_ALTERACAO":null,"X":-57.66600828,"Y":-19.14321719,"DATUM":"WGS84","__atlas_sublayer":0}},{"type":"Feature","id":108708,"geometry":{"type":"Point","coordinates":[-57.60319103299997,-19.176588949000006]},"properties":{"OBJECTID":108708,"ID_AFLORAMENTO":201715,"ORIGEM":"Oracle","METODO_GEOPOSICIONAMENTO":"Levantamento em carta 1:250.000","TOPONIMIA":"Urucum","MUNICIPIO":"Ladário","UF":"MS","GEOLOGO":"A Definir","DATA_CADASTRO":1006300800000,"TIPO_AFLORAMENTO":null,"DESCRICAO":null,"NUMERO_CAMPO":null,"ROCHAS":null,"SUREG":"OUTROS","PROJETO":null,"CODIGO_FOLHA":null,"FOLHA":null,"ID_OCORRENCIA":10190,"PROVINCIA":"Tocantins","STATUS_ECONOMICO":"Mina","IMPORTANCIA":"Depósito","LOCALIZACAO_MINA":"Mina subterrânea (GPS sem sinal)","SITUACAO_MINA":"Ativo(a)","MOTIVO_INATIVIDADE_MINA":null,"SITUACAO_GARIMPO":"Ativo(a)","MOTIVO_INATIVIDADE_GARIMPO":null,"SUBSTANCIAS":"Ferro, Manganês","ROCHAS_HOSPEDEIRAS":"Jaspelito","ROCHAS_ENCAIXANTES":"Arcóseo, Conglomerado polimítico, Jaspelito","CLASSES_UTILITARIAS":"Metais ferrosos","MORFOLOGIA":"Laminada","TEXTURAS":"Compacta","TIPOS_ALTERACAO":null,"X":-57.60319103,"Y":-19.17658895,"DATUM":"WGS84","__atlas_sublayer":0}},{"type":"Feature","id":109696,"geometry":{"type":"Point","coordinates":[-56.758234190999985,-22.017114823999975]},"properties":{"OBJECTID":109696,"ID_AFLORAMENTO":202773,"ORIGEM":"Oracle","METODO_GEOPOSICIONAMENTO":"Levantamento em carta 1:250.000","TOPONIMIA":"Miranda - Bela Vista","MUNICIPIO":"Bela Vista","UF":"MS","GEOLOGO":"A Definir","DATA_CADASTRO":1076025600000,"TIPO_AFLORAMENTO":null,"DESCRICAO":null,"NUMERO_CAMPO":null,"ROCHAS":null,"SUREG":"OUTROS","PROJETO":null,"CODIGO_FOLHA":null,"FOLHA":null,"ID_OCORRENCIA":11916,"PROVINCIA":"Tocantins","STATUS_ECONOMICO":"Não explotado","IMPORTANCIA":"Depósito","LOCALIZACAO_MINA":"Mina subterrânea (GPS sem sinal)","SITUACAO_MINA":null,"MOTIVO_INATIVIDADE_MINA":null,"SITUACAO_GARIMPO":null,"MOTIVO_INATIVIDADE_GARIMPO":null,"SUBSTANCIAS":"Dolomito","ROCHAS_HOSPEDEIRAS":"Dolomito","ROCHAS_ENCAIXANTES":null,"CLASSES_UTILITARIAS":"Insumos para agricultura","MORFOLOGIA":"Estratificada","TEXTURAS":"Maciça","TIPOS_ALTERACAO":null,"X":-56.75823419,"Y":-22.01711482,"DATUM":"WGS84","__atlas_sublayer":0}},{"type":"Feature","id":128993,"geometry":{"type":"Point","coordinates":[-56.915006000000005,-21.54294299999998]},"properties":{"OBJECTID":128993,"ID_AFLORAMENTO":413066,"ORIGEM":"Oracle","METODO_GEOPOSICIONAMENTO":"GPS Manual pós 24/05/2000","TOPONIMIA":"Rio Perdido para BR-267","MUNICIPIO":"Jardim","UF":"MS","GEOLOGO":"Márcio José Remédio","DATA_CADASTRO":1242172800000,"TIPO_AFLORAMENTO":"Material disperso na superfície","DESCRICAO":"Pegmatito milonitizado composto por plagioclásio, quartzo e biotita.","NUMERO_CAMPO":"MR-0051","ROCHAS":"Pegmatito","SUREG":"OUTROS","PROJETO":"Bonito - Porto Murtinho","CODIGO_FOLHA":"SF.21-X-C-IV","FOLHA":"Fazenda Margarida","ID_OCORRENCIA":66194,"PROVINCIA":"Indeterminada","STATUS_ECONOMICO":"Não explotado","IMPORTANCIA":"Ocorrência","LOCALIZACAO_MINA":null,"SITUACAO_MINA":null,"MOTIVO_INATIVIDADE_MINA":null,"SITUACAO_GARIMPO":null,"MOTIVO_INATIVIDADE_GARIMPO":null,"SUBSTANCIAS":"Pegmatito","ROCHAS_HOSPEDEIRAS":null,"ROCHAS_ENCAIXANTES":null,"CLASSES_UTILITARIAS":"Não definida","MORFOLOGIA":null,"TEXTURAS":null,"TIPOS_ALTERACAO":null,"X":-56.915006,"Y":-21.542942999999998,"DATUM":"WGS84","__atlas_sublayer":0}},{"type":"Feature","id":102549,"geometry":{"type":"Point","coordinates":[-56.85573307999999,-21.498224573000016]},"properties":{"OBJECTID":102549,"ID_AFLORAMENTO":193014,"ORIGEM":"Oracle","METODO_GEOPOSICIONAMENTO":"Levantamento em carta 1:250.000","TOPONIMIA":"Bonito - Caracol","MUNICIPIO":"Jardim","UF":"MS","GEOLOGO":"A Definir","DATA_CADASTRO":1076025600000,"TIPO_AFLORAMENTO":null,"DESCRICAO":null,"NUMERO_CAMPO":null,"ROCHAS":null,"SUREG":"OUTROS","PROJETO":null,"CODIGO_FOLHA":null,"FOLHA":null,"ID_OCORRENCIA":11899,"PROVINCIA":"Tocantins","STATUS_ECONOMICO":"Indeterminado","IMPORTANCIA":"Indeterminado","LOCALIZACAO_MINA":"Mina subterrânea (GPS sem sinal)","SITUACAO_MINA":null,"MOTIVO_INATIVIDADE_MINA":null,"SITUACAO_GARIMPO":null,"MOTIVO_INATIVIDADE_GARIMPO":null,"SUBSTANCIAS":"Cobre","ROCHAS_HOSPEDEIRAS":"Gnaisse granítico","ROCHAS_ENCAIXANTES":"Gnaisse granítico","CLASSES_UTILITARIAS":"Metais não ferrosos e semimetais","MORFOLOGIA":"Stockwork","TEXTURAS":"Disseminada","TIPOS_ALTERACAO":"Sulfetação","X":-56.85573308,"Y":-21.49822457,"DATUM":"WGS84","__atlas_sublayer":0}},{"type":"Feature","id":110977,"geometry":{"type":"Point","coordinates":[-56.831566307,-21.507113547000017]},"properties":{"OBJECTID":110977,"ID_AFLORAMENTO":204163,"ORIGEM":"Oracle","METODO_GEOPOSICIONAMENTO":"Levantamento em carta 1:250.000","TOPONIMIA":"Bonito - Caracol","MUNICIPIO":"Jardim","UF":"MS","GEOLOGO":"A Definir","DATA_CADASTRO":1076025600000,"TIPO_AFLORAMENTO":null,"DESCRICAO":null,"NUMERO_CAMPO":null,"ROCHAS":null,"SUREG":"OUTROS","PROJETO":null,"CODIGO_FOLHA":null,"FOLHA":null,"ID_OCORRENCIA":11900,"PROVINCIA":"Tocantins","STATUS_ECONOMICO":"Indeterminado","IMPORTANCIA":"Indeterminado","LOCALIZACAO_MINA":"Mina subterrânea (GPS sem sinal)","SITUACAO_MINA":null,"MOTIVO_INATIVIDADE_MINA":null,"SITUACAO_GARIMPO":null,"MOTIVO_INATIVIDADE_GARIMPO":null,"SUBSTANCIAS":"Cobre","ROCHAS_HOSPEDEIRAS":"Gnaisse granítico","ROCHAS_ENCAIXANTES":"Gnaisse granítico","CLASSES_UTILITARIAS":"Metais não ferrosos e semimetais","MORFOLOGIA":"Stockwork","TEXTURAS":"Disseminada","TIPOS_ALTERACAO":"Sulfetação","X":-56.83156631,"Y":-21.50711355,"DATUM":"WGS84","__atlas_sublayer":0}},{"type":"Feature","id":110981,"geometry":{"type":"Point","coordinates":[-56.567396823000024,-21.05489104200001]},"properties":{"OBJECTID":110981,"ID_AFLORAMENTO":204167,"ORIGEM":"Oracle","METODO_GEOPOSICIONAMENTO":"Levantamento em carta 1:250.000","TOPONIMIA":"Bonito","MUNICIPIO":"Bonito","UF":"MS","GEOLOGO":"A Definir","DATA_CADASTRO":1076025600000,"TIPO_AFLORAMENTO":null,"DESCRICAO":null,"NUMERO_CAMPO":null,"ROCHAS":null,"SUREG":"OUTROS","PROJETO":null,"CODIGO_FOLHA":null,"FOLHA":null,"ID_OCORRENCIA":11905,"PROVINCIA":"Tocantins","STATUS_ECONOMICO":"Mina","IMPORTANCIA":"Depósito","LOCALIZACAO_MINA":"Mina subterrânea (GPS sem sinal)","SITUACAO_MINA":"Ativo(a)","MOTIVO_INATIVIDADE_MINA":null,"SITUACAO_GARIMPO":"Ativo(a)","MOTIVO_INATIVIDADE_GARIMPO":null,"SUBSTANCIAS":"Calcário","ROCHAS_HOSPEDEIRAS":null,"ROCHAS_ENCAIXANTES":null,"CLASSES_UTILITARIAS":"Rochas e minerais industriais","MORFOLOGIA":"Estratificada","TEXTURAS":"Maciça","TIPOS_ALTERACAO":null,"X":-56.56739682,"Y":-21.05489104,"DATUM":"WGS84","__atlas_sublayer":0}},{"type":"Feature","id":110979,"geometry":{"type":"Point","coordinates":[-56.451840989999994,-21.168502724000007]},"properties":{"OBJECTID":110979,"ID_AFLORAMENTO":204165,"ORIGEM":"Oracle","METODO_GEOPOSICIONAMENTO":"Levantamento em carta 1:250.000","TOPONIMIA":"Bonito","MUNICIPIO":"Bonito","UF":"MS","GEOLOGO":"A Definir","DATA_CADASTRO":1076025600000,"TIPO_AFLORAMENTO":null,"DESCRICAO":null,"NUMERO_CAMPO":null,"ROCHAS":null,"SUREG":"OUTROS","PROJETO":null,"CODIGO_FOLHA":null,"FOLHA":null,"ID_OCORRENCIA":11903,"PROVINCIA":"Tocantins","STATUS_ECONOMICO":"Mina","IMPORTANCIA":"Depósito","LOCALIZACAO_MINA":"Mina subterrânea (GPS sem sinal)","SITUACAO_MINA":"Ativo(a)","MOTIVO_INATIVIDADE_MINA":null,"SITUACAO_GARIMPO":"Ativo(a)","MOTIVO_INATIVIDADE_GARIMPO":null,"SUBSTANCIAS":"Dolomito","ROCHAS_HOSPEDEIRAS":"Dolomito","ROCHAS_ENCAIXANTES":null,"CLASSES_UTILITARIAS":"Rochas e minerais industriais","MORFOLOGIA":"Estratificada","TEXTURAS":"Maciça","TIPOS_ALTERACAO":null,"X":-56.45184099,"Y":-21.16850272,"DATUM":"WGS84","__atlas_sublayer":0}},{"type":"Feature","id":108503,"geometry":{"type":"Point","coordinates":[-56.43224952700001,-21.133413478000023]},"properties":{"OBJECTID":108503,"ID_AFLORAMENTO":201496,"ORIGEM":"Oracle","METODO_GEOPOSICIONAMENTO":"Levantamento em carta 1:250.000","TOPONIMIA":"Bonito","MUNICIPIO":"Bonito","UF":"MS","GEOLOGO":"A Definir","DATA_CADASTRO":1006387200000,"TIPO_AFLORAMENTO":null,"DESCRICAO":null,"NUMERO_CAMPO":null,"ROCHAS":null,"SUREG":"OUTROS","PROJETO":null,"CODIGO_FOLHA":null,"FOLHA":null,"ID_OCORRENCIA":10221,"PROVINCIA":"Tocantins","STATUS_ECONOMICO":"Mina","IMPORTANCIA":"Depósito","LOCALIZACAO_MINA":"Mina subterrânea (GPS sem sinal)","SITUACAO_MINA":"Ativo(a)","MOTIVO_INATIVIDADE_MINA":null,"SITUACAO_GARIMPO":"Ativo(a)","MOTIVO_INATIVIDADE_GARIMPO":null,"SUBSTANCIAS":"Dolomito","ROCHAS_HOSPEDEIRAS":"Dolomito","ROCHAS_ENCAIXANTES":null,"CLASSES_UTILITARIAS":"Insumos para agricultura","MORFOLOGIA":"Estratificada","TEXTURAS":"Maciça","TIPOS_ALTERACAO":null,"X":-56.43224953,"Y":-21.13341348,"DATUM":"WGS84","__atlas_sublayer":0}},{"type":"Feature","id":109724,"geometry":{"type":"Point","coordinates":[-56.966842266000015,-20.669055793999974]},"properties":{"OBJECTID":109724,"ID_AFLORAMENTO":202805,"ORIGEM":"Oracle","METODO_GEOPOSICIONAMENTO":"Levantamento em carta 1:250.000","TOPONIMIA":"Miranda","MUNICIPIO":"Porto Murtinho","UF":"MS","GEOLOGO":"A Definir","DATA_CADASTRO":1076025600000,"TIPO_AFLORAMENTO":null,"DESCRICAO":null,"NUMERO_CAMPO":null,"ROCHAS":null,"SUREG":"OUTROS","PROJETO":null,"CODIGO_FOLHA":null,"FOLHA":null,"ID_OCORRENCIA":11909,"PROVINCIA":"Tocantins","STATUS_ECONOMICO":"Indeterminado","IMPORTANCIA":"Indeterminado","LOCALIZACAO_MINA":"Mina subterrânea (GPS sem sinal)","SITUACAO_MINA":null,"MOTIVO_INATIVIDADE_MINA":null,"SITUACAO_GARIMPO":null,"MOTIVO_INATIVIDADE_GARIMPO":null,"SUBSTANCIAS":"Cobre","ROCHAS_HOSPEDEIRAS":"Anfibolito","ROCHAS_ENCAIXANTES":null,"CLASSES_UTILITARIAS":"Metais não ferrosos e semimetais","MORFOLOGIA":"Filoneana","TEXTURAS":"Disseminada","TIPOS_ALTERACAO":null,"X":-56.96684227,"Y":-20.66905579,"DATUM":"WGS84","__atlas_sublayer":0}},{"type":"Feature","id":109695,"geometry":{"type":"Point","coordinates":[-56.895173682999996,-20.144888118999972]},"properties":{"OBJECTID":109695,"ID_AFLORAMENTO":202772,"ORIGEM":"Oracle","METODO_GEOPOSICIONAMENTO":"Levantamento em carta 1:250.000","TOPONIMIA":"Miranda - Estação Guaicurus","MUNICIPIO":"Miranda","UF":"MS","GEOLOGO":"A Definir","DATA_CADASTRO":1076025600000,"TIPO_AFLORAMENTO":null,"DESCRICAO":null,"NUMERO_CAMPO":null,"ROCHAS":null,"SUREG":"OUTROS","PROJETO":null,"CODIGO_FOLHA":null,"FOLHA":null,"ID_OCORRENCIA":11915,"PROVINCIA":"Tocantins","STATUS_ECONOMICO":"Não explotado","IMPORTANCIA":"Depósito","LOCALIZACAO_MINA":"Mina subterrânea (GPS sem sinal)","SITUACAO_MINA":null,"MOTIVO_INATIVIDADE_MINA":null,"SITUACAO_GARIMPO":null,"MOTIVO_INATIVIDADE_GARIMPO":null,"SUBSTANCIAS":"Dolomito","ROCHAS_HOSPEDEIRAS":"Dolomito","ROCHAS_ENCAIXANTES":null,"CLASSES_UTILITARIAS":"Insumos para agricultura","MORFOLOGIA":"Estratificada","TEXTURAS":"Maciça","TIPOS_ALTERACAO":null,"X":-56.89517368,"Y":-20.14488812,"DATUM":"WGS84","__atlas_sublayer":0}},{"type":"Feature","id":109268,"geometry":{"type":"Point","coordinates":[-56.871841296000014,-20.512666801000023]},"properties":{"OBJECTID":109268,"ID_AFLORAMENTO":202307,"ORIGEM":"Oracle","METODO_GEOPOSICIONAMENTO":"Levantamento em mapa 1:1.000.000","TOPONIMIA":"4 Km Ne de Morraria","MUNICIPIO":"Bodoquena","UF":"MS","GEOLOGO":"A Definir","DATA_CADASTRO":1102291200000,"TIPO_AFLORAMENTO":null,"DESCRICAO":null,"NUMERO_CAMPO":null,"ROCHAS":null,"SUREG":"OUTROS","PROJETO":null,"CODIGO_FOLHA":null,"FOLHA":null,"ID_OCORRENCIA":49483,"PROVINCIA":"Tocantins","STATUS_ECONOMICO":"Mina","IMPORTANCIA":"Depósito","LOCALIZACAO_MINA":"Mina subterrânea (GPS sem sinal)","SITUACAO_MINA":null,"MOTIVO_INATIVIDADE_MINA":null,"SITUACAO_GARIMPO":null,"MOTIVO_INATIVIDADE_GARIMPO":null,"SUBSTANCIAS":"Calcário","ROCHAS_HOSPEDEIRAS":"Calcário","ROCHAS_ENCAIXANTES":"Calcário","CLASSES_UTILITARIAS":"Material de uso na construção civil","MORFOLOGIA":"Estratificada","TEXTURAS":"Plana","TIPOS_ALTERACAO":null,"X":-56.8718413,"Y":-20.5126668,"DATUM":"WGS84","__atlas_sublayer":0}},{"type":"Feature","id":122413,"geometry":{"type":"Point","coordinates":[-56.803803000000016,-20.84380299999998]},"properties":{"OBJECTID":122413,"ID_AFLORAMENTO":459453,"ORIGEM":"Oracle","METODO_GEOPOSICIONAMENTO":"GPS Manual pós 24/05/2000","TOPONIMIA":"MS-339 saída para fazenda baia das garças","MUNICIPIO":"Bodoquena","UF":"MS","GEOLOGO":"Alexandre Alves de Oliveira","DATA_CADASTRO":1515628800000,"TIPO_AFLORAMENTO":"Rasteiro (Leito de estrada, terraplenagem, etc.)","DESCRICAO":"Calcário cinza escuro calcítico, laminado a bandado. Ocorrem juntas de cisalhamento preenchidas por calcita branca e tension gashes de calcita. A rocha está pouco alterda. reage com solução de molibidato, indicado a presença de fosfato. Foi observado possíveis estromatólitos.","NUMERO_CAMPO":"AA-0006","ROCHAS":"Calcário calcítico","SUREG":"OUTROS","PROJETO":"Geologia das folhas Rio Perdido e Vila Campão","CODIGO_FOLHA":"SF.21-X-A-IV","FOLHA":"Vila Campão","ID_OCORRENCIA":70378,"PROVINCIA":"Indeterminada","STATUS_ECONOMICO":"Não explotado","IMPORTANCIA":"Ocorrência","LOCALIZACAO_MINA":null,"SITUACAO_MINA":null,"MOTIVO_INATIVIDADE_MINA":null,"SITUACAO_GARIMPO":null,"MOTIVO_INATIVIDADE_GARIMPO":null,"SUBSTANCIAS":"Fósforo","ROCHAS_HOSPEDEIRAS":null,"ROCHAS_ENCAIXANTES":null,"CLASSES_UTILITARIAS":"Não definida","MORFOLOGIA":null,"TEXTURAS":null,"TIPOS_ALTERACAO":null,"X":-56.803802999999995,"Y":-20.843802999999998,"DATUM":"WGS84","__atlas_sublayer":0}},{"type":"Feature","id":108411,"geometry":{"type":"Point","coordinates":[-56.73489607900001,-20.501278242000012]},"properties":{"OBJECTID":108411,"ID_AFLORAMENTO":201403,"ORIGEM":"Oracle","METODO_GEOPOSICIONAMENTO":"Levantamento em mapa 1:1.000.000","TOPONIMIA":"Córrego Escondido","MUNICIPIO":"Bodoquena","UF":"MS","GEOLOGO":"A Definir","DATA_CADASTRO":1102550400000,"TIPO_AFLORAMENTO":null,"DESCRICAO":null,"NUMERO_CAMPO":null,"ROCHAS":null,"SUREG":"OUTROS","PROJETO":null,"CODIGO_FOLHA":null,"FOLHA":null,"ID_OCORRENCIA":49542,"PROVINCIA":"Tocantins","STATUS_ECONOMICO":"Mina","IMPORTANCIA":"Depósito","LOCALIZACAO_MINA":"Mina subterrânea (GPS sem sinal)","SITUACAO_MINA":null,"MOTIVO_INATIVIDADE_MINA":null,"SITUACAO_GARIMPO":null,"MOTIVO_INATIVIDADE_GARIMPO":null,"SUBSTANCIAS":"Calcário","ROCHAS_HOSPEDEIRAS":"Calcário","ROCHAS_ENCAIXANTES":"Calcário","CLASSES_UTILITARIAS":"Material de uso na construção civil","MORFOLOGIA":"Estratificada","TEXTURAS":"Plana","TIPOS_ALTERACAO":null,"X":-56.73489608,"Y":-20.50127824,"DATUM":"WGS84","__atlas_sublayer":0}},{"type":"Feature","id":117089,"geometry":{"type":"Point","coordinates":[-56.718229253000004,-20.475444896]},"properties":{"OBJECTID":117089,"ID_AFLORAMENTO":201409,"ORIGEM":"Oracle","METODO_GEOPOSICIONAMENTO":"Levantamento em mapa 1:1.000.000","TOPONIMIA":"Córrego Campina","MUNICIPIO":"Bodoquena","UF":"MS","GEOLOGO":"A Definir","DATA_CADASTRO":1102550400000,"TIPO_AFLORAMENTO":null,"DESCRICAO":null,"NUMERO_CAMPO":null,"ROCHAS":null,"SUREG":"OUTROS","PROJETO":null,"CODIGO_FOLHA":null,"FOLHA":null,"ID_OCORRENCIA":49548,"PROVINCIA":"Tocantins","STATUS_ECONOMICO":"Mina","IMPORTANCIA":"Depósito","LOCALIZACAO_MINA":"Mina subterrânea (GPS sem sinal)","SITUACAO_MINA":null,"MOTIVO_INATIVIDADE_MINA":null,"SITUACAO_GARIMPO":null,"MOTIVO_INATIVIDADE_GARIMPO":null,"SUBSTANCIAS":"Calcário","ROCHAS_HOSPEDEIRAS":"Calcário","ROCHAS_ENCAIXANTES":"Calcário","CLASSES_UTILITARIAS":"Material de uso na construção civil","MORFOLOGIA":"Estratificada","TEXTURAS":"Plana","TIPOS_ALTERACAO":null,"X":-56.71822925,"Y":-20.4754449,"DATUM":"WGS84","__atlas_sublayer":0}},{"type":"Feature","id":122420,"geometry":{"type":"Point","coordinates":[-56.705418899999984,-20.989568899999995]},"properties":{"OBJECTID":122420,"ID_AFLORAMENTO":459544,"ORIGEM":"Oracle","METODO_GEOPOSICIONAMENTO":"GPS Manual pós 24/05/2000","TOPONIMIA":"Estrada da Fazenda Santa Feliciana","MUNICIPIO":"Bonito","UF":"MS","GEOLOGO":"Alexandre Alves de Oliveira","DATA_CADASTRO":1516320000000,"TIPO_AFLORAMENTO":"Lajedo ou Lajeiro","DESCRICAO":"Calcário calcítico cinza escuro em camadas tabulares delgadas. Apresenta-se fraturado com veios de calcita branca e de mineral anédrico de cor vinho rico em fosfato.","NUMERO_CAMPO":"AA-0160","ROCHAS":"Calcário calcítico","SUREG":"OUTROS","PROJETO":"Geologia das folhas Rio Perdido e Vila Campão","CODIGO_FOLHA":"SF.21-X-A-IV","FOLHA":"Vila Campão","ID_OCORRENCIA":70389,"PROVINCIA":"Indeterminada","STATUS_ECONOMICO":"Não explotado","IMPORTANCIA":"Ocorrência","LOCALIZACAO_MINA":null,"SITUACAO_MINA":null,"MOTIVO_INATIVIDADE_MINA":null,"SITUACAO_GARIMPO":null,"MOTIVO_INATIVIDADE_GARIMPO":null,"SUBSTANCIAS":"Fósforo","ROCHAS_HOSPEDEIRAS":null,"ROCHAS_ENCAIXANTES":null,"CLASSES_UTILITARIAS":"Não definida","MORFOLOGIA":null,"TEXTURAS":null,"TIPOS_ALTERACAO":null,"X":-56.7054189,"Y":-20.9895689,"DATUM":"WGS84","__atlas_sublayer":0}},{"type":"Feature","id":108380,"geometry":{"type":"Point","coordinates":[-56.660729042000014,-20.508778452]},"properties":{"OBJECTID":108380,"ID_AFLORAMENTO":201370,"ORIGEM":"Oracle","METODO_GEOPOSICIONAMENTO":"Levantamento em mapa 1:1.000.000","TOPONIMIA":"Serra da Bodoquena","MUNICIPIO":"Bodoquena","UF":"MS","GEOLOGO":"A Definir","DATA_CADASTRO":1102636800000,"TIPO_AFLORAMENTO":null,"DESCRICAO":null,"NUMERO_CAMPO":null,"ROCHAS":null,"SUREG":"OUTROS","PROJETO":null,"CODIGO_FOLHA":null,"FOLHA":null,"ID_OCORRENCIA":49571,"PROVINCIA":"Tocantins","STATUS_ECONOMICO":"Mina","IMPORTANCIA":"Depósito","LOCALIZACAO_MINA":"Mina subterrânea (GPS sem sinal)","SITUACAO_MINA":null,"MOTIVO_INATIVIDADE_MINA":null,"SITUACAO_GARIMPO":null,"MOTIVO_INATIVIDADE_GARIMPO":null,"SUBSTANCIAS":"Calcário","ROCHAS_HOSPEDEIRAS":"Calcário","ROCHAS_ENCAIXANTES":"Calcário","CLASSES_UTILITARIAS":"Material de uso na construção civil","MORFOLOGIA":"Estratificada","TEXTURAS":"Plana","TIPOS_ALTERACAO":null,"X":-56.66072904,"Y":-20.50877845,"DATUM":"WGS84","__atlas_sublayer":0}},{"type":"Feature","id":122409,"geometry":{"type":"Point","coordinates":[-56.66039089999998,-20.805305900000008]},"properties":{"OBJECTID":122409,"ID_AFLORAMENTO":459332,"ORIGEM":"Oracle","METODO_GEOPOSICIONAMENTO":"GPS Manual pós 24/05/2000","TOPONIMIA":"Estrada para o Assentamento Serro Alegre na Fazenda Água Boa","MUNICIPIO":"Bodoquena","UF":"MS","GEOLOGO":"Alexandre Alves de Oliveira","DATA_CADASTRO":1516665600000,"TIPO_AFLORAMENTO":"Matacão","DESCRICAO":"Metacalcário dolomítico cinza claro, parcialmente silicificado e com fraturas preenchidas por mineral amarelo rico em fosfato.","NUMERO_CAMPO":"AA-0199","ROCHAS":"Metacalcário dolomítico","SUREG":"OUTROS","PROJETO":"Geologia das folhas Rio Perdido e Vila Campão","CODIGO_FOLHA":"SF.21-X-A-IV","FOLHA":"Vila Campão","ID_OCORRENCIA":70374,"PROVINCIA":"Indeterminada","STATUS_ECONOMICO":"Não explotado","IMPORTANCIA":"Ocorrência","LOCALIZACAO_MINA":null,"SITUACAO_MINA":null,"MOTIVO_INATIVIDADE_MINA":null,"SITUACAO_GARIMPO":null,"MOTIVO_INATIVIDADE_GARIMPO":null,"SUBSTANCIAS":"Fósforo","ROCHAS_HOSPEDEIRAS":null,"ROCHAS_ENCAIXANTES":null,"CLASSES_UTILITARIAS":"Não definida","MORFOLOGIA":null,"TEXTURAS":null,"TIPOS_ALTERACAO":null,"X":-56.6603909,"Y":-20.8053059,"DATUM":"WGS84","__atlas_sublayer":0}},{"type":"Feature","id":122408,"geometry":{"type":"Point","coordinates":[-56.64199500000001,-20.804986900000017]},"properties":{"OBJECTID":122408,"ID_AFLORAMENTO":459330,"ORIGEM":"Oracle","METODO_GEOPOSICIONAMENTO":"GPS Manual pós 24/05/2000","TOPONIMIA":"Estrada de terra para o Assentamento Serro Alegre","MUNICIPIO":"Bodoquena","UF":"MS","GEOLOGO":"Alexandre Alves de Oliveira","DATA_CADASTRO":1516665600000,"TIPO_AFLORAMENTO":"Matacão","DESCRICAO":"Metacalcário dolomítico cinza claro, maciço. Ocorre bastante fraturado estas quais preenchidas por mineral amarelo esbranquiçado rico em fosfato. è entrecortada por inúmeros vênulos de calcita branca.","NUMERO_CAMPO":"AA-0197","ROCHAS":"Metacalcário dolomítico","SUREG":"OUTROS","PROJETO":"Geologia das folhas Rio Perdido e Vila Campão","CODIGO_FOLHA":"SF.21-X-A-IV","FOLHA":"Vila Campão","ID_OCORRENCIA":70373,"PROVINCIA":"Indeterminada","STATUS_ECONOMICO":"Não explotado","IMPORTANCIA":"Ocorrência","LOCALIZACAO_MINA":null,"SITUACAO_MINA":null,"MOTIVO_INATIVIDADE_MINA":null,"SITUACAO_GARIMPO":null,"MOTIVO_INATIVIDADE_GARIMPO":null,"SUBSTANCIAS":"Fósforo","ROCHAS_HOSPEDEIRAS":null,"ROCHAS_ENCAIXANTES":null,"CLASSES_UTILITARIAS":"Não definida","MORFOLOGIA":null,"TEXTURAS":null,"TIPOS_ALTERACAO":null,"X":-56.641994999999994,"Y":-20.8049869,"DATUM":"WGS84","__atlas_sublayer":0}},{"type":"Feature","id":122414,"geometry":{"type":"Point","coordinates":[-56.60389190000001,-20.79671689999998]},"properties":{"OBJECTID":122414,"ID_AFLORAMENTO":459478,"ORIGEM":"Oracle","METODO_GEOPOSICIONAMENTO":"GPS Manual pós 24/05/2000","TOPONIMIA":"Estrada de terra para a Fazenda Veneza","MUNICIPIO":"Bonito","UF":"MS","GEOLOGO":"Alexandre Alves de Oliveira","DATA_CADASTRO":1517270400000,"TIPO_AFLORAMENTO":"Lajedo ou Lajeiro","DESCRICAO":"Metacalcário calcítico cinza, maciço, bastante fraturado. Preenchendo as fraturas ocorre calcita, sílica e mineral anédrico amarelo rico em fosfato.","NUMERO_CAMPO":"AA-0226","ROCHAS":"Metacalcário calcítico","SUREG":"OUTROS","PROJETO":"Geologia das folhas Rio Perdido e Vila Campão","CODIGO_FOLHA":"SF.21-X-A-IV","FOLHA":"Vila Campão","ID_OCORRENCIA":70380,"PROVINCIA":"Indeterminada","STATUS_ECONOMICO":"Não explotado","IMPORTANCIA":"Ocorrência","LOCALIZACAO_MINA":null,"SITUACAO_MINA":null,"MOTIVO_INATIVIDADE_MINA":null,"SITUACAO_GARIMPO":null,"MOTIVO_INATIVIDADE_GARIMPO":null,"SUBSTANCIAS":"Fósforo","ROCHAS_HOSPEDEIRAS":null,"ROCHAS_ENCAIXANTES":null,"CLASSES_UTILITARIAS":"Não definida","MORFOLOGIA":null,"TEXTURAS":null,"TIPOS_ALTERACAO":null,"X":-56.6038919,"Y":-20.7967169,"DATUM":"WGS84","__atlas_sublayer":0}},{"type":"Feature","id":122430,"geometry":{"type":"Point","coordinates":[-56.57552500000003,-20.72210690000003]},"properties":{"OBJECTID":122430,"ID_AFLORAMENTO":459647,"ORIGEM":"Oracle","METODO_GEOPOSICIONAMENTO":"GPS Manual pós 24/05/2000","TOPONIMIA":"Estrada de Terra da Fazenda Paredão","MUNICIPIO":"Bonito","UF":"MS","GEOLOGO":"Alexandre Alves de Oliveira","DATA_CADASTRO":1517529600000,"TIPO_AFLORAMENTO":"Rasteiro (Leito de estrada, terraplenagem, etc.)","DESCRICAO":"Metadiamictito cinza esverdeado com matriz rica em óxido de ferro e textura filítica. O arcabouço é constituido por blocos de quartzito. A rocha apresenta-se bastante deformada e estirada.","NUMERO_CAMPO":"AA-0239","ROCHAS":"Metadiamictito","SUREG":"OUTROS","PROJETO":"Geologia das folhas Rio Perdido e Vila Campão","CODIGO_FOLHA":"SF.21-X-A-IV","FOLHA":"Vila Campão","ID_OCORRENCIA":70399,"PROVINCIA":"Indeterminada","STATUS_ECONOMICO":"Não explotado","IMPORTANCIA":"Depósito","LOCALIZACAO_MINA":null,"SITUACAO_MINA":null,"MOTIVO_INATIVIDADE_MINA":null,"SITUACAO_GARIMPO":null,"MOTIVO_INATIVIDADE_GARIMPO":null,"SUBSTANCIAS":"Ferro","ROCHAS_HOSPEDEIRAS":null,"ROCHAS_ENCAIXANTES":null,"CLASSES_UTILITARIAS":"Não definida","MORFOLOGIA":null,"TEXTURAS":null,"TIPOS_ALTERACAO":null,"X":-56.575525,"Y":-20.7221069,"DATUM":"WGS84","__atlas_sublayer":0}},{"type":"Feature","id":110793,"geometry":{"type":"Point","coordinates":[-56.24433697500001,-20.188501004999978]},"properties":{"OBJECTID":110793,"ID_AFLORAMENTO":203967,"ORIGEM":"Oracle","METODO_GEOPOSICIONAMENTO":"Levantamento em carta 1:250.000","TOPONIMIA":"Miranda - Córrego Agachi","MUNICIPIO":"Miranda","UF":"MS","GEOLOGO":"A Definir","DATA_CADASTRO":1076025600000,"TIPO_AFLORAMENTO":null,"DESCRICAO":null,"NUMERO_CAMPO":null,"ROCHAS":null,"SUREG":"OUTROS","PROJETO":null,"CODIGO_FOLHA":null,"FOLHA":null,"ID_OCORRENCIA":11914,"PROVINCIA":"Tocantins","STATUS_ECONOMICO":"Mina","IMPORTANCIA":"Depósito","LOCALIZACAO_MINA":"Mina subterrânea (GPS sem sinal)","SITUACAO_MINA":"Ativo(a)","MOTIVO_INATIVIDADE_MINA":null,"SITUACAO_GARIMPO":"Ativo(a)","MOTIVO_INATIVIDADE_GARIMPO":null,"SUBSTANCIAS":"Argila","ROCHAS_HOSPEDEIRAS":"Sedimento elúvio-coluvionar","ROCHAS_ENCAIXANTES":null,"CLASSES_UTILITARIAS":"Rochas e minerais industriais","MORFOLOGIA":"Terrosa","TEXTURAS":"Compacta","TIPOS_ALTERACAO":null,"X":-56.24433698,"Y":-20.18850101,"DATUM":"WGS84","__atlas_sublayer":0}},{"type":"Feature","id":109067,"geometry":{"type":"Point","coordinates":[-54.672112648999985,-22.391565859000025]},"properties":{"OBJECTID":109067,"ID_AFLORAMENTO":202094,"ORIGEM":"Oracle","METODO_GEOPOSICIONAMENTO":"Levantamento em carta 1:100.000","TOPONIMIA":"Córrego Jaguaretê","MUNICIPIO":"Dourados","UF":"MS","GEOLOGO":"A Definir","DATA_CADASTRO":1103500800000,"TIPO_AFLORAMENTO":null,"DESCRICAO":null,"NUMERO_CAMPO":null,"ROCHAS":null,"SUREG":"OUTROS","PROJETO":null,"CODIGO_FOLHA":null,"FOLHA":null,"ID_OCORRENCIA":49685,"PROVINCIA":"Tocantins","STATUS_ECONOMICO":"Não explotado","IMPORTANCIA":"Depósito","LOCALIZACAO_MINA":"Mina subterrânea (GPS sem sinal)","SITUACAO_MINA":null,"MOTIVO_INATIVIDADE_MINA":null,"SITUACAO_GARIMPO":null,"MOTIVO_INATIVIDADE_GARIMPO":null,"SUBSTANCIAS":"Turfa","ROCHAS_HOSPEDEIRAS":"Argila","ROCHAS_ENCAIXANTES":"Basalto","CLASSES_UTILITARIAS":"Insumos para agricultura","MORFOLOGIA":"Terrosa","TEXTURAS":"Granular","TIPOS_ALTERACAO":null,"X":-54.67211265,"Y":-22.39156586,"DATUM":"WGS84","__atlas_sublayer":0}},{"type":"Feature","id":117119,"geometry":{"type":"Point","coordinates":[-54.204054198999984,-22.329900332000022]},"properties":{"OBJECTID":117119,"ID_AFLORAMENTO":202101,"ORIGEM":"Oracle","METODO_GEOPOSICIONAMENTO":"Levantamento em carta 1:100.000","TOPONIMIA":"Lagoa São Francisco","MUNICIPIO":"Glória de Dourados","UF":"MS","GEOLOGO":"A Definir","DATA_CADASTRO":1103587200000,"TIPO_AFLORAMENTO":null,"DESCRICAO":null,"NUMERO_CAMPO":null,"ROCHAS":null,"SUREG":"OUTROS","PROJETO":null,"CODIGO_FOLHA":null,"FOLHA":null,"ID_OCORRENCIA":49704,"PROVINCIA":"Tocantins","STATUS_ECONOMICO":"Não explotado","IMPORTANCIA":"Depósito","LOCALIZACAO_MINA":"Mina subterrânea (GPS sem sinal)","SITUACAO_MINA":null,"MOTIVO_INATIVIDADE_MINA":null,"SITUACAO_GARIMPO":null,"MOTIVO_INATIVIDADE_GARIMPO":null,"SUBSTANCIAS":"Turfa","ROCHAS_HOSPEDEIRAS":"Argila","ROCHAS_ENCAIXANTES":"Basalto","CLASSES_UTILITARIAS":"Insumos para agricultura","MORFOLOGIA":"Terrosa","TEXTURAS":"Granular","TIPOS_ALTERACAO":null,"X":-54.2040542,"Y":-22.32990033,"DATUM":"WGS84","__atlas_sublayer":0}},{"type":"Feature","id":109066,"geometry":{"type":"Point","coordinates":[-54.65099990099998,-21.909064804000025]},"properties":{"OBJECTID":109066,"ID_AFLORAMENTO":202084,"ORIGEM":"Oracle","METODO_GEOPOSICIONAMENTO":"Levantamento em carta 1:100.000","TOPONIMIA":"Afluente Rio Brilhante","MUNICIPIO":"Rio Brilhante","UF":"MS","GEOLOGO":"A Definir","DATA_CADASTRO":1103155200000,"TIPO_AFLORAMENTO":null,"DESCRICAO":null,"NUMERO_CAMPO":null,"ROCHAS":null,"SUREG":"OUTROS","PROJETO":null,"CODIGO_FOLHA":null,"FOLHA":null,"ID_OCORRENCIA":49644,"PROVINCIA":"Tocantins","STATUS_ECONOMICO":"Não explotado","IMPORTANCIA":"Depósito","LOCALIZACAO_MINA":"Mina subterrânea (GPS sem sinal)","SITUACAO_MINA":null,"MOTIVO_INATIVIDADE_MINA":null,"SITUACAO_GARIMPO":null,"MOTIVO_INATIVIDADE_GARIMPO":null,"SUBSTANCIAS":"Turfa","ROCHAS_HOSPEDEIRAS":"Argila","ROCHAS_ENCAIXANTES":"Basalto","CLASSES_UTILITARIAS":"Insumos para agricultura","MORFOLOGIA":"Terrosa","TEXTURAS":"Granular","TIPOS_ALTERACAO":null,"X":-54.6509999,"Y":-21.9090648,"DATUM":"WGS84","__atlas_sublayer":0}},{"type":"Feature","id":108393,"geometry":{"type":"Point","coordinates":[-54.51183171600002,-21.675175734999982]},"properties":{"OBJECTID":108393,"ID_AFLORAMENTO":201382,"ORIGEM":"Oracle","METODO_GEOPOSICIONAMENTO":"Levantamento em carta 1:100.000","TOPONIMIA":"Fazenda Antinha","MUNICIPIO":"Rio Brilhante","UF":"MS","GEOLOGO":"A Definir","DATA_CADASTRO":1103068800000,"TIPO_AFLORAMENTO":null,"DESCRICAO":null,"NUMERO_CAMPO":null,"ROCHAS":null,"SUREG":"OUTROS","PROJETO":null,"CODIGO_FOLHA":null,"FOLHA":null,"ID_OCORRENCIA":49605,"PROVINCIA":"Tocantins","STATUS_ECONOMICO":"Não explotado","IMPORTANCIA":"Depósito","LOCALIZACAO_MINA":"Mina subterrânea (GPS sem sinal)","SITUACAO_MINA":null,"MOTIVO_INATIVIDADE_MINA":null,"SITUACAO_GARIMPO":null,"MOTIVO_INATIVIDADE_GARIMPO":null,"SUBSTANCIAS":"Turfa","ROCHAS_HOSPEDEIRAS":"Argila","ROCHAS_ENCAIXANTES":"Basalto","CLASSES_UTILITARIAS":"Insumos para agricultura","MORFOLOGIA":"Terrosa","TEXTURAS":"Granular","TIPOS_ALTERACAO":null,"X":-54.51183172,"Y":-21.67517574,"DATUM":"WGS84","__atlas_sublayer":0}},{"type":"Feature","id":108391,"geometry":{"type":"Point","coordinates":[-54.31127510699997,-21.708231909000006]},"properties":{"OBJECTID":108391,"ID_AFLORAMENTO":201380,"ORIGEM":"Oracle","METODO_GEOPOSICIONAMENTO":"Levantamento em carta 1:100.000","TOPONIMIA":"Arroio Córreginho","MUNICIPIO":"Rio Brilhante","UF":"MS","GEOLOGO":"A Definir","DATA_CADASTRO":1103068800000,"TIPO_AFLORAMENTO":null,"DESCRICAO":null,"NUMERO_CAMPO":null,"ROCHAS":null,"SUREG":"OUTROS","PROJETO":null,"CODIGO_FOLHA":null,"FOLHA":null,"ID_OCORRENCIA":49603,"PROVINCIA":"Tocantins","STATUS_ECONOMICO":"Não explotado","IMPORTANCIA":"Depósito","LOCALIZACAO_MINA":"Mina subterrânea (GPS sem sinal)","SITUACAO_MINA":null,"MOTIVO_INATIVIDADE_MINA":null,"SITUACAO_GARIMPO":null,"MOTIVO_INATIVIDADE_GARIMPO":null,"SUBSTANCIAS":"Turfa","ROCHAS_HOSPEDEIRAS":"Argila","ROCHAS_ENCAIXANTES":"Basalto","CLASSES_UTILITARIAS":"Insumos para agricultura","MORFOLOGIA":"Terrosa","TEXTURAS":"Granular","TIPOS_ALTERACAO":null,"X":-54.31127511,"Y":-21.70823191,"DATUM":"WGS84","__atlas_sublayer":0}},{"type":"Feature","id":107170,"geometry":{"type":"Point","coordinates":[-54.894233954000015,-18.432410173999983]},"properties":{"OBJECTID":107170,"ID_AFLORAMENTO":199963,"ORIGEM":"Oracle","METODO_GEOPOSICIONAMENTO":"GPS Manual pós 24/05/2000","TOPONIMIA":"Rio Coxim","MUNICIPIO":"Coxim","UF":"MS","GEOLOGO":"A Definir","DATA_CADASTRO":1144195200000,"TIPO_AFLORAMENTO":"Pedreira","DESCRICAO":null,"NUMERO_CAMPO":null,"ROCHAS":null,"SUREG":"OUTROS","PROJETO":null,"CODIGO_FOLHA":null,"FOLHA":null,"ID_OCORRENCIA":50873,"PROVINCIA":"Tocantins","STATUS_ECONOMICO":"Mina","IMPORTANCIA":"Depósito","LOCALIZACAO_MINA":"Mina subterrânea (GPS sem sinal)","SITUACAO_MINA":null,"MOTIVO_INATIVIDADE_MINA":null,"SITUACAO_GARIMPO":null,"MOTIVO_INATIVIDADE_GARIMPO":null,"SUBSTANCIAS":"Granito","ROCHAS_HOSPEDEIRAS":"Granito","ROCHAS_ENCAIXANTES":null,"CLASSES_UTILITARIAS":"Material de uso na construção civil","MORFOLOGIA":null,"TEXTURAS":"Maciça","TIPOS_ALTERACAO":null,"X":-54.89423395,"Y":-18.43241017,"DATUM":"WGS84","__atlas_sublayer":0}},{"type":"Feature","id":107172,"geometry":{"type":"Point","coordinates":[-54.835554925,-18.939006705999986]},"properties":{"OBJECTID":107172,"ID_AFLORAMENTO":199965,"ORIGEM":"Oracle","METODO_GEOPOSICIONAMENTO":"GPS Manual pós 24/05/2000","TOPONIMIA":"Rio Verde","MUNICIPIO":"Rio Verde de Mato Grosso","UF":"MS","GEOLOGO":"A Definir","DATA_CADASTRO":1144195200000,"TIPO_AFLORAMENTO":null,"DESCRICAO":null,"NUMERO_CAMPO":null,"ROCHAS":null,"SUREG":"OUTROS","PROJETO":null,"CODIGO_FOLHA":null,"FOLHA":null,"ID_OCORRENCIA":50875,"PROVINCIA":"Paraná","STATUS_ECONOMICO":"Mina","IMPORTANCIA":"Depósito","LOCALIZACAO_MINA":"Mina subterrânea (GPS sem sinal)","SITUACAO_MINA":null,"MOTIVO_INATIVIDADE_MINA":null,"SITUACAO_GARIMPO":null,"MOTIVO_INATIVIDADE_GARIMPO":null,"SUBSTANCIAS":"Argila","ROCHAS_HOSPEDEIRAS":null,"ROCHAS_ENCAIXANTES":null,"CLASSES_UTILITARIAS":"Material de uso na construção civil","MORFOLOGIA":null,"TEXTURAS":null,"TIPOS_ALTERACAO":null,"X":-54.83555493,"Y":-18.93900671,"DATUM":"WGS84","__atlas_sublayer":0}},{"type":"Feature","id":104948,"geometry":{"type":"Point","coordinates":[-54.66237812700001,-18.03905469900002]},"properties":{"OBJECTID":104948,"ID_AFLORAMENTO":196966,"ORIGEM":"Oracle","METODO_GEOPOSICIONAMENTO":"Levantamento em mapa 1:1.000.000","TOPONIMIA":"Rio Pedro Gomes","MUNICIPIO":"Pedro Gomes","UF":"MS","GEOLOGO":"A Definir","DATA_CADASTRO":1006819200000,"TIPO_AFLORAMENTO":null,"DESCRICAO":null,"NUMERO_CAMPO":null,"ROCHAS":null,"SUREG":"OUTROS","PROJETO":null,"CODIGO_FOLHA":null,"FOLHA":null,"ID_OCORRENCIA":34193,"PROVINCIA":"Paraná","STATUS_ECONOMICO":"Indeterminado","IMPORTANCIA":"Indeterminado","LOCALIZACAO_MINA":"Mina subterrânea (GPS sem sinal)","SITUACAO_MINA":null,"MOTIVO_INATIVIDADE_MINA":null,"SITUACAO_GARIMPO":null,"MOTIVO_INATIVIDADE_GARIMPO":null,"SUBSTANCIAS":"Diamante","ROCHAS_HOSPEDEIRAS":null,"ROCHAS_ENCAIXANTES":null,"CLASSES_UTILITARIAS":"Gemas","MORFOLOGIA":null,"TEXTURAS":null,"TIPOS_ALTERACAO":null,"X":-54.66237813,"Y":-18.0390547,"DATUM":"WGS84","__atlas_sublayer":0}},{"type":"Feature","id":116982,"geometry":{"type":"Point","coordinates":[-54.60821235700001,-18.518222852000008]},"properties":{"OBJECTID":116982,"ID_AFLORAMENTO":197616,"ORIGEM":"Oracle","METODO_GEOPOSICIONAMENTO":"Levantamento em mapa 1:1.000.000","TOPONIMIA":"16 Km A Leste de São Romão","MUNICIPIO":"Coxim","UF":"MS","GEOLOGO":"A Definir","DATA_CADASTRO":1049846400000,"TIPO_AFLORAMENTO":null,"DESCRICAO":null,"NUMERO_CAMPO":null,"ROCHAS":null,"SUREG":"OUTROS","PROJETO":null,"CODIGO_FOLHA":null,"FOLHA":null,"ID_OCORRENCIA":34228,"PROVINCIA":"Paraná","STATUS_ECONOMICO":"Indeterminado","IMPORTANCIA":"Indeterminado","LOCALIZACAO_MINA":"Mina subterrânea (GPS sem sinal)","SITUACAO_MINA":null,"MOTIVO_INATIVIDADE_MINA":null,"SITUACAO_GARIMPO":null,"MOTIVO_INATIVIDADE_GARIMPO":null,"SUBSTANCIAS":"Diamante","ROCHAS_HOSPEDEIRAS":null,"ROCHAS_ENCAIXANTES":null,"CLASSES_UTILITARIAS":"Gemas","MORFOLOGIA":null,"TEXTURAS":null,"TIPOS_ALTERACAO":null,"X":-54.60821236,"Y":-18.51822285,"DATUM":"WGS84","__atlas_sublayer":0}},{"type":"Feature","id":95410,"geometry":{"type":"Point","coordinates":[-54.59515571899999,-18.11516617799998]},"properties":{"OBJECTID":95410,"ID_AFLORAMENTO":184228,"ORIGEM":"Oracle","METODO_GEOPOSICIONAMENTO":"Levantamento em carta 1:250.000","TOPONIMIA":"Miranda","MUNICIPIO":"Pedro Gomes","UF":"MS","GEOLOGO":"A Definir","DATA_CADASTRO":1075852800000,"TIPO_AFLORAMENTO":null,"DESCRICAO":null,"NUMERO_CAMPO":null,"ROCHAS":null,"SUREG":"OUTROS","PROJETO":null,"CODIGO_FOLHA":null,"FOLHA":null,"ID_OCORRENCIA":39626,"PROVINCIA":"Paraná","STATUS_ECONOMICO":"Indeterminado","IMPORTANCIA":"Indeterminado","LOCALIZACAO_MINA":"Mina subterrânea (GPS sem sinal)","SITUACAO_MINA":null,"MOTIVO_INATIVIDADE_MINA":null,"SITUACAO_GARIMPO":null,"MOTIVO_INATIVIDADE_GARIMPO":null,"SUBSTANCIAS":"Diamante","ROCHAS_HOSPEDEIRAS":"Alúvio","ROCHAS_ENCAIXANTES":null,"CLASSES_UTILITARIAS":"Gemas","MORFOLOGIA":"Irregular","TEXTURAS":"Disseminada","TIPOS_ALTERACAO":null,"X":-54.59515572,"Y":-18.11516618,"DATUM":"WGS84","__atlas_sublayer":0}},{"type":"Feature","id":101544,"geometry":{"type":"Point","coordinates":[-54.424878164000006,-18.587112357000024]},"properties":{"OBJECTID":101544,"ID_AFLORAMENTO":191636,"ORIGEM":"Oracle","METODO_GEOPOSICIONAMENTO":"Levantamento em mapa 1:1.000.000","TOPONIMIA":"Rio Jauru","MUNICIPIO":"Coxim","UF":"MS","GEOLOGO":"A Definir","DATA_CADASTRO":1066435200000,"TIPO_AFLORAMENTO":null,"DESCRICAO":null,"NUMERO_CAMPO":null,"ROCHAS":null,"SUREG":"OUTROS","PROJETO":null,"CODIGO_FOLHA":null,"FOLHA":null,"ID_OCORRENCIA":39285,"PROVINCIA":"Paraná","STATUS_ECONOMICO":"Indeterminado","IMPORTANCIA":"Indeterminado","LOCALIZACAO_MINA":"Mina subterrânea (GPS sem sinal)","SITUACAO_MINA":null,"MOTIVO_INATIVIDADE_MINA":null,"SITUACAO_GARIMPO":null,"MOTIVO_INATIVIDADE_GARIMPO":null,"SUBSTANCIAS":"Diamante","ROCHAS_HOSPEDEIRAS":null,"ROCHAS_ENCAIXANTES":null,"CLASSES_UTILITARIAS":"Gemas","MORFOLOGIA":"Maciça","TEXTURAS":"Granular","TIPOS_ALTERACAO":null,"X":-54.42487816,"Y":-18.58711236,"DATUM":"WGS84","__atlas_sublayer":0}},{"type":"Feature","id":101232,"geometry":{"type":"Point","coordinates":[-52.27764054300002,-17.299890929000014]},"properties":{"OBJECTID":101232,"ID_AFLORAMENTO":191248,"ORIGEM":"Oracle","METODO_GEOPOSICIONAMENTO":"Levantamento em carta 1:500.000","TOPONIMIA":"Fazenda Caçu - Serra Vermelha","MUNICIPIO":"Caiapônia","UF":"GO","GEOLOGO":"A Definir","DATA_CADASTRO":1064793600000,"TIPO_AFLORAMENTO":null,"DESCRICAO":null,"NUMERO_CAMPO":null,"ROCHAS":null,"SUREG":"OUTROS","PROJETO":null,"CODIGO_FOLHA":null,"FOLHA":null,"ID_OCORRENCIA":34131,"PROVINCIA":"Paraná","STATUS_ECONOMICO":"Indeterminado","IMPORTANCIA":"Indeterminado","LOCALIZACAO_MINA":"Mina subterrânea (GPS sem sinal)","SITUACAO_MINA":null,"MOTIVO_INATIVIDADE_MINA":null,"SITUACAO_GARIMPO":null,"MOTIVO_INATIVIDADE_GARIMPO":null,"SUBSTANCIAS":"Folhelho carbonoso","ROCHAS_HOSPEDEIRAS":"Folhelho carbonoso","ROCHAS_ENCAIXANTES":null,"CLASSES_UTILITARIAS":"Rochas e minerais industriais","MORFOLOGIA":"Foliada","TEXTURAS":"Granular","TIPOS_ALTERACAO":null,"X":-52.27764054,"Y":-17.29989093,"DATUM":"WGS84","__atlas_sublayer":0}},{"type":"Feature","id":101408,"geometry":{"type":"Point","coordinates":[-51.817916837999974,-17.83378251800002]},"properties":{"OBJECTID":101408,"ID_AFLORAMENTO":191450,"ORIGEM":"Oracle","METODO_GEOPOSICIONAMENTO":"Levantamento em carta 1:500.000","TOPONIMIA":"Córrego São Tomaz","MUNICIPIO":"Jataí","UF":"GO","GEOLOGO":"A Definir","DATA_CADASTRO":1006819200000,"TIPO_AFLORAMENTO":null,"DESCRICAO":null,"NUMERO_CAMPO":null,"ROCHAS":null,"SUREG":"OUTROS","PROJETO":null,"CODIGO_FOLHA":null,"FOLHA":null,"ID_OCORRENCIA":34186,"PROVINCIA":"Paraná","STATUS_ECONOMICO":"Indeterminado","IMPORTANCIA":"Indeterminado","LOCALIZACAO_MINA":"Mina subterrânea (GPS sem sinal)","SITUACAO_MINA":null,"MOTIVO_INATIVIDADE_MINA":null,"SITUACAO_GARIMPO":null,"MOTIVO_INATIVIDADE_GARIMPO":null,"SUBSTANCIAS":"Calcário","ROCHAS_HOSPEDEIRAS":null,"ROCHAS_ENCAIXANTES":null,"CLASSES_UTILITARIAS":"Material de uso na construção civil","MORFOLOGIA":null,"TEXTURAS":null,"TIPOS_ALTERACAO":null,"X":-51.81791684,"Y":-17.83378252,"DATUM":"WGS84","__atlas_sublayer":0}},{"type":"Feature","id":101237,"geometry":{"type":"Point","coordinates":[-51.18374524799998,-17.333782197000005]},"properties":{"OBJECTID":101237,"ID_AFLORAMENTO":191255,"ORIGEM":"Oracle","METODO_GEOPOSICIONAMENTO":"Levantamento em carta 1:500.000","TOPONIMIA":"Fazenda Bom Jardim, Norte de Montividiu","MUNICIPIO":"Montividiu","UF":"GO","GEOLOGO":"A Definir","DATA_CADASTRO":1049760000000,"TIPO_AFLORAMENTO":null,"DESCRICAO":null,"NUMERO_CAMPO":null,"ROCHAS":null,"SUREG":"OUTROS","PROJETO":null,"CODIGO_FOLHA":null,"FOLHA":null,"ID_OCORRENCIA":34143,"PROVINCIA":"Paraná","STATUS_ECONOMICO":"Indeterminado","IMPORTANCIA":"Indeterminado","LOCALIZACAO_MINA":"Mina subterrânea (GPS sem sinal)","SITUACAO_MINA":null,"MOTIVO_INATIVIDADE_MINA":null,"SITUACAO_GARIMPO":null,"MOTIVO_INATIVIDADE_GARIMPO":null,"SUBSTANCIAS":"Calcário","ROCHAS_HOSPEDEIRAS":null,"ROCHAS_ENCAIXANTES":null,"CLASSES_UTILITARIAS":"Material de uso na construção civil","MORFOLOGIA":null,"TEXTURAS":null,"TIPOS_ALTERACAO":null,"X":-51.18374525,"Y":-17.3337822,"DATUM":"WGS84","__atlas_sublayer":0}},{"type":"Feature","id":109082,"geometry":{"type":"Point","coordinates":[-57.159063839,-20.097109563000004]},"properties":{"OBJECTID":109082,"ID_AFLORAMENTO":202116,"ORIGEM":"Oracle","METODO_GEOPOSICIONAMENTO":"Levantamento em mapa 1:1.000.000","TOPONIMIA":"Fazenda Mercedes","MUNICIPIO":"Corumbá","UF":"MS","GEOLOGO":"A Definir","DATA_CADASTRO":1101686400000,"TIPO_AFLORAMENTO":null,"DESCRICAO":null,"NUMERO_CAMPO":null,"ROCHAS":null,"SUREG":"OUTROS","PROJETO":null,"CODIGO_FOLHA":null,"FOLHA":null,"ID_OCORRENCIA":49363,"PROVINCIA":"Tocantins","STATUS_ECONOMICO":"Indeterminado","IMPORTANCIA":"Indeterminado","LOCALIZACAO_MINA":"Mina subterrânea (GPS sem sinal)","SITUACAO_MINA":null,"MOTIVO_INATIVIDADE_MINA":null,"SITUACAO_GARIMPO":null,"MOTIVO_INATIVIDADE_GARIMPO":null,"SUBSTANCIAS":"Calcário","ROCHAS_HOSPEDEIRAS":"Calcário","ROCHAS_ENCAIXANTES":"Calcário","CLASSES_UTILITARIAS":"Material de uso na construção civil","MORFOLOGIA":"Estratificada","TEXTURAS":"Plana","TIPOS_ALTERACAO":null,"X":-57.15906384,"Y":-20.09710956,"DATUM":"WGS84","__atlas_sublayer":0}},{"type":"Feature","id":109697,"geometry":{"type":"Point","coordinates":[-57.899382788000025,-19.39739378600001]},"properties":{"OBJECTID":109697,"ID_AFLORAMENTO":202776,"ORIGEM":"Oracle","METODO_GEOPOSICIONAMENTO":"Levantamento em carta 1:250.000","TOPONIMIA":"Morraria Sajutá","MUNICIPIO":"Corumbá","UF":"MS","GEOLOGO":"A Definir","DATA_CADASTRO":1070236800000,"TIPO_AFLORAMENTO":null,"DESCRICAO":null,"NUMERO_CAMPO":null,"ROCHAS":null,"SUREG":"OUTROS","PROJETO":null,"CODIGO_FOLHA":null,"FOLHA":null,"ID_OCORRENCIA":11921,"PROVINCIA":"Tocantins","STATUS_ECONOMICO":"Indeterminado","IMPORTANCIA":"Indeterminado","LOCALIZACAO_MINA":"Mina subterrânea (GPS sem sinal)","SITUACAO_MINA":null,"MOTIVO_INATIVIDADE_MINA":null,"SITUACAO_GARIMPO":null,"MOTIVO_INATIVIDADE_GARIMPO":null,"SUBSTANCIAS":"Mármore","ROCHAS_HOSPEDEIRAS":"Calcário dolomítico","ROCHAS_ENCAIXANTES":"Calcário dolomítico","CLASSES_UTILITARIAS":"Material de uso na construção civil","MORFOLOGIA":"Estratificada","TEXTURAS":"Maciça","TIPOS_ALTERACAO":null,"X":-57.89938279,"Y":-19.39739379,"DATUM":"WGS84","__atlas_sublayer":0}},{"type":"Feature","id":98146,"geometry":{"type":"Point","coordinates":[-57.49743590899999,-19.098495274000015]},"properties":{"OBJECTID":98146,"ID_AFLORAMENTO":187623,"ORIGEM":"Oracle","METODO_GEOPOSICIONAMENTO":"Levantamento em carta 1:250.000","TOPONIMIA":"Urucum - Rabicho","MUNICIPIO":"Ladário","UF":"MS","GEOLOGO":"A Definir","DATA_CADASTRO":1069977600000,"TIPO_AFLORAMENTO":null,"DESCRICAO":null,"NUMERO_CAMPO":null,"ROCHAS":null,"SUREG":"OUTROS","PROJETO":null,"CODIGO_FOLHA":null,"FOLHA":null,"ID_OCORRENCIA":11928,"PROVINCIA":"Tocantins","STATUS_ECONOMICO":"Mina","IMPORTANCIA":"Depósito","LOCALIZACAO_MINA":"Mina subterrânea (GPS sem sinal)","SITUACAO_MINA":"Ativo(a)","MOTIVO_INATIVIDADE_MINA":null,"SITUACAO_GARIMPO":"Ativo(a)","MOTIVO_INATIVIDADE_GARIMPO":null,"SUBSTANCIAS":"Ferro, Manganês","ROCHAS_HOSPEDEIRAS":"Arcóseo","ROCHAS_ENCAIXANTES":"Arcóseo","CLASSES_UTILITARIAS":"Metais ferrosos","MORFOLOGIA":"Nodular","TEXTURAS":"Concrecionária","TIPOS_ALTERACAO":null,"X":-57.49743591,"Y":-19.09849527,"DATUM":"WGS84","__atlas_sublayer":0}},{"type":"Feature","id":129007,"geometry":{"type":"Point","coordinates":[-56.852329,-21.543567999999993]},"properties":{"OBJECTID":129007,"ID_AFLORAMENTO":413424,"ORIGEM":"Oracle","METODO_GEOPOSICIONAMENTO":"GPS Manual pós 24/05/2000","TOPONIMIA":"Fz Santa Aparecida","MUNICIPIO":"Jardim","UF":"MS","GEOLOGO":"Márcio José Remédio","DATA_CADASTRO":1291766400000,"TIPO_AFLORAMENTO":"Corte de estrada","DESCRICAO":"Zona de Cisalhamento Biotita Granito com ocorrencia de pirita","NUMERO_CAMPO":"MR-0323","ROCHAS":"Biotita granito","SUREG":"OUTROS","PROJETO":"Bonito - Porto Murtinho","CODIGO_FOLHA":"SF.21-X-C-IV","FOLHA":"Fazenda Margarida","ID_OCORRENCIA":66209,"PROVINCIA":"Indeterminada","STATUS_ECONOMICO":"Não explotado","IMPORTANCIA":"Indício","LOCALIZACAO_MINA":null,"SITUACAO_MINA":null,"MOTIVO_INATIVIDADE_MINA":null,"SITUACAO_GARIMPO":null,"MOTIVO_INATIVIDADE_GARIMPO":null,"SUBSTANCIAS":"Pirita","ROCHAS_HOSPEDEIRAS":null,"ROCHAS_ENCAIXANTES":null,"CLASSES_UTILITARIAS":"Não definida","MORFOLOGIA":null,"TEXTURAS":null,"TIPOS_ALTERACAO":null,"X":-56.852329,"Y":-21.543568,"DATUM":"WGS84","__atlas_sublayer":0}},{"type":"Feature","id":129005,"geometry":{"type":"Point","coordinates":[-56.76145100000002,-21.926050999999973]},"properties":{"OBJECTID":129005,"ID_AFLORAMENTO":413350,"ORIGEM":"Oracle","METODO_GEOPOSICIONAMENTO":"GPS Manual pós 24/05/2000","TOPONIMIA":"Fazenda Margarida para MS-384","MUNICIPIO":"Bela Vista","UF":"MS","GEOLOGO":"Vicente Sérgio Costa","DATA_CADASTRO":1242259200000,"TIPO_AFLORAMENTO":"Corte de estrada","DESCRICAO":"Metaritmito carbonoso (marga/folhelho). Mais fosfato no folhelho.","NUMERO_CAMPO":"VC-0058","ROCHAS":"Metarritmito","SUREG":"OUTROS","PROJETO":"Bonito - Porto Murtinho","CODIGO_FOLHA":"SF.21-X-C-IV","FOLHA":"Fazenda Margarida","ID_OCORRENCIA":66207,"PROVINCIA":"Indeterminada","STATUS_ECONOMICO":"Não explotado","IMPORTANCIA":"Indício","LOCALIZACAO_MINA":null,"SITUACAO_MINA":null,"MOTIVO_INATIVIDADE_MINA":null,"SITUACAO_GARIMPO":null,"MOTIVO_INATIVIDADE_GARIMPO":null,"SUBSTANCIAS":"Fósforo","ROCHAS_HOSPEDEIRAS":null,"ROCHAS_ENCAIXANTES":null,"CLASSES_UTILITARIAS":"Não definida","MORFOLOGIA":null,"TEXTURAS":null,"TIPOS_ALTERACAO":null,"X":-56.761450999999994,"Y":-21.926050999999998,"DATUM":"WGS84","__atlas_sublayer":0}},{"type":"Feature","id":109265,"geometry":{"type":"Point","coordinates":[-56.93295153700001,-20.100443480000024]},"properties":{"OBJECTID":109265,"ID_AFLORAMENTO":202305,"ORIGEM":"Oracle","METODO_GEOPOSICIONAMENTO":"Levantamento em mapa 1:1.000.000","TOPONIMIA":"Fazenda Bodoquena","MUNICIPIO":"Miranda","UF":"MS","GEOLOGO":"A Definir","DATA_CADASTRO":1102291200000,"TIPO_AFLORAMENTO":null,"DESCRICAO":null,"NUMERO_CAMPO":null,"ROCHAS":null,"SUREG":"OUTROS","PROJETO":null,"CODIGO_FOLHA":null,"FOLHA":null,"ID_OCORRENCIA":49481,"PROVINCIA":"Tocantins","STATUS_ECONOMICO":"Indeterminado","IMPORTANCIA":"Indeterminado","LOCALIZACAO_MINA":"Mina subterrânea (GPS sem sinal)","SITUACAO_MINA":null,"MOTIVO_INATIVIDADE_MINA":null,"SITUACAO_GARIMPO":null,"MOTIVO_INATIVIDADE_GARIMPO":null,"SUBSTANCIAS":"Calcário","ROCHAS_HOSPEDEIRAS":"Calcário","ROCHAS_ENCAIXANTES":"Calcário","CLASSES_UTILITARIAS":"Material de uso na construção civil","MORFOLOGIA":"Estratificada","TEXTURAS":"Plana","TIPOS_ALTERACAO":null,"X":-56.93295154,"Y":-20.10044348,"DATUM":"WGS84","__atlas_sublayer":0}},{"type":"Feature","id":122410,"geometry":{"type":"Point","coordinates":[-56.89417700000001,-20.543450000000007]},"properties":{"OBJECTID":122410,"ID_AFLORAMENTO":459384,"ORIGEM":"Oracle","METODO_GEOPOSICIONAMENTO":"GPS Manual pós 24/05/2000","TOPONIMIA":"Estrada de terra próximo a morraria do sul","MUNICIPIO":"Bodoquena","UF":"MS","GEOLOGO":"Alexandre Alves de Oliveira","DATA_CADASTRO":1515715200000,"TIPO_AFLORAMENTO":"Lajedo ou Lajeiro","DESCRICAO":"Calcário dolomítico róseo à cinza claro, parcialmente alterado, estromatolítico. O calcário apresenta minerais de forma botoedral, de cor branca e amarela rico em fosfato. Além disso observa-se pequenas druzas preenchidas com cristais idiomórficos de quartzo. Os estromatólitos constituem colônias de 3 a 6 cm de altura e 1-2 cm de raio.","NUMERO_CAMPO":"AA-0035","ROCHAS":"Calcário dolomítico","SUREG":"OUTROS","PROJETO":"Geologia das folhas Rio Perdido e Vila Campão","CODIGO_FOLHA":"SF.21-X-A-IV","FOLHA":"Vila Campão","ID_OCORRENCIA":70375,"PROVINCIA":"Indeterminada","STATUS_ECONOMICO":"Não explotado","IMPORTANCIA":"Ocorrência","LOCALIZACAO_MINA":null,"SITUACAO_MINA":null,"MOTIVO_INATIVIDADE_MINA":null,"SITUACAO_GARIMPO":null,"MOTIVO_INATIVIDADE_GARIMPO":null,"SUBSTANCIAS":"Fósforo","ROCHAS_HOSPEDEIRAS":null,"ROCHAS_ENCAIXANTES":null,"CLASSES_UTILITARIAS":"Não definida","MORFOLOGIA":null,"TEXTURAS":null,"TIPOS_ALTERACAO":null,"X":-56.894177,"Y":-20.54345,"DATUM":"WGS84","__atlas_sublayer":0}},{"type":"Feature","id":109271,"geometry":{"type":"Point","coordinates":[-56.83461943499998,-20.701833995000015]},"properties":{"OBJECTID":109271,"ID_AFLORAMENTO":202312,"ORIGEM":"Oracle","METODO_GEOPOSICIONAMENTO":"Levantamento em mapa 1:1.000.000","TOPONIMIA":"Córrego Salobrinha","MUNICIPIO":"Bodoquena","UF":"MS","GEOLOGO":"A Definir","DATA_CADASTRO":1102377600000,"TIPO_AFLORAMENTO":null,"DESCRICAO":null,"NUMERO_CAMPO":null,"ROCHAS":null,"SUREG":"OUTROS","PROJETO":null,"CODIGO_FOLHA":null,"FOLHA":null,"ID_OCORRENCIA":49505,"PROVINCIA":"Tocantins","STATUS_ECONOMICO":"Indeterminado","IMPORTANCIA":"Indeterminado","LOCALIZACAO_MINA":"Mina subterrânea (GPS sem sinal)","SITUACAO_MINA":null,"MOTIVO_INATIVIDADE_MINA":null,"SITUACAO_GARIMPO":null,"MOTIVO_INATIVIDADE_GARIMPO":null,"SUBSTANCIAS":"Calcário","ROCHAS_HOSPEDEIRAS":"Calcário","ROCHAS_ENCAIXANTES":"Calcário","CLASSES_UTILITARIAS":"Material de uso na construção civil","MORFOLOGIA":"Estratificada","TEXTURAS":"Plana","TIPOS_ALTERACAO":null,"X":-56.83461944,"Y":-20.701833999999998,"DATUM":"WGS84","__atlas_sublayer":0}},{"type":"Feature","id":108381,"geometry":{"type":"Point","coordinates":[-56.73489696399997,-20.800723370000014]},"properties":{"OBJECTID":108381,"ID_AFLORAMENTO":201371,"ORIGEM":"Oracle","METODO_GEOPOSICIONAMENTO":"Levantamento em mapa 1:1.000.000","TOPONIMIA":"Rio Salobra","MUNICIPIO":"Bodoquena","UF":"MS","GEOLOGO":"A Definir","DATA_CADASTRO":1102636800000,"TIPO_AFLORAMENTO":null,"DESCRICAO":null,"NUMERO_CAMPO":null,"ROCHAS":null,"SUREG":"OUTROS","PROJETO":null,"CODIGO_FOLHA":null,"FOLHA":null,"ID_OCORRENCIA":49572,"PROVINCIA":"Tocantins","STATUS_ECONOMICO":"Mina","IMPORTANCIA":"Depósito","LOCALIZACAO_MINA":"Mina subterrânea (GPS sem sinal)","SITUACAO_MINA":null,"MOTIVO_INATIVIDADE_MINA":null,"SITUACAO_GARIMPO":null,"MOTIVO_INATIVIDADE_GARIMPO":null,"SUBSTANCIAS":"Calcário","ROCHAS_HOSPEDEIRAS":"Calcário","ROCHAS_ENCAIXANTES":"Calcário","CLASSES_UTILITARIAS":"Material de uso na construção civil","MORFOLOGIA":"Estratificada","TEXTURAS":"Plana","TIPOS_ALTERACAO":null,"X":-56.73489696,"Y":-20.80072337,"DATUM":"WGS84","__atlas_sublayer":0}},{"type":"Feature","id":108413,"geometry":{"type":"Point","coordinates":[-56.73406316299997,-20.643778568000016]},"properties":{"OBJECTID":108413,"ID_AFLORAMENTO":201405,"ORIGEM":"Oracle","METODO_GEOPOSICIONAMENTO":"Levantamento em mapa 1:1.000.000","TOPONIMIA":"Rio Salobra","MUNICIPIO":"Bodoquena","UF":"MS","GEOLOGO":"A Definir","DATA_CADASTRO":1102550400000,"TIPO_AFLORAMENTO":null,"DESCRICAO":null,"NUMERO_CAMPO":null,"ROCHAS":null,"SUREG":"OUTROS","PROJETO":null,"CODIGO_FOLHA":null,"FOLHA":null,"ID_OCORRENCIA":49544,"PROVINCIA":"Tocantins","STATUS_ECONOMICO":"Mina","IMPORTANCIA":"Depósito","LOCALIZACAO_MINA":"Mina subterrânea (GPS sem sinal)","SITUACAO_MINA":null,"MOTIVO_INATIVIDADE_MINA":null,"SITUACAO_GARIMPO":null,"MOTIVO_INATIVIDADE_GARIMPO":null,"SUBSTANCIAS":"Dolomito","ROCHAS_HOSPEDEIRAS":"Dolomito","ROCHAS_ENCAIXANTES":"Dolomito","CLASSES_UTILITARIAS":"Material de uso na construção civil","MORFOLOGIA":"Estratificada","TEXTURAS":"Plana","TIPOS_ALTERACAO":null,"X":-56.73406316,"Y":-20.64377857,"DATUM":"WGS84","__atlas_sublayer":0}},{"type":"Feature","id":108415,"geometry":{"type":"Point","coordinates":[-56.72545193799999,-20.62044520799998]},"properties":{"OBJECTID":108415,"ID_AFLORAMENTO":201407,"ORIGEM":"Oracle","METODO_GEOPOSICIONAMENTO":"Levantamento em mapa 1:1.000.000","TOPONIMIA":"Serra da Bodoquena","MUNICIPIO":"Bodoquena","UF":"MS","GEOLOGO":"A Definir","DATA_CADASTRO":1102550400000,"TIPO_AFLORAMENTO":null,"DESCRICAO":null,"NUMERO_CAMPO":null,"ROCHAS":null,"SUREG":"OUTROS","PROJETO":null,"CODIGO_FOLHA":null,"FOLHA":null,"ID_OCORRENCIA":49546,"PROVINCIA":"Tocantins","STATUS_ECONOMICO":"Mina","IMPORTANCIA":"Depósito","LOCALIZACAO_MINA":"Mina subterrânea (GPS sem sinal)","SITUACAO_MINA":null,"MOTIVO_INATIVIDADE_MINA":null,"SITUACAO_GARIMPO":null,"MOTIVO_INATIVIDADE_GARIMPO":null,"SUBSTANCIAS":"Dolomito","ROCHAS_HOSPEDEIRAS":"Dolomito","ROCHAS_ENCAIXANTES":"Dolomito","CLASSES_UTILITARIAS":"Material de uso na construção civil","MORFOLOGIA":"Estratificada","TEXTURAS":"Plana","TIPOS_ALTERACAO":null,"X":-56.72545194,"Y":-20.62044521,"DATUM":"WGS84","__atlas_sublayer":0}},{"type":"Feature","id":107184,"geometry":{"type":"Point","coordinates":[-56.69487467599998,-20.587394212999982]},"properties":{"OBJECTID":107184,"ID_AFLORAMENTO":199977,"ORIGEM":"Oracle","METODO_GEOPOSICIONAMENTO":"GPS Manual pós 24/05/2000","TOPONIMIA":"Mineração Horii","MUNICIPIO":"Bodoquena","UF":"MS","GEOLOGO":"A Definir","DATA_CADASTRO":1144195200000,"TIPO_AFLORAMENTO":null,"DESCRICAO":null,"NUMERO_CAMPO":null,"ROCHAS":null,"SUREG":"OUTROS","PROJETO":null,"CODIGO_FOLHA":null,"FOLHA":null,"ID_OCORRENCIA":50888,"PROVINCIA":"Tocantins","STATUS_ECONOMICO":"Mina","IMPORTANCIA":"Depósito","LOCALIZACAO_MINA":"Mina subterrânea (GPS sem sinal)","SITUACAO_MINA":null,"MOTIVO_INATIVIDADE_MINA":null,"SITUACAO_GARIMPO":null,"MOTIVO_INATIVIDADE_GARIMPO":null,"SUBSTANCIAS":"Carbono","ROCHAS_HOSPEDEIRAS":"Calcário, Dolomito","ROCHAS_ENCAIXANTES":"Arenito conglomerático, Calcário, Dolomito","CLASSES_UTILITARIAS":"Rochas e minerais industriais","MORFOLOGIA":"Estratificada","TEXTURAS":"Maciça","TIPOS_ALTERACAO":null,"X":-56.69487468,"Y":-20.58739421,"DATUM":"WGS84","__atlas_sublayer":0}},{"type":"Feature","id":108386,"geometry":{"type":"Point","coordinates":[-56.61989454000002,-20.183777804999977]},"properties":{"OBJECTID":108386,"ID_AFLORAMENTO":201376,"ORIGEM":"Oracle","METODO_GEOPOSICIONAMENTO":"Levantamento em mapa 1:1.000.000","TOPONIMIA":"Fazenda Salobra","MUNICIPIO":"Miranda","UF":"MS","GEOLOGO":"A Definir","DATA_CADASTRO":1102896000000,"TIPO_AFLORAMENTO":null,"DESCRICAO":null,"NUMERO_CAMPO":null,"ROCHAS":null,"SUREG":"OUTROS","PROJETO":null,"CODIGO_FOLHA":null,"FOLHA":null,"ID_OCORRENCIA":49583,"PROVINCIA":"Tocantins","STATUS_ECONOMICO":"Indeterminado","IMPORTANCIA":"Indeterminado","LOCALIZACAO_MINA":"Mina subterrânea (GPS sem sinal)","SITUACAO_MINA":null,"MOTIVO_INATIVIDADE_MINA":null,"SITUACAO_GARIMPO":null,"MOTIVO_INATIVIDADE_GARIMPO":null,"SUBSTANCIAS":"Calcário","ROCHAS_HOSPEDEIRAS":"Calcário","ROCHAS_ENCAIXANTES":"Calcário","CLASSES_UTILITARIAS":"Material de uso na construção civil","MORFOLOGIA":"Estratificada","TEXTURAS":"Plana","TIPOS_ALTERACAO":null,"X":-56.61989454,"Y":-20.18377781,"DATUM":"WGS84","__atlas_sublayer":0}},{"type":"Feature","id":109071,"geometry":{"type":"Point","coordinates":[-56.59572966500002,-20.838223820999985]},"properties":{"OBJECTID":109071,"ID_AFLORAMENTO":202105,"ORIGEM":"Oracle","METODO_GEOPOSICIONAMENTO":"Levantamento em carta 1:10.000","TOPONIMIA":"Fazenda Ressaca","MUNICIPIO":"Bonito","UF":"MS","GEOLOGO":"A Definir","DATA_CADASTRO":1103673600000,"TIPO_AFLORAMENTO":null,"DESCRICAO":null,"NUMERO_CAMPO":null,"ROCHAS":null,"SUREG":"OUTROS","PROJETO":null,"CODIGO_FOLHA":null,"FOLHA":null,"ID_OCORRENCIA":49708,"PROVINCIA":"Tocantins","STATUS_ECONOMICO":"Não explotado","IMPORTANCIA":"Depósito","LOCALIZACAO_MINA":"Mina subterrânea (GPS sem sinal)","SITUACAO_MINA":null,"MOTIVO_INATIVIDADE_MINA":null,"SITUACAO_GARIMPO":null,"MOTIVO_INATIVIDADE_GARIMPO":null,"SUBSTANCIAS":"Fósforo","ROCHAS_HOSPEDEIRAS":"Brecha carbonática","ROCHAS_ENCAIXANTES":"Calcário estromatolítico","CLASSES_UTILITARIAS":"Insumos para agricultura","MORFOLOGIA":"Estratificada","TEXTURAS":"Maciça","TIPOS_ALTERACAO":null,"X":-56.59572967,"Y":-20.83822382,"DATUM":"WGS84","__atlas_sublayer":0}},{"type":"Feature","id":122428,"geometry":{"type":"Point","coordinates":[-56.56928590000001,-20.734781999999996]},"properties":{"OBJECTID":122428,"ID_AFLORAMENTO":459645,"ORIGEM":"Oracle","METODO_GEOPOSICIONAMENTO":"GPS Manual pós 24/05/2000","TOPONIMIA":"Estrada de terra para a Fazenda Paredão","MUNICIPIO":"Bonito","UF":"MS","GEOLOGO":"Alexandre Alves de Oliveira","DATA_CADASTRO":1517529600000,"TIPO_AFLORAMENTO":"Lajedo ou Lajeiro","DESCRICAO":"Formação ferrífera bandada constituída por intercalações de lâminas de filito e metawacke de cor ocre avermelhada e lâminas cinzas constituida por hematita maciça, hidróxidos de ferro e especularita. Veios de quartzo de espessura milimétrica a centimétrica concordantes com a foliação. As rochas estão dobradas em dobras isoclinais reclinadas. Ocorrem dispersos no chão da estrada seixos e grânulos de hematita e ghoetita.","NUMERO_CAMPO":"AA-0237","ROCHAS":"Formação ferrífera bandada","SUREG":"OUTROS","PROJETO":"Geologia das folhas Rio Perdido e Vila Campão","CODIGO_FOLHA":"SF.21-X-A-IV","FOLHA":"Vila Campão","ID_OCORRENCIA":70397,"PROVINCIA":"Indeterminada","STATUS_ECONOMICO":"Não explotado","IMPORTANCIA":"Depósito","LOCALIZACAO_MINA":null,"SITUACAO_MINA":null,"MOTIVO_INATIVIDADE_MINA":null,"SITUACAO_GARIMPO":null,"MOTIVO_INATIVIDADE_GARIMPO":null,"SUBSTANCIAS":"Ferro","ROCHAS_HOSPEDEIRAS":null,"ROCHAS_ENCAIXANTES":null,"CLASSES_UTILITARIAS":"Não definida","MORFOLOGIA":null,"TEXTURAS":null,"TIPOS_ALTERACAO":null,"X":-56.5692859,"Y":-20.734782,"DATUM":"WGS84","__atlas_sublayer":0}},{"type":"Feature","id":107181,"geometry":{"type":"Point","coordinates":[-56.519647770000006,-20.937362466000025]},"properties":{"OBJECTID":107181,"ID_AFLORAMENTO":199974,"ORIGEM":"Oracle","METODO_GEOPOSICIONAMENTO":"GPS Manual pós 24/05/2000","TOPONIMIA":"Fazenda Cristal","MUNICIPIO":"Bonito","UF":"MS","GEOLOGO":"A Definir","DATA_CADASTRO":1144195200000,"TIPO_AFLORAMENTO":null,"DESCRICAO":null,"NUMERO_CAMPO":null,"ROCHAS":null,"SUREG":"OUTROS","PROJETO":null,"CODIGO_FOLHA":null,"FOLHA":null,"ID_OCORRENCIA":50885,"PROVINCIA":"Tocantins","STATUS_ECONOMICO":"Indeterminado","IMPORTANCIA":"Indeterminado","LOCALIZACAO_MINA":"Mina subterrânea (GPS sem sinal)","SITUACAO_MINA":null,"MOTIVO_INATIVIDADE_MINA":null,"SITUACAO_GARIMPO":null,"MOTIVO_INATIVIDADE_GARIMPO":null,"SUBSTANCIAS":"Quartzo hialino (Cristal de rocha)","ROCHAS_HOSPEDEIRAS":"Filito","ROCHAS_ENCAIXANTES":"Filito","CLASSES_UTILITARIAS":"Rochas e minerais industriais","MORFOLOGIA":"Venular","TEXTURAS":null,"TIPOS_ALTERACAO":null,"X":-56.51964777,"Y":-20.93736247,"DATUM":"WGS84","__atlas_sublayer":0}},{"type":"Feature","id":109725,"geometry":{"type":"Point","coordinates":[-56.175448727,-20.540724235000027]},"properties":{"OBJECTID":109725,"ID_AFLORAMENTO":202806,"ORIGEM":"Oracle","METODO_GEOPOSICIONAMENTO":"Levantamento em carta 1:250.000","TOPONIMIA":"Miranda - Córrego Barreiro","MUNICIPIO":"Miranda","UF":"MS","GEOLOGO":"A Definir","DATA_CADASTRO":1076025600000,"TIPO_AFLORAMENTO":null,"DESCRICAO":null,"NUMERO_CAMPO":null,"ROCHAS":null,"SUREG":"OUTROS","PROJETO":null,"CODIGO_FOLHA":null,"FOLHA":null,"ID_OCORRENCIA":11910,"PROVINCIA":"Tocantins","STATUS_ECONOMICO":"Indeterminado","IMPORTANCIA":"Indeterminado","LOCALIZACAO_MINA":"Mina subterrânea (GPS sem sinal)","SITUACAO_MINA":null,"MOTIVO_INATIVIDADE_MINA":null,"SITUACAO_GARIMPO":null,"MOTIVO_INATIVIDADE_GARIMPO":null,"SUBSTANCIAS":"Grafita","ROCHAS_HOSPEDEIRAS":"Grafita xisto","ROCHAS_ENCAIXANTES":"Filito, Xisto","CLASSES_UTILITARIAS":"Rochas e minerais industriais","MORFOLOGIA":"Lenticular","TEXTURAS":"Disseminada","TIPOS_ALTERACAO":null,"X":-56.17544873,"Y":-20.54072424,"DATUM":"WGS84","__atlas_sublayer":0}},{"type":"Feature","id":117590,"geometry":{"type":"Point","coordinates":[-55.043501365,-21.661563170000022]},"properties":{"OBJECTID":117590,"ID_AFLORAMENTO":202093,"ORIGEM":"Oracle","METODO_GEOPOSICIONAMENTO":"Levantamento em carta 1:100.000","TOPONIMIA":"Cabeceiras do Córrego São Tomás","MUNICIPIO":"Maracaju","UF":"MS","GEOLOGO":"A Definir","DATA_CADASTRO":1103500800000,"TIPO_AFLORAMENTO":null,"DESCRICAO":null,"NUMERO_CAMPO":null,"ROCHAS":null,"SUREG":"OUTROS","PROJETO":null,"CODIGO_FOLHA":null,"FOLHA":null,"ID_OCORRENCIA":49684,"PROVINCIA":"Tocantins","STATUS_ECONOMICO":"Não explotado","IMPORTANCIA":"Depósito","LOCALIZACAO_MINA":"Mina subterrânea (GPS sem sinal)","SITUACAO_MINA":null,"MOTIVO_INATIVIDADE_MINA":null,"SITUACAO_GARIMPO":null,"MOTIVO_INATIVIDADE_GARIMPO":null,"SUBSTANCIAS":"Turfa","ROCHAS_HOSPEDEIRAS":"Argila","ROCHAS_ENCAIXANTES":"Basalto","CLASSES_UTILITARIAS":"Insumos para agricultura","MORFOLOGIA":"Terrosa","TEXTURAS":"Granular","TIPOS_ALTERACAO":null,"X":-55.04350137,"Y":-21.66156317,"DATUM":"WGS84","__atlas_sublayer":0}},{"type":"Feature","id":104615,"geometry":{"type":"Point","coordinates":[-55.878502552999976,-20.50266935100001]},"properties":{"OBJECTID":104615,"ID_AFLORAMENTO":195612,"ORIGEM":"Oracle","METODO_GEOPOSICIONAMENTO":"Levantamento em mapa 1:1.000.000","TOPONIMIA":"Córrego Agogê","MUNICIPIO":"Anastácio","UF":"MS","GEOLOGO":"A Definir","DATA_CADASTRO":1050537600000,"TIPO_AFLORAMENTO":null,"DESCRICAO":null,"NUMERO_CAMPO":null,"ROCHAS":null,"SUREG":"OUTROS","PROJETO":null,"CODIGO_FOLHA":null,"FOLHA":null,"ID_OCORRENCIA":34526,"PROVINCIA":"Paraná","STATUS_ECONOMICO":"Indeterminado","IMPORTANCIA":"Indeterminado","LOCALIZACAO_MINA":"Mina subterrânea (GPS sem sinal)","SITUACAO_MINA":"Ativo(a)","MOTIVO_INATIVIDADE_MINA":null,"SITUACAO_GARIMPO":"Ativo(a)","MOTIVO_INATIVIDADE_GARIMPO":null,"SUBSTANCIAS":"Diamante","ROCHAS_HOSPEDEIRAS":null,"ROCHAS_ENCAIXANTES":null,"CLASSES_UTILITARIAS":"Gemas","MORFOLOGIA":"Estratiforme","TEXTURAS":"Granular","TIPOS_ALTERACAO":null,"X":-55.87850255,"Y":-20.50266935,"DATUM":"WGS84","__atlas_sublayer":0}},{"type":"Feature","id":109060,"geometry":{"type":"Point","coordinates":[-54.94239167699999,-22.30239824199998]},"properties":{"OBJECTID":109060,"ID_AFLORAMENTO":202095,"ORIGEM":"Oracle","METODO_GEOPOSICIONAMENTO":"Levantamento em carta 1:100.000","TOPONIMIA":"Fazenda Santa Cruz","MUNICIPIO":"Dourados","UF":"MS","GEOLOGO":"A Definir","DATA_CADASTRO":1103500800000,"TIPO_AFLORAMENTO":null,"DESCRICAO":null,"NUMERO_CAMPO":null,"ROCHAS":null,"SUREG":"OUTROS","PROJETO":null,"CODIGO_FOLHA":null,"FOLHA":null,"ID_OCORRENCIA":49686,"PROVINCIA":"Tocantins","STATUS_ECONOMICO":"Não explotado","IMPORTANCIA":"Depósito","LOCALIZACAO_MINA":"Mina subterrânea (GPS sem sinal)","SITUACAO_MINA":null,"MOTIVO_INATIVIDADE_MINA":null,"SITUACAO_GARIMPO":null,"MOTIVO_INATIVIDADE_GARIMPO":null,"SUBSTANCIAS":"Turfa","ROCHAS_HOSPEDEIRAS":"Argila","ROCHAS_ENCAIXANTES":"Basalto","CLASSES_UTILITARIAS":"Insumos para agricultura","MORFOLOGIA":"Terrosa","TEXTURAS":"Granular","TIPOS_ALTERACAO":null,"X":-54.94239168,"Y":-22.30239824,"DATUM":"WGS84","__atlas_sublayer":0}},{"type":"Feature","id":95359,"geometry":{"type":"Point","coordinates":[-54.75821634599998,-19.717670194999982]},"properties":{"OBJECTID":95359,"ID_AFLORAMENTO":184137,"ORIGEM":"Oracle","METODO_GEOPOSICIONAMENTO":"Levantamento em mapa 1:1.000.000","TOPONIMIA":"Baianópolis/Ribeirão Fala Verdade","MUNICIPIO":"Corguinho","UF":"MS","GEOLOGO":"A Definir","DATA_CADASTRO":1066435200000,"TIPO_AFLORAMENTO":null,"DESCRICAO":null,"NUMERO_CAMPO":null,"ROCHAS":null,"SUREG":"OUTROS","PROJETO":null,"CODIGO_FOLHA":null,"FOLHA":null,"ID_OCORRENCIA":39280,"PROVINCIA":"Paraná","STATUS_ECONOMICO":"Indeterminado","IMPORTANCIA":"Indeterminado","LOCALIZACAO_MINA":"Mina subterrânea (GPS sem sinal)","SITUACAO_MINA":null,"MOTIVO_INATIVIDADE_MINA":null,"SITUACAO_GARIMPO":null,"MOTIVO_INATIVIDADE_GARIMPO":null,"SUBSTANCIAS":"Diamante","ROCHAS_HOSPEDEIRAS":null,"ROCHAS_ENCAIXANTES":null,"CLASSES_UTILITARIAS":"Gemas","MORFOLOGIA":"Maciça","TEXTURAS":"Granular","TIPOS_ALTERACAO":null,"X":-54.75821635,"Y":-19.7176702,"DATUM":"WGS84","__atlas_sublayer":0}},{"type":"Feature","id":107174,"geometry":{"type":"Point","coordinates":[-54.81233570500001,-18.904130666000015]},"properties":{"OBJECTID":107174,"ID_AFLORAMENTO":199967,"ORIGEM":"Oracle","METODO_GEOPOSICIONAMENTO":"GPS Manual pós 24/05/2000","TOPONIMIA":"Córrego Taquari Mirim","MUNICIPIO":"Rio Verde de Mato Grosso","UF":"MS","GEOLOGO":"A Definir","DATA_CADASTRO":1144195200000,"TIPO_AFLORAMENTO":null,"DESCRICAO":null,"NUMERO_CAMPO":null,"ROCHAS":null,"SUREG":"OUTROS","PROJETO":null,"CODIGO_FOLHA":null,"FOLHA":null,"ID_OCORRENCIA":50877,"PROVINCIA":"Paraná","STATUS_ECONOMICO":"Mina","IMPORTANCIA":"Depósito","LOCALIZACAO_MINA":"Mina subterrânea (GPS sem sinal)","SITUACAO_MINA":null,"MOTIVO_INATIVIDADE_MINA":null,"SITUACAO_GARIMPO":null,"MOTIVO_INATIVIDADE_GARIMPO":null,"SUBSTANCIAS":"Argila","ROCHAS_HOSPEDEIRAS":null,"ROCHAS_ENCAIXANTES":null,"CLASSES_UTILITARIAS":"Material de uso na construção civil","MORFOLOGIA":null,"TEXTURAS":null,"TIPOS_ALTERACAO":null,"X":-54.81233571,"Y":-18.90413067,"DATUM":"WGS84","__atlas_sublayer":0}},{"type":"Feature","id":96660,"geometry":{"type":"Point","coordinates":[-52.822366097999975,-17.371834466999985]},"properties":{"OBJECTID":96660,"ID_AFLORAMENTO":185854,"ORIGEM":"Oracle","METODO_GEOPOSICIONAMENTO":"Levantamento em carta 1:500.000","TOPONIMIA":"Fazenda Cachoeira do Salto","MUNICIPIO":"Portelândia","UF":"GO","GEOLOGO":"A Definir","DATA_CADASTRO":1064534400000,"TIPO_AFLORAMENTO":null,"DESCRICAO":null,"NUMERO_CAMPO":null,"ROCHAS":null,"SUREG":"OUTROS","PROJETO":null,"CODIGO_FOLHA":null,"FOLHA":null,"ID_OCORRENCIA":39347,"PROVINCIA":"Paraná","STATUS_ECONOMICO":"Indeterminado","IMPORTANCIA":"Indeterminado","LOCALIZACAO_MINA":"Mina subterrânea (GPS sem sinal)","SITUACAO_MINA":null,"MOTIVO_INATIVIDADE_MINA":null,"SITUACAO_GARIMPO":null,"MOTIVO_INATIVIDADE_GARIMPO":null,"SUBSTANCIAS":"Fósforo","ROCHAS_HOSPEDEIRAS":"Folhelho","ROCHAS_ENCAIXANTES":null,"CLASSES_UTILITARIAS":"Insumos para agricultura","MORFOLOGIA":"Estratiforme","TEXTURAS":"Granular","TIPOS_ALTERACAO":null,"X":-52.822366099999996,"Y":-17.37183447,"DATUM":"WGS84","__atlas_sublayer":0}},{"type":"Feature","id":101242,"geometry":{"type":"Point","coordinates":[-52.669865173999995,-17.354612513999996]},"properties":{"OBJECTID":101242,"ID_AFLORAMENTO":191264,"ORIGEM":"Oracle","METODO_GEOPOSICIONAMENTO":"Levantamento em carta 1:500.000","TOPONIMIA":"Córrego Porteira A Leste de Portelândia","MUNICIPIO":"Portelândia","UF":"GO","GEOLOGO":"A Definir","DATA_CADASTRO":1064275200000,"TIPO_AFLORAMENTO":null,"DESCRICAO":null,"NUMERO_CAMPO":null,"ROCHAS":null,"SUREG":"OUTROS","PROJETO":null,"CODIGO_FOLHA":null,"FOLHA":null,"ID_OCORRENCIA":34154,"PROVINCIA":"Paraná","STATUS_ECONOMICO":"Indeterminado","IMPORTANCIA":"Indeterminado","LOCALIZACAO_MINA":"Mina subterrânea (GPS sem sinal)","SITUACAO_MINA":null,"MOTIVO_INATIVIDADE_MINA":null,"SITUACAO_GARIMPO":null,"MOTIVO_INATIVIDADE_GARIMPO":null,"SUBSTANCIAS":"Turfa","ROCHAS_HOSPEDEIRAS":null,"ROCHAS_ENCAIXANTES":null,"CLASSES_UTILITARIAS":"Recursos minerais energéticos","MORFOLOGIA":null,"TEXTURAS":null,"TIPOS_ALTERACAO":null,"X":-52.66986517,"Y":-17.35461251,"DATUM":"WGS84","__atlas_sublayer":0}},{"type":"Feature","id":96661,"geometry":{"type":"Point","coordinates":[-52.66708772200002,-17.500446313999987]},"properties":{"OBJECTID":96661,"ID_AFLORAMENTO":185855,"ORIGEM":"Oracle","METODO_GEOPOSICIONAMENTO":"Levantamento em carta 1:500.000","TOPONIMIA":"Norte da Cidade de Mineiros","MUNICIPIO":"Mineiros","UF":"GO","GEOLOGO":"A Definir","DATA_CADASTRO":1062720000000,"TIPO_AFLORAMENTO":null,"DESCRICAO":null,"NUMERO_CAMPO":null,"ROCHAS":null,"SUREG":"OUTROS","PROJETO":null,"CODIGO_FOLHA":null,"FOLHA":null,"ID_OCORRENCIA":39349,"PROVINCIA":"Paraná","STATUS_ECONOMICO":"Indeterminado","IMPORTANCIA":"Indeterminado","LOCALIZACAO_MINA":"Mina subterrânea (GPS sem sinal)","SITUACAO_MINA":null,"MOTIVO_INATIVIDADE_MINA":null,"SITUACAO_GARIMPO":null,"MOTIVO_INATIVIDADE_GARIMPO":null,"SUBSTANCIAS":"Trona","ROCHAS_HOSPEDEIRAS":"Evaporito","ROCHAS_ENCAIXANTES":null,"CLASSES_UTILITARIAS":"Rochas e minerais industriais","MORFOLOGIA":"Irregular","TEXTURAS":"Granular","TIPOS_ALTERACAO":null,"X":-52.66708772,"Y":-17.50044631,"DATUM":"WGS84","__atlas_sublayer":0}},{"type":"Feature","id":101234,"geometry":{"type":"Point","coordinates":[-52.56708672100001,-17.316834829000015]},"properties":{"OBJECTID":101234,"ID_AFLORAMENTO":191250,"ORIGEM":"Oracle","METODO_GEOPOSICIONAMENTO":"Levantamento em carta 1:500.000","TOPONIMIA":"4 Km A Nordeste da Fazenda Indaiá","MUNICIPIO":"Mineiros","UF":"GO","GEOLOGO":"A Definir","DATA_CADASTRO":1064793600000,"TIPO_AFLORAMENTO":null,"DESCRICAO":null,"NUMERO_CAMPO":null,"ROCHAS":null,"SUREG":"OUTROS","PROJETO":null,"CODIGO_FOLHA":null,"FOLHA":null,"ID_OCORRENCIA":34135,"PROVINCIA":"Paraná","STATUS_ECONOMICO":"Indeterminado","IMPORTANCIA":"Indeterminado","LOCALIZACAO_MINA":"Mina subterrânea (GPS sem sinal)","SITUACAO_MINA":null,"MOTIVO_INATIVIDADE_MINA":null,"SITUACAO_GARIMPO":null,"MOTIVO_INATIVIDADE_GARIMPO":null,"SUBSTANCIAS":"Folhelho carbonoso","ROCHAS_HOSPEDEIRAS":null,"ROCHAS_ENCAIXANTES":null,"CLASSES_UTILITARIAS":"Rochas e minerais industriais","MORFOLOGIA":null,"TEXTURAS":null,"TIPOS_ALTERACAO":null,"X":-52.56708672,"Y":-17.31683483,"DATUM":"WGS84","__atlas_sublayer":0}},{"type":"Feature","id":101230,"geometry":{"type":"Point","coordinates":[-51.561525061,-17.234336645999974]},"properties":{"OBJECTID":101230,"ID_AFLORAMENTO":191245,"ORIGEM":"Oracle","METODO_GEOPOSICIONAMENTO":"Levantamento em carta 1:500.000","TOPONIMIA":"Fazenda Bom Jardim","MUNICIPIO":"Caiapônia","UF":"GO","GEOLOGO":"A Definir","DATA_CADASTRO":1064793600000,"TIPO_AFLORAMENTO":null,"DESCRICAO":null,"NUMERO_CAMPO":null,"ROCHAS":null,"SUREG":"OUTROS","PROJETO":null,"CODIGO_FOLHA":null,"FOLHA":null,"ID_OCORRENCIA":34126,"PROVINCIA":"Paraná","STATUS_ECONOMICO":"Indeterminado","IMPORTANCIA":"Indeterminado","LOCALIZACAO_MINA":"Mina subterrânea (GPS sem sinal)","SITUACAO_MINA":null,"MOTIVO_INATIVIDADE_MINA":null,"SITUACAO_GARIMPO":null,"MOTIVO_INATIVIDADE_GARIMPO":null,"SUBSTANCIAS":"Folhelho","ROCHAS_HOSPEDEIRAS":"Folhelho","ROCHAS_ENCAIXANTES":null,"CLASSES_UTILITARIAS":"Material de uso na construção civil","MORFOLOGIA":"Foliada","TEXTURAS":"Granular","TIPOS_ALTERACAO":null,"X":-51.56152506,"Y":-17.23433665,"DATUM":"WGS84","__atlas_sublayer":0}},{"type":"Feature","id":101239,"geometry":{"type":"Point","coordinates":[-51.392079834000015,-17.333781767999994]},"properties":{"OBJECTID":101239,"ID_AFLORAMENTO":191257,"ORIGEM":"Oracle","METODO_GEOPOSICIONAMENTO":"Levantamento em carta 1:500.000","TOPONIMIA":"Montividiu","MUNICIPIO":"Montividiu","UF":"GO","GEOLOGO":"A Definir","DATA_CADASTRO":1049760000000,"TIPO_AFLORAMENTO":null,"DESCRICAO":null,"NUMERO_CAMPO":null,"ROCHAS":null,"SUREG":"OUTROS","PROJETO":null,"CODIGO_FOLHA":null,"FOLHA":null,"ID_OCORRENCIA":34145,"PROVINCIA":"Paraná","STATUS_ECONOMICO":"Indeterminado","IMPORTANCIA":"Indeterminado","LOCALIZACAO_MINA":"Mina subterrânea (GPS sem sinal)","SITUACAO_MINA":null,"MOTIVO_INATIVIDADE_MINA":null,"SITUACAO_GARIMPO":null,"MOTIVO_INATIVIDADE_GARIMPO":null,"SUBSTANCIAS":"Calcário","ROCHAS_HOSPEDEIRAS":null,"ROCHAS_ENCAIXANTES":null,"CLASSES_UTILITARIAS":"Material de uso na construção civil","MORFOLOGIA":null,"TEXTURAS":null,"TIPOS_ALTERACAO":null,"X":-51.39207983,"Y":-17.33378177,"DATUM":"WGS84","__atlas_sublayer":0}},{"type":"Feature","id":101238,"geometry":{"type":"Point","coordinates":[-51.30874599600003,-17.333781939999994]},"properties":{"OBJECTID":101238,"ID_AFLORAMENTO":191256,"ORIGEM":"Oracle","METODO_GEOPOSICIONAMENTO":"Levantamento em carta 1:500.000","TOPONIMIA":"Montividiu","MUNICIPIO":"Montividiu","UF":"GO","GEOLOGO":"A Definir","DATA_CADASTRO":1049760000000,"TIPO_AFLORAMENTO":null,"DESCRICAO":null,"NUMERO_CAMPO":null,"ROCHAS":null,"SUREG":"OUTROS","PROJETO":null,"CODIGO_FOLHA":null,"FOLHA":null,"ID_OCORRENCIA":34144,"PROVINCIA":"Paraná","STATUS_ECONOMICO":"Indeterminado","IMPORTANCIA":"Indeterminado","LOCALIZACAO_MINA":"Mina subterrânea (GPS sem sinal)","SITUACAO_MINA":null,"MOTIVO_INATIVIDADE_MINA":null,"SITUACAO_GARIMPO":null,"MOTIVO_INATIVIDADE_GARIMPO":null,"SUBSTANCIAS":"Calcário","ROCHAS_HOSPEDEIRAS":null,"ROCHAS_ENCAIXANTES":null,"CLASSES_UTILITARIAS":"Material de uso na construção civil","MORFOLOGIA":null,"TEXTURAS":null,"TIPOS_ALTERACAO":null,"X":-51.308746,"Y":-17.33378194,"DATUM":"WGS84","__atlas_sublayer":0}},{"type":"Feature","id":106465,"geometry":{"type":"Point","coordinates":[-50.82403231699999,-21.80185235800002]},"properties":{"OBJECTID":106465,"ID_AFLORAMENTO":199118,"ORIGEM":"Oracle","METODO_GEOPOSICIONAMENTO":"Levantamento em carta 1:500.000","TOPONIMIA":"Escritório da Água Iporanga Ltda","MUNICIPIO":"Osvaldo Cruz","UF":"SP","GEOLOGO":"A Definir","DATA_CADASTRO":1051660800000,"TIPO_AFLORAMENTO":null,"DESCRICAO":null,"NUMERO_CAMPO":null,"ROCHAS":null,"SUREG":"OUTROS","PROJETO":null,"CODIGO_FOLHA":null,"FOLHA":null,"ID_OCORRENCIA":34931,"PROVINCIA":"Paraná","STATUS_ECONOMICO":"Mina","IMPORTANCIA":"Depósito","LOCALIZACAO_MINA":"Mina subterrânea (GPS sem sinal)","SITUACAO_MINA":"Ativo(a)","MOTIVO_INATIVIDADE_MINA":null,"SITUACAO_GARIMPO":"Ativo(a)","MOTIVO_INATIVIDADE_GARIMPO":null,"SUBSTANCIAS":"Água mineral","ROCHAS_HOSPEDEIRAS":null,"ROCHAS_ENCAIXANTES":null,"CLASSES_UTILITARIAS":"Água mineral ou potável de mesa","MORFOLOGIA":null,"TEXTURAS":null,"TIPOS_ALTERACAO":null,"X":-50.82403232,"Y":-21.80185236,"DATUM":"WGS84","__atlas_sublayer":0}}],"atlas_metadata":{"fonte":"Serviço Geológico do Brasil. Ocorrências minerais do GeoSGB","recorte":"Mato Grosso do Sul","sublayers":[0],"capturado_em":"2026-08-10T12:41:07.413Z","corte_publicado":"2026-08-10","materializacao":"snapshot local JOAJU MS","materializado_em":"2026-08-10T12:41:07.413Z"}}